month,city_id,city_label,crime_type,global_season_centered,city_season_centered,city_season_se
1,AL0010200,"Birmingham, AL",murder,-0.058804930073651264,-0.07830351655994143,0.05243172285950523
2,AL0010200,"Birmingham, AL",murder,-0.135445940382076,-0.15136318844905794,0.052342135723500424
3,AL0010200,"Birmingham, AL",murder,-0.13355723675023795,-0.11938039796507562,0.05250813659104458
4,AL0010200,"Birmingham, AL",murder,-0.04435065372038784,-0.04922769692332547,0.05245171313047426
5,AL0010200,"Birmingham, AL",murder,0.04930096736513672,0.011639840454627128,0.052508136591044585
6,AL0010200,"Birmingham, AL",murder,0.09738296415942169,0.09554979118453302,0.052342135723500424
7,AL0010200,"Birmingham, AL",murder,0.11118341410659602,0.16666713339721753,0.052431722859505224
8,AL0010200,"Birmingham, AL",murder,0.09275342812753531,0.12495571964478251,0.052342135723500424
9,AL0010200,"Birmingham, AL",murder,0.0384862404627525,0.004609312323524061,0.052508136591044585
10,AL0010200,"Birmingham, AL",murder,-0.00802783031255692,-0.03913591991395067,0.05245171313047426
11,AL0010200,"Birmingham, AL",murder,-0.006608455110596065,0.014767628349648268,0.05250813659104458
12,AL0010200,"Birmingham, AL",murder,-0.0023119678719362097,0.01922129445701863,0.052342135723500424
1,AL0011200,"Hoover, AL",murder,-0.058804930073651264,-0.040214810947365925,0.06455196697403745
2,AL0011200,"Hoover, AL",murder,-0.135445940382076,-0.11465550114106135,0.06456425260022777
3,AL0011200,"Hoover, AL",murder,-0.13355723675023795,-0.1342510711600901,0.06454597553922699
4,AL0011200,"Hoover, AL",murder,-0.04435065372038784,-0.0595186557034304,0.06454836811924178
5,AL0011200,"Hoover, AL",murder,0.04930096736513672,0.039797960072566,0.064545975539227
6,AL0011200,"Hoover, AL",murder,0.09738296415942169,0.09345777497373783,0.06456425260022777
7,AL0011200,"Hoover, AL",murder,0.11118341410659602,0.10404248389247492,0.06455196697403745
8,AL0011200,"Hoover, AL",murder,0.09275342812753531,0.08898256706151966,0.06456425260022777
9,AL0011200,"Hoover, AL",murder,0.0384862404627525,0.04475046413543942,0.064545975539227
10,AL0011200,"Hoover, AL",murder,-0.00802783031255692,-0.004309017241678598,0.06454836811924178
11,AL0011200,"Hoover, AL",murder,-0.006608455110596065,-0.01412502599302434,0.06454597553922699
12,AL0011200,"Hoover, AL",murder,-0.0023119678719362097,-0.003957167949087141,0.06456425260022776
1,AL0020100,"Mobile, AL",murder,-0.058804930073651264,0.017798228249141027,0.059133039870740534
2,AL0020100,"Mobile, AL",murder,-0.135445940382076,-0.05759710682268899,0.05901781551148195
3,AL0020100,"Mobile, AL",murder,-0.13355723675023795,-0.09875853637490085,0.05888596356947068
4,AL0020100,"Mobile, AL",murder,-0.04435065372038784,-0.03383689568029626,0.05868137115808987
5,AL0020100,"Mobile, AL",murder,0.04930096736513672,0.05053407839489418,0.058885963569470685
6,AL0020100,"Mobile, AL",murder,0.09738296415942169,0.06693541740893652,0.05901781551148195
7,AL0020100,"Mobile, AL",murder,0.11118341410659602,0.05102685972025287,0.05913303987074053
8,AL0020100,"Mobile, AL",murder,0.09275342812753531,0.04669119397343265,0.05901781551148195
9,AL0020100,"Mobile, AL",murder,0.0384862404627525,0.019027535556250637,0.058885963569470685
10,AL0020100,"Mobile, AL",murder,-0.00802783031255692,-0.034988192289097615,0.05868137115808987
11,AL0020100,"Mobile, AL",murder,-0.006608455110596065,-0.03962816554563784,0.05888596356947068
12,AL0020100,"Mobile, AL",murder,-0.0023119678719362097,0.012795583409713662,0.05901781551148195
1,AR0040100,"Bentonville, AR",murder,-0.058804930073651264,-0.0564765746218374,0.06474237614226411
2,AR0040100,"Bentonville, AR",murder,-0.135445940382076,-0.13614930506318032,0.06475246864260131
3,AR0040100,"Bentonville, AR",murder,-0.13355723675023795,-0.13319324240571986,0.06476112318652245
4,AR0040100,"Bentonville, AR",murder,-0.04435065372038784,-0.03821257402658128,0.06476359893746104
5,AR0040100,"Bentonville, AR",murder,0.04930096736513672,0.05842873661497988,0.06476112318652245
6,AR0040100,"Bentonville, AR",murder,0.09738296415942169,0.10358506420557886,0.06475246864260131
7,AR0040100,"Bentonville, AR",murder,0.11118341410659602,0.11250146663630493,0.0647423761422641
8,AR0040100,"Bentonville, AR",murder,0.09275342812753531,0.08953293152637254,0.06475246864260131
9,AR0040100,"Bentonville, AR",murder,0.0384862404627525,0.030551976854444506,0.06476112318652245
10,AR0040100,"Bentonville, AR",murder,-0.00802783031255692,-0.017812317987886274,0.06476359893746104
11,AR0040100,"Bentonville, AR",murder,-0.006608455110596065,-0.011812363078172116,0.06476112318652245
12,AR0040100,"Bentonville, AR",murder,-0.0023119678719362097,-9.437986543034869e-4,0.06475246864260131
1,AR0230100,"Conway, AR",murder,-0.058804930073651264,-0.05634252617024582,0.06440227694286253
2,AR0230100,"Conway, AR",murder,-0.135445940382076,-0.13765249536212276,0.06438435648795653
3,AR0230100,"Conway, AR",murder,-0.13355723675023795,-0.12820414029595092,0.06437711084743726
4,AR0230100,"Conway, AR",murder,-0.04435065372038784,-0.02689188043358068,0.06438931286715133
5,AR0230100,"Conway, AR",murder,0.04930096736513672,0.062347900981799646,0.06437711084743727
6,AR0230100,"Conway, AR",murder,0.09738296415942169,0.08955897651651586,0.06438435648795653
7,AR0230100,"Conway, AR",murder,0.11118341410659602,0.08964369228803551,0.06440227694286252
8,AR0230100,"Conway, AR",murder,0.09275342812753531,0.07643477606973041,0.06438435648795653
9,AR0230100,"Conway, AR",murder,0.0384862404627525,0.03368525488576887,0.06437711084743727
10,AR0230100,"Conway, AR",murder,-0.00802783031255692,-0.00640928568420902,0.06438931286715133
11,AR0230100,"Conway, AR",murder,-0.006608455110596065,-0.001130181689407321,0.06437711084743726
12,AR0230100,"Conway, AR",murder,-0.0023119678719362097,0.004959908893666221,0.06438435648795653
1,AR0600200,"Little Rock, AR",murder,-0.058804930073651264,-0.04394206983004679,0.05697520976866726
2,AR0600200,"Little Rock, AR",murder,-0.135445940382076,-0.14306154300057183,0.05719211539519855
3,AR0600200,"Little Rock, AR",murder,-0.13355723675023795,-0.12300273131998754,0.0571124435224246
4,AR0600200,"Little Rock, AR",murder,-0.04435065372038784,-0.022681971687474125,0.05722559148021606
5,AR0600200,"Little Rock, AR",murder,0.04930096736513672,0.04952809701231732,0.0571124435224246
6,AR0600200,"Little Rock, AR",murder,0.09738296415942169,0.08920805475796473,0.05719211539519855
7,AR0600200,"Little Rock, AR",murder,0.11118341410659602,0.12056070826583344,0.056975209768667254
8,AR0600200,"Little Rock, AR",murder,0.09275342812753531,0.09221156170496181,0.057192115395198556
9,AR0600200,"Little Rock, AR",murder,0.0384862404627525,-0.004465888411409153,0.05711244352242461
10,AR0600200,"Little Rock, AR",murder,-0.00802783031255692,-0.053936666748312545,0.05722559148021606
11,AR0600200,"Little Rock, AR",murder,-0.006608455110596065,0.001321884283292688,0.0571124435224246
12,AR0600200,"Little Rock, AR",murder,-0.0023119678719362097,0.03826056497343201,0.05719211539519855
1,AR0600300,"North Little Rock, AR",murder,-0.058804930073651264,-0.04579197014670508,0.062130743841448274
2,AR0600300,"North Little Rock, AR",murder,-0.135445940382076,-0.1344292378778519,0.062225724555349284
3,AR0600300,"North Little Rock, AR",murder,-0.13355723675023795,-0.12002959238228593,0.06219580814780016
4,AR0600300,"North Little Rock, AR",murder,-0.04435065372038784,-0.022809058230724856,0.06218731857332616
5,AR0600300,"North Little Rock, AR",murder,0.04930096736513672,0.05753651369132386,0.062195808147800166
6,AR0600300,"North Little Rock, AR",murder,0.09738296415942169,0.09310325530237348,0.062225724555349284
7,AR0600300,"North Little Rock, AR",murder,0.11118341410659602,0.10397669764654935,0.06213074384144826
8,AR0600300,"North Little Rock, AR",murder,0.09275342812753531,0.07232155922112245,0.062225724555349284
9,AR0600300,"North Little Rock, AR",murder,0.0384862404627525,-2.6281377428782855e-4,0.06219580814780017
10,AR0600300,"North Little Rock, AR",murder,-0.00802783031255692,-0.03537566926911943,0.06218731857332616
11,AR0600300,"North Little Rock, AR",murder,-0.006608455110596065,0.004571164965405587,0.06219580814780016
12,AR0600300,"North Little Rock, AR",murder,-0.0023119678719362097,0.027189150854200303,0.062225724555349284
1,AR0660100,"Fort Smith, AR",murder,-0.058804930073651264,-0.044003631289903325,0.06395769384656423
2,AR0660100,"Fort Smith, AR",murder,-0.135445940382076,-0.1319605653186893,0.06394817220980613
3,AR0660100,"Fort Smith, AR",murder,-0.13355723675023795,-0.13974570076232204,0.0639646894510018
4,AR0660100,"Fort Smith, AR",murder,-0.04435065372038784,-0.04523180181056078,0.0639548557838112
5,AR0660100,"Fort Smith, AR",murder,0.04930096736513672,0.052244862771930065,0.0639646894510018
6,AR0660100,"Fort Smith, AR",murder,0.09738296415942169,0.09323268366885237,0.06394817220980613
7,AR0660100,"Fort Smith, AR",murder,0.11118341410659602,0.10510434069974615,0.06395769384656422
8,AR0660100,"Fort Smith, AR",murder,0.09275342812753531,0.0956472368776513,0.06394817220980613
9,AR0660100,"Fort Smith, AR",murder,0.0384862404627525,0.04233166291144122,0.06396468945100181
10,AR0660100,"Fort Smith, AR",murder,-0.00802783031255692,-0.015868907599282053,0.0639548557838112
11,AR0660100,"Fort Smith, AR",murder,-0.006608455110596065,-0.015931534330892103,0.0639646894510018
12,AR0660100,"Fort Smith, AR",murder,-0.0023119678719362097,0.004181354182028465,0.06394817220980613
1,AR0720100,"Fayetteville, AR",murder,-0.058804930073651264,-0.055086755279672134,0.06431240201991709
2,AR0720100,"Fayetteville, AR",murder,-0.135445940382076,-0.1366230033240512,0.06429006540014941
3,AR0720100,"Fayetteville, AR",murder,-0.13355723675023795,-0.1377709386323351,0.06432719756227524
4,AR0720100,"Fayetteville, AR",murder,-0.04435065372038784,-0.03770532578084615,0.06427558397092499
5,AR0720100,"Fayetteville, AR",murder,0.04930096736513672,0.05824790554976654,0.06432719756227524
6,AR0720100,"Fayetteville, AR",murder,0.09738296415942169,0.09143716068461169,0.06429006540014941
7,AR0720100,"Fayetteville, AR",murder,0.11118341410659602,0.10191803882618952,0.06431240201991707
8,AR0720100,"Fayetteville, AR",murder,0.09275342812753531,0.1026817614993348,0.06429006540014941
9,AR0720100,"Fayetteville, AR",murder,0.0384862404627525,0.05699841326110133,0.06432719756227526
10,AR0720100,"Fayetteville, AR",murder,-0.00802783031255692,-0.009125957765671239,0.06427558397092499
11,AR0720100,"Fayetteville, AR",murder,-0.006608455110596065,-0.02430666372505018,0.06432719756227524
12,AR0720100,"Fayetteville, AR",murder,-0.0023119678719362097,-0.010664635313377892,0.06429006540014941
1,AZ0070100,"Avondale, AZ",murder,-0.058804930073651264,-0.04717906207400606,0.06404031618239546
2,AZ0070100,"Avondale, AZ",murder,-0.135445940382076,-0.11743345638379078,0.0640568658551402
3,AZ0070100,"Avondale, AZ",murder,-0.13355723675023795,-0.12552400970571612,0.06400387589356984
4,AZ0070100,"Avondale, AZ",murder,-0.04435065372038784,-0.04068941760146576,0.0640264464595262
5,AZ0070100,"Avondale, AZ",murder,0.04930096736513672,0.05906234140762653,0.06400387589356984
6,AZ0070100,"Avondale, AZ",murder,0.09738296415942169,0.09823277926462298,0.0640568658551402
7,AZ0070100,"Avondale, AZ",murder,0.11118341410659602,0.08689071535188027,0.06404031618239546
8,AZ0070100,"Avondale, AZ",murder,0.09275342812753531,0.062309857396206134,0.06405686585514021
9,AZ0070100,"Avondale, AZ",murder,0.0384862404627525,0.03068875744025725,0.06400387589356986
10,AZ0070100,"Avondale, AZ",murder,-0.00802783031255692,9.777643235915456e-4,0.0640264464595262
11,AZ0070100,"Avondale, AZ",murder,-0.006608455110596065,-0.003938742420041902,0.06400387589356984
12,AZ0070100,"Avondale, AZ",murder,-0.0023119678719362097,-0.0033975269991641083,0.0640568658551402
1,AZ0070300,"Buckeye, AZ",murder,-0.058804930073651264,-0.037338866278435884,0.06449113407192236
2,AZ0070300,"Buckeye, AZ",murder,-0.135445940382076,-0.13369178834727163,0.06445779386204382
3,AZ0070300,"Buckeye, AZ",murder,-0.13355723675023795,-0.14938204102549602,0.06453358346646669
4,AZ0070300,"Buckeye, AZ",murder,-0.04435065372038784,-0.04276570009617581,0.06444643112712145
5,AZ0070300,"Buckeye, AZ",murder,0.04930096736513672,0.07315022765760798,0.0645335834664667
6,AZ0070300,"Buckeye, AZ",murder,0.09738296415942169,0.10948795823852528,0.06445779386204382
7,AZ0070300,"Buckeye, AZ",murder,0.11118341410659602,0.09826945572551878,0.06449113407192235
8,AZ0070300,"Buckeye, AZ",murder,0.09275342812753531,0.07801676996784225,0.06445779386204381
9,AZ0070300,"Buckeye, AZ",murder,0.0384862404627525,0.03277643319898373,0.0645335834664667
10,AZ0070300,"Buckeye, AZ",murder,-0.00802783031255692,-0.018164889350907088,0.06444643112712145
11,AZ0070300,"Buckeye, AZ",murder,-0.006608455110596065,-0.017475209278178618,0.06453358346646669
12,AZ0070300,"Buckeye, AZ",murder,-0.0023119678719362097,0.007117649587986999,0.06445779386204381
1,AZ0070500,"Chandler, AZ",murder,-0.058804930073651264,-0.07060088436877202,0.06372087946897029
2,AZ0070500,"Chandler, AZ",murder,-0.135445940382076,-0.1391688467290738,0.06369993472822957
3,AZ0070500,"Chandler, AZ",murder,-0.13355723675023795,-0.10894953729838452,0.0637302831032885
4,AZ0070500,"Chandler, AZ",murder,-0.04435065372038784,-0.028270978250497267,0.06368734417229559
5,AZ0070500,"Chandler, AZ",murder,0.04930096736513672,0.029954650389141795,0.0637302831032885
6,AZ0070500,"Chandler, AZ",murder,0.09738296415942169,0.07610774149588427,0.06369993472822957
7,AZ0070500,"Chandler, AZ",murder,0.11118341410659602,0.11764706136287821,0.06372087946897027
8,AZ0070500,"Chandler, AZ",murder,0.09275342812753531,0.10024018379870546,0.06369993472822959
9,AZ0070500,"Chandler, AZ",murder,0.0384862404627525,0.022974697373909992,0.0637302831032885
10,AZ0070500,"Chandler, AZ",murder,-0.00802783031255692,-0.018775198743608952,0.06368734417229559
11,AZ0070500,"Chandler, AZ",murder,-0.006608455110596065,0.008974012541226501,0.0637302831032885
12,AZ0070500,"Chandler, AZ",murder,-0.0023119678719362097,0.009867098428590328,0.06369993472822957
1,AZ0071100,"Gilbert, AZ",murder,-0.058804930073651264,-0.05901121558935165,0.0640971044360085
2,AZ0071100,"Gilbert, AZ",murder,-0.135445940382076,-0.15140166402609925,0.06407548861350698
3,AZ0071100,"Gilbert, AZ",murder,-0.13355723675023795,-0.14249110480269214,0.06408538842220884
4,AZ0071100,"Gilbert, AZ",murder,-0.04435065372038784,-0.029419034472920522,0.06409561978940997
5,AZ0071100,"Gilbert, AZ",murder,0.04930096736513672,0.06507350468890938,0.06408538842220886
6,AZ0071100,"Gilbert, AZ",murder,0.09738296415942169,0.08826340407263054,0.06407548861350698
7,AZ0071100,"Gilbert, AZ",murder,0.11118341410659602,0.09210970485417538,0.06409710443600848
8,AZ0071100,"Gilbert, AZ",murder,0.09275342812753531,0.09087081499845837,0.06407548861350698
9,AZ0071100,"Gilbert, AZ",murder,0.0384862404627525,0.0488617665102275,0.06408538842220886
10,AZ0071100,"Gilbert, AZ",murder,-0.00802783031255692,-0.0036794547919032166,0.06409561978940997
11,AZ0071100,"Gilbert, AZ",murder,-0.006608455110596065,-0.004542655661268512,0.06408538842220884
12,AZ0071100,"Gilbert, AZ",murder,-0.0023119678719362097,0.0053659342198341085,0.06407548861350698
1,AZ0071500,"Goodyear, AZ",murder,-0.058804930073651264,-0.06172681910071456,0.06462727680053794
2,AZ0071500,"Goodyear, AZ",murder,-0.135445940382076,-0.14359666978261604,0.06457664084899142
3,AZ0071500,"Goodyear, AZ",murder,-0.13355723675023795,-0.13913734184427531,0.06463270894953686
4,AZ0071500,"Goodyear, AZ",murder,-0.04435065372038784,-0.026878313131523657,0.06461219671116235
5,AZ0071500,"Goodyear, AZ",murder,0.04930096736513672,0.08004100062882484,0.06463270894953686
6,AZ0071500,"Goodyear, AZ",murder,0.09738296415942169,0.10675704873226773,0.06457664084899142
7,AZ0071500,"Goodyear, AZ",murder,0.11118341410659602,0.09386015763838045,0.064627276800537925
8,AZ0071500,"Goodyear, AZ",murder,0.09275342812753531,0.07925902761457845,0.06457664084899142
9,AZ0071500,"Goodyear, AZ",murder,0.0384862404627525,0.04266636113857184,0.06463270894953686
10,AZ0071500,"Goodyear, AZ",murder,-0.00802783031255692,-0.005255025406142219,0.06461219671116235
11,AZ0071500,"Goodyear, AZ",murder,-0.006608455110596065,-0.015703358460787287,0.06463270894953686
12,AZ0071500,"Goodyear, AZ",murder,-0.0023119678719362097,-0.010286068026564253,0.06457664084899142
1,AZ0072300,"Phoenix, AZ",murder,-0.058804930073651264,-0.030275617580327704,0.04942500723006696
2,AZ0072300,"Phoenix, AZ",murder,-0.135445940382076,-0.1377084379476959,0.04941166625160135
3,AZ0072300,"Phoenix, AZ",murder,-0.13355723675023795,-0.13046651446842347,0.04934225800151249
4,AZ0072300,"Phoenix, AZ",murder,-0.04435065372038784,-0.016736696254912288,0.04929668390801042
5,AZ0072300,"Phoenix, AZ",murder,0.04930096736513672,0.055862049067990215,0.0493422580015125
6,AZ0072300,"Phoenix, AZ",murder,0.09738296415942169,0.04689212391691396,0.04941166625160135
7,AZ0072300,"Phoenix, AZ",murder,0.11118341410659602,0.04374194519992928,0.04942500723006695
8,AZ0072300,"Phoenix, AZ",murder,0.09275342812753531,0.06331140515839345,0.04941166625160135
9,AZ0072300,"Phoenix, AZ",murder,0.0384862404627525,0.042603154059519414,0.049342258001512505
10,AZ0072300,"Phoenix, AZ",murder,-0.00802783031255692,0.0032703686353107143,0.04929668390801042
11,AZ0072300,"Phoenix, AZ",murder,-0.006608455110596065,0.018534983721312234,0.04934225800151249
12,AZ0072300,"Phoenix, AZ",murder,-0.0023119678719362097,0.040971236491990096,0.04941166625160135
1,AZ0072500,"Scottsdale, AZ",murder,-0.058804930073651264,-0.04524592282139613,0.064117324186648
2,AZ0072500,"Scottsdale, AZ",murder,-0.135445940382076,-0.13876696737086977,0.06412832217410402
3,AZ0072500,"Scottsdale, AZ",murder,-0.13355723675023795,-0.1521115808446131,0.06419678379380041
4,AZ0072500,"Scottsdale, AZ",murder,-0.04435065372038784,-0.04216682099762016,0.06409937317378654
5,AZ0072500,"Scottsdale, AZ",murder,0.04930096736513672,0.07977815160587508,0.06419678379380041
6,AZ0072500,"Scottsdale, AZ",murder,0.09738296415942169,0.11830456868364689,0.06412832217410402
7,AZ0072500,"Scottsdale, AZ",murder,0.11118341410659602,0.1012232774882479,0.06411732418664799
8,AZ0072500,"Scottsdale, AZ",murder,0.09275342812753531,0.07536577370853098,0.06412832217410402
9,AZ0072500,"Scottsdale, AZ",murder,0.0384862404627525,0.03273303251542255,0.06419678379380042
10,AZ0072500,"Scottsdale, AZ",murder,-0.00802783031255692,-0.013810533669231604,0.06409937317378654
11,AZ0072500,"Scottsdale, AZ",murder,-0.006608455110596065,-0.016376957943536316,0.06419678379380041
12,AZ0072500,"Scottsdale, AZ",murder,-0.0023119678719362097,0.001073979645543672,0.06412832217410402
1,AZ0072900,"Tempe, AZ",murder,-0.058804930073651264,-0.039309173233343556,0.06315921429871504
2,AZ0072900,"Tempe, AZ",murder,-0.135445940382076,-0.10708149298506037,0.06317645433055857
3,AZ0072900,"Tempe, AZ",murder,-0.13355723675023795,-0.11670691998666707,0.06312386165326297
4,AZ0072900,"Tempe, AZ",murder,-0.04435065372038784,-0.04464348082222722,0.06310932646797827
5,AZ0072900,"Tempe, AZ",murder,0.04930096736513672,0.041741249425999785,0.06312386165326299
6,AZ0072900,"Tempe, AZ",murder,0.09738296415942169,0.08683694962690999,0.06317645433055857
7,AZ0072900,"Tempe, AZ",murder,0.11118341410659602,0.09480489845329038,0.06315921429871503
8,AZ0072900,"Tempe, AZ",murder,0.09275342812753531,0.0756608476425499,0.06317645433055857
9,AZ0072900,"Tempe, AZ",murder,0.0384862404627525,0.02979054942420979,0.06312386165326299
10,AZ0072900,"Tempe, AZ",murder,-0.00802783031255692,-0.01085224439771961,0.06310932646797827
11,AZ0072900,"Tempe, AZ",murder,-0.006608455110596065,-0.010320604083489353,0.06312386165326297
12,AZ0072900,"Tempe, AZ",murder,-0.0023119678719362097,7.942093554731812e-5,0.06317645433055857
1,AZ0100000,"Pima, AZ",murder,-0.058804930073651264,-0.046809686445163715,0.06205964025773819
2,AZ0100000,"Pima, AZ",murder,-0.135445940382076,-0.09858871195252181,0.06217559950342363
3,AZ0100000,"Pima, AZ",murder,-0.13355723675023795,-0.11648755919780882,0.062084123732870894
4,AZ0100000,"Pima, AZ",murder,-0.04435065372038784,-0.06168793980074044,0.062184632307350204
5,AZ0100000,"Pima, AZ",murder,0.04930096736513672,0.03722663982368915,0.0620841237328709
6,AZ0100000,"Pima, AZ",murder,0.09738296415942169,0.10948544263187872,0.06217559950342363
7,AZ0100000,"Pima, AZ",murder,0.11118341410659602,0.11457763433076931,0.06205964025773818
8,AZ0100000,"Pima, AZ",murder,0.09275342812753531,0.07060063109203872,0.06217559950342363
9,AZ0100000,"Pima, AZ",murder,0.0384862404627525,0.020731530451720107,0.06208412373287091
10,AZ0100000,"Pima, AZ",murder,-0.00802783031255692,-0.00608000808486517,0.062184632307350204
11,AZ0100000,"Pima, AZ",murder,-0.006608455110596065,-0.009238558963206075,0.062084123732870894
12,AZ0100000,"Pima, AZ",murder,-0.0023119678719362097,-0.013729413885789986,0.06217559950342363
1,AZ0100300,"Tucson, AZ",murder,-0.058804930073651264,-0.08705607734531279,0.05684117577770812
2,AZ0100300,"Tucson, AZ",murder,-0.135445940382076,-0.11172461397741978,0.05680690842007589
3,AZ0100300,"Tucson, AZ",murder,-0.13355723675023795,-0.08229398830185738,0.056913960284975466
4,AZ0100300,"Tucson, AZ",murder,-0.04435065372038784,-0.023314738892633333,0.056877409052888
5,AZ0100300,"Tucson, AZ",murder,0.04930096736513672,0.04387432092060093,0.05691396028497547
6,AZ0100300,"Tucson, AZ",murder,0.09738296415942169,0.09965897432408174,0.05680690842007589
7,AZ0100300,"Tucson, AZ",murder,0.11118341410659602,0.1085018524048248,0.056841175777708114
8,AZ0100300,"Tucson, AZ",murder,0.09275342812753531,0.061794777143301255,0.05680690842007589
9,AZ0100300,"Tucson, AZ",murder,0.0384862404627525,0.010918376408226816,0.05691396028497548
10,AZ0100300,"Tucson, AZ",murder,-0.00802783031255692,0.0018689638331213115,0.056877409052888
11,AZ0100300,"Tucson, AZ",murder,-0.006608455110596065,0.006055515913517582,0.056913960284975466
12,AZ0100300,"Tucson, AZ",murder,-0.0023119678719362097,-0.028283362430451132,0.05680690842007588
1,AZ0100900,"Marana, AZ",murder,-0.058804930073651264,-0.05673372405260407,0.06478679088150717
2,AZ0100900,"Marana, AZ",murder,-0.135445940382076,-0.12381037358465458,0.0647990888525869
3,AZ0100900,"Marana, AZ",murder,-0.13355723675023795,-0.1263287551199123,0.06479680627585445
4,AZ0100900,"Marana, AZ",murder,-0.04435065372038784,-0.04747239729643189,0.06480413539451746
5,AZ0100900,"Marana, AZ",murder,0.04930096736513672,0.046249927899153734,0.06479680627585446
6,AZ0100900,"Marana, AZ",murder,0.09738296415942169,0.1016143819568659,0.0647990888525869
7,AZ0100900,"Marana, AZ",murder,0.11118341410659602,0.11563622347837614,0.06478679088150716
8,AZ0100900,"Marana, AZ",murder,0.09275342812753531,0.09110951737642245,0.0647990888525869
9,AZ0100900,"Marana, AZ",murder,0.0384862404627525,0.03472539948590808,0.06479680627585446
10,AZ0100900,"Marana, AZ",murder,-0.00802783031255692,-0.011430102129340184,0.06480413539451746
11,AZ0100900,"Marana, AZ",murder,-0.006608455110596065,-0.013549071690921632,0.06479680627585445
12,AZ0100900,"Marana, AZ",murder,-0.0023119678719362097,-0.010011026322861655,0.06479908885258688
1,AZ0110000,"Pinal, AZ",murder,-0.058804930073651264,-0.04603982038324533,0.06416338737395341
2,AZ0110000,"Pinal, AZ",murder,-0.135445940382076,-0.09230061823000564,0.06434035085593683
3,AZ0110000,"Pinal, AZ",murder,-0.13355723675023795,-0.10802619249327171,0.06420703737504871
4,AZ0110000,"Pinal, AZ",murder,-0.04435065372038784,-0.054984206609882715,0.06417954308142498
5,AZ0110000,"Pinal, AZ",murder,0.04930096736513672,0.028977258643283096,0.06420703737504871
6,AZ0110000,"Pinal, AZ",murder,0.09738296415942169,0.08237312500878727,0.06434035085593683
7,AZ0110000,"Pinal, AZ",murder,0.11118341410659602,0.0925416836292502,0.06416338737395341
8,AZ0110000,"Pinal, AZ",murder,0.09275342812753531,0.0787250856103017,0.06434035085593683
9,AZ0110000,"Pinal, AZ",murder,0.0384862404627525,0.04794879662756291,0.06420703737504871
10,AZ0110000,"Pinal, AZ",murder,-0.00802783031255692,0.008482343363877863,0.06417954308142498
11,AZ0110000,"Pinal, AZ",murder,-0.006608455110596065,-0.015401726023579174,0.06420703737504871
12,AZ0110000,"Pinal, AZ",murder,-0.0023119678719362097,-0.02229572914307846,0.06434035085593683
1,AZ0110100,"Casa Grande, AZ",murder,-0.058804930073651264,-0.07980200332304019,0.06442448694671357
2,AZ0110100,"Casa Grande, AZ",murder,-0.135445940382076,-0.1404504919975985,0.0643876009027129
3,AZ0110100,"Casa Grande, AZ",murder,-0.13355723675023795,-0.12325413597730898,0.06439259918084107
4,AZ0110100,"Casa Grande, AZ",murder,-0.04435065372038784,-0.0372905131363388,0.06443594823334126
5,AZ0110100,"Casa Grande, AZ",murder,0.04930096736513672,0.0430668622834318,0.06439259918084109
6,AZ0110100,"Casa Grande, AZ",murder,0.09738296415942169,0.08482190525436055,0.0643876009027129
7,AZ0110100,"Casa Grande, AZ",murder,0.11118341410659602,0.10351297816953503,0.06442448694671356
8,AZ0110100,"Casa Grande, AZ",murder,0.09275342812753531,0.09691739517138248,0.0643876009027129
9,AZ0110100,"Casa Grande, AZ",murder,0.0384862404627525,0.05601006430459811,0.06439259918084109
10,AZ0110100,"Casa Grande, AZ",murder,-0.00802783031255692,0.01357953828984395,0.06443594823334126
11,AZ0110100,"Casa Grande, AZ",murder,-0.006608455110596065,4.662345427841738e-4,0.06439259918084107
12,AZ0110100,"Casa Grande, AZ",murder,-0.0023119678719362097,-0.017577833581649646,0.0643876009027129
1,AZ0111700,"Maricopa, AZ",murder,-0.058804930073651264,-0.054462856965220595,0.06480011668401832
2,AZ0111700,"Maricopa, AZ",murder,-0.135445940382076,-0.14338020728206752,0.06481860108928028
3,AZ0111700,"Maricopa, AZ",murder,-0.13355723675023795,-0.14097506282126737,0.06481169566420408
4,AZ0111700,"Maricopa, AZ",murder,-0.04435065372038784,-0.0453272882186833,0.06482604011532625
5,AZ0111700,"Maricopa, AZ",murder,0.04930096736513672,0.046179178816948996,0.06481169566420408
6,AZ0111700,"Maricopa, AZ",murder,0.09738296415942169,0.08988093280934799,0.06481860108928028
7,AZ0111700,"Maricopa, AZ",murder,0.11118341410659602,0.10920615162899636,0.0648001166840183
8,AZ0111700,"Maricopa, AZ",murder,0.09275342812753531,0.09808354349767448,0.06481860108928028
9,AZ0111700,"Maricopa, AZ",murder,0.0384862404627525,0.04093510437309856,0.06481169566420408
10,AZ0111700,"Maricopa, AZ",murder,-0.00802783031255692,-0.009416006445092459,0.06482604011532625
11,AZ0111700,"Maricopa, AZ",murder,-0.006608455110596065,-8.825150325559825e-4,0.06481169566420408
12,AZ0111700,"Maricopa, AZ",murder,-0.0023119678719362097,0.010159025638820842,0.06481860108928027
1,AZ0130000,"Yavapai, AZ",murder,-0.058804930073651264,-0.054651052087666685,0.06452668104532307
2,AZ0130000,"Yavapai, AZ",murder,-0.135445940382076,-0.13577551737328872,0.06454092927682818
3,AZ0130000,"Yavapai, AZ",murder,-0.13355723675023795,-0.13771946425012452,0.06453962114469614
4,AZ0130000,"Yavapai, AZ",murder,-0.04435065372038784,-0.05019882463706986,0.06453034846528233
5,AZ0130000,"Yavapai, AZ",murder,0.04930096736513672,0.046816854088536315,0.06453962114469615
6,AZ0130000,"Yavapai, AZ",murder,0.09738296415942169,0.09905322124780978,0.06454092927682818
7,AZ0130000,"Yavapai, AZ",murder,0.11118341410659602,0.11018816435010022,0.06452668104532305
8,AZ0130000,"Yavapai, AZ",murder,0.09275342812753531,0.0851891683537045,0.06454092927682818
9,AZ0130000,"Yavapai, AZ",murder,0.0384862404627525,0.031596002968106746,0.06453962114469615
10,AZ0130000,"Yavapai, AZ",murder,-0.00802783031255692,-0.005338287625363688,0.06453034846528233
11,AZ0130000,"Yavapai, AZ",murder,-0.006608455110596065,0.0037694949310478855,0.06453962114469614
12,AZ0130000,"Yavapai, AZ",murder,-0.0023119678719362097,0.00707024003420803,0.06454092927682818
1,AZ0131100,"Prescott Valley, AZ",murder,-0.058804930073651264,-0.04694722670287798,0.06478760298108766
2,AZ0131100,"Prescott Valley, AZ",murder,-0.135445940382076,-0.1357905825240852,0.06478439098243942
3,AZ0131100,"Prescott Valley, AZ",murder,-0.13355723675023795,-0.1441572847332044,0.06480503378311257
4,AZ0131100,"Prescott Valley, AZ",murder,-0.04435065372038784,-0.05277760792777435,0.06479989483146754
5,AZ0131100,"Prescott Valley, AZ",murder,0.04930096736513672,0.0437041059747439,0.06480503378311259
6,AZ0131100,"Prescott Valley, AZ",murder,0.09738296415942169,0.08736897374531644,0.06478439098243942
7,AZ0131100,"Prescott Valley, AZ",murder,0.11118341410659602,0.10162426428063309,0.06478760298108764
8,AZ0131100,"Prescott Valley, AZ",murder,0.09275342812753531,0.09470378514123376,0.06478439098243942
9,AZ0131100,"Prescott Valley, AZ",murder,0.0384862404627525,0.048393449772597824,0.06480503378311259
10,AZ0131100,"Prescott Valley, AZ",murder,-0.00802783031255692,-0.0018994296499807778,0.06479989483146754
11,AZ0131100,"Prescott Valley, AZ",murder,-0.006608455110596065,-0.0026173085918924695,0.06480503378311257
12,AZ0131100,"Prescott Valley, AZ",murder,-0.0023119678719362097,0.008394861215290173,0.0647843909824394
1,AZ0140500,"Yuma, AZ",murder,-0.058804930073651264,-0.08005106432334184,0.06348563825614582
2,AZ0140500,"Yuma, AZ",murder,-0.135445940382076,-0.1660958685460267,0.06350619316280377
3,AZ0140500,"Yuma, AZ",murder,-0.13355723675023795,-0.1430757242199573,0.06346744705464041
4,AZ0140500,"Yuma, AZ",murder,-0.04435065372038784,-0.021825135907402905,0.06346965036434579
5,AZ0140500,"Yuma, AZ",murder,0.04930096736513672,0.07912080536181142,0.06346744705464043
6,AZ0140500,"Yuma, AZ",murder,0.09738296415942169,0.1087872613785327,0.06350619316280377
7,AZ0140500,"Yuma, AZ",murder,0.11118341410659602,0.10686420289919202,0.06348563825614581
8,AZ0140500,"Yuma, AZ",murder,0.09275342812753531,0.08797907678324055,0.06350619316280377
9,AZ0140500,"Yuma, AZ",murder,0.0384862404627525,0.03814579388132095,0.06346744705464043
10,AZ0140500,"Yuma, AZ",murder,-0.00802783031255692,-0.004988002668447276,0.06346965036434579
11,AZ0140500,"Yuma, AZ",murder,-0.006608455110596065,-0.0010040135990253103,0.06346744705464041
12,AZ0140500,"Yuma, AZ",murder,-0.0023119678719362097,-0.0038573310398963296,0.06350619316280377
1,CA0010000,"Alameda, CA",murder,-0.058804930073651264,-0.06501399798904428,0.06386671955810878
2,CA0010000,"Alameda, CA",murder,-0.135445940382076,-0.11373021627921134,0.06392845931288901
3,CA0010000,"Alameda, CA",murder,-0.13355723675023795,-0.10830971349039524,0.06391030678383948
4,CA0010000,"Alameda, CA",murder,-0.04435065372038784,-0.038490463903531114,0.06391160079632571
5,CA0010000,"Alameda, CA",murder,0.04930096736513672,0.042781541760373965,0.06391030678383948
6,CA0010000,"Alameda, CA",murder,0.09738296415942169,0.09113595509102142,0.06392845931288901
7,CA0010000,"Alameda, CA",murder,0.11118341410659602,0.10305216043430108,0.06386671955810878
8,CA0010000,"Alameda, CA",murder,0.09275342812753531,0.08400786654879235,0.06392845931288901
9,CA0010000,"Alameda, CA",murder,0.0384862404627525,0.04054920131471942,0.0639103067838395
10,CA0010000,"Alameda, CA",murder,-0.00802783031255692,4.5230145827429525e-4,0.06391160079632571
11,CA0010000,"Alameda, CA",murder,-0.006608455110596065,-0.013059192029954985,0.06391030678383948
12,CA0010000,"Alameda, CA",murder,-0.0023119678719362097,-0.023375442915345556,0.06392845931288901
1,CA0010100,"Alameda, CA",murder,-0.058804930073651264,-0.0725632380610454,0.06491239428550398
2,CA0010100,"Alameda, CA",murder,-0.135445940382076,-0.1418203686307025,0.06481875615541996
3,CA0010100,"Alameda, CA",murder,-0.13355723675023795,-0.1310008459624509,0.06486365193990558
4,CA0010100,"Alameda, CA",murder,-0.04435065372038784,-0.051743914835895216,0.06481329134436568
5,CA0010100,"Alameda, CA",murder,0.04930096736513672,0.03793280947830826,0.06486365193990559
6,CA0010100,"Alameda, CA",murder,0.09738296415942169,0.1097344233814996,0.06481875615541996
7,CA0010100,"Alameda, CA",murder,0.11118341410659602,0.14257147400662099,0.06491239428550398
8,CA0010100,"Alameda, CA",murder,0.09275342812753531,0.10628660506543668,0.06481875615541996
9,CA0010100,"Alameda, CA",murder,0.0384862404627525,0.025458846451609465,0.06486365193990559
10,CA0010100,"Alameda, CA",murder,-0.00802783031255692,-0.018264321109680393,0.06481329134436568
11,CA0010100,"Alameda, CA",murder,-0.006608455110596065,-0.002399045913042462,0.06486365193990558
12,CA0010100,"Alameda, CA",murder,-0.0023119678719362097,-0.004192423870658097,0.06481875615541996
1,CA0010300,"Berkeley, CA",murder,-0.058804930073651264,-0.06078704295633661,0.064483194943617
2,CA0010300,"Berkeley, CA",murder,-0.135445940382076,-0.13981696760464365,0.06452455705979178
3,CA0010300,"Berkeley, CA",murder,-0.13355723675023795,-0.1318544703103913,0.0645091914981509
4,CA0010300,"Berkeley, CA",murder,-0.04435065372038784,-0.037151753190346894,0.06450238192943025
5,CA0010300,"Berkeley, CA",murder,0.04930096736513672,0.04618908799006854,0.0645091914981509
6,CA0010300,"Berkeley, CA",murder,0.09738296415942169,0.08302086243029462,0.06452455705979178
7,CA0010300,"Berkeley, CA",murder,0.11118341410659602,0.10798918492499551,0.06448319494361698
8,CA0010300,"Berkeley, CA",murder,0.09275342812753531,0.10994271026152533,0.06452455705979178
9,CA0010300,"Berkeley, CA",murder,0.0384862404627525,0.054778070998614065,0.0645091914981509
10,CA0010300,"Berkeley, CA",murder,-0.00802783031255692,-0.010050388778312021,0.06450238192943025
11,CA0010300,"Berkeley, CA",murder,-0.006608455110596065,-0.016314830646950235,0.0645091914981509
12,CA0010300,"Berkeley, CA",murder,-0.0023119678719362097,-0.005944463118517343,0.06452455705979178
1,CA0010600,"Hayward, CA",murder,-0.058804930073651264,-0.057373342269952526,0.06344812173217008
2,CA0010600,"Hayward, CA",murder,-0.135445940382076,-0.12272981852495206,0.06352414233224818
3,CA0010600,"Hayward, CA",murder,-0.13355723675023795,-0.12472514081534004,0.06354466701539878
4,CA0010600,"Hayward, CA",murder,-0.04435065372038784,-0.05633921640977831,0.06349138103875708
5,CA0010600,"Hayward, CA",murder,0.04930096736513672,0.023218086859122272,0.06354466701539878
6,CA0010600,"Hayward, CA",murder,0.09738296415942169,0.08012298416347548,0.06352414233224818
7,CA0010600,"Hayward, CA",murder,0.11118341410659602,0.11346263931191956,0.06344812173217007
8,CA0010600,"Hayward, CA",murder,0.09275342812753531,0.10628008069871214,0.06352414233224818
9,CA0010600,"Hayward, CA",murder,0.0384862404627525,0.05218610594713308,0.06354466701539879
10,CA0010600,"Hayward, CA",murder,-0.00802783031255692,2.499193678112597e-4,0.06349138103875708
11,CA0010600,"Hayward, CA",murder,-0.006608455110596065,-0.006768349032882379,0.06354466701539878
12,CA0010600,"Hayward, CA",murder,-0.0023119678719362097,-0.007583949295268468,0.06352414233224818
1,CA0011100,"Pleasanton, CA",murder,-0.058804930073651264,-0.06093788532661154,0.064808479421214
2,CA0011100,"Pleasanton, CA",murder,-0.135445940382076,-0.13221197640260143,0.06481887334777267
3,CA0011100,"Pleasanton, CA",murder,-0.13355723675023795,-0.12255522637977573,0.06482293482591019
4,CA0011100,"Pleasanton, CA",murder,-0.04435065372038784,-0.03124771755474759,0.06482730071828356
5,CA0011100,"Pleasanton, CA",murder,0.04930096736513672,0.05289608286356993,0.0648229348259102
6,CA0011100,"Pleasanton, CA",murder,0.09738296415942169,0.09001186464626036,0.06481887334777267
7,CA0011100,"Pleasanton, CA",murder,0.11118341410659602,0.10453493829335604,0.06480847942121398
8,CA0011100,"Pleasanton, CA",murder,0.09275342812753531,0.0939342758922787,0.06481887334777267
9,CA0011100,"Pleasanton, CA",murder,0.0384862404627525,0.04068047290270847,0.0648229348259102
10,CA0011100,"Pleasanton, CA",murder,-0.00802783031255692,-0.012349335411996919,0.06482730071828356
11,CA0011100,"Pleasanton, CA",murder,-0.006608455110596065,-0.014618382353247224,0.06482293482591019
12,CA0011100,"Pleasanton, CA",murder,-0.0023119678719362097,-0.008137111169193086,0.06481887334777267
1,CA0070100,"Antioch, CA",murder,-0.058804930073651264,-0.05006957032006914,0.06310294908195586
2,CA0070100,"Antioch, CA",murder,-0.135445940382076,-0.14727946242839168,0.06315542732246969
3,CA0070100,"Antioch, CA",murder,-0.13355723675023795,-0.1677947586623504,0.06327122779806538
4,CA0070100,"Antioch, CA",murder,-0.04435065372038784,-0.083391984280999365,0.06338338739952919
5,CA0070100,"Antioch, CA",murder,0.04930096736513672,0.027069957487315117,0.06327122779806539
6,CA0070100,"Antioch, CA",murder,0.09738296415942169,0.09851262141404223,0.06315542732246969
7,CA0070100,"Antioch, CA",murder,0.11118341410659602,0.12709071599017707,0.06310294908195586
8,CA0070100,"Antioch, CA",murder,0.09275342812753531,0.11243532504634024,0.06315542732246969
9,CA0070100,"Antioch, CA",murder,0.0384862404627525,0.05592947561019106,0.06327122779806539
10,CA0070100,"Antioch, CA",murder,-0.00802783031255692,0.0063708386108914244,0.06338338739952919
11,CA0070100,"Antioch, CA",murder,-0.006608455110596065,0.007774179894736276,0.06327122779806538
12,CA0070100,"Antioch, CA",murder,-0.0023119678719362097,0.013352661638117182,0.06315542732246969
1,CA0070200,"Brentwood, CA",murder,-0.058804930073651264,-0.053599711148475164,0.06487536750059189
2,CA0070200,"Brentwood, CA",murder,-0.135445940382076,-0.13422376222695312,0.06487096742579956
3,CA0070200,"Brentwood, CA",murder,-0.13355723675023795,-0.13783441392502277,0.06487123739801094
4,CA0070200,"Brentwood, CA",murder,-0.04435065372038784,-0.05041187720543169,0.06487909366340686
5,CA0070200,"Brentwood, CA",murder,0.04930096736513672,0.04461925362934209,0.06487123739801096
6,CA0070200,"Brentwood, CA",murder,0.09738296415942169,0.09675060487626691,0.06487096742579956
7,CA0070200,"Brentwood, CA",murder,0.11118341410659602,0.11686439624088969,0.06487536750059188
8,CA0070200,"Brentwood, CA",murder,0.09275342812753531,0.1014595306041232,0.06487096742579956
9,CA0070200,"Brentwood, CA",murder,0.0384862404627525,0.041805497209778324,0.06487123739801096
10,CA0070200,"Brentwood, CA",murder,-0.00802783031255692,-0.012852807886982839,0.06487909366340686
11,CA0070200,"Brentwood, CA",murder,-0.006608455110596065,-0.011855022006512204,0.06487123739801094
12,CA0070200,"Brentwood, CA",murder,-0.0023119678719362097,-7.216881610224336e-4,0.06487096742579956
1,CA0070400,"Concord, CA",murder,-0.058804930073651264,-0.052742595304801125,0.06436640384374459
2,CA0070400,"Concord, CA",murder,-0.135445940382076,-0.1317333765580437,0.06437940374729219
3,CA0070400,"Concord, CA",murder,-0.13355723675023795,-0.12428747351862657,0.06436900944348971
4,CA0070400,"Concord, CA",murder,-0.04435065372038784,-0.036349838309754405,0.06437949071579273
5,CA0070400,"Concord, CA",murder,0.04930096736513672,0.046303117512862195,0.06436900944348972
6,CA0070400,"Concord, CA",murder,0.09738296415942169,0.09056433724193678,0.06437940374729219
7,CA0070400,"Concord, CA",murder,0.11118341410659602,0.11067341279088701,0.06436640384374458
8,CA0070400,"Concord, CA",murder,0.09275342812753531,0.09099824668649932,0.06437940374729219
9,CA0070400,"Concord, CA",murder,0.0384862404627525,0.025621526160996284,0.06436900944348972
10,CA0070400,"Concord, CA",murder,-0.00802783031255692,-0.021580979176331498,0.06437949071579273
11,CA0070400,"Concord, CA",murder,-0.006608455110596065,-0.0055679876413178364,0.06436900944348971
12,CA0070400,"Concord, CA",murder,-0.0023119678719362097,0.008101610115693538,0.06437940374729219
1,CA0071000,"Richmond, CA",murder,-0.058804930073651264,-0.08482346948106251,0.06270225625952162
2,CA0071000,"Richmond, CA",murder,-0.135445940382076,-0.1622524201094575,0.06266262036313448
3,CA0071000,"Richmond, CA",murder,-0.13355723675023795,-0.1475687104734783,0.06253372169542522
4,CA0071000,"Richmond, CA",murder,-0.04435065372038784,-0.037829888766888566,0.06246907851757579
5,CA0071000,"Richmond, CA",murder,0.04930096736513672,0.06882883479437177,0.06253372169542523
6,CA0071000,"Richmond, CA",murder,0.09738296415942169,0.11971389278626843,0.06266262036313448
7,CA0071000,"Richmond, CA",murder,0.11118341410659602,0.1345007875385043,0.06270225625952161
8,CA0071000,"Richmond, CA",murder,0.09275342812753531,0.11515867072281119,0.06266262036313448
9,CA0071000,"Richmond, CA",murder,0.0384862404627525,0.05079764302939017,0.06253372169542523
10,CA0071000,"Richmond, CA",murder,-0.00802783031255692,-0.01184742929055323,0.06246907851757579
11,CA0071000,"Richmond, CA",murder,-0.006608455110596065,-0.02173508540772548,0.06253372169542522
12,CA0071000,"Richmond, CA",murder,-0.0023119678719362097,-0.022942825342180253,0.06266262036313448
1,CA0071200,"Walnut Creek, CA",murder,-0.058804930073651264,-0.06473221025105044,0.06479767604747226
2,CA0071200,"Walnut Creek, CA",murder,-0.135445940382076,-0.14068395094459027,0.06479026048012948
3,CA0071200,"Walnut Creek, CA",murder,-0.13355723675023795,-0.13520049260071365,0.06478910415307719
4,CA0071200,"Walnut Creek, CA",murder,-0.04435065372038784,-0.03923856846180318,0.06479131317378493
5,CA0071200,"Walnut Creek, CA",murder,0.04930096736513672,0.056510796455740184,0.0647891041530772
6,CA0071200,"Walnut Creek, CA",murder,0.09738296415942169,0.09880654379079534,0.06479026048012948
7,CA0071200,"Walnut Creek, CA",murder,0.11118341410659602,0.10828112109997319,0.06479767604747226
8,CA0071200,"Walnut Creek, CA",murder,0.09275342812753531,0.09404090872247653,0.0647902604801295
9,CA0071200,"Walnut Creek, CA",murder,0.0384862404627525,0.04500853952967714,0.0647891041530772
10,CA0071200,"Walnut Creek, CA",murder,-0.00802783031255692,-0.004310342387119566,0.06479131317378493
11,CA0071200,"Walnut Creek, CA",murder,-0.006608455110596065,-0.009867754233626473,0.06478910415307719
12,CA0071200,"Walnut Creek, CA",murder,-0.0023119678719362097,-0.008614590719758822,0.06479026048012948
1,CA0090000,"El Dorado, CA",murder,-0.058804930073651264,-0.06331239432110486,0.06434221806146738
2,CA0090000,"El Dorado, CA",murder,-0.135445940382076,-0.12415445871019987,0.06438663188333899
3,CA0090000,"El Dorado, CA",murder,-0.13355723675023795,-0.12680439333037571,0.06436032616286043
4,CA0090000,"El Dorado, CA",murder,-0.04435065372038784,-0.05008627350446199,0.06437581852810995
5,CA0090000,"El Dorado, CA",murder,0.04930096736513672,0.044712235239624955,0.06436032616286043
6,CA0090000,"El Dorado, CA",murder,0.09738296415942169,0.09934396551913721,0.06438663188333899
7,CA0090000,"El Dorado, CA",murder,0.11118341410659602,0.11031664139872673,0.06434221806146737
8,CA0090000,"El Dorado, CA",murder,0.09275342812753531,0.09033137824257426,0.06438663188333899
9,CA0090000,"El Dorado, CA",murder,0.0384862404627525,0.045977065785128196,0.06436032616286044
10,CA0090000,"El Dorado, CA",murder,-0.00802783031255692,0.003082026426840107,0.06437581852810995
11,CA0090000,"El Dorado, CA",murder,-0.006608455110596065,-0.010889154771999362,0.06436032616286043
12,CA0090000,"El Dorado, CA",murder,-0.0023119678719362097,-0.018516637973889683,0.06438663188333899
1,CA0100100,"Clovis, CA",murder,-0.058804930073651264,-0.051969981778937066,0.06466818235369595
2,CA0100100,"Clovis, CA",murder,-0.135445940382076,-0.14470540032249676,0.06465142428137548
3,CA0100100,"Clovis, CA",murder,-0.13355723675023795,-0.14131180455604417,0.06467388956590553
4,CA0100100,"Clovis, CA",murder,-0.04435065372038784,-0.030648561476428096,0.06465079958183499
5,CA0100100,"Clovis, CA",murder,0.04930096736513672,0.06729171816335838,0.06467388956590554
6,CA0100100,"Clovis, CA",murder,0.09738296415942169,0.09314887345006757,0.06465142428137548
7,CA0100100,"Clovis, CA",murder,0.11118341410659602,0.0939148862274974,0.06466818235369594
8,CA0100100,"Clovis, CA",murder,0.09275342812753531,0.08714874548034844,0.06465142428137549
9,CA0100100,"Clovis, CA",murder,0.0384862404627525,0.041810245265335506,0.06467388956590554
10,CA0100100,"Clovis, CA",murder,-0.00802783031255692,-0.011296342972132228,0.06465079958183499
11,CA0100100,"Clovis, CA",murder,-0.006608455110596065,-0.0097350633212101,0.06467388956590553
12,CA0100100,"Clovis, CA",murder,-0.0023119678719362097,0.006352685840641088,0.06465142428137548
1,CA0100500,"Fresno, CA",murder,-0.058804930073651264,-0.06907086868755212,0.057623139146694466
2,CA0100500,"Fresno, CA",murder,-0.135445940382076,-0.1514088548653359,0.05765747580975468
3,CA0100500,"Fresno, CA",murder,-0.13355723675023795,-0.12451052468262103,0.057618048268936205
4,CA0100500,"Fresno, CA",murder,-0.04435065372038784,-0.02380717339317901,0.057641557930675165
5,CA0100500,"Fresno, CA",murder,0.04930096736513672,0.04956640427852995,0.05761804826893621
6,CA0100500,"Fresno, CA",murder,0.09738296415942169,0.07530415703598445,0.05765747580975468
7,CA0100500,"Fresno, CA",murder,0.11118341410659602,0.08570353841427131,0.05762313914669446
8,CA0100500,"Fresno, CA",murder,0.09275342812753531,0.07253572333216458,0.05765747580975469
9,CA0100500,"Fresno, CA",murder,0.0384862404627525,0.029004723422730513,0.05761804826893621
10,CA0100500,"Fresno, CA",murder,-0.00802783031255692,0.007174503666459814,0.057641557930675165
11,CA0100500,"Fresno, CA",murder,-0.006608455110596065,0.029306727254641327,0.057618048268936205
12,CA0100500,"Fresno, CA",murder,-0.0023119678719362097,0.020201644223906103,0.05765747580975468
1,CA0150200,"Bakersfield, CA",murder,-0.058804930073651264,-0.036158451983040685,0.05894183228200992
2,CA0150200,"Bakersfield, CA",murder,-0.135445940382076,-0.12048775100182926,0.05956487243133059
3,CA0150200,"Bakersfield, CA",murder,-0.13355723675023795,-0.11355016854252989,0.05937788309371391
4,CA0150200,"Bakersfield, CA",murder,-0.04435065372038784,-0.02752940039853827,0.05926242731176406
5,CA0150200,"Bakersfield, CA",murder,0.04930096736513672,0.020842897348678047,0.05937788309371392
6,CA0150200,"Bakersfield, CA",murder,0.09738296415942169,0.045094688094085435,0.05956487243133059
7,CA0150200,"Bakersfield, CA",murder,0.11118341410659602,0.11845284991979434,0.058941832282009915
8,CA0150200,"Bakersfield, CA",murder,0.09275342812753531,0.16465000086000636,0.05956487243133059
9,CA0150200,"Bakersfield, CA",murder,0.0384862404627525,0.07541802046395335,0.05937788309371392
10,CA0150200,"Bakersfield, CA",murder,-0.00802783031255692,-0.054764997538215385,0.05926242731176406
11,CA0150200,"Bakersfield, CA",murder,-0.006608455110596065,-0.06500514720685517,0.05937788309371391
12,CA0150200,"Bakersfield, CA",murder,-0.0023119678719362097,-0.006962540015508873,0.05956487243133059
1,CA0190000,"Los Angeles, CA",murder,-0.058804930073651264,-0.04445764236289147,0.048082228008402964
2,CA0190000,"Los Angeles, CA",murder,-0.135445940382076,-0.09301478252545597,0.048163571189690835
3,CA0190000,"Los Angeles, CA",murder,-0.13355723675023795,-0.11319103193514296,0.048220884884554054
4,CA0190000,"Los Angeles, CA",murder,-0.04435065372038784,-0.07921507600550047,0.04817251892301261
5,CA0190000,"Los Angeles, CA",murder,0.04930096736513672,0.0036450730402511683,0.04822088488455406
6,CA0190000,"Los Angeles, CA",murder,0.09738296415942169,0.08595027604569636,0.048163571189690835
7,CA0190000,"Los Angeles, CA",murder,0.11118341410659602,0.11069487023935308,0.04808222800840296
8,CA0190000,"Los Angeles, CA",murder,0.09275342812753531,0.07424088264583564,0.04816357118969084
9,CA0190000,"Los Angeles, CA",murder,0.0384862404627525,0.028179904179061008,0.04822088488455407
10,CA0190000,"Los Angeles, CA",murder,-0.00802783031255692,0.012977848129038846,0.04817251892301261
11,CA0190000,"Los Angeles, CA",murder,-0.006608455110596065,0.015128826839369143,0.048220884884554054
12,CA0190000,"Los Angeles, CA",murder,-0.0023119678719362097,-9.3914828961436e-4,0.048163571189690835
1,CA0190100,"Alhambra, CA",murder,-0.058804930073651264,-0.040536668122896385,0.06456696639095182
2,CA0190100,"Alhambra, CA",murder,-0.135445940382076,-0.13347208250640097,0.06456272663907954
3,CA0190100,"Alhambra, CA",murder,-0.13355723675023795,-0.14781485401997166,0.06457278456944406
4,CA0190100,"Alhambra, CA",murder,-0.04435065372038784,-0.052674195228432266,0.06454589262423292
5,CA0190100,"Alhambra, CA",murder,0.04930096736513672,0.05562033800238181,0.06457278456944407
6,CA0190100,"Alhambra, CA",murder,0.09738296415942169,0.10250698847370779,0.06456272663907954
7,CA0190100,"Alhambra, CA",murder,0.11118341410659602,0.10439043671513025,0.06456696639095182
8,CA0190100,"Alhambra, CA",murder,0.09275342812753531,0.08293823733410469,0.06456272663907954
9,CA0190100,"Alhambra, CA",murder,0.0384862404627525,0.03342724025544151,0.06457278456944407
10,CA0190100,"Alhambra, CA",murder,-0.00802783031255692,-0.0111795733638016,0.06454589262423292
11,CA0190100,"Alhambra, CA",murder,-0.006608455110596065,-0.0050864928300855495,0.06457278456944406
12,CA0190100,"Alhambra, CA",murder,-0.0023119678719362097,0.011880625290822375,0.06456272663907954
1,CA0190200,"Arcadia, CA",murder,-0.058804930073651264,-0.06391515468871817,0.06487230651489169
2,CA0190200,"Arcadia, CA",murder,-0.135445940382076,-0.13843227363124344,0.06488691063259006
3,CA0190200,"Arcadia, CA",murder,-0.13355723675023795,-0.1294452029404849,0.06487816731944121
4,CA0190200,"Arcadia, CA",murder,-0.04435065372038784,-0.04010294122595127,0.06487597286152763
5,CA0190200,"Arcadia, CA",murder,0.04930096736513672,0.04513791013471481,0.06487816731944122
6,CA0190200,"Arcadia, CA",murder,0.09738296415942169,0.09167408194555024,0.06488691063259006
7,CA0190200,"Arcadia, CA",murder,0.11118341410659602,0.11598924641435483,0.06487230651489169
8,CA0190200,"Arcadia, CA",murder,0.09275342812753531,0.10427078631902988,0.06488691063259006
9,CA0190200,"Arcadia, CA",murder,0.0384862404627525,0.04320962390263465,0.06487816731944122
10,CA0190200,"Arcadia, CA",murder,-0.00802783031255692,-0.011971150499685414,0.06487597286152763
11,CA0190200,"Arcadia, CA",murder,-0.006608455110596065,-0.010976422822501275,0.06487816731944121
12,CA0190200,"Arcadia, CA",murder,-0.0023119678719362097,-0.005438502907699959,0.06488691063259006
1,CA0190600,"Baldwin Park, CA",murder,-0.058804930073651264,-0.05865717992253009,0.06419569886144992
2,CA0190600,"Baldwin Park, CA",murder,-0.135445940382076,-0.1470296115350455,0.06428844439078422
3,CA0190600,"Baldwin Park, CA",murder,-0.13355723675023795,-0.13812470414947403,0.06429302570733497
4,CA0190600,"Baldwin Park, CA",murder,-0.04435065372038784,-0.036049322723380066,0.06421205179605523
5,CA0190600,"Baldwin Park, CA",murder,0.04930096736513672,0.0631743107400412,0.06429302570733499
6,CA0190600,"Baldwin Park, CA",murder,0.09738296415942169,0.10844670255756317,0.06428844439078422
7,CA0190600,"Baldwin Park, CA",murder,0.11118341410659602,0.11093861943551127,0.06419569886144992
8,CA0190600,"Baldwin Park, CA",murder,0.09275342812753531,0.07535862047728453,0.06428844439078422
9,CA0190600,"Baldwin Park, CA",murder,0.0384862404627525,0.014172273578731845,0.06429302570733499
10,CA0190600,"Baldwin Park, CA",murder,-0.00802783031255692,-0.016232116789601125,0.06421205179605523
11,CA0190600,"Baldwin Park, CA",murder,-0.006608455110596065,0.008496680317719768,0.06429302570733497
12,CA0190600,"Baldwin Park, CA",murder,-0.0023119678719362097,0.015505728013179053,0.06428844439078422
1,CA0191200,"Burbank, CA",murder,-0.058804930073651264,-0.060564821366304075,0.06481664705572482
2,CA0191200,"Burbank, CA",murder,-0.135445940382076,-0.1369280871220335,0.06482381857348207
3,CA0191200,"Burbank, CA",murder,-0.13355723675023795,-0.1315997228432704,0.06481949600782362
4,CA0191200,"Burbank, CA",murder,-0.04435065372038784,-0.04098802632042744,0.06482113794598778
5,CA0191200,"Burbank, CA",murder,0.04930096736513672,0.04916428721196377,0.06481949600782363
6,CA0191200,"Burbank, CA",murder,0.09738296415942169,0.09616714697485582,0.06482381857348207
7,CA0191200,"Burbank, CA",murder,0.11118341410659602,0.11532979085260085,0.0648166470557248
8,CA0191200,"Burbank, CA",murder,0.09275342812753531,0.10000606499609367,0.06482381857348207
9,CA0191200,"Burbank, CA",murder,0.0384862404627525,0.03991273123103381,0.06481949600782363
10,CA0191200,"Burbank, CA",murder,-0.00802783031255692,-0.013776943165869337,0.06482113794598778
11,CA0191200,"Burbank, CA",murder,-0.006608455110596065,-0.012242265086023973,0.06481949600782362
12,CA0191200,"Burbank, CA",murder,-0.0023119678719362097,-0.004480155362619185,0.06482381857348207
1,CA0192200,"El Monte, CA",murder,-0.058804930073651264,-0.07353756105235242,0.0640701337264791
2,CA0192200,"El Monte, CA",murder,-0.135445940382076,-0.1501827950049993,0.06410801385925569
3,CA0192200,"El Monte, CA",murder,-0.13355723675023795,-0.12788354990072495,0.06411154647267416
4,CA0192200,"El Monte, CA",murder,-0.04435065372038784,-0.022743370149665553,0.06412083717958833
5,CA0192200,"El Monte, CA",murder,0.04930096736513672,0.0675245558633231,0.06411154647267417
6,CA0192200,"El Monte, CA",murder,0.09738296415942169,0.10858869485397829,0.06410801385925569
7,CA0192200,"El Monte, CA",murder,0.11118341410659602,0.12125010705492364,0.06407013372647909
8,CA0192200,"El Monte, CA",murder,0.09275342812753531,0.09479648878235385,0.06410801385925569
9,CA0192200,"El Monte, CA",murder,0.0384862404627525,0.024784697675508276,0.06411154647267417
10,CA0192200,"El Monte, CA",murder,-0.00802783031255692,-0.024969175852905687,0.06412083717958833
11,CA0192200,"El Monte, CA",murder,-0.006608455110596065,-0.012138249640677683,0.06411154647267416
12,CA0192200,"El Monte, CA",murder,-0.0023119678719362097,-0.005489842628761562,0.06410801385925567
1,CA0192400,"Gardena, CA",murder,-0.058804930073651264,-0.045375276235648646,0.06427948974051184
2,CA0192400,"Gardena, CA",murder,-0.135445940382076,-0.12376188716221717,0.06425253632550361
3,CA0192400,"Gardena, CA",murder,-0.13355723675023795,-0.1359024735184021,0.06425897873448501
4,CA0192400,"Gardena, CA",murder,-0.04435065372038784,-0.06270221950871734,0.06430496210016905
5,CA0192400,"Gardena, CA",murder,0.04930096736513672,0.029696941118919417,0.06425897873448502
6,CA0192400,"Gardena, CA",murder,0.09738296415942169,0.09425181481279277,0.06425253632550361
7,CA0192400,"Gardena, CA",murder,0.11118341410659602,0.12471093571093754,0.06427948974051183
8,CA0192400,"Gardena, CA",murder,0.09275342812753531,0.10615885325281336,0.06425253632550361
9,CA0192400,"Gardena, CA",murder,0.0384862404627525,0.03896378013370938,0.06425897873448502
10,CA0192400,"Gardena, CA",murder,-0.00802783031255692,-0.016633439966571566,0.06430496210016905
11,CA0192400,"Gardena, CA",murder,-0.006608455110596065,-0.012093907209515635,0.06425897873448501
12,CA0192400,"Gardena, CA",murder,-0.0023119678719362097,0.002686878571899974,0.06425253632550361
1,CA0194100,"Long Beach, CA",murder,-0.058804930073651264,-0.06617091105427879,0.05957891784550151
2,CA0194100,"Long Beach, CA",murder,-0.135445940382076,-0.1051033479137212,0.05980138678761179
3,CA0194100,"Long Beach, CA",murder,-0.13355723675023795,-0.12843273767699154,0.05962686736579088
4,CA0194100,"Long Beach, CA",murder,-0.04435065372038784,-0.08461843644210332,0.05984022834036996
5,CA0194100,"Long Beach, CA",murder,0.04930096736513672,0.032107876351851104,0.059626867365790884
6,CA0194100,"Long Beach, CA",murder,0.09738296415942169,0.1345036675156414,0.05980138678761179
7,CA0194100,"Long Beach, CA",murder,0.11118341410659602,0.13994448055435044,0.059578917845501504
8,CA0194100,"Long Beach, CA",murder,0.09275342812753531,0.07593526538383216,0.05980138678761179
9,CA0194100,"Long Beach, CA",murder,0.0384862404627525,0.02549108564703084,0.05962686736579089
10,CA0194100,"Long Beach, CA",murder,-0.00802783031255692,0.01084486694203167,0.05984022834036996
11,CA0194100,"Long Beach, CA",murder,-0.006608455110596065,-0.0029397938219620813,0.05962686736579088
12,CA0194100,"Long Beach, CA",murder,-0.0023119678719362097,-0.031562015485680675,0.05980138678761179
1,CA0194200,"Los Angeles, CA",murder,-0.058804930073651264,-0.03763441769323771,0.0447349746359469
2,CA0194200,"Los Angeles, CA",murder,-0.135445940382076,-0.11809337519155534,0.0448867485081549
3,CA0194200,"Los Angeles, CA",murder,-0.13355723675023795,-0.1429883896442552,0.0449201161078885
4,CA0194200,"Los Angeles, CA",murder,-0.04435065372038784,-0.06570200155114891,0.04491606390010831
5,CA0194200,"Los Angeles, CA",murder,0.04930096736513672,0.03846838852509127,0.04492011610788851
6,CA0194200,"Los Angeles, CA",murder,0.09738296415942169,0.09268721925678747,0.0448867485081549
7,CA0194200,"Los Angeles, CA",murder,0.11118341410659602,0.10381505176405775,0.044734974635946896
8,CA0194200,"Los Angeles, CA",murder,0.09275342812753531,0.09356958843610265,0.0448867485081549
9,CA0194200,"Los Angeles, CA",murder,0.0384862404627525,0.05228396881798247,0.044920116107888514
10,CA0194200,"Los Angeles, CA",murder,-0.00802783031255692,-4.786325196711343e-4,0.04491606390010831
11,CA0194200,"Los Angeles, CA",murder,-0.006608455110596065,-0.013944601769638599,0.0449201161078885
12,CA0194200,"Los Angeles, CA",murder,-0.0023119678719362097,-0.0019827984305147164,0.0448867485081549
1,CA0194800,"Monterey Park, CA",murder,-0.058804930073651264,-0.011973547351695191,0.06494771977204782
2,CA0194800,"Monterey Park, CA",murder,-0.135445940382076,-0.11475596546187915,0.06476704047191491
3,CA0194800,"Monterey Park, CA",murder,-0.13355723675023795,-0.15246675314660108,0.06481872983713224
4,CA0194800,"Monterey Park, CA",murder,-0.04435065372038784,-0.0622251755361338,0.06474735111161617
5,CA0194800,"Monterey Park, CA",murder,0.04930096736513672,0.05241253400490258,0.06481872983713224
6,CA0194800,"Monterey Park, CA",murder,0.09738296415942169,0.09546506934722533,0.06476704047191491
7,CA0194800,"Monterey Park, CA",murder,0.11118341410659602,0.0927268053838564,0.0649477197720478
8,CA0194800,"Monterey Park, CA",murder,0.09275342812753531,0.08063793828992166,0.06476704047191491
9,CA0194800,"Monterey Park, CA",murder,0.0384862404627525,0.03759546794248238,0.06481872983713226
10,CA0194800,"Monterey Park, CA",murder,-0.00802783031255692,-0.018528082496027398,0.06474735111161617
11,CA0194800,"Monterey Park, CA",murder,-0.006608455110596065,-0.01829450683294511,0.06481872983713224
12,CA0194800,"Monterey Park, CA",murder,-0.0023119678719362097,0.019406215856893352,0.06476704047191491
1,CA0195300,"Pasadena, CA",murder,-0.058804930073651264,-0.05450130911891836,0.06400354120472031
2,CA0195300,"Pasadena, CA",murder,-0.135445940382076,-0.13546477933654322,0.06404783502628192
3,CA0195300,"Pasadena, CA",murder,-0.13355723675023795,-0.13420124918026216,0.06407801250669788
4,CA0195300,"Pasadena, CA",murder,-0.04435065372038784,-0.05674082726788989,0.06409278193838377
5,CA0195300,"Pasadena, CA",murder,0.04930096736513672,0.021795708482583453,0.0640780125066979
6,CA0195300,"Pasadena, CA",murder,0.09738296415942169,0.07613103136381436,0.06404783502628192
7,CA0195300,"Pasadena, CA",murder,0.11118341410659602,0.11426957876887327,0.0640035412047203
8,CA0195300,"Pasadena, CA",murder,0.09275342812753531,0.10834897806462307,0.06404783502628192
9,CA0195300,"Pasadena, CA",murder,0.0384862404627525,0.04731717825838708,0.0640780125066979
10,CA0195300,"Pasadena, CA",murder,-0.00802783031255692,-0.0030274423820650324,0.06409278193838377
11,CA0195300,"Pasadena, CA",murder,-0.006608455110596065,0.005320092789336665,0.06407801250669788
12,CA0195300,"Pasadena, CA",murder,-0.0023119678719362097,0.010753039558060761,0.06404783502628192
1,CA0195500,"Pomona, CA",murder,-0.058804930073651264,-0.06602236335593947,0.06235363697389344
2,CA0195500,"Pomona, CA",murder,-0.135445940382076,-0.09444304003204014,0.06241111294077977
3,CA0195500,"Pomona, CA",murder,-0.13355723675023795,-0.09251239629200919,0.06249347397461843
4,CA0195500,"Pomona, CA",murder,-0.04435065372038784,-0.05360184056364397,0.06240275400103037
5,CA0195500,"Pomona, CA",murder,0.04930096736513672,0.021586226029947822,0.06249347397461844
6,CA0195500,"Pomona, CA",murder,0.09738296415942169,0.1037204236283013,0.06241111294077977
7,CA0195500,"Pomona, CA",murder,0.11118341410659602,0.13410898437042262,0.062353636973893435
8,CA0195500,"Pomona, CA",murder,0.09275342812753531,0.08887268313342668,0.06241111294077977
9,CA0195500,"Pomona, CA",murder,0.0384862404627525,0.018855418378912577,0.06249347397461844
10,CA0195500,"Pomona, CA",murder,-0.00802783031255692,-0.014484780450839188,0.06240275400103037
11,CA0195500,"Pomona, CA",murder,-0.006608455110596065,-0.01601586913133438,0.06249347397461843
12,CA0195500,"Pomona, CA",murder,-0.0023119678719362097,-0.03006344571520464,0.062411112940779764
1,CA0196500,"Santa Monica, CA",murder,-0.058804930073651264,-0.04142933824459513,0.06433066649867393
2,CA0196500,"Santa Monica, CA",murder,-0.135445940382076,-0.11489721161809703,0.06435793500226389
3,CA0196500,"Santa Monica, CA",murder,-0.13355723675023795,-0.1376578737798699,0.0643412739428285
4,CA0196500,"Santa Monica, CA",murder,-0.04435065372038784,-0.06766495031811487,0.0643719231344633
5,CA0196500,"Santa Monica, CA",murder,0.04930096736513672,0.03357515499225462,0.06434127394282851
6,CA0196500,"Santa Monica, CA",murder,0.09738296415942169,0.09563365257669798,0.06435793500226389
7,CA0196500,"Santa Monica, CA",murder,0.11118341410659602,0.1115968653803617,0.06433066649867393
8,CA0196500,"Santa Monica, CA",murder,0.09275342812753531,0.09480595108645894,0.06435793500226389
9,CA0196500,"Santa Monica, CA",murder,0.0384862404627525,0.047399086112465225,0.06434127394282851
10,CA0196500,"Santa Monica, CA",murder,-0.00802783031255692,-0.0025025768176517057,0.0643719231344633
11,CA0196500,"Santa Monica, CA",murder,-0.006608455110596065,-0.013483894460616559,0.0643412739428285
12,CA0196500,"Santa Monica, CA",murder,-0.0023119678719362097,-0.0053748649092932935,0.06435793500226389
1,CA0197200,"Torrance, CA",murder,-0.058804930073651264,-0.04742358546197163,0.064657633565188
2,CA0197200,"Torrance, CA",murder,-0.135445940382076,-0.1196142142923195,0.06468312579744227
3,CA0197200,"Torrance, CA",murder,-0.13355723675023795,-0.1325115208136276,0.0646534359943121
4,CA0197200,"Torrance, CA",murder,-0.04435065372038784,-0.05243198806030601,0.06468036538144284
5,CA0197200,"Torrance, CA",murder,0.04930096736513672,0.0508876832035234,0.06465343599431211
6,CA0197200,"Torrance, CA",murder,0.09738296415942169,0.10454717139805306,0.06468312579744227
7,CA0197200,"Torrance, CA",murder,0.11118341410659602,0.1060140947895789,0.06465763356518799
8,CA0197200,"Torrance, CA",murder,0.09275342812753531,0.07866567670782551,0.06468312579744227
9,CA0197200,"Torrance, CA",murder,0.0384862404627525,0.03297247390152635,0.06465343599431211
10,CA0197200,"Torrance, CA",murder,-0.00802783031255692,-0.00615852126730127,0.06468036538144284
11,CA0197200,"Torrance, CA",murder,-0.006608455110596065,-0.009939145619029439,0.0646534359943121
12,CA0197200,"Torrance, CA",murder,-0.0023119678719362097,-0.0050081244859517746,0.06468312579744227
1,CA0197500,"West Covina, CA",murder,-0.058804930073651264,-0.05688723665732483,0.06454215101208625
2,CA0197500,"West Covina, CA",murder,-0.135445940382076,-0.13848911636521063,0.06457736293067866
3,CA0197500,"West Covina, CA",murder,-0.13355723675023795,-0.14196309203826488,0.06458998478401769
4,CA0197500,"West Covina, CA",murder,-0.04435065372038784,-0.05810138820393418,0.06457048712470463
5,CA0197500,"West Covina, CA",murder,0.04930096736513672,0.04066413404499643,0.06458998478401769
6,CA0197500,"West Covina, CA",murder,0.09738296415942169,0.09805581253747125,0.06457736293067866
7,CA0197500,"West Covina, CA",murder,0.11118341410659602,0.1083013231331407,0.06454215101208624
8,CA0197500,"West Covina, CA",murder,0.09275342812753531,0.07965004802374898,0.06457736293067866
9,CA0197500,"West Covina, CA",murder,0.0384862404627525,0.03170993722098731,0.0645899847840177
10,CA0197500,"West Covina, CA",murder,-0.00802783031255692,0.0066873017281183006,0.06457048712470463
11,CA0197500,"West Covina, CA",murder,-0.006608455110596065,0.018174934296465217,0.06458998478401769
12,CA0197500,"West Covina, CA",murder,-0.0023119678719362097,0.012197342279806341,0.06457736293067866
1,CA0200200,"Madera, CA",murder,-0.058804930073651264,-0.05645413989850463,0.0643419751645355
2,CA0200200,"Madera, CA",murder,-0.135445940382076,-0.15225974451710922,0.0643942342898104
3,CA0200200,"Madera, CA",murder,-0.13355723675023795,-0.14916331801623764,0.06436849185317516
4,CA0200200,"Madera, CA",murder,-0.04435065372038784,-0.04673237833309349,0.06441622080587385
5,CA0200200,"Madera, CA",murder,0.04930096736513672,0.044200427074550463,0.06436849185317517
6,CA0200200,"Madera, CA",murder,0.09738296415942169,0.08561064867344938,0.0643942342898104
7,CA0200200,"Madera, CA",murder,0.11118341410659602,0.11570469269138804,0.06434197516453549
8,CA0200200,"Madera, CA",murder,0.09275342812753531,0.11839075458507727,0.0643942342898104
9,CA0200200,"Madera, CA",murder,0.0384862404627525,0.05604377529132228,0.06436849185317517
10,CA0200200,"Madera, CA",murder,-0.00802783031255692,-0.012518174459789918,0.06441622080587385
11,CA0200200,"Madera, CA",murder,-0.006608455110596065,-0.010331437142518551,0.06436849185317516
12,CA0200200,"Madera, CA",murder,-0.0023119678719362097,0.0075088940514660115,0.0643942342898104
1,CA0210600,"Novato, CA",murder,-0.058804930073651264,-0.05730518866339307,0.06489541639994571
2,CA0210600,"Novato, CA",murder,-0.135445940382076,-0.1300750328698246,0.06489856980308362
3,CA0210600,"Novato, CA",murder,-0.13355723675023795,-0.13039371715170817,0.06489942951197487
4,CA0210600,"Novato, CA",murder,-0.04435065372038784,-0.048519401921909254,0.06489618384837051
5,CA0210600,"Novato, CA",murder,0.04930096736513672,0.04188094107851524,0.06489942951197487
6,CA0210600,"Novato, CA",murder,0.09738296415942169,0.0959583138562382,0.06489856980308362
7,CA0210600,"Novato, CA",murder,0.11118341410659602,0.11782859002101718,0.0648954163999457
8,CA0210600,"Novato, CA",murder,0.09275342812753531,0.10010484340678913,0.06489856980308362
9,CA0210600,"Novato, CA",murder,0.0384862404627525,0.03990012633104857,0.06489942951197489
10,CA0210600,"Novato, CA",murder,-0.00802783031255692,-0.012003999435714865,0.06489618384837051
11,CA0210600,"Novato, CA",murder,-0.006608455110596065,-0.011910751615479793,0.06489942951197487
12,CA0210600,"Novato, CA",murder,-0.0023119678719362097,-0.005464723035578571,0.0648985698030836
1,CA0210900,"San Rafael, CA",murder,-0.058804930073651264,-0.05398473756441142,0.06487465844361524
2,CA0210900,"San Rafael, CA",murder,-0.135445940382076,-0.13462359649414068,0.06487254366825489
3,CA0210900,"San Rafael, CA",murder,-0.13355723675023795,-0.13454447098672734,0.06487179565474274
4,CA0210900,"San Rafael, CA",murder,-0.04435065372038784,-0.04661069461055003,0.0648750283902206
5,CA0210900,"San Rafael, CA",murder,0.04930096736513672,0.04687724430829614,0.06487179565474276
6,CA0210900,"San Rafael, CA",murder,0.09738296415942169,0.098139272628211,0.06487254366825489
7,CA0210900,"San Rafael, CA",murder,0.11118341410659602,0.11446791017968866,0.06487465844361523
8,CA0210900,"San Rafael, CA",murder,0.09275342812753531,0.09207958944488488,0.06487254366825489
9,CA0210900,"San Rafael, CA",murder,0.0384862404627525,0.031517291322194274,0.06487179565474276
10,CA0210900,"San Rafael, CA",murder,-0.00802783031255692,-0.013872478004727226,0.0648750283902206
11,CA0210900,"San Rafael, CA",murder,-0.006608455110596065,-0.004333237259040354,0.06487179565474274
12,CA0210900,"San Rafael, CA",murder,-0.0023119678719362097,0.004887907036322104,0.06487254366825489
1,CA0240600,"Merced, CA",murder,-0.058804930073651264,-0.038980285323534945,0.06359983263272653
2,CA0240600,"Merced, CA",murder,-0.135445940382076,-0.13606813473897564,0.06361640069524378
3,CA0240600,"Merced, CA",murder,-0.13355723675023795,-0.1425452578942978,0.06359146662032525
4,CA0240600,"Merced, CA",murder,-0.04435065372038784,-0.04867659157588909,0.06358205043049786
5,CA0240600,"Merced, CA",murder,0.04930096736513672,0.044607324230409535,0.06359146662032526
6,CA0240600,"Merced, CA",murder,0.09738296415942169,0.08639136723978372,0.06361640069524378
7,CA0240600,"Merced, CA",murder,0.11118341410659602,0.1007342679965693,0.06359983263272652
8,CA0240600,"Merced, CA",murder,0.09275342812753531,0.08710910376037524,0.0636164006952438
9,CA0240600,"Merced, CA",murder,0.0384862404627525,0.03183224424266303,0.06359146662032526
10,CA0240600,"Merced, CA",murder,-0.00802783031255692,-0.013077391097145282,0.06358205043049786
11,CA0240600,"Merced, CA",murder,-0.006608455110596065,0.004351706748190845,0.06359146662032525
12,CA0240600,"Merced, CA",murder,-0.0023119678719362097,0.024321646411851087,0.06361640069524378
1,CA0270000,"Monterey, CA",murder,-0.058804930073651264,-0.06487042959388183,0.06416852663434464
2,CA0270000,"Monterey, CA",murder,-0.135445940382076,-0.11992114692711321,0.06420373163310328
3,CA0270000,"Monterey, CA",murder,-0.13355723675023795,-0.12397093658311753,0.06418905889135204
4,CA0270000,"Monterey, CA",murder,-0.04435065372038784,-0.060969413108811044,0.06420196061042745
5,CA0270000,"Monterey, CA",murder,0.04930096736513672,0.03188950006754193,0.06418905889135205
6,CA0270000,"Monterey, CA",murder,0.09738296415942169,0.10390678145336876,0.06420373163310328
7,CA0270000,"Monterey, CA",murder,0.11118341410659602,0.12370933685241131,0.06416852663434462
8,CA0270000,"Monterey, CA",murder,0.09275342812753531,0.0902721034468225,0.06420373163310328
9,CA0270000,"Monterey, CA",murder,0.0384862404627525,0.03548298584429732,0.06418905889135205
10,CA0270000,"Monterey, CA",murder,-0.00802783031255692,0.0021305058502815574,0.06420196061042745
11,CA0270000,"Monterey, CA",murder,-0.006608455110596065,-0.0022404565872512416,0.06418905889135204
12,CA0270000,"Monterey, CA",murder,-0.0023119678719362097,-0.015418830714548524,0.06420373163310328
1,CA0280200,"Napa, CA",murder,-0.058804930073651264,-0.059659177976026226,0.0647984166828829
2,CA0280200,"Napa, CA",murder,-0.135445940382076,-0.13775055555426538,0.06478769682556632
3,CA0280200,"Napa, CA",murder,-0.13355723675023795,-0.13468783500191545,0.06480318998892082
4,CA0280200,"Napa, CA",murder,-0.04435065372038784,-0.03542683711741865,0.06479795023553452
5,CA0280200,"Napa, CA",murder,0.04930096736513672,0.06312259848583457,0.06480318998892082
6,CA0280200,"Napa, CA",murder,0.09738296415942169,0.10110331879352065,0.06478769682556632
7,CA0280200,"Napa, CA",murder,0.11118341410659602,0.10461156252593434,0.06479841668288289
8,CA0280200,"Napa, CA",murder,0.09275342812753531,0.0897044952320595,0.06478769682556632
9,CA0280200,"Napa, CA",murder,0.0384862404627525,0.04168939012980143,0.06480318998892082
10,CA0280200,"Napa, CA",murder,-0.00802783031255692,-0.009525547432489477,0.06479795023553452
11,CA0280200,"Napa, CA",murder,-0.006608455110596065,-0.015076538163628708,0.06480318998892082
12,CA0280200,"Napa, CA",murder,-0.0023119678719362097,-0.00810487392140662,0.06478769682556632
1,CA0300100,"Anaheim, CA",murder,-0.058804930073651264,-0.05067099498465177,0.06285898932750218
2,CA0300100,"Anaheim, CA",murder,-0.135445940382076,-0.133373158242077,0.062748613166363
3,CA0300100,"Anaheim, CA",murder,-0.13355723675023795,-0.12993067351072238,0.06288415666102153
4,CA0300100,"Anaheim, CA",murder,-0.04435065372038784,-0.015698446535982943,0.06282215695861926
5,CA0300100,"Anaheim, CA",murder,0.04930096736513672,0.0796478938716715,0.06288415666102154
6,CA0300100,"Anaheim, CA",murder,0.09738296415942169,0.08788652402398571,0.062748613166363
7,CA0300100,"Anaheim, CA",murder,0.11118341410659602,0.07856196016088562,0.06285898932750218
8,CA0300100,"Anaheim, CA",murder,0.09275342812753531,0.08663775862345412,0.062748613166363
9,CA0300100,"Anaheim, CA",murder,0.0384862404627525,0.05530430871586565,0.06288415666102154
10,CA0300100,"Anaheim, CA",murder,-0.00802783031255692,-0.012192518640250893,0.06282215695861926
11,CA0300100,"Anaheim, CA",murder,-0.006608455110596065,-0.032912494253048645,0.06288415666102153
12,CA0300100,"Anaheim, CA",murder,-0.0023119678719362097,-0.013260159229128998,0.062748613166363
1,CA0300300,"Buena Park, CA",murder,-0.058804930073651264,-0.05575477154827992,0.06486854435308144
2,CA0300300,"Buena Park, CA",murder,-0.135445940382076,-0.13040407857841863,0.06487016457519389
3,CA0300300,"Buena Park, CA",murder,-0.13355723675023795,-0.12701193700944935,0.06486579348146167
4,CA0300300,"Buena Park, CA",murder,-0.04435065372038784,-0.04240361853738973,0.06486183924955864
5,CA0300300,"Buena Park, CA",murder,0.04930096736513672,0.043561859617422684,0.06486579348146168
6,CA0300300,"Buena Park, CA",murder,0.09738296415942169,0.08972984878107525,0.06487016457519389
7,CA0300300,"Buena Park, CA",murder,0.11118341410659602,0.10782303475999429,0.06486854435308143
8,CA0300300,"Buena Park, CA",murder,0.09275342812753531,0.09205532414157568,0.06487016457519389
9,CA0300300,"Buena Park, CA",murder,0.0384862404627525,0.03659491936089201,0.06486579348146168
10,CA0300300,"Buena Park, CA",murder,-0.00802783031255692,-0.00966464467432465,0.06486183924955864
11,CA0300300,"Buena Park, CA",murder,-0.006608455110596065,-0.005213105180579752,0.06486579348146167
12,CA0300300,"Buena Park, CA",murder,-0.0023119678719362097,6.87168867482114e-4,0.06487016457519389
1,CA0300700,"Fountain Valley, CA",murder,-0.058804930073651264,-0.06294362423153088,0.06492780908318332
2,CA0300700,"Fountain Valley, CA",murder,-0.135445940382076,-0.1385648796812142,0.06492666876289428
3,CA0300700,"Fountain Valley, CA",murder,-0.13355723675023795,-0.13137641975529218,0.06492915180077373
4,CA0300700,"Fountain Valley, CA",murder,-0.04435065372038784,-0.04202990553996961,0.06492658048997721
5,CA0300700,"Fountain Valley, CA",murder,0.04930096736513672,0.04810923285757569,0.06492915180077374
6,CA0300700,"Fountain Valley, CA",murder,0.09738296415942169,0.0969898698457827,0.06492666876289428
7,CA0300700,"Fountain Valley, CA",murder,0.11118341410659602,0.11372746929424879,0.06492780908318331
8,CA0300700,"Fountain Valley, CA",murder,0.09275342812753531,0.09314744380421594,0.06492666876289428
9,CA0300700,"Fountain Valley, CA",murder,0.0384862404627525,0.03517513881557601,0.06492915180077374
10,CA0300700,"Fountain Valley, CA",murder,-0.00802783031255692,-0.008753939522748307,0.06492658048997721
11,CA0300700,"Fountain Valley, CA",murder,-0.006608455110596065,-0.0026917969805774758,0.06492915180077373
12,CA0300700,"Fountain Valley, CA",murder,-0.0023119678719362097,-7.885889060665022e-4,0.06492666876289428
1,CA0300800,"Fullerton, CA",murder,-0.058804930073651264,-0.05296974373212989,0.0646430087805195
2,CA0300800,"Fullerton, CA",murder,-0.135445940382076,-0.136018849039167,0.0646488465076025
3,CA0300800,"Fullerton, CA",murder,-0.13355723675023795,-0.13907640015039405,0.06465356972707399
4,CA0300800,"Fullerton, CA",murder,-0.04435065372038784,-0.050804137653196337,0.06465937580152482
5,CA0300800,"Fullerton, CA",murder,0.04930096736513672,0.04296213142840524,0.06465356972707399
6,CA0300800,"Fullerton, CA",murder,0.09738296415942169,0.09208620466072336,0.0646488465076025
7,CA0300800,"Fullerton, CA",murder,0.11118341410659602,0.11016215949763467,0.06464300878051948
8,CA0300800,"Fullerton, CA",murder,0.09275342812753531,0.09642428772018403,0.0646488465076025
9,CA0300800,"Fullerton, CA",murder,0.0384862404627525,0.042289423065906315,0.06465356972707399
10,CA0300800,"Fullerton, CA",murder,-0.00802783031255692,-0.0063882781123084315,0.06465937580152482
11,CA0300800,"Fullerton, CA",murder,-0.006608455110596065,-0.0033675701094223152,0.06465356972707399
12,CA0300800,"Fullerton, CA",murder,-0.0023119678719362097,0.004700772423764403,0.0646488465076025
1,CA0301400,"Newport Beach, CA",murder,-0.058804930073651264,-0.06264621011537137,0.06476022500471651
2,CA0301400,"Newport Beach, CA",murder,-0.135445940382076,-0.12665221833263365,0.0647799470284478
3,CA0301400,"Newport Beach, CA",murder,-0.13355723675023795,-0.126233155004371,0.06476841971348628
4,CA0301400,"Newport Beach, CA",murder,-0.04435065372038784,-0.0475644596381568,0.06477499413828357
5,CA0301400,"Newport Beach, CA",murder,0.04930096736513672,0.043806888131910596,0.06476841971348628
6,CA0301400,"Newport Beach, CA",murder,0.09738296415942169,0.09595880768215573,0.0647799470284478
7,CA0301400,"Newport Beach, CA",murder,0.11118341410659602,0.10893849474739661,0.06476022500471651
8,CA0301400,"Newport Beach, CA",murder,0.09275342812753531,0.08976310226329491,0.0647799470284478
9,CA0301400,"Newport Beach, CA",murder,0.0384862404627525,0.04305175430300698,0.06476841971348628
10,CA0301400,"Newport Beach, CA",murder,-0.00802783031255692,0.0012721750061315568,0.06477499413828357
11,CA0301400,"Newport Beach, CA",murder,-0.006608455110596065,-0.00691777206257187,0.06476841971348628
12,CA0301400,"Newport Beach, CA",murder,-0.0023119678719362097,-0.012777406980791705,0.0647799470284478
1,CA0302200,"Tustin, CA",murder,-0.058804930073651264,-0.06054727879895172,0.06478835374889631
2,CA0302200,"Tustin, CA",murder,-0.135445940382076,-0.13979025763336037,0.06477904412576009
3,CA0302200,"Tustin, CA",murder,-0.13355723675023795,-0.13898284418291967,0.06476885223890437
4,CA0302200,"Tustin, CA",murder,-0.04435065372038784,-0.04801028847243597,0.0647742995815212
5,CA0302200,"Tustin, CA",murder,0.04930096736513672,0.04979376023458,0.06476885223890437
6,CA0302200,"Tustin, CA",murder,0.09738296415942169,0.10440447648639686,0.06477904412576009
7,CA0302200,"Tustin, CA",murder,0.11118341410659602,0.1235857087785365,0.0647883537488963
8,CA0302200,"Tustin, CA",murder,0.09275342812753531,0.10294250420546425,0.06477904412576009
9,CA0302200,"Tustin, CA",murder,0.0384862404627525,0.03909666077543877,0.06476885223890438
10,CA0302200,"Tustin, CA",murder,-0.00802783031255692,-0.01502814150714881,0.0647742995815212
11,CA0302200,"Tustin, CA",murder,-0.006608455110596065,-0.012946006806683907,0.06476885223890437
12,CA0302200,"Tustin, CA",murder,-0.0023119678719362097,-0.004518293078915926,0.06477904412576009
1,CA0302400,"Westminster, CA",murder,-0.058804930073651264,-0.045553706621693946,0.06454452182607606
2,CA0302400,"Westminster, CA",murder,-0.135445940382076,-0.12653545096599178,0.06453354556487201
3,CA0302400,"Westminster, CA",murder,-0.13355723675023795,-0.1377228064883712,0.06452663952445462
4,CA0302400,"Westminster, CA",murder,-0.04435065372038784,-0.059534043323832546,0.06454438746931267
5,CA0302400,"Westminster, CA",murder,0.04930096736513672,0.037534337700227224,0.06452663952445462
6,CA0302400,"Westminster, CA",murder,0.09738296415942169,0.09693050771184891,0.06453354556487201
7,CA0302400,"Westminster, CA",murder,0.11118341410659602,0.11346835985277333,0.06454452182607606
8,CA0302400,"Westminster, CA",murder,0.09275342812753531,0.08840053619147464,0.06453354556487201
9,CA0302400,"Westminster, CA",murder,0.0384862404627525,0.03167323848277466,0.06452663952445463
10,CA0302400,"Westminster, CA",murder,-0.00802783031255692,-0.008380609907246846,0.06454438746931267
11,CA0302400,"Westminster, CA",murder,-0.006608455110596065,6.005770742898909e-4,0.06452663952445462
12,CA0302400,"Westminster, CA",murder,-0.0023119678719362097,0.009119060293747658,0.06453354556487201
1,CA0302500,"Yorba Linda, CA",murder,-0.058804930073651264,-0.0587710389574766,0.06497392470432282
2,CA0302500,"Yorba Linda, CA",murder,-0.135445940382076,-0.1353473144120041,0.0649745399847495
3,CA0302500,"Yorba Linda, CA",murder,-0.13355723675023795,-0.13342661024985558,0.06497453234010797
4,CA0302500,"Yorba Linda, CA",murder,-0.04435065372038784,-0.04433933982490178,0.06497465065884846
5,CA0302500,"Yorba Linda, CA",murder,0.04930096736513672,0.04914586728091129,0.06497453234010798
6,CA0302500,"Yorba Linda, CA",murder,0.09738296415942169,0.0971845367084513,0.0649745399847495
7,CA0302500,"Yorba Linda, CA",murder,0.11118341410659602,0.1110544907907236,0.06497392470432281
8,CA0302500,"Yorba Linda, CA",murder,0.09275342812753531,0.09269740357469178,0.0649745399847495
9,CA0302500,"Yorba Linda, CA",murder,0.0384862404627525,0.03849324757929624,0.06497453234010798
10,CA0302500,"Yorba Linda, CA",murder,-0.00802783031255692,-0.007944112008345234,0.06497465065884846
11,CA0302500,"Yorba Linda, CA",murder,-0.006608455110596065,-0.006495956443598997,0.06497453234010798
12,CA0302500,"Yorba Linda, CA",murder,-0.0023119678719362097,-0.002251174037891937,0.0649745399847495
1,CA0302600,"Irvine, CA",murder,-0.058804930073651264,-0.05208990926630893,0.06460889582816536
2,CA0302600,"Irvine, CA",murder,-0.135445940382076,-0.133201362154066,0.06461387081527463
3,CA0302600,"Irvine, CA",murder,-0.13355723675023795,-0.13521401006312525,0.0646167788465524
4,CA0302600,"Irvine, CA",murder,-0.04435065372038784,-0.044239161491549626,0.0646129823140081
5,CA0302600,"Irvine, CA",murder,0.04930096736513672,0.048548029723820586,0.0646167788465524
6,CA0302600,"Irvine, CA",murder,0.09738296415942169,0.09297791796178759,0.06461387081527463
7,CA0302600,"Irvine, CA",murder,0.11118341410659602,0.11057796457263162,0.06460889582816534
8,CA0302600,"Irvine, CA",murder,0.09275342812753531,0.100531529887251,0.06461387081527463
9,CA0302600,"Irvine, CA",murder,0.0384862404627525,0.04405612248998757,0.0646167788465524
10,CA0302600,"Irvine, CA",murder,-0.00802783031255692,-0.014248893814773074,0.0646129823140081
11,CA0302600,"Irvine, CA",murder,-0.006608455110596065,-0.015878197457005624,0.0646167788465524
12,CA0302600,"Irvine, CA",murder,-0.0023119678719362097,-0.0018200303886498688,0.06461387081527463
1,CA030350X,"Mission Viejo, CA",murder,-0.058804930073651264,-0.061473439185693465,0.0648494310162944
2,CA030350X,"Mission Viejo, CA",murder,-0.135445940382076,-0.13405026980102094,0.0648576571217597
3,CA030350X,"Mission Viejo, CA",murder,-0.13355723675023795,-0.12174223158804601,0.06485448271880882
4,CA030350X,"Mission Viejo, CA",murder,-0.04435065372038784,-0.02981315367877616,0.0648675595267486
5,CA030350X,"Mission Viejo, CA",murder,0.04930096736513672,0.05165404845303995,0.06485448271880882
6,CA030350X,"Mission Viejo, CA",murder,0.09738296415942169,0.08774084189627193,0.0648576571217597
7,CA030350X,"Mission Viejo, CA",murder,0.11118341410659602,0.10371247171696092,0.06484943101629438
8,CA030350X,"Mission Viejo, CA",murder,0.09275342812753531,0.0929182555554107,0.0648576571217597
9,CA030350X,"Mission Viejo, CA",murder,0.0384862404627525,0.0383711848111683,0.06485448271880884
10,CA030350X,"Mission Viejo, CA",murder,-0.00802783031255692,-0.012425878852491305,0.0648675595267486
11,CA030350X,"Mission Viejo, CA",murder,-0.006608455110596065,-0.01052203420742973,0.06485448271880882
12,CA030350X,"Mission Viejo, CA",murder,-0.0023119678719362097,-0.004369795119394188,0.0648576571217597
1,CA030390X,"Laguna Niguel, CA",murder,-0.058804930073651264,-0.05960908058035292,0.06490579418249161
2,CA030390X,"Laguna Niguel, CA",murder,-0.135445940382076,-0.13048090274935228,0.06490950934467316
3,CA030390X,"Laguna Niguel, CA",murder,-0.13355723675023795,-0.12902904053343625,0.06490634458452266
4,CA030390X,"Laguna Niguel, CA",murder,-0.04435065372038784,-0.043293473391703176,0.06491078711509078
5,CA030390X,"Laguna Niguel, CA",murder,0.04930096736513672,0.0498174351502206,0.06490634458452267
6,CA030390X,"Laguna Niguel, CA",murder,0.09738296415942169,0.09741717319389187,0.06490950934467316
7,CA030390X,"Laguna Niguel, CA",murder,0.11118341410659602,0.1075506948850623,0.0649057941824916
8,CA030390X,"Laguna Niguel, CA",murder,0.09275342812753531,0.08789240168424724,0.06490950934467316
9,CA030390X,"Laguna Niguel, CA",murder,0.0384862404627525,0.03849892516362182,0.06490634458452267
10,CA030390X,"Laguna Niguel, CA",murder,-0.00802783031255692,-0.004648140913006211,0.06491078711509078
11,CA030390X,"Laguna Niguel, CA",murder,-0.006608455110596065,-0.007228934085115579,0.06490634458452266
12,CA030390X,"Laguna Niguel, CA",murder,-0.0023119678719362097,-0.006887057824077407,0.06490950934467316
1,CA030490X,"Aliso Viejo, CA",murder,-0.058804930073651264,-0.06065133032113429,0.06492677389353652
2,CA030490X,"Aliso Viejo, CA",murder,-0.135445940382076,-0.1361352319030081,0.06492927248421211
3,CA030490X,"Aliso Viejo, CA",murder,-0.13355723675023795,-0.13100323154123197,0.06492877527269715
4,CA030490X,"Aliso Viejo, CA",murder,-0.04435065372038784,-0.04048934130921583,0.06492968741309472
5,CA030490X,"Aliso Viejo, CA",murder,0.04930096736513672,0.05040759846026453,0.06492877527269716
6,CA030490X,"Aliso Viejo, CA",murder,0.09738296415942169,0.09610794473992723,0.06492927248421211
7,CA030490X,"Aliso Viejo, CA",murder,0.11118341410659602,0.11143950346621445,0.0649267738935365
8,CA030490X,"Aliso Viejo, CA",murder,0.09275342812753531,0.09492831569839467,0.06492927248421211
9,CA030490X,"Aliso Viejo, CA",murder,0.0384862404627525,0.039008142191538364,0.06492877527269716
10,CA030490X,"Aliso Viejo, CA",murder,-0.00802783031255692,-0.010298831835864336,0.06492968741309472
11,CA030490X,"Aliso Viejo, CA",murder,-0.006608455110596065,-0.009200682255651127,0.06492877527269715
12,CA030490X,"Aliso Viejo, CA",murder,-0.0023119678719362097,-0.004112855390233603,0.06492927248421211
1,CA0310300,"Lincoln, CA",murder,-0.058804930073651264,-0.05437253876001235,0.06489079202921973
2,CA0310300,"Lincoln, CA",murder,-0.135445940382076,-0.12957157697454721,0.06489381243168085
3,CA0310300,"Lincoln, CA",murder,-0.13355723675023795,-0.13268668443735626,0.06488925324858201
4,CA0310300,"Lincoln, CA",murder,-0.04435065372038784,-0.046618454084222376,0.06489095458516263
5,CA0310300,"Lincoln, CA",murder,0.04930096736513672,0.04923344591932507,0.06488925324858202
6,CA0310300,"Lincoln, CA",murder,0.09738296415942169,0.0973409727029445,0.06489381243168085
7,CA0310300,"Lincoln, CA",murder,0.11118341410659602,0.10649388479800997,0.06489079202921971
8,CA0310300,"Lincoln, CA",murder,0.09275342812753531,0.08700653374231157,0.06489381243168085
9,CA0310300,"Lincoln, CA",murder,0.0384862404627525,0.03800029516712297,0.06488925324858202
10,CA0310300,"Lincoln, CA",murder,-0.00802783031255692,-0.005502891953775253,0.06489095458516263
11,CA0310300,"Lincoln, CA",murder,-0.006608455110596065,-0.00666840268708943,0.06488925324858201
12,CA0310300,"Lincoln, CA",murder,-0.0023119678719362097,-0.002654583432711197,0.06489381243168085
1,CA0310400,"Rocklin, CA",murder,-0.058804930073651264,-0.0597034268615599,0.06487151058692825
2,CA0310400,"Rocklin, CA",murder,-0.135445940382076,-0.13701691580567532,0.0648702734394816
3,CA0310400,"Rocklin, CA",murder,-0.13355723675023795,-0.1360552168692978,0.06486986446821956
4,CA0310400,"Rocklin, CA",murder,-0.04435065372038784,-0.04989587469406741,0.06487269636870192
5,CA0310400,"Rocklin, CA",murder,0.04930096736513672,0.042705979843984665,0.06486986446821956
6,CA0310400,"Rocklin, CA",murder,0.09738296415942169,0.09725188091598405,0.0648702734394816
7,CA0310400,"Rocklin, CA",murder,0.11118341410659602,0.12016053412518089,0.06487151058692824
8,CA0310400,"Rocklin, CA",murder,0.09275342812753531,0.10285062093445951,0.0648702734394816
9,CA0310400,"Rocklin, CA",murder,0.0384862404627525,0.041431814734460996,0.06486986446821956
10,CA0310400,"Rocklin, CA",murder,-0.00802783031255692,-0.010561232569553602,0.06487269636870192
11,CA0310400,"Rocklin, CA",murder,-0.006608455110596065,-0.008539684972768885,0.06486986446821956
12,CA0310400,"Rocklin, CA",murder,-0.0023119678719362097,-0.002628478781147192,0.0648702734394816
1,CA0310500,"Roseville, CA",murder,-0.058804930073651264,-0.056129343968328915,0.0644889408156401
2,CA0310500,"Roseville, CA",murder,-0.135445940382076,-0.12791773116291794,0.06451205865568237
3,CA0310500,"Roseville, CA",murder,-0.13355723675023795,-0.13674139280342473,0.06449565811107674
4,CA0310500,"Roseville, CA",murder,-0.04435065372038784,-0.05383610328498267,0.06451313434273845
5,CA0310500,"Roseville, CA",murder,0.04930096736513672,0.04905563219255092,0.06449565811107676
6,CA0310500,"Roseville, CA",murder,0.09738296415942169,0.10402515176930736,0.06451205865568237
7,CA0310500,"Roseville, CA",murder,0.11118341410659602,0.11162113853989128,0.06448894081564009
8,CA0310500,"Roseville, CA",murder,0.09275342812753531,0.08983575189945506,0.06451205865568238
9,CA0310500,"Roseville, CA",murder,0.0384862404627525,0.04316761896839948,0.06449565811107676
10,CA0310500,"Roseville, CA",murder,-0.00802783031255692,-0.0016556912865796896,0.06451313434273845
11,CA0310500,"Roseville, CA",murder,-0.006608455110596065,-0.010973652929088055,0.06449565811107674
12,CA0310500,"Roseville, CA",murder,-0.0023119678719362097,-0.010451377934282082,0.06451205865568237
1,CA0330200,"Beaumont, CA",murder,-0.058804930073651264,-0.06188096575857515,0.06473630510565309
2,CA0330200,"Beaumont, CA",murder,-0.135445940382076,-0.13899377625757442,0.06476356479946736
3,CA0330200,"Beaumont, CA",murder,-0.13355723675023795,-0.1271767852152081,0.06474624789543446
4,CA0330200,"Beaumont, CA",murder,-0.04435065372038784,-0.0322563710647495,0.06475703043256935
5,CA0330200,"Beaumont, CA",murder,0.04930096736513672,0.04749341116779982,0.06474624789543447
6,CA0330200,"Beaumont, CA",murder,0.09738296415942169,0.08037904419832029,0.06476356479946736
7,CA0330200,"Beaumont, CA",murder,0.11118341410659602,0.1025562249781271,0.06473630510565308
8,CA0330200,"Beaumont, CA",murder,0.09275342812753531,0.10351904518534912,0.06476356479946736
9,CA0330200,"Beaumont, CA",murder,0.0384862404627525,0.051026794923430846,0.06474624789543447
10,CA0330200,"Beaumont, CA",murder,-0.00802783031255692,-0.008418888154802451,0.06475703043256935
11,CA0330200,"Beaumont, CA",murder,-0.006608455110596065,-0.012018680095574564,0.06474624789543446
12,CA0330200,"Beaumont, CA",murder,-0.0023119678719362097,-0.004229053906543011,0.06476356479946736
1,CA0331300,"Riverside, CA",murder,-0.058804930073651264,-0.06923518664742856,0.06223142830057341
2,CA0331300,"Riverside, CA",murder,-0.135445940382076,-0.1241124214424568,0.062306487949535215
3,CA0331300,"Riverside, CA",murder,-0.13355723675023795,-0.12654249510792517,0.06228107297392323
4,CA0331300,"Riverside, CA",murder,-0.04435065372038784,-0.04590802513879503,0.06227081444059445
5,CA0331300,"Riverside, CA",murder,0.04930096736513672,0.04693774784481988,0.062281072973923234
6,CA0331300,"Riverside, CA",murder,0.09738296415942169,0.087571081840017,0.062306487949535215
7,CA0331300,"Riverside, CA",murder,0.11118341410659602,0.09524998454095326,0.0622314283005734
8,CA0331300,"Riverside, CA",murder,0.09275342812753531,0.09794061537810748,0.062306487949535215
9,CA0331300,"Riverside, CA",murder,0.0384862404627525,0.07435589115005115,0.06228107297392324
10,CA0331300,"Riverside, CA",murder,-0.00802783031255692,0.01989322724527032,0.06227081444059445
11,CA0331300,"Riverside, CA",murder,-0.006608455110596065,-0.020765941780470597,0.06228107297392323
12,CA0331300,"Riverside, CA",murder,-0.0023119678719362097,-0.03538447788214296,0.062306487949535215
1,CA0331500,"Corona, CA",murder,-0.058804930073651264,-0.06714821602916653,0.06432031251629983
2,CA0331500,"Corona, CA",murder,-0.135445940382076,-0.13909506869730628,0.06431674446722078
3,CA0331500,"Corona, CA",murder,-0.13355723675023795,-0.1311478413200406,0.06431290745742067
4,CA0331500,"Corona, CA",murder,-0.04435065372038784,-0.03704257913843543,0.06432003731178583
5,CA0331500,"Corona, CA",murder,0.04930096736513672,0.054901609576577165,0.06431290745742067
6,CA0331500,"Corona, CA",murder,0.09738296415942169,0.09579401715963631,0.06431674446722078
7,CA0331500,"Corona, CA",murder,0.11118341410659602,0.10724416920364016,0.06432031251629983
8,CA0331500,"Corona, CA",murder,0.09275342812753531,0.09576220581481439,0.06431674446722078
9,CA0331500,"Corona, CA",murder,0.0384862404627525,0.04771902526307502,0.06431290745742067
10,CA0331500,"Corona, CA",murder,-0.00802783031255692,-0.003053374036038215,0.06432003731178583
11,CA0331500,"Corona, CA",murder,-0.006608455110596065,-0.011568746694085282,0.06431290745742067
12,CA0331500,"Corona, CA",murder,-0.0023119678719362097,-0.01236520110267073,0.06431674446722078
1,CA0334200,"Murrieta, CA",murder,-0.058804930073651264,-0.06395046449050112,0.06477743401987344
2,CA0334200,"Murrieta, CA",murder,-0.135445940382076,-0.13629885316232956,0.06476702365982523
3,CA0334200,"Murrieta, CA",murder,-0.13355723675023795,-0.13576561902354292,0.064766349202637
4,CA0334200,"Murrieta, CA",murder,-0.04435065372038784,-0.05265661827835867,0.06476564044791247
5,CA0334200,"Murrieta, CA",murder,0.04930096736513672,0.04526646092570565,0.064766349202637
6,CA0334200,"Murrieta, CA",murder,0.09738296415942169,0.1074119017570187,0.06476702365982523
7,CA0334200,"Murrieta, CA",murder,0.11118341410659602,0.1255553467541209,0.06477743401987344
8,CA0334200,"Murrieta, CA",murder,0.09275342812753531,0.09663962941501963,0.06476702365982523
9,CA0334200,"Murrieta, CA",murder,0.0384862404627525,0.03450151301261319,0.064766349202637
10,CA0334200,"Murrieta, CA",murder,-0.00802783031255692,-0.0089482639852611,0.06476564044791247
11,CA0334200,"Murrieta, CA",murder,-0.006608455110596065,-0.005607237178395731,0.064766349202637
12,CA0334200,"Murrieta, CA",murder,-0.0023119678719362097,-0.006147795746088948,0.06476702365982523
1,CA0340000,"Sacramento, CA",murder,-0.058804930073651264,-0.09294458818618748,0.05976850265013787
2,CA0340000,"Sacramento, CA",murder,-0.135445940382076,-0.16078494952610495,0.059521329578156396
3,CA0340000,"Sacramento, CA",murder,-0.13355723675023795,-0.1132823557456457,0.059920779036296376
4,CA0340000,"Sacramento, CA",murder,-0.04435065372038784,-0.03585574652697071,0.05944713647709212
5,CA0340000,"Sacramento, CA",murder,0.04930096736513672,0.025062503317653268,0.05992077903629638
6,CA0340000,"Sacramento, CA",murder,0.09738296415942169,0.09779353165230131,0.059521329578156396
7,CA0340000,"Sacramento, CA",murder,0.11118341410659602,0.1423902155296516,0.05976850265013786
8,CA0340000,"Sacramento, CA",murder,0.09275342812753531,0.08416042009163645,0.059521329578156396
9,CA0340000,"Sacramento, CA",murder,0.0384862404627525,-0.012787801032286935,0.05992077903629639
10,CA0340000,"Sacramento, CA",murder,-0.00802783031255692,-0.013589880816493427,0.05944713647709212
11,CA0340000,"Sacramento, CA",murder,-0.006608455110596065,0.05156202611681519,0.059920779036296376
12,CA0340000,"Sacramento, CA",murder,-0.0023119678719362097,0.028276625125631415,0.059521329578156396
1,CA0340100,"Folsom, CA",murder,-0.058804930073651264,-0.053911154960166754,0.06474304207962064
2,CA0340100,"Folsom, CA",murder,-0.135445940382076,-0.13625137377953786,0.06474509801035488
3,CA0340100,"Folsom, CA",murder,-0.13355723675023795,-0.1388669193098881,0.06474552124077591
4,CA0340100,"Folsom, CA",murder,-0.04435065372038784,-0.04830615493930796,0.06474880483620031
5,CA0340100,"Folsom, CA",murder,0.04930096736513672,0.051584487721905437,0.06474552124077591
6,CA0340100,"Folsom, CA",murder,0.09738296415942169,0.10473138491118104,0.06474509801035488
7,CA0340100,"Folsom, CA",murder,0.11118341410659602,0.11687210557533159,0.06474304207962064
8,CA0340100,"Folsom, CA",murder,0.09275342812753531,0.0910162527753716,0.06474509801035488
9,CA0340100,"Folsom, CA",murder,0.0384862404627525,0.030670847690556998,0.06474552124077593
10,CA0340100,"Folsom, CA",murder,-0.00802783031255692,-0.014654795675856879,0.06474880483620031
11,CA0340100,"Folsom, CA",murder,-0.006608455110596065,-0.00634936671773922,0.06474552124077591
12,CA0340100,"Folsom, CA",murder,-0.0023119678719362097,0.003464686708150073,0.06474509801035488
1,CA0340400,"Sacramento, CA",murder,-0.058804930073651264,-0.054548715979042046,0.0582282711242048
2,CA0340400,"Sacramento, CA",murder,-0.135445940382076,-0.134854421462944,0.05816287540586224
3,CA0340400,"Sacramento, CA",murder,-0.13355723675023795,-0.160563694589806,0.058231581304673374
4,CA0340400,"Sacramento, CA",murder,-0.04435065372038784,-0.053039108810076285,0.058121418433049354
5,CA0340400,"Sacramento, CA",murder,0.04930096736513672,0.08523919595336008,0.05823158130467338
6,CA0340400,"Sacramento, CA",murder,0.09738296415942169,0.12786181611981207,0.05816287540586224
7,CA0340400,"Sacramento, CA",murder,0.11118341410659602,0.1020728373920376,0.05822827112420479
8,CA0340400,"Sacramento, CA",murder,0.09275342812753531,0.08674520355265868,0.05816287540586224
9,CA0340400,"Sacramento, CA",murder,0.0384862404627525,0.06493035526652513,0.05823158130467338
10,CA0340400,"Sacramento, CA",murder,-0.00802783031255692,0.005514987397080742,0.058121418433049354
11,CA0340400,"Sacramento, CA",murder,-0.006608455110596065,-0.03712997804307479,0.058231581304673374
12,CA0340400,"Sacramento, CA",murder,-0.0023119678719362097,-0.03222847679653121,0.05816287540586224
1,CA0340H00,"Elk Grove, CA",murder,-0.058804930073651264,-0.05171699947549624,0.06453540078061502
2,CA0340H00,"Elk Grove, CA",murder,-0.135445940382076,-0.13536662149469364,0.06453791388153488
3,CA0340H00,"Elk Grove, CA",murder,-0.13355723675023795,-0.14089339419496663,0.06454072476967893
4,CA0340H00,"Elk Grove, CA",murder,-0.04435065372038784,-0.05219617941451576,0.06454492787710578
5,CA0340H00,"Elk Grove, CA",murder,0.04930096736513672,0.05147807677038217,0.06454072476967893
6,CA0340H00,"Elk Grove, CA",murder,0.09738296415942169,0.11027155861046561,0.06453791388153488
7,CA0340H00,"Elk Grove, CA",murder,0.11118341410659602,0.12106860944180582,0.06453540078061502
8,CA0340H00,"Elk Grove, CA",murder,0.09275342812753531,0.0876700997011091,0.06453791388153488
9,CA0340H00,"Elk Grove, CA",murder,0.0384862404627525,0.02384526243507248,0.06454072476967893
10,CA0340H00,"Elk Grove, CA",murder,-0.00802783031255692,-0.017155430551793843,0.06454492787710578
11,CA0340H00,"Elk Grove, CA",murder,-0.006608455110596065,-0.003781554976797653,0.06454072476967893
12,CA0340H00,"Elk Grove, CA",murder,-0.0023119678719362097,0.0067765731494285626,0.06453791388153488
1,CA0349600,"Citrus Heights, CA",murder,-0.058804930073651264,-0.05854744740770731,0.0645026445241987
2,CA0349600,"Citrus Heights, CA",murder,-0.135445940382076,-0.13421064789782575,0.06451275217715828
3,CA0349600,"Citrus Heights, CA",murder,-0.13355723675023795,-0.12851433354127947,0.0645096461325194
4,CA0349600,"Citrus Heights, CA",murder,-0.04435065372038784,-0.04193102021801925,0.06450996209968596
5,CA0349600,"Citrus Heights, CA",murder,0.04930096736513672,0.04326188987317957,0.06450964613251942
6,CA0349600,"Citrus Heights, CA",murder,0.09738296415942169,0.08921794888637652,0.06451275217715828
7,CA0349600,"Citrus Heights, CA",murder,0.11118341410659602,0.10992864734797335,0.06450264452419868
8,CA0349600,"Citrus Heights, CA",murder,0.09275342812753531,0.09605682226158255,0.06451275217715828
9,CA0349600,"Citrus Heights, CA",murder,0.0384862404627525,0.03897930796477022,0.06450964613251942
10,CA0349600,"Citrus Heights, CA",murder,-0.00802783031255692,-0.009450179722246798,0.06450996209968596
11,CA0349600,"Citrus Heights, CA",murder,-0.006608455110596065,-0.005108064236936396,0.0645096461325194
12,CA0349600,"Citrus Heights, CA",murder,-0.0023119678719362097,3.1707669013276177e-4,0.06451275217715828
1,CA0360200,"Chino, CA",murder,-0.058804930073651264,-0.05056629353928032,0.06458104894920971
2,CA0360200,"Chino, CA",murder,-0.135445940382076,-0.13159979154728596,0.06458964900348611
3,CA0360200,"Chino, CA",murder,-0.13355723675023795,-0.12904924980245047,0.06457362873557772
4,CA0360200,"Chino, CA",murder,-0.04435065372038784,-0.03956357592625802,0.06457586751608148
5,CA0360200,"Chino, CA",murder,0.04930096736513672,0.0460290486021291,0.06457362873557773
6,CA0360200,"Chino, CA",murder,0.09738296415942169,0.08628590600775496,0.06458964900348611
7,CA0360200,"Chino, CA",murder,0.11118341410659602,0.10344286697214063,0.0645810489492097
8,CA0360200,"Chino, CA",murder,0.09275342812753531,0.09205681167332092,0.06458964900348611
9,CA0360200,"Chino, CA",murder,0.0384862404627525,0.03662969649562512,0.06457362873557773
10,CA0360200,"Chino, CA",murder,-0.00802783031255692,-0.013312997506602297,0.06457586751608148
11,CA0360200,"Chino, CA",murder,-0.006608455110596065,-0.006486068728164084,0.06457362873557772
12,CA0360200,"Chino, CA",murder,-0.0023119678719362097,0.006133647299070419,0.06458964900348611
1,CA0360400,"Fontana, CA",murder,-0.058804930073651264,-0.05700767318763955,0.06373509340608025
2,CA0360400,"Fontana, CA",murder,-0.135445940382076,-0.13060363683756238,0.06369277454365499
3,CA0360400,"Fontana, CA",murder,-0.13355723675023795,-0.11163097761806706,0.0637745301775109
4,CA0360400,"Fontana, CA",murder,-0.04435065372038784,-0.030937609977030676,0.06369417709402286
5,CA0360400,"Fontana, CA",murder,0.04930096736513672,0.0429661721264312,0.0637745301775109
6,CA0360400,"Fontana, CA",murder,0.09738296415942169,0.0970904230058087,0.06369277454365499
7,CA0360400,"Fontana, CA",murder,0.11118341410659602,0.1213269739086284,0.06373509340608023
8,CA0360400,"Fontana, CA",murder,0.09275342812753531,0.07882664952991311,0.06369277454365499
9,CA0360400,"Fontana, CA",murder,0.0384862404627525,-0.004465310410571066,0.06377453017751092
10,CA0360400,"Fontana, CA",murder,-0.00802783031255692,-0.03338169074395819,0.06369417709402286
11,CA0360400,"Fontana, CA",murder,-0.006608455110596065,0.008810815181218045,0.0637745301775109
12,CA0360400,"Fontana, CA",murder,-0.0023119678719362097,0.019005865022829485,0.06369277454365499
1,CA0370000,"San Diego, CA",murder,-0.058804930073651264,-0.018496402332341753,0.06110372492273787
2,CA0370000,"San Diego, CA",murder,-0.135445940382076,-0.15751765020108996,0.06134161942488656
3,CA0370000,"San Diego, CA",murder,-0.13355723675023795,-0.15840682123929214,0.06110986897593233
4,CA0370000,"San Diego, CA",murder,-0.04435065372038784,-0.037476419175451414,0.06128700262775476
5,CA0370000,"San Diego, CA",murder,0.04930096736513672,0.033886017857081945,0.06110986897593234
6,CA0370000,"San Diego, CA",murder,0.09738296415942169,0.03183601713389398,0.06134161942488656
7,CA0370000,"San Diego, CA",murder,0.11118341410659602,0.059591600872283115,0.06110372492273786
8,CA0370000,"San Diego, CA",murder,0.09275342812753531,0.09939676153653984,0.06134161942488656
9,CA0370000,"San Diego, CA",murder,0.0384862404627525,0.059190734034800664,0.06110986897593235
10,CA0370000,"San Diego, CA",murder,-0.00802783031255692,-0.0036187793644899434,0.06128700262775476
11,CA0370000,"San Diego, CA",murder,-0.006608455110596065,0.024234870807468147,0.06110986897593233
12,CA0370000,"San Diego, CA",murder,-0.0023119678719362097,0.06738007007059751,0.06134161942488656
1,CA0370100,"Carlsbad, CA",murder,-0.058804930073651264,-0.06498711987083983,0.06459821551966252
2,CA0370100,"Carlsbad, CA",murder,-0.135445940382076,-0.13699004296803982,0.0646070286597697
3,CA0370100,"Carlsbad, CA",murder,-0.13355723675023795,-0.13192223938661898,0.06459509564159754
4,CA0370100,"Carlsbad, CA",murder,-0.04435065372038784,-0.04835346768274761,0.06457944389631083
5,CA0370100,"Carlsbad, CA",murder,0.04930096736513672,0.03958933209417828,0.06459509564159756
6,CA0370100,"Carlsbad, CA",murder,0.09738296415942169,0.09665742356013289,0.0646070286597697
7,CA0370100,"Carlsbad, CA",murder,0.11118341410659602,0.12751210210166308,0.06459821551966252
8,CA0370100,"Carlsbad, CA",murder,0.09275342812753531,0.11268468385685886,0.0646070286597697
9,CA0370100,"Carlsbad, CA",murder,0.0384862404627525,0.045091898044614734,0.06459509564159756
10,CA0370100,"Carlsbad, CA",murder,-0.00802783031255692,-0.014171514548075664,0.06457944389631083
11,CA0370100,"Carlsbad, CA",murder,-0.006608455110596065,-0.015283972982997338,0.06459509564159754
12,CA0370100,"Carlsbad, CA",murder,-0.0023119678719362097,-0.009827082218128606,0.0646070286597697
1,CA0370200,"Chula Vista, CA",murder,-0.058804930073651264,-0.07514768584256973,0.06389406855285273
2,CA0370200,"Chula Vista, CA",murder,-0.135445940382076,-0.1290940973888263,0.06376490976169935
3,CA0370200,"Chula Vista, CA",murder,-0.13355723675023795,-0.09693281858346695,0.06385566967752994
4,CA0370200,"Chula Vista, CA",murder,-0.04435065372038784,-0.02099598918683637,0.06378581024190544
5,CA0370200,"Chula Vista, CA",murder,0.04930096736513672,0.03833286515036465,0.06385566967752995
6,CA0370200,"Chula Vista, CA",murder,0.09738296415942169,0.08103302882640726,0.06376490976169935
7,CA0370200,"Chula Vista, CA",murder,0.11118341410659602,0.10641614320339232,0.06389406855285272
8,CA0370200,"Chula Vista, CA",murder,0.09275342812753531,0.08035937054562058,0.06376490976169935
9,CA0370200,"Chula Vista, CA",murder,0.0384862404627525,0.016929634379438625,0.06385566967752995
10,CA0370200,"Chula Vista, CA",murder,-0.00802783031255692,-0.01027246817398623,0.06378581024190544
11,CA0370200,"Chula Vista, CA",murder,-0.006608455110596065,0.010401861692841038,0.06385566967752994
12,CA0370200,"Chula Vista, CA",murder,-0.0023119678719362097,-0.0010298446223788924,0.06376490976169935
1,CA0370500,"El Cajon, CA",murder,-0.058804930073651264,-0.07514116147142236,0.06434918323614311
2,CA0370500,"El Cajon, CA",murder,-0.135445940382076,-0.14814663691589758,0.06431770373809395
3,CA0370500,"El Cajon, CA",murder,-0.13355723675023795,-0.12412411618840155,0.06430587155076085
4,CA0370500,"El Cajon, CA",murder,-0.04435065372038784,-0.013626214229515552,0.06432181810979848
5,CA0370500,"El Cajon, CA",murder,0.04930096736513672,0.05972453117140128,0.06430587155076087
6,CA0370500,"El Cajon, CA",murder,0.09738296415942169,0.06851708447153514,0.06431770373809395
7,CA0370500,"El Cajon, CA",murder,0.11118341410659602,0.08787626751654125,0.0643491832361431
8,CA0370500,"El Cajon, CA",murder,0.09275342812753531,0.11571019305939906,0.06431770373809395
9,CA0370500,"El Cajon, CA",murder,0.0384862404627525,0.07895256628678415,0.06430587155076087
10,CA0370500,"El Cajon, CA",murder,-0.00802783031255692,8.911081843966789e-4,0.06432181810979848
11,CA0370500,"El Cajon, CA",murder,-0.006608455110596065,-0.027288087314902804,0.06430587155076085
12,CA0370500,"El Cajon, CA",murder,-0.0023119678719362097,-0.02334553456991773,0.06431770373809395
1,CA0370600,"Escondido, CA",murder,-0.058804930073651264,-0.05196144754980324,0.06432037603720765
2,CA0370600,"Escondido, CA",murder,-0.135445940382076,-0.12581291560859706,0.06434753199148921
3,CA0370600,"Escondido, CA",murder,-0.13355723675023795,-0.1274500070175362,0.06434376692007171
4,CA0370600,"Escondido, CA",murder,-0.04435065372038784,-0.04139276078651096,0.06434710509458759
5,CA0370600,"Escondido, CA",murder,0.04930096736513672,0.0478974624670455,0.06434376692007172
6,CA0370600,"Escondido, CA",murder,0.09738296415942169,0.09049902610854314,0.06434753199148921
7,CA0370600,"Escondido, CA",murder,0.11118341410659602,0.10575453883850595,0.06432037603720764
8,CA0370600,"Escondido, CA",murder,0.09275342812753531,0.09588305380286229,0.06434753199148921
9,CA0370600,"Escondido, CA",murder,0.0384862404627525,0.0437270539230987,0.06434376692007172
10,CA0370600,"Escondido, CA",murder,-0.00802783031255692,-0.012400330502191765,0.06434710509458759
11,CA0370600,"Escondido, CA",murder,-0.006608455110596065,-0.017967600661310756,0.06434376692007171
12,CA0370600,"Escondido, CA",murder,-0.0023119678719362097,-0.006776073014105622,0.06434753199148921
1,CA0370800,"La Mesa, CA",murder,-0.058804930073651264,-0.06323384937294112,0.06468034297226728
2,CA0370800,"La Mesa, CA",murder,-0.135445940382076,-0.143580511659474,0.0647160133542592
3,CA0370800,"La Mesa, CA",murder,-0.13355723675023795,-0.1308763542250397,0.06468963747774595
4,CA0370800,"La Mesa, CA",murder,-0.04435065372038784,-0.037302964227729794,0.06471278763194771
5,CA0370800,"La Mesa, CA",murder,0.04930096736513672,0.04359988105030531,0.06468963747774595
6,CA0370800,"La Mesa, CA",murder,0.09738296415942169,0.0854384936099622,0.0647160133542592
7,CA0370800,"La Mesa, CA",murder,0.11118341410659602,0.11355642028918907,0.06468034297226727
8,CA0370800,"La Mesa, CA",murder,0.09275342812753531,0.10671598194383292,0.0647160133542592
9,CA0370800,"La Mesa, CA",murder,0.0384862404627525,0.04368925359315068,0.06468963747774596
10,CA0370800,"La Mesa, CA",murder,-0.00802783031255692,-0.013019606688518159,0.06471278763194771
11,CA0370800,"La Mesa, CA",murder,-0.006608455110596065,-0.006735351334664262,0.06468963747774595
12,CA0370800,"La Mesa, CA",murder,-0.0023119678719362097,0.0017486070219268775,0.0647160133542592
1,CA0370900,"National City, CA",murder,-0.058804930073651264,-0.06943045720615976,0.06439617674802091
2,CA0370900,"National City, CA",murder,-0.135445940382076,-0.14710335221781198,0.06440202381537663
3,CA0370900,"National City, CA",murder,-0.13355723675023795,-0.13496234446020855,0.06443724696553711
4,CA0370900,"National City, CA",murder,-0.04435065372038784,-0.04478436691751561,0.06438241815855848
5,CA0370900,"National City, CA",murder,0.04930096736513672,0.04673864081494035,0.06443724696553713
6,CA0370900,"National City, CA",murder,0.09738296415942169,0.09995525334594492,0.06440202381537663
7,CA0370900,"National City, CA",murder,0.11118341410659602,0.11339217208232762,0.0643961767480209
8,CA0370900,"National City, CA",murder,0.09275342812753531,0.08248579044174205,0.06440202381537663
9,CA0370900,"National City, CA",murder,0.0384862404627525,0.026383067807970718,0.06443724696553713
10,CA0370900,"National City, CA",murder,-0.00802783031255692,8.226520413477284e-4,0.06438241815855848
11,CA0370900,"National City, CA",murder,-0.006608455110596065,0.017878920961129564,0.06443724696553711
12,CA0370900,"National City, CA",murder,-0.0023119678719362097,0.008624023306292965,0.06440202381537663
1,CA0371000,"Oceanside, CA",murder,-0.058804930073651264,-0.05301539947302637,0.06383390585354425
2,CA0371000,"Oceanside, CA",murder,-0.135445940382076,-0.13207324593489356,0.06383545888095712
3,CA0371000,"Oceanside, CA",murder,-0.13355723675023795,-0.1385898517159168,0.06383736447722373
4,CA0371000,"Oceanside, CA",murder,-0.04435065372038784,-0.05442885009826189,0.06387669918052276
5,CA0371000,"Oceanside, CA",murder,0.04930096736513672,0.050244774099273255,0.06383736447722373
6,CA0371000,"Oceanside, CA",murder,0.09738296415942169,0.11504164902780545,0.06383545888095712
7,CA0371000,"Oceanside, CA",murder,0.11118341410659602,0.12713283953739826,0.06383390585354423
8,CA0371000,"Oceanside, CA",murder,0.09275342812753531,0.08849181374475983,0.06383545888095712
9,CA0371000,"Oceanside, CA",murder,0.0384862404627525,0.020890979461411177,0.06383736447722374
10,CA0371000,"Oceanside, CA",murder,-0.00802783031255692,-0.019688589966110004,0.06387669918052276
11,CA0371000,"Oceanside, CA",murder,-0.006608455110596065,-0.006663341909139531,0.06383736447722373
12,CA0371000,"Oceanside, CA",murder,-0.0023119678719362097,0.0026572232267002274,0.06383545888095712
1,CA0371100,"San Diego, CA",murder,-0.058804930073651264,-0.05225156669027459,0.0584597981443404
2,CA0371100,"San Diego, CA",murder,-0.135445940382076,-0.17222697271584475,0.05824331565287036
3,CA0371100,"San Diego, CA",murder,-0.13355723675023795,-0.19283421568871117,0.058476407594943436
4,CA0371100,"San Diego, CA",murder,-0.04435065372038784,-0.04510702484301068,0.05806162172805995
5,CA0371100,"San Diego, CA",murder,0.04930096736513672,0.1045367982525413,0.058476407594943436
6,CA0371100,"San Diego, CA",murder,0.09738296415942169,0.1262005017438984,0.05824331565287036
7,CA0371100,"San Diego, CA",murder,0.11118341410659602,0.09786340768814344,0.05845979814434039
8,CA0371100,"San Diego, CA",murder,0.09275342812753531,0.1002231353380517,0.05824331565287036
9,CA0371100,"San Diego, CA",murder,0.0384862404627525,0.0752185373130493,0.05847640759494344
10,CA0371100,"San Diego, CA",murder,-0.00802783031255692,-5.048161548581374e-4,0.05806162172805995
11,CA0371100,"San Diego, CA",murder,-0.006608455110596065,-0.03253296087474828,0.058476407594943436
12,CA0371100,"San Diego, CA",murder,-0.0023119678719362097,-0.008584823368236558,0.05824331565287036
1,CA0380100,"San Francisco, CA",murder,-0.058804930073651264,-0.08709600511241863,0.057704755215116386
2,CA0380100,"San Francisco, CA",murder,-0.135445940382076,-0.14213686984386026,0.05777561082883233
3,CA0380100,"San Francisco, CA",murder,-0.13355723675023795,-0.1322055782734513,0.057711761519487106
4,CA0380100,"San Francisco, CA",murder,-0.04435065372038784,-0.050723060353958474,0.05774601754872056
5,CA0380100,"San Francisco, CA",murder,0.04930096736513672,0.04664841771903948,0.05771176151948711
6,CA0380100,"San Francisco, CA",murder,0.09738296415942169,0.10856648995760083,0.05777561082883233
7,CA0380100,"San Francisco, CA",murder,0.11118341410659602,0.12308489632377961,0.05770475521511638
8,CA0380100,"San Francisco, CA",murder,0.09275342812753531,0.09839235019143605,0.05777561082883233
9,CA0380100,"San Francisco, CA",murder,0.0384862404627525,0.0524721674096661,0.05771176151948712
10,CA0380100,"San Francisco, CA",murder,-0.00802783031255692,0.014734169142597486,0.05774601754872056
11,CA0380100,"San Francisco, CA",murder,-0.006608455110596065,-0.002903898066615303,0.057711761519487106
12,CA0380100,"San Francisco, CA",murder,-0.0023119678719362097,-0.02883307909381559,0.05777561082883233
1,CA0390300,"Manteca, CA",murder,-0.058804930073651264,-0.06088211223985217,0.06460025772501421
2,CA0390300,"Manteca, CA",murder,-0.135445940382076,-0.14160246591387798,0.06460516243622035
3,CA0390300,"Manteca, CA",murder,-0.13355723675023795,-0.14308371293231278,0.06459947870831063
4,CA0390300,"Manteca, CA",murder,-0.04435065372038784,-0.05113882906722677,0.06459671543847768
5,CA0390300,"Manteca, CA",murder,0.04930096736513672,0.052123924190882055,0.06459947870831065
6,CA0390300,"Manteca, CA",murder,0.09738296415942169,0.10822769759265155,0.06460516243622035
7,CA0390300,"Manteca, CA",murder,0.11118341410659602,0.12069913276311556,0.0646002577250142
8,CA0390300,"Manteca, CA",murder,0.09275342812753531,0.0951096475353194,0.06460516243622035
9,CA0390300,"Manteca, CA",murder,0.0384862404627525,0.03677387403049083,0.06459947870831065
10,CA0390300,"Manteca, CA",murder,-0.00802783031255692,-0.008678191456036623,0.06459671543847768
11,CA0390300,"Manteca, CA",murder,-0.006608455110596065,-0.005631105812323512,0.06459947870831063
12,CA0390300,"Manteca, CA",murder,-0.0023119678719362097,-0.0019178586908295556,0.06460516243622035
1,CA0390600,"Tracy, CA",murder,-0.058804930073651264,-0.06885011212813541,0.06430217675577785
2,CA0390600,"Tracy, CA",murder,-0.135445940382076,-0.15278071367982238,0.06428847428541372
3,CA0390600,"Tracy, CA",murder,-0.13355723675023795,-0.1479401505904916,0.06423835572552676
4,CA0390600,"Tracy, CA",murder,-0.04435065372038784,-0.04642631007639348,0.06422221667494629
5,CA0390600,"Tracy, CA",murder,0.04930096736513672,0.05863347071716023,0.06423835572552676
6,CA0390600,"Tracy, CA",murder,0.09738296415942169,0.11352192509907322,0.06428847428541372
7,CA0390600,"Tracy, CA",murder,0.11118341410659602,0.13051877782450869,0.06430217675577783
8,CA0390600,"Tracy, CA",murder,0.09275342812753531,0.10806402093992594,0.06428847428541372
9,CA0390600,"Tracy, CA",murder,0.0384862404627525,0.04155479215422188,0.06423835572552676
10,CA0390600,"Tracy, CA",murder,-0.00802783031255692,-0.015242355619979803,0.06422221667494629
11,CA0390600,"Tracy, CA",murder,-0.006608455110596065,-0.013916777977263818,0.06423835572552676
12,CA0390600,"Tracy, CA",murder,-0.0023119678719362097,-0.007136566662803457,0.06428847428541372
1,CA0410000,"San Mateo, CA",murder,-0.058804930073651264,-0.02916292093636281,0.06461011933290406
2,CA0410000,"San Mateo, CA",murder,-0.135445940382076,-0.11765826974989975,0.06452735611332544
3,CA0410000,"San Mateo, CA",murder,-0.13355723675023795,-0.14546713375174736,0.0645613285806114
4,CA0410000,"San Mateo, CA",murder,-0.04435065372038784,-0.06583800043792566,0.06458940016201488
5,CA0410000,"San Mateo, CA",murder,0.04930096736513672,0.03802638288588061,0.0645613285806114
6,CA0410000,"San Mateo, CA",murder,0.09738296415942169,0.09411075475068471,0.06452735611332544
7,CA0410000,"San Mateo, CA",murder,0.11118341410659602,0.11349948093683836,0.06461011933290406
8,CA0410000,"San Mateo, CA",murder,0.09275342812753531,0.10431292832754546,0.06452735611332544
9,CA0410000,"San Mateo, CA",murder,0.0384862404627525,0.047785232328917515,0.06456132858061141
10,CA0410000,"San Mateo, CA",murder,-0.00802783031255692,-0.018498559562549893,0.06458940016201488
11,CA0410000,"San Mateo, CA",murder,-0.006608455110596065,-0.024681041463526343,0.0645613285806114
12,CA0410000,"San Mateo, CA",murder,-0.0023119678719362097,0.003571146672145145,0.06452735611332544
1,CA0410600,"Daly City, CA",murder,-0.058804930073651264,-0.05441527369641654,0.06474132468176012
2,CA0410600,"Daly City, CA",murder,-0.135445940382076,-0.13293522648665676,0.06473752410036065
3,CA0410600,"Daly City, CA",murder,-0.13355723675023795,-0.13452772437761487,0.06474142433493532
4,CA0410600,"Daly City, CA",murder,-0.04435065372038784,-0.04198118372371724,0.0647377185284964
5,CA0410600,"Daly City, CA",murder,0.04930096736513672,0.0550097287132395,0.06474142433493534
6,CA0410600,"Daly City, CA",murder,0.09738296415942169,0.09660547681022898,0.06473752410036065
7,CA0410600,"Daly City, CA",murder,0.11118341410659602,0.10205429356386436,0.06474132468176011
8,CA0410600,"Daly City, CA",murder,0.09275342812753531,0.0863099809048127,0.06473752410036065
9,CA0410600,"Daly City, CA",murder,0.0384862404627525,0.040263458928322976,0.06474142433493534
10,CA0410600,"Daly City, CA",murder,-0.00802783031255692,-0.0056578361437305815,0.0647377185284964
11,CA0410600,"Daly City, CA",murder,-0.006608455110596065,-0.008384483131395469,0.06474142433493532
12,CA0410600,"Daly City, CA",murder,-0.0023119678719362097,-0.0023412113609370695,0.06473752410036065
1,CA0411300,"Redwood City, CA",murder,-0.058804930073651264,-0.058515606004240654,0.0648152947773872
2,CA0411300,"Redwood City, CA",murder,-0.135445940382076,-0.13779824052874587,0.06481510641396838
3,CA0411300,"Redwood City, CA",murder,-0.13355723675023795,-0.13246404303943968,0.06481367598131732
4,CA0411300,"Redwood City, CA",murder,-0.04435065372038784,-0.043939432026932124,0.0648077162770248
5,CA0411300,"Redwood City, CA",murder,0.04930096736513672,0.04476800444976601,0.06481367598131733
6,CA0411300,"Redwood City, CA",murder,0.09738296415942169,0.09126978591471081,0.06481510641396838
7,CA0411300,"Redwood City, CA",murder,0.11118341410659602,0.1062900927232955,0.06481529477738719
8,CA0411300,"Redwood City, CA",murder,0.09275342812753531,0.08693696451353349,0.06481510641396838
9,CA0411300,"Redwood City, CA",murder,0.0384862404627525,0.033828280305172445,0.06481367598131733
10,CA0411300,"Redwood City, CA",murder,-0.00802783031255692,-0.0038350546921227372,0.0648077162770248
11,CA0411300,"Redwood City, CA",murder,-0.006608455110596065,0.00609327156544634,0.06481367598131732
12,CA0411300,"Redwood City, CA",murder,-0.0023119678719362097,0.007365976819556462,0.06481510641396838
1,CA0420400,"Santa Maria, CA",murder,-0.058804930073651264,-0.05042103990260831,0.06409913391380083
2,CA0420400,"Santa Maria, CA",murder,-0.135445940382076,-0.1462337909725691,0.06415763070805802
3,CA0420400,"Santa Maria, CA",murder,-0.13355723675023795,-0.15851235051034673,0.06415673393459559
4,CA0420400,"Santa Maria, CA",murder,-0.04435065372038784,-0.05892413049581183,0.06411053151611011
5,CA0420400,"Santa Maria, CA",murder,0.04930096736513672,0.06127468886023671,0.06415673393459559
6,CA0420400,"Santa Maria, CA",murder,0.09738296415942169,0.12257329442213676,0.06415763070805802
7,CA0420400,"Santa Maria, CA",murder,0.11118341410659602,0.12394547991927775,0.06409913391380082
8,CA0420400,"Santa Maria, CA",murder,0.09275342812753531,0.0854153930687437,0.06415763070805802
9,CA0420400,"Santa Maria, CA",murder,0.0384862404627525,0.02416951258985184,0.0641567339345956
10,CA0420400,"Santa Maria, CA",murder,-0.00802783031255692,-0.01460030952085762,0.06411053151611011
11,CA0420400,"Santa Maria, CA",murder,-0.006608455110596065,-4.5629095641130696e-4,0.06415673393459559
12,CA0420400,"Santa Maria, CA",murder,-0.0023119678719362097,0.011769543498358157,0.06415763070805802
1,CA0430400,"Gilroy, CA",murder,-0.058804930073651264,-0.06693455852335539,0.06468219634450484
2,CA0430400,"Gilroy, CA",murder,-0.135445940382076,-0.13837763360027927,0.0646620159482752
3,CA0430400,"Gilroy, CA",murder,-0.13355723675023795,-0.13675610110844857,0.06468282877398726
4,CA0430400,"Gilroy, CA",murder,-0.04435065372038784,-0.05715236781209322,0.06466228336651442
5,CA0430400,"Gilroy, CA",murder,0.04930096736513672,0.041254384141877945,0.06468282877398727
6,CA0430400,"Gilroy, CA",murder,0.09738296415942169,0.11021515127641948,0.0646620159482752
7,CA0430400,"Gilroy, CA",murder,0.11118341410659602,0.1296258575721791,0.06468219634450484
8,CA0430400,"Gilroy, CA",murder,0.09275342812753531,0.09321980566578292,0.0646620159482752
9,CA0430400,"Gilroy, CA",murder,0.0384862404627525,0.028906974125128493,0.06468282877398727
10,CA0430400,"Gilroy, CA",murder,-0.00802783031255692,-0.005538931236730502,0.06466228336651442
11,CA0430400,"Gilroy, CA",murder,-0.006608455110596065,0.00390344379261839,0.06468282877398727
12,CA0430400,"Gilroy, CA",murder,-0.0023119678719362097,-0.0023660242930993486,0.0646620159482752
1,CA0430800,"Milpitas, CA",murder,-0.058804930073651264,-0.05303589259541032,0.06476292388998886
2,CA0430800,"Milpitas, CA",murder,-0.135445940382076,-0.1282927250829864,0.06476955185513755
3,CA0430800,"Milpitas, CA",murder,-0.13355723675023795,-0.13422169621783323,0.06476301184639673
4,CA0430800,"Milpitas, CA",murder,-0.04435065372038784,-0.04844362889740397,0.06476630161684707
5,CA0430800,"Milpitas, CA",murder,0.04930096736513672,0.049891421699831996,0.06476301184639674
6,CA0430800,"Milpitas, CA",murder,0.09738296415942169,0.09810027189736797,0.06476955185513755
7,CA0430800,"Milpitas, CA",murder,0.11118341410659602,0.10490280922112957,0.06476292388998885
8,CA0430800,"Milpitas, CA",murder,0.09275342812753531,0.08582607646905356,0.06476955185513755
9,CA0430800,"Milpitas, CA",murder,0.0384862404627525,0.039888130978181134,0.06476301184639674
10,CA0430800,"Milpitas, CA",murder,-0.00802783031255692,-0.003423287728315288,0.06476630161684707
11,CA0430800,"Milpitas, CA",murder,-0.006608455110596065,-0.007424773085899188,0.06476301184639673
12,CA0430800,"Milpitas, CA",murder,-0.0023119678719362097,-0.003766706657715852,0.06476955185513755
1,CA0431100,"Mountain View, CA",murder,-0.058804930073651264,-0.05742370131584694,0.06486036207943345
2,CA0431100,"Mountain View, CA",murder,-0.135445940382076,-0.13790963263733924,0.06486268131937621
3,CA0431100,"Mountain View, CA",murder,-0.13355723675023795,-0.13834136873900948,0.06486406595983091
4,CA0431100,"Mountain View, CA",murder,-0.04435065372038784,-0.04813034573366741,0.06486595016265917
5,CA0431100,"Mountain View, CA",murder,0.04930096736513672,0.046508017366358435,0.06486406595983091
6,CA0431100,"Mountain View, CA",murder,0.09738296415942169,0.09570208817099414,0.06486268131937621
7,CA0431100,"Mountain View, CA",murder,0.11118341410659602,0.1136815300353085,0.06486036207943344
8,CA0431100,"Mountain View, CA",murder,0.09275342812753531,0.0995503309827383,0.06486268131937621
9,CA0431100,"Mountain View, CA",murder,0.0384862404627525,0.04372423836494699,0.06486406595983092
10,CA0431100,"Mountain View, CA",murder,-0.00802783031255692,-0.008127482985794148,0.06486595016265917
11,CA0431100,"Mountain View, CA",murder,-0.006608455110596065,-0.008148715711757536,0.06486406595983091
12,CA0431100,"Mountain View, CA",murder,-0.0023119678719362097,-0.0010849577969316217,0.06486268131937621
1,CA0431200,"Palo Alto, CA",murder,-0.058804930073651264,-0.056438687845924145,0.06492578243271303
2,CA0431200,"Palo Alto, CA",murder,-0.135445940382076,-0.13383433130181574,0.06492469048578081
3,CA0431200,"Palo Alto, CA",murder,-0.13355723675023795,-0.1360908873629846,0.0649238239600826
4,CA0431200,"Palo Alto, CA",murder,-0.04435065372038784,-0.048533721336291746,0.06492801335685584
5,CA0431200,"Palo Alto, CA",murder,0.04930096736513672,0.04949836644490692,0.06492382396008262
6,CA0431200,"Palo Alto, CA",murder,0.09738296415942169,0.10258702757520696,0.06492469048578081
7,CA0431200,"Palo Alto, CA",murder,0.11118341410659602,0.11563648986282943,0.06492578243271303
8,CA0431200,"Palo Alto, CA",murder,0.09275342812753531,0.092632990691852,0.06492469048578081
9,CA0431200,"Palo Alto, CA",murder,0.0384862404627525,0.035691744736115576,0.06492382396008262
10,CA0431200,"Palo Alto, CA",murder,-0.00802783031255692,-0.01066408068061355,0.06492801335685584
11,CA0431200,"Palo Alto, CA",murder,-0.006608455110596065,-0.0082970258349432,0.0649238239600826
12,CA0431200,"Palo Alto, CA",murder,-0.0023119678719362097,-0.002187884948337893,0.06492469048578081
1,CA0431400,"Santa Clara, CA",murder,-0.058804930073651264,-0.05775975401303849,0.06479673192631635
2,CA0431400,"Santa Clara, CA",murder,-0.135445940382076,-0.1368896117259649,0.06479511101504426
3,CA0431400,"Santa Clara, CA",murder,-0.13355723675023795,-0.13624681765473248,0.06479282079542152
4,CA0431400,"Santa Clara, CA",murder,-0.04435065372038784,-0.046583158733605946,0.06479838015873479
5,CA0431400,"Santa Clara, CA",murder,0.04930096736513672,0.048561347037751376,0.06479282079542154
6,CA0431400,"Santa Clara, CA",murder,0.09738296415942169,0.10025278530778463,0.06479511101504426
7,CA0431400,"Santa Clara, CA",murder,0.11118341410659602,0.118063071981116,0.06479673192631634
8,CA0431400,"Santa Clara, CA",murder,0.09275342812753531,0.09858742968371419,0.06479511101504426
9,CA0431400,"Santa Clara, CA",murder,0.0384862404627525,0.037641317644404274,0.06479282079542154
10,CA0431400,"Santa Clara, CA",murder,-0.00802783031255692,-0.013720159234471571,0.06479838015873479
11,CA0431400,"Santa Clara, CA",murder,-0.006608455110596065,-0.010259164995500709,0.06479282079542152
12,CA0431400,"Santa Clara, CA",murder,-0.0023119678719362097,-0.0016472852974563862,0.06479511101504425
1,CA0431600,"Sunnyvale, CA",murder,-0.058804930073651264,-0.05314085097323781,0.06469676021175917
2,CA0431600,"Sunnyvale, CA",murder,-0.135445940382076,-0.1373768663351969,0.06468404580045252
3,CA0431600,"Sunnyvale, CA",murder,-0.13355723675023795,-0.13920199853426987,0.0647012656407523
4,CA0431600,"Sunnyvale, CA",murder,-0.04435065372038784,-0.040468490773061055,0.06468542664918887
5,CA0431600,"Sunnyvale, CA",murder,0.04930096736513672,0.05846641857955428,0.0647012656407523
6,CA0431600,"Sunnyvale, CA",murder,0.09738296415942169,0.09690073600975668,0.06468404580045252
7,CA0431600,"Sunnyvale, CA",murder,0.11118341410659602,0.10347892695933877,0.06469676021175917
8,CA0431600,"Sunnyvale, CA",murder,0.09275342812753531,0.09220582033669804,0.06468404580045252
9,CA0431600,"Sunnyvale, CA",murder,0.0384862404627525,0.04369287654967001,0.0647012656407523
10,CA0431600,"Sunnyvale, CA",murder,-0.00802783031255692,-0.009869585213039914,0.06468542664918887
11,CA0431600,"Sunnyvale, CA",murder,-0.006608455110596065,-0.013295372581055427,0.0647012656407523
12,CA0431600,"Sunnyvale, CA",murder,-0.0023119678719362097,-0.0013916140251568083,0.06468404580045252
1,CA0440000,"Santa Cruz, CA",murder,-0.058804930073651264,-0.06690573401751286,0.06450199595705546
2,CA0440000,"Santa Cruz, CA",murder,-0.135445940382076,-0.13448829569804607,0.06449398744263876
3,CA0440000,"Santa Cruz, CA",murder,-0.13355723675023795,-0.12954518723435893,0.06448803125656598
4,CA0440000,"Santa Cruz, CA",murder,-0.04435065372038784,-0.04175287643313077,0.06451529785956417
5,CA0440000,"Santa Cruz, CA",murder,0.04930096736513672,0.050443769786947985,0.06448803125656598
6,CA0440000,"Santa Cruz, CA",murder,0.09738296415942169,0.09371739736133017,0.06449398744263876
7,CA0440000,"Santa Cruz, CA",murder,0.11118341410659602,0.10168753504832628,0.06450199595705544
8,CA0440000,"Santa Cruz, CA",murder,0.09275342812753531,0.08811090528950671,0.06449398744263876
9,CA0440000,"Santa Cruz, CA",murder,0.0384862404627525,0.04838599579500613,0.06448803125656599
10,CA0440000,"Santa Cruz, CA",murder,-0.00802783031255692,0.006971075402317337,0.06451529785956417
11,CA0440000,"Santa Cruz, CA",murder,-0.006608455110596065,-0.004066379378408645,0.06448803125656598
12,CA0440000,"Santa Cruz, CA",murder,-0.0023119678719362097,-0.012558205921977336,0.06449398744263876
1,CA0440200,"Santa Cruz, CA",murder,-0.058804930073651264,-0.06315082186947546,0.06476289143026295
2,CA0440200,"Santa Cruz, CA",murder,-0.135445940382076,-0.1344881309435823,0.06474504946091197
3,CA0440200,"Santa Cruz, CA",murder,-0.13355723675023795,-0.12620505157063822,0.06476536648312266
4,CA0440200,"Santa Cruz, CA",murder,-0.04435065372038784,-0.044265513456719655,0.06474796726233358
5,CA0440200,"Santa Cruz, CA",murder,0.04930096736513672,0.041478724261058864,0.06476536648312266
6,CA0440200,"Santa Cruz, CA",murder,0.09738296415942169,0.09727827416788357,0.06474504946091197
7,CA0440200,"Santa Cruz, CA",murder,0.11118341410659602,0.12054962460978129,0.06476289143026294
8,CA0440200,"Santa Cruz, CA",murder,0.09275342812753531,0.09482210424201316,0.06474504946091197
9,CA0440200,"Santa Cruz, CA",murder,0.0384862404627525,0.029140222128763223,0.06476536648312267
10,CA0440200,"Santa Cruz, CA",murder,-0.00802783031255692,-0.013133289283586182,0.06474796726233358
11,CA0440200,"Santa Cruz, CA",murder,-0.006608455110596065,-0.0018126975594897465,0.06476536648312266
12,CA0440200,"Santa Cruz, CA",murder,-0.0023119678719362097,-2.1344472600853869e-4,0.06474504946091197
1,CA0480300,"Fairfield, CA",murder,-0.058804930073651264,-0.08351264510773783,0.06380243151534845
2,CA0480300,"Fairfield, CA",murder,-0.135445940382076,-0.14057768092616868,0.06376107109816147
3,CA0480300,"Fairfield, CA",murder,-0.13355723675023795,-0.12016227828306236,0.06378592410050264
4,CA0480300,"Fairfield, CA",murder,-0.04435065372038784,-0.038197769383104666,0.06374306326991509
5,CA0480300,"Fairfield, CA",murder,0.04930096736513672,0.04472159385117038,0.06378592410050266
6,CA0480300,"Fairfield, CA",murder,0.09738296415942169,0.10166424232127795,0.06376107109816147
7,CA0480300,"Fairfield, CA",murder,0.11118341410659602,0.1254718120505655,0.06380243151534844
8,CA0480300,"Fairfield, CA",murder,0.09275342812753531,0.09912035561657379,0.06376107109816147
9,CA0480300,"Fairfield, CA",murder,0.0384862404627525,0.03674578603063976,0.06378592410050266
10,CA0480300,"Fairfield, CA",murder,-0.00802783031255692,-0.0037613975597230367,0.06374306326991509
11,CA0480300,"Fairfield, CA",murder,-0.006608455110596065,-0.003264268541575509,0.06378592410050264
12,CA0480300,"Fairfield, CA",murder,-0.0023119678719362097,-0.018247750068855293,0.06376107109816147
1,CA0480600,"Vacaville, CA",murder,-0.058804930073651264,-0.054512498111324754,0.06468902545286707
2,CA0480600,"Vacaville, CA",murder,-0.135445940382076,-0.13747480365277473,0.06467990629966057
3,CA0480600,"Vacaville, CA",murder,-0.13355723675023795,-0.14054854562991972,0.06467914203475772
4,CA0480600,"Vacaville, CA",murder,-0.04435065372038784,-0.04739450830021996,0.06468702242978033
5,CA0480600,"Vacaville, CA",murder,0.04930096736513672,0.052891475300919435,0.06467914203475773
6,CA0480600,"Vacaville, CA",murder,0.09738296415942169,0.10392928729475252,0.06467990629966057
7,CA0480600,"Vacaville, CA",murder,0.11118341410659602,0.11869374414265109,0.06468902545286707
8,CA0480600,"Vacaville, CA",murder,0.09275342812753531,0.09924532462219196,0.06467990629966057
9,CA0480600,"Vacaville, CA",murder,0.0384862404627525,0.03813782056801062,0.06467914203475773
10,CA0480600,"Vacaville, CA",murder,-0.00802783031255692,-0.01678673773110638,0.06468702242978033
11,CA0480600,"Vacaville, CA",murder,-0.006608455110596065,-0.014661996270336687,0.06467914203475772
12,CA0480600,"Vacaville, CA",murder,-0.0023119678719362097,-0.0015185622328433854,0.06467990629966057
1,CA0480700,"Vallejo, CA",murder,-0.058804930073651264,-0.07683972823987564,0.06159041922224477
2,CA0480700,"Vallejo, CA",murder,-0.135445940382076,-0.11691957668344818,0.06188782224555623
3,CA0480700,"Vallejo, CA",murder,-0.13355723675023795,-0.12576314681784792,0.06179385305392367
4,CA0480700,"Vallejo, CA",murder,-0.04435065372038784,-0.06930624869468732,0.06163805691124509
5,CA0480700,"Vallejo, CA",murder,0.04930096736513672,0.021688043764505362,0.061793853053923674
6,CA0480700,"Vallejo, CA",murder,0.09738296415942169,0.09417196229551367,0.06188782224555623
7,CA0480700,"Vallejo, CA",murder,0.11118341410659602,0.12848438000065743,0.061590419222244765
8,CA0480700,"Vallejo, CA",murder,0.09275342812753531,0.12519397883537178,0.06188782224555623
9,CA0480700,"Vallejo, CA",murder,0.0384862404627525,0.08239289720898973,0.06179385305392368
10,CA0480700,"Vallejo, CA",murder,-0.00802783031255692,0.01766159693390553,0.06163805691124509
11,CA0480700,"Vallejo, CA",murder,-0.006608455110596065,-0.029962445916428996,0.06179385305392367
12,CA0480700,"Vallejo, CA",murder,-0.0023119678719362097,-0.05080171268665543,0.06188782224555622
1,CA0490000,"Sonoma, CA",murder,-0.058804930073651264,-0.07057502703304622,0.06461068309503162
2,CA0490000,"Sonoma, CA",murder,-0.135445940382076,-0.13632076049277342,0.06458231451965286
3,CA0490000,"Sonoma, CA",murder,-0.13355723675023795,-0.12560185548218106,0.06459905490668665
4,CA0490000,"Sonoma, CA",murder,-0.04435065372038784,-0.044417004899948896,0.06461805691351862
5,CA0490000,"Sonoma, CA",murder,0.04930096736513672,0.03901414864008748,0.06459905490668666
6,CA0490000,"Sonoma, CA",murder,0.09738296415942169,0.08746694900487978,0.06458231451965286
7,CA0490000,"Sonoma, CA",murder,0.11118341410659602,0.10414233177900231,0.06461068309503161
8,CA0490000,"Sonoma, CA",murder,0.09275342812753531,0.08715500125945395,0.06458231451965288
9,CA0490000,"Sonoma, CA",murder,0.0384862404627525,0.04286879150290549,0.06459905490668666
10,CA0490000,"Sonoma, CA",murder,-0.00802783031255692,0.010849700153992795,0.06461805691351862
11,CA0490000,"Sonoma, CA",murder,-0.006608455110596065,0.010151610593231952,0.06459905490668665
12,CA0490000,"Sonoma, CA",murder,-0.0023119678719362097,-0.004733885025604167,0.06458231451965286
1,CA0490500,"Santa Rosa, CA",murder,-0.058804930073651264,-0.033997258196012764,0.06385025491540654
2,CA0490500,"Santa Rosa, CA",murder,-0.135445940382076,-0.11254694771366558,0.06383291355630075
3,CA0490500,"Santa Rosa, CA",murder,-0.13355723675023795,-0.13675826808045927,0.06385178073082619
4,CA0490500,"Santa Rosa, CA",murder,-0.04435065372038784,-0.05414456968203931,0.06389970193669281
5,CA0490500,"Santa Rosa, CA",murder,0.04930096736513672,0.057685088189518674,0.0638517807308262
6,CA0490500,"Santa Rosa, CA",murder,0.09738296415942169,0.11149333970307342,0.06383291355630075
7,CA0490500,"Santa Rosa, CA",murder,0.11118341410659602,0.109445621689208,0.06385025491540652
8,CA0490500,"Santa Rosa, CA",murder,0.09275342812753531,0.08174730013820125,0.06383291355630075
9,CA0490500,"Santa Rosa, CA",murder,0.0384862404627525,0.03051025701179969,0.0638517807308262
10,CA0490500,"Santa Rosa, CA",murder,-0.00802783031255692,-0.02130379381115593,0.06389970193669281
11,CA0490500,"Santa Rosa, CA",murder,-0.006608455110596065,-0.026885440614054363,0.06385178073082619
12,CA0490500,"Santa Rosa, CA",murder,-0.0023119678719362097,-0.005245328634413845,0.06383291355630073
1,CA0490800,"Petaluma, CA",murder,-0.058804930073651264,-0.06752559898058641,0.06481514264741747
2,CA0490800,"Petaluma, CA",murder,-0.135445940382076,-0.13269657541677182,0.06482584119329231
3,CA0490800,"Petaluma, CA",murder,-0.13355723675023795,-0.12420430570156805,0.06483186600702422
4,CA0490800,"Petaluma, CA",murder,-0.04435065372038784,-0.04376408800289698,0.06480796474143097
5,CA0490800,"Petaluma, CA",murder,0.04930096736513672,0.039759890545404485,0.06483186600702423
6,CA0490800,"Petaluma, CA",murder,0.09738296415942169,0.09195493372220427,0.06482584119329231
7,CA0490800,"Petaluma, CA",murder,0.11118341410659602,0.1166812028800062,0.06481514264741746
8,CA0490800,"Petaluma, CA",murder,0.09275342812753531,0.10135362802107012,0.06482584119329231
9,CA0490800,"Petaluma, CA",murder,0.0384862404627525,0.04370575440644654,0.06483186600702423
10,CA0490800,"Petaluma, CA",murder,-0.00802783031255692,-0.005391515896522824,0.06480796474143097
11,CA0490800,"Petaluma, CA",murder,-0.006608455110596065,-0.0084169431497028,0.06483186600702422
12,CA0490800,"Petaluma, CA",murder,-0.0023119678719362097,-0.011456382427082712,0.0648258411932923
1,CA0540000,"Tulare, CA",murder,-0.058804930073651264,-0.05311197735095744,0.06273057692016358
2,CA0540000,"Tulare, CA",murder,-0.135445940382076,-0.14793750542738968,0.06279298587531465
3,CA0540000,"Tulare, CA",murder,-0.13355723675023795,-0.13602285261637512,0.06274640090852045
4,CA0540000,"Tulare, CA",murder,-0.04435065372038784,-0.02629279307890912,0.06279434026811077
5,CA0540000,"Tulare, CA",murder,0.04930096736513672,0.05584400659294318,0.06274640090852045
6,CA0540000,"Tulare, CA",murder,0.09738296415942169,0.07644748179185053,0.06279298587531465
7,CA0540000,"Tulare, CA",murder,0.11118341410659602,0.093541480490536,0.06273057692016357
8,CA0540000,"Tulare, CA",murder,0.09275342812753531,0.09967902979718143,0.06279298587531465
9,CA0540000,"Tulare, CA",murder,0.0384862404627525,0.04733487384658831,0.06274640090852046
10,CA0540000,"Tulare, CA",murder,-0.00802783031255692,-0.014136710060669433,0.06279434026811077
11,CA0540000,"Tulare, CA",murder,-0.006608455110596065,-0.00758553096273497,0.06274640090852045
12,CA0540000,"Tulare, CA",murder,-0.0023119678719362097,0.012240496977936291,0.06279298587531465
1,CA0540500,"Porterville, CA",murder,-0.058804930073651264,-0.059145194887522096,0.06452746642613712
2,CA0540500,"Porterville, CA",murder,-0.135445940382076,-0.12867479562348133,0.0645192312886924
3,CA0540500,"Porterville, CA",murder,-0.13355723675023795,-0.1159440355949243,0.06452588523650478
4,CA0540500,"Porterville, CA",murder,-0.04435065372038784,-0.035279239975781744,0.06450741526122238
5,CA0540500,"Porterville, CA",murder,0.04930096736513672,0.03980473982828056,0.06452588523650479
6,CA0540500,"Porterville, CA",murder,0.09738296415942169,0.08614874708404333,0.0645192312886924
7,CA0540500,"Porterville, CA",murder,0.11118341410659602,0.1104875335204077,0.06452746642613712
8,CA0540500,"Porterville, CA",murder,0.09275342812753531,0.09054740571786327,0.0645192312886924
9,CA0540500,"Porterville, CA",murder,0.0384862404627525,0.026474307056420635,0.06452588523650479
10,CA0540500,"Porterville, CA",murder,-0.00802783031255692,-0.016063098657103876,0.06450741526122238
11,CA0540500,"Porterville, CA",murder,-0.006608455110596065,-0.001677349922662533,0.06452588523650479
12,CA0540500,"Porterville, CA",murder,-0.0023119678719362097,0.0033209814544603944,0.0645192312886924
1,CA0540600,"Tulare, CA",murder,-0.058804930073651264,-0.0504119081914805,0.06414151513748388
2,CA0540600,"Tulare, CA",murder,-0.135445940382076,-0.14118320434038883,0.06413178774344595
3,CA0540600,"Tulare, CA",murder,-0.13355723675023795,-0.14519393088310928,0.06413745143748732
4,CA0540600,"Tulare, CA",murder,-0.04435065372038784,-0.04422091723778627,0.06413719632986821
5,CA0540600,"Tulare, CA",murder,0.04930096736513672,0.05603011162469434,0.06413745143748732
6,CA0540600,"Tulare, CA",murder,0.09738296415942169,0.09866155468667509,0.06413178774344595
7,CA0540600,"Tulare, CA",murder,0.11118341410659602,0.11454073854173757,0.06414151513748387
8,CA0540600,"Tulare, CA",murder,0.09275342812753531,0.10597548646984273,0.06413178774344595
9,CA0540600,"Tulare, CA",murder,0.0384862404627525,0.04585738266230607,0.06413745143748732
10,CA0540600,"Tulare, CA",murder,-0.00802783031255692,-0.019907913112470806,0.06413719632986821
11,CA0540600,"Tulare, CA",murder,-0.006608455110596065,-0.020822393754148252,0.06413745143748732
12,CA0540600,"Tulare, CA",murder,-0.0023119678719362097,6.749935341281252e-4,0.06413178774344595
1,CA0540700,"Visalia, CA",murder,-0.058804930073651264,-0.07378716296847426,0.0634395676577935
2,CA0540700,"Visalia, CA",murder,-0.135445940382076,-0.1420667753722917,0.06343489767457001
3,CA0540700,"Visalia, CA",murder,-0.13355723675023795,-0.12712942396178462,0.06345784085809582
4,CA0540700,"Visalia, CA",murder,-0.04435065372038784,-0.03532101237607714,0.0634466387470087
5,CA0540700,"Visalia, CA",murder,0.04930096736513672,0.060174601957896236,0.06345784085809583
6,CA0540700,"Visalia, CA",murder,0.09738296415942169,0.12000925851549647,0.06343489767457001
7,CA0540700,"Visalia, CA",murder,0.11118341410659602,0.13736092498860922,0.06343956765779349
8,CA0540700,"Visalia, CA",murder,0.09275342812753531,0.09807081222805121,0.06343489767457001
9,CA0540700,"Visalia, CA",murder,0.0384862404627525,0.019559698797409156,0.06345784085809583
10,CA0540700,"Visalia, CA",murder,-0.00802783031255692,-0.028252749644057832,0.0634466387470087
11,CA0540700,"Visalia, CA",murder,-0.006608455110596065,-0.016178638813655763,0.06345784085809582
12,CA0540700,"Visalia, CA",murder,-0.0023119678719362097,-0.012439533351120958,0.06343489767457001
1,CA0560100,"Camarillo, CA",murder,-0.058804930073651264,-0.0485145417139712,0.06484331463193406
2,CA0560100,"Camarillo, CA",murder,-0.135445940382076,-0.1340325781786703,0.064825779368293715
3,CA0560100,"Camarillo, CA",murder,-0.13355723675023795,-0.14002326400662668,0.06484407135071082
4,CA0560100,"Camarillo, CA",murder,-0.04435065372038784,-0.04432060255635473,0.06482867208758102
5,CA0560100,"Camarillo, CA",murder,0.04930096736513672,0.0552582418462489,0.06484407135071084
6,CA0560100,"Camarillo, CA",murder,0.09738296415942169,0.09693840938442401,0.064825779368293715
7,CA0560100,"Camarillo, CA",murder,0.11118341410659602,0.10611150345910726,0.06484331463193405
8,CA0560100,"Camarillo, CA",murder,0.09275342812753531,0.09433043861723062,0.064825779368293715
9,CA0560100,"Camarillo, CA",murder,0.0384862404627525,0.04272416270005095,0.06484407135071084
10,CA0560100,"Camarillo, CA",murder,-0.00802783031255692,-0.013276359188781322,0.06482867208758102
11,CA0560100,"Camarillo, CA",murder,-0.006608455110596065,-0.015556102284809251,0.06484407135071082
12,CA0560100,"Camarillo, CA",murder,-0.0023119678719362097,3.606919221517286e-4,0.064825779368293715
1,CA0560400,"Oxnard, CA",murder,-0.058804930073651264,-0.061062867650790144,0.06316197591020446
2,CA0560400,"Oxnard, CA",murder,-0.135445940382076,-0.14190834607373998,0.06317025832176848
3,CA0560400,"Oxnard, CA",murder,-0.13355723675023795,-0.12616857322605732,0.06321125421019773
4,CA0560400,"Oxnard, CA",murder,-0.04435065372038784,-0.013492366885617434,0.06324438373163127
5,CA0560400,"Oxnard, CA",murder,0.04930096736513672,0.075256532130799,0.06321125421019774
6,CA0560400,"Oxnard, CA",murder,0.09738296415942169,0.09333292198489385,0.06317025832176848
7,CA0560400,"Oxnard, CA",murder,0.11118341410659602,0.09554704252892068,0.06316197591020445
8,CA0560400,"Oxnard, CA",murder,0.09275342812753531,0.09164854393491978,0.06317025832176848
9,CA0560400,"Oxnard, CA",murder,0.0384862404627525,0.041424596209106566,0.06321125421019774
10,CA0560400,"Oxnard, CA",murder,-0.00802783031255692,-0.020991807992513094,0.06324438373163127
11,CA0560400,"Oxnard, CA",murder,-0.006608455110596065,-0.024996729991978838,0.06321125421019773
12,CA0560400,"Oxnard, CA",murder,-0.0023119678719362097,-0.008588944967943097,0.06317025832176848
1,CA0560700,"Thousand Oaks, CA",murder,-0.058804930073651264,-0.07045951968348824,0.06457503377618887
2,CA0560700,"Thousand Oaks, CA",murder,-0.135445940382076,-0.14995135494347925,0.06456065745239621
3,CA0560700,"Thousand Oaks, CA",murder,-0.13355723675023795,-0.13348959558771156,0.0646825617236803
4,CA0560700,"Thousand Oaks, CA",murder,-0.04435065372038784,-0.051015113846559296,0.06444114749657552
5,CA0560700,"Thousand Oaks, CA",murder,0.04930096736513672,0.03450311173293165,0.0646825617236803
6,CA0560700,"Thousand Oaks, CA",murder,0.09738296415942169,0.09423270577705663,0.06456065745239621
7,CA0560700,"Thousand Oaks, CA",murder,0.11118341410659602,0.10789064412970997,0.06457503377618885
8,CA0560700,"Thousand Oaks, CA",murder,0.09275342812753531,0.06403438669102794,0.06456065745239621
9,CA0560700,"Thousand Oaks, CA",murder,0.0384862404627525,0.010141502889038482,0.06468256172368031
10,CA0560700,"Thousand Oaks, CA",murder,-0.00802783031255692,0.013583989400337544,0.06444114749657552
11,CA0560700,"Thousand Oaks, CA",murder,-0.006608455110596065,0.051413856519519636,0.0646825617236803
12,CA0560700,"Thousand Oaks, CA",murder,-0.0023119678719362097,0.0291153869216165,0.06456065745239621
1,CA0560800,"Ventura, CA",murder,-0.058804930073651264,-0.05368196884269911,0.06459277570616159
2,CA0560800,"Ventura, CA",murder,-0.135445940382076,-0.13588118293488258,0.06460250347502479
3,CA0560800,"Ventura, CA",murder,-0.13355723675023795,-0.12754031851396558,0.06457966924599769
4,CA0560800,"Ventura, CA",murder,-0.04435065372038784,-0.04020278552130395,0.06458614811166721
5,CA0560800,"Ventura, CA",murder,0.04930096736513672,0.039634398464449064,0.0645796692459977
6,CA0560800,"Ventura, CA",murder,0.09738296415942169,0.08439283694102777,0.06460250347502479
7,CA0560800,"Ventura, CA",murder,0.11118341410659602,0.10931636625020827,0.06459277570616158
8,CA0560800,"Ventura, CA",murder,0.09275342812753531,0.09354923159298316,0.06460250347502479
9,CA0560800,"Ventura, CA",murder,0.0384862404627525,0.02957396976455698,0.0645796692459977
10,CA0560800,"Ventura, CA",murder,-0.00802783031255692,-0.01543161188620523,0.06458614811166721
11,CA0560800,"Ventura, CA",murder,-0.006608455110596065,0.002697552877450342,0.06457966924599769
12,CA0560800,"Ventura, CA",murder,-0.0023119678719362097,0.01357351180838087,0.06460250347502479
1,CA0560900,"Simi Valley, CA",murder,-0.058804930073651264,-0.064654842041478,0.06471799441228962
2,CA0560900,"Simi Valley, CA",murder,-0.135445940382076,-0.13861055943760758,0.0647154234435074
3,CA0560900,"Simi Valley, CA",murder,-0.13355723675023795,-0.13258153129629457,0.06472857342271246
4,CA0560900,"Simi Valley, CA",murder,-0.04435065372038784,-0.04682246670696376,0.06471056454053632
5,CA0560900,"Simi Valley, CA",murder,0.04930096736513672,0.046164079106035184,0.06472857342271247
6,CA0560900,"Simi Valley, CA",murder,0.09738296415942169,0.10152561790414935,0.0647154234435074
7,CA0560900,"Simi Valley, CA",murder,0.11118341410659602,0.11642595604305599,0.06471799441228962
8,CA0560900,"Simi Valley, CA",murder,0.09275342812753531,0.0878598354256871,0.0647154234435074
9,CA0560900,"Simi Valley, CA",murder,0.0384862404627525,0.030059693282796104,0.06472857342271247
10,CA0560900,"Simi Valley, CA",murder,-0.00802783031255692,-0.004948647294614224,0.06471056454053632
11,CA0560900,"Simi Valley, CA",murder,-0.006608455110596065,0.004586644905885261,0.06472857342271246
12,CA0560900,"Simi Valley, CA",murder,-0.0023119678719362097,9.96220109349153e-4,0.0647154234435074
1,CA0570100,"Davis, CA",murder,-0.058804930073651264,-0.06005473317746713,0.06482345683552539
2,CA0570100,"Davis, CA",murder,-0.135445940382076,-0.13731356247528265,0.06483247936241178
3,CA0570100,"Davis, CA",murder,-0.13355723675023795,-0.1288266000160158,0.06482623638488016
4,CA0570100,"Davis, CA",murder,-0.04435065372038784,-0.03819285254709739,0.06483234145280635
5,CA0570100,"Davis, CA",murder,0.04930096736513672,0.047296121920647465,0.06482623638488018
6,CA0570100,"Davis, CA",murder,0.09738296415942169,0.09100327077279576,0.06483247936241178
7,CA0570100,"Davis, CA",murder,0.11118341410659602,0.11064940075628873,0.06482345683552539
8,CA0570100,"Davis, CA",murder,0.09275342812753531,0.09618176452180112,0.06483247936241178
9,CA0570100,"Davis, CA",murder,0.0384862404627525,0.03710013448371265,0.06482623638488018
10,CA0570100,"Davis, CA",murder,-0.00802783031255692,-0.012401815031724222,0.06483234145280635
11,CA0570100,"Davis, CA",murder,-0.006608455110596065,-0.0061643239671659664,0.06482623638488016
12,CA0570100,"Davis, CA",murder,-0.0023119678719362097,7.231947595074258e-4,0.06483247936241178
1,CO0010000,"Adams, CO",murder,-0.058804930073651264,-0.04461390235199509,0.06392682901621376
2,CO0010000,"Adams, CO",murder,-0.135445940382076,-0.13650919019652868,0.06386582580387744
3,CO0010000,"Adams, CO",murder,-0.13355723675023795,-0.14970340068278173,0.06394208562805517
4,CO0010000,"Adams, CO",murder,-0.04435065372038784,-0.04784579638655892,0.0638767697592833
5,CO0010000,"Adams, CO",murder,0.04930096736513672,0.05885652684189206,0.06394208562805519
6,CO0010000,"Adams, CO",murder,0.09738296415942169,0.09125949921856977,0.06386582580387744
7,CO0010000,"Adams, CO",murder,0.11118341410659602,0.08944717698396117,0.06392682901621374
8,CO0010000,"Adams, CO",murder,0.09275342812753531,0.08804832141152419,0.06386582580387744
9,CO0010000,"Adams, CO",murder,0.0384862404627525,0.05640925726581116,0.06394208562805519
10,CO0010000,"Adams, CO",murder,-0.00802783031255692,0.003012521754592856,0.0638767697592833
11,CO0010000,"Adams, CO",murder,-0.006608455110596065,-0.010395658056887596,0.06394208562805517
12,CO0010000,"Adams, CO",murder,-0.0023119678719362097,0.002034644198400803,0.06386582580387744
1,CO0010100,"Aurora, CO",murder,-0.058804930073651264,-0.08543624742195227,0.05905972438812251
2,CO0010100,"Aurora, CO",murder,-0.135445940382076,-0.1919184397972428,0.05939512474863601
3,CO0010100,"Aurora, CO",murder,-0.13355723675023795,-0.13786610354170106,0.05913857455210317
4,CO0010100,"Aurora, CO",murder,-0.04435065372038784,-0.012339193923767599,0.05932858459043285
5,CO0010100,"Aurora, CO",murder,0.04930096736513672,0.05210554215176083,0.059138574552103175
6,CO0010100,"Aurora, CO",murder,0.09738296415942169,0.0871786123793884,0.05939512474863601
7,CO0010100,"Aurora, CO",murder,0.11118341410659602,0.13768244167484855,0.0590597243881225
8,CO0010100,"Aurora, CO",murder,0.09275342812753531,0.12198271273374828,0.059395124748636015
9,CO0010100,"Aurora, CO",murder,0.0384862404627525,0.01568418222531023,0.05913857455210318
10,CO0010100,"Aurora, CO",murder,-0.00802783031255692,-0.039907000329128715,0.05932858459043285
11,CO0010100,"Aurora, CO",murder,-0.006608455110596065,0.017830184911733656,0.05913857455210317
12,CO0010100,"Aurora, CO",murder,-0.0023119678719362097,0.03500330893700252,0.05939512474863601
1,CO0010400,"Thornton, CO",murder,-0.058804930073651264,-0.05588960522833629,0.06413461582444933
2,CO0010400,"Thornton, CO",murder,-0.135445940382076,-0.12714402778899717,0.06413124087608907
3,CO0010400,"Thornton, CO",murder,-0.13355723675023795,-0.12342006941205316,0.0641308301386559
4,CO0010400,"Thornton, CO",murder,-0.04435065372038784,-0.04292640226109513,0.06410766985183938
5,CO0010400,"Thornton, CO",murder,0.04930096736513672,0.04590326837657814,0.0641308301386559
6,CO0010400,"Thornton, CO",murder,0.09738296415942169,0.09780265876590306,0.06413124087608907
7,CO0010400,"Thornton, CO",murder,0.11118341410659602,0.10798671130678814,0.06413461582444933
8,CO0010400,"Thornton, CO",murder,0.09275342812753531,0.07612219828063758,0.06413124087608907
9,CO0010400,"Thornton, CO",murder,0.0384862404627525,0.020301133825241707,0.06413083013865592
10,CO0010400,"Thornton, CO",murder,-0.00802783031255692,-0.009170703817356733,0.06410766985183938
11,CO0010400,"Thornton, CO",murder,-0.006608455110596065,0.005118561131781434,0.0641308301386559
12,CO0010400,"Thornton, CO",murder,-0.0023119678719362097,0.005316276820908416,0.06413124087608907
1,CO0030000,"Arapahoe, CO",murder,-0.058804930073651264,-0.060678195891129466,0.06450497209352951
2,CO0030000,"Arapahoe, CO",murder,-0.135445940382076,-0.14554828930992808,0.06452296334615981
3,CO0030000,"Arapahoe, CO",murder,-0.13355723675023795,-0.13920949701856278,0.06453465170279284
4,CO0030000,"Arapahoe, CO",murder,-0.04435065372038784,-0.04985781807531057,0.06454837202584483
5,CO0030000,"Arapahoe, CO",murder,0.04930096736513672,0.0374426873542095,0.06453465170279285
6,CO0030000,"Arapahoe, CO",murder,0.09738296415942169,0.08981853978212442,0.06452296334615981
7,CO0030000,"Arapahoe, CO",murder,0.11118341410659602,0.1175592182714443,0.0645049720935295
8,CO0030000,"Arapahoe, CO",murder,0.09275342812753531,0.10189311079824251,0.06452296334615981
9,CO0030000,"Arapahoe, CO",murder,0.0384862404627525,0.03867329612656234,0.06453465170279285
10,CO0030000,"Arapahoe, CO",murder,-0.00802783031255692,-0.007023204305004278,0.06454837202584483
11,CO0030000,"Arapahoe, CO",murder,-0.006608455110596065,0.00621249115747606,0.06453465170279284
12,CO0030000,"Arapahoe, CO",murder,-0.0023119678719362097,0.010717661109876054,0.06452296334615981
1,CO0031100,"Centennial, CO",murder,-0.058804930073651264,-0.05699947896125378,0.06462792850852207
2,CO0031100,"Centennial, CO",murder,-0.135445940382076,-0.134099102757687,0.06462279045213366
3,CO0031100,"Centennial, CO",murder,-0.13355723675023795,-0.12916668233331963,0.06462226088133963
4,CO0031100,"Centennial, CO",murder,-0.04435065372038784,-0.04476037069416652,0.06461111422487502
5,CO0031100,"Centennial, CO",murder,0.04930096736513672,0.041429071166945414,0.06462226088133964
6,CO0031100,"Centennial, CO",murder,0.09738296415942169,0.09053482566577802,0.06462279045213366
7,CO0031100,"Centennial, CO",murder,0.11118341410659602,0.10858328052099467,0.06462792850852206
8,CO0031100,"Centennial, CO",murder,0.09275342812753531,0.0876298112763342,0.06462279045213366
9,CO0031100,"Centennial, CO",murder,0.0384862404627525,0.031113589292225928,0.06462226088133964
10,CO0031100,"Centennial, CO",murder,-0.00802783031255692,-0.006823430865574383,0.06461111422487502
11,CO0031100,"Centennial, CO",murder,-0.006608455110596065,0.005040220314407354,0.06462226088133963
12,CO0031100,"Centennial, CO",murder,-0.0023119678719362097,0.007518267375315718,0.06462279045213366
1,CO0070100,"Boulder, CO",murder,-0.058804930073651264,-0.06594978470120773,0.06456462615005376
2,CO0070100,"Boulder, CO",murder,-0.135445940382076,-0.1403599906999729,0.06464819329837454
3,CO0070100,"Boulder, CO",murder,-0.13355723675023795,-0.14503177853174698,0.06461822608357184
4,CO0070100,"Boulder, CO",murder,-0.04435065372038784,-0.041110420546726374,0.06460733648356834
5,CO0070100,"Boulder, CO",murder,0.04930096736513672,0.08351028107068495,0.06461822608357186
6,CO0070100,"Boulder, CO",murder,0.09738296415942169,0.13333500993916816,0.06464819329837454
7,CO0070100,"Boulder, CO",murder,0.11118341410659602,0.11324851677560033,0.06456462615005375
8,CO0070100,"Boulder, CO",murder,0.09275342812753531,0.07342372371864496,0.06464819329837454
9,CO0070100,"Boulder, CO",murder,0.0384862404627525,0.030796779476026413,0.06461822608357186
10,CO0070100,"Boulder, CO",murder,-0.00802783031255692,-0.006188311527666231,0.06460733648356834
11,CO0070100,"Boulder, CO",murder,-0.006608455110596065,-0.016574014089357027,0.06461822608357184
12,CO0070100,"Boulder, CO",murder,-0.0023119678719362097,-0.019100010883447587,0.06464819329837454
1,CO0180000,"Douglas, CO",murder,-0.058804930073651264,-0.05069578177681155,0.06423932387316665
2,CO0180000,"Douglas, CO",murder,-0.135445940382076,-0.14843666370761296,0.06435217726015212
3,CO0180000,"Douglas, CO",murder,-0.13355723675023795,-0.1346253930729661,0.06427858491640319
4,CO0180000,"Douglas, CO",murder,-0.04435065372038784,-0.025498048868678055,0.06432800178347746
5,CO0180000,"Douglas, CO",murder,0.04930096736513672,0.0600899374749102,0.06427858491640319
6,CO0180000,"Douglas, CO",murder,0.09738296415942169,0.09052648654863342,0.06435217726015212
7,CO0180000,"Douglas, CO",murder,0.11118341410659602,0.1058638683522539,0.06423932387316664
8,CO0180000,"Douglas, CO",murder,0.09275342812753531,0.09047837023928763,0.06435217726015212
9,CO0180000,"Douglas, CO",murder,0.0384862404627525,0.021499013029198395,0.0642785849164032
10,CO0180000,"Douglas, CO",murder,-0.00802783031255692,-0.029670037706764307,0.06432800178347746
11,CO0180000,"Douglas, CO",murder,-0.006608455110596065,-0.002131644006584904,0.06427858491640319
12,CO0180000,"Douglas, CO",murder,-0.0023119678719362097,0.022599893495134294,0.06435217726015212
1,CO0180500,"Parker, CO",murder,-0.058804930073651264,-0.04642967035644275,0.0646924299596969
2,CO0180500,"Parker, CO",murder,-0.135445940382076,-0.13397447701065593,0.06469824363455336
3,CO0180500,"Parker, CO",murder,-0.13355723675023795,-0.14181169431294494,0.06474073430838402
4,CO0180500,"Parker, CO",murder,-0.04435065372038784,-0.04922902215636391,0.06469711822736779
5,CO0180500,"Parker, CO",murder,0.04930096736513672,0.042092808804356584,0.06474073430838403
6,CO0180500,"Parker, CO",murder,0.09738296415942169,0.079154418289055,0.06469824363455336
7,CO0180500,"Parker, CO",murder,0.11118341410659602,0.09954093787966299,0.06469242995969689
8,CO0180500,"Parker, CO",murder,0.09275342812753531,0.10687951239761105,0.06469824363455336
9,CO0180500,"Parker, CO",murder,0.0384862404627525,0.061605462176679816,0.06474073430838403
10,CO0180500,"Parker, CO",murder,-0.00802783031255692,-0.0038822453668563217,0.06469711822736779
11,CO0180500,"Parker, CO",murder,-0.006608455110596065,-0.014997844191311735,0.06474073430838402
12,CO0180500,"Parker, CO",murder,-0.0023119678719362097,0.0010518138472101226,0.06469824363455336
1,CO0210000,"El Paso, CO",murder,-0.058804930073651264,-0.04168273320572179,0.06302913783122138
2,CO0210000,"El Paso, CO",murder,-0.135445940382076,-0.11265912963152065,0.06303882440329514
3,CO0210000,"El Paso, CO",murder,-0.13355723675023795,-0.11810800439977756,0.06303966670483858
4,CO0210000,"El Paso, CO",murder,-0.04435065372038784,-0.03506085551000167,0.0629813029933917
5,CO0210000,"El Paso, CO",murder,0.04930096736513672,0.04911734210507003,0.06303966670483858
6,CO0210000,"El Paso, CO",murder,0.09738296415942169,0.07960306967384206,0.06303882440329514
7,CO0210000,"El Paso, CO",murder,0.11118341410659602,0.08626313990937148,0.06302913783122137
8,CO0210000,"El Paso, CO",murder,0.09275342812753531,0.08326346970626551,0.06303882440329514
9,CO0210000,"El Paso, CO",murder,0.0384862404627525,0.04413193777087273,0.0630396667048386
10,CO0210000,"El Paso, CO",murder,-0.00802783031255692,-0.009519551193648024,0.0629813029933917
11,CO0210000,"El Paso, CO",murder,-0.006608455110596065,-0.019721682179814917,0.06303966670483858
12,CO0210000,"El Paso, CO",murder,-0.0023119678719362097,-0.005627003044937221,0.06303882440329514
1,CO0210100,"Colorado Springs, CO",murder,-0.058804930073651264,-0.07301937533284983,0.06046632212514365
2,CO0210100,"Colorado Springs, CO",murder,-0.135445940382076,-0.13060799245392302,0.06021663263528866
3,CO0210100,"Colorado Springs, CO",murder,-0.13355723675023795,-0.1137225490396994,0.059922258286057566
4,CO0210100,"Colorado Springs, CO",murder,-0.04435065372038784,-0.03182731385494207,0.060224221433715905
5,CO0210100,"Colorado Springs, CO",murder,0.04930096736513672,0.0511551734314217,0.05992225828605757
6,CO0210100,"Colorado Springs, CO",murder,0.09738296415942169,0.07517630438365125,0.06021663263528866
7,CO0210100,"Colorado Springs, CO",murder,0.11118341410659602,0.04374151040988816,0.06046632212514364
8,CO0210100,"Colorado Springs, CO",murder,0.09275342812753531,0.01380367948144795,0.06021663263528866
9,CO0210100,"Colorado Springs, CO",murder,0.0384862404627525,0.026196100990185947,0.05992225828605757
10,CO0210100,"Colorado Springs, CO",murder,-0.00802783031255692,0.06110517877790373,0.060224221433715905
11,CO0210100,"Colorado Springs, CO",murder,-0.006608455110596065,0.06564913954105336,0.059922258286057566
12,CO0210100,"Colorado Springs, CO",murder,-0.0023119678719362097,0.012350143665862217,0.06021663263528866
1,CO0300000,"Jefferson, CO",murder,-0.058804930073651264,-0.07135422213027237,0.0645562224016632
2,CO0300000,"Jefferson, CO",murder,-0.135445940382076,-0.15007277470732475,0.06455567871174105
3,CO0300000,"Jefferson, CO",murder,-0.13355723675023795,-0.13581666525309247,0.06455935320224859
4,CO0300000,"Jefferson, CO",murder,-0.04435065372038784,-0.0365845117212546,0.06456101822283994
5,CO0300000,"Jefferson, CO",murder,0.04930096736513672,0.05699725145450939,0.0645593532022486
6,CO0300000,"Jefferson, CO",murder,0.09738296415942169,0.09796455051770493,0.06455567871174105
7,CO0300000,"Jefferson, CO",murder,0.11118341410659602,0.1020678872845984,0.06455622240166319
8,CO0300000,"Jefferson, CO",murder,0.09275342812753531,0.07885471017968373,0.06455567871174105
9,CO0300000,"Jefferson, CO",murder,0.0384862404627525,0.0338849355711254,0.0645593532022486
10,CO0300000,"Jefferson, CO",murder,-0.00802783031255692,0.005870846566928567,0.06456101822283994
11,CO0300000,"Jefferson, CO",murder,-0.006608455110596065,0.0142208130731316,0.06455935320224859
12,CO0300000,"Jefferson, CO",murder,-0.0023119678719362097,0.0039671791642621615,0.06455567871174105
1,CO0300100,"Arvada, CO",murder,-0.058804930073651264,-0.05344868158184017,0.06458831927668127
2,CO0300100,"Arvada, CO",murder,-0.135445940382076,-0.1369257296274263,0.06457908816822482
3,CO0300100,"Arvada, CO",murder,-0.13355723675023795,-0.14340556827013706,0.06458210077717719
4,CO0300100,"Arvada, CO",murder,-0.04435065372038784,-0.05637774649027401,0.06459587947073919
5,CO0300100,"Arvada, CO",murder,0.04930096736513672,0.04682693331744229,0.06458210077717719
6,CO0300100,"Arvada, CO",murder,0.09738296415942169,0.1078392862559874,0.06457908816822482
7,CO0300100,"Arvada, CO",murder,0.11118341410659602,0.12294431234605982,0.06458831927668125
8,CO0300100,"Arvada, CO",murder,0.09275342812753531,0.09337304002088034,0.06457908816822482
9,CO0300100,"Arvada, CO",murder,0.0384862404627525,0.03035724789937143,0.06458210077717719
10,CO0300100,"Arvada, CO",murder,-0.00802783031255692,-0.013117884273945649,0.06459587947073919
11,CO0300100,"Arvada, CO",murder,-0.006608455110596065,-0.0032742437108963423,0.06458210077717719
12,CO0300100,"Arvada, CO",murder,-0.0023119678719362097,0.005209034114778263,0.06457908816822482
1,CO0350300,"Fort Collins, CO",murder,-0.058804930073651264,-0.05966493619975641,0.0644420697526701
2,CO0350300,"Fort Collins, CO",murder,-0.135445940382076,-0.13481759008468205,0.06443901453543195
3,CO0350300,"Fort Collins, CO",murder,-0.13355723675023795,-0.1284057420166832,0.06445158102737594
4,CO0350300,"Fort Collins, CO",murder,-0.04435065372038784,-0.046998009677662156,0.06444106053915592
5,CO0350300,"Fort Collins, CO",murder,0.04930096736513672,0.03574874058983137,0.06445158102737596
6,CO0350300,"Fort Collins, CO",murder,0.09738296415942169,0.08859001717135821,0.06443901453543195
7,CO0350300,"Fort Collins, CO",murder,0.11118341410659602,0.11502459613083187,0.06444206975267008
8,CO0350300,"Fort Collins, CO",murder,0.09275342812753531,0.09677887820812821,0.06443901453543195
9,CO0350300,"Fort Collins, CO",murder,0.0384862404627525,0.03500737020905388,0.06445158102737596
10,CO0350300,"Fort Collins, CO",murder,-0.00802783031255692,-0.008361650253413322,0.06444106053915592
11,CO0350300,"Fort Collins, CO",murder,-0.006608455110596065,0.0022899712867224574,0.06445158102737594
12,CO0350300,"Fort Collins, CO",murder,-0.0023119678719362097,0.004808354636271156,0.06443901453543194
1,CO0350400,"Loveland, CO",murder,-0.058804930073651264,-0.06405832893262177,0.0646628113921559
2,CO0350400,"Loveland, CO",murder,-0.135445940382076,-0.12583398098903262,0.06471409590095106
3,CO0350400,"Loveland, CO",murder,-0.13355723675023795,-0.13093148788309142,0.0646775279200186
4,CO0350400,"Loveland, CO",murder,-0.04435065372038784,-0.05808373820828984,0.06473169237869844
5,CO0350400,"Loveland, CO",murder,0.04930096736513672,0.03875129864779957,0.0646775279200186
6,CO0350400,"Loveland, CO",murder,0.09738296415942169,0.0982099166920772,0.06471409590095106
7,CO0350400,"Loveland, CO",murder,0.11118341410659602,0.10741387291734954,0.06466281139215589
8,CO0350400,"Loveland, CO",murder,0.09275342812753531,0.08344458026105217,0.06471409590095106
9,CO0350400,"Loveland, CO",murder,0.0384862404627525,0.04518654317038316,0.06467752792001862
10,CO0350400,"Loveland, CO",murder,-0.00802783031255692,0.014728194223562061,0.06473169237869844
11,CO0350400,"Loveland, CO",murder,-0.006608455110596065,0.003638102080180873,0.0646775279200186
12,CO0350400,"Loveland, CO",murder,-0.0023119678719362097,-0.012464971979368912,0.06471409590095106
1,CO0390100,"Grand Junction, CO",murder,-0.058804930073651264,-0.06241432506009555,0.06453033606080325
2,CO0390100,"Grand Junction, CO",murder,-0.135445940382076,-0.12796935022403272,0.06454286751945881
3,CO0390100,"Grand Junction, CO",murder,-0.13355723675023795,-0.1215198601688541,0.06454529651346944
4,CO0390100,"Grand Junction, CO",murder,-0.04435065372038784,-0.0385187651526987,0.06454233452708012
5,CO0390100,"Grand Junction, CO",murder,0.04930096736513672,0.04735205829590083,0.06454529651346944
6,CO0390100,"Grand Junction, CO",murder,0.09738296415942169,0.09334521450547024,0.06454286751945881
7,CO0390100,"Grand Junction, CO",murder,0.11118341410659602,0.10831478697336654,0.06453033606080325
8,CO0390100,"Grand Junction, CO",murder,0.09275342812753531,0.09118733361510714,0.06454286751945881
9,CO0390100,"Grand Junction, CO",murder,0.0384862404627525,0.03883738164665752,0.06454529651346945
10,CO0390100,"Grand Junction, CO",murder,-0.00802783031255692,-0.007381696760572297,0.06454233452708012
11,CO0390100,"Grand Junction, CO",murder,-0.006608455110596065,-0.010570041686975267,0.06454529651346944
12,CO0390100,"Grand Junction, CO",murder,-0.0023119678719362097,-0.010662735983273632,0.06454286751945881
1,CO0640100,"Broomfield, CO",murder,-0.058804930073651264,-0.04974183681785072,0.06479133668727607
2,CO0640100,"Broomfield, CO",murder,-0.135445940382076,-0.13316422096079386,0.06479265612153766
3,CO0640100,"Broomfield, CO",murder,-0.13355723675023795,-0.13796544375246428,0.06480297895279602
4,CO0640100,"Broomfield, CO",murder,-0.04435065372038784,-0.047204134214545154,0.06479014889143449
5,CO0640100,"Broomfield, CO",murder,0.04930096736513672,0.04577756847581196,0.06480297895279603
6,CO0640100,"Broomfield, CO",murder,0.09738296415942169,0.088940132774009,0.06479265612153766
7,CO0640100,"Broomfield, CO",murder,0.11118341410659602,0.1072289046212137,0.06479133668727606
8,CO0640100,"Broomfield, CO",murder,0.09275342812753531,0.10182685456314754,0.06479265612153766
9,CO0640100,"Broomfield, CO",murder,0.0384862404627525,0.04914100955145496,0.06480297895279603
10,CO0640100,"Broomfield, CO",murder,-0.00802783031255692,-0.010282933588817832,0.06479014889143449
11,CO0640100,"Broomfield, CO",murder,-0.006608455110596065,-0.014440202078165649,0.06480297895279602
12,CO0640100,"Broomfield, CO",murder,-0.0023119678719362097,-1.1569857299965031e-4,0.06479265612153766
1,CODPD0000,"Denver, CO",murder,-0.058804930073651264,-0.09584708775362785,0.055089059183229414
2,CODPD0000,"Denver, CO",murder,-0.135445940382076,-0.15300499278050048,0.055502610286670334
3,CODPD0000,"Denver, CO",murder,-0.13355723675023795,-0.10993660187979616,0.055191936835208136
4,CODPD0000,"Denver, CO",murder,-0.04435065372038784,-0.01513283545166409,0.05503447335287408
5,CODPD0000,"Denver, CO",murder,0.04930096736513672,0.03748825959165451,0.055191936835208136
6,CODPD0000,"Denver, CO",murder,0.09738296415942169,0.07910079867653676,0.055502610286670334
7,CODPD0000,"Denver, CO",murder,0.11118341410659602,0.154078960567742,0.05508905918322941
8,CODPD0000,"Denver, CO",murder,0.09275342812753531,0.17574416722856617,0.055502610286670334
9,CODPD0000,"Denver, CO",murder,0.0384862404627525,0.07444390351374774,0.05519193683520814
10,CODPD0000,"Denver, CO",murder,-0.00802783031255692,-0.04309903736245005,0.05503447335287408
11,CODPD0000,"Denver, CO",murder,-0.006608455110596065,-0.060227434039720265,0.055191936835208136
12,CODPD0000,"Denver, CO",murder,-0.0023119678719362097,-0.04360810031048827,0.055502610286670334
1,CT0001500,"Bridgeport, CT",murder,-0.058804930073651264,-0.041244836050196916,0.06203785753991277
2,CT0001500,"Bridgeport, CT",murder,-0.135445940382076,-0.10946413556861304,0.062117265654171173
3,CT0001500,"Bridgeport, CT",murder,-0.13355723675023795,-0.12861834854118526,0.06212358653682076
4,CT0001500,"Bridgeport, CT",murder,-0.04435065372038784,-0.0586200840073586,0.06209620530194397
5,CT0001500,"Bridgeport, CT",murder,0.04930096736513672,0.035884441473831144,0.06212358653682077
6,CT0001500,"Bridgeport, CT",murder,0.09738296415942169,0.09298000037256787,0.062117265654171173
7,CT0001500,"Bridgeport, CT",murder,0.11118341410659602,0.1147248052987381,0.062037857539912755
8,CT0001500,"Bridgeport, CT",murder,0.09275342812753531,0.10498963416458193,0.062117265654171173
9,CT0001500,"Bridgeport, CT",murder,0.0384862404627525,0.05066387788861295,0.06212358653682078
10,CT0001500,"Bridgeport, CT",murder,-0.00802783031255692,-0.014859885241182579,0.06209620530194397
11,CT0001500,"Bridgeport, CT",murder,-0.006608455110596065,-0.031409940069800066,0.06212358653682076
12,CT0001500,"Bridgeport, CT",murder,-0.0023119678719362097,-0.015025529719995564,0.062117265654171173
1,CT0001700,"Bristol, CT",murder,-0.058804930073651264,-0.047966580468715936,0.06477624717630881
2,CT0001700,"Bristol, CT",murder,-0.135445940382076,-0.1361596409858342,0.06477334131231452
3,CT0001700,"Bristol, CT",murder,-0.13355723675023795,-0.1413540162671716,0.06477720614929888
4,CT0001700,"Bristol, CT",murder,-0.04435065372038784,-0.04844688435400089,0.06477718822087222
5,CT0001700,"Bristol, CT",murder,0.04930096736513672,0.04750651431172594,0.0647772061492989
6,CT0001700,"Bristol, CT",murder,0.09738296415942169,0.09204543673968026,0.06477334131231452
7,CT0001700,"Bristol, CT",murder,0.11118341410659602,0.10681678150225253,0.06477624717630881
8,CT0001700,"Bristol, CT",murder,0.09275342812753531,0.09507201740992,0.06477334131231452
9,CT0001700,"Bristol, CT",murder,0.0384862404627525,0.04141619165772078,0.0647772061492989
10,CT0001700,"Bristol, CT",murder,-0.00802783031255692,-0.010403316679535712,0.06477718822087222
11,CT0001700,"Bristol, CT",murder,-0.006608455110596065,-0.006418890735811764,0.06477720614929888
12,CT0001700,"Bristol, CT",murder,-0.0023119678719362097,0.007892387869770565,0.06477334131231452
1,CT0003400,"Danbury, CT",murder,-0.058804930073651264,-0.07531417901455391,0.06472392947500764
2,CT0003400,"Danbury, CT",murder,-0.135445940382076,-0.13899418213048137,0.06468825372953621
3,CT0003400,"Danbury, CT",murder,-0.13355723675023795,-0.1280495436344741,0.06471805603595393
4,CT0003400,"Danbury, CT",murder,-0.04435065372038784,-0.0488745089663606,0.06467841915880593
5,CT0003400,"Danbury, CT",murder,0.04930096736513672,0.040450777707031996,0.06471805603595394
6,CT0003400,"Danbury, CT",murder,0.09738296415942169,0.10392908550953596,0.06468825372953621
7,CT0003400,"Danbury, CT",murder,0.11118341410659602,0.12698108114065287,0.06472392947500763
8,CT0003400,"Danbury, CT",murder,0.09275342812753531,0.09658119472245663,0.06468825372953621
9,CT0003400,"Danbury, CT",murder,0.0384862404627525,0.03396965410035038,0.06471805603595394
10,CT0003400,"Danbury, CT",murder,-0.00802783031255692,-0.002792393159738376,0.06467841915880593
11,CT0003400,"Danbury, CT",murder,-0.006608455110596065,0.0019622097009927156,0.06471805603595393
12,CT0003400,"Danbury, CT",murder,-0.0023119678719362097,-0.009849195975412192,0.06468825372953621
1,CT0004300,"East Hartford, CT",murder,-0.058804930073651264,-0.060948041552692143,0.06468169227277142
2,CT0004300,"East Hartford, CT",murder,-0.135445940382076,-0.14116697134228223,0.064698164514291
3,CT0004300,"East Hartford, CT",murder,-0.13355723675023795,-0.13277282459498008,0.06468726184204823
4,CT0004300,"East Hartford, CT",murder,-0.04435065372038784,-0.04094333196642542,0.06469904033054906
5,CT0004300,"East Hartford, CT",murder,0.04930096736513672,0.04502455624931073,0.06468726184204823
6,CT0004300,"East Hartford, CT",murder,0.09738296415942169,0.09050825241991267,0.064698164514291
7,CT0004300,"East Hartford, CT",murder,0.11118341410659602,0.1140565853714562,0.0646816922727714
8,CT0004300,"East Hartford, CT",murder,0.09275342812753531,0.10150828352070973,0.064698164514291
9,CT0004300,"East Hartford, CT",murder,0.0384862404627525,0.04000559295464352,0.06468726184204823
10,CT0004300,"East Hartford, CT",murder,-0.00802783031255692,-0.012165211852338643,0.06469904033054906
11,CT0004300,"East Hartford, CT",murder,-0.006608455110596065,-0.005365868427738264,0.06468726184204823
12,CT0004300,"East Hartford, CT",murder,-0.0023119678719362097,0.002258979220423921,0.064698164514291
1,CT0005100,"Fairfield, CT",murder,-0.058804930073651264,-0.05823050713021668,0.06494204175857149
2,CT0005100,"Fairfield, CT",murder,-0.135445940382076,-0.13157549037502506,0.06494234068964586
3,CT0005100,"Fairfield, CT",murder,-0.13355723675023795,-0.13141532954787205,0.06494252513759965
4,CT0005100,"Fairfield, CT",murder,-0.04435065372038784,-0.04713800650646765,0.06494343933539386
5,CT0005100,"Fairfield, CT",murder,0.04930096736513672,0.046233278836237214,0.06494252513759965
6,CT0005100,"Fairfield, CT",murder,0.09738296415942169,0.0989667518386869,0.06494234068964586
7,CT0005100,"Fairfield, CT",murder,0.11118341410659602,0.11466071105221219,0.06494204175857148
8,CT0005100,"Fairfield, CT",murder,0.09275342812753531,0.09316809874103756,0.06494234068964586
9,CT0005100,"Fairfield, CT",murder,0.0384862404627525,0.03657773399188901,0.06494252513759967
10,CT0005100,"Fairfield, CT",murder,-0.00802783031255692,-0.009292197415527868,0.06494343933539386
11,CT0005100,"Fairfield, CT",murder,-0.006608455110596065,-0.007825887202249724,0.06494252513759965
12,CT0005100,"Fairfield, CT",murder,-0.0023119678719362097,-0.004129156282703836,0.06494234068964586
1,CT0006400,"Hartford, CT",murder,-0.058804930073651264,-0.06602865742858323,0.06028348690841528
2,CT0006400,"Hartford, CT",murder,-0.135445940382076,-0.12190343601125375,0.060377175147620275
3,CT0006400,"Hartford, CT",murder,-0.13355723675023795,-0.12443511740021503,0.06035008702137064
4,CT0006400,"Hartford, CT",murder,-0.04435065372038784,-0.045763359259691834,0.060332802312212164
5,CT0006400,"Hartford, CT",murder,0.04930096736513672,0.053164601620046666,0.060350087021370645
6,CT0006400,"Hartford, CT",murder,0.09738296415942169,0.11330875000793271,0.060377175147620275
7,CT0006400,"Hartford, CT",murder,0.11118341410659602,0.12974759510079345,0.06028348690841527
8,CT0006400,"Hartford, CT",murder,0.09275342812753531,0.10728595974579466,0.060377175147620275
9,CT0006400,"Hartford, CT",murder,0.0384862404627525,0.046098703462545736,0.060350087021370645
10,CT0006400,"Hartford, CT",murder,-0.00802783031255692,-0.017955578412518373,0.060332802312212164
11,CT0006400,"Hartford, CT",murder,-0.006608455110596065,-0.038547125354587604,0.06035008702137064
12,CT0006400,"Hartford, CT",murder,-0.0023119678719362097,-0.03497233607026339,0.060377175147620275
1,CT0007700,"Manchester, CT",murder,-0.058804930073651264,-0.054467829643460426,0.0648276908188091
2,CT0007700,"Manchester, CT",murder,-0.135445940382076,-0.13313093709835955,0.06483425550931705
3,CT0007700,"Manchester, CT",murder,-0.13355723675023795,-0.13670668516172424,0.06483506386207165
4,CT0007700,"Manchester, CT",murder,-0.04435065372038784,-0.04518422977143656,0.06483263585454027
5,CT0007700,"Manchester, CT",murder,0.04930096736513672,0.05618286658947796,0.06483506386207166
6,CT0007700,"Manchester, CT",murder,0.09738296415942169,0.10357234264415645,0.06483425550931705
7,CT0007700,"Manchester, CT",murder,0.11118341410659602,0.10786382562471955,0.06482769081880908
8,CT0007700,"Manchester, CT",murder,0.09275342812753531,0.0850241548105491,0.06483425550931705
9,CT0007700,"Manchester, CT",murder,0.0384862404627525,0.03520390689265466,0.06483506386207166
10,CT0007700,"Manchester, CT",murder,-0.00802783031255692,-0.008211766209822575,0.06483263585454027
11,CT0007700,"Manchester, CT",murder,-0.006608455110596065,-0.008076084301667546,0.06483506386207165
12,CT0007700,"Manchester, CT",murder,-0.0023119678719362097,-0.0020695643750868473,0.06483425550931705
1,CT0008000,"Meriden, CT",murder,-0.058804930073651264,-0.05545246420118564,0.06460365419001776
2,CT0008000,"Meriden, CT",murder,-0.135445940382076,-0.13716629378832498,0.06460575794709934
3,CT0008000,"Meriden, CT",murder,-0.13355723675023795,-0.13770220025841062,0.064607187859523
4,CT0008000,"Meriden, CT",murder,-0.04435065372038784,-0.044098960974390075,0.06460366487461253
5,CT0008000,"Meriden, CT",murder,0.04930096736513672,0.05075612782822754,0.064607187859523
6,CT0008000,"Meriden, CT",murder,0.09738296415942169,0.09567536787140116,0.06460575794709934
7,CT0008000,"Meriden, CT",murder,0.11118341410659602,0.11256917491520152,0.06460365419001775
8,CT0008000,"Meriden, CT",murder,0.09275342812753531,0.10177605373861599,0.06460575794709934
9,CT0008000,"Meriden, CT",murder,0.0384862404627525,0.04519524949468573,0.06460718785952302
10,CT0008000,"Meriden, CT",murder,-0.00802783031255692,-0.013017749739625821,0.06460366487461253
11,CT0008000,"Meriden, CT",murder,-0.006608455110596065,-0.01536588777851857,0.064607187859523
12,CT0008000,"Meriden, CT",murder,-0.0023119678719362097,-0.0031684171076762284,0.06460575794709934
1,CT0008400,"Milford, CT",murder,-0.058804930073651264,-0.05970600656836335,0.06485957421534058
2,CT0008400,"Milford, CT",murder,-0.135445940382076,-0.14260222107922085,0.06486137685183699
3,CT0008400,"Milford, CT",murder,-0.13355723675023795,-0.13971591266608469,0.06485432465120851
4,CT0008400,"Milford, CT",murder,-0.04435065372038784,-0.04329296472871779,0.06485566192991744
5,CT0008400,"Milford, CT",murder,0.04930096736513672,0.05433515702771762,0.06485432465120852
6,CT0008400,"Milford, CT",murder,0.09738296415942169,0.10240339986568386,0.06486137685183699
7,CT0008400,"Milford, CT",murder,0.11118341410659602,0.11734969977968951,0.06485957421534057
8,CT0008400,"Milford, CT",murder,0.09275342812753531,0.09867582804897515,0.06486137685183699
9,CT0008400,"Milford, CT",murder,0.0384862404627525,0.0381458264245128,0.06485432465120852
10,CT0008400,"Milford, CT",murder,-0.00802783031255692,-0.014350728482608375,0.06485566192991744
11,CT0008400,"Milford, CT",murder,-0.006608455110596065,-0.010408763997471943,0.06485432465120851
12,CT0008400,"Milford, CT",murder,-0.0023119678719362097,-8.333136241119582e-4,0.06486137685183699
1,CT0008900,"New Britain, CT",murder,-0.058804930073651264,-0.04638479164962805,0.06450941049012081
2,CT0008900,"New Britain, CT",murder,-0.135445940382076,-0.13361557731999593,0.06451119846530178
3,CT0008900,"New Britain, CT",murder,-0.13355723675023795,-0.14317013340120288,0.06454426530118054
4,CT0008900,"New Britain, CT",murder,-0.04435065372038784,-0.052255959653759794,0.06452003028809081
5,CT0008900,"New Britain, CT",murder,0.04930096736513672,0.04252511785808026,0.06454426530118056
6,CT0008900,"New Britain, CT",murder,0.09738296415942169,0.08512365015354689,0.06451119846530178
7,CT0008900,"New Britain, CT",murder,0.11118341410659602,0.10462783640789279,0.0645094104901208
8,CT0008900,"New Britain, CT",murder,0.09275342812753531,0.10514604749368225,0.06451119846530178
9,CT0008900,"New Britain, CT",murder,0.0384862404627525,0.05645755881662443,0.06454426530118056
10,CT0008900,"New Britain, CT",murder,-0.00802783031255692,-0.005987085104504954,0.06452003028809081
11,CT0008900,"New Britain, CT",murder,-0.006608455110596065,-0.01405558803176661,0.06454426530118054
12,CT0008900,"New Britain, CT",murder,-0.0023119678719362097,0.0015889244310315655,0.06451119846530178
1,CT0013500,"Stamford, CT",murder,-0.058804930073651264,-0.06899989780460598,0.06436416294042117
2,CT0013500,"Stamford, CT",murder,-0.135445940382076,-0.15325363630939742,0.06436065135470677
3,CT0013500,"Stamford, CT",murder,-0.13355723675023795,-0.13755139975061698,0.06434560937909731
4,CT0013500,"Stamford, CT",murder,-0.04435065372038784,-0.03226988119073415,0.06439626579292629
5,CT0013500,"Stamford, CT",murder,0.04930096736513672,0.054862271498278214,0.06434560937909732
6,CT0013500,"Stamford, CT",murder,0.09738296415942169,0.08623790361280823,0.06436065135470677
7,CT0013500,"Stamford, CT",murder,0.11118341410659602,0.10087275736012136,0.06436416294042117
8,CT0013500,"Stamford, CT",murder,0.09275342812753531,0.09743932396451119,0.06436065135470677
9,CT0013500,"Stamford, CT",murder,0.0384862404627525,0.04986422785021533,0.06434560937909732
10,CT0013500,"Stamford, CT",murder,-0.00802783031255692,3.9702163521876654e-4,0.06439626579292629
11,CT0013500,"Stamford, CT",murder,-0.006608455110596065,9.520408466079951e-4,0.06434560937909731
12,CT0013500,"Stamford, CT",murder,-0.0023119678719362097,0.001449268287593431,0.06436065135470677
1,CT0013800,"Stratford, CT",murder,-0.058804930073651264,-0.05865095626204751,0.06479477405030538
2,CT0013800,"Stratford, CT",murder,-0.135445940382076,-0.14005225423872028,0.06479395833917492
3,CT0013800,"Stratford, CT",murder,-0.13355723675023795,-0.1348431863958083,0.06479289795194963
4,CT0013800,"Stratford, CT",murder,-0.04435065372038784,-0.03822858799514675,0.06479776443490046
5,CT0013800,"Stratford, CT",murder,0.04930096736513672,0.05358587335549342,0.06479289795194963
6,CT0013800,"Stratford, CT",murder,0.09738296415942169,0.09222544571082847,0.06479395833917492
7,CT0013800,"Stratford, CT",murder,0.11118341410659602,0.10361452978456037,0.06479477405030538
8,CT0013800,"Stratford, CT",murder,0.09275342812753531,0.09201676071531484,0.06479395833917492
9,CT0013800,"Stratford, CT",murder,0.0384862404627525,0.04184411934989,0.06479289795194963
10,CT0013800,"Stratford, CT",murder,-0.00802783031255692,-0.006734985527366112,0.06479776443490046
11,CT0013800,"Stratford, CT",murder,-0.006608455110596065,-0.005550379832088018,0.06479289795194963
12,CT0013800,"Stratford, CT",murder,-0.0023119678719362097,7.736213350898578e-4,0.06479395833917492
1,CT0015100,"Waterbury, CT",murder,-0.058804930073651264,-0.06922820770790396,0.06287478251451283
2,CT0015100,"Waterbury, CT",murder,-0.135445940382076,-0.16710652417508687,0.06298043526424765
3,CT0015100,"Waterbury, CT",murder,-0.13355723675023795,-0.1529308975116242,0.06294491576481265
4,CT0015100,"Waterbury, CT",murder,-0.04435065372038784,-0.044822772368933575,0.0629976429391614
5,CT0015100,"Waterbury, CT",murder,0.04930096736513672,0.04685927837686174,0.06294491576481266
6,CT0015100,"Waterbury, CT",murder,0.09738296415942169,0.09157277635011332,0.06298043526424765
7,CT0015100,"Waterbury, CT",murder,0.11118341410659602,0.11988627905472987,0.06287478251451281
8,CT0015100,"Waterbury, CT",murder,0.09275342812753531,0.11164741220433377,0.06298043526424765
9,CT0015100,"Waterbury, CT",murder,0.0384862404627525,0.04681371419404514,0.06294491576481266
10,CT0015100,"Waterbury, CT",murder,-0.00802783031255692,-0.005835298977892354,0.0629976429391614
11,CT0015100,"Waterbury, CT",murder,-0.006608455110596065,0.008599833593891324,0.06294491576481265
12,CT0015100,"Waterbury, CT",murder,-0.0023119678719362097,0.014544406967465768,0.06298043526424765
1,CT0015500,"West Hartford, CT",murder,-0.058804930073651264,-0.05490943391591547,0.06494356236864549
2,CT0015500,"West Hartford, CT",murder,-0.135445940382076,-0.13808696518860827,0.06494848376037765
3,CT0015500,"West Hartford, CT",murder,-0.13355723675023795,-0.1361452924700632,0.06494433384333842
4,CT0015500,"West Hartford, CT",murder,-0.04435065372038784,-0.04432980206762296,0.06494612746400423
5,CT0015500,"West Hartford, CT",murder,0.04930096736513672,0.04801541581233328,0.06494433384333842
6,CT0015500,"West Hartford, CT",murder,0.09738296415942169,0.09424271706458276,0.06494848376037765
7,CT0015500,"West Hartford, CT",murder,0.11118341410659602,0.10993723135414193,0.06494356236864547
8,CT0015500,"West Hartford, CT",murder,0.09275342812753531,0.09265587202424219,0.06494848376037765
9,CT0015500,"West Hartford, CT",murder,0.0384862404627525,0.035686401867470637,0.06494433384333843
10,CT0015500,"West Hartford, CT",murder,-0.00802783031255692,-0.010697995370603515,0.06494612746400423
11,CT0015500,"West Hartford, CT",murder,-0.006608455110596065,-0.0025843226479672172,0.06494433384333842
12,CT0015500,"West Hartford, CT",murder,-0.0023119678719362097,0.006216173538009837,0.06494848376037765
1,DCMPD0000,"Washington, DC",murder,-0.058804930073651264,-0.11452101347130433,0.04881269762548177
2,DCMPD0000,"Washington, DC",murder,-0.135445940382076,-0.1703486639669991,0.04890668499763216
3,DCMPD0000,"Washington, DC",murder,-0.13355723675023795,-0.15839976550666016,0.04870908402830769
4,DCMPD0000,"Washington, DC",murder,-0.04435065372038784,-0.05979339908784793,0.04869114615138258
5,DCMPD0000,"Washington, DC",murder,0.04930096736513672,0.0681011366433816,0.048709084028307696
6,DCMPD0000,"Washington, DC",murder,0.09738296415942169,0.1426154522948216,0.04890668499763216
7,DCMPD0000,"Washington, DC",murder,0.11118341410659602,0.13933296123020636,0.048812697625481766
8,DCMPD0000,"Washington, DC",murder,0.09275342812753531,0.09845055290900213,0.04890668499763216
9,DCMPD0000,"Washington, DC",murder,0.0384862404627525,0.06168970668976115,0.048709084028307696
10,DCMPD0000,"Washington, DC",murder,-0.00802783031255692,0.03498145132894589,0.04869114615138258
11,DCMPD0000,"Washington, DC",murder,-0.006608455110596065,0.0037969744146153176,0.04870908402830769
12,DCMPD0000,"Washington, DC",murder,-0.0023119678719362097,-0.04590539347792253,0.04890668499763216
1,FL0130600,"Miami, FL",murder,-0.058804930073651264,-0.02115167261934743,0.05845279578541233
2,FL0130600,"Miami, FL",murder,-0.135445940382076,-0.09976416706550842,0.05844974681197371
3,FL0130600,"Miami, FL",murder,-0.13355723675023795,-0.1169081961310975,0.058501512474170424
4,FL0130600,"Miami, FL",murder,-0.04435065372038784,-0.04448121052775723,0.05859547031968459
5,FL0130600,"Miami, FL",murder,0.04930096736513672,0.046157636429683326,0.05850151247417043
6,FL0130600,"Miami, FL",murder,0.09738296415942169,0.09942422295962967,0.05844974681197371
7,FL0130600,"Miami, FL",murder,0.11118341410659602,0.11196831693337916,0.05845279578541231
8,FL0130600,"Miami, FL",murder,0.09275342812753531,0.07848505553195466,0.05844974681197371
9,FL0130600,"Miami, FL",murder,0.0384862404627525,0.004812440283511986,0.05850151247417043
10,FL0130600,"Miami, FL",murder,-0.00802783031255692,-0.04633543378627452,0.05859547031968459
11,FL0130600,"Miami, FL",murder,-0.006608455110596065,-0.024878524896129562,0.058501512474170424
12,FL0130600,"Miami, FL",murder,-0.0023119678719362097,0.01267153288795585,0.05844974681197371
1,FL0130700,"Miami Beach, FL",murder,-0.058804930073651264,-0.08809616328766795,0.06437241409315309
2,FL0130700,"Miami Beach, FL",murder,-0.135445940382076,-0.14734862303227056,0.06419029520992481
3,FL0130700,"Miami Beach, FL",murder,-0.13355723675023795,-0.11509408726326971,0.06433961368681371
4,FL0130700,"Miami Beach, FL",murder,-0.04435065372038784,-0.03483205267783562,0.06422991064493326
5,FL0130700,"Miami Beach, FL",murder,0.04930096736513672,0.037150749768039414,0.06433961368681371
6,FL0130700,"Miami Beach, FL",murder,0.09738296415942169,0.09111621072528699,0.06419029520992481
7,FL0130700,"Miami Beach, FL",murder,0.11118341410659602,0.11297231367622038,0.06437241409315307
8,FL0130700,"Miami Beach, FL",murder,0.09275342812753531,0.07820780605964046,0.06419029520992481
9,FL0130700,"Miami Beach, FL",murder,0.0384862404627525,0.02107711990208717,0.06433961368681371
10,FL0130700,"Miami Beach, FL",murder,-0.00802783031255692,0.009955902289283176,0.06422991064493326
11,FL0130700,"Miami Beach, FL",murder,-0.006608455110596065,0.031990067204590654,0.06433961368681371
12,FL0130700,"Miami Beach, FL",murder,-0.0023119678719362097,0.0029007566358956105,0.06419029520992481
1,FL0160000,"Jacksonville, FL",murder,-0.058804930073651264,-0.020908329025562316,0.05213066173642982
2,FL0160000,"Jacksonville, FL",murder,-0.135445940382076,-0.11957558023447731,0.05224900392783896
3,FL0160000,"Jacksonville, FL",murder,-0.13355723675023795,-0.1542046703733277,0.052295125105604384
4,FL0160000,"Jacksonville, FL",murder,-0.04435065372038784,-0.08265371716515704,0.05231635349199737
5,FL0160000,"Jacksonville, FL",murder,0.04930096736513672,0.017361720917443906,0.05229512510560439
6,FL0160000,"Jacksonville, FL",murder,0.09738296415942169,0.06997364978726774,0.05224900392783896
7,FL0160000,"Jacksonville, FL",murder,0.11118341410659602,0.0813128149138361,0.052130661736429815
8,FL0160000,"Jacksonville, FL",murder,0.09275342812753531,0.07530025804332476,0.05224900392783896
9,FL0160000,"Jacksonville, FL",murder,0.0384862404627525,0.04952486229390133,0.05229512510560439
10,FL0160000,"Jacksonville, FL",murder,-0.00802783031255692,0.02224923127688325,0.05231635349199737
11,FL0160000,"Jacksonville, FL",murder,-0.006608455110596065,0.02691360127370863,0.052295125105604384
12,FL0160000,"Jacksonville, FL",murder,-0.0023119678719362097,0.034706158292158625,0.05224900392783896
1,FL0580000,"Sarasota, FL",murder,-0.058804930073651264,-0.07276546898689996,0.06434056441061006
2,FL0580000,"Sarasota, FL",murder,-0.135445940382076,-0.14561292325157474,0.0642504341642998
3,FL0580000,"Sarasota, FL",murder,-0.13355723675023795,-0.12378498916944325,0.06424799805544325
4,FL0580000,"Sarasota, FL",murder,-0.04435065372038784,-0.018650857328889336,0.0643494123033992
5,FL0580000,"Sarasota, FL",murder,0.04930096736513672,0.06330503195996151,0.06424799805544325
6,FL0580000,"Sarasota, FL",murder,0.09738296415942169,0.08383887065616125,0.0642504341642998
7,FL0580000,"Sarasota, FL",murder,0.11118341410659602,0.08827966940716914,0.06434056441061005
8,FL0580000,"Sarasota, FL",murder,0.09275342812753531,0.08604272199170789,0.0642504341642998
9,FL0580000,"Sarasota, FL",murder,0.0384862404627525,0.048700587489307195,0.06424799805544326
10,FL0580000,"Sarasota, FL",murder,-0.00802783031255692,0.003136656908620165,0.0643494123033992
11,FL0580000,"Sarasota, FL",murder,-0.006608455110596065,-0.003734830700094683,0.06424799805544325
12,FL0580000,"Sarasota, FL",murder,-0.0023119678719362097,-0.008754468976025184,0.0642504341642998
1,GA0447100,"Dunwoody, GA",murder,-0.058804930073651264,-0.054892183576197094,0.06473380623510629
2,GA0447100,"Dunwoody, GA",murder,-0.135445940382076,-0.1375354496879335,0.0647075033365735
3,GA0447100,"Dunwoody, GA",murder,-0.13355723675023795,-0.1391193525451248,0.06473408477790199
4,GA0447100,"Dunwoody, GA",murder,-0.04435065372038784,-0.038690447094070456,0.06471281587575345
5,GA0447100,"Dunwoody, GA",murder,0.04930096736513672,0.0618682729199225,0.064734084777902
6,GA0447100,"Dunwoody, GA",murder,0.09738296415942169,0.09752081376461645,0.0647075033365735
7,GA0447100,"Dunwoody, GA",murder,0.11118341410659602,0.09971766445621791,0.06473380623510627
8,GA0447100,"Dunwoody, GA",murder,0.09275342812753531,0.08955428179966031,0.0647075033365735
9,GA0447100,"Dunwoody, GA",murder,0.0384862404627525,0.04631270377683079,0.064734084777902
10,GA0447100,"Dunwoody, GA",murder,-0.00802783031255692,-0.00613503378595036,0.06471281587575345
11,GA0447100,"Dunwoody, GA",murder,-0.006608455110596065,-0.013887105031649338,0.06473408477790199
12,GA0447100,"Dunwoody, GA",murder,-0.0023119678719362097,-0.004714164996322423,0.0647075033365735
1,GA0470100,"Albany, GA",murder,-0.058804930073651264,-0.09101095566170145,0.06192648019046552
2,GA0470100,"Albany, GA",murder,-0.135445940382076,-0.15783733570824043,0.06181800704160093
3,GA0470100,"Albany, GA",murder,-0.13355723675023795,-0.1316849299559163,0.06196415294850057
4,GA0470100,"Albany, GA",murder,-0.04435065372038784,-0.05004291933397343,0.061786652275349865
5,GA0470100,"Albany, GA",murder,0.04930096736513672,0.034154803422543165,0.06196415294850058
6,GA0470100,"Albany, GA",murder,0.09738296415942169,0.10818422276298015,0.06181800704160093
7,GA0470100,"Albany, GA",murder,0.11118341410659602,0.1434340460068647,0.061926480190465504
8,GA0470100,"Albany, GA",murder,0.09275342812753531,0.10143423240494708,0.06181800704160093
9,GA0470100,"Albany, GA",murder,0.0384862404627525,0.02285873630745966,0.061964152948500585
10,GA0470100,"Albany, GA",murder,-0.00802783031255692,-0.002380171011189846,0.061786652275349865
11,GA0470100,"Albany, GA",murder,-0.006608455110596065,0.02224829988075016,0.06196415294850057
12,GA0470100,"Albany, GA",murder,-0.0023119678719362097,6.419708854765649e-4,0.06181800704160093
1,GA0580000,"Forsyth, GA",murder,-0.058804930073651264,-0.05540880305484971,0.06461669334350327
2,GA0580000,"Forsyth, GA",murder,-0.135445940382076,-0.13125145339762398,0.06463150201710101
3,GA0580000,"Forsyth, GA",murder,-0.13355723675023795,-0.12797083550615596,0.06462635431231571
4,GA0580000,"Forsyth, GA",murder,-0.04435065372038784,-0.04529485204349767,0.06462053621577904
5,GA0580000,"Forsyth, GA",murder,0.04930096736513672,0.03689960895066043,0.06462635431231571
6,GA0580000,"Forsyth, GA",murder,0.09738296415942169,0.082981548260882,0.06463150201710101
7,GA0580000,"Forsyth, GA",murder,0.11118341410659602,0.10699096670465998,0.06461669334350326
8,GA0580000,"Forsyth, GA",murder,0.09275342812753531,0.09722123749098685,0.06463150201710102
9,GA0580000,"Forsyth, GA",murder,0.0384862404627525,0.042358455949708544,0.06462635431231571
10,GA0580000,"Forsyth, GA",murder,-0.00802783031255692,-0.006287311606312606,0.06462053621577904
11,GA0580000,"Forsyth, GA",murder,-0.006608455110596065,-0.0028693930440233375,0.06462635431231571
12,GA0580000,"Forsyth, GA",murder,-0.0023119678719362097,0.002630831295565435,0.06463150201710101
1,GA0600400,"Alpharetta, GA",murder,-0.058804930073651264,-0.06146894382956521,0.0648479660255983
2,GA0600400,"Alpharetta, GA",murder,-0.135445940382076,-0.13837598666816558,0.06485365764926325
3,GA0600400,"Alpharetta, GA",murder,-0.13355723675023795,-0.13218069235814947,0.06485252023042312
4,GA0600400,"Alpharetta, GA",murder,-0.04435065372038784,-0.040613084058982334,0.06485580598368003
5,GA0600400,"Alpharetta, GA",murder,0.04930096736513672,0.0468439761613869,0.06485252023042312
6,GA0600400,"Alpharetta, GA",murder,0.09738296415942169,0.0882794634682371,0.06485365764926325
7,GA0600400,"Alpharetta, GA",murder,0.11118341410659602,0.10650635575656302,0.06484796602559828
8,GA0600400,"Alpharetta, GA",murder,0.09275342812753531,0.09863291124746652,0.06485365764926325
9,GA0600400,"Alpharetta, GA",murder,0.0384862404627525,0.047400205010452584,0.06485252023042314
10,GA0600400,"Alpharetta, GA",murder,-0.00802783031255692,-0.0044243278680154855,0.06485580598368003
11,GA0600400,"Alpharetta, GA",murder,-0.006608455110596065,-0.007100900740687862,0.06485252023042312
12,GA0600400,"Alpharetta, GA",murder,-0.0023119678719362097,-0.0034989761205401876,0.06485365764926324
1,GA0600500,"Roswell, GA",murder,-0.058804930073651264,-0.04601490914992592,0.06459512517197409
2,GA0600500,"Roswell, GA",murder,-0.135445940382076,-0.13410389309061654,0.06457750415455527
3,GA0600500,"Roswell, GA",murder,-0.13355723675023795,-0.145759062127201,0.06460053857276375
4,GA0600500,"Roswell, GA",murder,-0.04435065372038784,-0.054888416882513655,0.06459880724189249
5,GA0600500,"Roswell, GA",murder,0.04930096736513672,0.045539927914315347,0.06460053857276375
6,GA0600500,"Roswell, GA",murder,0.09738296415942169,0.09420250733062036,0.06457750415455527
7,GA0600500,"Roswell, GA",murder,0.11118341410659602,0.1113284436070528,0.06459512517197408
8,GA0600500,"Roswell, GA",murder,0.09275342812753531,0.10283621417361821,0.06457750415455527
9,GA0600500,"Roswell, GA",murder,0.0384862404627525,0.04917784875307578,0.06460053857276377
10,GA0600500,"Roswell, GA",murder,-0.00802783031255692,-0.010425117574613224,0.06459880724189249
11,GA0600500,"Roswell, GA",murder,-0.006608455110596065,-0.014272248997317041,0.06460053857276375
12,GA0600500,"Roswell, GA",murder,-0.0023119678719362097,0.002378706043504873,0.06457750415455527
1,GA0605800,"Johns Creek, GA",murder,-0.058804930073651264,-0.05825968875108746,0.06478106046179513
2,GA0605800,"Johns Creek, GA",murder,-0.135445940382076,-0.12936778722425168,0.06479827820697867
3,GA0605800,"Johns Creek, GA",murder,-0.13355723675023795,-0.12923661236751505,0.06479814761033399
4,GA0605800,"Johns Creek, GA",murder,-0.04435065372038784,-0.04710414103001352,0.06478295583188894
5,GA0605800,"Johns Creek, GA",murder,0.04930096736513672,0.04204364518182688,0.064798147610334
6,GA0605800,"Johns Creek, GA",murder,0.09738296415942169,0.09360038799316943,0.06479827820697867
7,GA0605800,"Johns Creek, GA",murder,0.11118341410659602,0.11576107450075945,0.06478106046179513
8,GA0605800,"Johns Creek, GA",murder,0.09275342812753531,0.10226007966633237,0.06479827820697869
9,GA0605800,"Johns Creek, GA",murder,0.0384862404627525,0.04462751905992375,0.064798147610334
10,GA0605800,"Johns Creek, GA",murder,-0.00802783031255692,-0.010397244719658475,0.06478295583188894
11,GA0605800,"Johns Creek, GA",murder,-0.006608455110596065,-0.014935937623907599,0.06479814761033399
12,GA0605800,"Johns Creek, GA",murder,-0.0023119678719362097,-0.008991294685578098,0.06479827820697867
1,GA0690000,"Hall, GA",murder,-0.058804930073651264,-0.05511958212594664,0.06394237891494249
2,GA0690000,"Hall, GA",murder,-0.135445940382076,-0.13117478910082683,0.06396922051169733
3,GA0690000,"Hall, GA",murder,-0.13355723675023795,-0.1317100460725695,0.0639729509459944
4,GA0690000,"Hall, GA",murder,-0.04435065372038784,-0.047126617446839894,0.06394159835248046
5,GA0690000,"Hall, GA",murder,0.04930096736513672,0.051262899529043955,0.0639729509459944
6,GA0690000,"Hall, GA",murder,0.09738296415942169,0.10697870189365799,0.06396922051169733
7,GA0690000,"Hall, GA",murder,0.11118341410659602,0.11219000079223872,0.06394237891494249
8,GA0690000,"Hall, GA",murder,0.09275342812753531,0.0747276212009657,0.06396922051169733
9,GA0690000,"Hall, GA",murder,0.0384862404627525,0.01819245950641626,0.06397295094599441
10,GA0690000,"Hall, GA",murder,-0.00802783031255692,-0.0099438012194522,0.06394159835248046
11,GA0690000,"Hall, GA",murder,-0.006608455110596065,0.005184268370817171,0.0639729509459944
12,GA0690000,"Hall, GA",murder,-0.0023119678719362097,0.006538884672495292,0.06396922051169733
1,GA1100000,"Paulding, GA",murder,-0.058804930073651264,-0.06079390713336668,0.06434623643196066
2,GA1100000,"Paulding, GA",murder,-0.135445940382076,-0.1311629595421204,0.06438656015267503
3,GA1100000,"Paulding, GA",murder,-0.13355723675023795,-0.1330806564556502,0.06438322941853858
4,GA1100000,"Paulding, GA",murder,-0.04435065372038784,-0.04572738351476164,0.06439918186059483
5,GA1100000,"Paulding, GA",murder,0.04930096736513672,0.060682105414068,0.06438322941853858
6,GA1100000,"Paulding, GA",murder,0.09738296415942169,0.11891624296047416,0.06438656015267503
7,GA1100000,"Paulding, GA",murder,0.11118341410659602,0.12006980701051567,0.06434623643196065
8,GA1100000,"Paulding, GA",murder,0.09275342812753531,0.08085644656622332,0.06438656015267503
9,GA1100000,"Paulding, GA",murder,0.0384862404627525,0.023498243602604104,0.06438322941853859
10,GA1100000,"Paulding, GA",murder,-0.00802783031255692,-0.013548516362387365,0.06439918186059483
11,GA1100000,"Paulding, GA",murder,-0.006608455110596065,-0.010375592438170943,0.06438322941853858
12,GA1100000,"Paulding, GA",murder,-0.0023119678719362097,-0.009333830107428045,0.06438656015267503
1,GAAPD0000,"Atlanta, GA",murder,-0.058804930073651264,-0.08433949789265807,0.051629455255281266
2,GAAPD0000,"Atlanta, GA",murder,-0.135445940382076,-0.16667149112452273,0.05155867592209746
3,GAAPD0000,"Atlanta, GA",murder,-0.13355723675023795,-0.1314091393686082,0.05182628317083703
4,GAAPD0000,"Atlanta, GA",murder,-0.04435065372038784,-0.05270104597234564,0.05160007796333857
5,GAAPD0000,"Atlanta, GA",murder,0.04930096736513672,0.013959259659116003,0.05182628317083704
6,GAAPD0000,"Atlanta, GA",murder,0.09738296415942169,0.09477787680263093,0.05155867592209746
7,GAAPD0000,"Atlanta, GA",murder,0.11118341410659602,0.15573741853671508,0.05162945525528126
8,GAAPD0000,"Atlanta, GA",murder,0.09275342812753531,0.11030269781162313,0.05155867592209746
9,GAAPD0000,"Atlanta, GA",murder,0.0384862404627525,0.003642425411651547,0.05182628317083705
10,GAAPD0000,"Atlanta, GA",murder,-0.00802783031255692,-0.01869687467171141,0.05160007796333857
11,GAAPD0000,"Atlanta, GA",murder,-0.006608455110596065,0.04240953365378357,0.05182628317083703
12,GAAPD0000,"Atlanta, GA",murder,-0.0023119678719362097,0.032988837154325816,0.05155867592209746
1,HI0020000,"Honolulu, HI",murder,-0.058804930073651264,-0.019312721182931633,0.06076922865398321
2,HI0020000,"Honolulu, HI",murder,-0.135445940382076,-0.10396638604216044,0.06120703627316302
3,HI0020000,"Honolulu, HI",murder,-0.13355723675023795,-0.1199222729746154,0.061192055212107695
4,HI0020000,"Honolulu, HI",murder,-0.04435065372038784,-0.053848899315286726,0.06083184773513594
5,HI0020000,"Honolulu, HI",murder,0.04930096736513672,-0.0029936706568945578,0.0611920552121077
6,HI0020000,"Honolulu, HI",murder,0.09738296415942169,0.02167147423974184,0.06120703627316302
7,HI0020000,"Honolulu, HI",murder,0.11118341410659602,0.08188747353685284,0.0607692286539832
8,HI0020000,"Honolulu, HI",murder,0.09275342812753531,0.1359608711651925,0.061207036273163026
9,HI0020000,"Honolulu, HI",murder,0.0384862404627525,0.08934200574372628,0.06119205521210771
10,HI0020000,"Honolulu, HI",murder,-0.00802783031255692,-0.008725853038634481,0.06083184773513594
11,HI0020000,"Honolulu, HI",murder,-0.006608455110596065,-0.02900081446613756,0.061192055212107695
12,HI0020000,"Honolulu, HI",murder,-0.0023119678719362097,0.008908792991147297,0.06120703627316302
1,IA0070300,"Waterloo, IA",murder,-0.058804930073651264,-0.05178595455834538,0.06393319063208885
2,IA0070300,"Waterloo, IA",murder,-0.135445940382076,-0.15152814912723842,0.064001243103044
3,IA0070300,"Waterloo, IA",murder,-0.13355723675023795,-0.142204747742223,0.06396206538778301
4,IA0070300,"Waterloo, IA",murder,-0.04435065372038784,-0.026947704818893584,0.06399278086971992
5,IA0070300,"Waterloo, IA",murder,0.04930096736513672,0.06569048526095289,0.06396206538778303
6,IA0070300,"Waterloo, IA",murder,0.09738296415942169,0.09082019369656277,0.064001243103044
7,IA0070300,"Waterloo, IA",murder,0.11118341410659602,0.1007531160379717,0.06393319063208884
8,IA0070300,"Waterloo, IA",murder,0.09275342812753531,0.09497180929313827,0.064001243103044
9,IA0070300,"Waterloo, IA",murder,0.0384862404627525,0.03668124642849653,0.06396206538778303
10,IA0070300,"Waterloo, IA",murder,-0.00802783031255692,-0.022019456660732736,0.06399278086971992
11,IA0070300,"Waterloo, IA",murder,-0.006608455110596065,-0.009134145426852786,0.06396206538778301
12,IA0070300,"Waterloo, IA",murder,-0.0023119678719362097,0.014703307617163723,0.064001243103044
1,IA0310100,"Dubuque, IA",murder,-0.058804930073651264,-0.052497018903344045,0.06478639662435512
2,IA0310100,"Dubuque, IA",murder,-0.135445940382076,-0.12508295115424864,0.06473963198668366
3,IA0310100,"Dubuque, IA",murder,-0.13355723675023795,-0.1294565570617156,0.06475440256091661
4,IA0310100,"Dubuque, IA",murder,-0.04435065372038784,-0.054376458548987955,0.06478321569179706
5,IA0310100,"Dubuque, IA",murder,0.04930096736513672,0.038626107315926694,0.06475440256091661
6,IA0310100,"Dubuque, IA",murder,0.09738296415942169,0.10412626688563073,0.06473963198668366
7,IA0310100,"Dubuque, IA",murder,0.11118341410659602,0.12793810081170875,0.0647863966243551
8,IA0310100,"Dubuque, IA",murder,0.09275342812753531,0.09657280618579168,0.06473963198668366
9,IA0310100,"Dubuque, IA",murder,0.0384862404627525,0.025505330184893937,0.06475440256091662
10,IA0310100,"Dubuque, IA",murder,-0.00802783031255692,-0.02106462335937676,0.06478321569179706
11,IA0310100,"Dubuque, IA",murder,-0.006608455110596065,-0.010115962347469757,0.06475440256091661
12,IA0310100,"Dubuque, IA",murder,-0.0023119678719362097,-1.750400088090226e-4,0.06473963198668366
1,IA0520200,"Iowa City, IA",murder,-0.058804930073651264,-0.06137845410261614,0.06472965393854838
2,IA0520200,"Iowa City, IA",murder,-0.135445940382076,-0.13710769011641036,0.06473275892991484
3,IA0520200,"Iowa City, IA",murder,-0.13355723675023795,-0.1256541902125205,0.06472545057335004
4,IA0520200,"Iowa City, IA",murder,-0.04435065372038784,-0.03226780900232556,0.06474007851006278
5,IA0520200,"Iowa City, IA",murder,0.04930096736513672,0.05126366405210895,0.06472545057335005
6,IA0520200,"Iowa City, IA",murder,0.09738296415942169,0.08818985838245126,0.06473275892991484
7,IA0520200,"Iowa City, IA",murder,0.11118341410659602,0.10343761451562007,0.06472965393854838
8,IA0520200,"Iowa City, IA",murder,0.09275342812753531,0.09189476715715598,0.06473275892991484
9,IA0520200,"Iowa City, IA",murder,0.0384862404627525,0.038382106840262185,0.06472545057335005
10,IA0520200,"Iowa City, IA",murder,-0.00802783031255692,-0.00979135141067839,0.06474007851006278
11,IA0520200,"Iowa City, IA",murder,-0.006608455110596065,-0.006050741092854603,0.06472545057335004
12,IA0520200,"Iowa City, IA",murder,-0.0023119678719362097,-9.177750101929078e-4,0.06473275892991484
1,IA0570100,"Cedar Rapids, IA",murder,-0.058804930073651264,-0.05379948240715515,0.06373175987539823
2,IA0570100,"Cedar Rapids, IA",murder,-0.135445940382076,-0.12162556782296474,0.06378561013915779
3,IA0570100,"Cedar Rapids, IA",murder,-0.13355723675023795,-0.1269215646904373,0.0637817244930605
4,IA0570100,"Cedar Rapids, IA",murder,-0.04435065372038784,-0.0433363650758177,0.06381292956449089
5,IA0570100,"Cedar Rapids, IA",murder,0.04930096736513672,0.05929540428602255,0.0637817244930605
6,IA0570100,"Cedar Rapids, IA",murder,0.09738296415942169,0.1113616955312519,0.06378561013915779
7,IA0570100,"Cedar Rapids, IA",murder,0.11118341410659602,0.1089741863733154,0.06373175987539823
8,IA0570100,"Cedar Rapids, IA",murder,0.09275342812753531,0.07468921281065277,0.06378561013915779
9,IA0570100,"Cedar Rapids, IA",murder,0.0384862404627525,0.024810505711965077,0.0637817244930605
10,IA0570100,"Cedar Rapids, IA",murder,-0.00802783031255692,-0.011838338890342545,0.06381292956449089
11,IA0570100,"Cedar Rapids, IA",murder,-0.006608455110596065,-0.012359049273710605,0.0637817244930605
12,IA0570100,"Cedar Rapids, IA",murder,-0.0023119678719362097,-0.009250636552779665,0.06378561013915778
1,IA0770100,"Ankeny, IA",murder,-0.058804930073651264,-0.05644218911092025,0.06491943532067639
2,IA0770100,"Ankeny, IA",murder,-0.135445940382076,-0.13280951136313066,0.06492285307430516
3,IA0770100,"Ankeny, IA",murder,-0.13355723675023795,-0.13099104149097127,0.06492184117131121
4,IA0770100,"Ankeny, IA",murder,-0.04435065372038784,-0.04382225603813106,0.06492136151115462
5,IA0770100,"Ankeny, IA",murder,0.04930096736513672,0.046151586399275114,0.06492184117131121
6,IA0770100,"Ankeny, IA",murder,0.09738296415942169,0.09363513845752146,0.06492285307430516
7,IA0770100,"Ankeny, IA",murder,0.11118341410659602,0.11143116396157816,0.06491943532067637
8,IA0770100,"Ankeny, IA",murder,0.09275342812753531,0.09583079946844315,0.06492285307430516
9,IA0770100,"Ankeny, IA",murder,0.0384862404627525,0.03902335474562583,0.06492184117131122
10,IA0770100,"Ankeny, IA",murder,-0.00802783031255692,-0.011166718812526863,0.06492136151115462
11,IA0770100,"Ankeny, IA",murder,-0.006608455110596065,-0.009172874504587638,0.06492184117131121
12,IA0770100,"Ankeny, IA",murder,-0.0023119678719362097,-0.0016674517121759986,0.06492285307430516
1,IA0770300,"Des Moines, IA",murder,-0.058804930073651264,-0.03934131520580439,0.06264745876080494
2,IA0770300,"Des Moines, IA",murder,-0.135445940382076,-0.1321750952705539,0.06262180062448197
3,IA0770300,"Des Moines, IA",murder,-0.13355723675023795,-0.14439858009917247,0.06271475579207751
4,IA0770300,"Des Moines, IA",murder,-0.04435065372038784,-0.03709478333318583,0.06265093549056855
5,IA0770300,"Des Moines, IA",murder,0.04930096736513672,0.07408914609341007,0.06271475579207753
6,IA0770300,"Des Moines, IA",murder,0.09738296415942169,0.10620597394888957,0.06262180062448197
7,IA0770300,"Des Moines, IA",murder,0.11118341410659602,0.09841050476972985,0.06264745876080492
8,IA0770300,"Des Moines, IA",murder,0.09275342812753531,0.08432629439630365,0.06262180062448197
9,IA0770300,"Des Moines, IA",murder,0.0384862404627525,0.03748058966099675,0.06271475579207753
10,IA0770300,"Des Moines, IA",murder,-0.00802783031255692,-0.02197440623073962,0.06265093549056855
11,IA0770300,"Des Moines, IA",murder,-0.006608455110596065,-0.02624034521915984,0.06271475579207751
12,IA0770300,"Des Moines, IA",murder,-0.0023119678719362097,7.120164892861422e-4,0.06262180062448197
1,IA0770500,"West Des Moines, IA",murder,-0.058804930073651264,-0.060218944694838045,0.06486573270968361
2,IA0770500,"West Des Moines, IA",murder,-0.135445940382076,-0.1379010123237468,0.06488996203002712
3,IA0770500,"West Des Moines, IA",murder,-0.13355723675023795,-0.13134009466319882,0.06487538529578644
4,IA0770500,"West Des Moines, IA",murder,-0.04435065372038784,-0.04150136451150403,0.06487680353759498
5,IA0770500,"West Des Moines, IA",murder,0.04930096736513672,0.0437249597783322,0.06487538529578646
6,IA0770500,"West Des Moines, IA",murder,0.09738296415942169,0.08974265817965163,0.06488996203002712
7,IA0770500,"West Des Moines, IA",murder,0.11118341410659602,0.116479471293734,0.0648657327096836
8,IA0770500,"West Des Moines, IA",murder,0.09275342812753531,0.10793840493231692,0.06488996203002712
9,IA0770500,"West Des Moines, IA",murder,0.0384862404627525,0.04511696067287299,0.06487538529578646
10,IA0770500,"West Des Moines, IA",murder,-0.00802783031255692,-0.014759162087391926,0.06487680353759498
11,IA0770500,"West Des Moines, IA",murder,-0.006608455110596065,-0.013762352386902352,0.06487538529578644
12,IA0770500,"West Des Moines, IA",murder,-0.0023119678719362097,-0.003519524189325762,0.06488996203002712
1,IA0780100,"Council Bluffs, IA",murder,-0.058804930073651264,-0.059046485774286256,0.0646594523781727
2,IA0780100,"Council Bluffs, IA",murder,-0.135445940382076,-0.1312628009667944,0.06468178896461059
3,IA0780100,"Council Bluffs, IA",murder,-0.13355723675023795,-0.12248440495783539,0.06467587410357702
4,IA0780100,"Council Bluffs, IA",murder,-0.04435065372038784,-0.03666426450542306,0.0646705286671301
5,IA0780100,"Council Bluffs, IA",murder,0.04930096736513672,0.04352124002766461,0.06467587410357702
6,IA0780100,"Council Bluffs, IA",murder,0.09738296415942169,0.0862301449690996,0.06468178896461059
7,IA0780100,"Council Bluffs, IA",murder,0.11118341410659602,0.10933542306290157,0.0646594523781727
8,IA0780100,"Council Bluffs, IA",murder,0.09275342812753531,0.09859532761398931,0.0646817889646106
9,IA0780100,"Council Bluffs, IA",murder,0.0384862404627525,0.03952799431641496,0.06467587410357703
10,IA0780100,"Council Bluffs, IA",murder,-0.00802783031255692,-0.013624672783192267,0.0646705286671301
11,IA0780100,"Council Bluffs, IA",murder,-0.006608455110596065,-0.010853766674859542,0.06467587410357702
12,IA0780100,"Council Bluffs, IA",murder,-0.0023119678719362097,-0.003273734327679148,0.0646817889646106
1,IA0820200,"Davenport, IA",murder,-0.058804930073651264,-0.040882811269553225,0.06363504417729218
2,IA0820200,"Davenport, IA",murder,-0.135445940382076,-0.13325645439008238,0.0636170047087429
3,IA0820200,"Davenport, IA",murder,-0.13355723675023795,-0.13831070761452868,0.06366965336033027
4,IA0820200,"Davenport, IA",murder,-0.04435065372038784,-0.033242319083777956,0.06364446397406963
5,IA0820200,"Davenport, IA",murder,0.04930096736513672,0.06443201891314554,0.06366965336033029
6,IA0820200,"Davenport, IA",murder,0.09738296415942169,0.09386276587214556,0.0636170047087429
7,IA0820200,"Davenport, IA",murder,0.11118341410659602,0.10121555187592102,0.06363504417729217
8,IA0820200,"Davenport, IA",murder,0.09275342812753531,0.09711466862735009,0.0636170047087429
9,IA0820200,"Davenport, IA",murder,0.0384862404627525,0.041836181245428594,0.06366965336033029
10,IA0820200,"Davenport, IA",murder,-0.00802783031255692,-0.027090421522589832,0.06364446397406963
11,IA0820200,"Davenport, IA",murder,-0.006608455110596065,-0.028290233150413267,0.06366965336033027
12,IA0820200,"Davenport, IA",murder,-0.0023119678719362097,0.002611760496954523,0.0636170047087429
1,IA0850100,"Ames, IA",murder,-0.058804930073651264,-0.05948612239820432,0.06475353368400362
2,IA0850100,"Ames, IA",murder,-0.135445940382076,-0.12827128342842742,0.0647546432521047
3,IA0850100,"Ames, IA",murder,-0.13355723675023795,-0.12393041335147283,0.06475042012651637
4,IA0850100,"Ames, IA",murder,-0.04435065372038784,-0.04151117566332334,0.06474815042235509
5,IA0850100,"Ames, IA",murder,0.04930096736513672,0.044212338226178184,0.06475042012651637
6,IA0850100,"Ames, IA",murder,0.09738296415942169,0.08964812216213906,0.0647546432521047
7,IA0850100,"Ames, IA",murder,0.11118341410659602,0.10437438325603283,0.0647535336840036
8,IA0850100,"Ames, IA",murder,0.09275342812753531,0.08863744777039574,0.0647546432521047
9,IA0850100,"Ames, IA",murder,0.0384862404627525,0.039408316835612606,0.06475042012651638
10,IA0850100,"Ames, IA",murder,-0.00802783031255692,-0.0033770851945051895,0.06474815042235509
11,IA0850100,"Ames, IA",murder,-0.006608455110596065,-0.0045785025681465315,0.06475042012651637
12,IA0850100,"Ames, IA",murder,-0.0023119678719362097,-0.005126025646278825,0.0647546432521047
1,IA0970100,"Sioux City, IA",murder,-0.058804930073651264,-0.0387350101053282,0.0642992809425303
2,IA0970100,"Sioux City, IA",murder,-0.135445940382076,-0.1278333105893616,0.06427596516693303
3,IA0970100,"Sioux City, IA",murder,-0.13355723675023795,-0.14187922408080444,0.06428907435660411
4,IA0970100,"Sioux City, IA",murder,-0.04435065372038784,-0.054804197292307885,0.06430018267340766
5,IA0970100,"Sioux City, IA",murder,0.04930096736513672,0.041664587773305665,0.06428907435660412
6,IA0970100,"Sioux City, IA",murder,0.09738296415942169,0.0899873827961106,0.06427596516693303
7,IA0970100,"Sioux City, IA",murder,0.11118341410659602,0.11010306024247633,0.06429928094253029
8,IA0970100,"Sioux City, IA",murder,0.09275342812753531,0.10219013648346965,0.06427596516693304
9,IA0970100,"Sioux City, IA",murder,0.0384862404627525,0.04486799983776435,0.06428907435660412
10,IA0970100,"Sioux City, IA",murder,-0.00802783031255692,-0.01656385284484025,0.06430018267340766
11,IA0970100,"Sioux City, IA",murder,-0.006608455110596065,-0.016021413667413744,0.06428907435660411
12,IA0970100,"Sioux City, IA",murder,-0.0023119678719362097,0.0070238414469295,0.06427596516693303
1,ID0010000,"Ada, ID",murder,-0.058804930073651264,-0.06143155048892513,0.0647892303957573
2,ID0010000,"Ada, ID",murder,-0.135445940382076,-0.13724992931978736,0.06479290744407756
3,ID0010000,"Ada, ID",murder,-0.13355723675023795,-0.1292603807409035,0.06479046032142209
4,ID0010000,"Ada, ID",murder,-0.04435065372038784,-0.039596809479959756,0.06479388864748603
5,ID0010000,"Ada, ID",murder,0.04930096736513672,0.04667412597569242,0.06479046032142209
6,ID0010000,"Ada, ID",murder,0.09738296415942169,0.0908740937042928,0.06479290744407756
7,ID0010000,"Ada, ID",murder,0.11118341410659602,0.10917177426598765,0.06478923039575729
8,ID0010000,"Ada, ID",murder,0.09275342812753531,0.09475228868229033,0.06479290744407756
9,ID0010000,"Ada, ID",murder,0.0384862404627525,0.039022516326343945,0.0647904603214221
10,ID0010000,"Ada, ID",murder,-0.00802783031255692,-0.008143414297102778,0.06479388864748603
11,ID0010000,"Ada, ID",murder,-0.006608455110596065,-0.004176485338195409,0.06479046032142209
12,ID0010000,"Ada, ID",murder,-0.0023119678719362097,-6.362292897331928e-4,0.06479290744407756
1,ID0010300,"Meridian, ID",murder,-0.058804930073651264,-0.04884252952072562,0.06471493461168404
2,ID0010300,"Meridian, ID",murder,-0.135445940382076,-0.1379508545074077,0.06473086997789121
3,ID0010300,"Meridian, ID",murder,-0.13355723675023795,-0.13738953498850315,0.06471187070139858
4,ID0010300,"Meridian, ID",murder,-0.04435065372038784,-0.042883168248753,0.06473359267691284
5,ID0010300,"Meridian, ID",murder,0.04930096736513672,0.0464116021265625,0.0647118707013986
6,ID0010300,"Meridian, ID",murder,0.09738296415942169,0.08814183344460019,0.06473086997789121
7,ID0010300,"Meridian, ID",murder,0.11118341410659602,0.10895596508192489,0.06471493461168402
8,ID0010300,"Meridian, ID",murder,0.09275342812753531,0.09970030383345757,0.06473086997789121
9,ID0010300,"Meridian, ID",murder,0.0384862404627525,0.03902554875335372,0.0647118707013986
10,ID0010300,"Meridian, ID",murder,-0.00802783031255692,-0.01723026731244628,0.06473359267691284
11,ID0010300,"Meridian, ID",murder,-0.006608455110596065,-0.008161051452612379,0.06471187070139858
12,ID0010300,"Meridian, ID",murder,-0.0023119678719362097,0.010222152790549255,0.0647308699778912
1,ID0030200,"Pocatello, ID",murder,-0.058804930073651264,-0.06580332124940341,0.06485202800206412
2,ID0030200,"Pocatello, ID",murder,-0.135445940382076,-0.13596051577887538,0.0648528661315374
3,ID0030200,"Pocatello, ID",murder,-0.13355723675023795,-0.13130107819833875,0.06484945688867552
4,ID0030200,"Pocatello, ID",murder,-0.04435065372038784,-0.04378648442996099,0.0648538023739222
5,ID0030200,"Pocatello, ID",murder,0.04930096736513672,0.050668779657265586,0.06484945688867554
6,ID0030200,"Pocatello, ID",murder,0.09738296415942169,0.1008735016416331,0.0648528661315374
7,ID0030200,"Pocatello, ID",murder,0.11118341410659602,0.11224614907303589,0.0648520280020641
8,ID0030200,"Pocatello, ID",murder,0.09275342812753531,0.09062217613805677,0.0648528661315374
9,ID0030200,"Pocatello, ID",murder,0.0384862404627525,0.03951991073388767,0.06484945688867554
10,ID0030200,"Pocatello, ID",murder,-0.00802783031255692,-0.0026563433936714824,0.0648538023739222
11,ID0030200,"Pocatello, ID",murder,-0.006608455110596065,-0.005330440016447013,0.06484945688867552
12,ID0030200,"Pocatello, ID",murder,-0.0023119678719362097,-0.009092334177181985,0.06485286613153739
1,ID0100200,"Idaho Falls, ID",murder,-0.058804930073651264,-0.045059814573388215,0.0647908339200814
2,ID0100200,"Idaho Falls, ID",murder,-0.135445940382076,-0.11335546451822304,0.06481432264956598
3,ID0100200,"Idaho Falls, ID",murder,-0.13355723675023795,-0.1262620003054742,0.06478610527010824
4,ID0100200,"Idaho Falls, ID",murder,-0.04435065372038784,-0.05214872242017149,0.06478917020497728
5,ID0100200,"Idaho Falls, ID",murder,0.04930096736513672,0.04290089532238424,0.06478610527010825
6,ID0100200,"Idaho Falls, ID",murder,0.09738296415942169,0.09480866552829252,0.06481432264956598
7,ID0100200,"Idaho Falls, ID",murder,0.11118341410659602,0.10391208316676592,0.06479083392008139
8,ID0100200,"Idaho Falls, ID",murder,0.09275342812753531,0.08484018853658692,0.06481432264956598
9,ID0100200,"Idaho Falls, ID",murder,0.0384862404627525,0.03889445573046034,0.06478610527010825
10,ID0100200,"Idaho Falls, ID",murder,-0.00802783031255692,-0.0067035461732062205,0.06478917020497728
11,ID0100200,"Idaho Falls, ID",murder,-0.006608455110596065,-0.014385619340748142,0.06478610527010824
12,ID0100200,"Idaho Falls, ID",murder,-0.0023119678719362097,-0.0074411209532786755,0.06481432264956598
1,ID0280100,"Coeur D Alene, ID",murder,-0.058804930073651264,-0.06383076573604786,0.06474826216268961
2,ID0280100,"Coeur D Alene, ID",murder,-0.135445940382076,-0.1330118057200528,0.06475470886176823
3,ID0280100,"Coeur D Alene, ID",murder,-0.13355723675023795,-0.12485329114911917,0.06476177107839852
4,ID0280100,"Coeur D Alene, ID",murder,-0.04435065372038784,-0.034947081599420754,0.0647667531143106
5,ID0280100,"Coeur D Alene, ID",murder,0.04930096736513672,0.054578997363389795,0.06476177107839853
6,ID0280100,"Coeur D Alene, ID",murder,0.09738296415942169,0.09812963490017787,0.06475470886176823
7,ID0280100,"Coeur D Alene, ID",murder,0.11118341410659602,0.11011802642620011,0.0647482621626896
8,ID0280100,"Coeur D Alene, ID",murder,0.09275342812753531,0.09199644910884704,0.06475470886176823
9,ID0280100,"Coeur D Alene, ID",murder,0.0384862404627525,0.037550673847761125,0.06476177107839853
10,ID0280100,"Coeur D Alene, ID",murder,-0.00802783031255692,-0.011340179090731517,0.0647667531143106
11,ID0280100,"Coeur D Alene, ID",murder,-0.006608455110596065,-0.013563640752184055,0.06476177107839852
12,ID0280100,"Coeur D Alene, ID",murder,-0.0023119678719362097,-0.010827017598819795,0.06475470886176823
1,ID0420200,"Twin Falls, ID",murder,-0.058804930073651264,-0.05669992423482581,0.06475095691693962
2,ID0420200,"Twin Falls, ID",murder,-0.135445940382076,-0.14183663397030744,0.06476588874858642
3,ID0420200,"Twin Falls, ID",murder,-0.13355723675023795,-0.13559901750917663,0.06475710481559432
4,ID0420200,"Twin Falls, ID",murder,-0.04435065372038784,-0.043899924075363854,0.06476451927208436
5,ID0420200,"Twin Falls, ID",murder,0.04930096736513672,0.043768831442208334,0.06475710481559434
6,ID0420200,"Twin Falls, ID",murder,0.09738296415942169,0.09108783961389579,0.06476588874858642
7,ID0420200,"Twin Falls, ID",murder,0.11118341410659602,0.11272309972302134,0.06475095691693962
8,ID0420200,"Twin Falls, ID",murder,0.09275342812753531,0.09520019305322369,0.06476588874858644
9,ID0420200,"Twin Falls, ID",murder,0.0384862404627525,0.03293940110389734,0.06475710481559434
10,ID0420200,"Twin Falls, ID",murder,-0.00802783031255692,-0.012123251412831685,0.06476451927208436
11,ID0420200,"Twin Falls, ID",murder,-0.006608455110596065,0.0028676094748753796,0.06475710481559432
12,ID0420200,"Twin Falls, ID",murder,-0.0023119678719362097,0.011571776791383544,0.06476588874858642
1,IL0100100,"Champaign, IL",murder,-0.058804930073651264,-0.07698470402528966,0.0640359618036134
2,IL0100100,"Champaign, IL",murder,-0.135445940382076,-0.14448513768990207,0.06383318129939816
3,IL0100100,"Champaign, IL",murder,-0.13355723675023795,-0.13642853760832088,0.06395805995239796
4,IL0100100,"Champaign, IL",murder,-0.04435065372038784,-0.06669875464276451,0.06386017283694956
5,IL0100100,"Champaign, IL",murder,0.04930096736513672,0.026308146230844546,0.06395805995239798
6,IL0100100,"Champaign, IL",murder,0.09738296415942169,0.11711694921581024,0.06383318129939816
7,IL0100100,"Champaign, IL",murder,0.11118341410659602,0.158859936579331,0.06403596180361339
8,IL0100100,"Champaign, IL",murder,0.09275342812753531,0.11093778532924234,0.06383318129939816
9,IL0100100,"Champaign, IL",murder,0.0384862404627525,0.021005952693619812,0.06395805995239798
10,IL0100100,"Champaign, IL",murder,-0.00802783031255692,-0.015176477911276853,0.06386017283694956
11,IL0100100,"Champaign, IL",murder,-0.006608455110596065,0.007239206129815145,0.06395805995239796
12,IL0100100,"Champaign, IL",murder,-0.0023119678719362097,-0.0016943643011090976,0.06383318129939816
1,IL0160200,"Arlington Heights, IL",murder,-0.058804930073651264,-0.06304448137667709,0.0648838521537702
2,IL0160200,"Arlington Heights, IL",murder,-0.135445940382076,-0.1393602218752447,0.06488551077669912
3,IL0160200,"Arlington Heights, IL",murder,-0.13355723675023795,-0.13457846063617798,0.06488523247931065
4,IL0160200,"Arlington Heights, IL",murder,-0.04435065372038784,-0.04342856038353548,0.06488234705846248
5,IL0160200,"Arlington Heights, IL",murder,0.04930096736513672,0.051792706894037345,0.06488523247931065
6,IL0160200,"Arlington Heights, IL",murder,0.09738296415942169,0.10189987073921399,0.06488551077669912
7,IL0160200,"Arlington Heights, IL",murder,0.11118341410659602,0.11514922471958157,0.06488385215377018
8,IL0160200,"Arlington Heights, IL",murder,0.09275342812753531,0.09258996420272837,0.06488551077669913
9,IL0160200,"Arlington Heights, IL",murder,0.0384862404627525,0.03570345962075717,0.06488523247931066
10,IL0160200,"Arlington Heights, IL",murder,-0.00802783031255692,-0.008676182959369021,0.06488234705846248
11,IL0160200,"Arlington Heights, IL",murder,-0.006608455110596065,-0.005022449221521057,0.06488523247931065
12,IL0160200,"Arlington Heights, IL",murder,-0.0023119678719362097,-0.0030248697237931325,0.06488551077669912
1,IL0162100,"Cicero, IL",murder,-0.058804930073651264,-0.055696198341160456,0.0642682217775363
2,IL0162100,"Cicero, IL",murder,-0.135445940382076,-0.14558879592588703,0.06424538602840847
3,IL0162100,"Cicero, IL",murder,-0.13355723675023795,-0.15591731870567513,0.06427553973854556
4,IL0162100,"Cicero, IL",murder,-0.04435065372038784,-0.04717428307448139,0.06420146745437985
5,IL0162100,"Cicero, IL",murder,0.04930096736513672,0.07408185130917869,0.06427553973854556
6,IL0162100,"Cicero, IL",murder,0.09738296415942169,0.11777615808099334,0.06424538602840847
7,IL0162100,"Cicero, IL",murder,0.11118341410659602,0.10919517189752578,0.06426822177753629
8,IL0162100,"Cicero, IL",murder,0.09275342812753531,0.08864062075776774,0.06424538602840847
9,IL0162100,"Cicero, IL",murder,0.0384862404627525,0.045470169981190495,0.06427553973854556
10,IL0162100,"Cicero, IL",murder,-0.00802783031255692,-0.006324690481883937,0.06420146745437985
11,IL0162100,"Cicero, IL",murder,-0.006608455110596065,-0.017133676141059418,0.06427553973854556
12,IL0162100,"Cicero, IL",murder,-0.0023119678719362097,-0.007329009356508697,0.06424538602840847
1,IL0162A00,"Schaumburg, IL",murder,-0.058804930073651264,-0.06887941059830642,0.06475945169990589
2,IL0162A00,"Schaumburg, IL",murder,-0.135445940382076,-0.14428017250973715,0.06474982465578846
3,IL0162A00,"Schaumburg, IL",murder,-0.13355723675023795,-0.1295312238362939,0.06476369299461945
4,IL0162A00,"Schaumburg, IL",murder,-0.04435065372038784,-0.04027351832582732,0.06475029857244274
5,IL0162A00,"Schaumburg, IL",murder,0.04930096736513672,0.04380974165108634,0.06476369299461945
6,IL0162A00,"Schaumburg, IL",murder,0.09738296415942169,0.09431095624211228,0.06474982465578846
7,IL0162A00,"Schaumburg, IL",murder,0.11118341410659602,0.11794078540983739,0.06475945169990588
8,IL0162A00,"Schaumburg, IL",murder,0.09275342812753531,0.09628748423041886,0.06474982465578846
9,IL0162A00,"Schaumburg, IL",murder,0.0384862404627525,0.03247716074544463,0.06476369299461947
10,IL0162A00,"Schaumburg, IL",murder,-0.00802783031255692,-0.008787856485703667,0.06475029857244274
11,IL0162A00,"Schaumburg, IL",murder,-0.006608455110596065,0.0041829466282319264,0.06476369299461945
12,IL0162A00,"Schaumburg, IL",murder,-0.0023119678719362097,0.0027431068487370424,0.06474982465578846
1,IL0163200,"Evanston, IL",murder,-0.058804930073651264,-0.06763660175979821,0.06464752323952942
2,IL0163200,"Evanston, IL",murder,-0.135445940382076,-0.13553840896157066,0.06462541047699334
3,IL0163200,"Evanston, IL",murder,-0.13355723675023795,-0.12031096066630399,0.06465754508566678
4,IL0163200,"Evanston, IL",murder,-0.04435065372038784,-0.041031447494341206,0.06462138687800818
5,IL0163200,"Evanston, IL",murder,0.04930096736513672,0.03478541195782682,0.06465754508566678
6,IL0163200,"Evanston, IL",murder,0.09738296415942169,0.08884426128734095,0.06462541047699334
7,IL0163200,"Evanston, IL",murder,0.11118341410659602,0.12057706120612925,0.06464752323952941
8,IL0163200,"Evanston, IL",murder,0.09275342812753531,0.10008377069698403,0.06462541047699334
9,IL0163200,"Evanston, IL",murder,0.0384862404627525,0.0319158629553863,0.06465754508566678
10,IL0163200,"Evanston, IL",murder,-0.00802783031255692,-0.011909011951989854,0.06462138687800818
11,IL0163200,"Evanston, IL",murder,-0.006608455110596065,6.692263067597816e-4,0.06465754508566678
12,IL0163200,"Evanston, IL",murder,-0.0023119678719362097,-4.491635764232015e-4,0.06462541047699334
1,IL0164A00,"Skokie, IL",murder,-0.058804930073651264,-0.05589964746838727,0.06488663404624878
2,IL0164A00,"Skokie, IL",murder,-0.135445940382076,-0.13933155529209276,0.06487041912609845
3,IL0164A00,"Skokie, IL",murder,-0.13355723675023795,-0.13822510295130716,0.06489107330388219
4,IL0164A00,"Skokie, IL",murder,-0.04435065372038784,-0.036296970252225856,0.06487551517398708
5,IL0164A00,"Skokie, IL",murder,0.04930096736513672,0.06329881222402123,0.0648910733038822
6,IL0164A00,"Skokie, IL",murder,0.09738296415942169,0.09916143614123343,0.06487041912609845
7,IL0164A00,"Skokie, IL",murder,0.11118341410659602,0.10237752176654327,0.06488663404624877
8,IL0164A00,"Skokie, IL",murder,0.09275342812753531,0.08978743769897943,0.06487041912609845
9,IL0164A00,"Skokie, IL",murder,0.0384862404627525,0.04220311106003781,0.0648910733038822
10,IL0164A00,"Skokie, IL",murder,-0.00802783031255692,-0.010180904045930144,0.06487551517398708
11,IL0164A00,"Skokie, IL",murder,-0.006608455110596065,-0.01375469463090792,0.06489107330388219
12,IL0164A00,"Skokie, IL",murder,-0.0023119678719362097,-0.003139444249964071,0.06487041912609845
1,IL0165M00,"Tinley Park, IL",murder,-0.058804930073651264,-0.041894077804931276,0.0649254308259692
2,IL0165M00,"Tinley Park, IL",murder,-0.135445940382076,-0.12891201001451688,0.06489880057694083
3,IL0165M00,"Tinley Park, IL",murder,-0.13355723675023795,-0.14019826049106163,0.06491289198862742
4,IL0165M00,"Tinley Park, IL",murder,-0.04435065372038784,-0.04800408878363123,0.06489793298104163
5,IL0165M00,"Tinley Park, IL",murder,0.04930096736513672,0.053088251988096635,0.06491289198862743
6,IL0165M00,"Tinley Park, IL",murder,0.09738296415942169,0.09670800584764022,0.06489880057694083
7,IL0165M00,"Tinley Park, IL",murder,0.11118341410659602,0.10382086924179591,0.06492543082596919
8,IL0165M00,"Tinley Park, IL",murder,0.09275342812753531,0.08913732223319931,0.06489880057694085
9,IL0165M00,"Tinley Park, IL",murder,0.0384862404627525,0.038496781272879414,0.06491289198862743
10,IL0165M00,"Tinley Park, IL",murder,-0.00802783031255692,-0.013922702653233412,0.06489793298104163
11,IL0165M00,"Tinley Park, IL",murder,-0.006608455110596065,-0.013313564206779089,0.06491289198862742
12,IL0165M00,"Tinley Park, IL",murder,-0.0023119678719362097,0.004993473370542008,0.06489880057694083
1,IL0167200,"Mount Prospect, IL",murder,-0.058804930073651264,-0.059625772194970644,0.06492836160600055
2,IL0167200,"Mount Prospect, IL",murder,-0.135445940382076,-0.13244026256969665,0.06493110835560108
3,IL0167200,"Mount Prospect, IL",murder,-0.13355723675023795,-0.13189276260300017,0.06492866317257748
4,IL0167200,"Mount Prospect, IL",murder,-0.04435065372038784,-0.04764828113941269,0.064931776917906
5,IL0167200,"Mount Prospect, IL",murder,0.04930096736513672,0.04567370033803923,0.06492866317257748
6,IL0167200,"Mount Prospect, IL",murder,0.09738296415942169,0.09647680787422329,0.06493110835560108
7,IL0167200,"Mount Prospect, IL",murder,0.11118341410659602,0.10900972003757275,0.06492836160600053
8,IL0167200,"Mount Prospect, IL",murder,0.09275342812753531,0.0884292980677269,0.06493110835560108
9,IL0167200,"Mount Prospect, IL",murder,0.0384862404627525,0.0384978502584283,0.06492866317257749
10,IL0167200,"Mount Prospect, IL",murder,-0.00802783031255692,-0.0017356667031894189,0.064931776917906
11,IL0167200,"Mount Prospect, IL",murder,-0.006608455110596065,-0.0016627358360694938,0.06492866317257748
12,IL0167200,"Mount Prospect, IL",murder,-0.0023119678719362097,-0.0030818955296513855,0.06493110835560108
1,IL0168000,"Oak Lawn, IL",murder,-0.058804930073651264,-0.0559041848488305,0.06486915094781855
2,IL0168000,"Oak Lawn, IL",murder,-0.135445940382076,-0.13220619704326197,0.06487196483052093
3,IL0168000,"Oak Lawn, IL",murder,-0.13355723675023795,-0.13035126658004054,0.06487320194111276
4,IL0168000,"Oak Lawn, IL",murder,-0.04435065372038784,-0.04138446765959876,0.06487402609098306
5,IL0168000,"Oak Lawn, IL",murder,0.04930096736513672,0.05160256116958656,0.06487320194111278
6,IL0168000,"Oak Lawn, IL",murder,0.09738296415942169,0.09815435110747171,0.06487196483052093
7,IL0168000,"Oak Lawn, IL",murder,0.11118341410659602,0.10938675011285608,0.06486915094781853
8,IL0168000,"Oak Lawn, IL",murder,0.09275342812753531,0.08825373791568439,0.06487196483052093
9,IL0168000,"Oak Lawn, IL",murder,0.0384862404627525,0.03291624218843737,0.06487320194111278
10,IL0168000,"Oak Lawn, IL",murder,-0.00802783031255692,-0.012098097604426808,0.06487402609098306
11,IL0168000,"Oak Lawn, IL",murder,-0.006608455110596065,-0.007650102042008998,0.06487320194111278
12,IL0168000,"Oak Lawn, IL",murder,-0.0023119678719362097,-7.193267158685316e-4,0.06487196483052093
1,IL0168400,"Palatine, IL",murder,-0.058804930073651264,-0.06006624794537467,0.06483132995156252
2,IL0168400,"Palatine, IL",murder,-0.135445940382076,-0.1354241767009337,0.06483302040445861
3,IL0168400,"Palatine, IL",murder,-0.13355723675023795,-0.1336804746913108,0.06483782090349846
4,IL0168400,"Palatine, IL",murder,-0.04435065372038784,-0.048503535480853066,0.0648428122996979
5,IL0168400,"Palatine, IL",murder,0.04930096736513672,0.04242727365223761,0.06483782090349846
6,IL0168400,"Palatine, IL",murder,0.09738296415942169,0.0913651915133698,0.06483302040445861
7,IL0168400,"Palatine, IL",murder,0.11118341410659602,0.1064813989923961,0.06483132995156252
8,IL0168400,"Palatine, IL",murder,0.09275342812753531,0.0901183204192598,0.06483302040445861
9,IL0168400,"Palatine, IL",murder,0.0384862404627525,0.04195946736261545,0.06483782090349846
10,IL0168400,"Palatine, IL",murder,-0.00802783031255692,0.0020883844338316256,0.0648428122996979
11,IL0168400,"Palatine, IL",murder,-0.006608455110596065,0.002878582629436274,0.06483782090349846
12,IL0168400,"Palatine, IL",murder,-0.0023119678719362097,3.5581581532558726e-4,0.06483302040445861
1,IL0580200,"Decatur, IL",murder,-0.058804930073651264,-0.06209203734329832,0.06297117076640787
2,IL0580200,"Decatur, IL",murder,-0.135445940382076,-0.14518553301867637,0.06300524696278359
3,IL0580200,"Decatur, IL",murder,-0.13355723675023795,-0.13489890145171166,0.06301566463101535
4,IL0580200,"Decatur, IL",murder,-0.04435065372038784,-0.052346878460804484,0.06305448099442008
5,IL0580200,"Decatur, IL",murder,0.04930096736513672,0.02484041958701973,0.06301566463101536
6,IL0580200,"Decatur, IL",murder,0.09738296415942169,0.084489569342795,0.06300524696278359
7,IL0580200,"Decatur, IL",murder,0.11118341410659602,0.1310412456089537,0.06297117076640786
8,IL0580200,"Decatur, IL",murder,0.09275342812753531,0.11827595169872103,0.06300524696278359
9,IL0580200,"Decatur, IL",murder,0.0384862404627525,0.03904011186610094,0.06301566463101536
10,IL0580200,"Decatur, IL",murder,-0.00802783031255692,-0.016602329804850904,0.06305448099442008
11,IL0580200,"Decatur, IL",murder,-0.006608455110596065,0.002069161732935576,0.06301566463101535
12,IL0580200,"Decatur, IL",murder,-0.0023119678719362097,0.011369220242815775,0.06300524696278359
1,IL0840200,"Springfield, IL",murder,-0.058804930073651264,-0.07217978408598172,0.06338072704408092
2,IL0840200,"Springfield, IL",murder,-0.135445940382076,-0.12808114415520608,0.06340625660817421
3,IL0840200,"Springfield, IL",murder,-0.13355723675023795,-0.11954645446587008,0.06339808326515996
4,IL0840200,"Springfield, IL",murder,-0.04435065372038784,-0.04156591107096838,0.06335493482712554
5,IL0840200,"Springfield, IL",murder,0.04930096736513672,0.04706421798907974,0.06339808326515997
6,IL0840200,"Springfield, IL",murder,0.09738296415942169,0.10978392838730013,0.06340625660817421
7,IL0840200,"Springfield, IL",murder,0.11118341410659602,0.13806012480785546,0.0633807270440809
8,IL0840200,"Springfield, IL",murder,0.09275342812753531,0.11301397776092226,0.06340625660817421
9,IL0840200,"Springfield, IL",murder,0.0384862404627525,0.038598947349712504,0.06339808326515997
10,IL0840200,"Springfield, IL",murder,-0.00802783031255692,-0.024314429650905373,0.06335493482712554
11,IL0840200,"Springfield, IL",murder,-0.006608455110596065,-0.03199705159479593,0.06339808326515996
12,IL0840200,"Springfield, IL",murder,-0.0023119678719362097,-0.0288364212711425,0.06340625660817421
1,IL0990000,"Will, IL",murder,-0.058804930073651264,-0.05660385242932571,0.06433008335235857
2,IL0990000,"Will, IL",murder,-0.135445940382076,-0.1280717085772789,0.0643391362021392
3,IL0990000,"Will, IL",murder,-0.13355723675023795,-0.12882948226129629,0.06433888047415016
4,IL0990000,"Will, IL",murder,-0.04435065372038784,-0.046590365645181986,0.06434285196358512
5,IL0990000,"Will, IL",murder,0.04930096736513672,0.04681337662415411,0.06433888047415018
6,IL0990000,"Will, IL",murder,0.09738296415942169,0.09988690626943894,0.0643391362021392
7,IL0990000,"Will, IL",murder,0.11118341410659602,0.11313142726521777,0.06433008335235856
8,IL0990000,"Will, IL",murder,0.09275342812753531,0.08877493346843209,0.0643391362021392
9,IL0990000,"Will, IL",murder,0.0384862404627525,0.03300513231655741,0.06433888047415018
10,IL0990000,"Will, IL",murder,-0.00802783031255692,-0.009937209190710084,0.06434285196358512
11,IL0990000,"Will, IL",murder,-0.006608455110596065,-0.0075166015153073275,0.06433888047415016
12,IL0990000,"Will, IL",murder,-0.0023119678719362097,-0.004062556324700036,0.0643391362021392
1,IL0990200,"Bolingbrook, IL",murder,-0.058804930073651264,-0.06751495843608947,0.06468419913846879
2,IL0990200,"Bolingbrook, IL",murder,-0.135445940382076,-0.13925959551074013,0.06468271303216859
3,IL0990200,"Bolingbrook, IL",murder,-0.13355723675023795,-0.1294687174259361,0.06468362816486405
4,IL0990200,"Bolingbrook, IL",murder,-0.04435065372038784,-0.03715610546661404,0.0646874289759261
5,IL0990200,"Bolingbrook, IL",murder,0.04930096736513672,0.054834909765122584,0.06468362816486406
6,IL0990200,"Bolingbrook, IL",murder,0.09738296415942169,0.10068876028617371,0.06468271303216859
7,IL0990200,"Bolingbrook, IL",murder,0.11118341410659602,0.11228371083314481,0.06468419913846879
8,IL0990200,"Bolingbrook, IL",murder,0.09275342812753531,0.09129305283847577,0.06468271303216859
9,IL0990200,"Bolingbrook, IL",murder,0.0384862404627525,0.036733422356616384,0.06468362816486406
10,IL0990200,"Bolingbrook, IL",murder,-0.00802783031255692,-0.007612646930441312,0.0646874289759261
11,IL0990200,"Bolingbrook, IL",murder,-0.006608455110596065,-0.006868367092858247,0.06468362816486405
12,IL0990200,"Bolingbrook, IL",murder,-0.0023119678719362097,-0.007953465216853958,0.06468271303216859
1,IL1010400,"Rockford, IL",murder,-0.058804930073651264,-0.08571924492683829,0.061740642426974086
2,IL1010400,"Rockford, IL",murder,-0.135445940382076,-0.15830682539624638,0.0617359228603089
3,IL1010400,"Rockford, IL",murder,-0.13355723675023795,-0.13760709169298802,0.061724559639210766
4,IL1010400,"Rockford, IL",murder,-0.04435065372038784,-0.037555280286227365,0.061787762008797126
5,IL1010400,"Rockford, IL",murder,0.04930096736513672,0.04515023682613393,0.06172455963921078
6,IL1010400,"Rockford, IL",murder,0.09738296415942169,0.0806331278347249,0.0617359228603089
7,IL1010400,"Rockford, IL",murder,0.11118341410659602,0.10581542384607193,0.06174064242697408
8,IL1010400,"Rockford, IL",murder,0.09275342812753531,0.11430929226645183,0.0617359228603089
9,IL1010400,"Rockford, IL",murder,0.0384862404627525,0.07351337964395982,0.06172455963921078
10,IL1010400,"Rockford, IL",murder,-0.00802783031255692,0.01745910136699372,0.061787762008797126
11,IL1010400,"Rockford, IL",murder,-0.006608455110596065,-0.001152703696339426,0.061724559639210766
12,IL1010400,"Rockford, IL",murder,-0.0023119678719362097,-0.01653941578569667,0.0617359228603089
1,ILCPD0000,"Chicago, IL",murder,-0.058804930073651264,-0.18080848648613937,0.042440713701989416
2,ILCPD0000,"Chicago, IL",murder,-0.135445940382076,-0.25386278432784626,0.042205051107938665
3,ILCPD0000,"Chicago, IL",murder,-0.13355723675023795,-0.22881941264378866,0.041399896785854595
4,ILCPD0000,"Chicago, IL",murder,-0.04435065372038784,-0.07445054903929002,0.0410216611665125
5,ILCPD0000,"Chicago, IL",murder,0.04930096736513672,0.11476429311185074,0.041399896785854595
6,ILCPD0000,"Chicago, IL",murder,0.09738296415942169,0.21820764952589294,0.042205051107938665
7,ILCPD0000,"Chicago, IL",murder,0.11118341410659602,0.21630610189147975,0.04244071370198941
8,ILCPD0000,"Chicago, IL",murder,0.09275342812753531,0.16649363948285761,0.042205051107938665
9,ILCPD0000,"Chicago, IL",murder,0.0384862404627525,0.10595265239345966,0.0413998967858546
10,ILCPD0000,"Chicago, IL",murder,-0.00802783031255692,0.03895293363394965,0.0410216611665125
11,ILCPD0000,"Chicago, IL",murder,-0.006608455110596065,-0.02739514826686217,0.041399896785854595
12,ILCPD0000,"Chicago, IL",murder,-0.0023119678719362097,-0.09534088927556383,0.042205051107938665
1,IN0020100,"Fort Wayne, IN",murder,-0.058804930073651264,-0.045421975797599365,0.059508272334975014
2,IN0020100,"Fort Wayne, IN",murder,-0.135445940382076,-0.16713727917568835,0.059641380196655804
3,IN0020100,"Fort Wayne, IN",murder,-0.13355723675023795,-0.17775041676596826,0.05979201974167121
4,IN0020100,"Fort Wayne, IN",murder,-0.04435065372038784,-0.041576660333016574,0.05945497030703172
5,IN0020100,"Fort Wayne, IN",murder,0.04930096736513672,0.0902898413719849,0.05979201974167122
6,IN0020100,"Fort Wayne, IN",murder,0.09738296415942169,0.11166354060769065,0.059641380196655804
7,IN0020100,"Fort Wayne, IN",murder,0.11118341410659602,0.08055369308990422,0.059508272334975
8,IN0020100,"Fort Wayne, IN",murder,0.09275342812753531,0.06328908143088852,0.059641380196655804
9,IN0020100,"Fort Wayne, IN",murder,0.0384862404627525,0.03877050172886356,0.05979201974167122
10,IN0020100,"Fort Wayne, IN",murder,-0.00802783031255692,0.006444943040711728,0.05945497030703172
11,IN0020100,"Fort Wayne, IN",murder,-0.006608455110596065,0.013558356372814903,0.05979201974167121
12,IN0020100,"Fort Wayne, IN",murder,-0.0023119678719362097,0.02731637442941404,0.059641380196655804
1,IN0180100,"Muncie, IN",murder,-0.058804930073651264,-0.07208834581905847,0.06414355378957994
2,IN0180100,"Muncie, IN",murder,-0.135445940382076,-0.13576189048588408,0.06415336409613297
3,IN0180100,"Muncie, IN",murder,-0.13355723675023795,-0.1374993908659049,0.0641408160984182
4,IN0180100,"Muncie, IN",murder,-0.04435065372038784,-0.06363849558360234,0.0641479164178036
5,IN0180100,"Muncie, IN",murder,0.04930096736513672,0.036526942567362844,0.0641408160984182
6,IN0180100,"Muncie, IN",murder,0.09738296415942169,0.1101124948407791,0.06415336409613297
7,IN0180100,"Muncie, IN",murder,0.11118341410659602,0.13209244274321977,0.06414355378957992
8,IN0180100,"Muncie, IN",murder,0.09275342812753531,0.10065943366331206,0.06415336409613297
9,IN0180100,"Muncie, IN",murder,0.0384862404627525,0.04239283711917158,0.06414081609841821
10,IN0180100,"Muncie, IN",murder,-0.00802783031255692,0.003634398659441036,0.0641479164178036
11,IN0180100,"Muncie, IN",murder,-0.006608455110596065,-0.0014244857447908534,0.0641408160984182
12,IN0180100,"Muncie, IN",murder,-0.0023119678719362097,-0.01500594109404573,0.06415336409613297
1,IN0290100,"Carmel, IN",murder,-0.058804930073651264,-0.05117003057411473,0.06486168514420214
2,IN0290100,"Carmel, IN",murder,-0.135445940382076,-0.12949648604887098,0.06486078047344132
3,IN0290100,"Carmel, IN",murder,-0.13355723675023795,-0.1353873851065375,0.06485950635467486
4,IN0290100,"Carmel, IN",murder,-0.04435065372038784,-0.050921067694988595,0.06486243170262197
5,IN0290100,"Carmel, IN",murder,0.04930096736513672,0.04459180512367221,0.06485950635467487
6,IN0290100,"Carmel, IN",murder,0.09738296415942169,0.09568893829858974,0.06486078047344132
7,IN0290100,"Carmel, IN",murder,0.11118341410659602,0.11021750178591136,0.06486168514420212
8,IN0290100,"Carmel, IN",murder,0.09275342812753531,0.09254140215159579,0.06486078047344132
9,IN0290100,"Carmel, IN",murder,0.0384862404627525,0.039384829997465634,0.06485950635467487
10,IN0290100,"Carmel, IN",murder,-0.00802783031255692,-0.008126403516808047,0.06486243170262197
11,IN0290100,"Carmel, IN",murder,-0.006608455110596065,-0.007636721226397019,0.06485950635467486
12,IN0290100,"Carmel, IN",murder,-0.0023119678719362097,3.1361681048214224e-4,0.06486078047344132
1,IN0290200,"Noblesville, IN",murder,-0.058804930073651264,-0.06016332121704151,0.06495632597544519
2,IN0290200,"Noblesville, IN",murder,-0.135445940382076,-0.13671481894588844,0.06495662567338736
3,IN0290200,"Noblesville, IN",murder,-0.13355723675023795,-0.13337649514697122,0.0649576467863978
4,IN0290200,"Noblesville, IN",murder,-0.04435065372038784,-0.04484910053637733,0.06495681934857615
5,IN0290200,"Noblesville, IN",murder,0.04930096736513672,0.04768172798054738,0.0649576467863978
6,IN0290200,"Noblesville, IN",murder,0.09738296415942169,0.09659459178832729,0.06495662567338736
7,IN0290200,"Noblesville, IN",murder,0.11118341410659602,0.1110047717073875,0.06495632597544518
8,IN0290200,"Noblesville, IN",murder,0.09275342812753531,0.09126964706029635,0.06495662567338736
9,IN0290200,"Noblesville, IN",murder,0.0384862404627525,0.037089872771033115,0.06495764678639782
10,IN0290200,"Noblesville, IN",murder,-0.00802783031255692,-0.00599234995396867,0.06495681934857615
11,IN0290200,"Noblesville, IN",murder,-0.006608455110596065,-0.0022365560949552956,0.0649576467863978
12,IN0290200,"Noblesville, IN",murder,-0.0023119678719362097,-3.0796941238914996e-4,0.06495662567338736
1,IN0290400,"Westfield, IN",murder,-0.058804930073651264,-0.055941485544508396,0.06494193599712585
2,IN0290400,"Westfield, IN",murder,-0.135445940382076,-0.13144667999654835,0.06494295911602492
3,IN0290400,"Westfield, IN",murder,-0.13355723675023795,-0.1305315899952827,0.06494213919086965
4,IN0290400,"Westfield, IN",murder,-0.04435065372038784,-0.04382625069556404,0.06494155067547322
5,IN0290400,"Westfield, IN",murder,0.04930096736513672,0.04762049678060281,0.06494213919086965
6,IN0290400,"Westfield, IN",murder,0.09738296415942169,0.09512202083382265,0.06494295911602492
7,IN0290400,"Westfield, IN",murder,0.11118341410659602,0.1095690895362,0.06494193599712583
8,IN0290400,"Westfield, IN",murder,0.09275342812753531,0.09164510655358869,0.06494295911602492
9,IN0290400,"Westfield, IN",murder,0.0384862404627525,0.037102412560631425,0.06494213919086966
10,IN0290400,"Westfield, IN",murder,-0.00802783031255692,-0.00980135329612756,0.06494155067547322
11,IN0290400,"Westfield, IN",murder,-0.006608455110596065,-0.007818923337643169,0.06494213919086965
12,IN0290400,"Westfield, IN",murder,-0.0023119678719362097,-0.001692843399171351,0.06494295911602492
1,IN0290700,"Fishers, IN",murder,-0.058804930073651264,-0.061095480144346716,0.06483511065169889
2,IN0290700,"Fishers, IN",murder,-0.135445940382076,-0.13786478232753543,0.06484059558837929
3,IN0290700,"Fishers, IN",murder,-0.13355723675023795,-0.13459520262728544,0.06484085064363283
4,IN0290700,"Fishers, IN",murder,-0.04435065372038784,-0.04570599725779121,0.06484046283172987
5,IN0290700,"Fishers, IN",murder,0.04930096736513672,0.04540378987377455,0.06484085064363283
6,IN0290700,"Fishers, IN",murder,0.09738296415942169,0.09383148730918145,0.06484059558837929
7,IN0290700,"Fishers, IN",murder,0.11118341410659602,0.1131103642402154,0.06483511065169888
8,IN0290700,"Fishers, IN",murder,0.09275342812753531,0.09952576978199182,0.06484059558837929
9,IN0290700,"Fishers, IN",murder,0.0384862404627525,0.04424130598587313,0.06484085064363285
10,IN0290700,"Fishers, IN",murder,-0.00802783031255692,-0.006308886838077484,0.06484046283172987
11,IN0290700,"Fishers, IN",murder,-0.006608455110596065,-0.0070647773282309706,0.06484085064363283
12,IN0290700,"Fishers, IN",murder,-0.0023119678719362097,-0.003477590667769111,0.06484059558837929
1,IN0410300,"Greenwood, IN",murder,-0.058804930073651264,-0.06466763477059649,0.06464468453665084
2,IN0410300,"Greenwood, IN",murder,-0.135445940382076,-0.1421508183866423,0.06465046531125498
3,IN0410300,"Greenwood, IN",murder,-0.13355723675023795,-0.13396105383667345,0.06464051793374549
4,IN0410300,"Greenwood, IN",murder,-0.04435065372038784,-0.04992384099996023,0.0646483348202077
5,IN0410300,"Greenwood, IN",murder,0.04930096736513672,0.03324932147537406,0.0646405179337455
6,IN0410300,"Greenwood, IN",murder,0.09738296415942169,0.09199600005101945,0.06465046531125498
7,IN0410300,"Greenwood, IN",murder,0.11118341410659602,0.13142621704347174,0.06464468453665083
8,IN0410300,"Greenwood, IN",murder,0.09275342812753531,0.11781559244081541,0.06465046531125498
9,IN0410300,"Greenwood, IN",murder,0.0384862404627525,0.0428672456179713,0.0646405179337455
10,IN0410300,"Greenwood, IN",murder,-0.00802783031255692,-0.016834741272915024,0.0646483348202077
11,IN0410300,"Greenwood, IN",murder,-0.006608455110596065,-0.008914095529547188,0.06464051793374549
12,IN0410300,"Greenwood, IN",murder,-0.0023119678719362097,-9.021918323172475e-4,0.06465046531125498
1,IN0710000,"St Joseph, IN",murder,-0.058804930073651264,-0.06037587539198915,0.06475886427206244
2,IN0710000,"St Joseph, IN",murder,-0.135445940382076,-0.1275501814191728,0.06476138536730242
3,IN0710000,"St Joseph, IN",murder,-0.13355723675023795,-0.12623868827980195,0.06476582515205687
4,IN0710000,"St Joseph, IN",murder,-0.04435065372038784,-0.04897190766507631,0.06475816628534933
5,IN0710000,"St Joseph, IN",murder,0.04930096736513672,0.040099751269786314,0.06476582515205688
6,IN0710000,"St Joseph, IN",murder,0.09738296415942169,0.09680668765479866,0.06476138536730242
7,IN0710000,"St Joseph, IN",murder,0.11118341410659602,0.11640943509779057,0.06475886427206244
8,IN0710000,"St Joseph, IN",murder,0.09275342812753531,0.09344866872507632,0.06476138536730242
9,IN0710000,"St Joseph, IN",murder,0.0384862404627525,0.03610361587990406,0.06476582515205688
10,IN0710000,"St Joseph, IN",murder,-0.00802783031255692,-0.007061652040725114,0.06475816628534933
11,IN0710000,"St Joseph, IN",murder,-0.006608455110596065,-0.005998238575689865,0.06476582515205687
12,IN0710000,"St Joseph, IN",murder,-0.0023119678719362097,-0.0066716152549007295,0.06476138536730242
1,IN0710200,"South Bend, IN",murder,-0.058804930073651264,-0.07376332991854051,0.061859976118211125
2,IN0710200,"South Bend, IN",murder,-0.135445940382076,-0.11653446836955132,0.061898867434183005
3,IN0710200,"South Bend, IN",murder,-0.13355723675023795,-0.10965548237666117,0.06183699758604663
4,IN0710200,"South Bend, IN",murder,-0.04435065372038784,-0.04330296187125814,0.06192427174044949
5,IN0710200,"South Bend, IN",murder,0.04930096736513672,0.04225300364707098,0.06183699758604664
6,IN0710200,"South Bend, IN",murder,0.09738296415942169,0.0955346959931425,0.061898867434183005
7,IN0710200,"South Bend, IN",murder,0.11118341410659602,0.09873105484232113,0.06185997611821112
8,IN0710200,"South Bend, IN",murder,0.09275342812753531,0.07039986314232637,0.061898867434183005
9,IN0710200,"South Bend, IN",murder,0.0384862404627525,0.03855315222565558,0.061836997586046646
10,IN0710200,"South Bend, IN",murder,-0.00802783031255692,0.018335236947477525,0.06192427174044949
11,IN0710200,"South Bend, IN",murder,-0.006608455110596065,0.003881601580153959,0.06183699758604663
12,IN0710200,"South Bend, IN",murder,-0.0023119678719362097,-0.02443236584213689,0.061898867434183005
1,IN0820100,"Evansville, IN",murder,-0.058804930073651264,-0.0816786594917679,0.06246357035039409
2,IN0820100,"Evansville, IN",murder,-0.135445940382076,-0.1572494399936538,0.06252180268884348
3,IN0820100,"Evansville, IN",murder,-0.13355723675023795,-0.137157514723435,0.06253432088763411
4,IN0820100,"Evansville, IN",murder,-0.04435065372038784,-0.033514020044574544,0.062461648743412014
5,IN0820100,"Evansville, IN",murder,0.04930096736513672,0.06789235793996244,0.06253432088763412
6,IN0820100,"Evansville, IN",murder,0.09738296415942169,0.11162300516885876,0.06252180268884348
7,IN0820100,"Evansville, IN",murder,0.11118341410659602,0.10166715142049493,0.06246357035039408
8,IN0820100,"Evansville, IN",murder,0.09275342812753531,0.061643020810448645,0.06252180268884348
9,IN0820100,"Evansville, IN",murder,0.0384862404627525,0.02156260361150277,0.06253432088763412
10,IN0820100,"Evansville, IN",murder,-0.00802783031255692,0.013525528115847514,0.062461648743412014
11,IN0820100,"Evansville, IN",murder,-0.006608455110596065,0.027714061243242695,0.06253432088763411
12,IN0820100,"Evansville, IN",murder,-0.0023119678719362097,0.003971905943073483,0.06252180268884348
1,INIPD0000,"Indianapolis, IN",murder,-0.058804930073651264,-0.08955046336787806,0.048913372139174016
2,INIPD0000,"Indianapolis, IN",murder,-0.135445940382076,-0.15827539741901772,0.04894609068555263
3,INIPD0000,"Indianapolis, IN",murder,-0.13355723675023795,-0.14888454451487768,0.049060778378610975
4,INIPD0000,"Indianapolis, IN",murder,-0.04435065372038784,-0.060643477598737394,0.049263608810381124
5,INIPD0000,"Indianapolis, IN",murder,0.04930096736513672,0.026613908060602286,0.049060778378610975
6,INIPD0000,"Indianapolis, IN",murder,0.09738296415942169,0.06100868192532493,0.04894609068555263
7,INIPD0000,"Indianapolis, IN",murder,0.11118341410659602,0.07104159483434544,0.04891337213917401
8,INIPD0000,"Indianapolis, IN",murder,0.09275342812753531,0.08929743647128487,0.04894609068555263
9,INIPD0000,"Indianapolis, IN",murder,0.0384862404627525,0.0984154521006774,0.04906077837861098
10,INIPD0000,"Indianapolis, IN",murder,-0.00802783031255692,0.07915234613227,0.049263608810381124
11,INIPD0000,"Indianapolis, IN",murder,-0.006608455110596065,0.042364052887130535,0.049060778378610975
12,INIPD0000,"Indianapolis, IN",murder,-0.0023119678719362097,-0.010539589511124629,0.04894609068555263
1,KS0460900,"Shawnee, KS",murder,-0.058804930073651264,-0.06093888661773302,0.06483090310898333
2,KS0460900,"Shawnee, KS",murder,-0.135445940382076,-0.1379615944194183,0.06482666025441917
3,KS0460900,"Shawnee, KS",murder,-0.13355723675023795,-0.13441358641727336,0.06483756854183532
4,KS0460900,"Shawnee, KS",murder,-0.04435065372038784,-0.050016718462220396,0.06483541873855649
5,KS0460900,"Shawnee, KS",murder,0.04930096736513672,0.03979759602162305,0.06483756854183532
6,KS0460900,"Shawnee, KS",murder,0.09738296415942169,0.0951900467286026,0.06482666025441917
7,KS0460900,"Shawnee, KS",murder,0.11118341410659602,0.11851608683542633,0.06483090310898333
8,KS0460900,"Shawnee, KS",murder,0.09275342812753531,0.09822444204535007,0.06482666025441917
9,KS0460900,"Shawnee, KS",murder,0.0384862404627525,0.03709923382551181,0.06483756854183534
10,KS0460900,"Shawnee, KS",murder,-0.00802783031255692,-0.007560481755472919,0.06483541873855649
11,KS0460900,"Shawnee, KS",murder,-0.006608455110596065,-6.0443647554856176e-5,0.06483756854183532
12,KS0460900,"Shawnee, KS",murder,-0.0023119678719362097,0.002124305863158981,0.06482666025441917
1,KS0461000,"Lenexa, KS",murder,-0.058804930073651264,-0.044926168688652374,0.06478561506883913
2,KS0461000,"Lenexa, KS",murder,-0.135445940382076,-0.1153881266829201,0.06480445255666395
3,KS0461000,"Lenexa, KS",murder,-0.13355723675023795,-0.12888094975259415,0.0647663595072472
4,KS0461000,"Lenexa, KS",murder,-0.04435065372038784,-0.05659186157129736,0.06477067849831103
5,KS0461000,"Lenexa, KS",murder,0.04930096736513672,0.037285773063998925,0.06476635950724721
6,KS0461000,"Lenexa, KS",murder,0.09738296415942169,0.09094438697366973,0.06480445255666395
7,KS0461000,"Lenexa, KS",murder,0.11118341410659602,0.1023539774792942,0.06478561506883912
8,KS0461000,"Lenexa, KS",murder,0.09275342812753531,0.08409044790962378,0.06480445255666395
9,KS0461000,"Lenexa, KS",murder,0.0384862404627525,0.040155462188655996,0.06476635950724721
10,KS0461000,"Lenexa, KS",murder,-0.00802783031255692,-8.359472193444804e-4,0.06477067849831103
11,KS0461000,"Lenexa, KS",murder,-0.006608455110596065,-0.005988094290702634,0.0647663595072472
12,KS0461000,"Lenexa, KS",murder,-0.0023119678719362097,-0.002218899409731555,0.06480445255666394
1,KY0080000,"Boone, KY",murder,-0.058804930073651264,-0.03735821646319274,0.06472535976224218
2,KY0080000,"Boone, KY",murder,-0.135445940382076,-0.1181426896669324,0.06471084292079125
3,KY0080000,"Boone, KY",murder,-0.13355723675023795,-0.13813146373044383,0.06471582609034035
4,KY0080000,"Boone, KY",murder,-0.04435065372038784,-0.05191636162074497,0.06472107763746315
5,KY0080000,"Boone, KY",murder,0.04930096736513672,0.05757048943310912,0.06471582609034036
6,KY0080000,"Boone, KY",murder,0.09738296415942169,0.10644037906717935,0.06471084292079125
7,KY0080000,"Boone, KY",murder,0.11118341410659602,0.10292925743696531,0.06472535976224218
8,KY0080000,"Boone, KY",murder,0.09275342812753531,0.07852905704105172,0.06471084292079125
9,KY0080000,"Boone, KY",murder,0.0384862404627525,0.03294679013079058,0.06471582609034036
10,KY0080000,"Boone, KY",murder,-0.00802783031255692,-0.013654679353027582,0.06472107763746315
11,KY0080000,"Boone, KY",murder,-0.006608455110596065,-0.01795685680722846,0.06471582609034035
12,KY0080000,"Boone, KY",murder,-0.0023119678719362097,-0.0012557054675261085,0.06471084292079125
1,KY0300100,"Owensboro, KY",murder,-0.058804930073651264,-0.04872857601329366,0.06431174190615029
2,KY0300100,"Owensboro, KY",murder,-0.135445940382076,-0.10783244331276931,0.06439522030659293
3,KY0300100,"Owensboro, KY",murder,-0.13355723675023795,-0.12362177824954436,0.06432968234749467
4,KY0300100,"Owensboro, KY",murder,-0.04435065372038784,-0.054700280413096554,0.0644062707329889
5,KY0300100,"Owensboro, KY",murder,0.04930096736513672,0.047963492186937684,0.06432968234749467
6,KY0300100,"Owensboro, KY",murder,0.09738296415942169,0.10838017313004276,0.06439522030659293
7,KY0300100,"Owensboro, KY",murder,0.11118341410659602,0.10935596481105098,0.06431174190615027
8,KY0300100,"Owensboro, KY",murder,0.09275342812753531,0.07691893163236409,0.06439522030659293
9,KY0300100,"Owensboro, KY",murder,0.0384862404627525,0.03208087777138181,0.06432968234749467
10,KY0300100,"Owensboro, KY",murder,-0.00802783031255692,-0.005927108384660757,0.0644062707329889
11,KY0300100,"Owensboro, KY",murder,-0.006608455110596065,-0.017049980506532475,0.06432968234749467
12,KY0300100,"Owensboro, KY",murder,-0.0023119678719362097,-0.016839272651880205,0.06439522030659293
1,KY0340200,"Lexington, KY",murder,-0.058804930073651264,-0.05862069864957002,0.06014707100339019
2,KY0340200,"Lexington, KY",murder,-0.135445940382076,-0.14645620539843457,0.06019011876085201
3,KY0340200,"Lexington, KY",murder,-0.13355723675023795,-0.14880778557665034,0.06024388364980864
4,KY0340200,"Lexington, KY",murder,-0.04435065372038784,-0.045120830393814704,0.06018753093542211
5,KY0340200,"Lexington, KY",murder,0.04930096736513672,0.04859899046904444,0.06024388364980864
6,KY0340200,"Lexington, KY",murder,0.09738296415942169,0.07738465250983897,0.06019011876085201
7,KY0340200,"Lexington, KY",murder,0.11118341410659602,0.09756201438349678,0.06014707100339018
8,KY0340200,"Lexington, KY",murder,0.09275342812753531,0.11932593164226862,0.060190118760852014
9,KY0340200,"Lexington, KY",murder,0.0384862404627525,0.0827361960865576,0.06024388364980865
10,KY0340200,"Lexington, KY",murder,-0.00802783031255692,0.006179514659887948,0.06018753093542211
11,KY0340200,"Lexington, KY",murder,-0.006608455110596065,-0.021468716712878515,0.06024388364980864
12,KY0340200,"Lexington, KY",murder,-0.0023119678719362097,-0.011313063019746243,0.06019011876085201
1,KY0568000,"Louisville, KY",murder,-0.058804930073651264,-0.07012111629065595,0.05125355267588563
2,KY0568000,"Louisville, KY",murder,-0.135445940382076,-0.1250279009535751,0.05136136248288882
3,KY0568000,"Louisville, KY",murder,-0.13355723675023795,-0.13559460316971636,0.05128980992515319
4,KY0568000,"Louisville, KY",murder,-0.04435065372038784,-0.04226254724242982,0.051329069802160406
5,KY0568000,"Louisville, KY",murder,0.04930096736513672,0.08204714423089876,0.051289809925153196
6,KY0568000,"Louisville, KY",murder,0.09738296415942169,0.13901529407111277,0.05136136248288882
7,KY0568000,"Louisville, KY",murder,0.11118341410659602,0.1307978286207044,0.051253552675885626
8,KY0568000,"Louisville, KY",murder,0.09275342812753531,0.10239788871753959,0.05136136248288882
9,KY0568000,"Louisville, KY",murder,0.0384862404627525,0.05228787860363238,0.0512898099251532
10,KY0568000,"Louisville, KY",murder,-0.00802783031255692,-0.018414165087618638,0.051329069802160406
11,KY0568000,"Louisville, KY",murder,-0.006608455110596065,-0.05941713199486328,0.05128980992515319
12,KY0568000,"Louisville, KY",murder,-0.0023119678719362097,-0.05570856950502876,0.05136136248288882
1,KY1140100,"Bowling Green, KY",murder,-0.058804930073651264,-0.03510293764496897,0.06425532661577203
2,KY1140100,"Bowling Green, KY",murder,-0.135445940382076,-0.11955760149146519,0.06420093374393791
3,KY1140100,"Bowling Green, KY",murder,-0.13355723675023795,-0.1381136507710176,0.06418267344846794
4,KY1140100,"Bowling Green, KY",murder,-0.04435065372038784,-0.06215307409920495,0.06424303669209713
5,KY1140100,"Bowling Green, KY",murder,0.04930096736513672,0.038434985304060774,0.06418267344846795
6,KY1140100,"Bowling Green, KY",murder,0.09738296415942169,0.10117372202020379,0.06420093374393791
7,KY1140100,"Bowling Green, KY",murder,0.11118341410659602,0.11695104173831873,0.06425532661577203
8,KY1140100,"Bowling Green, KY",murder,0.09275342812753531,0.08710525516470718,0.06420093374393791
9,KY1140100,"Bowling Green, KY",murder,0.0384862404627525,0.023813200350909797,0.06418267344846795
10,KY1140100,"Bowling Green, KY",murder,-0.00802783031255692,-0.019695029994144825,0.06424303669209713
11,KY1140100,"Bowling Green, KY",murder,-0.006608455110596065,-0.005982638977302781,0.06418267344846794
12,KY1140100,"Bowling Green, KY",murder,-0.0023119678719362097,0.013126728399904027,0.06420093374393791
1,LA0080100,"Bossier City, LA",murder,-0.058804930073651264,-0.05746478871624677,0.06410640090116272
2,LA0080100,"Bossier City, LA",murder,-0.135445940382076,-0.13970019917021914,0.06402981418642976
3,LA0080100,"Bossier City, LA",murder,-0.13355723675023795,-0.14572376183850044,0.06409346443193156
4,LA0080100,"Bossier City, LA",murder,-0.04435065372038784,-0.04069480454960837,0.06403181337606162
5,LA0080100,"Bossier City, LA",murder,0.04930096736513672,0.06727493670846549,0.06409346443193156
6,LA0080100,"Bossier City, LA",murder,0.09738296415942169,0.09923439671634557,0.06402981418642976
7,LA0080100,"Bossier City, LA",murder,0.11118341410659602,0.09577343948539989,0.06410640090116271
8,LA0080100,"Bossier City, LA",murder,0.09275342812753531,0.09381814658676027,0.06402981418642976
9,LA0080100,"Bossier City, LA",murder,0.0384862404627525,0.06153305848588847,0.06409346443193158
10,LA0080100,"Bossier City, LA",murder,-0.00802783031255692,0.0023861537804552584,0.06403181337606162
11,LA0080100,"Bossier City, LA",murder,-0.006608455110596065,-0.021392884125006655,0.06409346443193156
12,LA0080100,"Bossier City, LA",murder,-0.0023119678719362097,-0.015043693363733584,0.06402981418642976
1,LA0090100,"Shreveport, LA",murder,-0.058804930073651264,-0.09524668101958064,0.057096941274018785
2,LA0090100,"Shreveport, LA",murder,-0.135445940382076,-0.17132296145152112,0.057161645458507056
3,LA0090100,"Shreveport, LA",murder,-0.13355723675023795,-0.13644785810783844,0.057136133744513505
4,LA0090100,"Shreveport, LA",murder,-0.04435065372038784,-0.014960717748114024,0.057091339927087655
5,LA0090100,"Shreveport, LA",murder,0.04930096736513672,0.08639036025578008,0.057136133744513505
6,LA0090100,"Shreveport, LA",murder,0.09738296415942169,0.11985395593379033,0.057161645458507056
7,LA0090100,"Shreveport, LA",murder,0.11118341410659602,0.10975848405471726,0.05709694127401878
8,LA0090100,"Shreveport, LA",murder,0.09275342812753531,0.07409181005708007,0.057161645458507056
9,LA0090100,"Shreveport, LA",murder,0.0384862404627525,0.024704903678260753,0.05713613374451351
10,LA0090100,"Shreveport, LA",murder,-0.00802783031255692,4.489147129773877e-4,0.057091339927087655
11,LA0090100,"Shreveport, LA",murder,-0.006608455110596065,0.010840791138660929,0.057136133744513505
12,LA0090100,"Shreveport, LA",murder,-0.0023119678719362097,-0.008111001504212595,0.057161645458507056
1,LA0100200,"Lake Charles, LA",murder,-0.058804930073651264,-0.09236162954867036,0.06320416859178955
2,LA0100200,"Lake Charles, LA",murder,-0.135445940382076,-0.13336231024942397,0.06309370473365167
3,LA0100200,"Lake Charles, LA",murder,-0.13355723675023795,-0.09879783644377171,0.0631950253086589
4,LA0100200,"Lake Charles, LA",murder,-0.04435065372038784,-0.029918747723568843,0.06311195546741175
5,LA0100200,"Lake Charles, LA",murder,0.04930096736513672,0.02765896235309841,0.06319502530865892
6,LA0100200,"Lake Charles, LA",murder,0.09738296415942169,0.07738769077823598,0.06309370473365167
7,LA0100200,"Lake Charles, LA",murder,0.11118341410659602,0.11258981405011019,0.06320416859178955
8,LA0100200,"Lake Charles, LA",murder,0.09275342812753531,0.09754862435711378,0.06309370473365167
9,LA0100200,"Lake Charles, LA",murder,0.0384862404627525,0.042755966050021674,0.06319502530865892
10,LA0100200,"Lake Charles, LA",murder,-0.00802783031255692,0.009690563222128986,0.06311195546741175
11,LA0100200,"Lake Charles, LA",murder,-0.006608455110596065,0.00815472353921173,0.0631950253086589
12,LA0100200,"Lake Charles, LA",murder,-0.0023119678719362097,-0.021345820384485893,0.06309370473365167
1,LA0170200,"Baton Rouge, LA",murder,-0.058804930073651264,-0.0590206755768469,0.053986881749738654
2,LA0170200,"Baton Rouge, LA",murder,-0.135445940382076,-0.1402296233816124,0.05406831015458265
3,LA0170200,"Baton Rouge, LA",murder,-0.13355723675023795,-0.10447187522450893,0.05398478161376674
4,LA0170200,"Baton Rouge, LA",murder,-0.04435065372038784,0.0013235909877266805,0.05396815690432422
5,LA0170200,"Baton Rouge, LA",murder,0.04930096736513672,0.06878579269746377,0.05398478161376675
6,LA0170200,"Baton Rouge, LA",murder,0.09738296415942169,0.08079940637966797,0.05406831015458265
7,LA0170200,"Baton Rouge, LA",murder,0.11118341410659602,0.07275489451758355,0.05398688174973865
8,LA0170200,"Baton Rouge, LA",murder,0.09275342812753531,0.04081958559199658,0.05406831015458265
9,LA0170200,"Baton Rouge, LA",murder,0.0384862404627525,-0.0086723815058436,0.05398478161376675
10,LA0170200,"Baton Rouge, LA",murder,-0.00802783031255692,-0.015057809928463357,0.05396815690432422
11,LA0170200,"Baton Rouge, LA",murder,-0.006608455110596065,0.03062424509215204,0.05398478161376674
12,LA0170200,"Baton Rouge, LA",murder,-0.0023119678719362097,0.03234485035068459,0.05406831015458265
1,LA0260000,"Jefferson, LA",murder,-0.058804930073651264,-0.009300894128193848,0.059548724679929145
2,LA0260000,"Jefferson, LA",murder,-0.135445940382076,-0.11396060628096184,0.05956029583993138
3,LA0260000,"Jefferson, LA",murder,-0.13355723675023795,-0.13116154107277414,0.05945072777434157
4,LA0260000,"Jefferson, LA",murder,-0.04435065372038784,-0.04611539817573181,0.059527850153269106
5,LA0260000,"Jefferson, LA",murder,0.04930096736513672,0.045970626651976446,0.05945072777434158
6,LA0260000,"Jefferson, LA",murder,0.09738296415942169,0.09380453058150534,0.05956029583993138
7,LA0260000,"Jefferson, LA",murder,0.11118341410659602,0.10538198496380403,0.05954872467992914
8,LA0260000,"Jefferson, LA",murder,0.09275342812753531,0.06905032701964268,0.05956029583993138
9,LA0260000,"Jefferson, LA",murder,0.0384862404627525,-0.00982982902415521,0.05945072777434158
10,LA0260000,"Jefferson, LA",murder,-0.00802783031255692,-0.04996569265987838,0.059527850153269106
11,LA0260000,"Jefferson, LA",murder,-0.006608455110596065,-0.0010603473906572998,0.05945072777434157
12,LA0260000,"Jefferson, LA",murder,-0.0023119678719362097,0.04718683951542403,0.05956029583993138
1,LA0280300,"Lafayette, LA",murder,-0.058804930073651264,-0.0784549633135892,0.06212266461118215
2,LA0280300,"Lafayette, LA",murder,-0.135445940382076,-0.14586973497831557,0.0621178192461584
3,LA0280300,"Lafayette, LA",murder,-0.13355723675023795,-0.14139202558177316,0.06206894116874385
4,LA0280300,"Lafayette, LA",murder,-0.04435065372038784,-0.04432371767329136,0.06206814312702333
5,LA0280300,"Lafayette, LA",murder,0.04930096736513672,0.06042087760070267,0.062068941168743855
6,LA0280300,"Lafayette, LA",murder,0.09738296415942169,0.10629936671554382,0.0621178192461584
7,LA0280300,"Lafayette, LA",murder,0.11118341410659602,0.111316995611548,0.062122664611182134
8,LA0280300,"Lafayette, LA",murder,0.09275342812753531,0.10057711984654805,0.0621178192461584
9,LA0280300,"Lafayette, LA",murder,0.0384862404627525,0.06323737815204683,0.06206894116874386
10,LA0280300,"Lafayette, LA",murder,-0.00802783031255692,0.011461685375332558,0.06206814312702333
11,LA0280300,"Lafayette, LA",murder,-0.006608455110596065,-0.015128262468935196,0.06206894116874385
12,LA0280300,"Lafayette, LA",murder,-0.0023119678719362097,-0.02814471928581747,0.0621178192461584
1,LA0320000,"Livingston, LA",murder,-0.058804930073651264,-0.043444944941704006,0.06388562854677628
2,LA0320000,"Livingston, LA",murder,-0.135445940382076,-0.1069428782161853,0.06398822710546541
3,LA0320000,"Livingston, LA",murder,-0.13355723675023795,-0.13397519777443193,0.06386035810261627
4,LA0320000,"Livingston, LA",murder,-0.04435065372038784,-0.07116728034789317,0.06403352049479592
5,LA0320000,"Livingston, LA",murder,0.04930096736513672,0.044238587581081,0.06386035810261627
6,LA0320000,"Livingston, LA",murder,0.09738296415942169,0.12199487519830361,0.06398822710546541
7,LA0320000,"Livingston, LA",murder,0.11118341410659602,0.12034071269227972,0.06388562854677626
8,LA0320000,"Livingston, LA",murder,0.09275342812753531,0.07089814883123516,0.06398822710546541
9,LA0320000,"Livingston, LA",murder,0.0384862404627525,0.02103470063890606,0.06386035810261627
10,LA0320000,"Livingston, LA",murder,-0.00802783031255692,-0.005728487402682544,0.06403352049479592
11,LA0320000,"Livingston, LA",murder,-0.006608455110596065,-0.008193858196130875,0.06386035810261627
12,LA0320000,"Livingston, LA",murder,-0.0023119678719362097,-0.009054378062777728,0.06398822710546541
1,LANPD0000,"New Orleans, LA",murder,-0.058804930073651264,0.0298767602163926,0.04947688324482943
2,LANPD0000,"New Orleans, LA",murder,-0.135445940382076,-0.09262696172459564,0.04952217463367048
3,LANPD0000,"New Orleans, LA",murder,-0.13355723675023795,-0.12335547508923107,0.049459905187249444
4,LANPD0000,"New Orleans, LA",murder,-0.04435065372038784,-0.02699240317061639,0.04946068675660454
5,LANPD0000,"New Orleans, LA",murder,0.04930096736513672,0.062078896583700284,0.049459905187249444
6,LANPD0000,"New Orleans, LA",murder,0.09738296415942169,0.07752612450024662,0.04952217463367048
7,LANPD0000,"New Orleans, LA",murder,0.11118341410659602,0.07134163429099852,0.04947688324482942
8,LANPD0000,"New Orleans, LA",murder,0.09275342812753531,0.050599768228654696,0.04952217463367048
9,LANPD0000,"New Orleans, LA",murder,0.0384862404627525,-0.019890112914100963,0.04945990518724945
10,LANPD0000,"New Orleans, LA",murder,-0.00802783031255692,-0.0742259913367747,0.04946068675660454
11,LANPD0000,"New Orleans, LA",murder,-0.006608455110596065,-0.020051703087759335,0.049459905187249444
12,LANPD0000,"New Orleans, LA",murder,-0.0023119678719362097,0.06571946350308541,0.04952217463367048
1,MA0031100,"New Bedford, MA",murder,-0.058804930073651264,-0.07767768087452372,0.06414960149409799
2,MA0031100,"New Bedford, MA",murder,-0.135445940382076,-0.1429800396561121,0.06418339727512243
3,MA0031100,"New Bedford, MA",murder,-0.13355723675023795,-0.12627790095584668,0.06417165895029434
4,MA0031100,"New Bedford, MA",murder,-0.04435065372038784,-0.04126992326483909,0.06413025114961865
5,MA0031100,"New Bedford, MA",murder,0.04930096736513672,0.03704738267073634,0.06417165895029434
6,MA0031100,"New Bedford, MA",murder,0.09738296415942169,0.0869949135155841,0.06418339727512243
7,MA0031100,"New Bedford, MA",murder,0.11118341410659602,0.12146376353327587,0.06414960149409797
8,MA0031100,"New Bedford, MA",murder,0.09275342812753531,0.11588525806871021,0.06418339727512243
9,MA0031100,"New Bedford, MA",murder,0.0384862404627525,0.055397036709692614,0.06417165895029434
10,MA0031100,"New Bedford, MA",murder,-0.00802783031255692,-0.002516159393913079,0.06413025114961865
11,MA0031100,"New Bedford, MA",murder,-0.006608455110596065,-0.009952601083334473,0.06417165895029434
12,MA0031100,"New Bedford, MA",murder,-0.0023119678719362097,-0.01611404926942999,0.06418339727512243
1,MA0031900,"Taunton, MA",murder,-0.058804930073651264,-0.05953700568558249,0.06482374163331518
2,MA0031900,"Taunton, MA",murder,-0.135445940382076,-0.13236337744681428,0.06483227751445857
3,MA0031900,"Taunton, MA",murder,-0.13355723675023795,-0.13250420837766952,0.06483611408296469
4,MA0031900,"Taunton, MA",murder,-0.04435065372038784,-0.05052653028797034,0.06483402215876445
5,MA0031900,"Taunton, MA",murder,0.04930096736513672,0.040321040235880304,0.06483611408296469
6,MA0031900,"Taunton, MA",murder,0.09738296415942169,0.09329260251504656,0.06483227751445857
7,MA0031900,"Taunton, MA",murder,0.11118341410659602,0.11292700297671023,0.06482374163331518
8,MA0031900,"Taunton, MA",murder,0.09275342812753531,0.09682449207940495,0.06483227751445857
9,MA0031900,"Taunton, MA",murder,0.0384862404627525,0.04357532571913243,0.0648361140829647
10,MA0031900,"Taunton, MA",murder,-0.00802783031255692,-0.002863467003157401,0.06483402215876445
11,MA0031900,"Taunton, MA",murder,-0.006608455110596065,-0.004782154868471004,0.06483611408296469
12,MA0031900,"Taunton, MA",murder,-0.0023119678719362097,-0.00436371985650946,0.06483227751445857
1,MA0051100,"Haverhill, MA",murder,-0.058804930073651264,-0.061444472016246275,0.06481988548031148
2,MA0051100,"Haverhill, MA",murder,-0.135445940382076,-0.13499738606781791,0.06481358855656401
3,MA0051100,"Haverhill, MA",murder,-0.13355723675023795,-0.13245494051205708,0.06482085447952446
4,MA0051100,"Haverhill, MA",murder,-0.04435065372038784,-0.037179930849400314,0.06482771030594023
5,MA0051100,"Haverhill, MA",murder,0.04930096736513672,0.06168522173939149,0.06482085447952446
6,MA0051100,"Haverhill, MA",murder,0.09738296415942169,0.10221966167128424,0.06481358855656401
7,MA0051100,"Haverhill, MA",murder,0.11118341410659602,0.10362504827312238,0.06481988548031146
8,MA0051100,"Haverhill, MA",murder,0.09275342812753531,0.08551566467089432,0.06481358855656401
9,MA0051100,"Haverhill, MA",murder,0.0384862404627525,0.04079264285825735,0.06482085447952447
10,MA0051100,"Haverhill, MA",murder,-0.00802783031255692,-0.005000645407475803,0.06482771030594023
11,MA0051100,"Haverhill, MA",murder,-0.006608455110596065,-0.01220350034246791,0.06482085447952446
12,MA0051100,"Haverhill, MA",murder,-0.0023119678719362097,-0.010557364017484486,0.064813588556564
1,MA0051300,"Lawrence, MA",murder,-0.058804930073651264,-0.05574602359795943,0.06390665039568208
2,MA0051300,"Lawrence, MA",murder,-0.135445940382076,-0.146244273612682,0.06395909450229703
3,MA0051300,"Lawrence, MA",murder,-0.13355723675023795,-0.13338760180748735,0.06390660168267324
4,MA0051300,"Lawrence, MA",murder,-0.04435065372038784,-0.03020952836407952,0.06395581586569186
5,MA0051300,"Lawrence, MA",murder,0.04930096736513672,0.05157259660513211,0.06390660168267326
6,MA0051300,"Lawrence, MA",murder,0.09738296415942169,0.08089084105788975,0.06395909450229703
7,MA0051300,"Lawrence, MA",murder,0.11118341410659602,0.09928195412158124,0.06390665039568207
8,MA0051300,"Lawrence, MA",murder,0.09275342812753531,0.0950372730552976,0.06395909450229703
9,MA0051300,"Lawrence, MA",murder,0.0384862404627525,0.03864467072648114,0.06390660168267326
10,MA0051300,"Lawrence, MA",murder,-0.00802783031255692,-0.0133264021595423,0.06395581586569186
11,MA0051300,"Lawrence, MA",murder,-0.006608455110596065,-3.655960477477556e-4,0.06390660168267324
12,MA0051300,"Lawrence, MA",murder,-0.0023119678719362097,0.013852090023116482,0.06395909450229703
1,MA0051400,"Lynn, MA",murder,-0.058804930073651264,-0.06483308627148003,0.06405098573422473
2,MA0051400,"Lynn, MA",murder,-0.135445940382076,-0.13965873470053466,0.06413134747309812
3,MA0051400,"Lynn, MA",murder,-0.13355723675023795,-0.12953563102443372,0.0640688566495436
4,MA0051400,"Lynn, MA",murder,-0.04435065372038784,-0.03320006693287389,0.06401931359852228
5,MA0051400,"Lynn, MA",murder,0.04930096736513672,0.051322804636386186,0.06406885664954362
6,MA0051400,"Lynn, MA",murder,0.09738296415942169,0.09292672905561616,0.06413134747309812
7,MA0051400,"Lynn, MA",murder,0.11118341410659602,0.12585740143117377,0.06405098573422471
8,MA0051400,"Lynn, MA",murder,0.09275342812753531,0.1274130445456066,0.06413134747309812
9,MA0051400,"Lynn, MA",murder,0.0384862404627525,0.05626562570981189,0.06406885664954362
10,MA0051400,"Lynn, MA",murder,-0.00802783031255692,-0.02782424822681985,0.06401931359852228
11,MA0051400,"Lynn, MA",murder,-0.006608455110596065,-0.03907711448145814,0.0640688566495436
12,MA0051400,"Lynn, MA",murder,-0.0023119678719362097,-0.01965672374099432,0.06413134747309812
1,MA0051900,"Methuen, MA",murder,-0.058804930073651264,-0.05258977050216168,0.06489432775179935
2,MA0051900,"Methuen, MA",murder,-0.135445940382076,-0.12853693046650425,0.06489359281289332
3,MA0051900,"Methuen, MA",murder,-0.13355723675023795,-0.13127688919770733,0.0648909037192869
4,MA0051900,"Methuen, MA",murder,-0.04435065372038784,-0.046605948933450214,0.06489318816620882
5,MA0051900,"Methuen, MA",murder,0.04930096736513672,0.047471377840755793,0.06489090371928691
6,MA0051900,"Methuen, MA",murder,0.09738296415942169,0.09772165027803295,0.06489359281289332
7,MA0051900,"Methuen, MA",murder,0.11118341410659602,0.11031315623087945,0.06489432775179933
8,MA0051900,"Methuen, MA",murder,0.09275342812753531,0.0887692833902302,0.06489359281289334
9,MA0051900,"Methuen, MA",murder,0.0384862404627525,0.03378585639271551,0.06489090371928691
10,MA0051900,"Methuen, MA",murder,-0.00802783031255692,-0.011117436795267565,0.06489318816620882
11,MA0051900,"Methuen, MA",murder,-0.006608455110596065,-0.007703730764481771,0.0648909037192869
12,MA0051900,"Methuen, MA",murder,-0.0023119678719362097,-2.306174730410933e-4,0.06489359281289332
1,MA0070500,"Chicopee, MA",murder,-0.058804930073651264,-0.05030138353390074,0.06457717401370913
2,MA0070500,"Chicopee, MA",murder,-0.135445940382076,-0.1339151930278152,0.06454317358873071
3,MA0070500,"Chicopee, MA",murder,-0.13355723675023795,-0.14276666076848732,0.06458814198950656
4,MA0070500,"Chicopee, MA",murder,-0.04435065372038784,-0.042328419115532874,0.06454799201641326
5,MA0070500,"Chicopee, MA",murder,0.04930096736513672,0.06638839356127416,0.06458814198950658
6,MA0070500,"Chicopee, MA",murder,0.09738296415942169,0.10511223462136265,0.06454317358873071
7,MA0070500,"Chicopee, MA",murder,0.11118341410659602,0.10174929552237258,0.06457717401370913
8,MA0070500,"Chicopee, MA",murder,0.09275342812753531,0.08751039080076196,0.06454317358873071
9,MA0070500,"Chicopee, MA",murder,0.0384862404627525,0.04491394655296224,0.06458814198950658
10,MA0070500,"Chicopee, MA",murder,-0.00802783031255692,-0.009119492872938959,0.06454799201641326
11,MA0070500,"Chicopee, MA",murder,-0.006608455110596065,-0.019983591334220938,0.06458814198950656
12,MA0070500,"Chicopee, MA",murder,-0.0023119678719362097,-0.007259520405837557,0.06454317358873071
1,MA0071800,"Springfield, MA",murder,-0.058804930073651264,-0.09408180912159614,0.061846071207672805
2,MA0071800,"Springfield, MA",murder,-0.135445940382076,-0.16849645096382437,0.061813551608881405
3,MA0071800,"Springfield, MA",murder,-0.13355723675023795,-0.14367545403249432,0.06173553765547371
4,MA0071800,"Springfield, MA",murder,-0.04435065372038784,-0.039058804235382445,0.0616068033534793
5,MA0071800,"Springfield, MA",murder,0.04930096736513672,0.06516845175402858,0.06173553765547372
6,MA0071800,"Springfield, MA",murder,0.09738296415942169,0.13116391261951174,0.061813551608881405
7,MA0071800,"Springfield, MA",murder,0.11118341410659602,0.1501652658131436,0.0618460712076728
8,MA0071800,"Springfield, MA",murder,0.09275342812753531,0.10646793645499382,0.061813551608881405
9,MA0071800,"Springfield, MA",murder,0.0384862404627525,0.025563482832116336,0.061735537655473724
10,MA0071800,"Springfield, MA",murder,-0.00802783031255692,-0.017024652456165024,0.0616068033534793
11,MA0071800,"Springfield, MA",murder,-0.006608455110596065,-0.0031399372451980678,0.06173553765547371
12,MA0071800,"Springfield, MA",murder,-0.0023119678719362097,-0.01305194141913368,0.0618135516088814
1,MA0091100,"Cambridge, MA",murder,-0.058804930073651264,-0.05726361013663273,0.06482266021053545
2,MA0091100,"Cambridge, MA",murder,-0.135445940382076,-0.1340037179297638,0.06482113839571559
3,MA0091100,"Cambridge, MA",murder,-0.13355723675023795,-0.13160602288940682,0.06481780904691942
4,MA0091100,"Cambridge, MA",murder,-0.04435065372038784,-0.043933928511461294,0.06481951425862169
5,MA0091100,"Cambridge, MA",murder,0.04930096736513672,0.045839415836160996,0.06481780904691943
6,MA0091100,"Cambridge, MA",murder,0.09738296415942169,0.09029906518827636,0.06482113839571559
7,MA0091100,"Cambridge, MA",murder,0.11118341410659602,0.10365277074966653,0.06482266021053544
8,MA0091100,"Cambridge, MA",murder,0.09275342812753531,0.08870305649998454,0.06482113839571559
9,MA0091100,"Cambridge, MA",murder,0.0384862404627525,0.039916200846593745,0.06481780904691943
10,MA0091100,"Cambridge, MA",murder,-0.00802783031255692,-0.002455232101572503,0.06481951425862169
11,MA0091100,"Cambridge, MA",murder,-0.006608455110596065,-5.387544063817693e-4,0.06481780904691942
12,MA0091100,"Cambridge, MA",murder,-0.0023119678719362097,0.0013907568545367182,0.06482113839571559
1,MA0091700,"Everett, MA",murder,-0.058804930073651264,-0.06094163204748545,0.06482796327969273
2,MA0091700,"Everett, MA",murder,-0.135445940382076,-0.13275065515610335,0.06483567831715698
3,MA0091700,"Everett, MA",murder,-0.13355723675023795,-0.13125398442972716,0.06483855818061708
4,MA0091700,"Everett, MA",murder,-0.04435065372038784,-0.0484845560203208,0.06483585258627132
5,MA0091700,"Everett, MA",murder,0.04930096736513672,0.04158327569448452,0.06483855818061708
6,MA0091700,"Everett, MA",murder,0.09738296415942169,0.09292684385155937,0.06483567831715698
7,MA0091700,"Everett, MA",murder,0.11118341410659602,0.11154276503844197,0.06482796327969272
8,MA0091700,"Everett, MA",murder,0.09275342812753531,0.09581068216290604,0.06483567831715699
9,MA0091700,"Everett, MA",murder,0.0384862404627525,0.043712878445573325,0.0648385581806171
10,MA0091700,"Everett, MA",murder,-0.00802783031255692,-0.002116576970635726,0.06483585258627132
11,MA0091700,"Everett, MA",murder,-0.006608455110596065,-0.004643302701287239,0.06483855818061708
12,MA0091700,"Everett, MA",murder,-0.0023119678719362097,-0.005385737867405506,0.06483567831715698
1,MA0094700,"Waltham, MA",murder,-0.058804930073651264,-0.0620376119721592,0.06490600275229334
2,MA0094700,"Waltham, MA",murder,-0.135445940382076,-0.13852101116616541,0.06490666548194468
3,MA0094700,"Waltham, MA",murder,-0.13355723675023795,-0.13566625093752033,0.06490495686209259
4,MA0094700,"Waltham, MA",murder,-0.04435065372038784,-0.04520873253729078,0.06490436697241289
5,MA0094700,"Waltham, MA",murder,0.04930096736513672,0.0498170333392682,0.0649049568620926
6,MA0094700,"Waltham, MA",murder,0.09738296415942169,0.09933037088955052,0.06490666548194468
7,MA0094700,"Waltham, MA",murder,0.11118341410659602,0.11418454254491572,0.06490600275229334
8,MA0094700,"Waltham, MA",murder,0.09275342812753531,0.09593088226289657,0.06490666548194468
9,MA0094700,"Waltham, MA",murder,0.0384862404627525,0.040929191461494936,0.06490495686209262
10,MA0094700,"Waltham, MA",murder,-0.00802783031255692,-0.0069381980354657515,0.06490436697241289
11,MA0094700,"Waltham, MA",murder,-0.006608455110596065,-0.007226904435999389,0.0649049568620926
12,MA0094700,"Waltham, MA",murder,-0.0023119678719362097,-0.0045933114135251075,0.06490666548194467
1,MA0112000,"Quincy, MA",murder,-0.058804930073651264,-0.05678483915617848,0.06487657039905768
2,MA0112000,"Quincy, MA",murder,-0.135445940382076,-0.134768590204673,0.06487944715338016
3,MA0112000,"Quincy, MA",murder,-0.13355723675023795,-0.13456211997204384,0.06487952078371712
4,MA0112000,"Quincy, MA",murder,-0.04435065372038784,-0.0476287495138703,0.06488124789306787
5,MA0112000,"Quincy, MA",murder,0.04930096736513672,0.04412257884182085,0.06487952078371713
6,MA0112000,"Quincy, MA",murder,0.09738296415942169,0.09449872336686883,0.06487944715338016
7,MA0112000,"Quincy, MA",murder,0.11118341410659602,0.11448169343696439,0.06487657039905768
8,MA0112000,"Quincy, MA",murder,0.09275342812753531,0.09920700136500432,0.06487944715338016
9,MA0112000,"Quincy, MA",murder,0.0384862404627525,0.04130367685158924,0.06487952078371713
10,MA0112000,"Quincy, MA",murder,-0.00802783031255692,-0.010068104766915623,0.06488124789306787
11,MA0112000,"Quincy, MA",murder,-0.006608455110596065,-0.008560990002152201,0.06487952078371712
12,MA0112000,"Quincy, MA",murder,-0.0023119678719362097,-0.001240280246414203,0.06487944715338016
1,MA0112700,"Weymouth, MA",murder,-0.058804930073651264,-0.05641698744253225,0.06489162630052239
2,MA0112700,"Weymouth, MA",murder,-0.135445940382076,-0.1374495312552499,0.06488661028560319
3,MA0112700,"Weymouth, MA",murder,-0.13355723675023795,-0.13841231301540607,0.06489318806620616
4,MA0112700,"Weymouth, MA",murder,-0.04435065372038784,-0.04328858400244146,0.06488650733933432
5,MA0112700,"Weymouth, MA",murder,0.04930096736513672,0.05536341748663139,0.06489318806620616
6,MA0112700,"Weymouth, MA",murder,0.09738296415942169,0.09874305378764879,0.06488661028560319
7,MA0112700,"Weymouth, MA",murder,0.11118341410659602,0.10712729580890067,0.06489162630052238
8,MA0112700,"Weymouth, MA",murder,0.09275342812753531,0.09207524510926501,0.06488661028560319
9,MA0112700,"Weymouth, MA",murder,0.0384862404627525,0.04232771850305276,0.06489318806620617
10,MA0112700,"Weymouth, MA",murder,-0.00802783031255692,-0.007421724363926959,0.06488650733933432
11,MA0112700,"Weymouth, MA",murder,-0.006608455110596065,-0.009989131340646539,0.06489318806620616
12,MA0112700,"Weymouth, MA",murder,-0.0023119678719362097,-0.002658459275295468,0.06488661028560319
1,MA0130100,"Boston, MA",murder,-0.058804930073651264,-0.047490308339027704,0.058695759003396214
2,MA0130100,"Boston, MA",murder,-0.135445940382076,-0.14467530048126245,0.05859571808099356
3,MA0130100,"Boston, MA",murder,-0.13355723675023795,-0.18938706245229842,0.05858983756607286
4,MA0130100,"Boston, MA",murder,-0.04435065372038784,-0.10220853727844433,0.058715987281551744
5,MA0130100,"Boston, MA",murder,0.04930096736513672,0.04234782235339071,0.05858983756607287
6,MA0130100,"Boston, MA",murder,0.09738296415942169,0.13345066480167425,0.05859571808099356
7,MA0130100,"Boston, MA",murder,0.11118341410659602,0.154143354596277,0.05869575900339621
8,MA0130100,"Boston, MA",murder,0.09275342812753531,0.13194116971375705,0.05859571808099356
9,MA0130100,"Boston, MA",murder,0.0384862404627525,0.06999988542754365,0.05858983756607287
10,MA0130100,"Boston, MA",murder,-0.00802783031255692,-0.004444508978804983,0.058715987281551744
11,MA0130100,"Boston, MA",murder,-0.006608455110596065,-0.029613691585885317,0.05858983756607286
12,MA0130100,"Boston, MA",murder,-0.0023119678719362097,-0.014063487776919492,0.05859571808099356
1,MA0130400,"Revere, MA",murder,-0.058804930073651264,-0.05780256925768696,0.06487502075527578
2,MA0130400,"Revere, MA",murder,-0.135445940382076,-0.13665889803335,0.0648780520088867
3,MA0130400,"Revere, MA",murder,-0.13355723675023795,-0.13784656316455235,0.06487731617794337
4,MA0130400,"Revere, MA",murder,-0.04435065372038784,-0.049530506462585985,0.06487674289291644
5,MA0130400,"Revere, MA",murder,0.04930096736513672,0.04461874171538466,0.06487731617794337
6,MA0130400,"Revere, MA",murder,0.09738296415942169,0.09586518144990257,0.0648780520088867
7,MA0130400,"Revere, MA",murder,0.11118341410659602,0.11687113033775727,0.06487502075527576
8,MA0130400,"Revere, MA",murder,0.09275342812753531,0.10389625232007284,0.0648780520088867
9,MA0130400,"Revere, MA",murder,0.0384862404627525,0.04601535637120487,0.06487731617794339
10,MA0130400,"Revere, MA",murder,-0.00802783031255692,-0.009538054617484337,0.06487674289291644
11,MA0130400,"Revere, MA",murder,-0.006608455110596065,-0.011856096002107542,0.06487731617794337
12,MA0130400,"Revere, MA",murder,-0.0023119678719362097,-0.004033974656555066,0.0648780520088867
1,MD0030100,"Baltimore, MD",murder,-0.058804930073651264,-0.052990553696002946,0.05927431641790094
2,MD0030100,"Baltimore, MD",murder,-0.135445940382076,-0.13750116597181702,0.059347161180269996
3,MD0030100,"Baltimore, MD",murder,-0.13355723675023795,-0.1186081435778121,0.05926221034964549
4,MD0030100,"Baltimore, MD",murder,-0.04435065372038784,-0.02395209742001613,0.05930080632738329
5,MD0030100,"Baltimore, MD",murder,0.04930096736513672,0.04652597315756936,0.0592622103496455
6,MD0030100,"Baltimore, MD",murder,0.09738296415942169,0.07485798822715067,0.059347161180269996
7,MD0030100,"Baltimore, MD",murder,0.11118341410659602,0.09206600789978647,0.05927431641790092
8,MD0030100,"Baltimore, MD",murder,0.09275342812753531,0.0783200861302811,0.059347161180269996
9,MD0030100,"Baltimore, MD",murder,0.0384862404627525,0.020351609532492654,0.0592622103496455
10,MD0030100,"Baltimore, MD",murder,-0.00802783031255692,-0.015123356783767406,0.05930080632738329
11,MD0030100,"Baltimore, MD",murder,-0.006608455110596065,0.012655106683966518,0.05926221034964549
12,MD0030100,"Baltimore, MD",murder,-0.0023119678719362097,0.023398545818168814,0.059347161180269996
1,MD0140100,"Howard, MD",murder,-0.058804930073651264,-0.03149356495500519,0.0638131046117193
2,MD0140100,"Howard, MD",murder,-0.135445940382076,-0.1063609325458427,0.0638242743317509
3,MD0140100,"Howard, MD",murder,-0.13355723675023795,-0.13119096834613148,0.06375478134828737
4,MD0140100,"Howard, MD",murder,-0.04435065372038784,-0.056633606663933675,0.06376092033406627
5,MD0140100,"Howard, MD",murder,0.04930096736513672,0.046944368845123825,0.06375478134828738
6,MD0140100,"Howard, MD",murder,0.09738296415942169,0.09590733907112695,0.0638242743317509
7,MD0140100,"Howard, MD",murder,0.11118341410659602,0.09214122402060981,0.06381310461171928
8,MD0140100,"Howard, MD",murder,0.09275342812753531,0.07033855150050401,0.0638242743317509
9,MD0140100,"Howard, MD",murder,0.0384862404627525,0.034520928235188174,0.06375478134828738
10,MD0140100,"Howard, MD",murder,-0.00802783031255692,-0.004014052401670939,0.06376092033406627
11,MD0140100,"Howard, MD",murder,-0.006608455110596065,-0.010921987799785164,0.06375478134828738
12,MD0140100,"Howard, MD",murder,-0.0023119678719362097,7.627010398163611e-4,0.0638242743317509
1,MD0160400,"Montgomery, MD",murder,-0.058804930073651264,-0.022678607183922176,0.06102429687653681
2,MD0160400,"Montgomery, MD",murder,-0.135445940382076,-0.11266215440045313,0.06103068876625517
3,MD0160400,"Montgomery, MD",murder,-0.13355723675023795,-0.1320545105199393,0.06102242248775787
4,MD0160400,"Montgomery, MD",murder,-0.04435065372038784,-0.04614331912640963,0.060918710815470324
5,MD0160400,"Montgomery, MD",murder,0.04930096736513672,0.03802873293311478,0.061022422487757876
6,MD0160400,"Montgomery, MD",murder,0.09738296415942169,0.061455028290064016,0.06103068876625517
7,MD0160400,"Montgomery, MD",murder,0.11118341410659602,0.07558110913634496,0.0610242968765368
8,MD0160400,"Montgomery, MD",murder,0.09275342812753531,0.09371102787258738,0.06103068876625517
9,MD0160400,"Montgomery, MD",murder,0.0384862404627525,0.06020088203965077,0.06102242248775788
10,MD0160400,"Montgomery, MD",murder,-0.00802783031255692,-0.006759182826013134,0.060918710815470324
11,MD0160400,"Montgomery, MD",murder,-0.006608455110596065,-0.01907760640524905,0.06102242248775787
12,MD0160400,"Montgomery, MD",murder,-0.0023119678719362097,0.010398600190224499,0.06103068876625516
1,MD0172100,"Prince George's, MD",murder,-0.058804930073651264,-0.044733137453557684,0.05731240080799107
2,MD0172100,"Prince George's, MD",murder,-0.135445940382076,-0.11486491214988803,0.05738760221651301
3,MD0172100,"Prince George's, MD",murder,-0.13355723675023795,-0.1398891655199347,0.05738367048958857
4,MD0172100,"Prince George's, MD",murder,-0.04435065372038784,-0.05884892698844547,0.05746017807347668
5,MD0172100,"Prince George's, MD",murder,0.04930096736513672,0.0599211972968014,0.057383670489588576
6,MD0172100,"Prince George's, MD",murder,0.09738296415942169,0.12270645239358116,0.05738760221651301
7,MD0172100,"Prince George's, MD",murder,0.11118341410659602,0.12301259541215469,0.05731240080799106
8,MD0172100,"Prince George's, MD",murder,0.09275342812753531,0.09399572142565335,0.05738760221651301
9,MD0172100,"Prince George's, MD",murder,0.0384862404627525,0.040740516837103016,0.05738367048958858
10,MD0172100,"Prince George's, MD",murder,-0.00802783031255692,-0.019430530970151537,0.05746017807347668
11,MD0172100,"Prince George's, MD",murder,-0.006608455110596065,-0.03905200657256675,0.05738367048958857
12,MD0172100,"Prince George's, MD",murder,-0.0023119678719362097,-0.02355780371074947,0.05738760221651301
1,MD0220000,"Washington, MD",murder,-0.058804930073651264,-0.07162350382908646,0.06457174389385105
2,MD0220000,"Washington, MD",murder,-0.135445940382076,-0.14633225244479156,0.06458915843291678
3,MD0220000,"Washington, MD",murder,-0.13355723675023795,-0.1383865606023572,0.06457553890867221
4,MD0220000,"Washington, MD",murder,-0.04435065372038784,-0.040756354727052926,0.0645552498488297
5,MD0220000,"Washington, MD",murder,0.04930096736513672,0.06320433004319695,0.06457553890867222
6,MD0220000,"Washington, MD",murder,0.09738296415942169,0.11493051816605288,0.06458915843291678
7,MD0220000,"Washington, MD",murder,0.11118341410659602,0.11890164147488166,0.06457174389385104
8,MD0220000,"Washington, MD",murder,0.09275342812753531,0.08745743527762453,0.06458915843291678
9,MD0220000,"Washington, MD",murder,0.0384862404627525,0.03223360578939496,0.06457553890867222
10,MD0220000,"Washington, MD",murder,-0.00802783031255692,-0.006521782918742293,0.0645552498488297
11,MD0220000,"Washington, MD",murder,-0.006608455110596065,-0.0043295128760299315,0.06457553890867221
12,MD0220000,"Washington, MD",murder,-0.0023119678719362097,-0.008777563353090581,0.06458915843291678
1,MDBPD0000,"Baltimore, MD",murder,-0.058804930073651264,-0.05056513696384054,0.04548524491888688
2,MDBPD0000,"Baltimore, MD",murder,-0.135445940382076,-0.18097125019651916,0.04571510869078394
3,MDBPD0000,"Baltimore, MD",murder,-0.13355723675023795,-0.19135403798749873,0.0456896536607567
4,MDBPD0000,"Baltimore, MD",murder,-0.04435065372038784,-0.055479465938165676,0.04567361621099487
5,MDBPD0000,"Baltimore, MD",murder,0.04930096736513672,0.07443051235351518,0.04568965366075671
6,MDBPD0000,"Baltimore, MD",murder,0.09738296415942169,0.11382763057883764,0.04571510869078394
7,MDBPD0000,"Baltimore, MD",murder,0.11118341410659602,0.11726798122463702,0.045485244918886863
8,MDBPD0000,"Baltimore, MD",murder,0.09275342812753531,0.10915378214626882,0.04571510869078394
9,MDBPD0000,"Baltimore, MD",murder,0.0384862404627525,0.0528337256764519,0.04568965366075671
10,MDBPD0000,"Baltimore, MD",murder,-0.00802783031255692,-0.011223378322630793,0.04567361621099487
11,MDBPD0000,"Baltimore, MD",murder,-0.006608455110596065,-0.002613044303264865,0.0456896536607567
12,MDBPD0000,"Baltimore, MD",murder,-0.0023119678719362097,0.0246926817322092,0.045715108690783934
1,MI1323700,"Battle Creek, MI",murder,-0.058804930073651264,-0.07105916918511626,0.06378447448568918
2,MI1323700,"Battle Creek, MI",murder,-0.135445940382076,-0.1361390183942009,0.06377222125719258
3,MI1323700,"Battle Creek, MI",murder,-0.13355723675023795,-0.12181444432620944,0.06378008421571167
4,MI1323700,"Battle Creek, MI",murder,-0.04435065372038784,-0.03207168007984314,0.06379889876631313
5,MI1323700,"Battle Creek, MI",murder,0.04930096736513672,0.05783420411455999,0.06378008421571167
6,MI1323700,"Battle Creek, MI",murder,0.09738296415942169,0.10090542870245367,0.06377222125719258
7,MI1323700,"Battle Creek, MI",murder,0.11118341410659602,0.10231404045176187,0.06378447448568918
8,MI1323700,"Battle Creek, MI",murder,0.09275342812753531,0.07315009659605398,0.06377222125719258
9,MI1323700,"Battle Creek, MI",murder,0.0384862404627525,0.027570651261416883,0.06378008421571169
10,MI1323700,"Battle Creek, MI",murder,-0.00802783031255692,8.168088131975062e-4,0.06379889876631313
11,MI1323700,"Battle Creek, MI",murder,-0.006608455110596065,0.00515471768358691,0.06378008421571167
12,MI1323700,"Battle Creek, MI",murder,-0.0023119678719362097,-0.006661635637661073,0.06377222125719256
1,MI3351900,"Lansing, MI",murder,-0.058804930073651264,-0.06480094162313257,0.06257495533205151
2,MI3351900,"Lansing, MI",murder,-0.135445940382076,-0.15198020444461607,0.06261472647923794
3,MI3351900,"Lansing, MI",murder,-0.13355723675023795,-0.14519117640551604,0.06259266184506704
4,MI3351900,"Lansing, MI",murder,-0.04435065372038784,-0.03861552208203606,0.0625879017281905
5,MI3351900,"Lansing, MI",murder,0.04930096736513672,0.06357167004866897,0.06259266184506705
6,MI3351900,"Lansing, MI",murder,0.09738296415942169,0.10624318447573208,0.06261472647923794
7,MI3351900,"Lansing, MI",murder,0.11118341410659602,0.11507359367279944,0.0625749553320515
8,MI3351900,"Lansing, MI",murder,0.09275342812753531,0.09704196876352739,0.06261472647923794
9,MI3351900,"Lansing, MI",murder,0.0384862404627525,0.03998028867476047,0.06259266184506705
10,MI3351900,"Lansing, MI",murder,-0.00802783031255692,-0.011657129967630827,0.0625879017281905
11,MI3351900,"Lansing, MI",murder,-0.006608455110596065,-0.008633434367580307,0.06259266184506704
12,MI3351900,"Lansing, MI",murder,-0.0023119678719362097,-0.001032296744976475,0.06261472647923794
1,MI3913900,"Kalamazoo, MI",murder,-0.058804930073651264,-0.06765748379925564,0.06447152049295864
2,MI3913900,"Kalamazoo, MI",murder,-0.135445940382076,-0.14540637332568956,0.0644660764921497
3,MI3913900,"Kalamazoo, MI",murder,-0.13355723675023795,-0.14364555994976375,0.06446400412278891
4,MI3913900,"Kalamazoo, MI",murder,-0.04435065372038784,-0.04560946819596267,0.06447593690816149
5,MI3913900,"Kalamazoo, MI",murder,0.04930096736513672,0.05878819061381781,0.06446400412278892
6,MI3913900,"Kalamazoo, MI",murder,0.09738296415942169,0.10337722409076178,0.0644660764921497
7,MI3913900,"Kalamazoo, MI",murder,0.11118341410659602,0.10516632694973779,0.06447152049295862
8,MI3913900,"Kalamazoo, MI",murder,0.09275342812753531,0.0881438450839002,0.0644660764921497
9,MI3913900,"Kalamazoo, MI",murder,0.0384862404627525,0.048874188557492204,0.06446400412278892
10,MI3913900,"Kalamazoo, MI",murder,-0.00802783031255692,0.008100625045480514,0.06447593690816149
11,MI3913900,"Kalamazoo, MI",murder,-0.006608455110596065,-0.0015256623720284774,0.06446400412278891
12,MI3913900,"Kalamazoo, MI",murder,-0.0023119678719362097,-0.008605852698490216,0.0644660764921497
1,MI4114100,"Kent, MI",murder,-0.058804930073651264,-0.053224066553228304,0.06439325627311687
2,MI4114100,"Kent, MI",murder,-0.135445940382076,-0.13045417031394552,0.0644062903417761
3,MI4114100,"Kent, MI",murder,-0.13355723675023795,-0.12703734562022262,0.0644163064398636
4,MI4114100,"Kent, MI",murder,-0.04435065372038784,-0.03322251596788785,0.06439534640009816
5,MI4114100,"Kent, MI",murder,0.04930096736513672,0.05243051214325361,0.0644163064398636
6,MI4114100,"Kent, MI",murder,0.09738296415942169,0.08438454472528638,0.0644062903417761
7,MI4114100,"Kent, MI",murder,0.11118341410659602,0.0988716322051082,0.06439325627311686
8,MI4114100,"Kent, MI",murder,0.09275342812753531,0.09788833681857075,0.0644062903417761
9,MI4114100,"Kent, MI",murder,0.0384862404627525,0.04882394647296796,0.06441630643986361
10,MI4114100,"Kent, MI",murder,-0.00802783031255692,-0.012425049683992037,0.06439534640009816
11,MI4114100,"Kent, MI",murder,-0.006608455110596065,-0.019864678647878876,0.0644163064398636
12,MI4114100,"Kent, MI",murder,-0.0023119678719362097,-0.006171145578031711,0.0644062903417761
1,MI4143600,"Grand Rapids, MI",murder,-0.058804930073651264,-0.05937752941558227,0.06207560018666079
2,MI4143600,"Grand Rapids, MI",murder,-0.135445940382076,-0.13708104026389978,0.06210410425895934
3,MI4143600,"Grand Rapids, MI",murder,-0.13355723675023795,-0.14009989079050847,0.062103833482543794
4,MI4143600,"Grand Rapids, MI",murder,-0.04435065372038784,-0.038751488629908536,0.06210568825906739
5,MI4143600,"Grand Rapids, MI",murder,0.04930096736513672,0.07220782747640742,0.0621038334825438
6,MI4143600,"Grand Rapids, MI",murder,0.09738296415942169,0.1087673471146601,0.06210410425895934
7,MI4143600,"Grand Rapids, MI",murder,0.11118341410659602,0.09154970260327808,0.06207560018666078
8,MI4143600,"Grand Rapids, MI",murder,0.09275342812753531,0.0676717664733855,0.06210410425895934
9,MI4143600,"Grand Rapids, MI",murder,0.0384862404627525,0.038518443812298374,0.06210383348254381
10,MI4143600,"Grand Rapids, MI",murder,-0.00802783031255692,0.006579315442212729,0.06210568825906739
11,MI4143600,"Grand Rapids, MI",murder,-0.006608455110596065,-0.002798553685893162,0.062103833482543794
12,MI4143600,"Grand Rapids, MI",murder,-0.0023119678719362097,-0.007185900136449987,0.06210410425895934
1,MI4183400,"Wyoming, MI",murder,-0.058804930073651264,-0.05629191034826493,0.06436000287780942
2,MI4183400,"Wyoming, MI",murder,-0.135445940382076,-0.1483316534834294,0.06427723855726448
3,MI4183400,"Wyoming, MI",murder,-0.13355723675023795,-0.14553309455031135,0.06433381779673467
4,MI4183400,"Wyoming, MI",murder,-0.04435065372038784,-0.03182273751300794,0.06431201797176463
5,MI4183400,"Wyoming, MI",murder,0.04930096736513672,0.06785635308593922,0.06433381779673468
6,MI4183400,"Wyoming, MI",murder,0.09738296415942169,0.08860931373859224,0.06427723855726448
7,MI4183400,"Wyoming, MI",murder,0.11118341410659602,0.08681505955134904,0.06436000287780941
8,MI4183400,"Wyoming, MI",murder,0.09275342812753531,0.08996804315254754,0.06427723855726448
9,MI4183400,"Wyoming, MI",murder,0.0384862404627525,0.05664633501634538,0.06433381779673468
10,MI4183400,"Wyoming, MI",murder,-0.00802783031255692,0.0012995883099238435,0.06431201797176463
11,MI4183400,"Wyoming, MI",murder,-0.006608455110596065,-0.009492742755057397,0.06433381779673467
12,MI4183400,"Wyoming, MI",murder,-0.0023119678719362097,2.774457953737255e-4,0.06427723855726448
1,MI5015000,"Macomb, MI",murder,-0.058804930073651264,-0.06105528440119287,0.06478757230763829
2,MI5015000,"Macomb, MI",murder,-0.135445940382076,-0.14017147144114797,0.06479143748215041
3,MI5015000,"Macomb, MI",murder,-0.13355723675023795,-0.13863758438959,0.06479094976006997
4,MI5015000,"Macomb, MI",murder,-0.04435065372038784,-0.04898547380296143,0.06479310039648885
5,MI5015000,"Macomb, MI",murder,0.04930096736513672,0.045254746626138535,0.06479094976006997
6,MI5015000,"Macomb, MI",murder,0.09738296415942169,0.09692875866373085,0.06479143748215041
7,MI5015000,"Macomb, MI",murder,0.11118341410659602,0.11714472236274552,0.06478757230763829
8,MI5015000,"Macomb, MI",murder,0.09275342812753531,0.10185835467336606,0.06479143748215041
9,MI5015000,"Macomb, MI",murder,0.0384862404627525,0.04423502966025543,0.06479094976006998
10,MI5015000,"Macomb, MI",murder,-0.00802783031255692,-0.007103964158591236,0.06479310039648885
11,MI5015000,"Macomb, MI",murder,-0.006608455110596065,-0.006941629858356638,0.06479094976006997
12,MI5015000,"Macomb, MI",murder,-0.0023119678719362097,-0.002526203934396233,0.06479143748215041
1,MI5072200,"St. Clair Shores, MI",murder,-0.058804930073651264,-0.060998623939514524,0.06488648102188417
2,MI5072200,"St. Clair Shores, MI",murder,-0.135445940382076,-0.1403993136281456,0.06489098871332044
3,MI5072200,"St. Clair Shores, MI",murder,-0.13355723675023795,-0.1340810698127245,0.06488930409202566
4,MI5072200,"St. Clair Shores, MI",murder,-0.04435065372038784,-0.042539974516560074,0.0648921454267617
5,MI5072200,"St. Clair Shores, MI",murder,0.04930096736513672,0.04747201671030618,0.06488930409202567
6,MI5072200,"St. Clair Shores, MI",murder,0.09738296415942169,0.09403020885856965,0.06489098871332044
7,MI5072200,"St. Clair Shores, MI",murder,0.11118341410659602,0.11171157001976798,0.06488648102188416
8,MI5072200,"St. Clair Shores, MI",murder,0.09275342812753531,0.09502222183450056,0.06489098871332044
9,MI5072200,"St. Clair Shores, MI",murder,0.0384862404627525,0.037991031938826,0.06488930409202567
10,MI5072200,"St. Clair Shores, MI",murder,-0.00802783031255692,-0.008172971563693381,0.0648921454267617
11,MI5072200,"St. Clair Shores, MI",murder,-0.006608455110596065,-0.002094924916661182,0.06488930409202566
12,MI5072200,"St. Clair Shores, MI",murder,-0.0023119678719362097,0.0020598290153288766,0.06489098871332044
1,MI5074000,"Shelby Township, MI",murder,-0.058804930073651264,-0.058111790462945574,0.06474307585731265
2,MI5074000,"Shelby Township, MI",murder,-0.135445940382076,-0.12881368142999,0.06474601925400304
3,MI5074000,"Shelby Township, MI",murder,-0.13355723675023795,-0.12863827937159966,0.06474437848474786
4,MI5074000,"Shelby Township, MI",murder,-0.04435065372038784,-0.04848506311203231,0.0647431217595478
5,MI5074000,"Shelby Township, MI",murder,0.04930096736513672,0.04229166187175808,0.06474437848474786
6,MI5074000,"Shelby Township, MI",murder,0.09738296415942169,0.09571211855628332,0.06474601925400304
7,MI5074000,"Shelby Township, MI",murder,0.11118341410659602,0.11134590829249763,0.06474307585731263
8,MI5074000,"Shelby Township, MI",murder,0.09275342812753531,0.08917515714481387,0.06474601925400304
9,MI5074000,"Shelby Township, MI",murder,0.0384862404627525,0.035765637256871444,0.06474437848474786
10,MI5074000,"Shelby Township, MI",murder,-0.00802783031255692,-0.0047490547175197614,0.0647431217595478
11,MI5074000,"Shelby Township, MI",murder,-0.006608455110596065,-0.0026531375865819664,0.06474437848474786
12,MI5074000,"Shelby Township, MI",murder,-0.0023119678719362097,-0.002839476441555086,0.06474601925400304
1,MI5076500,"Sterling Heights, MI",murder,-0.058804930073651264,-0.05753418494980655,0.0646615750944105
2,MI5076500,"Sterling Heights, MI",murder,-0.135445940382076,-0.13522066808224498,0.06466775849871605
3,MI5076500,"Sterling Heights, MI",murder,-0.13355723675023795,-0.13157709335115922,0.06466738852411712
4,MI5076500,"Sterling Heights, MI",murder,-0.04435065372038784,-0.04096937805667476,0.06466966138835824
5,MI5076500,"Sterling Heights, MI",murder,0.04930096736513672,0.05096999053459271,0.06466738852411713
6,MI5076500,"Sterling Heights, MI",murder,0.09738296415942169,0.09696913177505423,0.06466775849871605
7,MI5076500,"Sterling Heights, MI",murder,0.11118341410659602,0.1106051054592509,0.06466157509441049
8,MI5076500,"Sterling Heights, MI",murder,0.09275342812753531,0.09143565942274064,0.06466775849871605
9,MI5076500,"Sterling Heights, MI",murder,0.0384862404627525,0.03472116418221053,0.06466738852411713
10,MI5076500,"Sterling Heights, MI",murder,-0.00802783031255692,-0.01210154245276959,0.06466966138835824
11,MI5076500,"Sterling Heights, MI",murder,-0.006608455110596065,-0.007184981875088387,0.06466738852411712
12,MI5076500,"Sterling Heights, MI",murder,-0.0023119678719362097,-1.1320260610550704e-4,0.06466775849871605
1,MI5080600,"Warren, MI",murder,-0.058804930073651264,-0.06114114301570464,0.06376771474190415
2,MI5080600,"Warren, MI",murder,-0.135445940382076,-0.14173836090492448,0.06377337056801748
3,MI5080600,"Warren, MI",murder,-0.13355723675023795,-0.13340625041152834,0.06377264456657496
4,MI5080600,"Warren, MI",murder,-0.04435065372038784,-0.039448335446989856,0.06380390937647672
5,MI5080600,"Warren, MI",murder,0.04930096736513672,0.044256947965058566,0.06377264456657496
6,MI5080600,"Warren, MI",murder,0.09738296415942169,0.07916698753346793,0.06377337056801748
7,MI5080600,"Warren, MI",murder,0.11118341410659602,0.09650228707114901,0.06376771474190414
8,MI5080600,"Warren, MI",murder,0.09275342812753531,0.09478863923392739,0.06377337056801748
9,MI5080600,"Warren, MI",murder,0.0384862404627525,0.05109538468508687,0.06377264456657496
10,MI5080600,"Warren, MI",murder,-0.00802783031255692,0.004087191391545484,0.06380390937647672
11,MI5080600,"Warren, MI",murder,-0.006608455110596065,0.0026927737059384968,0.06377264456657496
12,MI5080600,"Warren, MI",murder,-0.0023119678719362097,0.0031438781929735747,0.06377337056801748
1,MI631910X,"Rochester Hills, MI",murder,-0.058804930073651264,-0.06203870272992628,0.06490143467923933
2,MI631910X,"Rochester Hills, MI",murder,-0.135445940382076,-0.13379802115024458,0.06490508004834994
3,MI631910X,"Rochester Hills, MI",murder,-0.13355723675023795,-0.13234184845063546,0.06490180887738242
4,MI631910X,"Rochester Hills, MI",murder,-0.04435065372038784,-0.045726732893394476,0.06490617070494381
5,MI631910X,"Rochester Hills, MI",murder,0.04930096736513672,0.048907620253996094,0.06490180887738242
6,MI631910X,"Rochester Hills, MI",murder,0.09738296415942169,0.09828478915141373,0.06490508004834994
7,MI631910X,"Rochester Hills, MI",murder,0.11118341410659602,0.1099742404271632,0.06490143467923931
8,MI631910X,"Rochester Hills, MI",murder,0.09275342812753531,0.09121739384872687,0.06490508004834994
9,MI631910X,"Rochester Hills, MI",murder,0.0384862404627525,0.04182568345188083,0.06490180887738242
10,MI631910X,"Rochester Hills, MI",murder,-0.00802783031255692,-0.0022088048038424383,0.06490617070494381
11,MI631910X,"Rochester Hills, MI",murder,-0.006608455110596065,-0.00632699295247841,0.06490180887738242
12,MI631910X,"Rochester Hills, MI",murder,-0.0023119678719362097,-0.007768624152659074,0.06490508004834994
1,MI6338900,"Farmington Hills, MI",murder,-0.058804930073651264,-0.06352078929873738,0.06484963893774866
2,MI6338900,"Farmington Hills, MI",murder,-0.135445940382076,-0.13927164485613114,0.06485185970907138
3,MI6338900,"Farmington Hills, MI",murder,-0.13355723675023795,-0.1393124688935725,0.06484478218360647
4,MI6338900,"Farmington Hills, MI",murder,-0.04435065372038784,-0.04799513596924303,0.06484507549032856
5,MI6338900,"Farmington Hills, MI",murder,0.04930096736513672,0.05291065005206826,0.06484478218360647
6,MI6338900,"Farmington Hills, MI",murder,0.09738296415942169,0.10414069800948139,0.06485185970907138
7,MI6338900,"Farmington Hills, MI",murder,0.11118341410659602,0.11414875425175124,0.06484963893774864
8,MI6338900,"Farmington Hills, MI",murder,0.09275342812753531,0.09394861416108724,0.06485185970907138
9,MI6338900,"Farmington Hills, MI",murder,0.0384862404627525,0.043361473245514696,0.06484478218360647
10,MI6338900,"Farmington Hills, MI",murder,-0.00802783031255692,-0.002632828983770836,0.06484507549032856
11,MI6338900,"Farmington Hills, MI",murder,-0.006608455110596065,-0.00758761935702438,0.06484478218360647
12,MI6338900,"Farmington Hills, MI",murder,-0.0023119678719362097,-0.008189702361423575,0.06485185970907138
1,MI6362700,"Novi, MI",murder,-0.058804930073651264,-0.05272607881557819,0.06488810868073187
2,MI6362700,"Novi, MI",murder,-0.135445940382076,-0.13553602312915802,0.06489398584600645
3,MI6362700,"Novi, MI",murder,-0.13355723675023795,-0.1350968235721629,0.06488968438360626
4,MI6362700,"Novi, MI",murder,-0.04435065372038784,-0.042913416031952346,0.0648944182803683
5,MI6362700,"Novi, MI",murder,0.04930096736513672,0.0479793418154619,0.06488968438360627
6,MI6362700,"Novi, MI",murder,0.09738296415942169,0.09159508283705563,0.06489398584600645
7,MI6362700,"Novi, MI",murder,0.11118341410659602,0.11043828145409856,0.06488810868073186
8,MI6362700,"Novi, MI",murder,0.09275342812753531,0.09996751161025322,0.06489398584600645
9,MI6362700,"Novi, MI",murder,0.0384862404627525,0.041816109414737734,0.06488968438360627
10,MI6362700,"Novi, MI",murder,-0.00802783031255692,-0.014798786606568033,0.0648944182803683
11,MI6362700,"Novi, MI",murder,-0.006608455110596065,-0.012410830296557132,0.06488968438360626
12,MI6362700,"Novi, MI",murder,-0.0023119678719362097,0.001685631320369572,0.06489398584600645
1,MI6367300,"Pontiac, MI",murder,-0.058804930073651264,-0.040244528680798926,0.06290649910243887
2,MI6367300,"Pontiac, MI",murder,-0.135445940382076,-0.13058929471409436,0.0629187164513838
3,MI6367300,"Pontiac, MI",murder,-0.13355723675023795,-0.15443466617559787,0.06295088243862838
4,MI6367300,"Pontiac, MI",murder,-0.04435065372038784,-0.05818767767444222,0.0629045561431405
5,MI6367300,"Pontiac, MI",murder,0.04930096736513672,0.06230161690312655,0.06295088243862838
6,MI6367300,"Pontiac, MI",murder,0.09738296415942169,0.10744678875421869,0.0629187164513838
7,MI6367300,"Pontiac, MI",murder,0.11118341410659602,0.09505291323549908,0.06290649910243885
8,MI6367300,"Pontiac, MI",murder,0.09275342812753531,0.07568107782012837,0.0629187164513838
9,MI6367300,"Pontiac, MI",murder,0.0384862404627525,0.04471806472693171,0.06295088243862838
10,MI6367300,"Pontiac, MI",murder,-0.00802783031255692,0.0033792931197420633,0.0629045561431405
11,MI6367300,"Pontiac, MI",murder,-0.006608455110596065,-0.007393400009160585,0.06295088243862838
12,MI6367300,"Pontiac, MI",murder,-0.0023119678719362097,0.0022698126944474682,0.0629187164513838
1,MI6371400,"Royal Oak, MI",murder,-0.058804930073651264,-0.059223334836636526,0.06489290943590048
2,MI6371400,"Royal Oak, MI",murder,-0.135445940382076,-0.13428628762124734,0.06489334295449613
3,MI6371400,"Royal Oak, MI",murder,-0.13355723675023795,-0.13651401132509278,0.06489023981622044
4,MI6371400,"Royal Oak, MI",murder,-0.04435065372038784,-0.051333178453441514,0.06489545853817907
5,MI6371400,"Royal Oak, MI",murder,0.04930096736513672,0.047456280144983126,0.06489023981622045
6,MI6371400,"Royal Oak, MI",murder,0.09738296415942169,0.10434109743416177,0.06489334295449613
7,MI6371400,"Royal Oak, MI",murder,0.11118341410659602,0.11834755925669106,0.06489290943590047
8,MI6371400,"Royal Oak, MI",murder,0.09275342812753531,0.09312438874547857,0.06489334295449613
9,MI6371400,"Royal Oak, MI",murder,0.0384862404627525,0.03622788802926947,0.06489023981622045
10,MI6371400,"Royal Oak, MI",murder,-0.00802783031255692,-0.007791045966613026,0.06489545853817907
11,MI6371400,"Royal Oak, MI",murder,-0.006608455110596065,-0.0062943812692143886,0.06489023981622044
12,MI6371400,"Royal Oak, MI",murder,-0.0023119678719362097,-0.004054974138338435,0.06489334295449613
1,MI6375100,"Southfield, MI",murder,-0.058804930073651264,-0.04403558160241464,0.06455283700797497
2,MI6375100,"Southfield, MI",murder,-0.135445940382076,-0.12088426567815641,0.06454296216517519
3,MI6375100,"Southfield, MI",murder,-0.13355723675023795,-0.12757792592317974,0.06452441498662471
4,MI6375100,"Southfield, MI",murder,-0.04435065372038784,-0.047816119127373664,0.06452468177054717
5,MI6375100,"Southfield, MI",murder,0.04930096736513672,0.043260979716362,0.06452441498662471
6,MI6375100,"Southfield, MI",murder,0.09738296415942169,0.09334650649369096,0.06454296216517519
7,MI6375100,"Southfield, MI",murder,0.11118341410659602,0.10652096402007004,0.06455283700797496
8,MI6375100,"Southfield, MI",murder,0.09275342812753531,0.08428585874072847,0.06454296216517519
9,MI6375100,"Southfield, MI",murder,0.0384862404627525,0.028494136568096406,0.06452441498662473
10,MI6375100,"Southfield, MI",murder,-0.00802783031255692,-0.014669263290281731,0.06452468177054717
11,MI6375100,"Southfield, MI",murder,-0.006608455110596065,-0.006662572778934094,0.06452441498662471
12,MI6375100,"Southfield, MI",murder,-0.0023119678719362097,0.0057372828613923964,0.06454296216517519
1,MI6378400,"Troy, MI",murder,-0.058804930073651264,-0.05810286701578687,0.06478805126161628
2,MI6378400,"Troy, MI",murder,-0.135445940382076,-0.13110865542655498,0.06478407806412478
3,MI6378400,"Troy, MI",murder,-0.13355723675023795,-0.1281841062628024,0.064788513487207
4,MI6378400,"Troy, MI",murder,-0.04435065372038784,-0.04515309769679652,0.06478011668533534
5,MI6378400,"Troy, MI",murder,0.04930096736513672,0.045763868123012946,0.064788513487207
6,MI6378400,"Troy, MI",murder,0.09738296415942169,0.0986750165608239,0.06478407806412478
7,MI6378400,"Troy, MI",murder,0.11118341410659602,0.11278815815614002,0.06478805126161627
8,MI6378400,"Troy, MI",murder,0.09275342812753531,0.08583612931120925,0.06478407806412478
9,MI6378400,"Troy, MI",murder,0.0384862404627525,0.028226289007103535,0.06478851348720702
10,MI6378400,"Troy, MI",murder,-0.00802783031255692,-0.00953219344355664,0.06478011668533534
11,MI6378400,"Troy, MI",murder,-0.006608455110596065,-4.913420076672538e-4,0.064788513487207
12,MI6378400,"Troy, MI",murder,-0.0023119678719362097,0.001282800694875009,0.06478407806412478
1,MI6380800,"Waterford Township, MI",murder,-0.058804930073651264,-0.07264292393569372,0.06475651350226767
2,MI6380800,"Waterford Township, MI",murder,-0.135445940382076,-0.13519769583890115,0.06474297882396116
3,MI6380800,"Waterford Township, MI",murder,-0.13355723675023795,-0.1260596019523886,0.06475771769001135
4,MI6380800,"Waterford Township, MI",murder,-0.04435065372038784,-0.047060888222651226,0.06477021894889008
5,MI6380800,"Waterford Township, MI",murder,0.04930096736513672,0.03847648720840907,0.06475771769001135
6,MI6380800,"Waterford Township, MI",murder,0.09738296415942169,0.09097745726892459,0.06474297882396116
7,MI6380800,"Waterford Township, MI",murder,0.11118341410659602,0.10913325894614077,0.06475651350226767
8,MI6380800,"Waterford Township, MI",murder,0.09275342812753531,0.09137806663871714,0.06474297882396116
9,MI6380800,"Waterford Township, MI",murder,0.0384862404627525,0.04574963774175754,0.06475771769001136
10,MI6380800,"Waterford Township, MI",murder,-0.00802783031255692,0.010570553212204155,0.06477021894889008
11,MI6380800,"Waterford Township, MI",murder,-0.006608455110596065,0.005343141991774901,0.06475771769001135
12,MI6380800,"Waterford Township, MI",murder,-0.0023119678719362097,-0.01066749305829347,0.06474297882396116
1,MI6381500,"West Bloomfield Township, MI",murder,-0.058804930073651264,-0.05875863331173664,0.06495820977158165
2,MI6381500,"West Bloomfield Township, MI",murder,-0.135445940382076,-0.13582661157174328,0.06495874255153475
3,MI6381500,"West Bloomfield Township, MI",murder,-0.13355723675023795,-0.13478654953286004,0.06495972470038837
4,MI6381500,"West Bloomfield Township, MI",murder,-0.04435065372038784,-0.04484877795203993,0.06495896040029883
5,MI6381500,"West Bloomfield Township, MI",murder,0.04930096736513672,0.04909516591121963,0.06495972470038837
6,MI6381500,"West Bloomfield Township, MI",murder,0.09738296415942169,0.0957133347465536,0.06495874255153475
7,MI6381500,"West Bloomfield Township, MI",murder,0.11118341410659602,0.10960482399102506,0.06495820977158163
8,MI6381500,"West Bloomfield Township, MI",murder,0.09275342812753531,0.09459616626403533,0.06495874255153475
9,MI6381500,"West Bloomfield Township, MI",murder,0.0384862404627525,0.04270991354586366,0.06495972470038838
10,MI6381500,"West Bloomfield Township, MI",murder,-0.00802783031255692,-0.005997412727248497,0.06495896040029883
11,MI6381500,"West Bloomfield Township, MI",murder,-0.006608455110596065,-0.007864720603511711,0.06495972470038837
12,MI6381500,"West Bloomfield Township, MI",murder,-0.0023119678719362097,-0.0036366987595571835,0.06495874255153475
1,MI8118100,"Washtenaw, MI",murder,-0.058804930073651264,-0.06828009238517717,0.06380214468300337
2,MI8118100,"Washtenaw, MI",murder,-0.135445940382076,-0.1303381486842917,0.06386196701014032
3,MI8118100,"Washtenaw, MI",murder,-0.13355723675023795,-0.13510179849084195,0.06382032046526281
4,MI8118100,"Washtenaw, MI",murder,-0.04435065372038784,-0.060486606637859264,0.06384767759606075
5,MI8118100,"Washtenaw, MI",murder,0.04930096736513672,0.04975299076039394,0.06382032046526283
6,MI8118100,"Washtenaw, MI",murder,0.09738296415942169,0.1266187896455389,0.06386196701014032
7,MI8118100,"Washtenaw, MI",murder,0.11118341410659602,0.1314885440414922,0.06380214468300335
8,MI8118100,"Washtenaw, MI",murder,0.09275342812753531,0.07938110111201335,0.06386196701014032
9,MI8118100,"Washtenaw, MI",murder,0.0384862404627525,0.02093629926224852,0.06382032046526283
10,MI8118100,"Washtenaw, MI",murder,-0.00802783031255692,-0.0027218450184558034,0.06384767759606075
11,MI8118100,"Washtenaw, MI",murder,-0.006608455110596065,0.0012040568118843857,0.06382032046526281
12,MI8118100,"Washtenaw, MI",murder,-0.0023119678719362097,-0.012453290416945446,0.06386196701014032
1,MI8121800,"Ann Arbor, MI",murder,-0.058804930073651264,-0.059194902881298146,0.06468777484008274
2,MI8121800,"Ann Arbor, MI",murder,-0.135445940382076,-0.13423638882271985,0.06469625496402104
3,MI8121800,"Ann Arbor, MI",murder,-0.13355723675023795,-0.13251639882246263,0.06470414490345835
4,MI8121800,"Ann Arbor, MI",murder,-0.04435065372038784,-0.04010202792644221,0.06470751119451001
5,MI8121800,"Ann Arbor, MI",murder,0.04930096736513672,0.05875075892348064,0.06470414490345837
6,MI8121800,"Ann Arbor, MI",murder,0.09738296415942169,0.10663019279209945,0.06469625496402104
7,MI8121800,"Ann Arbor, MI",murder,0.11118341410659602,0.1137145730135772,0.06468777484008273
8,MI8121800,"Ann Arbor, MI",murder,0.09275342812753531,0.08907430588353604,0.06469625496402104
9,MI8121800,"Ann Arbor, MI",murder,0.0384862404627525,0.032834645750999765,0.06470414490345837
10,MI8121800,"Ann Arbor, MI",murder,-0.00802783031255692,-0.014417642205836839,0.06470751119451001
11,MI8121800,"Ann Arbor, MI",murder,-0.006608455110596065,-0.013588675984296854,0.06470414490345835
12,MI8121800,"Ann Arbor, MI",murder,-0.0023119678719362097,-0.006948439720636554,0.06469625496402104
1,MI8234300,"Dearborn, MI",murder,-0.058804930073651264,-0.06341424444499362,0.06455527320185193
2,MI8234300,"Dearborn, MI",murder,-0.135445940382076,-0.13288013106813598,0.06460615700829564
3,MI8234300,"Dearborn, MI",murder,-0.13355723675023795,-0.13271004930290783,0.06460473343309117
4,MI8234300,"Dearborn, MI",murder,-0.04435065372038784,-0.051210809271363844,0.06455862649782705
5,MI8234300,"Dearborn, MI",murder,0.04930096736513672,0.03721832470488085,0.06460473343309119
6,MI8234300,"Dearborn, MI",murder,0.09738296415942169,0.08974713010937113,0.06460615700829564
7,MI8234300,"Dearborn, MI",murder,0.11118341410659602,0.11762332119079842,0.06455527320185193
8,MI8234300,"Dearborn, MI",murder,0.09275342812753531,0.11267130333631084,0.06460615700829564
9,MI8234300,"Dearborn, MI",murder,0.0384862404627525,0.05829214482527789,0.06460473343309119
10,MI8234300,"Dearborn, MI",murder,-0.00802783031255692,-0.0029982674744409616,0.06455862649782705
11,MI8234300,"Dearborn, MI",murder,-0.006608455110596065,-0.017009496973055753,0.06460473343309117
12,MI8234300,"Dearborn, MI",murder,-0.0023119678719362097,-0.015329225631741156,0.06460615700829564
1,MI8234400,"Dearborn Heights, MI",murder,-0.058804930073651264,-0.05537210813358903,0.06486023958177123
2,MI8234400,"Dearborn Heights, MI",murder,-0.135445940382076,-0.140680985611582,0.06485731516313274
3,MI8234400,"Dearborn Heights, MI",murder,-0.13355723675023795,-0.1362552023192405,0.06486385793284184
4,MI8234400,"Dearborn Heights, MI",murder,-0.04435065372038784,-0.03400593374790418,0.06486144093957158
5,MI8234400,"Dearborn Heights, MI",murder,0.04930096736513672,0.060443816658881225,0.06486385793284186
6,MI8234400,"Dearborn Heights, MI",murder,0.09738296415942169,0.09438466646499723,0.06485731516313274
7,MI8234400,"Dearborn Heights, MI",murder,0.11118341410659602,0.10181966324252345,0.06486023958177123
8,MI8234400,"Dearborn Heights, MI",murder,0.09275342812753531,0.09115726858494551,0.06485731516313274
9,MI8234400,"Dearborn Heights, MI",murder,0.0384862404627525,0.040283930183669596,0.06486385793284186
10,MI8234400,"Dearborn Heights, MI",murder,-0.00802783031255692,-0.012441621361030242,0.06486144093957158
11,MI8234400,"Dearborn Heights, MI",murder,-0.006608455110596065,-0.010920099632244785,0.06486385793284184
12,MI8234400,"Dearborn Heights, MI",murder,-0.0023119678719362097,0.0015866056705736856,0.06485731516313274
1,MI8234900,"Detroit, MI",murder,-0.058804930073651264,-0.10444674255324672,0.046350356993302824
2,MI8234900,"Detroit, MI",murder,-0.135445940382076,-0.1730377112210211,0.046365949532637264
3,MI8234900,"Detroit, MI",murder,-0.13355723675023795,-0.16853365124286765,0.04626897744354292
4,MI8234900,"Detroit, MI",murder,-0.04435065372038784,-0.08059492948838254,0.04617791904502261
5,MI8234900,"Detroit, MI",murder,0.04930096736513672,0.05540594082439238,0.04626897744354293
6,MI8234900,"Detroit, MI",murder,0.09738296415942169,0.17014909046095772,0.046365949532637264
7,MI8234900,"Detroit, MI",murder,0.11118341410659602,0.19150207292773452,0.04635035699330282
8,MI8234900,"Detroit, MI",murder,0.09275342812753531,0.11475745722910619,0.04636594953263726
9,MI8234900,"Detroit, MI",murder,0.0384862404627525,0.023198066876464942,0.046268977443542934
10,MI8234900,"Detroit, MI",murder,-0.00802783031255692,-0.006460400886105257,0.04617791904502261
11,MI8234900,"Detroit, MI",murder,-0.006608455110596065,0.0028743131675224914,0.04626897744354292
12,MI8234900,"Detroit, MI",murder,-0.0023119678719362097,-0.02481350609455494,0.04636594953263726
1,MI8253800,"Livonia, MI",murder,-0.058804930073651264,-0.05829353994685728,0.06481170989311409
2,MI8253800,"Livonia, MI",murder,-0.135445940382076,-0.13554244495751283,0.06483603210991258
3,MI8253800,"Livonia, MI",murder,-0.13355723675023795,-0.14085270902894148,0.06482507237734224
4,MI8253800,"Livonia, MI",murder,-0.04435065372038784,-0.04892913987151345,0.06482762811185439
5,MI8253800,"Livonia, MI",murder,0.04930096736513672,0.061164535922848685,0.06482507237734225
6,MI8253800,"Livonia, MI",murder,0.09738296415942169,0.11746805956353054,0.06483603210991258
7,MI8253800,"Livonia, MI",murder,0.11118341410659602,0.11864809243605376,0.06481170989311409
8,MI8253800,"Livonia, MI",murder,0.09275342812753531,0.08475789350983778,0.06483603210991258
9,MI8253800,"Livonia, MI",murder,0.0384862404627525,0.029713605092069932,0.06482507237734225
10,MI8253800,"Livonia, MI",murder,-0.00802783031255692,-0.011425412617683046,0.06482762811185439
11,MI8253800,"Livonia, MI",murder,-0.006608455110596065,-0.01037998447517365,0.06482507237734224
12,MI8253800,"Livonia, MI",murder,-0.0023119678719362097,-0.0063289556266589555,0.06483603210991258
1,MI8277500,"Taylor, MI",murder,-0.058804930073651264,-0.06508895005193163,0.0646320671786391
2,MI8277500,"Taylor, MI",murder,-0.135445940382076,-0.13025533255778643,0.06466364137732443
3,MI8277500,"Taylor, MI",murder,-0.13355723675023795,-0.1338843672098778,0.06463874817479079
4,MI8277500,"Taylor, MI",murder,-0.04435065372038784,-0.05272454660387583,0.06464210140673692
5,MI8277500,"Taylor, MI",murder,0.04930096736513672,0.0462485058430376,0.0646387481747908
6,MI8277500,"Taylor, MI",murder,0.09738296415942169,0.10229779191546168,0.06466364137732443
7,MI8277500,"Taylor, MI",murder,0.11118341410659602,0.11531259685973504,0.0646320671786391
8,MI8277500,"Taylor, MI",murder,0.09275342812753531,0.09763973233884517,0.06466364137732443
9,MI8277500,"Taylor, MI",murder,0.0384862404627525,0.05104512018313315,0.0646387481747908
10,MI8277500,"Taylor, MI",murder,-0.00802783031255692,0.0025008997960724267,0.06464210140673692
11,MI8277500,"Taylor, MI",murder,-0.006608455110596065,-0.013632905624096367,0.0646387481747908
12,MI8277500,"Taylor, MI",murder,-0.0023119678719362097,-0.019458544888716994,0.06466364137732442
1,MI8281700,"Westland, MI",murder,-0.058804930073651264,-0.05663841309578746,0.064441157871494
2,MI8281700,"Westland, MI",murder,-0.135445940382076,-0.13652380288455004,0.06444681208541374
3,MI8281700,"Westland, MI",murder,-0.13355723675023795,-0.1347657395768396,0.06444775002977489
4,MI8281700,"Westland, MI",murder,-0.04435065372038784,-0.046566980079030804,0.06444905009945169
5,MI8281700,"Westland, MI",murder,0.04930096736513672,0.04577437055447822,0.0644477500297749
6,MI8281700,"Westland, MI",murder,0.09738296415942169,0.09629932491299453,0.06444681208541374
7,MI8281700,"Westland, MI",murder,0.11118341410659602,0.11340806415656776,0.064441157871494
8,MI8281700,"Westland, MI",murder,0.09275342812753531,0.0929533780495893,0.06444681208541374
9,MI8281700,"Westland, MI",murder,0.0384862404627525,0.034425663681098534,0.0644477500297749
10,MI8281700,"Westland, MI",murder,-0.00802783031255692,-0.010202670981749509,0.06444905009945169
11,MI8281700,"Westland, MI",murder,-0.006608455110596065,-0.0022039457195174956,0.06444775002977489
12,MI8281700,"Westland, MI",murder,-0.0023119678719362097,0.0040407509827465665,0.06444681208541374
1,MI8290800,"Canton Township, MI",murder,-0.058804930073651264,-0.05999928175333792,0.06473580707990696
2,MI8290800,"Canton Township, MI",murder,-0.135445940382076,-0.13069061315581856,0.06473763462319447
3,MI8290800,"Canton Township, MI",murder,-0.13355723675023795,-0.12569551756225975,0.0647409166410974
4,MI8290800,"Canton Township, MI",murder,-0.04435065372038784,-0.04252038871853069,0.06473550156699366
5,MI8290800,"Canton Township, MI",murder,0.04930096736513672,0.044352401325377946,0.06474091664109742
6,MI8290800,"Canton Township, MI",murder,0.09738296415942169,0.09381186379343255,0.06473763462319447
7,MI8290800,"Canton Township, MI",murder,0.11118341410659602,0.11182869898139763,0.06473580707990696
8,MI8290800,"Canton Township, MI",murder,0.09275342812753531,0.09243792192121066,0.06473763462319447
9,MI8290800,"Canton Township, MI",murder,0.0384862404627525,0.03561340909959211,0.06474091664109742
10,MI8290800,"Canton Township, MI",murder,-0.00802783031255692,-0.009309028509529036,0.06473550156699366
11,MI8290800,"Canton Township, MI",murder,-0.006608455110596065,-0.006099710090770064,0.0647409166410974
12,MI8290800,"Canton Township, MI",murder,-0.0023119678719362097,-0.0037297553307648803,0.06473763462319447
1,MN0020200,"Blaine, MN",murder,-0.058804930073651264,-0.05501089151766037,0.06488303393195308
2,MN0020200,"Blaine, MN",murder,-0.135445940382076,-0.12992040578883607,0.06489092710617962
3,MN0020200,"Blaine, MN",murder,-0.13355723675023795,-0.1294823034274911,0.06488994432142822
4,MN0020200,"Blaine, MN",murder,-0.04435065372038784,-0.04519971972548742,0.06488554818613562
5,MN0020200,"Blaine, MN",murder,0.04930096736513672,0.043260729710926996,0.06488994432142824
6,MN0020200,"Blaine, MN",murder,0.09738296415942169,0.09210181912105311,0.06489092710617962
7,MN0020200,"Blaine, MN",murder,0.11118341410659602,0.11271759725034704,0.06488303393195306
8,MN0020200,"Blaine, MN",murder,0.09275342812753531,0.09855628250296672,0.06489092710617962
9,MN0020200,"Blaine, MN",murder,0.0384862404627525,0.040411474408935055,0.06488994432142824
10,MN0020200,"Blaine, MN",murder,-0.00802783031255692,-0.012506986007199253,0.06488554818613562
11,MN0020200,"Blaine, MN",murder,-0.006608455110596065,-0.011896606425057665,0.06488994432142822
12,MN0020200,"Blaine, MN",murder,-0.0023119678719362097,-0.0030309901024970485,0.06489092710617962
1,MN0020500,"Coon Rapids, MN",murder,-0.058804930073651264,-0.04850680464084592,0.06485766573530545
2,MN0020500,"Coon Rapids, MN",murder,-0.135445940382076,-0.1321408177525303,0.06485790837870692
3,MN0020500,"Coon Rapids, MN",murder,-0.13355723675023795,-0.14146501677069298,0.06486088102127036
4,MN0020500,"Coon Rapids, MN",murder,-0.04435065372038784,-0.04988956046267838,0.0648558442446351
5,MN0020500,"Coon Rapids, MN",murder,0.04930096736513672,0.05537444233923128,0.06486088102127036
6,MN0020500,"Coon Rapids, MN",murder,0.09738296415942169,0.10492394642729748,0.06485790837870692
7,MN0020500,"Coon Rapids, MN",murder,0.11118341410659602,0.1089322737170784,0.06485766573530544
8,MN0020500,"Coon Rapids, MN",murder,0.09275342812753531,0.08540578009568515,0.06485790837870693
9,MN0020500,"Coon Rapids, MN",murder,0.0384862404627525,0.034304510037615324,0.06486088102127037
10,MN0020500,"Coon Rapids, MN",murder,-0.00802783031255692,-0.010535908613554123,0.0648558442446351
11,MN0020500,"Coon Rapids, MN",murder,-0.006608455110596065,-0.008639404682386153,0.06486088102127036
12,MN0020500,"Coon Rapids, MN",murder,-0.0023119678719362097,0.002236560305780203,0.06485790837870692
1,MN0190100,"Burnsville, MN",murder,-0.058804930073651264,-0.05059301125943878,0.0646941235025412
2,MN0190100,"Burnsville, MN",murder,-0.135445940382076,-0.11997612731768069,0.0647162528547645
3,MN0190100,"Burnsville, MN",murder,-0.13355723675023795,-0.13200397164685213,0.0646974843092268
4,MN0190100,"Burnsville, MN",murder,-0.04435065372038784,-0.05298952751498737,0.06474295211238407
5,MN0190100,"Burnsville, MN",murder,0.04930096736513672,0.05199588737004833,0.06469748430922681
6,MN0190100,"Burnsville, MN",murder,0.09738296415942169,0.11139716779187081,0.0647162528547645
7,MN0190100,"Burnsville, MN",murder,0.11118341410659602,0.11621701489290823,0.06469412350254118
8,MN0190100,"Burnsville, MN",murder,0.09275342812753531,0.08456825018779668,0.0647162528547645
9,MN0190100,"Burnsville, MN",murder,0.0384862404627525,0.03097209088349866,0.06469748430922681
10,MN0190100,"Burnsville, MN",murder,-0.00802783031255692,-0.01263447611848208,0.06474295211238407
11,MN0190100,"Burnsville, MN",murder,-0.006608455110596065,-0.01658801024016433,0.0646974843092268
12,MN0190100,"Burnsville, MN",murder,-0.0023119678719362097,-0.010365287028517321,0.0647162528547645
1,MN0191000,"Apple Valley, MN",murder,-0.058804930073651264,-0.05957538908854315,0.06488029405327582
2,MN0191000,"Apple Valley, MN",murder,-0.135445940382076,-0.1305434504486416,0.0648725597766654
3,MN0191000,"Apple Valley, MN",murder,-0.13355723675023795,-0.12982234018417185,0.0648794910089646
4,MN0191000,"Apple Valley, MN",murder,-0.04435065372038784,-0.05042016305668898,0.06487612565906817
5,MN0191000,"Apple Valley, MN",murder,0.04930096736513672,0.04041951043633786,0.0648794910089646
6,MN0191000,"Apple Valley, MN",murder,0.09738296415942169,0.0986700272626615,0.0648725597766654
7,MN0191000,"Apple Valley, MN",murder,0.11118341410659602,0.12005341584691881,0.0648802940532758
8,MN0191000,"Apple Valley, MN",murder,0.09275342812753531,0.09638975620128065,0.06487255977666541
9,MN0191000,"Apple Valley, MN",murder,0.0384862404627525,0.03519061917843521,0.06487949100896462
10,MN0191000,"Apple Valley, MN",murder,-0.00802783031255692,-0.010057863701686693,0.06487612565906817
11,MN0191000,"Apple Valley, MN",murder,-0.006608455110596065,-0.0062658161889769205,0.0648794910089646
12,MN0191000,"Apple Valley, MN",murder,-0.0023119678719362097,-0.004038306256924822,0.0648725597766654
1,MN0191100,"Lakeville, MN",murder,-0.058804930073651264,-0.05132394032461004,0.0648897864028172
2,MN0191100,"Lakeville, MN",murder,-0.135445940382076,-0.1327265862115449,0.06488893220243738
3,MN0191100,"Lakeville, MN",murder,-0.13355723675023795,-0.14017454214391828,0.06489391964337325
4,MN0191100,"Lakeville, MN",murder,-0.04435065372038784,-0.047999113893840775,0.06489102411004144
5,MN0191100,"Lakeville, MN",murder,0.04930096736513672,0.05688749462412949,0.06489391964337327
6,MN0191100,"Lakeville, MN",murder,0.09738296415942169,0.10610119017600209,0.06488893220243738
7,MN0191100,"Lakeville, MN",murder,0.11118341410659602,0.11042851030739147,0.06488978640281719
8,MN0191100,"Lakeville, MN",murder,0.09275342812753531,0.08735599017500897,0.06488893220243738
9,MN0191100,"Lakeville, MN",murder,0.0384862404627525,0.03569937612460092,0.06489391964337327
10,MN0191100,"Lakeville, MN",murder,-0.00802783031255692,-0.011105456088940658,0.06489102411004144
11,MN0191100,"Lakeville, MN",murder,-0.006608455110596065,-0.011516898587593591,0.06489391964337325
12,MN0191100,"Lakeville, MN",murder,-0.0023119678719362097,-0.0016260241566846958,0.06488893220243738
1,MN0270100,"Bloomington, MN",murder,-0.058804930073651264,-0.06213458546547912,0.06461863418672925
2,MN0270100,"Bloomington, MN",murder,-0.135445940382076,-0.13870576748530075,0.06462205658111955
3,MN0270100,"Bloomington, MN",murder,-0.13355723675023795,-0.127245112666819,0.06461419025129968
4,MN0270100,"Bloomington, MN",murder,-0.04435065372038784,-0.03502094099262881,0.06462654679561207
5,MN0270100,"Bloomington, MN",murder,0.04930096736513672,0.04858474443304808,0.06461419025129969
6,MN0270100,"Bloomington, MN",murder,0.09738296415942169,0.08834219118156413,0.06462205658111955
7,MN0270100,"Bloomington, MN",murder,0.11118341410659602,0.10540561493561228,0.06461863418672924
8,MN0270100,"Bloomington, MN",murder,0.09275342812753531,0.09219226558239865,0.06462205658111955
9,MN0270100,"Bloomington, MN",murder,0.0384862404627525,0.03746058129378373,0.06461419025129969
10,MN0270100,"Bloomington, MN",murder,-0.00802783031255692,-0.008250088477504348,0.06462654679561207
11,MN0270100,"Bloomington, MN",murder,-0.006608455110596065,-0.0020712425301460144,0.06461419025129968
12,MN0270100,"Bloomington, MN",murder,-0.0023119678719362097,0.001442340191471176,0.06462205658111955
1,MN0270300,"Brooklyn Park, MN",murder,-0.058804930073651264,-0.054360969225405224,0.06448065507472568
2,MN0270300,"Brooklyn Park, MN",murder,-0.135445940382076,-0.1316347414004602,0.06450099849266666
3,MN0270300,"Brooklyn Park, MN",murder,-0.13355723675023795,-0.14731058373819425,0.06449919273131219
4,MN0270300,"Brooklyn Park, MN",murder,-0.04435065372038784,-0.061327963154126676,0.06451420579449456
5,MN0270300,"Brooklyn Park, MN",murder,0.04930096736513672,0.048990418568633856,0.0644991927313122
6,MN0270300,"Brooklyn Park, MN",murder,0.09738296415942169,0.10429384996291324,0.06450099849266666
7,MN0270300,"Brooklyn Park, MN",murder,0.11118341410659602,0.10981805916115321,0.06448065507472568
8,MN0270300,"Brooklyn Park, MN",murder,0.09275342812753531,0.09357512520767504,0.06450099849266666
9,MN0270300,"Brooklyn Park, MN",murder,0.0384862404627525,0.05379387760966111,0.0644991927313122
10,MN0270300,"Brooklyn Park, MN",murder,-0.00802783031255692,0.005870873218378696,0.06451420579449456
11,MN0270300,"Brooklyn Park, MN",murder,-0.006608455110596065,-0.010930802375848743,0.06449919273131219
12,MN0270300,"Brooklyn Park, MN",murder,-0.0023119678719362097,-0.010777143834380087,0.06450099849266666
1,MN0270600,"Edina, MN",murder,-0.058804930073651264,-0.05679339337495627,0.06486856950227626
2,MN0270600,"Edina, MN",murder,-0.135445940382076,-0.13935222361880806,0.06487709968176694
3,MN0270600,"Edina, MN",murder,-0.13355723675023795,-0.13544794653478623,0.06487340364943221
4,MN0270600,"Edina, MN",murder,-0.04435065372038784,-0.04153318211505053,0.0648732165706318
5,MN0270600,"Edina, MN",murder,0.04930096736513672,0.0515865949404643,0.06487340364943221
6,MN0270600,"Edina, MN",murder,0.09738296415942169,0.09674589581710992,0.06487709968176694
7,MN0270600,"Edina, MN",murder,0.11118341410659602,0.11028539015585286,0.06486856950227625
8,MN0270600,"Edina, MN",murder,0.09275342812753531,0.09121187141499482,0.06487709968176694
9,MN0270600,"Edina, MN",murder,0.0384862404627525,0.03381559755007638,0.06487340364943223
10,MN0270600,"Edina, MN",murder,-0.00802783031255692,-0.011958814665846064,0.0648732165706318
11,MN0270600,"Edina, MN",murder,-0.006608455110596065,-0.0034462427366510765,0.06487340364943221
12,MN0270600,"Edina, MN",murder,-0.0023119678719362097,0.004886453167599963,0.06487709968176694
1,MN0271100,"Minneapolis, MN",murder,-0.058804930073651264,-0.10152100923927221,0.05661129251112672
2,MN0271100,"Minneapolis, MN",murder,-0.135445940382076,-0.21296426169279936,0.05654052726168114
3,MN0271100,"Minneapolis, MN",murder,-0.13355723675023795,-0.19381480003366822,0.05609508552939281
4,MN0271100,"Minneapolis, MN",murder,-0.04435065372038784,-0.056527798234934895,0.05598929359586659
5,MN0271100,"Minneapolis, MN",murder,0.04930096736513672,0.06746558839020997,0.05609508552939282
6,MN0271100,"Minneapolis, MN",murder,0.09738296415942169,0.1350354846022787,0.05654052726168114
7,MN0271100,"Minneapolis, MN",murder,0.11118341410659602,0.1776328862136886,0.056611292511126704
8,MN0271100,"Minneapolis, MN",murder,0.09275342812753531,0.1658909207871263,0.05654052726168114
9,MN0271100,"Minneapolis, MN",murder,0.0384862404627525,0.07062958215357873,0.05609508552939282
10,MN0271100,"Minneapolis, MN",murder,-0.00802783031255692,-0.019584078739481498,0.05598929359586659
11,MN0271100,"Minneapolis, MN",murder,-0.006608455110596065,-0.020392247484536937,0.05609508552939281
12,MN0271100,"Minneapolis, MN",murder,-0.0023119678719362097,-0.011850266722189185,0.05654052726168114
1,MN0271700,"Plymouth, MN",murder,-0.058804930073651264,-0.05916255821654754,0.06483086664287349
2,MN0271700,"Plymouth, MN",murder,-0.135445940382076,-0.13120677123434063,0.0648351128962512
3,MN0271700,"Plymouth, MN",murder,-0.13355723675023795,-0.1310999822549663,0.06483330262468533
4,MN0271700,"Plymouth, MN",murder,-0.04435065372038784,-0.04950229696142365,0.06482860299514066
5,MN0271700,"Plymouth, MN",murder,0.04930096736513672,0.04551517798896274,0.06483330262468534
6,MN0271700,"Plymouth, MN",murder,0.09738296415942169,0.1015135814722281,0.0648351128962512
7,MN0271700,"Plymouth, MN",murder,0.11118341410659602,0.11254531651029462,0.06483086664287348
8,MN0271700,"Plymouth, MN",murder,0.09275342812753531,0.08309399839316692,0.0648351128962512
9,MN0271700,"Plymouth, MN",murder,0.0384862404627525,0.029604451120045512,0.06483330262468534
10,MN0271700,"Plymouth, MN",murder,-0.00802783031255692,-0.0038804613323234344,0.06482860299514066
11,MN0271700,"Plymouth, MN",murder,-0.006608455110596065,0.002597594852210945,0.06483330262468533
12,MN0271700,"Plymouth, MN",murder,-0.0023119678719362097,-1.8050337307261076e-5,0.06483511289625118
1,MN0272600,"Eden Prairie, MN",murder,-0.058804930073651264,-0.06112179316398547,0.06487310331626384
2,MN0272600,"Eden Prairie, MN",murder,-0.135445940382076,-0.1426445075679623,0.06487363699506314
3,MN0272600,"Eden Prairie, MN",murder,-0.13355723675023795,-0.13836625725031326,0.06487119830958404
4,MN0272600,"Eden Prairie, MN",murder,-0.04435065372038784,-0.04151391325944527,0.06487173436411357
5,MN0272600,"Eden Prairie, MN",murder,0.04930096736513672,0.053008840708656725,0.06487119830958406
6,MN0272600,"Eden Prairie, MN",murder,0.09738296415942169,0.09586494918340303,0.06487363699506314
7,MN0272600,"Eden Prairie, MN",murder,0.11118341410659602,0.11039705428804998,0.06487310331626382
8,MN0272600,"Eden Prairie, MN",murder,0.09275342812753531,0.09868505272443512,0.06487363699506314
9,MN0272600,"Eden Prairie, MN",murder,0.0384862404627525,0.04513154128272156,0.06487119830958406
10,MN0272600,"Eden Prairie, MN",murder,-0.00802783031255692,-0.007761347864619252,0.06487173436411357
11,MN0272600,"Eden Prairie, MN",murder,-0.006608455110596065,-0.009049385865129574,0.06487119830958406
12,MN0272600,"Eden Prairie, MN",murder,-0.0023119678719362097,-0.002630233215811307,0.06487363699506314
1,MN0272700,"Maple Grove, MN",murder,-0.058804930073651264,-0.06893891010333861,0.06483669538214663
2,MN0272700,"Maple Grove, MN",murder,-0.135445940382076,-0.1364067798405375,0.06483281742875403
3,MN0272700,"Maple Grove, MN",murder,-0.13355723675023795,-0.12028725920267601,0.0648523430975895
4,MN0272700,"Maple Grove, MN",murder,-0.04435065372038784,-0.032083593374888655,0.06484821822809651
5,MN0272700,"Maple Grove, MN",murder,0.04930096736513672,0.050736731025554205,0.06485234309758951
6,MN0272700,"Maple Grove, MN",murder,0.09738296415942169,0.0976027167510165,0.06483281742875403
7,MN0272700,"Maple Grove, MN",murder,0.11118341410659602,0.11673285685089796,0.06483669538214662
8,MN0272700,"Maple Grove, MN",murder,0.09275342812753531,0.09388680528526774,0.06483281742875403
9,MN0272700,"Maple Grove, MN",murder,0.0384862404627525,0.02997333789984686,0.06485234309758951
10,MN0272700,"Maple Grove, MN",murder,-0.00802783031255692,-0.01571035337267071,0.06484821822809651
11,MN0272700,"Maple Grove, MN",murder,-0.006608455110596065,-0.00821675647028445,0.0648523430975895
12,MN0272700,"Maple Grove, MN",murder,-0.0023119678719362097,-0.00728879544818732,0.06483281742875402
1,MN0550100,"Rochester, MN",murder,-0.058804930073651264,-0.0585595015011826,0.06447928076301777
2,MN0550100,"Rochester, MN",murder,-0.135445940382076,-0.1307142458249154,0.06449183636617825
3,MN0550100,"Rochester, MN",murder,-0.13355723675023795,-0.13485797043026035,0.0644886218217693
4,MN0550100,"Rochester, MN",murder,-0.04435065372038784,-0.04800253355728317,0.06448682708282624
5,MN0550100,"Rochester, MN",murder,0.04930096736513672,0.050443851455950504,0.06448862182176932
6,MN0550100,"Rochester, MN",murder,0.09738296415942169,0.0988026528388582,0.06449183636617825
7,MN0550100,"Rochester, MN",murder,0.11118341410659602,0.1085365868343584,0.06447928076301777
8,MN0550100,"Rochester, MN",murder,0.09275342812753531,0.09404447325865734,0.06449183636617825
9,MN0550100,"Rochester, MN",murder,0.0384862404627525,0.048211112530826473,0.06448862182176932
10,MN0550100,"Rochester, MN",murder,-0.00802783031255692,-0.001974551775892637,0.06448682708282624
11,MN0550100,"Rochester, MN",murder,-0.006608455110596065,-0.013774078889692478,0.0644886218217693
12,MN0550100,"Rochester, MN",murder,-0.0023119678719362097,-0.012155794939424307,0.06449183636617825
1,MN0620900,"St. Paul, MN",murder,-0.058804930073651264,-0.03218670412857102,0.06067301149887368
2,MN0620900,"St. Paul, MN",murder,-0.135445940382076,-0.13029980564577082,0.060612431203962605
3,MN0620900,"St. Paul, MN",murder,-0.13355723675023795,-0.15254143099021872,0.06085247209771332
4,MN0620900,"St. Paul, MN",murder,-0.04435065372038784,-0.057268027716365175,0.0607221405566468
5,MN0620900,"St. Paul, MN",murder,0.04930096736513672,0.03306129669269146,0.06085247209771333
6,MN0620900,"St. Paul, MN",murder,0.09738296415942169,0.047651420115456845,0.060612431203962605
7,MN0620900,"St. Paul, MN",murder,0.11118341410659602,0.05885485894651977,0.060673011498873664
8,MN0620900,"St. Paul, MN",murder,0.09275342812753531,0.1004998912564587,0.060612431203962605
9,MN0620900,"St. Paul, MN",murder,0.0384862404627525,0.09607336178295786,0.060852472097713335
10,MN0620900,"St. Paul, MN",murder,-0.00802783031255692,0.030599872898416463,0.0607221405566468
11,MN0620900,"St. Paul, MN",murder,-0.006608455110596065,-0.003261382303379359,0.06085247209771332
12,MN0620900,"St. Paul, MN",murder,-0.0023119678719362097,0.008816649091803998,0.060612431203962605
1,MN0690600,"Duluth, MN",murder,-0.058804930073651264,-0.07088505142554215,0.0644390769400554
2,MN0690600,"Duluth, MN",murder,-0.135445940382076,-0.1402639970484213,0.06442724510168946
3,MN0690600,"Duluth, MN",murder,-0.13355723675023795,-0.12452989553581081,0.06444220552053258
4,MN0690600,"Duluth, MN",murder,-0.04435065372038784,-0.03484107140749185,0.06443581387327363
5,MN0690600,"Duluth, MN",murder,0.04930096736513672,0.050825678869084776,0.06444220552053258
6,MN0690600,"Duluth, MN",murder,0.09738296415942169,0.09804816452079992,0.06442724510168946
7,MN0690600,"Duluth, MN",murder,0.11118341410659602,0.11394619552446796,0.06443907694005539
8,MN0690600,"Duluth, MN",murder,0.09275342812753531,0.08996628887349382,0.06442724510168946
9,MN0690600,"Duluth, MN",murder,0.0384862404627525,0.031171043261957528,0.06444220552053259
10,MN0690600,"Duluth, MN",murder,-0.00802783031255692,-0.008220072691433978,0.06443581387327363
11,MN0690600,"Duluth, MN",murder,-0.006608455110596065,-5.279706941573384e-4,0.06444220552053258
12,MN0690600,"Duluth, MN",murder,-0.0023119678719362097,-0.004689312246946593,0.06442724510168946
1,MN0730400,"St. Cloud, MN",murder,-0.058804930073651264,-0.056030210294731264,0.06448455914301741
2,MN0730400,"St. Cloud, MN",murder,-0.135445940382076,-0.13862651171366322,0.06449116585883101
3,MN0730400,"St. Cloud, MN",murder,-0.13355723675023795,-0.139895300966813,0.06449442846820103
4,MN0730400,"St. Cloud, MN",murder,-0.04435065372038784,-0.04612742525747779,0.06449056315828568
5,MN0730400,"St. Cloud, MN",murder,0.04930096736513672,0.052576011232928085,0.06449442846820103
6,MN0730400,"St. Cloud, MN",murder,0.09738296415942169,0.09895106907647146,0.06449116585883101
7,MN0730400,"St. Cloud, MN",murder,0.11118341410659602,0.10878926184717903,0.0644845591430174
8,MN0730400,"St. Cloud, MN",murder,0.09275342812753531,0.09095973391954182,0.06449116585883101
9,MN0730400,"St. Cloud, MN",murder,0.0384862404627525,0.039469471620243814,0.06449442846820103
10,MN0730400,"St. Cloud, MN",murder,-0.00802783031255692,-0.006631626294969987,0.06449056315828568
11,MN0730400,"St. Cloud, MN",murder,-0.006608455110596065,-0.0049092334388067095,0.06449442846820103
12,MN0730400,"St. Cloud, MN",murder,-0.0023119678719362097,0.0014747602700977498,0.06449116585883101
1,MN0821100,"Woodbury, MN",murder,-0.058804930073651264,-0.05829156770328186,0.0648471326230731
2,MN0821100,"Woodbury, MN",murder,-0.135445940382076,-0.13734352432660432,0.06485259189626234
3,MN0821100,"Woodbury, MN",murder,-0.13355723675023795,-0.138646028500979,0.0648580001230691
4,MN0821100,"Woodbury, MN",murder,-0.04435065372038784,-0.04187449521266327,0.06484995130406643
5,MN0821100,"Woodbury, MN",murder,0.04930096736513672,0.06233542692247929,0.0648580001230691
6,MN0821100,"Woodbury, MN",murder,0.09738296415942169,0.10693691679921209,0.06485259189626234
7,MN0821100,"Woodbury, MN",murder,0.11118341410659602,0.10751831795365475,0.06484713262307308
8,MN0821100,"Woodbury, MN",murder,0.09275342812753531,0.08502945990442252,0.06485259189626234
9,MN0821100,"Woodbury, MN",murder,0.0384862404627525,0.0371052138284243,0.0648580001230691
10,MN0821100,"Woodbury, MN",murder,-0.00802783031255692,-0.007352255037709639,0.06484995130406643
11,MN0821100,"Woodbury, MN",murder,-0.006608455110596065,-0.010021362500297505,0.0648580001230691
12,MN0821100,"Woodbury, MN",murder,-0.0023119678719362097,-0.005396102126657356,0.06485259189626234
1,MN0860000,"Wright, MN",murder,-0.058804930073651264,-0.05926481363311169,0.06494546473725574
2,MN0860000,"Wright, MN",murder,-0.135445940382076,-0.13528923829452963,0.06494742094804429
3,MN0860000,"Wright, MN",murder,-0.13355723675023795,-0.1347540852019608,0.06494650978658867
4,MN0860000,"Wright, MN",murder,-0.04435065372038784,-0.04573621340955306,0.06494713949495613
5,MN0860000,"Wright, MN",murder,0.04930096736513672,0.05097421959640249,0.06494650978658868
6,MN0860000,"Wright, MN",murder,0.09738296415942169,0.10128132094912635,0.06494742094804429
7,MN0860000,"Wright, MN",murder,0.11118341410659602,0.11289671872123716,0.06494546473725574
8,MN0860000,"Wright, MN",murder,0.09275342812753531,0.09125984718749147,0.06494742094804429
9,MN0860000,"Wright, MN",murder,0.0384862404627525,0.03709278900679717,0.06494650978658868
10,MN0860000,"Wright, MN",murder,-0.00802783031255692,-0.007895691678572422,0.06494713949495613
11,MN0860000,"Wright, MN",murder,-0.006608455110596065,-0.006944828489364362,0.06494650978658867
12,MN0860000,"Wright, MN",murder,-0.0023119678719362097,-0.003620024753962682,0.06494742094804429
1,MO0100200,"Columbia, MO",murder,-0.058804930073651264,-0.056842069617979496,0.06334774465792162
2,MO0100200,"Columbia, MO",murder,-0.135445940382076,-0.11792424387035397,0.0633982127615285
3,MO0100200,"Columbia, MO",murder,-0.13355723675023795,-0.1280369357631485,0.06329215857117033
4,MO0100200,"Columbia, MO",murder,-0.04435065372038784,-0.048348958953160714,0.06341780985112093
5,MO0100200,"Columbia, MO",murder,0.04930096736513672,0.05460623605664383,0.06329215857117033
6,MO0100200,"Columbia, MO",murder,0.09738296415942169,0.09729323436057392,0.0633982127615285
7,MO0100200,"Columbia, MO",murder,0.11118341410659602,0.08377128056614214,0.0633477446579216
8,MO0100200,"Columbia, MO",murder,0.09275342812753531,0.06375544950798542,0.0633982127615285
9,MO0100200,"Columbia, MO",murder,0.0384862404627525,0.046938930452617295,0.06329215857117035
10,MO0100200,"Columbia, MO",murder,-0.00802783031255692,0.021419748004998077,0.06341780985112093
11,MO0100200,"Columbia, MO",murder,-0.006608455110596065,-4.3744169427531107e-4,0.06329215857117033
12,MO0100200,"Columbia, MO",murder,-0.0023119678719362097,-0.016195229050042708,0.0633982127615285
1,MO0110100,"St Joseph, MO",murder,-0.058804930073651264,-0.060286352657083014,0.06417314864095475
2,MO0110100,"St Joseph, MO",murder,-0.135445940382076,-0.13405794254102357,0.0641604885579698
3,MO0110100,"St Joseph, MO",murder,-0.13355723675023795,-0.12514355837317911,0.0641511589185795
4,MO0110100,"St Joseph, MO",murder,-0.04435065372038784,-0.036092521365200574,0.06417522172702135
5,MO0110100,"St Joseph, MO",murder,0.04930096736513672,0.0423080607228042,0.0641511589185795
6,MO0110100,"St Joseph, MO",murder,0.09738296415942169,0.07385010297323169,0.0641604885579698
7,MO0110100,"St Joseph, MO",murder,0.11118341410659602,0.09056405520975967,0.06417314864095475
8,MO0110100,"St Joseph, MO",murder,0.09275342812753531,0.09208973138676237,0.0641604885579698
9,MO0110100,"St Joseph, MO",murder,0.0384862404627525,0.052897644666241236,0.0641511589185795
10,MO0110100,"St Joseph, MO",murder,-0.00802783031255692,0.00581481881252391,0.06417522172702135
11,MO0110100,"St Joseph, MO",murder,-0.006608455110596065,-3.398495685430224e-4,0.0641511589185795
12,MO0110100,"St Joseph, MO",murder,-0.0023119678719362097,-0.0016041892662937921,0.0641604885579698
1,MO0390300,"Springfield, MO",murder,-0.058804930073651264,-0.05163715394231612,0.06233894543055859
2,MO0390300,"Springfield, MO",murder,-0.135445940382076,-0.1303140881551691,0.06229983985690103
3,MO0390300,"Springfield, MO",murder,-0.13355723675023795,-0.12287019328365588,0.062323758927049104
4,MO0390300,"Springfield, MO",murder,-0.04435065372038784,-0.04734442997941459,0.06228199411386611
5,MO0390300,"Springfield, MO",murder,0.04930096736513672,0.02895510985261496,0.06232375892704911
6,MO0390300,"Springfield, MO",murder,0.09738296415942169,0.08595486527449289,0.06229983985690103
7,MO0390300,"Springfield, MO",murder,0.11118341410659602,0.11616167332249674,0.062338945430558575
8,MO0390300,"Springfield, MO",murder,0.09275342812753531,0.08749319177119602,0.06229983985690103
9,MO0390300,"Springfield, MO",murder,0.0384862404627525,0.01552477751950217,0.06232375892704912
10,MO0390300,"Springfield, MO",murder,-0.00802783031255692,-0.017180089400766055,0.06228199411386611
11,MO0390300,"Springfield, MO",murder,-0.006608455110596065,0.01386578653135808,0.062323758927049104
12,MO0390300,"Springfield, MO",murder,-0.0023119678719362097,0.021390550489660872,0.06229983985690103
1,MO0480100,"Blue Springs, MO",murder,-0.058804930073651264,-0.0649002679741119,0.06463991317670936
2,MO0480100,"Blue Springs, MO",murder,-0.135445940382076,-0.13354092643403265,0.06461782566355646
3,MO0480100,"Blue Springs, MO",murder,-0.13355723675023795,-0.12207173575628431,0.06461608577773705
4,MO0480100,"Blue Springs, MO",murder,-0.04435065372038784,-0.03365063821767109,0.06463287732126811
5,MO0480100,"Blue Springs, MO",murder,0.04930096736513672,0.052314821788593174,0.06461608577773706
6,MO0480100,"Blue Springs, MO",murder,0.09738296415942169,0.09281353705609954,0.06461782566355646
7,MO0480100,"Blue Springs, MO",murder,0.11118341410659602,0.09985372537269013,0.06463991317670936
8,MO0480100,"Blue Springs, MO",murder,0.09275342812753531,0.07873185222715534,0.06461782566355646
9,MO0480100,"Blue Springs, MO",murder,0.0384862404627525,0.03230920415082875,0.06461608577773706
10,MO0480100,"Blue Springs, MO",murder,-0.00802783031255692,-0.0013028191809071451,0.06463287732126811
11,MO0480100,"Blue Springs, MO",murder,-0.006608455110596065,0.002494252418284112,0.06461608577773705
12,MO0480100,"Blue Springs, MO",murder,-0.0023119678719362097,-0.0030510054506439595,0.06461782566355646
1,MO0480600,"Independence, MO",murder,-0.058804930073651264,-0.062433651579935794,0.06296912300421807
2,MO0480600,"Independence, MO",murder,-0.135445940382076,-0.14383492547952334,0.06288931823673567
3,MO0480600,"Independence, MO",murder,-0.13355723675023795,-0.1304975233214603,0.06291044006793069
4,MO0480600,"Independence, MO",murder,-0.04435065372038784,-0.02122107075264262,0.0629548011670672
5,MO0480600,"Independence, MO",murder,0.04930096736513672,0.06263957715925522,0.0629104400679307
6,MO0480600,"Independence, MO",murder,0.09738296415942169,0.07565578317097288,0.06288931823673567
7,MO0480600,"Independence, MO",murder,0.11118341410659602,0.08131793273886782,0.06296912300421806
8,MO0480600,"Independence, MO",murder,0.09275342812753531,0.09415497518093818,0.06288931823673567
9,MO0480600,"Independence, MO",murder,0.0384862404627525,0.06193329186394312,0.0629104400679307
10,MO0480600,"Independence, MO",murder,-0.00802783031255692,0.0023367895937105878,0.0629548011670672
11,MO0480600,"Independence, MO",murder,-0.006608455110596065,-0.012959626860670103,0.06291044006793069
12,MO0480600,"Independence, MO",murder,-0.0023119678719362097,-0.007091551713455676,0.06288931823673566
1,MO0490700,"Joplin, MO",murder,-0.058804930073651264,-0.03088100737572002,0.06439924954618663
2,MO0490700,"Joplin, MO",murder,-0.135445940382076,-0.11425665004644477,0.06438489713241541
3,MO0490700,"Joplin, MO",murder,-0.13355723675023795,-0.13962889368459733,0.06435971176246108
4,MO0490700,"Joplin, MO",murder,-0.04435065372038784,-0.05788040618145119,0.06439173883647778
5,MO0490700,"Joplin, MO",murder,0.04930096736513672,0.05403222970329101,0.0643597117624611
6,MO0490700,"Joplin, MO",murder,0.09738296415942169,0.10890763835262787,0.06438489713241541
7,MO0490700,"Joplin, MO",murder,0.11118341410659602,0.10505057767497765,0.06439924954618662
8,MO0490700,"Joplin, MO",murder,0.09275342812753531,0.07356107225561719,0.06438489713241541
9,MO0490700,"Joplin, MO",murder,0.0384862404627525,0.024763745594512113,0.0643597117624611
10,MO0490700,"Joplin, MO",murder,-0.00802783031255692,-0.01628916411780645,0.06439173883647778
11,MO0490700,"Joplin, MO",murder,-0.006608455110596065,-0.01333665191246345,0.06435971176246108
12,MO0490700,"Joplin, MO",murder,-0.0023119678719362097,0.005957509737457362,0.06438489713241541
1,MO0500000,"Jefferson, MO",murder,-0.058804930073651264,-0.0273175245222741,0.0642591294834623
2,MO0500000,"Jefferson, MO",murder,-0.135445940382076,-0.11038209055631545,0.06418406248721231
3,MO0500000,"Jefferson, MO",murder,-0.13355723675023795,-0.12957922061445282,0.06427349799978468
4,MO0500000,"Jefferson, MO",murder,-0.04435065372038784,-0.03864697027989502,0.06417118334184989
5,MO0500000,"Jefferson, MO",murder,0.04930096736513672,0.060203437465823746,0.0642734979997847
6,MO0500000,"Jefferson, MO",murder,0.09738296415942169,0.08957142211804517,0.06418406248721231
7,MO0500000,"Jefferson, MO",murder,0.11118341410659602,0.08758047895708772,0.06425912948346228
8,MO0500000,"Jefferson, MO",murder,0.09275342812753531,0.08362000094256632,0.06418406248721231
9,MO0500000,"Jefferson, MO",murder,0.0384862404627525,0.04255417656589007,0.0642734979997847
10,MO0500000,"Jefferson, MO",murder,-0.00802783031255692,-0.021615984154918583,0.06417118334184989
11,MO0500000,"Jefferson, MO",murder,-0.006608455110596065,-0.03344134785207463,0.06427349799978468
12,MO0500000,"Jefferson, MO",murder,-0.0023119678719362097,-0.0025463780694824334,0.06418406248721231
1,MO0920100,"O'Fallon, MO",murder,-0.058804930073651264,-0.05115407035794627,0.06480608903129823
2,MO0920100,"O'Fallon, MO",murder,-0.135445940382076,-0.12595699936896973,0.0648089934922773
3,MO0920100,"O'Fallon, MO",murder,-0.13355723675023795,-0.13015231781931913,0.06480253035233523
4,MO0920100,"O'Fallon, MO",murder,-0.04435065372038784,-0.04555833467095666,0.06480400807473
5,MO0920100,"O'Fallon, MO",murder,0.04930096736513672,0.049458715168841344,0.06480253035233523
6,MO0920100,"O'Fallon, MO",murder,0.09738296415942169,0.09734441259741082,0.0648089934922773
7,MO0920100,"O'Fallon, MO",murder,0.11118341410659602,0.10589388709134889,0.06480608903129821
8,MO0920100,"O'Fallon, MO",murder,0.09275342812753531,0.08487482767226716,0.0648089934922773
9,MO0920100,"O'Fallon, MO",murder,0.0384862404627525,0.03433032938921394,0.06480253035233523
10,MO0920100,"O'Fallon, MO",murder,-0.00802783031255692,-0.009181482062445975,0.06480400807473
11,MO0920100,"O'Fallon, MO",murder,-0.006608455110596065,-0.008376543472138802,0.06480253035233523
12,MO0920100,"O'Fallon, MO",murder,-0.0023119678719362097,-0.0015224241673055991,0.0648089934922773
1,MO0920300,"St Charles, MO",murder,-0.058804930073651264,-0.051665892312008695,0.06454825568572753
2,MO0920300,"St Charles, MO",murder,-0.135445940382076,-0.1450856850844481,0.06459323347478395
3,MO0920300,"St Charles, MO",murder,-0.13355723675023795,-0.13896096992643422,0.06456441123217165
4,MO0920300,"St Charles, MO",murder,-0.04435065372038784,-0.043002939639741444,0.0645422951140424
5,MO0920300,"St Charles, MO",murder,0.04930096736513672,0.04514268079963587,0.06456441123217165
6,MO0920300,"St Charles, MO",murder,0.09738296415942169,0.08791055412267829,0.06459323347478395
7,MO0920300,"St Charles, MO",murder,0.11118341410659602,0.10444100848106284,0.06454825568572752
8,MO0920300,"St Charles, MO",murder,0.09275342812753531,0.08493447822934042,0.06459323347478395
9,MO0920300,"St Charles, MO",murder,0.0384862404627525,0.02603464690227235,0.06456441123217166
10,MO0920300,"St Charles, MO",murder,-0.00802783031255692,-0.009772176529312724,0.0645422951140424
11,MO0920300,"St Charles, MO",murder,-0.006608455110596065,0.015008526055471805,0.06456441123217165
12,MO0920300,"St Charles, MO",murder,-0.0023119678719362097,0.025015768901483625,0.06459323347478395
1,MO0920400,"St Peters, MO",murder,-0.058804930073651264,-0.05306129080081982,0.06483671331513734
2,MO0920400,"St Peters, MO",murder,-0.135445940382076,-0.13627663779058288,0.06483510080359091
3,MO0920400,"St Peters, MO",murder,-0.13355723675023795,-0.13719905906621868,0.06485039888806131
4,MO0920400,"St Peters, MO",murder,-0.04435065372038784,-0.03805302218305352,0.06483530414763258
5,MO0920400,"St Peters, MO",murder,0.04930096736513672,0.06266375611280206,0.06485039888806132
6,MO0920400,"St Peters, MO",murder,0.09738296415942169,0.10129524802209793,0.06483510080359091
7,MO0920400,"St Peters, MO",murder,0.11118341410659602,0.102269617195759,0.06483671331513732
8,MO0920400,"St Peters, MO",murder,0.09275342812753531,0.0839833330529204,0.06483510080359091
9,MO0920400,"St Peters, MO",murder,0.0384862404627525,0.03569742793361698,0.06485039888806132
10,MO0920400,"St Peters, MO",murder,-0.00802783031255692,-0.011155304211885661,0.06483530414763258
11,MO0920400,"St Peters, MO",murder,-0.006608455110596065,-0.010370451375139596,0.06485039888806131
12,MO0920400,"St Peters, MO",murder,-0.0023119678719362097,2.063831105037761e-4,0.0648351008035909
1,MO0950000,"St Louis, MO",murder,-0.058804930073651264,-0.06727812812591732,0.05894137469130688
2,MO0950000,"St Louis, MO",murder,-0.135445940382076,-0.14814083972747466,0.05916712907627072
3,MO0950000,"St Louis, MO",murder,-0.13355723675023795,-0.1430301083112502,0.05921648192983485
4,MO0950000,"St Louis, MO",murder,-0.04435065372038784,-0.0445479837653854,0.059070357274930624
5,MO0950000,"St Louis, MO",murder,0.04930096736513672,0.07522426808624397,0.059216481929834856
6,MO0950000,"St Louis, MO",murder,0.09738296415942169,0.14603724144308378,0.05916712907627072
7,MO0950000,"St Louis, MO",murder,0.11118341410659602,0.13897696168530083,0.05894137469130687
8,MO0950000,"St Louis, MO",murder,0.09275342812753531,0.06784815820913741,0.05916712907627072
9,MO0950000,"St Louis, MO",murder,0.0384862404627525,-0.008961406766470534,0.059216481929834856
10,MO0950000,"St Louis, MO",murder,-0.00802783031255692,-0.02715084979399811,0.059070357274930624
11,MO0950000,"St Louis, MO",murder,-0.006608455110596065,0.0050684134320932665,0.05921648192983485
12,MO0950000,"St Louis, MO",murder,-0.0023119678719362097,0.005954273634637016,0.05916712907627072
1,MOKPD0000,"Kansas City, MO",murder,-0.058804930073651264,-0.1034827727644913,0.04968038000455246
2,MOKPD0000,"Kansas City, MO",murder,-0.135445940382076,-0.1525168672709695,0.04973095937885101
3,MOKPD0000,"Kansas City, MO",murder,-0.13355723675023795,-0.10199005118408543,0.04975929881900588
4,MOKPD0000,"Kansas City, MO",murder,-0.04435065372038784,-1.380548079872911e-4,0.04973985548422785
5,MOKPD0000,"Kansas City, MO",murder,0.04930096736513672,0.07355879978644747,0.049759298819005884
6,MOKPD0000,"Kansas City, MO",murder,0.09738296415942169,0.12610580956302758,0.04973095937885101
7,MOKPD0000,"Kansas City, MO",murder,0.11118341410659602,0.16511020186184572,0.04968038000455245
8,MOKPD0000,"Kansas City, MO",murder,0.09275342812753531,0.13081126700850965,0.04973095937885101
9,MOKPD0000,"Kansas City, MO",murder,0.0384862404627525,0.018657021824271175,0.04975929881900589
10,MOKPD0000,"Kansas City, MO",murder,-0.00802783031255692,-0.061489374289367134,0.04973985548422785
11,MOKPD0000,"Kansas City, MO",murder,-0.006608455110596065,-0.05185319952398766,0.04975929881900588
12,MOKPD0000,"Kansas City, MO",murder,-0.0023119678719362097,-0.042772780203213255,0.04973095937885101
1,MOSPD0000,"St Louis, MO",murder,-0.058804930073651264,-0.06509848040413826,0.04893709518228702
2,MOSPD0000,"St Louis, MO",murder,-0.135445940382076,-0.24872933876972966,0.04903168140130915
3,MOSPD0000,"St Louis, MO",murder,-0.13355723675023795,-0.24867637698649814,0.04874732572418902
4,MOSPD0000,"St Louis, MO",murder,-0.04435065372038784,-0.028913490095034747,0.04837811591070428
5,MOSPD0000,"St Louis, MO",murder,0.04930096736513672,0.14409715096761957,0.048747325724189036
6,MOSPD0000,"St Louis, MO",murder,0.09738296415942169,0.1533884138876385,0.04903168140130915
7,MOSPD0000,"St Louis, MO",murder,0.11118341410659602,0.14151019259567083,0.04893709518228701
8,MOSPD0000,"St Louis, MO",murder,0.09275342812753531,0.15428568984474905,0.04903168140130915
9,MOSPD0000,"St Louis, MO",murder,0.0384862404627525,0.07782101586998501,0.048747325724189036
10,MOSPD0000,"St Louis, MO",murder,-0.00802783031255692,-0.04749822209649781,0.04837811591070428
11,MOSPD0000,"St Louis, MO",murder,-0.006608455110596065,-0.049653502042639026,0.04874732572418903
12,MOSPD0000,"St Louis, MO",murder,-0.0023119678719362097,0.017466947228874673,0.04903168140130915
1,MS0170100,"Southaven, MS",murder,-0.058804930073651264,-0.0505513265886005,0.06453867692442193
2,MS0170100,"Southaven, MS",murder,-0.135445940382076,-0.11562480316344984,0.06460652595126147
3,MS0170100,"Southaven, MS",murder,-0.13355723675023795,-0.13275212107612594,0.06456107839715544
4,MS0170100,"Southaven, MS",murder,-0.04435065372038784,-0.06217557344843683,0.06459573905775648
5,MS0170100,"Southaven, MS",murder,0.04930096736513672,0.039363185880332066,0.06456107839715546
6,MS0170100,"Southaven, MS",murder,0.09738296415942169,0.10008294844355492,0.06460652595126147
7,MS0170100,"Southaven, MS",murder,0.11118341410659602,0.1102777247595274,0.06453867692442192
8,MS0170100,"Southaven, MS",murder,0.09275342812753531,0.08992843364428936,0.06460652595126147
9,MS0170100,"Southaven, MS",murder,0.0384862404627525,0.047329353386038546,0.06456107839715546
10,MS0170100,"Southaven, MS",murder,-0.00802783031255692,0.002449175277509923,0.06459573905775648
11,MS0170100,"Southaven, MS",murder,-0.006608455110596065,-0.0136668163611716,0.06456107839715544
12,MS0170100,"Southaven, MS",murder,-0.0023119678719362097,-0.014660180753467507,0.06460652595126147
1,MT0070100,"Great Falls, MT",murder,-0.058804930073651264,-0.05987401348674484,0.06459288332181308
2,MT0070100,"Great Falls, MT",murder,-0.135445940382076,-0.14407121838237202,0.06462570694449193
3,MT0070100,"Great Falls, MT",murder,-0.13355723675023795,-0.132209605995376,0.06464745162967796
4,MT0070100,"Great Falls, MT",murder,-0.04435065372038784,-0.023220234787043045,0.06464746329906047
5,MT0070100,"Great Falls, MT",murder,0.04930096736513672,0.07292645916361884,0.06464745162967797
6,MT0070100,"Great Falls, MT",murder,0.09738296415942169,0.10263958750224897,0.06462570694449193
7,MT0070100,"Great Falls, MT",murder,0.11118341410659602,0.10033383331848988,0.06459288332181307
8,MT0070100,"Great Falls, MT",murder,0.09275342812753531,0.07964615904822309,0.06462570694449193
9,MT0070100,"Great Falls, MT",murder,0.0384862404627525,0.027324726829482015,0.06464745162967797
10,MT0070100,"Great Falls, MT",murder,-0.00802783031255692,-0.017239585044702,0.06464746329906047
11,MT0070100,"Great Falls, MT",murder,-0.006608455110596065,-0.008501399829469921,0.06464745162967796
12,MT0070100,"Great Falls, MT",murder,-0.0023119678719362097,0.0022452916636450425,0.06462570694449193
1,MT0160100,"Bozeman, MT",murder,-0.058804930073651264,-0.06315623225883299,0.06475015696588585
2,MT0160100,"Bozeman, MT",murder,-0.135445940382076,-0.1367747290791693,0.06474945160788245
3,MT0160100,"Bozeman, MT",murder,-0.13355723675023795,-0.1314119418632797,0.06475640802689127
4,MT0160100,"Bozeman, MT",murder,-0.04435065372038784,-0.04516211139558738,0.0647466472647784
5,MT0160100,"Bozeman, MT",murder,0.04930096736513672,0.047403559553359134,0.06475640802689128
6,MT0160100,"Bozeman, MT",murder,0.09738296415942169,0.10005571356139957,0.06474945160788245
7,MT0160100,"Bozeman, MT",murder,0.11118341410659602,0.11359958379293025,0.06475015696588583
8,MT0160100,"Bozeman, MT",murder,0.09275342812753531,0.0873690136880575,0.06474945160788245
9,MT0160100,"Bozeman, MT",murder,0.0384862404627525,0.031562874938070626,0.06475640802689128
10,MT0160100,"Bozeman, MT",murder,-0.00802783031255692,-0.005281240138509887,0.0647466472647784
11,MT0160100,"Bozeman, MT",murder,-0.006608455110596065,0.002002155837752635,0.06475640802689127
12,MT0160100,"Bozeman, MT",murder,-0.0023119678719362097,-2.066466361904676e-4,0.06474945160788245
1,MT0320100,"Missoula, MT",murder,-0.058804930073651264,-0.06972058533782524,0.06463803217981154
2,MT0320100,"Missoula, MT",murder,-0.135445940382076,-0.1385978211967228,0.06462072097809671
3,MT0320100,"Missoula, MT",murder,-0.13355723675023795,-0.12905254547368047,0.06464972176076562
4,MT0320100,"Missoula, MT",murder,-0.04435065372038784,-0.04786902780870577,0.0646407199247758
5,MT0320100,"Missoula, MT",murder,0.04930096736513672,0.03771250966434019,0.06464972176076562
6,MT0320100,"Missoula, MT",murder,0.09738296415942169,0.09196729588929564,0.06462072097809671
7,MT0320100,"Missoula, MT",murder,0.11118341410659602,0.11298807906464331,0.06463803217981152
8,MT0320100,"Missoula, MT",murder,0.09275342812753531,0.09209862265542523,0.06462072097809671
9,MT0320100,"Missoula, MT",murder,0.0384862404627525,0.03928585320556483,0.06464972176076562
10,MT0320100,"Missoula, MT",murder,-0.00802783031255692,0.004601534081887689,0.0646407199247758
11,MT0320100,"Missoula, MT",murder,-0.006608455110596065,0.008786688876957348,0.06464972176076562
12,MT0320100,"Missoula, MT",murder,-0.0023119678719362097,-0.0022006036211799467,0.06462072097809671
1,MT0560100,"Billings, MT",murder,-0.058804930073651264,-0.06992105868903797,0.06350892623508998
2,MT0560100,"Billings, MT",murder,-0.135445940382076,-0.16245427472668586,0.06357497694810693
3,MT0560100,"Billings, MT",murder,-0.13355723675023795,-0.1436733134533417,0.06357635037564936
4,MT0560100,"Billings, MT",murder,-0.04435065372038784,-0.03555822668884316,0.06356071859624059
5,MT0560100,"Billings, MT",murder,0.04930096736513672,0.0548054389302957,0.06357635037564936
6,MT0560100,"Billings, MT",murder,0.09738296415942169,0.09047417420496323,0.06357497694810693
7,MT0560100,"Billings, MT",murder,0.11118341410659602,0.09950130045154362,0.06350892623508997
8,MT0560100,"Billings, MT",murder,0.09275342812753531,0.081371524518477,0.06357497694810693
9,MT0560100,"Billings, MT",murder,0.0384862404627525,0.033010321482627156,0.06357635037564936
10,MT0560100,"Billings, MT",murder,-0.00802783031255692,0.005977984926337503,0.06356071859624059
11,MT0560100,"Billings, MT",murder,-0.006608455110596065,0.026277311277913128,0.06357635037564936
12,MT0560100,"Billings, MT",murder,-0.0023119678719362097,0.02018881776575134,0.06357497694810693
1,NB0280000,"Douglas, NE",murder,-0.058804930073651264,-0.06135698020836607,0.06472086021140304
2,NB0280000,"Douglas, NE",murder,-0.135445940382076,-0.12974625041455823,0.064717976557267
3,NB0280000,"Douglas, NE",murder,-0.13355723675023795,-0.12804164190093514,0.06472360384392481
4,NB0280000,"Douglas, NE",murder,-0.04435065372038784,-0.04793613667643822,0.06472256396576552
5,NB0280000,"Douglas, NE",murder,0.04930096736513672,0.04467452266597843,0.06472360384392482
6,NB0280000,"Douglas, NE",murder,0.09738296415942169,0.10272037929403327,0.064717976557267
7,NB0280000,"Douglas, NE",murder,0.11118341410659602,0.12009044925156084,0.06472086021140303
8,NB0280000,"Douglas, NE",murder,0.09275342812753531,0.09288750004974075,0.064717976557267
9,NB0280000,"Douglas, NE",murder,0.0384862404627525,0.0324494224929229,0.06472360384392482
10,NB0280000,"Douglas, NE",murder,-0.00802783031255692,-0.010797332366756554,0.06472256396576552
11,NB0280000,"Douglas, NE",murder,-0.006608455110596065,-0.007815772301160985,0.06472360384392481
12,NB0280000,"Douglas, NE",murder,-0.0023119678719362097,-0.007128159886020986,0.064717976557267
1,NB0280200,"Omaha, NE",murder,-0.058804930073651264,-0.07910864611719928,0.06038458944239862
2,NB0280200,"Omaha, NE",murder,-0.135445940382076,-0.17224642887167577,0.06046811612357725
3,NB0280200,"Omaha, NE",murder,-0.13355723675023795,-0.16686002079540646,0.06057436751290746
4,NB0280200,"Omaha, NE",murder,-0.04435065372038784,-0.07355041027286119,0.06039376050703222
5,NB0280200,"Omaha, NE",murder,0.04930096736513672,0.04112954065660465,0.060574367512907464
6,NB0280200,"Omaha, NE",murder,0.09738296415942169,0.12924553183329182,0.06046811612357725
7,NB0280200,"Omaha, NE",murder,0.11118341410659602,0.15470411514815044,0.06038458944239861
8,NB0280200,"Omaha, NE",murder,0.09275342812753531,0.10021972160530411,0.06046811612357725
9,NB0280200,"Omaha, NE",murder,0.0384862404627525,0.0192378444980836,0.06057436751290747
10,NB0280200,"Omaha, NE",murder,-0.00802783031255692,-0.0020450587580899933,0.06039376050703222
11,NB0280200,"Omaha, NE",murder,-0.006608455110596065,0.030897166609766994,0.06057436751290746
12,NB0280200,"Omaha, NE",murder,-0.0023119678719362097,0.018376644464031103,0.06046811612357725
1,NB0400100,"Grand Island, NE",murder,-0.058804930073651264,-0.06193990895290378,0.06478973313986446
2,NB0400100,"Grand Island, NE",murder,-0.135445940382076,-0.1330646308598077,0.06479273379212543
3,NB0400100,"Grand Island, NE",murder,-0.13355723675023795,-0.12530432004072317,0.06480372688893504
4,NB0400100,"Grand Island, NE",murder,-0.04435065372038784,-0.037311288822896235,0.06480418030703768
5,NB0400100,"Grand Island, NE",murder,0.04930096736513672,0.05251747131011337,0.06480372688893504
6,NB0400100,"Grand Island, NE",murder,0.09738296415942169,0.10011193667536444,0.06479273379212543
7,NB0400100,"Grand Island, NE",murder,0.11118341410659602,0.11246986699074243,0.06478973313986444
8,NB0400100,"Grand Island, NE",murder,0.09275342812753531,0.08778519646232351,0.06479273379212543
9,NB0400100,"Grand Island, NE",murder,0.0384862404627525,0.029494927605400324,0.06480372688893506
10,NB0400100,"Grand Island, NE",murder,-0.00802783031255692,-0.013218669214942433,0.06480418030703768
11,NB0400100,"Grand Island, NE",murder,-0.006608455110596065,-0.007238036912629206,0.06480372688893504
12,NB0400100,"Grand Island, NE",murder,-0.0023119678719362097,-0.004302544240041561,0.06479273379212543
1,NB0550100,"Lincoln, NE",murder,-0.058804930073651264,-0.06560254107706345,0.06377782009116213
2,NB0550100,"Lincoln, NE",murder,-0.135445940382076,-0.1344980031362131,0.06378186279826689
3,NB0550100,"Lincoln, NE",murder,-0.13355723675023795,-0.1328640666683253,0.0637753342378871
4,NB0550100,"Lincoln, NE",murder,-0.04435065372038784,-0.03934767426503962,0.06377478080538058
5,NB0550100,"Lincoln, NE",murder,0.04930096736513672,0.05983806287245984,0.06377533423788712
6,NB0550100,"Lincoln, NE",murder,0.09738296415942169,0.10158196530992841,0.06378186279826689
7,NB0550100,"Lincoln, NE",murder,0.11118341410659602,0.10623732308403007,0.06377782009116213
8,NB0550100,"Lincoln, NE",murder,0.09275342812753531,0.09421781561449005,0.06378186279826689
9,NB0550100,"Lincoln, NE",murder,0.0384862404627525,0.05194909713963559,0.06377533423788712
10,NB0550100,"Lincoln, NE",murder,-0.00802783031255692,-0.0012871077419270033,0.06377478080538058
11,NB0550100,"Lincoln, NE",murder,-0.006608455110596065,-0.01955787535073681,0.0637753342378871
12,NB0550100,"Lincoln, NE",murder,-0.0023119678719362097,-0.0206669957812387,0.06378186279826688
1,NB0770000,"Sarpy, NE",murder,-0.058804930073651264,-0.05923385434277634,0.06489475100429343
2,NB0770000,"Sarpy, NE",murder,-0.135445940382076,-0.1380007960511672,0.06489689239354873
3,NB0770000,"Sarpy, NE",murder,-0.13355723675023795,-0.13705462080847167,0.06489782262903299
4,NB0770000,"Sarpy, NE",murder,-0.04435065372038784,-0.0471335382621231,0.06489820326590909
5,NB0770000,"Sarpy, NE",murder,0.04930096736513672,0.04837423727509985,0.064897822629033
6,NB0770000,"Sarpy, NE",murder,0.09738296415942169,0.09826490596728131,0.06489689239354873
7,NB0770000,"Sarpy, NE",murder,0.11118341410659602,0.11277102171901338,0.06489475100429341
8,NB0770000,"Sarpy, NE",murder,0.09275342812753531,0.09402228773276913,0.06489689239354873
9,NB0770000,"Sarpy, NE",murder,0.0384862404627525,0.03953894511383654,0.064897822629033
10,NB0770000,"Sarpy, NE",murder,-0.00802783031255692,-0.006403629114113948,0.06489820326590909
11,NB0770000,"Sarpy, NE",murder,-0.006608455110596065,-0.004395728956701814,0.06489782262903299
12,NB0770000,"Sarpy, NE",murder,-0.0023119678719362097,-7.492302726461572e-4,0.06489689239354873
1,NB0770100,"Bellevue, NE",murder,-0.058804930073651264,-0.05467365721563729,0.06460043245223475
2,NB0770100,"Bellevue, NE",murder,-0.135445940382076,-0.14487999203926555,0.06466593401073593
3,NB0770100,"Bellevue, NE",murder,-0.13355723675023795,-0.14109773607861614,0.06465243771394097
4,NB0770100,"Bellevue, NE",murder,-0.04435065372038784,-0.04231172418677096,0.06458057075738974
5,NB0770100,"Bellevue, NE",murder,0.04930096736513672,0.05608405839646203,0.06465243771394097
6,NB0770100,"Bellevue, NE",murder,0.09738296415942169,0.09960084989774053,0.06466593401073593
7,NB0770100,"Bellevue, NE",murder,0.11118341410659602,0.10206222202389678,0.06460043245223474
8,NB0770100,"Bellevue, NE",murder,0.09275342812753531,0.07358692482428345,0.06466593401073593
9,NB0770100,"Bellevue, NE",murder,0.0384862404627525,0.02241610405537452,0.06465243771394098
10,NB0770100,"Bellevue, NE",murder,-0.00802783031255692,-0.0050768406214885325,0.06458057075738974
11,NB0770100,"Bellevue, NE",murder,-0.006608455110596065,0.015209008818520048,0.06465243771394097
12,NB0770100,"Bellevue, NE",murder,-0.0023119678719362097,0.019080782125501114,0.06466593401073593
1,NC0010100,"Burlington, NC",murder,-0.058804930073651264,-0.06899763070097155,0.06422266606089938
2,NC0010100,"Burlington, NC",murder,-0.135445940382076,-0.14915096490529925,0.06421423154959076
3,NC0010100,"Burlington, NC",murder,-0.13355723675023795,-0.1285628884874151,0.06419287569483606
4,NC0010100,"Burlington, NC",murder,-0.04435065372038784,-0.02491511282118688,0.06424768893683247
5,NC0010100,"Burlington, NC",murder,0.04930096736513672,0.05759428596831218,0.06419287569483607
6,NC0010100,"Burlington, NC",murder,0.09738296415942169,0.08668104507761402,0.06421423154959076
7,NC0010100,"Burlington, NC",murder,0.11118341410659602,0.09801496044194989,0.06422266606089938
8,NC0010100,"Burlington, NC",murder,0.09275342812753531,0.08811397478702004,0.06421423154959076
9,NC0010100,"Burlington, NC",murder,0.0384862404627525,0.03850856862815753,0.06419287569483607
10,NC0010100,"Burlington, NC",murder,-0.00802783031255692,-0.004102216919791473,0.06424768893683247
11,NC0010100,"Burlington, NC",murder,-0.006608455110596065,0.0034427041499669854,0.06419287569483606
12,NC0010100,"Burlington, NC",murder,-0.0023119678719362097,0.0033732747816435675,0.06421423154959074
1,NC0110000,"Buncombe, NC",murder,-0.058804930073651264,-0.057419849082584504,0.06445946029835654
2,NC0110000,"Buncombe, NC",murder,-0.135445940382076,-0.12741978373854854,0.06444386556236603
3,NC0110000,"Buncombe, NC",murder,-0.13355723675023795,-0.12651014717594766,0.06446400198635394
4,NC0110000,"Buncombe, NC",murder,-0.04435065372038784,-0.053525847393386554,0.0644451618927213
5,NC0110000,"Buncombe, NC",murder,0.04930096736513672,0.03120718054808297,0.06446400198635395
6,NC0110000,"Buncombe, NC",murder,0.09738296415942169,0.0911848939845441,0.06444386556236603
7,NC0110000,"Buncombe, NC",murder,0.11118341410659602,0.11693210026926362,0.06445946029835654
8,NC0110000,"Buncombe, NC",murder,0.09275342812753531,0.09356675675492479,0.06444386556236603
9,NC0110000,"Buncombe, NC",murder,0.0384862404627525,0.03314486900564477,0.06446400198635395
10,NC0110000,"Buncombe, NC",murder,-0.00802783031255692,-0.0059864037932925804,0.0644451618927213
11,NC0110000,"Buncombe, NC",murder,-0.006608455110596065,0.0026458464355407574,0.06446400198635394
12,NC0110000,"Buncombe, NC",murder,-0.0023119678719362097,0.002180384185758828,0.06444386556236603
1,NC0110100,"Asheville, NC",murder,-0.058804930073651264,-0.05326986089609506,0.06328262909091857
2,NC0110100,"Asheville, NC",murder,-0.135445940382076,-0.1322128097029122,0.06330248901768906
3,NC0110100,"Asheville, NC",murder,-0.13355723675023795,-0.13946413100211752,0.06331168085336573
4,NC0110100,"Asheville, NC",murder,-0.04435065372038784,-0.04910132898915528,0.06334990000870633
5,NC0110100,"Asheville, NC",murder,0.04930096736513672,0.06161264430361239,0.06331168085336575
6,NC0110100,"Asheville, NC",murder,0.09738296415942169,0.12301271489739654,0.06330248901768906
7,NC0110100,"Asheville, NC",murder,0.11118341410659602,0.1282372739200208,0.06328262909091856
8,NC0110100,"Asheville, NC",murder,0.09275342812753531,0.08844578162195832,0.06330248901768906
9,NC0110100,"Asheville, NC",murder,0.0384862404627525,0.020729689897237894,0.06331168085336575
10,NC0110100,"Asheville, NC",murder,-0.00802783031255692,-0.025866084034770476,0.06334990000870633
11,NC0110100,"Asheville, NC",murder,-0.006608455110596065,-0.017845616222658543,0.06331168085336573
12,NC0110100,"Asheville, NC",murder,-0.0023119678719362097,-0.004278273792516878,0.06330248901768906
1,NC0130100,"Concord, NC",murder,-0.058804930073651264,-0.033159834766328486,0.06422154028156304
2,NC0130100,"Concord, NC",murder,-0.135445940382076,-0.12436431914727748,0.06420139221527164
3,NC0130100,"Concord, NC",murder,-0.13355723675023795,-0.13859416122162002,0.06417926467561884
4,NC0130100,"Concord, NC",murder,-0.04435065372038784,-0.059231087670465414,0.06420380416214531
5,NC0130100,"Concord, NC",murder,0.04930096736513672,0.02866596369868408,0.06417926467561885
6,NC0130100,"Concord, NC",murder,0.09738296415942169,0.07896486417510062,0.06420139221527164
7,NC0130100,"Concord, NC",murder,0.11118341410659602,0.1056673512028497,0.06422154028156303
8,NC0130100,"Concord, NC",murder,0.09275342812753531,0.09765910674514645,0.06420139221527164
9,NC0130100,"Concord, NC",murder,0.0384862404627525,0.039381432382967776,0.06417926467561885
10,NC0130100,"Concord, NC",murder,-0.00802783031255692,-0.013276428766055812,0.06420380416214531
11,NC0130100,"Concord, NC",murder,-0.006608455110596065,-0.001960751296553079,0.06417926467561884
12,NC0130100,"Concord, NC",murder,-0.0023119678719362097,0.020247864663551652,0.06420139221527164
1,NC0130200,"Kannapolis, NC",murder,-0.058804930073651264,-0.04323744191915399,0.06446389546815319
2,NC0130200,"Kannapolis, NC",murder,-0.135445940382076,-0.12317219493261158,0.06443336464754333
3,NC0130200,"Kannapolis, NC",murder,-0.13355723675023795,-0.13521242954016802,0.0644365027405689
4,NC0130200,"Kannapolis, NC",murder,-0.04435065372038784,-0.053883239753690304,0.06448626448600683
5,NC0130200,"Kannapolis, NC",murder,0.04930096736513672,0.048174166574321484,0.06443650274056892
6,NC0130200,"Kannapolis, NC",murder,0.09738296415942169,0.1084607847611681,0.06443336464754333
7,NC0130200,"Kannapolis, NC",murder,0.11118341410659602,0.12049110706971691,0.06446389546815319
8,NC0130200,"Kannapolis, NC",murder,0.09275342812753531,0.0879176194476373,0.06443336464754333
9,NC0130200,"Kannapolis, NC",murder,0.0384862404627525,0.022704188904630815,0.06443650274056892
10,NC0130200,"Kannapolis, NC",murder,-0.00802783031255692,-0.02337042539687262,0.06448626448600683
11,NC0130200,"Kannapolis, NC",murder,-0.006608455110596065,-0.012919591089347232,0.0644365027405689
12,NC0130200,"Kannapolis, NC",murder,-0.0023119678719362097,0.004047455874369126,0.06443336464754333
1,NC0320100,"Durham, NC",murder,-0.058804930073651264,-0.07144369661032934,0.05904721085651475
2,NC0320100,"Durham, NC",murder,-0.135445940382076,-0.12898587775939602,0.058913079900462496
3,NC0320100,"Durham, NC",murder,-0.13355723675023795,-0.10999639466116873,0.05888683908511106
4,NC0320100,"Durham, NC",murder,-0.04435065372038784,-0.012899721989853516,0.059058572027961005
5,NC0320100,"Durham, NC",murder,0.04930096736513672,0.06897511222781116,0.05888683908511107
6,NC0320100,"Durham, NC",murder,0.09738296415942169,0.08275297189119471,0.058913079900462496
7,NC0320100,"Durham, NC",murder,0.11118341410659602,0.06876244970354789,0.059047210856514744
8,NC0320100,"Durham, NC",murder,0.09275342812753531,0.06267053966001632,0.0589130799004625
9,NC0320100,"Durham, NC",murder,0.0384862404627525,0.046362303468570475,0.05888683908511107
10,NC0320100,"Durham, NC",murder,-0.00802783031255692,0.015580968896634972,0.059058572027961005
11,NC0320100,"Durham, NC",murder,-0.006608455110596065,-0.002659774128431509,0.05888683908511106
12,NC0320100,"Durham, NC",murder,-0.0023119678719362097,-0.019118880698596446,0.058913079900462496
1,NC0330100,"Rocky Mount, NC",murder,-0.058804930073651264,-0.04117321191036426,0.06248653749729535
2,NC0330100,"Rocky Mount, NC",murder,-0.135445940382076,-0.10790959927854092,0.06255504841487765
3,NC0330100,"Rocky Mount, NC",murder,-0.13355723675023795,-0.13129438833783788,0.06250910199321086
4,NC0330100,"Rocky Mount, NC",murder,-0.04435065372038784,-0.07727328964974581,0.0625653248623037
5,NC0330100,"Rocky Mount, NC",murder,0.04930096736513672,0.016475893299147004,0.06250910199321087
6,NC0330100,"Rocky Mount, NC",murder,0.09738296415942169,0.08796580364242662,0.06255504841487765
7,NC0330100,"Rocky Mount, NC",murder,0.11118341410659602,0.10778359432622595,0.062486537497295346
8,NC0330100,"Rocky Mount, NC",murder,0.09275342812753531,0.08310535122523108,0.06255504841487765
9,NC0330100,"Rocky Mount, NC",murder,0.0384862404627525,0.03987975786866632,0.06250910199321087
10,NC0330100,"Rocky Mount, NC",murder,-0.00802783031255692,0.010662907233884104,0.0625653248623037
11,NC0330100,"Rocky Mount, NC",murder,-0.006608455110596065,0.008328354754162822,0.06250910199321086
12,NC0330100,"Rocky Mount, NC",murder,-0.0023119678719362097,0.0034488268267449714,0.06255504841487765
1,NC0340000,"Forsyth, NC",murder,-0.058804930073651264,-0.05281478785223759,0.06419213175894473
2,NC0340000,"Forsyth, NC",murder,-0.135445940382076,-0.1264532941897556,0.06422626931427898
3,NC0340000,"Forsyth, NC",murder,-0.13355723675023795,-0.13932202878646452,0.06423961793262989
4,NC0340000,"Forsyth, NC",murder,-0.04435065372038784,-0.06590046349070197,0.06423907092500364
5,NC0340000,"Forsyth, NC",murder,0.04930096736513672,0.029220668103128383,0.06423961793262989
6,NC0340000,"Forsyth, NC",murder,0.09738296415942169,0.09358727996128195,0.06422626931427898
7,NC0340000,"Forsyth, NC",murder,0.11118341410659602,0.12394157087590735,0.06419213175894471
8,NC0340000,"Forsyth, NC",murder,0.09275342812753531,0.11308237927352793,0.06422626931427898
9,NC0340000,"Forsyth, NC",murder,0.0384862404627525,0.054824330846567085,0.0642396179326299
10,NC0340000,"Forsyth, NC",murder,-0.00802783031255692,-0.005226319532967787,0.06423907092500364
11,NC0340000,"Forsyth, NC",murder,-0.006608455110596065,-0.015849753186900746,0.06423961793262989
12,NC0340000,"Forsyth, NC",murder,-0.0023119678719362097,-0.009089582021384487,0.06422626931427898
1,NC0360600,"Gastonia, NC",murder,-0.058804930073651264,-0.07606267349003785,0.06378327152119093
2,NC0360600,"Gastonia, NC",murder,-0.135445940382076,-0.1543697762517522,0.06381066188517787
3,NC0360600,"Gastonia, NC",murder,-0.13355723675023795,-0.12990046548383308,0.06379952516168952
4,NC0360600,"Gastonia, NC",murder,-0.04435065372038784,-0.01745540629203063,0.06383212440520843
5,NC0360600,"Gastonia, NC",murder,0.04930096736513672,0.07416026775950373,0.06379952516168952
6,NC0360600,"Gastonia, NC",murder,0.09738296415942169,0.10563625873921628,0.06381066188517787
7,NC0360600,"Gastonia, NC",murder,0.11118341410659602,0.11130756155653314,0.06378327152119091
8,NC0360600,"Gastonia, NC",murder,0.09275342812753531,0.09151598287105793,0.06381066188517787
9,NC0360600,"Gastonia, NC",murder,0.0384862404627525,0.0318017840366435,0.06379952516168953
10,NC0360600,"Gastonia, NC",murder,-0.00802783031255692,-0.01778948177446466,0.06383212440520843
11,NC0360600,"Gastonia, NC",murder,-0.006608455110596065,-0.011306474378809484,0.06379952516168952
12,NC0360600,"Gastonia, NC",murder,-0.0023119678719362097,-0.007537577292026694,0.06381066188517787
1,NC0410000,"Guilford, NC",murder,-0.058804930073651264,-0.06734355351749306,0.06417711464878656
2,NC0410000,"Guilford, NC",murder,-0.135445940382076,-0.15370534477550588,0.06419655465133599
3,NC0410000,"Guilford, NC",murder,-0.13355723675023795,-0.14202386394485106,0.06419048868440375
4,NC0410000,"Guilford, NC",murder,-0.04435065372038784,-0.039558813787850255,0.0642308502686846
5,NC0410000,"Guilford, NC",murder,0.04930096736513672,0.04908260657331713,0.06419048868440376
6,NC0410000,"Guilford, NC",murder,0.09738296415942169,0.08595226966842996,0.06419655465133599
7,NC0410000,"Guilford, NC",murder,0.11118341410659602,0.10588808364623908,0.06417711464878655
8,NC0410000,"Guilford, NC",murder,0.09275342812753531,0.10363671651537662,0.06419655465133599
9,NC0410000,"Guilford, NC",murder,0.0384862404627525,0.05341070555597578,0.06419048868440376
10,NC0410000,"Guilford, NC",murder,-0.00802783031255692,0.0010142836591042251,0.0642308502686846
11,NC0410000,"Guilford, NC",murder,-0.006608455110596065,9.860216868120835e-4,0.06419048868440375
12,NC0410000,"Guilford, NC",murder,-0.0023119678719362097,0.002660888720445354,0.06419655465133597
1,NC0410300,"High Point, NC",murder,-0.058804930073651264,-0.04532652128432482,0.06229232883264433
2,NC0410300,"High Point, NC",murder,-0.135445940382076,-0.13464029932170893,0.062323738866794265
3,NC0410300,"High Point, NC",murder,-0.13355723675023795,-0.13772783182981718,0.06230296375808173
4,NC0410300,"High Point, NC",murder,-0.04435065372038784,-0.046109628909786156,0.06237541516476022
5,NC0410300,"High Point, NC",murder,0.04930096736513672,0.04379346984815316,0.062302963758081746
6,NC0410300,"High Point, NC",murder,0.09738296415942169,0.09233530086302896,0.062323738866794265
7,NC0410300,"High Point, NC",murder,0.11118341410659602,0.12230159175552334,0.062292328832644316
8,NC0410300,"High Point, NC",murder,0.09275342812753531,0.11304476870200697,0.062323738866794265
9,NC0410300,"High Point, NC",murder,0.0384862404627525,0.03915723073891672,0.062302963758081746
10,NC0410300,"High Point, NC",murder,-0.00802783031255692,-0.03086544156141237,0.06237541516476022
11,NC0410300,"High Point, NC",murder,-0.006608455110596065,-0.022197939228451237,0.06230296375808174
12,NC0410300,"High Point, NC",murder,-0.0023119678719362097,0.006235300227871528,0.06232373886679426
1,NC0490000,"Iredell, NC",murder,-0.058804930073651264,-0.04839336038052411,0.06454685555713847
2,NC0490000,"Iredell, NC",murder,-0.135445940382076,-0.12647782764696391,0.06454039684522221
3,NC0490000,"Iredell, NC",murder,-0.13355723675023795,-0.13667440318474536,0.06453250288120838
4,NC0490000,"Iredell, NC",murder,-0.04435065372038784,-0.05668794043273488,0.06455748458725438
5,NC0490000,"Iredell, NC",murder,0.04930096736513672,0.04432949813388203,0.06453250288120838
6,NC0490000,"Iredell, NC",murder,0.09738296415942169,0.1052679662571391,0.06454039684522221
7,NC0490000,"Iredell, NC",murder,0.11118341410659602,0.11767905708549865,0.06454685555713847
8,NC0490000,"Iredell, NC",murder,0.09275342812753531,0.08691930891396893,0.06454039684522221
9,NC0490000,"Iredell, NC",murder,0.0384862404627525,0.027830187746775818,0.06453250288120839
10,NC0490000,"Iredell, NC",murder,-0.00802783031255692,-0.012597756272239668,0.06455748458725438
11,NC0490000,"Iredell, NC",murder,-0.006608455110596065,-0.004770979400887063,0.06453250288120838
12,NC0490000,"Iredell, NC",murder,-0.0023119678719362097,0.003576249180830468,0.06454039684522221
1,NC0490100,"Mooresville, NC",murder,-0.058804930073651264,-0.05449530155719165,0.06487366489300839
2,NC0490100,"Mooresville, NC",murder,-0.135445940382076,-0.1393338183895847,0.06487600375959998
3,NC0490100,"Mooresville, NC",murder,-0.13355723675023795,-0.13734713960787667,0.0648755052231282
4,NC0490100,"Mooresville, NC",murder,-0.04435065372038784,-0.040114420531001935,0.06487630318108144
5,NC0490100,"Mooresville, NC",murder,0.04930096736513672,0.05301723806871148,0.0648755052231282
6,NC0490100,"Mooresville, NC",murder,0.09738296415942169,0.09256298759353854,0.06487600375959998
7,NC0490100,"Mooresville, NC",murder,0.11118341410659602,0.10657912417703393,0.06487366489300837
8,NC0490100,"Mooresville, NC",murder,0.09275342812753531,0.09677632902174198,0.06487600375959998
9,NC0490100,"Mooresville, NC",murder,0.0384862404627525,0.04270582762019167,0.06487550522312821
10,NC0490100,"Mooresville, NC",murder,-0.00802783031255692,-0.011969402088840349,0.06487630318108144
11,NC0490100,"Mooresville, NC",murder,-0.006608455110596065,-0.010459748700868809,0.0648755052231282
12,NC0490100,"Mooresville, NC",murder,-0.0023119678719362097,0.0020783243941464866,0.06487600375959998
1,NC0510000,"Johnston, NC",murder,-0.058804930073651264,-0.0767926999584908,0.06434741950993828
2,NC0510000,"Johnston, NC",murder,-0.135445940382076,-0.11589908259016819,0.06423117892165112
3,NC0510000,"Johnston, NC",murder,-0.13355723675023795,-0.09903423757764052,0.0643789892527669
4,NC0510000,"Johnston, NC",murder,-0.04435065372038784,-0.05104539632297464,0.06418218622505752
5,NC0510000,"Johnston, NC",murder,0.04930096736513672,0.010114004353958362,0.06437898925276692
6,NC0510000,"Johnston, NC",murder,0.09738296415942169,0.07859267050040386,0.06423117892165112
7,NC0510000,"Johnston, NC",murder,0.11118341410659602,0.1167275156227782,0.06434741950993828
8,NC0510000,"Johnston, NC",murder,0.09275342812753531,0.08914686367027647,0.06423117892165112
9,NC0510000,"Johnston, NC",murder,0.0384862404627525,0.03234720299346139,0.06437898925276692
10,NC0510000,"Johnston, NC",murder,-0.00802783031255692,0.01111058065868724,0.06418218622505752
11,NC0510000,"Johnston, NC",murder,-0.006608455110596065,0.016638214565933337,0.0643789892527669
12,NC0510000,"Johnston, NC",murder,-0.0023119678719362097,-0.011905635916224674,0.06423117892165112
1,NC0600100,"Charlotte, NC",murder,-0.058804930073651264,-0.07968609990087477,0.053243442603699974
2,NC0600100,"Charlotte, NC",murder,-0.135445940382076,-0.11528588750944319,0.05334408571247264
3,NC0600100,"Charlotte, NC",murder,-0.13355723675023795,-0.10673565716444519,0.053363784437230874
4,NC0600100,"Charlotte, NC",murder,-0.04435065372038784,-0.05326482088285814,0.053282441142468426
5,NC0600100,"Charlotte, NC",murder,0.04930096736513672,0.04264855688556671,0.05336378443723088
6,NC0600100,"Charlotte, NC",murder,0.09738296415942169,0.12292006291750429,0.05334408571247264
7,NC0600100,"Charlotte, NC",murder,0.11118341410659602,0.11276207580295652,0.05324344260369996
8,NC0600100,"Charlotte, NC",murder,0.09275342812753531,0.035174273657803005,0.05334408571247264
9,NC0600100,"Charlotte, NC",murder,0.0384862404627525,-0.0064519325892767624,0.05336378443723089
10,NC0600100,"Charlotte, NC",murder,-0.00802783031255692,0.020188844980776385,0.053282441142468426
11,NC0600100,"Charlotte, NC",murder,-0.006608455110596065,0.03746305696607345,0.053363784437230874
12,NC0600100,"Charlotte, NC",murder,-0.0023119678719362097,-0.009732473163782292,0.05334408571247264
1,NC0600600,"Huntersville, NC",murder,-0.058804930073651264,-0.06314153503850543,0.06458521861818631
2,NC0600600,"Huntersville, NC",murder,-0.135445940382076,-0.13663563577955964,0.06458175927268595
3,NC0600600,"Huntersville, NC",murder,-0.13355723675023795,-0.12782052185105072,0.06458235175756272
4,NC0600600,"Huntersville, NC",murder,-0.04435065372038784,-0.03481791932633737,0.06459454290411655
5,NC0600600,"Huntersville, NC",murder,0.04930096736513672,0.05564435104399527,0.06458235175756273
6,NC0600600,"Huntersville, NC",murder,0.09738296415942169,0.09606995330490226,0.06458175927268595
7,NC0600600,"Huntersville, NC",murder,0.11118341410659602,0.10360668760201472,0.0645852186181863
8,NC0600600,"Huntersville, NC",murder,0.09275342812753531,0.08468086192442466,0.06458175927268595
9,NC0600600,"Huntersville, NC",murder,0.0384862404627525,0.0354005954324064,0.06458235175756273
10,NC0600600,"Huntersville, NC",murder,-0.00802783031255692,-0.005647233237171935,0.06459454290411655
11,NC0600600,"Huntersville, NC",murder,-0.006608455110596065,-0.0036895771888602893,0.06458235175756272
12,NC0600600,"Huntersville, NC",murder,-0.0023119678719362097,-0.0036500268862579214,0.06458175927268595
1,NC0650000,"New Hanover, NC",murder,-0.058804930073651264,-0.07286605553906014,0.06440843257741487
2,NC0650000,"New Hanover, NC",murder,-0.135445940382076,-0.13594242316552485,0.06431891336062397
3,NC0650000,"New Hanover, NC",murder,-0.13355723675023795,-0.12250884909860299,0.06442628575049895
4,NC0650000,"New Hanover, NC",murder,-0.04435065372038784,-0.05085388412365067,0.06430920320107687
5,NC0650000,"New Hanover, NC",murder,0.04930096736513672,0.032385692869238,0.06442628575049897
6,NC0650000,"New Hanover, NC",murder,0.09738296415942169,0.09922670288807553,0.06431891336062397
7,NC0650000,"New Hanover, NC",murder,0.11118341410659602,0.1211534061443364,0.06440843257741485
8,NC0650000,"New Hanover, NC",murder,0.09275342812753531,0.08029536476328657,0.06431891336062397
9,NC0650000,"New Hanover, NC",murder,0.0384862404627525,0.01857444009108844,0.06442628575049897
10,NC0650000,"New Hanover, NC",murder,-0.00802783031255692,0.0025665335183744,0.06430920320107687
11,NC0650000,"New Hanover, NC",murder,-0.006608455110596065,0.023261365533000254,0.06442628575049895
12,NC0650000,"New Hanover, NC",murder,-0.0023119678719362097,0.004707706119439081,0.06431891336062397
1,NC0650200,"Wilmington, NC",murder,-0.058804930073651264,-0.07012568548642488,0.06266022099355806
2,NC0650200,"Wilmington, NC",murder,-0.135445940382076,-0.15151832200836443,0.06271622200575369
3,NC0650200,"Wilmington, NC",murder,-0.13355723675023795,-0.11674156082924105,0.06268043478015423
4,NC0650200,"Wilmington, NC",murder,-0.04435065372038784,-0.003096010961407852,0.06279103288704163
5,NC0650200,"Wilmington, NC",murder,0.04930096736513672,0.0703148111775679,0.06268043478015424
6,NC0650200,"Wilmington, NC",murder,0.09738296415942169,0.08567018991370004,0.06271622200575369
7,NC0650200,"Wilmington, NC",murder,0.11118341410659602,0.0930020627075799,0.06266022099355804
8,NC0650200,"Wilmington, NC",murder,0.09275342812753531,0.08012287012172427,0.06271622200575369
9,NC0650200,"Wilmington, NC",murder,0.0384862404627525,0.022469731721445844,0.06268043478015424
10,NC0650200,"Wilmington, NC",murder,-0.00802783031255692,-0.019780366259747176,0.06279103288704163
11,NC0650200,"Wilmington, NC",murder,-0.006608455110596065,0.0010806407090722422,0.06268043478015423
12,NC0650200,"Wilmington, NC",murder,-0.0023119678719362097,0.008601639194095196,0.06271622200575368
1,NC0670000,"Onslow, NC",murder,-0.058804930073651264,-0.054629589616650404,0.06410051831028607
2,NC0670000,"Onslow, NC",murder,-0.135445940382076,-0.13448483292642177,0.06413180189375174
3,NC0670000,"Onslow, NC",murder,-0.13355723675023795,-0.1379929403172234,0.06414074122921788
4,NC0670000,"Onslow, NC",murder,-0.04435065372038784,-0.049619810940967915,0.06411833405853108
5,NC0670000,"Onslow, NC",murder,0.04930096736513672,0.04163851158446473,0.0641407412292179
6,NC0670000,"Onslow, NC",murder,0.09738296415942169,0.08783232448629774,0.06413180189375174
7,NC0670000,"Onslow, NC",murder,0.11118341410659602,0.11199892945001114,0.06410051831028606
8,NC0670000,"Onslow, NC",murder,0.09275342812753531,0.11016137736389182,0.06413180189375174
9,NC0670000,"Onslow, NC",murder,0.0384862404627525,0.056300144921332715,0.0641407412292179
10,NC0670000,"Onslow, NC",murder,-0.00802783031255692,-0.00774952889239282,0.06411833405853108
11,NC0670000,"Onslow, NC",murder,-0.006608455110596065,-0.017315056021934817,0.06414074122921788
12,NC0670000,"Onslow, NC",murder,-0.0023119678719362097,-0.006139529090407036,0.06413180189375174
1,NC0680100,"Chapel Hill, NC",murder,-0.058804930073651264,-0.04644103183821549,0.06479323832406805
2,NC0680100,"Chapel Hill, NC",murder,-0.135445940382076,-0.11817159218236012,0.0647906026800951
3,NC0680100,"Chapel Hill, NC",murder,-0.13355723675023795,-0.13131383640458694,0.06478108636530805
4,NC0680100,"Chapel Hill, NC",murder,-0.04435065372038784,-0.05490541377528246,0.06481366439460225
5,NC0680100,"Chapel Hill, NC",murder,0.04930096736513672,0.0448430122223908,0.06478108636530805
6,NC0680100,"Chapel Hill, NC",murder,0.09738296415942169,0.10382753407204698,0.0647906026800951
7,NC0680100,"Chapel Hill, NC",murder,0.11118341410659602,0.11642790960729925,0.06479323832406804
8,NC0680100,"Chapel Hill, NC",murder,0.09275342812753531,0.09102730050814085,0.0647906026800951
9,NC0680100,"Chapel Hill, NC",murder,0.0384862404627525,0.03418266696128389,0.06478108636530805
10,NC0680100,"Chapel Hill, NC",murder,-0.00802783031255692,-0.015081463993801298,0.06481366439460225
11,NC0680100,"Chapel Hill, NC",murder,-0.006608455110596065,-0.017698720548171554,0.06478108636530805
12,NC0680100,"Chapel Hill, NC",murder,-0.0023119678719362097,-0.006696364628743918,0.0647906026800951
1,NC0740300,"Greenville, NC",murder,-0.058804930073651264,-0.0314090625735379,0.06359992793646949
2,NC0740300,"Greenville, NC",murder,-0.135445940382076,-0.13052820016209185,0.06357661106060086
3,NC0740300,"Greenville, NC",murder,-0.13355723675023795,-0.15784981643730017,0.06362459243978597
4,NC0740300,"Greenville, NC",murder,-0.04435065372038784,-0.06870193775551736,0.06362993793163857
5,NC0740300,"Greenville, NC",murder,0.04930096736513672,0.04308473947050763,0.06362459243978598
6,NC0740300,"Greenville, NC",murder,0.09738296415942169,0.09555210752610611,0.06357661106060086
7,NC0740300,"Greenville, NC",murder,0.11118341410659602,0.10353240653018796,0.06359992793646949
8,NC0740300,"Greenville, NC",murder,0.09275342812753531,0.0904933035426307,0.06357661106060086
9,NC0740300,"Greenville, NC",murder,0.0384862404627525,0.04569157586118894,0.06362459243978598
10,NC0740300,"Greenville, NC",murder,-0.00802783031255692,-0.0034214062011326905,0.06362993793163857
11,NC0740300,"Greenville, NC",murder,-0.006608455110596065,-0.0030498428510464977,0.06362459243978597
12,NC0740300,"Greenville, NC",murder,-0.0023119678719362097,0.01660613305000511,0.06357661106060086
1,NC0920000,"Wake, NC",murder,-0.058804930073651264,-0.06323022920928667,0.06405596713214201
2,NC0920000,"Wake, NC",murder,-0.135445940382076,-0.1074508015950648,0.06396929097793187
3,NC0920000,"Wake, NC",murder,-0.13355723675023795,-0.09923776897777203,0.06411160255556632
4,NC0920000,"Wake, NC",murder,-0.04435065372038784,-0.04445102275172359,0.06403687737471972
5,NC0920000,"Wake, NC",murder,0.04930096736513672,0.03363884320000888,0.06411160255556633
6,NC0920000,"Wake, NC",murder,0.09738296415942169,0.10705416758702167,0.06396929097793187
7,NC0920000,"Wake, NC",murder,0.11118341410659602,0.12967914943739994,0.064055967132142
8,NC0920000,"Wake, NC",murder,0.09275342812753531,0.0781829950496135,0.06396929097793187
9,NC0920000,"Wake, NC",murder,0.0384862404627525,0.0035210422042074477,0.06411160255556633
10,NC0920000,"Wake, NC",murder,-0.00802783031255692,-0.021997897476389697,0.06403687737471972
11,NC0920000,"Wake, NC",murder,-0.006608455110596065,-0.0043710366545575965,0.06411160255556632
12,NC0920000,"Wake, NC",murder,-0.0023119678719362097,-0.011337440813457032,0.06396929097793186
1,NC0920100,"Raleigh, NC",murder,-0.058804930073651264,-0.06335368595969729,0.060706870906572515
2,NC0920100,"Raleigh, NC",murder,-0.135445940382076,-0.12689782727208332,0.06089949859741095
3,NC0920100,"Raleigh, NC",murder,-0.13355723675023795,-0.10719911267979444,0.060870533776038696
4,NC0920100,"Raleigh, NC",murder,-0.04435065372038784,-0.02967157744430904,0.06079934214193241
5,NC0920100,"Raleigh, NC",murder,0.04930096736513672,0.028116193260460488,0.06087053377603871
6,NC0920100,"Raleigh, NC",murder,0.09738296415942169,0.06858694375161918,0.06089949859741095
7,NC0920100,"Raleigh, NC",murder,0.11118341410659602,0.11614126801358803,0.06070687090657251
8,NC0920100,"Raleigh, NC",murder,0.09275342812753531,0.12080849641784247,0.06089949859741095
9,NC0920100,"Raleigh, NC",murder,0.0384862404627525,0.048322199771662855,0.06087053377603871
10,NC0920100,"Raleigh, NC",murder,-0.00802783031255692,-0.023116004609581707,0.06079934214193241
11,NC0920100,"Raleigh, NC",murder,-0.006608455110596065,-0.02202686240621967,0.060870533776038696
12,NC0920100,"Raleigh, NC",murder,-0.0023119678719362097,-0.009710030843487552,0.06089949859741095
1,NC0920200,"Apex, NC",murder,-0.058804930073651264,-0.058664157159945496,0.0648466819284131
2,NC0920200,"Apex, NC",murder,-0.135445940382076,-0.13629914129993617,0.06484052552472308
3,NC0920200,"Apex, NC",murder,-0.13355723675023795,-0.12971391863201834,0.06483897352856992
4,NC0920200,"Apex, NC",murder,-0.04435065372038784,-0.04303493699249625,0.0648267071085736
5,NC0920200,"Apex, NC",murder,0.04930096736513672,0.04360554781807679,0.06483897352856992
6,NC0920200,"Apex, NC",murder,0.09738296415942169,0.09071995676850703,0.06484052552472308
7,NC0920200,"Apex, NC",murder,0.11118341410659602,0.10646142617302558,0.0648466819284131
8,NC0920200,"Apex, NC",murder,0.09275342812753531,0.08538935842106636,0.06484052552472308
9,NC0920200,"Apex, NC",murder,0.0384862404627525,0.03100686674006843,0.06483897352856992
10,NC0920200,"Apex, NC",murder,-0.00802783031255692,-0.004762332020583839,0.0648267071085736
11,NC0920200,"Apex, NC",murder,-0.006608455110596065,0.00730423506079299,0.06483897352856992
12,NC0920200,"Apex, NC",murder,-0.0023119678719362097,0.00798709512344291,0.06484052552472308
1,NC0920300,"Cary, NC",murder,-0.058804930073651264,-0.06224272885691369,0.06473344940048514
2,NC0920300,"Cary, NC",murder,-0.135445940382076,-0.13393509928394756,0.0647285614795001
3,NC0920300,"Cary, NC",murder,-0.13355723675023795,-0.1290813349085543,0.06474786909704566
4,NC0920300,"Cary, NC",murder,-0.04435065372038784,-0.04996434219805388,0.06473576123056267
5,NC0920300,"Cary, NC",murder,0.04930096736513672,0.03484859603187494,0.06474786909704566
6,NC0920300,"Cary, NC",murder,0.09738296415942169,0.0896060893441458,0.0647285614795001
7,NC0920300,"Cary, NC",murder,0.11118341410659602,0.11403748664928531,0.06473344940048513
8,NC0920300,"Cary, NC",murder,0.09275342812753531,0.09566404976521392,0.06472856147950011
9,NC0920300,"Cary, NC",murder,0.0384862404627525,0.03901552759744902,0.06474786909704568
10,NC0920300,"Cary, NC",murder,-0.00802783031255692,-0.0018304155943177608,0.06473576123056267
11,NC0920300,"Cary, NC",murder,-0.006608455110596065,0.0034224534868586756,0.06474786909704566
12,NC0920300,"Cary, NC",murder,-0.0023119678719362097,4.597179669595366e-4,0.0647285614795001
1,NC0920700,"Wake Forest, NC",murder,-0.058804930073651264,-0.053434921967859,0.0648081685713973
2,NC0920700,"Wake Forest, NC",murder,-0.135445940382076,-0.12624568254676588,0.0648226377046537
3,NC0920700,"Wake Forest, NC",murder,-0.13355723675023795,-0.13386186021598273,0.06481949722379712
4,NC0920700,"Wake Forest, NC",murder,-0.04435065372038784,-0.05230226020308584,0.06481727575725701
5,NC0920700,"Wake Forest, NC",murder,0.04930096736513672,0.04392523339674834,0.06481949722379714
6,NC0920700,"Wake Forest, NC",murder,0.09738296415942169,0.0951196923318817,0.0648226377046537
7,NC0920700,"Wake Forest, NC",murder,0.11118341410659602,0.10819695838384587,0.06480816857139729
8,NC0920700,"Wake Forest, NC",murder,0.09275342812753531,0.09352554123548214,0.0648226377046537
9,NC0920700,"Wake Forest, NC",murder,0.0384862404627525,0.046379682488712125,0.06481949722379714
10,NC0920700,"Wake Forest, NC",murder,-0.00802783031255692,-0.0024597762129010266,0.06481727575725701
11,NC0920700,"Wake Forest, NC",murder,-0.006608455110596065,-0.011205092085464628,0.06481949722379712
12,NC0920700,"Wake Forest, NC",murder,-0.0023119678719362097,-0.007637514604611058,0.06482263770465369
1,ND0080100,"Bismarck, ND",murder,-0.058804930073651264,-0.0628273772787327,0.06467098310536895
2,ND0080100,"Bismarck, ND",murder,-0.135445940382076,-0.1346804621068407,0.06467404127062082
3,ND0080100,"Bismarck, ND",murder,-0.13355723675023795,-0.12789386542827016,0.06467941557956688
4,ND0080100,"Bismarck, ND",murder,-0.04435065372038784,-0.03454131176242223,0.06467087082858013
5,ND0080100,"Bismarck, ND",murder,0.04930096736513672,0.054355350565598294,0.0646794155795669
6,ND0080100,"Bismarck, ND",murder,0.09738296415942169,0.09175698537416233,0.06467404127062082
7,ND0080100,"Bismarck, ND",murder,0.11118341410659602,0.10480900926084889,0.06467098310536894
8,ND0080100,"Bismarck, ND",murder,0.09275342812753531,0.09786714646885881,0.06467404127062082
9,ND0080100,"Bismarck, ND",murder,0.0384862404627525,0.04909891780817208,0.0646794155795669
10,ND0080100,"Bismarck, ND",murder,-0.00802783031255692,-0.007440320219693979,0.06467087082858013
11,ND0080100,"Bismarck, ND",murder,-0.006608455110596065,-0.017542034927616443,0.06467941557956688
12,ND0080100,"Bismarck, ND",murder,-0.0023119678719362097,-0.0129620377540642,0.06467404127062082
1,ND0090200,"Fargo, ND",murder,-0.058804930073651264,-0.0702793386671834,0.06411467654412116
2,ND0090200,"Fargo, ND",murder,-0.135445940382076,-0.16232795732186772,0.06414473524575957
3,ND0090200,"Fargo, ND",murder,-0.13355723675023795,-0.15263476337904236,0.06409764739077879
4,ND0090200,"Fargo, ND",murder,-0.04435065372038784,-0.04444975703280306,0.064091392789304
5,ND0090200,"Fargo, ND",murder,0.04930096736513672,0.05714053026002213,0.0640976473907788
6,ND0090200,"Fargo, ND",murder,0.09738296415942169,0.10579881775982106,0.06414473524575957
7,ND0090200,"Fargo, ND",murder,0.11118341410659602,0.12484443102913002,0.06411467654412115
8,ND0090200,"Fargo, ND",murder,0.09275342812753531,0.10831814870941968,0.06414473524575957
9,ND0090200,"Fargo, ND",murder,0.0384862404627525,0.04405986240464766,0.0640976473907788
10,ND0090200,"Fargo, ND",murder,-0.00802783031255692,-0.01011533532914357,0.064091392789304
11,ND0090200,"Fargo, ND",murder,-0.006608455110596065,-0.0031307216475741154,0.06409764739077879
12,ND0090200,"Fargo, ND",murder,-0.0023119678719362097,0.00277608321457367,0.06414473524575957
1,ND0180100,"Grand Forks, ND",murder,-0.058804930073651264,-0.06273625050566743,0.0647550308693677
2,ND0180100,"Grand Forks, ND",murder,-0.135445940382076,-0.14639262173186954,0.06472785462655666
3,ND0180100,"Grand Forks, ND",murder,-0.13355723675023795,-0.14254058984917534,0.06475045349152676
4,ND0180100,"Grand Forks, ND",murder,-0.04435065372038784,-0.033741552467046895,0.06472681517724391
5,ND0180100,"Grand Forks, ND",murder,0.04930096736513672,0.07181312889012477,0.06475045349152676
6,ND0180100,"Grand Forks, ND",murder,0.09738296415942169,0.10573891797541218,0.06472785462655666
7,ND0180100,"Grand Forks, ND",murder,0.11118341410659602,0.10198693374329734,0.0647550308693677
8,ND0180100,"Grand Forks, ND",murder,0.09275342812753531,0.08729701477787014,0.06472785462655664
9,ND0180100,"Grand Forks, ND",murder,0.0384862404627525,0.04419429965754604,0.06475045349152676
10,ND0180100,"Grand Forks, ND",murder,-0.00802783031255692,-0.0055091307705830124,0.06472681517724391
11,ND0180100,"Grand Forks, ND",murder,-0.006608455110596065,-0.012717521936125407,0.06475045349152676
12,ND0180100,"Grand Forks, ND",murder,-0.0023119678719362097,-0.00739262778378287,0.06472785462655664
1,NH0063400,"Manchester, NH",murder,-0.058804930073651264,-0.05256133349269066,0.06417582184298815
2,NH0063400,"Manchester, NH",murder,-0.135445940382076,-0.12459852878519681,0.06418839508280132
3,NH0063400,"Manchester, NH",murder,-0.13355723675023795,-0.1334215848237538,0.06417504788641239
4,NH0063400,"Manchester, NH",murder,-0.04435065372038784,-0.056691873102454035,0.06420128578619572
5,NH0063400,"Manchester, NH",murder,0.04930096736513672,0.044275077135014024,0.0641750478864124
6,NH0063400,"Manchester, NH",murder,0.09738296415942169,0.10761853523324888,0.06418839508280132
7,NH0063400,"Manchester, NH",murder,0.11118341410659602,0.11824677671271924,0.06417582184298815
8,NH0063400,"Manchester, NH",murder,0.09275342812753531,0.08407614985170613,0.06418839508280132
9,NH0063400,"Manchester, NH",murder,0.0384862404627525,0.027213762670234513,0.0641750478864124
10,NH0063400,"Manchester, NH",murder,-0.00802783031255692,-0.00899357011757457,0.06420128578619572
11,NH0063400,"Manchester, NH",murder,-0.006608455110596065,-0.0037526982015233523,0.06417504788641239
12,NH0063400,"Manchester, NH",murder,-0.0023119678719362097,-0.0014107130797295462,0.06418839508280132
1,NJ0041200,"Cherry Hill Township, NJ",murder,-0.058804930073651264,-0.05961883430715619,0.06491851388772216
2,NJ0041200,"Cherry Hill Township, NJ",murder,-0.135445940382076,-0.13855279300111775,0.06492248393579261
3,NJ0041200,"Cherry Hill Township, NJ",murder,-0.13355723675023795,-0.1327645478734699,0.06492024081512014
4,NJ0041200,"Cherry Hill Township, NJ",murder,-0.04435065372038784,-0.04151813176999623,0.06492255415547854
5,NJ0041200,"Cherry Hill Township, NJ",murder,0.04930096736513672,0.04897475362260647,0.06492024081512014
6,NJ0041200,"Cherry Hill Township, NJ",murder,0.09738296415942169,0.09607227854238265,0.06492248393579261
7,NJ0041200,"Cherry Hill Township, NJ",murder,0.11118341410659602,0.11319818316311715,0.06491851388772214
8,NJ0041200,"Cherry Hill Township, NJ",murder,0.09275342812753531,0.0945465265727671,0.06492248393579263
9,NJ0041200,"Cherry Hill Township, NJ",murder,0.0384862404627525,0.03517893258915826,0.06492024081512014
10,NJ0041200,"Cherry Hill Township, NJ",murder,-0.00802783031255692,-0.012061217085964745,0.06492255415547854
11,NJ0041200,"Cherry Hill Township, NJ",murder,-0.006608455110596065,-0.004968487194255843,0.06492024081512014
12,NJ0041200,"Cherry Hill Township, NJ",murder,-0.0023119678719362097,0.001513336741929019,0.06492248393579261
1,NJ0070200,"Bloomfield, NJ",murder,-0.058804930073651264,-0.05958169104164722,0.06487359603331795
2,NJ0070200,"Bloomfield, NJ",murder,-0.135445940382076,-0.1290111407466208,0.0648756117807055
3,NJ0070200,"Bloomfield, NJ",murder,-0.13355723675023795,-0.12371389039681162,0.06487809183039556
4,NJ0070200,"Bloomfield, NJ",murder,-0.04435065372038784,-0.041518590732283214,0.06487025686599317
5,NJ0070200,"Bloomfield, NJ",murder,0.04930096736513672,0.04371898583675076,0.06487809183039557
6,NJ0070200,"Bloomfield, NJ",murder,0.09738296415942169,0.09204418323012768,0.0648756117807055
7,NJ0070200,"Bloomfield, NJ",murder,0.11118341410659602,0.11026423895166669,0.06487359603331794
8,NJ0070200,"Bloomfield, NJ",murder,0.09275342812753531,0.09206131999484654,0.0648756117807055
9,NJ0070200,"Bloomfield, NJ",murder,0.0384862404627525,0.03608152173501787,0.06487809183039557
10,NJ0070200,"Bloomfield, NJ",murder,-0.00802783031255692,-0.009163957177736264,0.06487025686599317
11,NJ0070200,"Bloomfield, NJ",murder,-0.006608455110596065,-0.006769165084976528,0.06487809183039556
12,NJ0070200,"Bloomfield, NJ",murder,-0.0023119678719362097,-0.004411814568333908,0.0648756117807055
1,NJ0090500,"Hoboken, NJ",murder,-0.058804930073651264,-0.054505765301613045,0.06488851216215764
2,NJ0090500,"Hoboken, NJ",murder,-0.135445940382076,-0.13236532091546815,0.0648922183667681
3,NJ0090500,"Hoboken, NJ",murder,-0.13355723675023795,-0.13267946880326054,0.06489417086042099
4,NJ0090500,"Hoboken, NJ",murder,-0.04435065372038784,-0.043429882089442776,0.06488797447693843
5,NJ0090500,"Hoboken, NJ",murder,0.04930096736513672,0.047986294443043566,0.064894170860421
6,NJ0090500,"Hoboken, NJ",murder,0.09738296415942169,0.09212088391712182,0.0648922183667681
7,NJ0090500,"Hoboken, NJ",murder,0.11118341410659602,0.10802303395679581,0.06488851216215763
8,NJ0090500,"Hoboken, NJ",murder,0.09275342812753531,0.09679638263211904,0.0648922183667681
9,NJ0090500,"Hoboken, NJ",murder,0.0384862404627525,0.04359326186472864,0.064894170860421
10,NJ0090500,"Hoboken, NJ",murder,-0.00802783031255692,-0.010087386565739995,0.06488797447693843
11,NJ0090500,"Hoboken, NJ",murder,-0.006608455110596065,-0.012417356159694479,0.06489417086042099
12,NJ0090500,"Hoboken, NJ",murder,-0.0023119678719362097,-0.003034676978589906,0.0648922183667681
1,NJ0090600,"Jersey City, NJ",murder,-0.058804930073651264,-0.05419190309082836,0.062240827166122795
2,NJ0090600,"Jersey City, NJ",murder,-0.135445940382076,-0.17553293579337123,0.0626823100646976
3,NJ0090600,"Jersey City, NJ",murder,-0.13355723675023795,-0.14292388791060004,0.06250255173035249
4,NJ0090600,"Jersey City, NJ",murder,-0.04435065372038784,0.006609533746334089,0.06255252594750217
5,NJ0090600,"Jersey City, NJ",murder,0.04930096736513672,0.09589632266973458,0.0625025517303525
6,NJ0090600,"Jersey City, NJ",murder,0.09738296415942169,0.09271468689828752,0.0626823100646976
7,NJ0090600,"Jersey City, NJ",murder,0.11118341410659602,0.08658023141026142,0.06224082716612278
8,NJ0090600,"Jersey City, NJ",murder,0.09275342812753531,0.07557919662317494,0.0626823100646976
9,NJ0090600,"Jersey City, NJ",murder,0.0384862404627525,0.01058182042097067,0.0625025517303525
10,NJ0090600,"Jersey City, NJ",murder,-0.00802783031255692,-0.038997862065767164,0.06255252594750217
11,NJ0090600,"Jersey City, NJ",murder,-0.006608455110596065,0.004057416500461679,0.06250255173035249
12,NJ0090600,"Jersey City, NJ",murder,-0.0023119678719362097,0.03962738059134187,0.0626823100646976
1,NJ0090800,"North Bergen Township, NJ",murder,-0.058804930073651264,-0.05782222002231754,0.06488954926853834
2,NJ0090800,"North Bergen Township, NJ",murder,-0.135445940382076,-0.1398890642514175,0.06488880345095395
3,NJ0090800,"North Bergen Township, NJ",murder,-0.13355723675023795,-0.1393129419835444,0.06489001308264004
4,NJ0090800,"North Bergen Township, NJ",murder,-0.04435065372038784,-0.044325452387365585,0.06488751181193468
5,NJ0090800,"North Bergen Township, NJ",murder,0.04930096736513672,0.05306197972771727,0.06489001308264006
6,NJ0090800,"North Bergen Township, NJ",murder,0.09738296415942169,0.09873875064161496,0.06488880345095395
7,NJ0090800,"North Bergen Township, NJ",murder,0.11118341410659602,0.11134263210770728,0.06488954926853832
8,NJ0090800,"North Bergen Township, NJ",murder,0.09275342812753531,0.09592231375330507,0.06488880345095395
9,NJ0090800,"North Bergen Township, NJ",murder,0.0384862404627525,0.04182577940004221,0.06489001308264006
10,NJ0090800,"North Bergen Township, NJ",murder,-0.00802783031255692,-0.009194959698024162,0.06488751181193468
11,NJ0090800,"North Bergen Township, NJ",murder,-0.006608455110596065,-0.009095229229604858,0.06489001308264004
12,NJ0090800,"North Bergen Township, NJ",murder,-0.0023119678719362097,-0.00125158805811274,0.06488880345095395
1,NJ0091200,"West New York, NJ",murder,-0.058804930073651264,-0.054374476103966174,0.06491629298312154
2,NJ0091200,"West New York, NJ",murder,-0.135445940382076,-0.12959476263269604,0.06491494746791054
3,NJ0091200,"West New York, NJ",murder,-0.13355723675023795,-0.1308140234879798,0.06491086441007624
4,NJ0091200,"West New York, NJ",murder,-0.04435065372038784,-0.04763653022497917,0.06490940583023135
5,NJ0091200,"West New York, NJ",murder,0.04930096736513672,0.04422254953119083,0.06491086441007625
6,NJ0091200,"West New York, NJ",murder,0.09738296415942169,0.095003464062817,0.06491494746791054
7,NJ0091200,"West New York, NJ",murder,0.11118341410659602,0.10933370343520728,0.06491629298312153
8,NJ0091200,"West New York, NJ",murder,0.09275342812753531,0.0884032036851683,0.06491494746791056
9,NJ0091200,"West New York, NJ",murder,0.0384862404627525,0.03466323720921094,0.06491086441007625
10,NJ0091200,"West New York, NJ",murder,-0.00802783031255692,-0.00732269710626194,0.06490940583023135
11,NJ0091200,"West New York, NJ",murder,-0.006608455110596065,-0.003030990583663116,0.06491086441007624
12,NJ0091200,"West New York, NJ",murder,-0.0023119678719362097,0.0011473222159518758,0.06491494746791056
1,NJ0160200,"Clifton, NJ",murder,-0.058804930073651264,-0.05817962369809419,0.06486551530872088
2,NJ0160200,"Clifton, NJ",murder,-0.135445940382076,-0.13945369268447813,0.06486411792267482
3,NJ0160200,"Clifton, NJ",murder,-0.13355723675023795,-0.13872164654390812,0.06486450598204825
4,NJ0160200,"Clifton, NJ",murder,-0.04435065372038784,-0.04902727167557233,0.0648682967670598
5,NJ0160200,"Clifton, NJ",murder,0.04930096736513672,0.04686754768745809,0.06486450598204825
6,NJ0160200,"Clifton, NJ",murder,0.09738296415942169,0.10054236570705871,0.06486411792267482
7,NJ0160200,"Clifton, NJ",murder,0.11118341410659602,0.11864016972974208,0.06486551530872087
8,NJ0160200,"Clifton, NJ",murder,0.09275342812753531,0.09690707844006421,0.06486411792267482
9,NJ0160200,"Clifton, NJ",murder,0.0384862404627525,0.03571448626784628,0.064864505982048265
10,NJ0160200,"Clifton, NJ",murder,-0.00802783031255692,-0.011433274356075572,0.0648682967670598
11,NJ0160200,"Clifton, NJ",murder,-0.006608455110596065,-0.0043209334430441984,0.06486450598204825
12,NJ0160200,"Clifton, NJ",murder,-0.0023119678719362097,0.0024647945690031508,0.06486411792267482
1,NJ0160800,"Paterson, NJ",murder,-0.058804930073651264,-0.0813674567240664,0.06144191729970868
2,NJ0160800,"Paterson, NJ",murder,-0.135445940382076,-0.14664719210639943,0.06144006779727307
3,NJ0160800,"Paterson, NJ",murder,-0.13355723675023795,-0.13379666634472145,0.06141232316656384
4,NJ0160800,"Paterson, NJ",murder,-0.04435065372038784,-0.0408915811584475,0.06145360363058907
5,NJ0160800,"Paterson, NJ",murder,0.04930096736513672,0.05195487550338629,0.061412323166563844
6,NJ0160800,"Paterson, NJ",murder,0.09738296415942169,0.09700028137176654,0.06144006779727307
7,NJ0160800,"Paterson, NJ",murder,0.11118341410659602,0.10957333194842604,0.06144191729970867
8,NJ0160800,"Paterson, NJ",murder,0.09275342812753531,0.09884531080324749,0.06144006779727307
9,NJ0160800,"Paterson, NJ",murder,0.0384862404627525,0.05778890981720985,0.061412323166563844
10,NJ0160800,"Paterson, NJ",murder,-0.00802783031255692,0.01268570593408784,0.06145360363058907
11,NJ0160800,"Paterson, NJ",murder,-0.006608455110596065,-0.00415299420023439,0.06141232316656384
12,NJ0160800,"Paterson, NJ",murder,-0.0023119678719362097,-0.020992524844254897,0.06144006779727307
1,NJ0161400,"Wayne Township, NJ",murder,-0.058804930073651264,-0.05594109354982212,0.06494576375207488
2,NJ0161400,"Wayne Township, NJ",murder,-0.135445940382076,-0.1347730478964795,0.06494671155971847
3,NJ0161400,"Wayne Township, NJ",murder,-0.13355723675023795,-0.13475157906454224,0.06494595328568328
4,NJ0161400,"Wayne Township, NJ",murder,-0.04435065372038784,-0.046250658845147,0.06494553189519164
5,NJ0161400,"Wayne Township, NJ",murder,0.04930096736513672,0.047647769588654604,0.06494595328568328
6,NJ0161400,"Wayne Township, NJ",murder,0.09738296415942169,0.09603615459600867,0.06494671155971847
7,NJ0161400,"Wayne Township, NJ",murder,0.11118341410659602,0.10957128520130777,0.06494576375207486
8,NJ0161400,"Wayne Township, NJ",murder,0.09275342812753531,0.09074396510660579,0.06494671155971847
9,NJ0161400,"Wayne Township, NJ",murder,0.0384862404627525,0.03709230462318285,0.0649459532856833
10,NJ0161400,"Wayne Township, NJ",murder,-0.00802783031255692,-0.007379532806338648,0.06494553189519164
11,NJ0161400,"Wayne Township, NJ",murder,-0.006608455110596065,-0.0036186867987808985,0.06494595328568328
12,NJ0161400,"Wayne Township, NJ",murder,-0.0023119678719362097,0.0016231198453507453,0.06494671155971846
1,NJ0200400,"Elizabeth, NJ",murder,-0.058804930073651264,-0.06978741610045211,0.06362640101215655
2,NJ0200400,"Elizabeth, NJ",murder,-0.135445940382076,-0.1454762341790482,0.06363937780028323
3,NJ0200400,"Elizabeth, NJ",murder,-0.13355723675023795,-0.1302100356749971,0.06363800532083516
4,NJ0200400,"Elizabeth, NJ",murder,-0.04435065372038784,-0.031997762838816314,0.06364361369397657
5,NJ0200400,"Elizabeth, NJ",murder,0.04930096736513672,0.05815566707558677,0.06363800532083518
6,NJ0200400,"Elizabeth, NJ",murder,0.09738296415942169,0.09950451631538756,0.06363937780028323
7,NJ0200400,"Elizabeth, NJ",murder,0.11118341410659602,0.11031625269704336,0.06362640101215654
8,NJ0200400,"Elizabeth, NJ",murder,0.09275342812753531,0.08944849542049511,0.06363937780028323
9,NJ0200400,"Elizabeth, NJ",murder,0.0384862404627525,0.03365346031985273,0.06363800532083518
10,NJ0200400,"Elizabeth, NJ",murder,-0.00802783031255692,-0.008531073757774937,0.06364361369397657
11,NJ0200400,"Elizabeth, NJ",murder,-0.006608455110596065,-0.0021279283170336995,0.06363800532083516
12,NJ0200400,"Elizabeth, NJ",murder,-0.0023119678719362097,-0.00294794096024318,0.06363937780028323
1,NJNPD0000,"Newark, NJ",murder,-0.058804930073651264,-0.11260361557507559,0.057138359349603554
2,NJNPD0000,"Newark, NJ",murder,-0.135445940382076,-0.17243876570615235,0.057063260947595444
3,NJNPD0000,"Newark, NJ",murder,-0.13355723675023795,-0.12427748591799571,0.05699486577368948
4,NJNPD0000,"Newark, NJ",murder,-0.04435065372038784,-0.026435121723224448,0.05689001092077873
5,NJNPD0000,"Newark, NJ",murder,0.04930096736513672,0.048699011904777274,0.056994865773689486
6,NJNPD0000,"Newark, NJ",murder,0.09738296415942169,0.10927196041630768,0.057063260947595444
7,NJNPD0000,"Newark, NJ",murder,0.11118341410659602,0.15322568185624902,0.05713835934960355
8,NJNPD0000,"Newark, NJ",murder,0.09275342812753531,0.12563492796736866,0.057063260947595444
9,NJNPD0000,"Newark, NJ",murder,0.0384862404627525,0.03685158189803856,0.056994865773689486
10,NJNPD0000,"Newark, NJ",murder,-0.00802783031255692,-0.014186944557948998,0.05689001092077873
11,NJNPD0000,"Newark, NJ",murder,-0.006608455110596065,-0.0018951741659936163,0.05699486577368948
12,NJNPD0000,"Newark, NJ",murder,-0.0023119678719362097,-0.02184605639635046,0.057063260947595444
1,NM0010100,"Albuquerque, NM",murder,-0.058804930073651264,-0.07398795067840302,0.05425302840193411
2,NM0010100,"Albuquerque, NM",murder,-0.135445940382076,-0.18892414614284847,0.05442101220277315
3,NM0010100,"Albuquerque, NM",murder,-0.13355723675023795,-0.15691063467983585,0.054124492645783444
4,NM0010100,"Albuquerque, NM",murder,-0.04435065372038784,0.0033852315152051115,0.05422340560463782
5,NM0010100,"Albuquerque, NM",murder,0.04930096736513672,0.10229388409252518,0.05412449264578345
6,NM0010100,"Albuquerque, NM",murder,0.09738296415942169,0.1100273472388576,0.05442101220277315
7,NM0010100,"Albuquerque, NM",murder,0.11118341410659602,0.13538437523147417,0.054253028401934106
8,NM0010100,"Albuquerque, NM",murder,0.09275342812753531,0.15238340404006478,0.05442101220277315
9,NM0010100,"Albuquerque, NM",murder,0.0384862404627525,0.05897346802398104,0.05412449264578345
10,NM0010100,"Albuquerque, NM",murder,-0.00802783031255692,-0.06478165606827627,0.05422340560463782
11,NM0010100,"Albuquerque, NM",murder,-0.006608455110596065,-0.06575314198974154,0.054124492645783444
12,NM0010100,"Albuquerque, NM",murder,-0.0023119678719362097,-0.012090180583002754,0.05442101220277315
1,NV0020100,"Las Vegas, NV",murder,-0.058804930073651264,-0.07003429807608527,0.051815598136657606
2,NV0020100,"Las Vegas, NV",murder,-0.135445940382076,-0.09511769184089006,0.051837758698243475
3,NV0020100,"Las Vegas, NV",murder,-0.13355723675023795,-0.10478347348525519,0.051817011147966135
4,NV0020100,"Las Vegas, NV",murder,-0.04435065372038784,-0.08867720356310949,0.05187964331262323
5,NV0020100,"Las Vegas, NV",murder,0.04930096736513672,-0.014749305056189816,0.051817011147966135
6,NV0020100,"Las Vegas, NV",murder,0.09738296415942169,0.06628580032841552,0.051837758698243475
7,NV0020100,"Las Vegas, NV",murder,0.11118341410659602,0.07235803559860132,0.0518155981366576
8,NV0020100,"Las Vegas, NV",murder,0.09275342812753531,0.031895304256530824,0.051837758698243475
9,NV0020100,"Las Vegas, NV",murder,0.0384862404627525,0.03923734837837983,0.05181701114796614
10,NV0020100,"Las Vegas, NV",murder,-0.00802783031255692,0.08635346604059341,0.05187964331262323
11,NV0020100,"Las Vegas, NV",murder,-0.006608455110596065,0.07797169264054905,0.051817011147966135
12,NV0020100,"Las Vegas, NV",murder,-0.0023119678719362097,-7.39675221540139e-4,0.05183775869824347
1,NV0020300,"Henderson, NV",murder,-0.058804930073651264,-0.07869283790606552,0.06328491666280647
2,NV0020300,"Henderson, NV",murder,-0.135445940382076,-0.12664932948950844,0.06329134156771724
3,NV0020300,"Henderson, NV",murder,-0.13355723675023795,-0.11169651837935929,0.06334977298025386
4,NV0020300,"Henderson, NV",murder,-0.04435065372038784,-0.04925670509640972,0.06331840477703533
5,NV0020300,"Henderson, NV",murder,0.04930096736513672,0.018490066975205152,0.06334977298025388
6,NV0020300,"Henderson, NV",murder,0.09738296415942169,0.07344919389924168,0.06329134156771724
7,NV0020300,"Henderson, NV",murder,0.11118341410659602,0.10526138626790378,0.06328491666280647
8,NV0020300,"Henderson, NV",murder,0.09275342812753531,0.09561974025427594,0.06329134156771724
9,NV0020300,"Henderson, NV",murder,0.0384862404627525,0.05409838078228852,0.06334977298025388
10,NV0020300,"Henderson, NV",murder,-0.00802783031255692,0.02268815673457144,0.06331840477703533
11,NV0020300,"Henderson, NV",murder,-0.006608455110596065,0.012539522260027304,0.06334977298025386
12,NV0020300,"Henderson, NV",murder,-0.0023119678719362097,-0.015851056302170874,0.06329134156771724
1,NV0160000,"Washoe, NV",murder,-0.058804930073651264,-0.05037860758982587,0.064451320276213
2,NV0160000,"Washoe, NV",murder,-0.135445940382076,-0.135962870725819,0.0644596635934797
3,NV0160000,"Washoe, NV",murder,-0.13355723675023795,-0.13848342860776988,0.06445184219835919
4,NV0160000,"Washoe, NV",murder,-0.04435065372038784,-0.0484213104927042,0.0644739015858756
5,NV0160000,"Washoe, NV",murder,0.04930096736513672,0.04269941623532217,0.0644518421983592
6,NV0160000,"Washoe, NV",murder,0.09738296415942169,0.09119441472183945,0.0644596635934797
7,NV0160000,"Washoe, NV",murder,0.11118341410659602,0.11674476343949827,0.06445132027621299
8,NV0160000,"Washoe, NV",murder,0.09275342812753531,0.10748117980452943,0.06445966359347968
9,NV0160000,"Washoe, NV",murder,0.0384862404627525,0.04363558183680787,0.0644518421983592
10,NV0160000,"Washoe, NV",murder,-0.00802783031255692,-0.01794484535696822,0.0644739015858756
11,NV0160000,"Washoe, NV",murder,-0.006608455110596065,-0.014217725314032613,0.06445184219835919
12,NV0160000,"Washoe, NV",murder,-0.0023119678719362097,0.0036534320491225843,0.06445966359347968
1,NV0160200,"Sparks, NV",murder,-0.058804930073651264,-0.06087469483626242,0.06424170537673372
2,NV0160200,"Sparks, NV",murder,-0.135445940382076,-0.1285213251420982,0.06425903578069331
3,NV0160200,"Sparks, NV",murder,-0.13355723675023795,-0.1345755577507046,0.06424997040446531
4,NV0160200,"Sparks, NV",murder,-0.04435065372038784,-0.05998528043416487,0.0642620482622552
5,NV0160200,"Sparks, NV",murder,0.04930096736513672,0.03701584057068464,0.06424997040446533
6,NV0160200,"Sparks, NV",murder,0.09738296415942169,0.1030775174702726,0.06425903578069331
7,NV0160200,"Sparks, NV",murder,0.11118341410659602,0.12525279030191722,0.06424170537673371
8,NV0160200,"Sparks, NV",murder,0.09275342812753531,0.10139470998615852,0.06425903578069331
9,NV0160200,"Sparks, NV",murder,0.0384862404627525,0.043070847129110135,0.06424997040446533
10,NV0160200,"Sparks, NV",murder,-0.00802783031255692,-0.004392815031489921,0.0642620482622552
11,NV0160200,"Sparks, NV",murder,-0.006608455110596065,-0.009889225414745009,0.06424997040446531
12,NV0160200,"Sparks, NV",murder,-0.0023119678719362097,-0.011572806848678124,0.06425903578069331
1,NY0010100,"Albany, NY",murder,-0.058804930073651264,-0.07111967668833216,0.06283634836266479
2,NY0010100,"Albany, NY",murder,-0.135445940382076,-0.14305169746017082,0.06307760212292457
3,NY0010100,"Albany, NY",murder,-0.13355723675023795,-0.16829372097468615,0.0628454418152703
4,NY0010100,"Albany, NY",murder,-0.04435065372038784,-0.07944559068737804,0.06298639251583153
5,NY0010100,"Albany, NY",murder,0.04930096736513672,0.06451007647838204,0.0628454418152703
6,NY0010100,"Albany, NY",murder,0.09738296415942169,0.14125066211028164,0.06307760212292457
7,NY0010100,"Albany, NY",murder,0.11118341410659602,0.12320985496690877,0.06283634836266477
8,NY0010100,"Albany, NY",murder,0.09275342812753531,0.07990515986488027,0.06307760212292457
9,NY0010100,"Albany, NY",murder,0.0384862404627525,0.05305700510081895,0.0628454418152703
10,NY0010100,"Albany, NY",murder,-0.00802783031255692,0.027355412408801426,0.06298639251583153
11,NY0010100,"Albany, NY",murder,-0.006608455110596065,-0.0013635388830915125,0.0628454418152703
12,NY0010100,"Albany, NY",murder,-0.0023119678719362097,-0.02601394623641443,0.06307760212292457
1,NY0270100,"Rochester, NY",murder,-0.058804930073651264,-0.1373143554739366,0.05919484985668324
2,NY0270100,"Rochester, NY",murder,-0.135445940382076,-0.1872585741279434,0.05894042978909274
3,NY0270100,"Rochester, NY",murder,-0.13355723675023795,-0.14900117779041025,0.05847646973756488
4,NY0270100,"Rochester, NY",murder,-0.04435065372038784,-0.04819619103111434,0.05819941750052622
5,NY0270100,"Rochester, NY",murder,0.04930096736513672,0.059898666697370366,0.05847646973756489
6,NY0270100,"Rochester, NY",murder,0.09738296415942169,0.14451581220907236,0.05894042978909274
7,NY0270100,"Rochester, NY",murder,0.11118341410659602,0.17882768257339512,0.05919484985668323
8,NY0270100,"Rochester, NY",murder,0.09275342812753531,0.1402491608730694,0.05894042978909274
9,NY0270100,"Rochester, NY",murder,0.0384862404627525,0.06047843743607773,0.05847646973756489
10,NY0270100,"Rochester, NY",murder,-0.00802783031255692,0.0066828639316558105,0.05819941750052622
11,NY0270100,"Rochester, NY",murder,-0.006608455110596065,-0.012889253442496414,0.05847646973756488
12,NY0270100,"Rochester, NY",murder,-0.0023119678719362097,-0.055993071854739764,0.05894042978909274
1,NY0290600,"Hempstead Village, NY",murder,-0.058804930073651264,-0.07921661427994697,0.06423931555842999
2,NY0290600,"Hempstead Village, NY",murder,-0.135445940382076,-0.1376175403535463,0.06418994677213698
3,NY0290600,"Hempstead Village, NY",murder,-0.13355723675023795,-0.1197881433937567,0.06422658294348163
4,NY0290600,"Hempstead Village, NY",murder,-0.04435065372038784,-0.040322329183679895,0.06420929455632793
5,NY0290600,"Hempstead Village, NY",murder,0.04930096736513672,0.04103137625142125,0.06422658294348163
6,NY0290600,"Hempstead Village, NY",murder,0.09738296415942169,0.09495265313295218,0.06418994677213698
7,NY0290600,"Hempstead Village, NY",murder,0.11118341410659602,0.1150096942328284,0.06423931555842997
8,NY0290600,"Hempstead Village, NY",murder,0.09275342812753531,0.09024871514931816,0.06418994677213698
9,NY0290600,"Hempstead Village, NY",murder,0.0384862404627525,0.036626238236647096,0.06422658294348164
10,NY0290600,"Hempstead Village, NY",murder,-0.00802783031255692,0.004529249230798449,0.06420929455632793
11,NY0290600,"Hempstead Village, NY",murder,-0.006608455110596065,0.006337448952806861,0.06422658294348163
12,NY0290600,"Hempstead Village, NY",murder,-0.0023119678719362097,-0.011790747975842529,0.06418994677213696
1,NY0303000,"New York City, NY",murder,-0.058804930073651264,-0.08882324554351417,0.0438508911377649
2,NY0303000,"New York City, NY",murder,-0.135445940382076,-0.1423528002051479,0.04399203220568263
3,NY0303000,"New York City, NY",murder,-0.13355723675023795,-0.12569591292733776,0.043861444585653726
4,NY0303000,"New York City, NY",murder,-0.04435065372038784,-0.02635393433484868,0.04373895933712705
5,NY0303000,"New York City, NY",murder,0.04930096736513672,0.06542805253972614,0.04386144458565373
6,NY0303000,"New York City, NY",murder,0.09738296415942169,0.11243009672414528,0.04399203220568263
7,NY0303000,"New York City, NY",murder,0.11118341410659602,0.1482629015869616,0.043850891137764886
8,NY0303000,"New York City, NY",murder,0.09275342812753531,0.1541957136080059,0.04399203220568263
9,NY0303000,"New York City, NY",murder,0.0384862404627525,0.07809917028674834,0.04386144458565373
10,NY0303000,"New York City, NY",murder,-0.00802783031255692,-0.033085721708598755,0.04373895933712705
11,NY0303000,"New York City, NY",murder,-0.006608455110596065,-0.07727096594258416,0.043861444585653726
12,NY0303000,"New York City, NY",murder,-0.0023119678719362097,-0.06483335408355585,0.04399203220568263
1,NY0320200,"Utica, NY",murder,-0.058804930073651264,-0.038900132275173444,0.06400320378509894
2,NY0320200,"Utica, NY",murder,-0.135445940382076,-0.11765844034053845,0.06397011518559156
3,NY0320200,"Utica, NY",murder,-0.13355723675023795,-0.1303082480796822,0.06395727355886537
4,NY0320200,"Utica, NY",murder,-0.04435065372038784,-0.05823268071930116,0.06399764825676006
5,NY0320200,"Utica, NY",murder,0.04930096736513672,0.03150846081905702,0.06395727355886538
6,NY0320200,"Utica, NY",murder,0.09738296415942169,0.09168779744144073,0.06397011518559156
7,NY0320200,"Utica, NY",murder,0.11118341410659602,0.11728334469175034,0.06400320378509894
8,NY0320200,"Utica, NY",murder,0.09275342812753531,0.09592786207063546,0.06397011518559156
9,NY0320200,"Utica, NY",murder,0.0384862404627525,0.030194457393202295,0.06395727355886538
10,NY0320200,"Utica, NY",murder,-0.00802783031255692,-0.02015053169727575,0.06399764825676006
11,NY0320200,"Utica, NY",murder,-0.006608455110596065,-0.009777882549154049,0.06395727355886537
12,NY0320200,"Utica, NY",murder,-0.0023119678719362097,0.008425993245039197,0.06397011518559156
1,NY0450000,"Saratoga, NY",murder,-0.058804930073651264,-0.06149921085755502,0.06488123663644287
2,NY0450000,"Saratoga, NY",murder,-0.135445940382076,-0.14073354065413402,0.06487324224863206
3,NY0450000,"Saratoga, NY",murder,-0.13355723675023795,-0.13593968001786952,0.06488160652807279
4,NY0450000,"Saratoga, NY",murder,-0.04435065372038784,-0.03578188025279809,0.06488018157326339
5,NY0450000,"Saratoga, NY",murder,0.04930096736513672,0.06279338079324417,0.06488160652807279
6,NY0450000,"Saratoga, NY",murder,0.09738296415942169,0.10107861746268058,0.06487324224863206
7,NY0450000,"Saratoga, NY",murder,0.11118341410659602,0.10377612056284598,0.06488123663644287
8,NY0450000,"Saratoga, NY",murder,0.09275342812753531,0.08698299743743597,0.06487324224863206
9,NY0450000,"Saratoga, NY",murder,0.0384862404627525,0.039912227095880486,0.0648816065280728
10,NY0450000,"Saratoga, NY",murder,-0.00802783031255692,-0.006495029452492878,0.06488018157326339
11,NY0450000,"Saratoga, NY",murder,-0.006608455110596065,-0.009042837576546144,0.06488160652807279
12,NY0450000,"Saratoga, NY",murder,-0.0023119678719362097,-0.0050511645406915405,0.06487324224863206
1,NY0460100,"Schenectady, NY",murder,-0.058804930073651264,-0.07633622030691331,0.06420969517839518
2,NY0460100,"Schenectady, NY",murder,-0.135445940382076,-0.1487801180886174,0.06423519508227467
3,NY0460100,"Schenectady, NY",murder,-0.13355723675023795,-0.12228359574218631,0.06419601443944628
4,NY0460100,"Schenectady, NY",murder,-0.04435065372038784,-0.02311181059134456,0.06424086998433205
5,NY0460100,"Schenectady, NY",murder,0.04930096736513672,0.05213710689392242,0.06419601443944628
6,NY0460100,"Schenectady, NY",murder,0.09738296415942169,0.08662327995080307,0.06423519508227467
7,NY0460100,"Schenectady, NY",murder,0.11118341410659602,0.11217204809819413,0.06420969517839517
8,NY0460100,"Schenectady, NY",murder,0.09275342812753531,0.10549780629745731,0.06423519508227467
9,NY0460100,"Schenectady, NY",murder,0.0384862404627525,0.04316545615974538,0.06419601443944628
10,NY0460100,"Schenectady, NY",murder,-0.00802783031255692,-0.012724017199936263,0.06424086998433205
11,NY0460100,"Schenectady, NY",murder,-0.006608455110596065,-0.008854795102762356,0.06419601443944628
12,NY0460100,"Schenectady, NY",murder,-0.0023119678719362097,-0.007505140368362105,0.06423519508227467
1,NY0590400,"New Rochelle, NY",murder,-0.058804930073651264,-0.05171157200439814,0.06470845575614093
2,NY0590400,"New Rochelle, NY",murder,-0.135445940382076,-0.13331066652047177,0.06469683663841691
3,NY0590400,"New Rochelle, NY",murder,-0.13355723675023795,-0.14523398429564263,0.06468935633271299
4,NY0590400,"New Rochelle, NY",murder,-0.04435065372038784,-0.057099418642927585,0.06471258102618901
5,NY0590400,"New Rochelle, NY",murder,0.04930096736513672,0.05240670985319899,0.064689356332713
6,NY0590400,"New Rochelle, NY",murder,0.09738296415942169,0.11225347914149775,0.06469683663841691
7,NY0590400,"New Rochelle, NY",murder,0.11118341410659602,0.12144861958007848,0.06470845575614091
8,NY0590400,"New Rochelle, NY",murder,0.09275342812753531,0.09369161307095349,0.06469683663841691
9,NY0590400,"New Rochelle, NY",murder,0.0384862404627525,0.03587788327044399,0.064689356332713
10,NY0590400,"New Rochelle, NY",murder,-0.00802783031255692,-0.012637628932752765,0.06471258102618901
11,NY0590400,"New Rochelle, NY",murder,-0.006608455110596065,-0.012787656403680736,0.06468935633271299
12,NY0590400,"New Rochelle, NY",murder,-0.0023119678719362097,-0.002897378116299077,0.06469683663841691
1,OH0090200,"Hamilton, OH",murder,-0.058804930073651264,-0.07388401396836283,0.06418764165666727
2,OH0090200,"Hamilton, OH",murder,-0.135445940382076,-0.1528180570207323,0.06419503025203577
3,OH0090200,"Hamilton, OH",murder,-0.13355723675023795,-0.1579392061247802,0.0641918027219705
4,OH0090200,"Hamilton, OH",murder,-0.04435065372038784,-0.05670962553340122,0.0642515953964189
5,OH0090200,"Hamilton, OH",murder,0.04930096736513672,0.061572717423308915,0.0641918027219705
6,OH0090200,"Hamilton, OH",murder,0.09738296415942169,0.10950384729878133,0.06419503025203577
7,OH0090200,"Hamilton, OH",murder,0.11118341410659602,0.10169135652975811,0.06418764165666725
8,OH0090200,"Hamilton, OH",murder,0.09275342812753531,0.08576071909192522,0.06419503025203578
9,OH0090200,"Hamilton, OH",murder,0.0384862404627525,0.0630745256345778,0.0641918027219705
10,OH0090200,"Hamilton, OH",murder,-0.00802783031255692,0.02890228297200595,0.0642515953964189
11,OH0090200,"Hamilton, OH",murder,-0.006608455110596065,0.005484620505498162,0.0641918027219705
12,OH0090200,"Hamilton, OH",murder,-0.0023119678719362097,-0.01463916680857891,0.06419503025203578
1,OH0091500,"West Chester Township, OH",murder,-0.058804930073651264,-0.06650448297774973,0.06481981992944265
2,OH0091500,"West Chester Township, OH",murder,-0.135445940382076,-0.141962673720247,0.06482495819198873
3,OH0091500,"West Chester Township, OH",murder,-0.13355723675023795,-0.12444020064039321,0.06481961039235241
4,OH0091500,"West Chester Township, OH",murder,-0.04435065372038784,-0.026503189339735743,0.06484734905777279
5,OH0091500,"West Chester Township, OH",murder,0.04930096736513672,0.05663480508439275,0.06481961039235241
6,OH0091500,"West Chester Township, OH",murder,0.09738296415942169,0.09194357362784486,0.06482495819198873
7,OH0091500,"West Chester Township, OH",murder,0.11118341410659602,0.10589221729718101,0.06481981992944263
8,OH0091500,"West Chester Township, OH",murder,0.09275342812753531,0.09107974746512827,0.06482495819198873
9,OH0091500,"West Chester Township, OH",murder,0.0384862404627525,0.034169540065843156,0.06481961039235241
10,OH0091500,"West Chester Township, OH",murder,-0.00802783031255692,-0.012884544979695555,0.06484734905777279
11,OH0091500,"West Chester Township, OH",murder,-0.006608455110596065,-0.00575187882927403,0.06481961039235241
12,OH0091500,"West Chester Township, OH",murder,-0.0023119678719362097,-0.0016729130532947777,0.06482495819198873
1,OH0250300,"Dublin, OH",murder,-0.058804930073651264,-0.047874689992636825,0.06490774328476508
2,OH0250300,"Dublin, OH",murder,-0.135445940382076,-0.13465879242825277,0.06490307188900288
3,OH0250300,"Dublin, OH",murder,-0.13355723675023795,-0.13880259974884354,0.06489764179514144
4,OH0250300,"Dublin, OH",murder,-0.04435065372038784,-0.04851755816025191,0.064906607914401
5,OH0250300,"Dublin, OH",murder,0.04930096736513672,0.04646215226570647,0.06489764179514144
6,OH0250300,"Dublin, OH",murder,0.09738296415942169,0.09493580322125975,0.06490307188900288
7,OH0250300,"Dublin, OH",murder,0.11118341410659602,0.11120428642849943,0.06490774328476506
8,OH0250300,"Dublin, OH",murder,0.09275342812753531,0.09347922544481888,0.06490307188900288
9,OH0250300,"Dublin, OH",murder,0.0384862404627525,0.03429343632954705,0.06489764179514144
10,OH0250300,"Dublin, OH",murder,-0.00802783031255692,-0.01481203827561071,0.064906607914401
11,OH0250300,"Dublin, OH",murder,-0.006608455110596065,-0.005282585282272617,0.06489764179514144
12,OH0250300,"Dublin, OH",murder,-0.0023119678719362097,0.009573360198036786,0.06490307188900288
1,OH0314200,"Colerain Township, OH",murder,-0.058804930073651264,-0.05174580882825945,0.0646255858434294
2,OH0314200,"Colerain Township, OH",murder,-0.135445940382076,-0.13088206874103445,0.06462837903953039
3,OH0314200,"Colerain Township, OH",murder,-0.13355723675023795,-0.1387078365435508,0.06463338743398574
4,OH0314200,"Colerain Township, OH",murder,-0.04435065372038784,-0.05590067440333401,0.06464274992186168
5,OH0314200,"Colerain Township, OH",murder,0.04930096736513672,0.040530359622139994,0.06463338743398575
6,OH0314200,"Colerain Township, OH",murder,0.09738296415942169,0.0955923028549145,0.06462837903953039
7,OH0314200,"Colerain Township, OH",murder,0.11118341410659602,0.11446621909665823,0.06462558584342938
8,OH0314200,"Colerain Township, OH",murder,0.09275342812753531,0.09829193922390006,0.06462837903953039
9,OH0314200,"Colerain Township, OH",murder,0.0384862404627525,0.04339729675801761,0.06463338743398575
10,OH0314200,"Colerain Township, OH",murder,-0.00802783031255692,-0.006819735865064775,0.06464274992186168
11,OH0314200,"Colerain Township, OH",murder,-0.006608455110596065,-0.007940230105005632,0.06463338743398574
12,OH0314200,"Colerain Township, OH",murder,-0.0023119678719362097,-2.817630693812977e-4,0.06462837903953038
1,OH0314400,"Green Township, OH",murder,-0.058804930073651264,-0.06205336732773695,0.06492455774874836
2,OH0314400,"Green Township, OH",murder,-0.135445940382076,-0.13613128576735078,0.06492970065679649
3,OH0314400,"Green Township, OH",murder,-0.13355723675023795,-0.1276774203200233,0.06492800579484014
4,OH0314400,"Green Township, OH",murder,-0.04435065372038784,-0.03819845262413703,0.06492959964988813
5,OH0314400,"Green Township, OH",murder,0.04930096736513672,0.04810275496947853,0.06492800579484015
6,OH0314400,"Green Township, OH",murder,0.09738296415942169,0.09277541674819993,0.06492970065679649
7,OH0314400,"Green Township, OH",murder,0.11118341410659602,0.11143406311587359,0.06492455774874835
8,OH0314400,"Green Township, OH",murder,0.09275342812753531,0.09633098256349791,0.06492970065679649
9,OH0314400,"Green Township, OH",murder,0.0384862404627525,0.03849642132803377,0.06492800579484015
10,OH0314400,"Green Township, OH",murder,-0.00802783031255692,-0.011182243163999624,0.06492959964988813
11,OH0314400,"Green Township, OH",murder,-0.006608455110596065,-0.00830245176562568,0.06492800579484014
12,OH0314400,"Green Township, OH",murder,-0.0023119678719362097,-0.003594417756210366,0.06492970065679649
1,OH0470400,"Elyria, OH",murder,-0.058804930073651264,-0.06858253801635572,0.06429121614712315
2,OH0470400,"Elyria, OH",murder,-0.135445940382076,-0.13318042049996104,0.06433239409670535
3,OH0470400,"Elyria, OH",murder,-0.13355723675023795,-0.1339488338102111,0.06433338015831305
4,OH0470400,"Elyria, OH",murder,-0.04435065372038784,-0.05814940028788559,0.06432926298935226
5,OH0470400,"Elyria, OH",murder,0.04930096736513672,0.03464179159532303,0.06433338015831307
6,OH0470400,"Elyria, OH",murder,0.09738296415942169,0.09610882110883029,0.06433239409670535
7,OH0470400,"Elyria, OH",murder,0.11118341410659602,0.11949278223985701,0.06429121614712313
8,OH0470400,"Elyria, OH",murder,0.09275342812753531,0.10334611458959,0.06433239409670535
9,OH0470400,"Elyria, OH",murder,0.0384862404627525,0.05320428367633876,0.06433338015831307
10,OH0470400,"Elyria, OH",murder,-0.00802783031255692,0.007239156064384288,0.06432926298935226
11,OH0470400,"Elyria, OH",murder,-0.006608455110596065,-0.004807485684952022,0.06433338015831305
12,OH0470400,"Elyria, OH",murder,-0.0023119678719362097,-0.015364270974957897,0.06433239409670535
1,OH0470500,"Lorain, OH",murder,-0.058804930073651264,-0.06019685574132954,0.06457855311360014
2,OH0470500,"Lorain, OH",murder,-0.135445940382076,-0.12114122307767783,0.06457757266144411
3,OH0470500,"Lorain, OH",murder,-0.13355723675023795,-0.11883432264222756,0.06459847488606588
4,OH0470500,"Lorain, OH",murder,-0.04435065372038784,-0.04871699436882884,0.06457293274120017
5,OH0470500,"Lorain, OH",murder,0.04930096736513672,0.03544580773590857,0.06459847488606588
6,OH0470500,"Lorain, OH",murder,0.09738296415942169,0.0970193179937571,0.06457757266144411
7,OH0470500,"Lorain, OH",murder,0.11118341410659602,0.12269866716574539,0.06457855311360013
8,OH0470500,"Lorain, OH",murder,0.09275342812753531,0.09680925443672472,0.06457757266144411
9,OH0470500,"Lorain, OH",murder,0.0384862404627525,0.03200054257685859,0.06459847488606589
10,OH0470500,"Lorain, OH",murder,-0.00802783031255692,-0.013784817055587012,0.06457293274120017
11,OH0470500,"Lorain, OH",murder,-0.006608455110596065,-0.01111383909495548,0.06459847488606588
12,OH0470500,"Lorain, OH",murder,-0.0023119678719362097,-0.010185537928388092,0.06457757266144411
1,OH0570200,"Dayton, OH",murder,-0.058804930073651264,-0.07895627294395828,0.059292071110087836
2,OH0570200,"Dayton, OH",murder,-0.135445940382076,-0.18112689084009956,0.059442890865140985
3,OH0570200,"Dayton, OH",murder,-0.13355723675023795,-0.14432008552493525,0.0592452530119576
4,OH0570200,"Dayton, OH",murder,-0.04435065372038784,-0.030231584455605816,0.05940631483583792
5,OH0570200,"Dayton, OH",murder,0.04930096736513672,0.05034137322592908,0.059245253011957606
6,OH0570200,"Dayton, OH",murder,0.09738296415942169,0.1101318318097464,0.059442890865140985
7,OH0570200,"Dayton, OH",murder,0.11118341410659602,0.16451775656342765,0.05929207111008783
8,OH0570200,"Dayton, OH",murder,0.09275342812753531,0.13328630304676126,0.059442890865140985
9,OH0570200,"Dayton, OH",murder,0.0384862404627525,0.01091801411212757,0.059245253011957606
10,OH0570200,"Dayton, OH",murder,-0.00802783031255692,-0.05532989916386357,0.05940631483583792
11,OH0570200,"Dayton, OH",murder,-0.006608455110596065,-0.002500785432590815,0.0592452530119576
12,OH0570200,"Dayton, OH",murder,-0.0023119678719362097,0.02327023960306136,0.059442890865140985
1,OH0760000,"Stark, OH",murder,-0.058804930073651264,-0.062486707393096225,0.06463520595516002
2,OH0760000,"Stark, OH",murder,-0.135445940382076,-0.13522225791215012,0.06469944821671497
3,OH0760000,"Stark, OH",murder,-0.13355723675023795,-0.14515986337484196,0.0646531567297728
4,OH0760000,"Stark, OH",murder,-0.04435065372038784,-0.062468650564774714,0.06468949676030475
5,OH0760000,"Stark, OH",murder,0.04930096736513672,0.050354486588237074,0.06465315672977281
6,OH0760000,"Stark, OH",murder,0.09738296415942169,0.11687598113633363,0.06469944821671497
7,OH0760000,"Stark, OH",murder,0.11118341410659602,0.1196525524503082,0.06463520595516001
8,OH0760000,"Stark, OH",murder,0.09275342812753531,0.08321876742927395,0.06469944821671497
9,OH0760000,"Stark, OH",murder,0.0384862404627525,0.035990527834753795,0.06465315672977281
10,OH0760000,"Stark, OH",murder,-0.00802783031255692,0.005302805507562725,0.06468949676030475
11,OH0760000,"Stark, OH",murder,-0.006608455110596065,0.0016490038946390772,0.0646531567297728
12,OH0760000,"Stark, OH",murder,-0.0023119678719362097,-0.007706645596245421,0.06469944821671497
1,OH0760400,"Canton, OH",murder,-0.058804930073651264,-0.08423802061802549,0.06335611141235346
2,OH0760400,"Canton, OH",murder,-0.135445940382076,-0.14450032756335746,0.06334255884503774
3,OH0760400,"Canton, OH",murder,-0.13355723675023795,-0.13166247424299837,0.06325096549634705
4,OH0760400,"Canton, OH",murder,-0.04435065372038784,-0.03406869526521589,0.06321807614769778
5,OH0760400,"Canton, OH",murder,0.04930096736513672,0.06915251296373562,0.06325096549634705
6,OH0760400,"Canton, OH",murder,0.09738296415942169,0.12127914203201137,0.06334255884503774
7,OH0760400,"Canton, OH",murder,0.11118341410659602,0.1304420618627369,0.06335611141235345
8,OH0760400,"Canton, OH",murder,0.09275342812753531,0.10633819165902252,0.06334255884503774
9,OH0760400,"Canton, OH",murder,0.0384862404627525,0.04729629709395199,0.06325096549634707
10,OH0760400,"Canton, OH",murder,-0.00802783031255692,-0.012135345979495536,0.06321807614769778
11,OH0760400,"Canton, OH",murder,-0.006608455110596065,-0.030990377059400692,0.06325096549634705
12,OH0760400,"Canton, OH",murder,-0.0023119678719362097,-0.036912964882964965,0.06334255884503774
1,OH0770100,"Akron, OH",murder,-0.058804930073651264,-0.07865797140690531,0.05961064280593906
2,OH0770100,"Akron, OH",murder,-0.135445940382076,-0.13344869507351387,0.05981173792869486
3,OH0770100,"Akron, OH",murder,-0.13355723675023795,-0.14505750770645914,0.059699703572621714
4,OH0770100,"Akron, OH",murder,-0.04435065372038784,-0.08091301630811415,0.05975633474830731
5,OH0770100,"Akron, OH",murder,0.04930096736513672,0.044524473015340196,0.05969970357262172
6,OH0770100,"Akron, OH",murder,0.09738296415942169,0.14655343407245383,0.05981173792869486
7,OH0770100,"Akron, OH",murder,0.11118341410659602,0.1480712690745637,0.05961064280593905
8,OH0770100,"Akron, OH",murder,0.09275342812753531,0.07435489727843984,0.05981173792869486
9,OH0770100,"Akron, OH",murder,0.0384862404627525,0.016550412243726702,0.05969970357262173
10,OH0770100,"Akron, OH",murder,-0.00802783031255692,0.011499718640455743,0.05975633474830731
11,OH0770100,"Akron, OH",murder,-0.006608455110596065,0.014569324779733809,0.05969970357262172
12,OH0770100,"Akron, OH",murder,-0.0023119678719362097,-0.01804633860972133,0.05981173792869486
1,OHCIP0000,"Cincinnati, OH",murder,-0.058804930073651264,-0.0857446081455907,0.055525034891163
2,OHCIP0000,"Cincinnati, OH",murder,-0.135445940382076,-0.10999096905635439,0.05594156358995934
3,OHCIP0000,"Cincinnati, OH",murder,-0.13355723675023795,-0.15000604988053592,0.055319176649693456
4,OHCIP0000,"Cincinnati, OH",murder,-0.04435065372038784,-0.10494312937580652,0.05575745726396733
5,OHCIP0000,"Cincinnati, OH",murder,0.04930096736513672,0.05385849002958571,0.05531917664969346
6,OHCIP0000,"Cincinnati, OH",murder,0.09738296415942169,0.18563487987718783,0.05594156358995934
7,OHCIP0000,"Cincinnati, OH",murder,0.11118341410659602,0.17396283130982756,0.05552503489116299
8,OHCIP0000,"Cincinnati, OH",murder,0.09275342812753531,0.0878929123423344,0.05594156358995934
9,OHCIP0000,"Cincinnati, OH",murder,0.0384862404627525,0.03968977000227907,0.05531917664969347
10,OHCIP0000,"Cincinnati, OH",murder,-0.00802783031255692,0.016724906211569683,0.05575745726396733
11,OHCIP0000,"Cincinnati, OH",murder,-0.006608455110596065,-0.031760433315565745,0.055319176649693456
12,OHCIP0000,"Cincinnati, OH",murder,-0.0023119678719362097,-0.07531859999893094,0.05594156358995934
1,OHCLP0000,"Cleveland, OH",murder,-0.058804930073651264,-0.11826150382707845,0.05162911945697818
2,OHCLP0000,"Cleveland, OH",murder,-0.135445940382076,-0.20207378474011176,0.05174698199458079
3,OHCLP0000,"Cleveland, OH",murder,-0.13355723675023795,-0.17403958787822948,0.05172264287772523
4,OHCLP0000,"Cleveland, OH",murder,-0.04435065372038784,-0.06741159519857506,0.05155159115707573
5,OHCLP0000,"Cleveland, OH",murder,0.04930096736513672,0.046103332697240984,0.051722642877725246
6,OHCLP0000,"Cleveland, OH",murder,0.09738296415942169,0.1304824541097148,0.05174698199458079
7,OHCLP0000,"Cleveland, OH",murder,0.11118341410659602,0.15972740460635965,0.05162911945697817
8,OHCLP0000,"Cleveland, OH",murder,0.09275342812753531,0.11643095868383263,0.05174698199458079
9,OHCLP0000,"Cleveland, OH",murder,0.0384862404627525,0.04693086104266911,0.051722642877725246
10,OHCLP0000,"Cleveland, OH",murder,-0.00802783031255692,0.025945694419293855,0.05155159115707573
11,OHCLP0000,"Cleveland, OH",murder,-0.006608455110596065,0.03953949335903811,0.05172264287772524
12,OHCLP0000,"Cleveland, OH",murder,-0.0023119678719362097,-0.0033737272741543468,0.05174698199458079
1,OHCOP0000,"Columbus, OH",murder,-0.058804930073651264,-0.0351919268992953,0.051508916791471515
2,OHCOP0000,"Columbus, OH",murder,-0.135445940382076,-0.18299235542757336,0.051633232458557075
3,OHCOP0000,"Columbus, OH",murder,-0.13355723675023795,-0.18681549562899244,0.05171733086814817
4,OHCOP0000,"Columbus, OH",murder,-0.04435065372038784,-0.029770170098303288,0.051625470904484425
5,OHCOP0000,"Columbus, OH",murder,0.04930096736513672,0.08524416515732297,0.051717330868148184
6,OHCOP0000,"Columbus, OH",murder,0.09738296415942169,0.08191006931816718,0.051633232458557075
7,OHCOP0000,"Columbus, OH",murder,0.11118341410659602,0.07700344737042773,0.05150891679147151
8,OHCOP0000,"Columbus, OH",murder,0.09275342812753531,0.10203438860925065,0.051633232458557075
9,OHCOP0000,"Columbus, OH",murder,0.0384862404627525,0.0640460083395373,0.051717330868148184
10,OHCOP0000,"Columbus, OH",murder,-0.00802783031255692,-0.012041350372829128,0.051625470904484425
11,OHCOP0000,"Columbus, OH",murder,-0.006608455110596065,-0.00428619833900028,0.05171733086814817
12,OHCOP0000,"Columbus, OH",murder,-0.0023119678719362097,0.04085941797128798,0.051633232458557075
1,OK0140100,"Moore, OK",murder,-0.058804930073651264,-0.0636857687760021,0.06479199096090263
2,OK0140100,"Moore, OK",murder,-0.135445940382076,-0.1349277984519639,0.06479703191636133
3,OK0140100,"Moore, OK",murder,-0.13355723675023795,-0.1205774211152987,0.06480430924972726
4,OK0140100,"Moore, OK",murder,-0.04435065372038784,-0.03171444601445343,0.06480858173403709
5,OK0140100,"Moore, OK",murder,0.04930096736513672,0.049228928229381255,0.06480430924972727
6,OK0140100,"Moore, OK",murder,0.09738296415942169,0.09224657799671704,0.06479703191636133
7,OK0140100,"Moore, OK",murder,0.11118341410659602,0.11141224365207326,0.06479199096090262
8,OK0140100,"Moore, OK",murder,0.09275342812753531,0.09243881018117339,0.06479703191636133
9,OK0140100,"Moore, OK",murder,0.0384862404627525,0.030361957968437027,0.06480430924972727
10,OK0140100,"Moore, OK",murder,-0.00802783031255692,-0.01601202886161774,0.06480858173403709
11,OK0140100,"Moore, OK",murder,-0.006608455110596065,-0.006739939958590779,0.06480430924972726
12,OK0140100,"Moore, OK",murder,-0.0023119678719362097,-0.0020311148498553225,0.06479703191636133
1,OK0550300,"Edmond, OK",murder,-0.058804930073651264,-0.06451083281895567,0.06458502485454899
2,OK0550300,"Edmond, OK",murder,-0.135445940382076,-0.1318806250325318,0.06457650103864905
3,OK0550300,"Edmond, OK",murder,-0.13355723675023795,-0.12477595371507785,0.06459227259670555
4,OK0550300,"Edmond, OK",murder,-0.04435065372038784,-0.04334799358765547,0.06458223034181623
5,OK0550300,"Edmond, OK",murder,0.04930096736513672,0.044881133505603105,0.06459227259670557
6,OK0550300,"Edmond, OK",murder,0.09738296415942169,0.10207449434652177,0.06457650103864905
7,OK0550300,"Edmond, OK",murder,0.11118341410659602,0.12428747612526417,0.06458502485454898
8,OK0550300,"Edmond, OK",murder,0.09275342812753531,0.0978843681742939,0.06457650103864905
9,OK0550300,"Edmond, OK",murder,0.0384862404627525,0.031003053550531443,0.06459227259670557
10,OK0550300,"Edmond, OK",murder,-0.00802783031255692,-0.016428649718653033,0.06458223034181623
11,OK0550300,"Edmond, OK",murder,-0.006608455110596065,-0.01088487664736522,0.06459227259670555
12,OK0550300,"Edmond, OK",murder,-0.0023119678719362097,-0.00830159418197532,0.06457650103864905
1,OK0550400,"Midwest City, OK",murder,-0.058804930073651264,-0.049451803989966854,0.06431680058845833
2,OK0550400,"Midwest City, OK",murder,-0.135445940382076,-0.13833066937738062,0.06431339687663004
3,OK0550400,"Midwest City, OK",murder,-0.13355723675023795,-0.1400365235681181,0.06431096155287416
4,OK0550400,"Midwest City, OK",murder,-0.04435065372038784,-0.038672734940506964,0.06427755368003055
5,OK0550400,"Midwest City, OK",murder,0.04930096736513672,0.06096202718160074,0.06431096155287416
6,OK0550400,"Midwest City, OK",murder,0.09738296415942169,0.0933645204936914,0.06431339687663004
7,OK0550400,"Midwest City, OK",murder,0.11118341410659602,0.08947478165272453,0.06431680058845833
8,OK0550400,"Midwest City, OK",murder,0.09275342812753531,0.07449182473606679,0.06431339687663006
9,OK0550400,"Midwest City, OK",murder,0.0384862404627525,0.03617470126404659,0.06431096155287418
10,OK0550400,"Midwest City, OK",murder,-0.00802783031255692,-0.0013502427222507256,0.06427755368003055
11,OK0550400,"Midwest City, OK",murder,-0.006608455110596065,0.00287681745971306,0.06431096155287416
12,OK0550400,"Midwest City, OK",murder,-0.0023119678719362097,0.010497301810380144,0.06431339687663004
1,OK0550600,"Oklahoma City, OK",murder,-0.058804930073651264,-0.08878285435346397,0.055145957102345315
2,OK0550600,"Oklahoma City, OK",murder,-0.135445940382076,-0.13946549085358947,0.05533436567644683
3,OK0550600,"Oklahoma City, OK",murder,-0.13355723675023795,-0.10448752103110019,0.055302157449004435
4,OK0550600,"Oklahoma City, OK",murder,-0.04435065372038784,-0.034386705414766155,0.05513976507584352
5,OK0550600,"Oklahoma City, OK",murder,0.04930096736513672,0.01574494306145111,0.05530215744900444
6,OK0550600,"Oklahoma City, OK",murder,0.09738296415942169,0.07921624381171986,0.05533436567644683
7,OK0550600,"Oklahoma City, OK",murder,0.11118341410659602,0.15622078546823917,0.05514595710234531
8,OK0550600,"Oklahoma City, OK",murder,0.09275342812753531,0.15469971317533185,0.05533436567644683
9,OK0550600,"Oklahoma City, OK",murder,0.0384862404627525,0.052283812238067356,0.05530215744900444
10,OK0550600,"Oklahoma City, OK",murder,-0.00802783031255692,-0.03305122570000907,0.05513976507584352
11,OK0550600,"Oklahoma City, OK",murder,-0.006608455110596065,-0.030979165383193515,0.055302157449004435
12,OK0550600,"Oklahoma City, OK",murder,-0.0023119678719362097,-0.027012535018686945,0.05533436567644683
1,OK0720100,"Broken Arrow, OK",murder,-0.058804930073651264,-0.05819145775316199,0.06440796479669078
2,OK0720100,"Broken Arrow, OK",murder,-0.135445940382076,-0.1399856812547718,0.06435889569269634
3,OK0720100,"Broken Arrow, OK",murder,-0.13355723675023795,-0.15450838797307992,0.06440053762099619
4,OK0720100,"Broken Arrow, OK",murder,-0.04435065372038784,-0.052246943743834914,0.06439389806011749
5,OK0720100,"Broken Arrow, OK",murder,0.04930096736513672,0.06784295125309833,0.0644005376209962
6,OK0720100,"Broken Arrow, OK",murder,0.09738296415942169,0.10607935201408712,0.06435889569269634
7,OK0720100,"Broken Arrow, OK",murder,0.11118341410659602,0.09018028369185148,0.06440796479669077
8,OK0720100,"Broken Arrow, OK",murder,0.09275342812753531,0.08020112049300908,0.06435889569269634
9,OK0720100,"Broken Arrow, OK",murder,0.0384862404627525,0.06273500127262771,0.0644005376209962
10,OK0720100,"Broken Arrow, OK",murder,-0.00802783031255692,0.02025811780514544,0.06439389806011749
11,OK0720100,"Broken Arrow, OK",murder,-0.006608455110596065,-0.008058390491335651,0.06440053762099619
12,OK0720100,"Broken Arrow, OK",murder,-0.0023119678719362097,-0.014305965313634917,0.06435889569269634
1,OR0020100,"Corvallis, OR",murder,-0.058804930073651264,-0.06012549903417022,0.06490799697237555
2,OR0020100,"Corvallis, OR",murder,-0.135445940382076,-0.13418007572606264,0.06491103760895713
3,OR0020100,"Corvallis, OR",murder,-0.13355723675023795,-0.12674260269039336,0.06491082191564923
4,OR0020100,"Corvallis, OR",murder,-0.04435065372038784,-0.040490340236061524,0.06490876812868554
5,OR0020100,"Corvallis, OR",murder,0.04930096736513672,0.044210435375481374,0.06491082191564924
6,OR0020100,"Corvallis, OR",murder,0.09738296415942169,0.09129819266387477,0.06491103760895713
7,OR0020100,"Corvallis, OR",murder,0.11118341410659602,0.11227309129564345,0.06490799697237555
8,OR0020100,"Corvallis, OR",murder,0.09275342812753531,0.09579360766414642,0.06491103760895713
9,OR0020100,"Corvallis, OR",murder,0.0384862404627525,0.0362085423670039,0.06491082191564924
10,OR0020100,"Corvallis, OR",murder,-0.00802783031255692,-0.011657252025411714,0.06490876812868554
11,OR0020100,"Corvallis, OR",murder,-0.006608455110596065,-0.005823967313565188,0.06491082191564924
12,OR0020100,"Corvallis, OR",murder,-0.0023119678719362097,-7.641323404852917e-4,0.06491103760895713
1,OR0030000,"Clackamas, OR",murder,-0.058804930073651264,-0.06714734537064931,0.06410238882776687
2,OR0030000,"Clackamas, OR",murder,-0.135445940382076,-0.12181789323123092,0.06404289363641637
3,OR0030000,"Clackamas, OR",murder,-0.13355723675023795,-0.10939058051038947,0.06410388304462163
4,OR0030000,"Clackamas, OR",murder,-0.04435065372038784,-0.0462390959356005,0.0640128682362472
5,OR0030000,"Clackamas, OR",murder,0.04930096736513672,0.024180786642111464,0.06410388304462164
6,OR0030000,"Clackamas, OR",murder,0.09738296415942169,0.08367274092767103,0.06404289363641637
7,OR0030000,"Clackamas, OR",murder,0.11118341410659602,0.11349480631780874,0.06410238882776687
8,OR0030000,"Clackamas, OR",murder,0.09275342812753531,0.08801921199432472,0.06404289363641637
9,OR0030000,"Clackamas, OR",murder,0.0384862404627525,0.029244438326323837,0.06410388304462164
10,OR0030000,"Clackamas, OR",murder,-0.00802783031255692,-1.0836501155894176e-4,0.0640128682362472
11,OR0030000,"Clackamas, OR",murder,-0.006608455110596065,0.009617894594794703,0.06410388304462163
12,OR0030000,"Clackamas, OR",murder,-0.0023119678719362097,-0.0035265987436053424,0.06404289363641637
1,OR0090100,"Bend, OR",murder,-0.058804930073651264,-0.05737784925994795,0.06479399214238818
2,OR0090100,"Bend, OR",murder,-0.135445940382076,-0.1376249510811735,0.06482217706127509
3,OR0090100,"Bend, OR",murder,-0.13355723675023795,-0.13079940150912195,0.064802356538942
4,OR0090100,"Bend, OR",murder,-0.04435065372038784,-0.039960639056905625,0.0648169135174685
5,OR0090100,"Bend, OR",murder,0.04930096736513672,0.043915167931500416,0.06480235653894201
6,OR0090100,"Bend, OR",murder,0.09738296415942169,0.08811102674080692,0.06482217706127509
7,OR0090100,"Bend, OR",murder,0.11118341410659602,0.11489490753315697,0.06479399214238818
8,OR0090100,"Bend, OR",murder,0.09275342812753531,0.1062799245693618,0.06482217706127509
9,OR0090100,"Bend, OR",murder,0.0384862404627525,0.04193731672410121,0.06480235653894201
10,OR0090100,"Bend, OR",murder,-0.00802783031255692,-0.0175564192163034,0.0648169135174685
11,OR0090100,"Bend, OR",murder,-0.006608455110596065,-0.012570141419688744,0.064802356538942
12,OR0090100,"Bend, OR",murder,-0.0023119678719362097,7.510580442138292e-4,0.06482217706127509
1,OR0150400,"Medford, OR",murder,-0.058804930073651264,-0.05087219351749639,0.06443164676673052
2,OR0150400,"Medford, OR",murder,-0.135445940382076,-0.13554133158623793,0.06442654523555148
3,OR0150400,"Medford, OR",murder,-0.13355723675023795,-0.13588035386008795,0.06441820994176001
4,OR0150400,"Medford, OR",murder,-0.04435065372038784,-0.04158576731030925,0.06441152476351233
5,OR0150400,"Medford, OR",murder,0.04930096736513672,0.05101688741786461,0.06441820994176001
6,OR0150400,"Medford, OR",murder,0.09738296415942169,0.08795332859175795,0.06442654523555148
7,OR0150400,"Medford, OR",murder,0.11118341410659602,0.09520872808985062,0.06443164676673051
8,OR0150400,"Medford, OR",murder,0.09275342812753531,0.08377218468789847,0.06442654523555148
9,OR0150400,"Medford, OR",murder,0.0384862404627525,0.03977467238939424,0.06441820994176002
10,OR0150400,"Medford, OR",murder,-0.00802783031255692,-0.002750767262044991,0.06441152476351233
11,OR0150400,"Medford, OR",murder,-0.006608455110596065,7.522594804748259e-4,0.06441820994176001
12,OR0150400,"Medford, OR",murder,-0.0023119678719362097,0.008152352878935789,0.06442654523555148
1,OR0220100,"Albany, OR",murder,-0.058804930073651264,-0.04921516184176047,0.06477835454409409
2,OR0220100,"Albany, OR",murder,-0.135445940382076,-0.12270692755431098,0.0647846587633589
3,OR0220100,"Albany, OR",murder,-0.13355723675023795,-0.1271265698397932,0.06478116506091489
4,OR0220100,"Albany, OR",murder,-0.04435065372038784,-0.04426035628627614,0.064769502317100075
5,OR0220100,"Albany, OR",murder,0.04930096736513672,0.046258709149801396,0.0647811650609149
6,OR0220100,"Albany, OR",murder,0.09738296415942169,0.09117130013217999,0.0647846587633589
7,OR0220100,"Albany, OR",murder,0.11118341410659602,0.10388596668996529,0.06477835454409407
8,OR0220100,"Albany, OR",murder,0.09275342812753531,0.08998973662022604,0.0647846587633589
9,OR0220100,"Albany, OR",murder,0.0384862404627525,0.03973857405750343,0.0647811650609149
10,OR0220100,"Albany, OR",murder,-0.00802783031255692,-0.010410448561928682,0.064769502317100075
11,OR0220100,"Albany, OR",murder,-0.006608455110596065,-0.013541518215716473,0.06478116506091489
12,OR0220100,"Albany, OR",murder,-0.0023119678719362097,-0.0037833043498901914,0.0647846587633589
1,OR0240200,"Salem, OR",murder,-0.058804930073651264,-0.04629136297861512,0.06398511643965057
2,OR0240200,"Salem, OR",murder,-0.135445940382076,-0.13590304670638054,0.06396016523716157
3,OR0240200,"Salem, OR",murder,-0.13355723675023795,-0.14691601864991405,0.06396555048390973
4,OR0240200,"Salem, OR",murder,-0.04435065372038784,-0.05534668046524006,0.06399482687564503
5,OR0240200,"Salem, OR",murder,0.04930096736513672,0.04505000588212851,0.06396555048390974
6,OR0240200,"Salem, OR",murder,0.09738296415942169,0.09788190551446282,0.06396016523716157
7,OR0240200,"Salem, OR",murder,0.11118341410659602,0.12203093533953539,0.06398511643965056
8,OR0240200,"Salem, OR",murder,0.09275342812753531,0.11279469861004737,0.06396016523716157
9,OR0240200,"Salem, OR",murder,0.0384862404627525,0.048068098192660585,0.06396555048390974
10,OR0240200,"Salem, OR",murder,-0.00802783031255692,-0.02039289189568022,0.06399482687564503
11,OR0240200,"Salem, OR",murder,-0.006608455110596065,-0.021941657785795366,0.06396555048390973
12,OR0240200,"Salem, OR",murder,-0.0023119678719362097,9.660149427906531e-4,0.06396016523716157
1,OR0260100,"Gresham, OR",murder,-0.058804930073651264,-0.05544917756580479,0.06351358758589763
2,OR0260100,"Gresham, OR",murder,-0.135445940382076,-0.13822115603274643,0.06359968654076546
3,OR0260100,"Gresham, OR",murder,-0.13355723675023795,-0.1253372955834626,0.06354027979471484
4,OR0260100,"Gresham, OR",murder,-0.04435065372038784,-0.03165426839430087,0.06358628702712976
5,OR0260100,"Gresham, OR",murder,0.04930096736513672,0.04188521031326964,0.06354027979471485
6,OR0260100,"Gresham, OR",murder,0.09738296415942169,0.0756103912823883,0.06359968654076546
7,OR0260100,"Gresham, OR",murder,0.11118341410659602,0.10633075560390366,0.06351358758589762
8,OR0260100,"Gresham, OR",murder,0.09275342812753531,0.10715676164545279,0.06359968654076548
9,OR0260100,"Gresham, OR",murder,0.0384862404627525,0.04339132315807006,0.06354027979471485
10,OR0260100,"Gresham, OR",murder,-0.00802783031255692,-0.01922730964379802,0.06358628702712976
11,OR0260100,"Gresham, OR",murder,-0.006608455110596065,-0.01082081592597602,0.06354027979471484
12,OR0260100,"Gresham, OR",murder,-0.0023119678719362097,0.006335581143004253,0.06359968654076546
1,OR0260200,"Portland, OR",murder,-0.058804930073651264,-0.07698453724134859,0.05683597811732478
2,OR0260200,"Portland, OR",murder,-0.135445940382076,-0.14373923620962714,0.056865034225912874
3,OR0260200,"Portland, OR",murder,-0.13355723675023795,-0.13891592584768087,0.05701895947077553
4,OR0260200,"Portland, OR",murder,-0.04435065372038784,-0.07515877206291971,0.05696407976204909
5,OR0260200,"Portland, OR",murder,0.04930096736513672,0.014229188184325729,0.05701895947077554
6,OR0260200,"Portland, OR",murder,0.09738296415942169,0.10147019352201918,0.056865034225912874
7,OR0260200,"Portland, OR",murder,0.11118341410659602,0.1408521748637441,0.05683597811732476
8,OR0260200,"Portland, OR",murder,0.09275342812753531,0.1022719138738741,0.056865034225912874
9,OR0260200,"Portland, OR",murder,0.0384862404627525,0.033580965889532285,0.057018959470775545
10,OR0260200,"Portland, OR",murder,-0.00802783031255692,0.011291134440524176,0.05696407976204909
11,OR0260200,"Portland, OR",murder,-0.006608455110596065,0.027238134151427274,0.05701895947077553
12,OR0260200,"Portland, OR",murder,-0.0023119678719362097,0.0038647664361294814,0.056865034225912874
1,OR0340000,"Washington, OR",murder,-0.058804930073651264,-0.04587462540687001,0.06443015231909503
2,OR0340000,"Washington, OR",murder,-0.135445940382076,-0.12492129777952851,0.06443032069730065
3,OR0340000,"Washington, OR",murder,-0.13355723675023795,-0.13411706451529706,0.06441757412192194
4,OR0340000,"Washington, OR",murder,-0.04435065372038784,-0.05067001462940442,0.06441026464559864
5,OR0340000,"Washington, OR",murder,0.04930096736513672,0.043643783797596494,0.06441757412192195
6,OR0340000,"Washington, OR",murder,0.09738296415942169,0.08879509475933464,0.06443032069730065
7,OR0340000,"Washington, OR",murder,0.11118341410659602,0.09843405557917036,0.06443015231909502
8,OR0340000,"Washington, OR",murder,0.09275342812753531,0.0854977577208018,0.06443032069730065
9,OR0340000,"Washington, OR",murder,0.0384862404627525,0.042134094284270014,0.06441757412192195
10,OR0340000,"Washington, OR",murder,-0.00802783031255692,-0.001889415542895931,0.06441026464559864
11,OR0340000,"Washington, OR",murder,-0.006608455110596065,-0.004220243738869817,0.06441757412192194
12,OR0340000,"Washington, OR",murder,-0.0023119678719362097,0.003187875471692424,0.06443032069730065
1,OR0340100,"Beaverton, OR",murder,-0.058804930073651264,-0.06497545191062504,0.06465453532313412
2,OR0340100,"Beaverton, OR",murder,-0.135445940382076,-0.14038070050968648,0.06465925021589053
3,OR0340100,"Beaverton, OR",murder,-0.13355723675023795,-0.12914941796709306,0.0646591713051488
4,OR0340100,"Beaverton, OR",murder,-0.04435065372038784,-0.033187947161553585,0.06466849273377269
5,OR0340100,"Beaverton, OR",murder,0.04930096736513672,0.0565496136046718,0.06465917130514881
6,OR0340100,"Beaverton, OR",murder,0.09738296415942169,0.09738810502361253,0.06465925021589053
7,OR0340100,"Beaverton, OR",murder,0.11118341410659602,0.1097211438674011,0.0646545353231341
8,OR0340100,"Beaverton, OR",murder,0.09275342812753531,0.09249609474145148,0.06465925021589053
9,OR0340100,"Beaverton, OR",murder,0.0384862404627525,0.03651912024208199,0.06465917130514881
10,OR0340100,"Beaverton, OR",murder,-0.00802783031255692,-0.011557744795222489,0.06466849273377269
11,OR0340100,"Beaverton, OR",murder,-0.006608455110596065,-0.008665007836436825,0.0646591713051488
12,OR0340100,"Beaverton, OR",murder,-0.0023119678719362097,-0.004757807298601428,0.06465925021589053
1,OR0340300,"Hillsboro, OR",murder,-0.058804930073651264,-0.05861419374772236,0.06460172100469169
2,OR0340300,"Hillsboro, OR",murder,-0.135445940382076,-0.1340414524357661,0.06461186777041611
3,OR0340300,"Hillsboro, OR",murder,-0.13355723675023795,-0.13203985296789278,0.0646147971896478
4,OR0340300,"Hillsboro, OR",murder,-0.04435065372038784,-0.0479868117317966,0.06461220635366546
5,OR0340300,"Hillsboro, OR",murder,0.04930096736513672,0.040267138585104265,0.0646147971896478
6,OR0340300,"Hillsboro, OR",murder,0.09738296415942169,0.09145559571788182,0.06461186777041611
7,OR0340300,"Hillsboro, OR",murder,0.11118341410659602,0.11433580122945501,0.06460172100469168
8,OR0340300,"Hillsboro, OR",murder,0.09275342812753531,0.1000003262009787,0.06461186777041611
9,OR0340300,"Hillsboro, OR",murder,0.0384862404627525,0.04227711925137271,0.0646147971896478
10,OR0340300,"Hillsboro, OR",murder,-0.00802783031255692,-0.007734795749936065,0.06461220635366546
11,OR0340300,"Hillsboro, OR",murder,-0.006608455110596065,-0.006226012350316898,0.0646147971896478
12,OR0340300,"Hillsboro, OR",murder,-0.0023119678719362097,-0.0016928620013617268,0.0646118677704161
1,OR0340400,"Tigard, OR",murder,-0.058804930073651264,-0.050114894316529726,0.06479685838538769
2,OR0340400,"Tigard, OR",murder,-0.135445940382076,-0.13200030894028775,0.06480080515020128
3,OR0340400,"Tigard, OR",murder,-0.13355723675023795,-0.13238155665309848,0.06479760166273366
4,OR0340400,"Tigard, OR",murder,-0.04435065372038784,-0.040832309317406085,0.06479451836735223
5,OR0340400,"Tigard, OR",murder,0.04930096736513672,0.05314130353842477,0.06479760166273367
6,OR0340400,"Tigard, OR",murder,0.09738296415942169,0.09695297122216051,0.06480080515020128
7,OR0340400,"Tigard, OR",murder,0.11118341410659602,0.10622080345279178,0.06479685838538768
8,OR0340400,"Tigard, OR",murder,0.09275342812753531,0.08533146103991938,0.06480080515020128
9,OR0340400,"Tigard, OR",murder,0.0384862404627525,0.02960679961646805,0.06479760166273367
10,OR0340400,"Tigard, OR",murder,-0.00802783031255692,-0.015273599818855971,0.06479451836735223
11,OR0340400,"Tigard, OR",murder,-0.006608455110596065,-0.00647245563805644,0.06479760166273366
12,OR0340400,"Tigard, OR",murder,-0.0023119678719362097,0.005821785814469924,0.06480080515020128
1,PA0061400,"Reading, PA",murder,-0.058804930073651264,-0.03466430357575175,0.06283602734185283
2,PA0061400,"Reading, PA",murder,-0.135445940382076,-0.1304712657490559,0.06278881278684544
3,PA0061400,"Reading, PA",murder,-0.13355723675023795,-0.1419184773407376,0.06284897281012872
4,PA0061400,"Reading, PA",murder,-0.04435065372038784,-0.03881688569943267,0.06278535555498439
5,PA0061400,"Reading, PA",murder,0.04930096736513672,0.05923692132880561,0.06284897281012873
6,PA0061400,"Reading, PA",murder,0.09738296415942169,0.0853377554184556,0.06278881278684544
7,PA0061400,"Reading, PA",murder,0.11118341410659602,0.09051117628104312,0.06283602734185281
8,PA0061400,"Reading, PA",murder,0.09275342812753531,0.09356134575978735,0.06278881278684544
9,PA0061400,"Reading, PA",murder,0.0384862404627525,0.049161684646177664,0.06284897281012873
10,PA0061400,"Reading, PA",murder,-0.00802783031255692,-0.01702998700585869,0.06278535555498439
11,PA0061400,"Reading, PA",murder,-0.006608455110596065,-0.022327001339537078,0.06284897281012872
12,PA0061400,"Reading, PA",murder,-0.0023119678719362097,0.007419037276104312,0.06278881278684544
1,PA0090100,"Bensalem, PA",murder,-0.058804930073651264,-0.056014524053977964,0.06475383322648968
2,PA0090100,"Bensalem, PA",murder,-0.135445940382076,-0.11807955090863277,0.06473472590872396
3,PA0090100,"Bensalem, PA",murder,-0.13355723675023795,-0.12003228874081061,0.06474298736566751
4,PA0090100,"Bensalem, PA",murder,-0.04435065372038784,-0.053985665483853196,0.06472372248616576
5,PA0090100,"Bensalem, PA",murder,0.04930096736513672,0.03201487830728589,0.06474298736566751
6,PA0090100,"Bensalem, PA",murder,0.09738296415942169,0.0961057196984719,0.06473472590872396
7,PA0090100,"Bensalem, PA",murder,0.11118341410659602,0.11750059690834869,0.06475383322648967
8,PA0090100,"Bensalem, PA",murder,0.09275342812753531,0.08678115189938816,0.06473472590872396
9,PA0090100,"Bensalem, PA",murder,0.0384862404627525,0.027247816877195262,0.06474298736566751
10,PA0090100,"Bensalem, PA",murder,-0.00802783031255692,-0.007500407370517537,0.06472372248616576
11,PA0090100,"Bensalem, PA",murder,-0.006608455110596065,-7.164792980413052e-4,0.06474298736566751
12,PA0090100,"Bensalem, PA",murder,-0.0023119678719362097,-0.003321247834856513,0.06473472590872396
1,PA0140300,"State College, PA",murder,-0.058804930073651264,-0.04609809365327071,0.06492734985291473
2,PA0140300,"State College, PA",murder,-0.135445940382076,-0.12996942309626736,0.06491233385020771
3,PA0140300,"State College, PA",murder,-0.13355723675023795,-0.1388507823325732,0.06492216808297015
4,PA0140300,"State College, PA",murder,-0.04435065372038784,-0.049040921433681384,0.06491184842433442
5,PA0140300,"State College, PA",murder,0.04930096736513672,0.04893665419800919,0.06492216808297016
6,PA0140300,"State College, PA",murder,0.09738296415942169,0.09397114478155444,0.06491233385020771
7,PA0140300,"State College, PA",murder,0.11118341410659602,0.10526261294986275,0.06492734985291472
8,PA0140300,"State College, PA",murder,0.09275342812753531,0.09298758937470042,0.06491233385020771
9,PA0140300,"State College, PA",murder,0.0384862404627525,0.0427044293144142,0.06492216808297017
10,PA0140300,"State College, PA",murder,-0.00802783031255692,-0.010123597862910656,0.06491184842433442
11,PA0140300,"State College, PA",murder,-0.006608455110596065,-0.01195482047644227,0.06492216808297016
12,PA0140300,"State College, PA",murder,-0.0023119678719362097,0.002175208236604562,0.06491233385020771
1,PA0220200,"Harrisburg, PA",murder,-0.058804930073651264,-0.05898594920990512,0.06231913371818533
2,PA0220200,"Harrisburg, PA",murder,-0.135445940382076,-0.154523898802637,0.06240945026249651
3,PA0220200,"Harrisburg, PA",murder,-0.13355723675023795,-0.13267848108213884,0.06237988164133045
4,PA0220200,"Harrisburg, PA",murder,-0.04435065372038784,-0.04086527461663222,0.062377412571824956
5,PA0220200,"Harrisburg, PA",murder,0.04930096736513672,0.02618957363927378,0.062379881641330466
6,PA0220200,"Harrisburg, PA",murder,0.09738296415942169,0.06896033470310492,0.06240945026249651
7,PA0220200,"Harrisburg, PA",murder,0.11118341410659602,0.10584085223965588,0.062319133718185316
8,PA0220200,"Harrisburg, PA",murder,0.09275342812753531,0.0913573731015337,0.06240945026249651
9,PA0220200,"Harrisburg, PA",murder,0.0384862404627525,0.02265705235128476,0.062379881641330466
10,PA0220200,"Harrisburg, PA",murder,-0.00802783031255692,-0.005989628413118564,0.062377412571824956
11,PA0220200,"Harrisburg, PA",murder,-0.006608455110596065,0.03697695206182947,0.06237988164133045
12,PA0220200,"Harrisburg, PA",murder,-0.0023119678719362097,0.04106109402774921,0.06240945026249651
1,PA0220400,"Lower Paxton, PA",murder,-0.058804930073651264,-0.06014119673207472,0.06492731396234357
2,PA0220400,"Lower Paxton, PA",murder,-0.135445940382076,-0.13524761127133386,0.0649269727760197
3,PA0220400,"Lower Paxton, PA",murder,-0.13355723675023795,-0.13189155374586709,0.0649277883514494
4,PA0220400,"Lower Paxton, PA",murder,-0.04435065372038784,-0.04100789284543002,0.06492841192718399
5,PA0220400,"Lower Paxton, PA",murder,0.04930096736513672,0.05179700484088684,0.0649277883514494
6,PA0220400,"Lower Paxton, PA",murder,0.09738296415942169,0.09609741380259913,0.0649269727760197
7,PA0220400,"Lower Paxton, PA",murder,0.11118341410659602,0.10812104941870343,0.06492731396234355
8,PA0220400,"Lower Paxton, PA",murder,0.09275342812753531,0.09264307140442032,0.0649269727760197
9,PA0220400,"Lower Paxton, PA",murder,0.0384862404627525,0.04130716119232485,0.06492778835144941
10,PA0220400,"Lower Paxton, PA",murder,-0.00802783031255692,-0.006971959841198693,0.06492841192718399
11,PA0220400,"Lower Paxton, PA",murder,-0.006608455110596065,-0.009192464973973337,0.0649277883514494
12,PA0220400,"Lower Paxton, PA",murder,-0.0023119678719362097,-0.005513021249056864,0.0649269727760197
1,PA0231400,"Haverford, PA",murder,-0.058804930073651264,-0.0629502086430508,0.06494725670683087
2,PA0231400,"Haverford, PA",murder,-0.135445940382076,-0.13679805766646233,0.06493433727472656
3,PA0231400,"Haverford, PA",murder,-0.13355723675023795,-0.1333046947795247,0.0649385929364893
4,PA0231400,"Haverford, PA",murder,-0.04435065372038784,-0.04853908060023571,0.06493495539046037
5,PA0231400,"Haverford, PA",murder,0.04930096736513672,0.04478717617176862,0.06493859293648932
6,PA0231400,"Haverford, PA",murder,0.09738296415942169,0.10274436809119192,0.06493433727472656
7,PA0231400,"Haverford, PA",murder,0.11118341410659602,0.12356072524500886,0.06494725670683085
8,PA0231400,"Haverford, PA",murder,0.09275342812753531,0.09839654504229971,0.06493433727472657
9,PA0231400,"Haverford, PA",murder,0.0384862404627525,0.034292665553404,0.06493859293648932
10,PA0231400,"Haverford, PA",murder,-0.00802783031255692,-0.01207143600172236,0.06493495539046037
11,PA0231400,"Haverford, PA",murder,-0.006608455110596065,-0.006385663547606024,0.0649385929364893
12,PA0231400,"Haverford, PA",murder,-0.0023119678719362097,-0.00373233886507119,0.06493433727472657
1,PA0233700,"Upper Darby, PA",murder,-0.058804930073651264,-0.04808586150371654,0.06416089730922193
2,PA0233700,"Upper Darby, PA",murder,-0.135445940382076,-0.13116007755971815,0.06415266395851485
3,PA0233700,"Upper Darby, PA",murder,-0.13355723675023795,-0.1311023517364167,0.06415039249162013
4,PA0233700,"Upper Darby, PA",murder,-0.04435065372038784,-0.04378520527421078,0.06419973327532245
5,PA0233700,"Upper Darby, PA",murder,0.04930096736513672,0.046130914432601096,0.06415039249162015
6,PA0233700,"Upper Darby, PA",murder,0.09738296415942169,0.09853220250574984,0.06415266395851485
7,PA0233700,"Upper Darby, PA",murder,0.11118341410659602,0.12178719676912143,0.06416089730922193
8,PA0233700,"Upper Darby, PA",murder,0.09275342812753531,0.09870903250617186,0.06415266395851485
9,PA0233700,"Upper Darby, PA",murder,0.0384862404627525,0.024949971417465515,0.06415039249162015
10,PA0233700,"Upper Darby, PA",murder,-0.00802783031255692,-0.029916129991194116,0.06419973327532245
11,PA0233700,"Upper Darby, PA",murder,-0.006608455110596065,-0.013679869379054821,0.06415039249162013
12,PA0233700,"Upper Darby, PA",murder,-0.0023119678719362097,0.007620177813201383,0.06415266395851485
1,PA0250200,"Erie, PA",murder,-0.058804930073651264,-0.06435974606772023,0.0633821350553062
2,PA0250200,"Erie, PA",murder,-0.135445940382076,-0.1390092236839908,0.063467424663722
3,PA0250200,"Erie, PA",murder,-0.13355723675023795,-0.12357802014505105,0.06348478904977424
4,PA0250200,"Erie, PA",murder,-0.04435065372038784,-0.04659198142038421,0.06347349472263779
5,PA0250200,"Erie, PA",murder,0.04930096736513672,0.017458299548725485,0.06348478904977425
6,PA0250200,"Erie, PA",murder,0.09738296415942169,0.06780804988145049,0.063467424663722
7,PA0250200,"Erie, PA",murder,0.11118341410659602,0.11741511029587418,0.06338213505530618
8,PA0250200,"Erie, PA",murder,0.09275342812753531,0.11717024972069759,0.063467424663722
9,PA0250200,"Erie, PA",murder,0.0384862404627525,0.04868368195360389,0.06348478904977425
10,PA0250200,"Erie, PA",murder,-0.00802783031255692,-0.0064633828077697505,0.06347349472263779
11,PA0250200,"Erie, PA",murder,-0.006608455110596065,0.004380674414567682,0.06348478904977424
12,PA0250200,"Erie, PA",murder,-0.0023119678719362097,0.007086288309996721,0.063467424663722
1,PA0250300,"Millcreek, PA",murder,-0.058804930073651264,-0.06343198655987978,0.06489303856425956
2,PA0250300,"Millcreek, PA",murder,-0.135445940382076,-0.13134802200242146,0.06490249633474787
3,PA0250300,"Millcreek, PA",murder,-0.13355723675023795,-0.12250230125975092,0.06490547328918658
4,PA0250300,"Millcreek, PA",murder,-0.04435065372038784,-0.039097755083852444,0.06489321444368562
5,PA0250300,"Millcreek, PA",murder,0.04930096736513672,0.043256991840548605,0.06490547328918658
6,PA0250300,"Millcreek, PA",murder,0.09738296415942169,0.08982612745150735,0.06490249633474787
7,PA0250300,"Millcreek, PA",murder,0.11118341410659602,0.11135078475150831,0.06489303856425954
8,PA0250300,"Millcreek, PA",murder,0.09275342812753531,0.09719287587338603,0.06490249633474787
9,PA0250300,"Millcreek, PA",murder,0.0384862404627525,0.04042835693908696,0.0649054732891866
10,PA0250300,"Millcreek, PA",murder,-0.00802783031255692,-0.008821043107776093,0.06489321444368562
11,PA0250300,"Millcreek, PA",murder,-0.006608455110596065,-0.00910184571151321,0.06490547328918658
12,PA0250300,"Millcreek, PA",murder,-0.0023119678719362097,-0.007752183130843355,0.06490249633474787
1,PA0350400,"Scranton, PA",murder,-0.058804930073651264,-0.06766144588279706,0.06461732598022954
2,PA0350400,"Scranton, PA",murder,-0.135445940382076,-0.13390920545953944,0.06459813457238954
3,PA0350400,"Scranton, PA",murder,-0.13355723675023795,-0.11376368653681361,0.06462045968964009
4,PA0350400,"Scranton, PA",murder,-0.04435065372038784,-0.02425905100407583,0.06463546011600489
5,PA0350400,"Scranton, PA",murder,0.04930096736513672,0.05355314721864256,0.0646204596896401
6,PA0350400,"Scranton, PA",murder,0.09738296415942169,0.09143989723157374,0.06459813457238954
7,PA0350400,"Scranton, PA",murder,0.11118341410659602,0.10399854947332061,0.06461732598022953
8,PA0350400,"Scranton, PA",murder,0.09275342812753531,0.08194701542830564,0.06459813457238954
9,PA0350400,"Scranton, PA",murder,0.0384862404627525,0.025464392915056224,0.0646204596896401
10,PA0350400,"Scranton, PA",murder,-0.00802783031255692,-0.01207805258644774,0.06463546011600489
11,PA0350400,"Scranton, PA",murder,-0.006608455110596065,-0.0015909571874087765,0.06462045968964009
12,PA0350400,"Scranton, PA",murder,-0.0023119678719362097,-0.003140603609816314,0.06459813457238954
1,PA0360500,"Lancaster, PA",murder,-0.058804930073651264,-0.06372857210129089,0.06423767444072934
2,PA0360500,"Lancaster, PA",murder,-0.135445940382076,-0.1348163230951912,0.0642768473551304
3,PA0360500,"Lancaster, PA",murder,-0.13355723675023795,-0.13755103338920022,0.06428267198007655
4,PA0360500,"Lancaster, PA",murder,-0.04435065372038784,-0.05816018309105258,0.0642592817690574
5,PA0360500,"Lancaster, PA",murder,0.04930096736513672,0.03410132065857452,0.06428267198007655
6,PA0360500,"Lancaster, PA",murder,0.09738296415942169,0.09354204763146638,0.0642768473551304
7,PA0360500,"Lancaster, PA",murder,0.11118341410659602,0.12270130079399874,0.06423767444072932
8,PA0360500,"Lancaster, PA",murder,0.09275342812753531,0.11315039978337921,0.0642768473551304
9,PA0360500,"Lancaster, PA",murder,0.0384862404627525,0.05691238138468037,0.06428267198007655
10,PA0360500,"Lancaster, PA",murder,-0.00802783031255692,-8.125456016552834e-4,0.0642592817690574
11,PA0360500,"Lancaster, PA",murder,-0.006608455110596065,-0.012435397346762554,0.06428267198007655
12,PA0360500,"Lancaster, PA",murder,-0.0023119678719362097,-0.012903395626946484,0.0642768473551304
1,PA0390100,"Allentown, PA",murder,-0.058804930073651264,-0.06087964000406046,0.06311119906787638
2,PA0390100,"Allentown, PA",murder,-0.135445940382076,-0.12526670419972605,0.0632012821674221
3,PA0390100,"Allentown, PA",murder,-0.13355723675023795,-0.12982278555337487,0.06323262984576718
4,PA0390100,"Allentown, PA",murder,-0.04435065372038784,-0.0630017040051728,0.06322530339310271
5,PA0390100,"Allentown, PA",murder,0.04930096736513672,0.0212160334803581,0.06323262984576719
6,PA0390100,"Allentown, PA",murder,0.09738296415942169,0.08146136761895907,0.0632012821674221
7,PA0390100,"Allentown, PA",murder,0.11118341410659602,0.11088619106620573,0.06311119906787636
8,PA0390100,"Allentown, PA",murder,0.09275342812753531,0.1021054626342258,0.0632012821674221
9,PA0390100,"Allentown, PA",murder,0.0384862404627525,0.05665499292572934,0.06323262984576719
10,PA0390100,"Allentown, PA",murder,-0.00802783031255692,0.012995152943027515,0.06322530339310271
11,PA0390100,"Allentown, PA",murder,-0.006608455110596065,0.0019452080851421105,0.06323262984576718
12,PA0390100,"Allentown, PA",murder,-0.0023119678719362097,-0.008293574991313505,0.0632012821674221
1,PA0460100,"Abington, PA",murder,-0.058804930073651264,-0.051303810710214774,0.06483459887357852
2,PA0460100,"Abington, PA",murder,-0.135445940382076,-0.12931964293843484,0.06483105811962035
3,PA0460100,"Abington, PA",murder,-0.13355723675023795,-0.13545652216337678,0.06483059599426524
4,PA0460100,"Abington, PA",murder,-0.04435065372038784,-0.050788929153110715,0.06483720601515515
5,PA0460100,"Abington, PA",murder,0.04930096736513672,0.045877424665460464,0.06483059599426526
6,PA0460100,"Abington, PA",murder,0.09738296415942169,0.09835734590792097,0.06483105811962035
7,PA0460100,"Abington, PA",murder,0.11118341410659602,0.11309021294348849,0.06483459887357851
8,PA0460100,"Abington, PA",murder,0.09275342812753531,0.09379649506543453,0.06483105811962035
9,PA0460100,"Abington, PA",murder,0.0384862404627525,0.038146972057102733,0.06483059599426526
10,PA0460100,"Abington, PA",murder,-0.00802783031255692,-0.010997473080163007,0.06483720601515515
11,PA0460100,"Abington, PA",murder,-0.006608455110596065,-0.010354276792460178,0.06483059599426524
12,PA0460100,"Abington, PA",murder,-0.0023119678719362097,-0.001047795801646913,0.06483105811962035
1,PA0461400,"Lower Merion, PA",murder,-0.058804930073651264,-0.06005456528648214,0.06482395751010955
2,PA0461400,"Lower Merion, PA",murder,-0.135445940382076,-0.14304595276335721,0.06483426373038982
3,PA0461400,"Lower Merion, PA",murder,-0.13355723675023795,-0.13721430197015955,0.064829301591025
4,PA0461400,"Lower Merion, PA",murder,-0.04435065372038784,-0.04391437125213023,0.06483547665474923
5,PA0461400,"Lower Merion, PA",murder,0.04930096736513672,0.04730172941987505,0.06482930159102501
6,PA0461400,"Lower Merion, PA",murder,0.09738296415942169,0.09519485294018395,0.06483426373038982
7,PA0461400,"Lower Merion, PA",murder,0.11118341410659602,0.11484120403216766,0.06482395751010955
8,PA0461400,"Lower Merion, PA",murder,0.09275342812753531,0.09772112381152191,0.06483426373038982
9,PA0461400,"Lower Merion, PA",murder,0.0384862404627525,0.0371028342726387,0.06482930159102501
10,PA0461400,"Lower Merion, PA",murder,-0.00802783031255692,-0.01087226749355531,0.06483547665474923
11,PA0461400,"Lower Merion, PA",murder,-0.006608455110596065,-0.0019769004680397755,0.064829301591025
12,PA0461400,"Lower Merion, PA",murder,-0.0023119678719362097,0.00491661475733693,0.06483426373038982
1,PA0480300,"Bethlehem, PA",murder,-0.058804930073651264,-0.04886065742375558,0.06479711390186384
2,PA0480300,"Bethlehem, PA",murder,-0.135445940382076,-0.13684469519250922,0.06478607955420512
3,PA0480300,"Bethlehem, PA",murder,-0.13355723675023795,-0.14508159075085825,0.06481254111241173
4,PA0480300,"Bethlehem, PA",murder,-0.04435065372038784,-0.05139961608073813,0.06480000907198834
5,PA0480300,"Bethlehem, PA",murder,0.04930096736513672,0.04752660903351761,0.06481254111241175
6,PA0480300,"Bethlehem, PA",murder,0.09738296415942169,0.09120936213945857,0.06478607955420512
7,PA0480300,"Bethlehem, PA",murder,0.11118341410659602,0.10496501367618073,0.06479711390186384
8,PA0480300,"Bethlehem, PA",murder,0.09275342812753531,0.0985526485945219,0.06478607955420512
9,PA0480300,"Bethlehem, PA",murder,0.0384862404627525,0.05068518790044579,0.06481254111241175
10,PA0480300,"Bethlehem, PA",murder,-0.00802783031255692,-0.004704740171687007,0.06480000907198834
11,PA0480300,"Bethlehem, PA",murder,-0.006608455110596065,-0.009234562435530325,0.06481254111241173
12,PA0480300,"Bethlehem, PA",murder,-0.0023119678719362097,0.0031870407109539024,0.06478607955420512
1,PAPEP0000,"Philadelphia, PA",murder,-0.058804930073651264,-0.0690290323275486,0.04363046614477271
2,PAPEP0000,"Philadelphia, PA",murder,-0.135445940382076,-0.17803191458914458,0.04376892786424846
3,PAPEP0000,"Philadelphia, PA",murder,-0.13355723675023795,-0.17719497487073055,0.04381232509680392
4,PAPEP0000,"Philadelphia, PA",murder,-0.04435065372038784,-0.05929004946218137,0.043787561433695645
5,PAPEP0000,"Philadelphia, PA",murder,0.04930096736513672,0.060008542125850564,0.043812325096803925
6,PAPEP0000,"Philadelphia, PA",murder,0.09738296415942169,0.1105543304832466,0.04376892786424846
7,PAPEP0000,"Philadelphia, PA",murder,0.11118341410659602,0.11524214285685559,0.043630466144772694
8,PAPEP0000,"Philadelphia, PA",murder,0.09275342812753531,0.09408121940121132,0.04376892786424846
9,PAPEP0000,"Philadelphia, PA",murder,0.0384862404627525,0.04703116915349029,0.04381232509680393
10,PAPEP0000,"Philadelphia, PA",murder,-0.00802783031255692,0.01307693893287438,0.043787561433695645
11,PAPEP0000,"Philadelphia, PA",murder,-0.006608455110596065,0.023942153062082642,0.04381232509680392
12,PAPEP0000,"Philadelphia, PA",murder,-0.0023119678719362097,0.019609475233993687,0.04376892786424846
1,PAPPD0000,"Pittsburgh, PA",murder,-0.058804930073651264,-0.08729853277031964,0.057545306070990204
2,PAPPD0000,"Pittsburgh, PA",murder,-0.135445940382076,-0.11233809945196523,0.05767255585731336
3,PAPPD0000,"Pittsburgh, PA",murder,-0.13355723675023795,-0.10813722557182265,0.05761662435604201
4,PAPPD0000,"Pittsburgh, PA",murder,-0.04435065372038784,-0.05492428512673721,0.05764079010584515
5,PAPPD0000,"Pittsburgh, PA",murder,0.04930096736513672,0.0417621239028095,0.057616624356042014
6,PAPPD0000,"Pittsburgh, PA",murder,0.09738296415942169,0.1260102407467715,0.05767255585731336
7,PAPPD0000,"Pittsburgh, PA",murder,0.11118341410659602,0.13862999582001934,0.0575453060709902
8,PAPPD0000,"Pittsburgh, PA",murder,0.09275342812753531,0.0874560320038993,0.05767255585731336
9,PAPPD0000,"Pittsburgh, PA",murder,0.0384862404627525,0.03192369507405702,0.05761662435604202
10,PAPPD0000,"Pittsburgh, PA",murder,-0.00802783031255692,0.0035928220770375064,0.05764079010584515
11,PAPPD0000,"Pittsburgh, PA",murder,-0.006608455110596065,-0.016880056454743594,0.05761662435604201
12,PAPPD0000,"Pittsburgh, PA",murder,-0.0023119678719362097,-0.049796710249005824,0.05767255585731336
1,RI0020300,"Warwick, RI",murder,-0.058804930073651264,-0.05678155264167499,0.06486503783240885
2,RI0020300,"Warwick, RI",murder,-0.135445940382076,-0.13129418892882536,0.0648660254271713
3,RI0020300,"Warwick, RI",murder,-0.13355723675023795,-0.1278994614056328,0.06486517338078371
4,RI0020300,"Warwick, RI",murder,-0.04435065372038784,-0.03960153746719753,0.06486597763891049
5,RI0020300,"Warwick, RI",murder,0.04930096736513672,0.050699929055115917,0.06486517338078372
6,RI0020300,"Warwick, RI",murder,0.09738296415942169,0.0948158441966184,0.0648660254271713
7,RI0020300,"Warwick, RI",murder,0.11118341410659602,0.10604614602402365,0.06486503783240884
8,RI0020300,"Warwick, RI",murder,0.09275342812753531,0.08734248048155971,0.0648660254271713
9,RI0020300,"Warwick, RI",murder,0.0384862404627525,0.03468315957601848,0.06486517338078372
10,RI0020300,"Warwick, RI",murder,-0.00802783031255692,-0.009663055915151146,0.06486597763891049
11,RI0020300,"Warwick, RI",murder,-0.006608455110596065,-0.006748220607850294,0.06486517338078371
12,RI0020300,"Warwick, RI",murder,-0.0023119678719362097,-0.0015995423670040494,0.0648660254271713
1,RI0040200,"Cranston, RI",murder,-0.058804930073651264,-0.06095280794139082,0.06482321538961652
2,RI0040200,"Cranston, RI",murder,-0.135445940382076,-0.1346676944415953,0.06482872871517162
3,RI0040200,"Cranston, RI",murder,-0.13355723675023795,-0.1283173743651549,0.06482890627669104
4,RI0040200,"Cranston, RI",murder,-0.04435065372038784,-0.042917448570917616,0.06482561352424134
5,RI0040200,"Cranston, RI",murder,0.04930096736513672,0.04305353096680837,0.06482890627669105
6,RI0040200,"Cranston, RI",murder,0.09738296415942169,0.09338529663867996,0.06482872871517162
7,RI0040200,"Cranston, RI",murder,0.11118341410659602,0.11713473864118562,0.06482321538961651
8,RI0040200,"Cranston, RI",murder,0.09275342812753531,0.10054861236897951,0.06482872871517162
9,RI0040200,"Cranston, RI",murder,0.0384862404627525,0.0380163615927443,0.06482890627669105
10,RI0040200,"Cranston, RI",murder,-0.00802783031255692,-0.013264482128877207,0.06482561352424134
11,RI0040200,"Cranston, RI",murder,-0.006608455110596065,-0.008934448894192605,0.06482890627669104
12,RI0040200,"Cranston, RI",murder,-0.0023119678719362097,-0.0030842838662693112,0.06482872871517162
1,RI0040800,"Pawtucket, RI",murder,-0.058804930073651264,-0.042245210704658163,0.06443401309634035
2,RI0040800,"Pawtucket, RI",murder,-0.135445940382076,-0.10551912797528663,0.06452201172749467
3,RI0040800,"Pawtucket, RI",murder,-0.13355723675023795,-0.12656334321651894,0.06444481551426942
4,RI0040800,"Pawtucket, RI",murder,-0.04435065372038784,-0.054538028721219566,0.0645412878915701
5,RI0040800,"Pawtucket, RI",murder,0.04930096736513672,0.0542848639518135,0.06444481551426944
6,RI0040800,"Pawtucket, RI",murder,0.09738296415942169,0.11217582618746928,0.06452201172749467
7,RI0040800,"Pawtucket, RI",murder,0.11118341410659602,0.10445575378334845,0.06443401309634035
8,RI0040800,"Pawtucket, RI",murder,0.09275342812753531,0.0689930971609714,0.06452201172749467
9,RI0040800,"Pawtucket, RI",murder,0.0384862404627525,0.027826769323513398,0.06444481551426944
10,RI0040800,"Pawtucket, RI",murder,-0.00802783031255692,-0.0076725143574707215,0.0645412878915701
11,RI0040800,"Pawtucket, RI",murder,-0.006608455110596065,-0.017758833137498285,0.06444481551426942
12,RI0040800,"Pawtucket, RI",murder,-0.0023119678719362097,-0.013439252294463746,0.06452201172749467
1,SC0020000,"Aiken, SC",murder,-0.058804930073651264,-0.05723000105836834,0.06292597432385238
2,SC0020000,"Aiken, SC",murder,-0.135445940382076,-0.13415454814076258,0.06305472688671658
3,SC0020000,"Aiken, SC",murder,-0.13355723675023795,-0.1461434468592794,0.06303632770115448
4,SC0020000,"Aiken, SC",murder,-0.04435065372038784,-0.06437104744444891,0.0629989832328224
5,SC0020000,"Aiken, SC",murder,0.04930096736513672,0.05737416396157949,0.0630363277011545
6,SC0020000,"Aiken, SC",murder,0.09738296415942169,0.13709930390452302,0.06305472688671658
7,SC0020000,"Aiken, SC",murder,0.11118341410659602,0.13360603593489162,0.06292597432385237
8,SC0020000,"Aiken, SC",murder,0.09275342812753531,0.06924616175464113,0.06305472688671658
9,SC0020000,"Aiken, SC",murder,0.0384862404627525,0.004859025596634648,0.0630363277011545
10,SC0020000,"Aiken, SC",murder,-0.00802783031255692,-0.01200498743207439,0.0629989832328224
11,SC0020000,"Aiken, SC",murder,-0.006608455110596065,0.007534222424541942,0.06303632770115448
12,SC0020000,"Aiken, SC",murder,-0.0023119678719362097,0.004185117358121773,0.06305472688671657
1,SC0040000,"Anderson, SC",murder,-0.058804930073651264,-0.03974231574513658,0.06299585806422768
2,SC0040000,"Anderson, SC",murder,-0.135445940382076,-0.12054246989091733,0.06291770399991542
3,SC0040000,"Anderson, SC",murder,-0.13355723675023795,-0.14460315610164695,0.06305564106925188
4,SC0040000,"Anderson, SC",murder,-0.04435065372038784,-0.04327171688527994,0.0629620261449157
5,SC0040000,"Anderson, SC",murder,0.04930096736513672,0.080144493511961,0.06305564106925188
6,SC0040000,"Anderson, SC",murder,0.09738296415942169,0.11504064524634708,0.06291770399991542
7,SC0040000,"Anderson, SC",murder,0.11118341410659602,0.0932916595215273,0.06299585806422767
8,SC0040000,"Anderson, SC",murder,0.09275342812753531,0.07866029525539678,0.06291770399991542
9,SC0040000,"Anderson, SC",murder,0.0384862404627525,0.04917163768973568,0.06305564106925188
10,SC0040000,"Anderson, SC",murder,-0.00802783031255692,-0.010277626891110775,0.0629620261449157
11,SC0040000,"Anderson, SC",murder,-0.006608455110596065,-0.03826231887644047,0.06305564106925188
12,SC0040000,"Anderson, SC",murder,-0.0023119678719362097,-0.01960912683443582,0.0629177039999154
1,SC0070000,"Beaufort, SC",murder,-0.058804930073651264,-0.07082348261314884,0.06333030391652923
2,SC0070000,"Beaufort, SC",murder,-0.135445940382076,-0.14054630429354864,0.06329144437848239
3,SC0070000,"Beaufort, SC",murder,-0.13355723675023795,-0.11879076754722254,0.06333404894422379
4,SC0070000,"Beaufort, SC",murder,-0.04435065372038784,-0.03782821856417124,0.06329606649340698
5,SC0070000,"Beaufort, SC",murder,0.04930096736513672,0.03251121779126623,0.06333404894422379
6,SC0070000,"Beaufort, SC",murder,0.09738296415942169,0.08184573468627045,0.06329144437848239
7,SC0070000,"Beaufort, SC",murder,0.11118341410659602,0.11203252695791129,0.06333030391652922
8,SC0070000,"Beaufort, SC",murder,0.09275342812753531,0.0914339225643738,0.06329144437848239
9,SC0070000,"Beaufort, SC",murder,0.0384862404627525,0.02846934147328524,0.0633340489442238
10,SC0070000,"Beaufort, SC",murder,-0.00802783031255692,-0.0033808257805912146,0.06329606649340698
11,SC0070000,"Beaufort, SC",murder,-0.006608455110596065,0.01660116393790858,0.06333404894422379
12,SC0070000,"Beaufort, SC",murder,-0.0023119678719362097,0.008475691387666903,0.06329144437848239
1,SC0080000,"Berkeley, SC",murder,-0.058804930073651264,-0.05393976050726282,0.06291411302784652
2,SC0080000,"Berkeley, SC",murder,-0.135445940382076,-0.11707824623305593,0.06289425889088808
3,SC0080000,"Berkeley, SC",murder,-0.13355723675023795,-0.11008313518382737,0.06293970637802064
4,SC0080000,"Berkeley, SC",murder,-0.04435065372038784,-0.043957640249098824,0.06290499228914764
5,SC0080000,"Berkeley, SC",murder,0.04930096736513672,0.028339881759499603,0.06293970637802064
6,SC0080000,"Berkeley, SC",murder,0.09738296415942169,0.0889796627445395,0.06289425889088808
7,SC0080000,"Berkeley, SC",murder,0.11118341410659602,0.12379721809307209,0.06291411302784651
8,SC0080000,"Berkeley, SC",murder,0.09275342812753531,0.09635131330728541,0.06289425889088808
9,SC0080000,"Berkeley, SC",murder,0.0384862404627525,0.01949874467224757,0.06293970637802065
10,SC0080000,"Berkeley, SC",murder,-0.00802783031255692,-0.025899817336710467,0.06290499228914764
11,SC0080000,"Berkeley, SC",murder,-0.006608455110596065,-0.007612948833729109,0.06293970637802064
12,SC0080000,"Berkeley, SC",murder,-0.0023119678719362097,0.0016047277670403523,0.06289425889088808
1,SC0100100,"Charleston, SC",murder,-0.058804930073651264,-0.05934061222641271,0.0631212680542102
2,SC0100100,"Charleston, SC",murder,-0.135445940382076,-0.15416001600786128,0.0631009153227857
3,SC0100100,"Charleston, SC",murder,-0.13355723675023795,-0.15124232519137976,0.06305324577651521
4,SC0100100,"Charleston, SC",murder,-0.04435065372038784,-0.05695653551926864,0.06315814432211303
5,SC0100100,"Charleston, SC",murder,0.04930096736513672,0.039231571676657806,0.06305324577651522
6,SC0100100,"Charleston, SC",murder,0.09738296415942169,0.10544450103362565,0.0631009153227857
7,SC0100100,"Charleston, SC",murder,0.11118341410659602,0.14507162910217006,0.0631212680542102
8,SC0100100,"Charleston, SC",murder,0.09275342812753531,0.12221913856730772,0.0631009153227857
9,SC0100100,"Charleston, SC",murder,0.0384862404627525,0.033570430875068856,0.06305324577651522
10,SC0100100,"Charleston, SC",murder,-0.00802783031255692,-0.02877448135648871,0.06315814432211303
11,SC0100100,"Charleston, SC",murder,-0.006608455110596065,-0.0072906942361042875,0.06305324577651521
12,SC0100100,"Charleston, SC",murder,-0.0023119678719362097,0.012227393282685297,0.0631009153227857
1,SC0100300,"Mount Pleasant, SC",murder,-0.058804930073651264,-0.05959501563927316,0.06487590053797286
2,SC0100300,"Mount Pleasant, SC",murder,-0.135445940382076,-0.13235305371834338,0.06488032465650163
3,SC0100300,"Mount Pleasant, SC",murder,-0.13355723675023795,-0.12985568266838976,0.06488296177969834
4,SC0100300,"Mount Pleasant, SC",murder,-0.04435065372038784,-0.04138461046845514,0.06488596880071093
5,SC0100300,"Mount Pleasant, SC",murder,0.04930096736513672,0.05303104594161903,0.06488296177969835
6,SC0100300,"Mount Pleasant, SC",murder,0.09738296415942169,0.10112767475796662,0.06488032465650163
7,SC0100300,"Mount Pleasant, SC",murder,0.11118341410659602,0.11169406119549981,0.06487590053797286
8,SC0100300,"Mount Pleasant, SC",murder,0.09275342812753531,0.0897943892707973,0.06488032465650163
9,SC0100300,"Mount Pleasant, SC",murder,0.0384862404627525,0.03519797266461701,0.06488296177969835
10,SC0100300,"Mount Pleasant, SC",murder,-0.00802783031255692,-0.010714435087771507,0.06488596880071093
11,SC0100300,"Mount Pleasant, SC",murder,-0.006608455110596065,-0.01047238149407297,0.06488296177969834
12,SC0100300,"Mount Pleasant, SC",murder,-0.0023119678719362097,-0.006469964754193857,0.06488032465650163
1,SC0100800,"North Charleston, SC",murder,-0.058804930073651264,-0.05213576703977653,0.06022575549192217
2,SC0100800,"North Charleston, SC",murder,-0.135445940382076,-0.1665791453021428,0.060494540320850755
3,SC0100800,"North Charleston, SC",murder,-0.13355723675023795,-0.1576701413360646,0.06044349521634988
4,SC0100800,"North Charleston, SC",murder,-0.04435065372038784,-0.03381728920613672,0.06033001649616116
5,SC0100800,"North Charleston, SC",murder,0.04930096736513672,0.0706266223322962,0.06044349521634989
6,SC0100800,"North Charleston, SC",murder,0.09738296415942169,0.10043344122697685,0.060494540320850755
7,SC0100800,"North Charleston, SC",murder,0.11118341410659602,0.09853559262859427,0.06022575549192216
8,SC0100800,"North Charleston, SC",murder,0.09275342812753531,0.0757005789409538,0.060494540320850755
9,SC0100800,"North Charleston, SC",murder,0.0384862404627525,0.020391749386057857,0.060443495216349896
10,SC0100800,"North Charleston, SC",murder,-0.00802783031255692,-0.012582536382681031,0.06033001649616116
11,SC0100800,"North Charleston, SC",murder,-0.006608455110596065,0.020251944028892774,0.06044349521634989
12,SC0100800,"North Charleston, SC",murder,-0.0023119678719362097,0.036844950723029936,0.060494540320850755
1,SC0230000,"Greenville, SC",murder,-0.058804930073651264,-0.03186727677590952,0.061072056336273356
2,SC0230000,"Greenville, SC",murder,-0.135445940382076,-0.1265433421808944,0.06100792188119336
3,SC0230000,"Greenville, SC",murder,-0.13355723675023795,-0.14586828579611388,0.061140959703036166
4,SC0230000,"Greenville, SC",murder,-0.04435065372038784,-0.04530542713745314,0.06098642476275274
5,SC0230000,"Greenville, SC",murder,0.04930096736513672,0.05315888320903144,0.06114095970303618
6,SC0230000,"Greenville, SC",murder,0.09738296415942169,0.07397045391244086,0.06100792188119336
7,SC0230000,"Greenville, SC",murder,0.11118341410659602,0.07938762071102051,0.06107205633627334
8,SC0230000,"Greenville, SC",murder,0.09275342812753531,0.09973596394927312,0.06100792188119337
9,SC0230000,"Greenville, SC",murder,0.0384862404627525,0.0715405636293816,0.06114095970303618
10,SC0230000,"Greenville, SC",murder,-0.00802783031255692,-0.0022149167976578316,0.06098642476275274
11,SC0230000,"Greenville, SC",murder,-0.006608455110596065,-0.026351504977410182,0.061140959703036166
12,SC0230000,"Greenville, SC",murder,-0.0023119678719362097,3.5726825429140103e-4,0.06100792188119336
1,SC0230200,"Greenville, SC",murder,-0.058804930073651264,-0.08158264210926056,0.06413128218124989
2,SC0230200,"Greenville, SC",murder,-0.135445940382076,-0.1507736541302003,0.0641181232554029
3,SC0230200,"Greenville, SC",murder,-0.13355723675023795,-0.1382428764875704,0.06407987178557671
4,SC0230200,"Greenville, SC",murder,-0.04435065372038784,-0.04434975235820227,0.06405709125289537
5,SC0230200,"Greenville, SC",murder,0.04930096736513672,0.055862564913597534,0.06407987178557673
6,SC0230200,"Greenville, SC",murder,0.09738296415942169,0.11327511473500021,0.0641181232554029
7,SC0230200,"Greenville, SC",murder,0.11118341410659602,0.1266309936919321,0.06413128218124987
8,SC0230200,"Greenville, SC",murder,0.09275342812753531,0.09812981483400361,0.0641181232554029
9,SC0230200,"Greenville, SC",murder,0.0384862404627525,0.04055068560870218,0.06407987178557673
10,SC0230200,"Greenville, SC",murder,-0.00802783031255692,-6.98599224469266e-4,0.06405709125289537
11,SC0230200,"Greenville, SC",murder,-0.006608455110596065,-0.003218725617400888,0.06407987178557671
12,SC0230200,"Greenville, SC",murder,-0.0023119678719362097,-0.015582923856131936,0.0641181232554029
1,SC0260400,"Horry, SC",murder,-0.058804930073651264,-0.0792593379277678,0.06196197444480551
2,SC0260400,"Horry, SC",murder,-0.135445940382076,-0.15505818219694054,0.062102098108295305
3,SC0260400,"Horry, SC",murder,-0.13355723675023795,-0.12616872939897245,0.06193888115293385
4,SC0260400,"Horry, SC",murder,-0.04435065372038784,-0.013704244171868777,0.061967715621276113
5,SC0260400,"Horry, SC",murder,0.04930096736513672,0.0637137846097186,0.061938881152933854
6,SC0260400,"Horry, SC",murder,0.09738296415942169,0.09027650749702128,0.062102098108295305
7,SC0260400,"Horry, SC",murder,0.11118341410659602,0.12293110046109687,0.0619619744448055
8,SC0260400,"Horry, SC",murder,0.09275342812753531,0.1320075683299473,0.062102098108295305
9,SC0260400,"Horry, SC",murder,0.0384862404627525,0.05944635299865016,0.06193888115293386
10,SC0260400,"Horry, SC",murder,-0.00802783031255692,-0.029967518361460298,0.061967715621276113
11,SC0260400,"Horry, SC",murder,-0.006608455110596065,-0.040663170742725414,0.06193888115293385
12,SC0260400,"Horry, SC",murder,-0.0023119678719362097,-0.023554131096698953,0.062102098108295305
1,SC0290000,"Lancaster, SC",murder,-0.058804930073651264,-0.05191249000604097,0.06419851519210522
2,SC0290000,"Lancaster, SC",murder,-0.135445940382076,-0.1339089213502762,0.06425054573798505
3,SC0290000,"Lancaster, SC",murder,-0.13355723675023795,-0.12646227778495248,0.06422956451799375
4,SC0290000,"Lancaster, SC",murder,-0.04435065372038784,-0.029974921756742535,0.06421528229119945
5,SC0290000,"Lancaster, SC",murder,0.04930096736513672,0.04645061797981546,0.06422956451799375
6,SC0290000,"Lancaster, SC",murder,0.09738296415942169,0.07038378849376399,0.06425054573798505
7,SC0290000,"Lancaster, SC",murder,0.11118341410659602,0.0931918204956666,0.0641985151921052
8,SC0290000,"Lancaster, SC",murder,0.09275342812753531,0.10560642789668806,0.06425054573798505
9,SC0290000,"Lancaster, SC",murder,0.0384862404627525,0.05688045384173872,0.06422956451799376
10,SC0290000,"Lancaster, SC",murder,-0.00802783031255692,-0.011304408732883088,0.06421528229119945
11,SC0290000,"Lancaster, SC",murder,-0.006608455110596065,-0.018148124526227348,0.06422956451799375
12,SC0290000,"Lancaster, SC",murder,-0.0023119678719362097,-8.019645505502098e-4,0.06425054573798505
1,SC0320000,"Lexington, SC",murder,-0.058804930073651264,-0.046345270990921034,0.06300271281060736
2,SC0320000,"Lexington, SC",murder,-0.135445940382076,-0.13556234283216193,0.06302458947285398
3,SC0320000,"Lexington, SC",murder,-0.13355723675023795,-0.1424459578183418,0.06304025265668585
4,SC0320000,"Lexington, SC",murder,-0.04435065372038784,-0.05061420243348183,0.06304577505646329
5,SC0320000,"Lexington, SC",murder,0.04930096736513672,0.04202918001791449,0.06304025265668585
6,SC0320000,"Lexington, SC",murder,0.09738296415942169,0.08155517313299213,0.06302458947285398
7,SC0320000,"Lexington, SC",murder,0.11118341410659602,0.09741108861807364,0.06300271281060735
8,SC0320000,"Lexington, SC",murder,0.09275342812753531,0.09576225709803028,0.063024589472854
9,SC0320000,"Lexington, SC",murder,0.0384862404627525,0.05158005445705751,0.06304025265668585
10,SC0320000,"Lexington, SC",murder,-0.00802783031255692,-4.5161519367078063e-4,0.06304577505646329
11,SC0320000,"Lexington, SC",murder,-0.006608455110596065,-0.0022290942837828653,0.06304025265668585
12,SC0320000,"Lexington, SC",murder,-0.0023119678719362097,0.009310730228292168,0.06302458947285398
1,SC0460300,"Rock Hill, SC",murder,-0.058804930073651264,-0.048384822444487455,0.06359861557186967
2,SC0460300,"Rock Hill, SC",murder,-0.135445940382076,-0.13676937962286204,0.06363614196700941
3,SC0460300,"Rock Hill, SC",murder,-0.13355723675023795,-0.12973859491667414,0.0635998976408227
4,SC0460300,"Rock Hill, SC",murder,-0.04435065372038784,-0.03672733282254919,0.0635798523445723
5,SC0460300,"Rock Hill, SC",murder,0.04930096736513672,0.04839076562779103,0.06359989764082272
6,SC0460300,"Rock Hill, SC",murder,0.09738296415942169,0.08992646980944363,0.06363614196700941
7,SC0460300,"Rock Hill, SC",murder,0.11118341410659602,0.10466779554490296,0.06359861557186966
8,SC0460300,"Rock Hill, SC",murder,0.09275342812753531,0.08094572343658193,0.06363614196700941
9,SC0460300,"Rock Hill, SC",murder,0.0384862404627525,0.017631965629978506,0.06359989764082272
10,SC0460300,"Rock Hill, SC",murder,-0.00802783031255692,-0.01955564027786634,0.0635798523445723
11,SC0460300,"Rock Hill, SC",murder,-0.006608455110596065,0.00743289055848904,0.0635998976408227
12,SC0460300,"Rock Hill, SC",murder,-0.0023119678719362097,0.022180159477252027,0.06363614196700941
1,TN0190100,"Nashville, TN",murder,-0.058804930073651264,-0.04571570609263819,0.05315077253292475
2,TN0190100,"Nashville, TN",murder,-0.135445940382076,-0.12094545535498186,0.053259157692272185
3,TN0190100,"Nashville, TN",murder,-0.13355723675023795,-0.13639534358719613,0.05335324721213234
4,TN0190100,"Nashville, TN",murder,-0.04435065372038784,-0.0808581214802741,0.05336361178935478
5,TN0190100,"Nashville, TN",murder,0.04930096736513672,0.00432235305074318,0.053353247212132346
6,TN0190100,"Nashville, TN",murder,0.09738296415942169,0.07701163893012536,0.053259157692272185
7,TN0190100,"Nashville, TN",murder,0.11118341410659602,0.10884539679821433,0.053150772532924745
8,TN0190100,"Nashville, TN",murder,0.09275342812753531,0.0874971281251572,0.053259157692272185
9,TN0190100,"Nashville, TN",murder,0.0384862404627525,0.039817325651795306,0.053353247212132346
10,TN0190100,"Nashville, TN",murder,-0.00802783031255692,0.017728430774697955,0.05336361178935478
11,TN0190100,"Nashville, TN",murder,-0.006608455110596065,0.02912597417908147,0.05335324721213234
12,TN0190100,"Nashville, TN",murder,-0.0023119678719362097,0.019566379005275504,0.05325915769227218
1,TN0330000,"Hamilton, TN",murder,-0.058804930073651264,-0.06036603127384169,0.06457873064649622
2,TN0330000,"Hamilton, TN",murder,-0.135445940382076,-0.13728983114639867,0.06458273712345883
3,TN0330000,"Hamilton, TN",murder,-0.13355723675023795,-0.13476280437033156,0.06458327929305545
4,TN0330000,"Hamilton, TN",murder,-0.04435065372038784,-0.04373172636005896,0.06458438018960837
5,TN0330000,"Hamilton, TN",murder,0.04930096736513672,0.05019244413894304,0.06458327929305546
6,TN0330000,"Hamilton, TN",murder,0.09738296415942169,0.09612489823260507,0.06458273712345883
7,TN0330000,"Hamilton, TN",murder,0.11118341410659602,0.10913798785576542,0.06457873064649622
8,TN0330000,"Hamilton, TN",murder,0.09275342812753531,0.09361099431070763,0.06458273712345883
9,TN0330000,"Hamilton, TN",murder,0.0384862404627525,0.042312010952716785,0.06458327929305546
10,TN0330000,"Hamilton, TN",murder,-0.00802783031255692,-0.005040230221864774,0.06458438018960837
11,TN0330000,"Hamilton, TN",murder,-0.006608455110596065,-0.006513607303252028,0.06458327929305545
12,TN0330000,"Hamilton, TN",murder,-0.0023119678719362097,-0.003674104814990262,0.06458273712345883
1,TN0330100,"Chattanooga, TN",murder,-0.058804930073651264,-0.07409407162960079,0.060542318896769046
2,TN0330100,"Chattanooga, TN",murder,-0.135445940382076,-0.18894922866307773,0.060655215485918894
3,TN0330100,"Chattanooga, TN",murder,-0.13355723675023795,-0.16858489972418614,0.06043510777630956
4,TN0330100,"Chattanooga, TN",murder,-0.04435065372038784,-0.023032640877172352,0.06042815116333572
5,TN0330100,"Chattanooga, TN",murder,0.04930096736513672,0.08765156883716804,0.06043510777630957
6,TN0330100,"Chattanooga, TN",murder,0.09738296415942169,0.11475268734544544,0.060655215485918894
7,TN0330100,"Chattanooga, TN",murder,0.11118341410659602,0.12851329456925342,0.06054231889676904
8,TN0330100,"Chattanooga, TN",murder,0.09275342812753531,0.12438472633104436,0.060655215485918894
9,TN0330100,"Chattanooga, TN",murder,0.0384862404627525,0.04960117445250011,0.06043510777630957
10,TN0330100,"Chattanooga, TN",murder,-0.00802783031255692,-0.03138658206248029,0.06042815116333572
11,TN0330100,"Chattanooga, TN",murder,-0.006608455110596065,-0.02308706650513471,0.06043510777630956
12,TN0330100,"Chattanooga, TN",murder,-0.0023119678719362097,0.004231037926240602,0.06065521548591889
1,TN0470000,"Knox, TN",murder,-0.058804930073651264,-0.05076212875789338,0.06408229947371537
2,TN0470000,"Knox, TN",murder,-0.135445940382076,-0.12563107637432855,0.06405505347471249
3,TN0470000,"Knox, TN",murder,-0.13355723675023795,-0.11486819256148108,0.06399995415601048
4,TN0470000,"Knox, TN",murder,-0.04435065372038784,-0.025008258201046886,0.06401002973407499
5,TN0470000,"Knox, TN",murder,0.04930096736513672,0.050342291212617726,0.0639999541560105
6,TN0470000,"Knox, TN",murder,0.09738296415942169,0.07638935240254241,0.06405505347471249
7,TN0470000,"Knox, TN",murder,0.11118341410659602,0.08492341657356733,0.06408229947371535
8,TN0470000,"Knox, TN",murder,0.09275342812753531,0.07575787336872018,0.06405505347471249
9,TN0470000,"Knox, TN",murder,0.0384862404627525,0.030833701740198727,0.0639999541560105
10,TN0470000,"Knox, TN",murder,-0.00802783031255692,-0.009153029614627078,0.06401002973407499
11,TN0470000,"Knox, TN",murder,-0.006608455110596065,-4.69088207009372e-4,0.06399995415601048
12,TN0470000,"Knox, TN",murder,-0.0023119678719362097,0.007645138418739953,0.06405505347471249
1,TN0470100,"Knoxville, TN",murder,-0.058804930073651264,-0.02243556740351935,0.06033459315465197
2,TN0470100,"Knoxville, TN",murder,-0.135445940382076,-0.11450254890434078,0.06031385545502295
3,TN0470100,"Knoxville, TN",murder,-0.13355723675023795,-0.14673015898481315,0.06037874473801342
4,TN0470100,"Knoxville, TN",murder,-0.04435065372038784,-0.054637618904551,0.06035939212348784
5,TN0470100,"Knoxville, TN",murder,0.04930096736513672,0.06402331858126407,0.060378744738013426
6,TN0470100,"Knoxville, TN",murder,0.09738296415942169,0.10794070033517195,0.06031385545502295
7,TN0470100,"Knoxville, TN",murder,0.11118341410659602,0.09733573294042315,0.060334593154651964
8,TN0470100,"Knoxville, TN",murder,0.09275342812753531,0.07715149627704877,0.06031385545502295
9,TN0470100,"Knoxville, TN",murder,0.0384862404627525,0.034478940820617344,0.060378744738013426
10,TN0470100,"Knoxville, TN",murder,-0.00802783031255692,-0.02026254663235279,0.06035939212348784
11,TN0470100,"Knoxville, TN",murder,-0.006608455110596065,-0.026672265953972086,0.06037874473801342
12,TN0470100,"Knoxville, TN",murder,-0.0023119678719362097,0.004310517829023845,0.06031385545502295
1,TN0570100,"Jackson, TN",murder,-0.058804930073651264,-0.047248479288737585,0.06268408059519101
2,TN0570100,"Jackson, TN",murder,-0.135445940382076,-0.11971786440788901,0.06277763750527582
3,TN0570100,"Jackson, TN",murder,-0.13355723675023795,-0.11278097287024211,0.06274500033099242
4,TN0570100,"Jackson, TN",murder,-0.04435065372038784,-0.03614236653203266,0.06272855210755512
5,TN0570100,"Jackson, TN",murder,0.04930096736513672,0.03099347237266388,0.06274500033099244
6,TN0570100,"Jackson, TN",murder,0.09738296415942169,0.07358500949609448,0.06277763750527582
7,TN0570100,"Jackson, TN",murder,0.11118341410659602,0.1107482202075359,0.06268408059519101
8,TN0570100,"Jackson, TN",murder,0.09275342812753531,0.10633527442875325,0.06277763750527582
9,TN0570100,"Jackson, TN",murder,0.0384862404627525,0.035898641972308035,0.06274500033099244
10,TN0570100,"Jackson, TN",murder,-0.00802783031255692,-0.027357374386765658,0.06272855210755512
11,TN0570100,"Jackson, TN",murder,-0.006608455110596065,-0.017610882393528152,0.06274500033099242
12,TN0570100,"Jackson, TN",murder,-0.0023119678719362097,0.003297321401839627,0.06277763750527582
1,TN0600300,"Spring Hill, TN",murder,-0.058804930073651264,-0.05964652082851193,0.06478532438258543
2,TN0600300,"Spring Hill, TN",murder,-0.135445940382076,-0.1326710448304216,0.06480153392353112
3,TN0600300,"Spring Hill, TN",murder,-0.13355723675023795,-0.13774746889245193,0.06480026985499918
4,TN0600300,"Spring Hill, TN",murder,-0.04435065372038784,-0.05455803123139252,0.0648050069599034
5,TN0600300,"Spring Hill, TN",murder,0.04930096736513672,0.043363718740249114,0.06480026985499919
6,TN0600300,"Spring Hill, TN",murder,0.09738296415942169,0.09782457301260486,0.06480153392353112
7,TN0600300,"Spring Hill, TN",murder,0.11118341410659602,0.11296226391664187,0.06478532438258541
8,TN0600300,"Spring Hill, TN",murder,0.09275342812753531,0.09716089719097598,0.06480153392353112
9,TN0600300,"Spring Hill, TN",murder,0.0384862404627525,0.04892157816487635,0.06480026985499919
10,TN0600300,"Spring Hill, TN",murder,-0.00802783031255692,0.0012422881432625741,0.0648050069599034
11,TN0600300,"Spring Hill, TN",murder,-0.006608455110596065,-0.007853571100803508,0.06480026985499918
12,TN0600300,"Spring Hill, TN",murder,-0.0023119678719362097,-0.008998682285029242,0.06480153392353112
1,TN0630100,"Clarksville, TN",murder,-0.058804930073651264,-0.0660820458898226,0.06252193962775775
2,TN0630100,"Clarksville, TN",murder,-0.135445940382076,-0.15061515486109067,0.06251443488480486
3,TN0630100,"Clarksville, TN",murder,-0.13355723675023795,-0.13957084605705808,0.06250823814905414
4,TN0630100,"Clarksville, TN",murder,-0.04435065372038784,-0.032514454700362516,0.06255395765908421
5,TN0630100,"Clarksville, TN",murder,0.04930096736513672,0.06019867906874,0.06250823814905414
6,TN0630100,"Clarksville, TN",murder,0.09738296415942169,0.08866141209006831,0.06251443488480486
7,TN0630100,"Clarksville, TN",murder,0.11118341410659602,0.09475211537232435,0.06252193962775773
8,TN0630100,"Clarksville, TN",murder,0.09275342812753531,0.09140954996982113,0.06251443488480486
9,TN0630100,"Clarksville, TN",murder,0.0384862404627525,0.05169517168328675,0.06250823814905415
10,TN0630100,"Clarksville, TN",murder,-0.00802783031255692,0.0038443852178607577,0.06255395765908421
11,TN0630100,"Clarksville, TN",murder,-0.006608455110596065,-9.930741774704817e-4,0.06250823814905414
12,TN0630100,"Clarksville, TN",murder,-0.0023119678719362097,-7.857377162969704e-4,0.06251443488480486
1,TN0750000,"Rutherford, TN",murder,-0.058804930073651264,-0.06093023812072532,0.06461076914332313
2,TN0750000,"Rutherford, TN",murder,-0.135445940382076,-0.13412118949798116,0.06462432758882544
3,TN0750000,"Rutherford, TN",murder,-0.13355723675023795,-0.1305710520922217,0.06463855470801662
4,TN0750000,"Rutherford, TN",murder,-0.04435065372038784,-0.03710809151935261,0.0646469209262348
5,TN0750000,"Rutherford, TN",murder,0.04930096736513672,0.061878079232233374,0.06463855470801663
6,TN0750000,"Rutherford, TN",murder,0.09738296415942169,0.10925658753220699,0.06462432758882544
7,TN0750000,"Rutherford, TN",murder,0.11118341410659602,0.11529513713109364,0.06461076914332312
8,TN0750000,"Rutherford, TN",murder,0.09275342812753531,0.08908437754403888,0.06462432758882544
9,TN0750000,"Rutherford, TN",murder,0.0384862404627525,0.0311693411279111,0.06463855470801663
10,TN0750000,"Rutherford, TN",murder,-0.00802783031255692,-0.017256807491015713,0.0646469209262348
11,TN0750000,"Rutherford, TN",murder,-0.006608455110596065,-0.016841267278291123,0.06463855470801662
12,TN0750000,"Rutherford, TN",murder,-0.0023119678719362097,-0.009854876567896357,0.06462432758882544
1,TN0750100,"Murfreesboro, TN",murder,-0.058804930073651264,-0.06329349426506296,0.06350350369782408
2,TN0750100,"Murfreesboro, TN",murder,-0.135445940382076,-0.1255598294534028,0.06348296171996869
3,TN0750100,"Murfreesboro, TN",murder,-0.13355723675023795,-0.11465988990083706,0.06356389976837161
4,TN0750100,"Murfreesboro, TN",murder,-0.04435065372038784,-0.01565595532295261,0.063588039119453807
5,TN0750100,"Murfreesboro, TN",murder,0.04930096736513672,0.07253422869149753,0.06356389976837161
6,TN0750100,"Murfreesboro, TN",murder,0.09738296415942169,0.09334244464004554,0.06348296171996869
7,TN0750100,"Murfreesboro, TN",murder,0.11118341410659602,0.0890690004463309,0.06350350369782408
8,TN0750100,"Murfreesboro, TN",murder,0.09275342812753531,0.08436220088865602,0.06348296171996869
9,TN0750100,"Murfreesboro, TN",murder,0.0384862404627525,0.04768675515482236,0.06356389976837162
10,TN0750100,"Murfreesboro, TN",murder,-0.00802783031255692,-0.010119550858315311,0.063588039119453807
11,TN0750100,"Murfreesboro, TN",murder,-0.006608455110596065,-0.031336600126750803,0.06356389976837161
12,TN0750100,"Murfreesboro, TN",murder,-0.0023119678719362097,-0.026369309894030843,0.06348296171996869
1,TN0750200,"Smyrna, TN",murder,-0.058804930073651264,-0.05183051470488929,0.0646426463201736
2,TN0750200,"Smyrna, TN",murder,-0.135445940382076,-0.1334088455907681,0.0646523213533456
3,TN0750200,"Smyrna, TN",murder,-0.13355723675023795,-0.13189094882506838,0.06464577822546937
4,TN0750200,"Smyrna, TN",murder,-0.04435065372038784,-0.04062116793305691,0.06464809545466595
5,TN0750200,"Smyrna, TN",murder,0.04930096736513672,0.047575978293406845,0.06464577822546938
6,TN0750200,"Smyrna, TN",murder,0.09738296415942169,0.08853658408435161,0.0646523213533456
7,TN0750200,"Smyrna, TN",murder,0.11118341410659602,0.10626175150153884,0.0646426463201736
8,TN0750200,"Smyrna, TN",murder,0.09275342812753531,0.09661037248670759,0.0646523213533456
9,TN0750200,"Smyrna, TN",murder,0.0384862404627525,0.04066123892435829,0.06464577822546938
10,TN0750200,"Smyrna, TN",murder,-0.00802783031255692,-0.013810068863592656,0.06464809545466595
11,TN0750200,"Smyrna, TN",murder,-0.006608455110596065,-0.010777505189346354,0.06464577822546938
12,TN0750200,"Smyrna, TN",murder,-0.0023119678719362097,0.0026931258163584923,0.0646523213533456
1,TN0790000,"Shelby, TN",murder,-0.058804930073651264,-0.04907500203784724,0.0633771683412058
2,TN0790000,"Shelby, TN",murder,-0.135445940382076,-0.1415111488837709,0.0634369436911218
3,TN0790000,"Shelby, TN",murder,-0.13355723675023795,-0.13249686921804552,0.06338108861007043
4,TN0790000,"Shelby, TN",murder,-0.04435065372038784,-0.035106726406228,0.06340574332240537
5,TN0790000,"Shelby, TN",murder,0.04930096736513672,0.04651385449261724,0.06338108861007044
6,TN0790000,"Shelby, TN",murder,0.09738296415942169,0.08280682934075986,0.0634369436911218
7,TN0790000,"Shelby, TN",murder,0.11118341410659602,0.1037410922327822,0.06337716834120578
8,TN0790000,"Shelby, TN",murder,0.09275342812753531,0.09138602199583432,0.0634369436911218
9,TN0790000,"Shelby, TN",murder,0.0384862404627525,0.027705652135173973,0.06338108861007044
10,TN0790000,"Shelby, TN",murder,-0.00802783031255692,-0.019559363788706978,0.06340574332240537
11,TN0790000,"Shelby, TN",murder,-0.006608455110596065,0.0036112723953192964,0.06338108861007043
12,TN0790000,"Shelby, TN",murder,-0.0023119678719362097,0.02198438774211172,0.0634369436911218
1,TN0790100,"Collierville, TN",murder,-0.058804930073651264,-0.06146968130182286,0.06485301269709381
2,TN0790100,"Collierville, TN",murder,-0.135445940382076,-0.13801226363116123,0.06485642727085542
3,TN0790100,"Collierville, TN",murder,-0.13355723675023795,-0.13205736158841072,0.06485259415472808
4,TN0790100,"Collierville, TN",murder,-0.04435065372038784,-0.04200951689014981,0.0648550705811451
5,TN0790100,"Collierville, TN",murder,0.04930096736513672,0.04839755923411705,0.06485259415472809
6,TN0790100,"Collierville, TN",murder,0.09738296415942169,0.09771106794875375,0.06485642727085542
7,TN0790100,"Collierville, TN",murder,0.11118341410659602,0.1177029332927736,0.06485301269709381
8,TN0790100,"Collierville, TN",murder,0.09275342812753531,0.09966184812403492,0.06485642727085542
9,TN0790100,"Collierville, TN",murder,0.0384862404627525,0.03747369409033365,0.06485259415472809
10,TN0790100,"Collierville, TN",murder,-0.00802783031255692,-0.014223735100800947,0.0648550705811451
11,TN0790100,"Collierville, TN",murder,-0.006608455110596065,-0.010047143726990762,0.06485259415472808
12,TN0790100,"Collierville, TN",murder,-0.0023119678719362097,-0.0031274004506766408,0.06485642727085542
1,TN0790600,"Bartlett, TN",murder,-0.058804930073651264,-0.05590270552268271,0.06489143630637724
2,TN0790600,"Bartlett, TN",murder,-0.135445940382076,-0.1379675225828569,0.06489308439428518
3,TN0790600,"Bartlett, TN",murder,-0.13355723675023795,-0.13650583275079947,0.06489213843012821
4,TN0790600,"Bartlett, TN",murder,-0.04435065372038784,-0.04762833347475761,0.06489860480310888
5,TN0790600,"Bartlett, TN",murder,0.04930096736513672,0.04416430426001135,0.06489213843012821
6,TN0790600,"Bartlett, TN",murder,0.09738296415942169,0.0949231802142698,0.06489308439428518
7,TN0790600,"Bartlett, TN",murder,0.11118341410659602,0.1150221257945486,0.06489143630637724
8,TN0790600,"Bartlett, TN",murder,0.09275342812753531,0.09678957217446718,0.06489308439428518
9,TN0790600,"Bartlett, TN",murder,0.0384862404627525,0.03620846207054383,0.06489213843012823
10,TN0790600,"Bartlett, TN",murder,-0.00802783031255692,-0.011491086797108288,0.06489860480310888
11,TN0790600,"Bartlett, TN",murder,-0.006608455110596065,-0.002986353851621646,0.06489213843012821
12,TN0790600,"Bartlett, TN",murder,-0.0023119678719362097,0.005374190465985858,0.06489308439428518
1,TN0820200,"Kingsport, TN",murder,-0.058804930073651264,-0.04627627055591016,0.06451554033735298
2,TN0820200,"Kingsport, TN",murder,-0.135445940382076,-0.12758558735033557,0.06450412268775436
3,TN0820200,"Kingsport, TN",murder,-0.13355723675023795,-0.12444984038627264,0.06445750936873701
4,TN0820200,"Kingsport, TN",murder,-0.04435065372038784,-0.040627161375674584,0.06443967040194153
5,TN0820200,"Kingsport, TN",murder,0.04930096736513672,0.040017317741621275,0.06445750936873701
6,TN0820200,"Kingsport, TN",murder,0.09738296415942169,0.0823700186213977,0.06450412268775436
7,TN0820200,"Kingsport, TN",murder,0.11118341410659602,0.10029308836974352,0.06451554033735296
8,TN0820200,"Kingsport, TN",murder,0.09275342812753531,0.08271748266095343,0.06450412268775438
9,TN0820200,"Kingsport, TN",murder,0.0384862404627525,0.025564917883057123,0.06445750936873702
10,TN0820200,"Kingsport, TN",murder,-0.00802783031255692,-0.013389656438158782,0.06443967040194153
11,TN0820200,"Kingsport, TN",murder,-0.006608455110596065,0.004850786947760847,0.06445750936873701
12,TN0820200,"Kingsport, TN",murder,-0.0023119678719362097,0.016514903881817835,0.06450412268775436
1,TN0830400,"Hendersonville, TN",murder,-0.058804930073651264,-0.06184478418492633,0.06472175352201888
2,TN0830400,"Hendersonville, TN",murder,-0.135445940382076,-0.1394482398310824,0.06471494126180322
3,TN0830400,"Hendersonville, TN",murder,-0.13355723675023795,-0.13231692583660043,0.06473883714321635
4,TN0830400,"Hendersonville, TN",murder,-0.04435065372038784,-0.050447749177264765,0.06473359034512326
5,TN0830400,"Hendersonville, TN",murder,0.04930096736513672,0.032558467689300735,0.06473883714321636
6,TN0830400,"Hendersonville, TN",murder,0.09738296415942169,0.08904097042593355,0.06471494126180322
7,TN0830400,"Hendersonville, TN",murder,0.11118341410659602,0.12054002777744605,0.06472175352201887
8,TN0830400,"Hendersonville, TN",murder,0.09275342812753531,0.10255084808898474,0.06471494126180322
9,TN0830400,"Hendersonville, TN",murder,0.0384862404627525,0.03672429050198303,0.06473883714321636
10,TN0830400,"Hendersonville, TN",murder,-0.00802783031255692,-0.008247494415254965,0.06473359034512326
11,TN0830400,"Hendersonville, TN",murder,-0.006608455110596065,0.0043389240527969015,0.06473883714321635
12,TN0830400,"Hendersonville, TN",murder,-0.0023119678719362097,0.006551664908683898,0.06471494126180322
1,TN0900100,"Johnson City, TN",murder,-0.058804930073651264,-0.05473110091885345,0.0644250946227536
2,TN0900100,"Johnson City, TN",murder,-0.135445940382076,-0.13453035499181845,0.06442594077404286
3,TN0900100,"Johnson City, TN",murder,-0.13355723675023795,-0.13566217026537533,0.06443058083168349
4,TN0900100,"Johnson City, TN",murder,-0.04435065372038784,-0.04363053534706843,0.06442633210286434
5,TN0900100,"Johnson City, TN",murder,0.04930096736513672,0.05116300933810696,0.0644305808316835
6,TN0900100,"Johnson City, TN",murder,0.09738296415942169,0.09317750160665281,0.06442594077404286
7,TN0900100,"Johnson City, TN",murder,0.11118341410659602,0.10320564847816541,0.0644250946227536
8,TN0900100,"Johnson City, TN",murder,0.09275342812753531,0.09095860869059907,0.06442594077404286
9,TN0900100,"Johnson City, TN",murder,0.0384862404627525,0.043615876404844,0.0644305808316835
10,TN0900100,"Johnson City, TN",murder,-0.00802783031255692,-0.00484401221224353,0.06442633210286434
11,TN0900100,"Johnson City, TN",murder,-0.006608455110596065,-0.007591263036887614,0.06443058083168349
12,TN0900100,"Johnson City, TN",murder,-0.0023119678719362097,-0.0011312077461214476,0.06442594077404284
1,TN0940100,"Franklin, TN",murder,-0.058804930073651264,-0.06336184139458213,0.06482046145887661
2,TN0940100,"Franklin, TN",murder,-0.135445940382076,-0.13693780855833024,0.06482083205201675
3,TN0940100,"Franklin, TN",murder,-0.13355723675023795,-0.1330107914837082,0.0648229373324512
4,TN0940100,"Franklin, TN",murder,-0.04435065372038784,-0.04583860634899897,0.06482672150583207
5,TN0940100,"Franklin, TN",murder,0.04930096736513672,0.04637099261486476,0.06482293733245122
6,TN0940100,"Franklin, TN",murder,0.09738296415942169,0.09553507489575384,0.06482083205201675
7,TN0940100,"Franklin, TN",murder,0.11118341410659602,0.10976459667386763,0.0648204614588766
8,TN0940100,"Franklin, TN",murder,0.09275342812753531,0.09163762477763292,0.06482083205201675
9,TN0940100,"Franklin, TN",murder,0.0384862404627525,0.04130785242372537,0.06482293733245122
10,TN0940100,"Franklin, TN",murder,-0.00802783031255692,-5.641489302865395e-4,0.06482672150583207
11,TN0940100,"Franklin, TN",murder,-0.006608455110596065,-0.001070808834167483,0.0648229373324512
12,TN0940100,"Franklin, TN",murder,-0.0023119678719362097,-0.0038321358357709854,0.06482083205201673
1,TNMPD0000,"Memphis, TN",murder,-0.058804930073651264,-0.06269523680353126,0.04648503283407556
2,TNMPD0000,"Memphis, TN",murder,-0.135445940382076,-0.15203107802022758,0.04659441374755876
3,TNMPD0000,"Memphis, TN",murder,-0.13355723675023795,-0.12337199617502648,0.04659632741861456
4,TNMPD0000,"Memphis, TN",murder,-0.04435065372038784,-0.02744486340870066,0.046512943102418935
5,TNMPD0000,"Memphis, TN",murder,0.04930096736513672,0.043182134085481584,0.04659632741861456
6,TNMPD0000,"Memphis, TN",murder,0.09738296415942169,0.07886123153974255,0.04659441374755876
7,TNMPD0000,"Memphis, TN",murder,0.11118341410659602,0.09229247781778259,0.04648503283407555
8,TNMPD0000,"Memphis, TN",murder,0.09275342812753531,0.05976695705828749,0.04659441374755876
9,TNMPD0000,"Memphis, TN",murder,0.0384862404627525,0.0015106341988350173,0.046596327418614567
10,TNMPD0000,"Memphis, TN",murder,-0.00802783031255692,-0.0021523776055506908,0.046512943102418935
11,TNMPD0000,"Memphis, TN",murder,-0.006608455110596065,0.04908198687645847,0.04659632741861456
12,TNMPD0000,"Memphis, TN",murder,-0.0023119678719362097,0.04300013043644895,0.04659441374755876
1,TX0150000,"Bexar, TX",murder,-0.058804930073651264,-0.03541080092915218,0.06263166846704293
2,TX0150000,"Bexar, TX",murder,-0.135445940382076,-0.13592795796256038,0.06277544182626578
3,TX0150000,"Bexar, TX",murder,-0.13355723675023795,-0.11938791351776898,0.06258489691311347
4,TX0150000,"Bexar, TX",murder,-0.04435065372038784,-0.006075208050404334,0.06272076541467833
5,TX0150000,"Bexar, TX",murder,0.04930096736513672,0.06001006466719077,0.06258489691311347
6,TX0150000,"Bexar, TX",murder,0.09738296415942169,0.06036360132727037,0.06277544182626578
7,TX0150000,"Bexar, TX",murder,0.11118341410659602,0.07674858284485439,0.06263166846704292
8,TX0150000,"Bexar, TX",murder,0.09275342812753531,0.09044079618853543,0.06277544182626578
9,TX0150000,"Bexar, TX",murder,0.0384862404627525,0.03256296982804181,0.06258489691311349
10,TX0150000,"Bexar, TX",murder,-0.00802783031255692,-0.03526257386529788,0.06272076541467833
11,TX0150000,"Bexar, TX",murder,-0.006608455110596065,-0.014522902893165846,0.06258489691311347
12,TX0150000,"Bexar, TX",murder,-0.0023119678719362097,0.02646134236245681,0.06277544182626578
1,TX0200000,"Brazoria, TX",murder,-0.058804930073651264,-0.06838599773101053,0.06425350778170151
2,TX0200000,"Brazoria, TX",murder,-0.135445940382076,-0.1256256905560458,0.06422137449758385
3,TX0200000,"Brazoria, TX",murder,-0.13355723675023795,-0.12417056807014099,0.06424637733010995
4,TX0200000,"Brazoria, TX",murder,-0.04435065372038784,-0.05583014250720191,0.06423581362291861
5,TX0200000,"Brazoria, TX",murder,0.04930096736513672,0.039301267250149464,0.06424637733010995
6,TX0200000,"Brazoria, TX",murder,0.09738296415942169,0.11483790196456693,0.06422137449758385
7,TX0200000,"Brazoria, TX",murder,0.11118341410659602,0.135457482833852,0.06425350778170151
8,TX0200000,"Brazoria, TX",murder,0.09275342812753531,0.09198051721665196,0.06422137449758385
9,TX0200000,"Brazoria, TX",murder,0.0384862404627525,0.023453909627905646,0.06424637733010996
10,TX0200000,"Brazoria, TX",murder,-0.00802783031255692,-0.011241342595639591,0.06423581362291861
11,TX0200000,"Brazoria, TX",murder,-0.006608455110596065,-0.005656093910755647,0.06424637733010995
12,TX0200000,"Brazoria, TX",murder,-0.0023119678719362097,-0.01412124352233154,0.06422137449758385
1,TX0201000,"Pearland, TX",murder,-0.058804930073651264,-0.04816439197117183,0.06459579658706248
2,TX0201000,"Pearland, TX",murder,-0.135445940382076,-0.1267290407281517,0.06460117425174718
3,TX0201000,"Pearland, TX",murder,-0.13355723675023795,-0.13273529223127098,0.06460122340561367
4,TX0201000,"Pearland, TX",murder,-0.04435065372038784,-0.048014889749312194,0.06458682356038054
5,TX0201000,"Pearland, TX",murder,0.04930096736513672,0.042787892557403,0.06460122340561367
6,TX0201000,"Pearland, TX",murder,0.09738296415942169,0.08683892035023781,0.06460117425174718
7,TX0201000,"Pearland, TX",murder,0.11118341410659602,0.1024599850142418,0.06459579658706247
8,TX0201000,"Pearland, TX",murder,0.09275342812753531,0.09409547066952917,0.06460117425174718
9,TX0201000,"Pearland, TX",murder,0.0384862404627525,0.04580612912957848,0.06460122340561368
10,TX0201000,"Pearland, TX",murder,-0.00802783031255692,-0.006280703293757775,0.06458682356038054
11,TX0201000,"Pearland, TX",murder,-0.006608455110596065,-0.010154322498780502,0.06460122340561367
12,TX0201000,"Pearland, TX",murder,-0.0023119678719362097,9.024275145470442e-5,0.06460117425174718
1,TX0210200,"College Station, TX",murder,-0.058804930073651264,-0.05067427077545792,0.06458838653752755
2,TX0210200,"College Station, TX",murder,-0.135445940382076,-0.13488261557388007,0.06463280090122053
3,TX0210200,"College Station, TX",murder,-0.13355723675023795,-0.14668155455005294,0.06462529666888234
4,TX0210200,"College Station, TX",murder,-0.04435065372038784,-0.05148547005057542,0.06460304167469033
5,TX0210200,"College Station, TX",murder,0.04930096736513672,0.06317434838251049,0.06462529666888235
6,TX0210200,"College Station, TX",murder,0.09738296415942169,0.1135918418950529,0.06463280090122053
7,TX0210200,"College Station, TX",murder,0.11118341410659602,0.10634529767591608,0.06458838653752755
8,TX0210200,"College Station, TX",murder,0.09275342812753531,0.07598246439690719,0.06463280090122053
9,TX0210200,"College Station, TX",murder,0.0384862404627525,0.03211037647262191,0.06462529666888235
10,TX0210200,"College Station, TX",murder,-0.00802783031255692,-0.00418555684988273,0.06460304167469033
11,TX0210200,"College Station, TX",murder,-0.006608455110596065,-0.004274197205537648,0.06462529666888234
12,TX0210200,"College Station, TX",murder,-0.0023119678719362097,9.793361823781386e-4,0.06463280090122053
1,TX0310000,"Cameron, TX",murder,-0.058804930073651264,-0.0620948536385724,0.06443658158005236
2,TX0310000,"Cameron, TX",murder,-0.135445940382076,-0.15445159100207861,0.06449442910621811
3,TX0310000,"Cameron, TX",murder,-0.13355723675023795,-0.14084674754332915,0.06445600376629103
4,TX0310000,"Cameron, TX",murder,-0.04435065372038784,-0.04379926638979919,0.06451129684271957
5,TX0310000,"Cameron, TX",murder,0.04930096736513672,0.03964015726017536,0.06445600376629104
6,TX0310000,"Cameron, TX",murder,0.09738296415942169,0.08952319423637035,0.06449442910621811
7,TX0310000,"Cameron, TX",murder,0.11118341410659602,0.12429825987900626,0.06443658158005235
8,TX0310000,"Cameron, TX",murder,0.09275342812753531,0.10947017953277262,0.06449442910621811
9,TX0310000,"Cameron, TX",murder,0.0384862404627525,0.033661929833589274,0.06445600376629104
10,TX0310000,"Cameron, TX",murder,-0.00802783031255692,-0.018404139850634688,0.06451129684271957
11,TX0310000,"Cameron, TX",murder,-0.006608455110596065,0.005341254209130602,0.06445600376629103
12,TX0310000,"Cameron, TX",murder,-0.0023119678719362097,0.01766162347336956,0.06449442910621811
1,TX0310100,"Brownsville, TX",murder,-0.058804930073651264,-0.05724492588701,0.06427563535554832
2,TX0310100,"Brownsville, TX",murder,-0.135445940382076,-0.13352602951424278,0.06428361138235306
3,TX0310100,"Brownsville, TX",murder,-0.13355723675023795,-0.13614176739361533,0.06428550728030731
4,TX0310100,"Brownsville, TX",murder,-0.04435065372038784,-0.04432561010769691,0.06428604414659835
5,TX0310100,"Brownsville, TX",murder,0.04930096736513672,0.05653892614516678,0.06428550728030732
6,TX0310100,"Brownsville, TX",murder,0.09738296415942169,0.10344435017531288,0.06428361138235306
7,TX0310100,"Brownsville, TX",murder,0.11118341410659602,0.1095453009891234,0.06427563535554831
8,TX0310100,"Brownsville, TX",murder,0.09275342812753531,0.09004468798391568,0.06428361138235306
9,TX0310100,"Brownsville, TX",murder,0.0384862404627525,0.04036005076117483,0.06428550728030732
10,TX0310100,"Brownsville, TX",murder,-0.00802783031255692,-0.007974764994416494,0.06428604414659835
11,TX0310100,"Brownsville, TX",murder,-0.006608455110596065,-0.013057584614839716,0.06428550728030731
12,TX0310100,"Brownsville, TX",murder,-0.0023119678719362097,-0.007662633542872366,0.06428361138235306
1,TX0310300,"Harlingen, TX",murder,-0.058804930073651264,-0.06628703265214168,0.06464962835247243
2,TX0310300,"Harlingen, TX",murder,-0.135445940382076,-0.13232402602123025,0.06464753454583479
3,TX0310300,"Harlingen, TX",murder,-0.13355723675023795,-0.12554456231270358,0.0646451982624964
4,TX0310300,"Harlingen, TX",murder,-0.04435065372038784,-0.04143439734781042,0.06465588188198679
5,TX0310300,"Harlingen, TX",murder,0.04930096736513672,0.04625755589437883,0.0646451982624964
6,TX0310300,"Harlingen, TX",murder,0.09738296415942169,0.09220162137466505,0.06464753454583479
7,TX0310300,"Harlingen, TX",murder,0.11118341410659602,0.1054589699170097,0.06464962835247241
8,TX0310300,"Harlingen, TX",murder,0.09275342812753531,0.08997206951656854,0.06464753454583479
9,TX0310300,"Harlingen, TX",murder,0.0384862404627525,0.04402066854317382,0.06464519826249641
10,TX0310300,"Harlingen, TX",murder,-0.00802783031255692,0.0022624600829423804,0.06465588188198679
11,TX0310300,"Harlingen, TX",murder,-0.006608455110596065,-0.0039055993897171327,0.0646451982624964
12,TX0310300,"Harlingen, TX",murder,-0.0023119678719362097,-0.010677727605135254,0.06464753454583479
1,TX0430000,"Collin, TX",murder,-0.058804930073651264,-0.0663834710242109,0.06470375822279949
2,TX0430000,"Collin, TX",murder,-0.135445940382076,-0.13735565604507272,0.06467967982923761
3,TX0430000,"Collin, TX",murder,-0.13355723675023795,-0.11870848510235693,0.06468891988260227
4,TX0430000,"Collin, TX",murder,-0.04435065372038784,-0.034565183373414965,0.06467617969843116
5,TX0430000,"Collin, TX",murder,0.04930096736513672,0.037903535818706126,0.06468891988260228
6,TX0430000,"Collin, TX",murder,0.09738296415942169,0.08188492327424535,0.06467967982923761
7,TX0430000,"Collin, TX",murder,0.11118341410659602,0.10834006197628696,0.06470375822279947
8,TX0430000,"Collin, TX",murder,0.09275342812753531,0.09221795514502794,0.06467967982923761
9,TX0430000,"Collin, TX",murder,0.0384862404627525,0.031614193250236074,0.06468891988260228
10,TX0430000,"Collin, TX",murder,-0.00802783031255692,-0.007391407578661109,0.06467617969843116
11,TX0430000,"Collin, TX",murder,-0.006608455110596065,0.007234165081338615,0.06468891988260227
12,TX0430000,"Collin, TX",murder,-0.0023119678719362097,0.005209368577875542,0.06467967982923761
1,TX0430100,"Allen, TX",murder,-0.058804930073651264,-0.06226333098605879,0.06471006879754765
2,TX0430100,"Allen, TX",murder,-0.135445940382076,-0.1502266357698982,0.0646341050968693
3,TX0430100,"Allen, TX",murder,-0.13355723675023795,-0.14253870457414972,0.06470092329153773
4,TX0430100,"Allen, TX",murder,-0.04435065372038784,-0.022246533565265618,0.06465596474362577
5,TX0430100,"Allen, TX",murder,0.04930096736513672,0.0829628743670045,0.06470092329153775
6,TX0430100,"Allen, TX",murder,0.09738296415942169,0.10433743437872108,0.0646341050968693
7,TX0430100,"Allen, TX",murder,0.11118341410659602,0.09725023672472596,0.06471006879754765
8,TX0430100,"Allen, TX",murder,0.09275342812753531,0.0913555029451746,0.06463410509686932
9,TX0430100,"Allen, TX",murder,0.0384862404627525,0.04868066601075894,0.06470092329153775
10,TX0430100,"Allen, TX",murder,-0.00802783031255692,-0.012740372173401545,0.06465596474362577
11,TX0430100,"Allen, TX",murder,-0.006608455110596065,-0.024091741542280932,0.06470092329153773
12,TX0430100,"Allen, TX",murder,-0.0023119678719362097,-0.010479395815330294,0.0646341050968693
1,TX0430400,"Frisco, TX",murder,-0.058804930073651264,-0.057032712357067694,0.06466248215100846
2,TX0430400,"Frisco, TX",murder,-0.135445940382076,-0.14337405352608185,0.06468611221997306
3,TX0430400,"Frisco, TX",murder,-0.13355723675023795,-0.13114495818784314,0.06466277902665069
4,TX0430400,"Frisco, TX",murder,-0.04435065372038784,-0.03872539354485195,0.06466358039816895
5,TX0430400,"Frisco, TX",murder,0.04930096736513672,0.04237555994012738,0.0646627790266507
6,TX0430400,"Frisco, TX",murder,0.09738296415942169,0.08647613224773631,0.06468611221997306
7,TX0430400,"Frisco, TX",murder,0.11118341410659602,0.11004651782980913,0.06466248215100845
8,TX0430400,"Frisco, TX",murder,0.09275342812753531,0.09131748637769385,0.06468611221997306
9,TX0430400,"Frisco, TX",murder,0.0384862404627525,0.026074585566713705,0.0646627790266507
10,TX0430400,"Frisco, TX",murder,-0.00802783031255692,-0.014288411927889506,0.06466358039816895
11,TX0430400,"Frisco, TX",murder,-0.006608455110596065,0.00968100720826058,0.06466277902665069
12,TX0430400,"Frisco, TX",murder,-0.0023119678719362097,0.01859424037339317,0.06468611221997306
1,TX0430500,"Mckinney, TX",murder,-0.058804930073651264,-0.05458269222221021,0.06427607304681689
2,TX0430500,"Mckinney, TX",murder,-0.135445940382076,-0.13565472777541748,0.0642633343404488
3,TX0430500,"Mckinney, TX",murder,-0.13355723675023795,-0.12630940526550904,0.06426178760784106
4,TX0430500,"Mckinney, TX",murder,-0.04435065372038784,-0.04273489364575254,0.06422960052678453
5,TX0430500,"Mckinney, TX",murder,0.04930096736513672,0.03714706430297568,0.06426178760784106
6,TX0430500,"Mckinney, TX",murder,0.09738296415942169,0.08782752854469418,0.0642633343404488
7,TX0430500,"Mckinney, TX",murder,0.11118341410659602,0.11232928010414582,0.06427607304681687
8,TX0430500,"Mckinney, TX",murder,0.09275342812753531,0.08705501020497147,0.0642633343404488
9,TX0430500,"Mckinney, TX",murder,0.0384862404627525,0.01996309981312741,0.06426178760784106
10,TX0430500,"Mckinney, TX",murder,-0.00802783031255692,-0.015011694236183093,0.06422960052678453
11,TX0430500,"Mckinney, TX",murder,-0.006608455110596065,0.011452653267470308,0.06426178760784106
12,TX0430500,"Mckinney, TX",murder,-0.0023119678719362097,0.01851877690768751,0.0642633343404488
1,TX0430600,"Plano, TX",murder,-0.058804930073651264,-0.06808344821969702,0.06402001187379686
2,TX0430600,"Plano, TX",murder,-0.135445940382076,-0.14875397695418494,0.06404115223693194
3,TX0430600,"Plano, TX",murder,-0.13355723675023795,-0.13370565625774317,0.06404199787586475
4,TX0430600,"Plano, TX",murder,-0.04435065372038784,-0.039546038084483356,0.0640930572708348
5,TX0430600,"Plano, TX",murder,0.04930096736513672,0.03972149353590343,0.06404199787586475
6,TX0430600,"Plano, TX",murder,0.09738296415942169,0.07806458249267298,0.06404115223693194
7,TX0430600,"Plano, TX",murder,0.11118341410659602,0.10361069353140998,0.06402001187379684
8,TX0430600,"Plano, TX",murder,0.09275342812753531,0.10130357754601378,0.06404115223693194
9,TX0430600,"Plano, TX",murder,0.0384862404627525,0.050728011537859045,0.06404199787586476
10,TX0430600,"Plano, TX",murder,-0.00802783031255692,0.004018792772770392,0.0640930572708348
11,TX0430600,"Plano, TX",murder,-0.006608455110596065,0.007728905872267683,0.06404199787586475
12,TX0430600,"Plano, TX",murder,-0.0023119678719362097,0.004913062227211167,0.06404115223693194
1,TX0430800,"Wylie, TX",murder,-0.058804930073651264,-0.055401254754779056,0.06490771071849831
2,TX0430800,"Wylie, TX",murder,-0.135445940382076,-0.12856425700484353,0.06491094810940388
3,TX0430800,"Wylie, TX",murder,-0.13355723675023795,-0.12660075595171608,0.06491041745473822
4,TX0430800,"Wylie, TX",murder,-0.04435065372038784,-0.04100104603390743,0.06490844441198418
5,TX0430800,"Wylie, TX",murder,0.04930096736513672,0.04804420195221804,0.06491041745473823
6,TX0430800,"Wylie, TX",murder,0.09738296415942169,0.09359027957981597,0.06491094810940388
7,TX0430800,"Wylie, TX",murder,0.11118341410659602,0.10755029442377831,0.0649077107184983
8,TX0430800,"Wylie, TX",murder,0.09275342812753531,0.09018090461765592,0.06491094810940388
9,TX0430800,"Wylie, TX",murder,0.0384862404627525,0.0360683638955292,0.06491041745473823
10,TX0430800,"Wylie, TX",murder,-0.00802783031255692,-0.011147993635091823,0.06490844441198418
11,TX0430800,"Wylie, TX",murder,-0.006608455110596065,-0.009660849565030464,0.06491041745473822
12,TX0430800,"Wylie, TX",murder,-0.0023119678719362097,-0.0030578875236290785,0.06491094810940388
1,TX0460000,"Comal, TX",murder,-0.058804930073651264,-0.06575075780500304,0.06478533729210022
2,TX0460000,"Comal, TX",murder,-0.135445940382076,-0.14193330165988766,0.06479432740027548
3,TX0460000,"Comal, TX",murder,-0.13355723675023795,-0.13429738325760693,0.0647948354882789
4,TX0460000,"Comal, TX",murder,-0.04435065372038784,-0.03718380049003748,0.0647903315995203
5,TX0460000,"Comal, TX",murder,0.04930096736513672,0.061201932366522174,0.06479483548827891
6,TX0460000,"Comal, TX",murder,0.09738296415942169,0.1076697403950087,0.06479432740027548
7,TX0460000,"Comal, TX",murder,0.11118341410659602,0.11485629068529951,0.06478533729210022
8,TX0460000,"Comal, TX",murder,0.09275342812753531,0.0896897776415892,0.06479432740027548
9,TX0460000,"Comal, TX",murder,0.0384862404627525,0.03294832635901198,0.06479483548827891
10,TX0460000,"Comal, TX",murder,-0.00802783031255692,-0.011921732390258991,0.0647903315995203
11,TX0460000,"Comal, TX",murder,-0.006608455110596065,-0.008958408348223746,0.0647948354882789
12,TX0460000,"Comal, TX",murder,-0.0023119678719362097,-0.006320683496413743,0.06479432740027548
1,TX0460100,"New Braunfels, TX",murder,-0.058804930073651264,-0.05853210278891495,0.06464769101227588
2,TX0460100,"New Braunfels, TX",murder,-0.135445940382076,-0.1318785284293421,0.0646502807314287
3,TX0460100,"New Braunfels, TX",murder,-0.13355723675023795,-0.12975629095038538,0.06465515567107176
4,TX0460100,"New Braunfels, TX",murder,-0.04435065372038784,-0.048044182874743054,0.06464997330903018
5,TX0460100,"New Braunfels, TX",murder,0.04930096736513672,0.039801463615859414,0.06465515567107177
6,TX0460100,"New Braunfels, TX",murder,0.09738296415942169,0.09208002848283593,0.0646502807314287
7,TX0460100,"New Braunfels, TX",murder,0.11118341410659602,0.1129530949592379,0.06464769101227587
8,TX0460100,"New Braunfels, TX",murder,0.09275342812753531,0.09507072610849956,0.0646502807314287
9,TX0460100,"New Braunfels, TX",murder,0.0384862404627525,0.03852749645921986,0.06465515567107177
10,TX0460100,"New Braunfels, TX",murder,-0.00802783031255692,-0.006376809295579909,0.06464997330903018
11,TX0460100,"New Braunfels, TX",murder,-0.006608455110596065,-0.002993661295016891,0.06465515567107176
12,TX0460100,"New Braunfels, TX",murder,-0.0023119678719362097,-8.512339916703767e-4,0.06465028073142869
1,TX0570400,"Carrollton, TX",murder,-0.058804930073651264,-0.05471363759265778,0.06435399612048145
2,TX0570400,"Carrollton, TX",murder,-0.135445940382076,-0.12930510852367813,0.0643714156141862
3,TX0570400,"Carrollton, TX",murder,-0.13355723675023795,-0.1364552751875033,0.06435484732436235
4,TX0570400,"Carrollton, TX",murder,-0.04435065372038784,-0.053434609811227426,0.06438310406386476
5,TX0570400,"Carrollton, TX",murder,0.04930096736513672,0.0441875348717977,0.06435484732436235
6,TX0570400,"Carrollton, TX",murder,0.09738296415942169,0.09155643616427243,0.0643714156141862
7,TX0570400,"Carrollton, TX",murder,0.11118341410659602,0.09622584408819695,0.06435399612048145
8,TX0570400,"Carrollton, TX",murder,0.09275342812753531,0.08044702028280053,0.0643714156141862
9,TX0570400,"Carrollton, TX",murder,0.0384862404627525,0.04608498045108653,0.06435484732436236
10,TX0570400,"Carrollton, TX",murder,-0.00802783031255692,0.01192240331568825,0.06438310406386476
11,TX0570400,"Carrollton, TX",murder,-0.006608455110596065,0.00467055336907987,0.06435484732436235
12,TX0570400,"Carrollton, TX",murder,-0.0023119678719362097,-0.0011861414278556252,0.0643714156141862
1,TX0570800,"Desoto, TX",murder,-0.058804930073651264,-0.05478982826854736,0.0645168657138056
2,TX0570800,"Desoto, TX",murder,-0.135445940382076,-0.14854495587607086,0.0645818122923385
3,TX0570800,"Desoto, TX",murder,-0.13355723675023795,-0.13618538677464742,0.06454361930258544
4,TX0570800,"Desoto, TX",murder,-0.04435065372038784,-0.025783579563696785,0.06457812224971168
5,TX0570800,"Desoto, TX",murder,0.04930096736513672,0.06352699422715939,0.06454361930258545
6,TX0570800,"Desoto, TX",murder,0.09738296415942169,0.09207112043223697,0.0645818122923385
7,TX0570800,"Desoto, TX",murder,0.11118341410659602,0.10343954693067772,0.06451686571380559
8,TX0570800,"Desoto, TX",murder,0.09275342812753531,0.0925235981485705,0.0645818122923385
9,TX0570800,"Desoto, TX",murder,0.0384862404627525,0.031514310385016696,0.06454361930258545
10,TX0570800,"Desoto, TX",murder,-0.00802783031255692,-0.022866139098433592,0.06457812224971168
11,TX0570800,"Desoto, TX",murder,-0.006608455110596065,-0.007505636499659067,0.06454361930258544
12,TX0570800,"Desoto, TX",murder,-0.0023119678719362097,0.012599955957393784,0.06458181229233849
1,TX0571100,"Garland, TX",murder,-0.058804930073651264,-0.01704154067149616,0.06334369630019614
2,TX0571100,"Garland, TX",murder,-0.135445940382076,-0.1363467343264625,0.06338323463062429
3,TX0571100,"Garland, TX",murder,-0.13355723675023795,-0.1427624549662273,0.06329233451034087
4,TX0571100,"Garland, TX",murder,-0.04435065372038784,-0.02428271877421887,0.06326745213463571
5,TX0571100,"Garland, TX",murder,0.04930096736513672,0.06767251930504589,0.06329233451034089
6,TX0571100,"Garland, TX",murder,0.09738296415942169,0.07790356943592383,0.06338323463062429
7,TX0571100,"Garland, TX",murder,0.11118341410659602,0.08001799264706215,0.06334369630019612
8,TX0571100,"Garland, TX",murder,0.09275342812753531,0.08095860773580357,0.0633832346306243
9,TX0571100,"Garland, TX",murder,0.0384862404627525,0.024397876400002398,0.06329233451034089
10,TX0571100,"Garland, TX",murder,-0.00802783031255692,-0.038693733201347114,0.06326745213463571
11,TX0571100,"Garland, TX",murder,-0.006608455110596065,-0.012284392714386992,0.06329233451034087
12,TX0571100,"Garland, TX",murder,-0.0023119678719362097,0.040461009130301075,0.06338323463062429
1,TX0571200,"Grand Prairie, TX",murder,-0.058804930073651264,-0.06532792480570943,0.06369491938713003
2,TX0571200,"Grand Prairie, TX",murder,-0.135445940382076,-0.13192986504746124,0.06368086450168949
3,TX0571200,"Grand Prairie, TX",murder,-0.13355723675023795,-0.12783814861688989,0.0637103009982933
4,TX0571200,"Grand Prairie, TX",murder,-0.04435065372038784,-0.052850848238875786,0.063688636458451
5,TX0571200,"Grand Prairie, TX",murder,0.04930096736513672,0.03630695464862062,0.0637103009982933
6,TX0571200,"Grand Prairie, TX",murder,0.09738296415942169,0.1011987729310502,0.06368086450168949
7,TX0571200,"Grand Prairie, TX",murder,0.11118341410659602,0.12571687488344552,0.06369491938713001
8,TX0571200,"Grand Prairie, TX",murder,0.09275342812753531,0.09573449088330813,0.06368086450168949
9,TX0571200,"Grand Prairie, TX",murder,0.0384862404627525,0.03125382437500069,0.06371030099829332
10,TX0571200,"Grand Prairie, TX",murder,-0.00802783031255692,-0.007538101838860321,0.063688636458451
11,TX0571200,"Grand Prairie, TX",murder,-0.006608455110596065,-1.1158048446755087e-4,0.0637103009982933
12,TX0571200,"Grand Prairie, TX",murder,-0.0023119678719362097,-0.0046144486891609516,0.06368086450168949
1,TX0571500,"Irving, TX",murder,-0.058804930073651264,-0.05471085375364953,0.06303721718791772
2,TX0571500,"Irving, TX",murder,-0.135445940382076,-0.12806267131599208,0.06331013741985364
3,TX0571500,"Irving, TX",murder,-0.13355723675023795,-0.15094268748000061,0.06317069439111396
4,TX0571500,"Irving, TX",murder,-0.04435065372038784,-0.057402022777299264,0.06323446547387422
5,TX0571500,"Irving, TX",murder,0.04930096736513672,0.0813950614325277,0.06317069439111396
6,TX0571500,"Irving, TX",murder,0.09738296415942169,0.14111185522831204,0.06331013741985364
7,TX0571500,"Irving, TX",murder,0.11118341410659602,0.10581430183224518,0.0630372171879177
8,TX0571500,"Irving, TX",murder,0.09275342812753531,0.05340133524920334,0.06331013741985364
9,TX0571500,"Irving, TX",murder,0.0384862404627525,0.02517790333461618,0.06317069439111397
10,TX0571500,"Irving, TX",murder,-0.00802783031255692,0.00629857469870362,0.06323446547387422
11,TX0571500,"Irving, TX",murder,-0.006608455110596065,-0.006733725365738959,0.06317069439111396
12,TX0571500,"Irving, TX",murder,-0.0023119678719362097,-0.01534707108292763,0.06331013741985364
1,TX0571800,"Mesquite, TX",murder,-0.058804930073651264,-0.05763065741910471,0.06332691756758126
2,TX0571800,"Mesquite, TX",murder,-0.135445940382076,-0.14146168251210287,0.0633589031289205
3,TX0571800,"Mesquite, TX",murder,-0.13355723675023795,-0.14778993378704192,0.06337896406288288
4,TX0571800,"Mesquite, TX",murder,-0.04435065372038784,-0.054646738886672305,0.06339328042472955
5,TX0571800,"Mesquite, TX",murder,0.04930096736513672,0.04992724444474649,0.06337896406288288
6,TX0571800,"Mesquite, TX",murder,0.09738296415942169,0.09596217800539521,0.0633589031289205
7,TX0571800,"Mesquite, TX",murder,0.11118341410659602,0.09781958330796406,0.06332691756758124
8,TX0571800,"Mesquite, TX",murder,0.09275342812753531,0.08224092609433994,0.0633589031289205
9,TX0571800,"Mesquite, TX",murder,0.0384862404627525,0.04838025148041965,0.06337896406288288
10,TX0571800,"Mesquite, TX",murder,-0.00802783031255692,0.014457812997812947,0.06339328042472955
11,TX0571800,"Mesquite, TX",murder,-0.006608455110596065,0.009293511973016382,0.06337896406288288
12,TX0571800,"Mesquite, TX",murder,-0.0023119678719362097,0.003447504301227094,0.0633589031289205
1,TX0572000,"Richardson, TX",murder,-0.058804930073651264,-0.05946843262755717,0.06429022265321493
2,TX0572000,"Richardson, TX",murder,-0.135445940382076,-0.1335337475119502,0.06429524787536002
3,TX0572000,"Richardson, TX",murder,-0.13355723675023795,-0.12832925453021607,0.06430546570483207
4,TX0572000,"Richardson, TX",murder,-0.04435065372038784,-0.04115956982472115,0.06431109906720969
5,TX0572000,"Richardson, TX",murder,0.04930096736513672,0.05007095729625633,0.06430546570483207
6,TX0572000,"Richardson, TX",murder,0.09738296415942169,0.10246446747374613,0.06429524787536002
7,TX0572000,"Richardson, TX",murder,0.11118341410659602,0.1200077476758883,0.06429022265321492
8,TX0572000,"Richardson, TX",murder,0.09275342812753531,0.0942938761963661,0.06429524787536002
9,TX0572000,"Richardson, TX",murder,0.0384862404627525,0.028550068166300818,0.06430546570483209
10,TX0572000,"Richardson, TX",murder,-0.00802783031255692,-0.019379745223609992,0.06431109906720969
11,TX0572000,"Richardson, TX",murder,-0.006608455110596065,-0.010831085980672237,0.06430546570483207
12,TX0572000,"Richardson, TX",murder,-0.0023119678719362097,-0.0026852811098308366,0.06429524787536002
1,TX0573300,"Rowlett, TX",murder,-0.058804930073651264,-0.061020237149055016,0.06477344371240017
2,TX0573300,"Rowlett, TX",murder,-0.135445940382076,-0.13021149876306326,0.06476864314987475
3,TX0573300,"Rowlett, TX",murder,-0.13355723675023795,-0.12866763830217262,0.06477534047905714
4,TX0573300,"Rowlett, TX",murder,-0.04435065372038784,-0.04742532027017414,0.06477718640151985
5,TX0573300,"Rowlett, TX",murder,0.04930096736513672,0.04673816870193082,0.06477534047905714
6,TX0573300,"Rowlett, TX",murder,0.09738296415942169,0.10520000392152275,0.06476864314987475
7,TX0573300,"Rowlett, TX",murder,0.11118341410659602,0.1212452061675494,0.06477344371240015
8,TX0573300,"Rowlett, TX",murder,0.09275342812753531,0.09192240171894148,0.06476864314987475
9,TX0573300,"Rowlett, TX",murder,0.0384862404627525,0.03015357223955644,0.06477534047905716
10,TX0573300,"Rowlett, TX",murder,-0.00802783031255692,-0.012799648748320257,0.06477718640151985
11,TX0573300,"Rowlett, TX",murder,-0.006608455110596065,-0.00844907165780906,0.06477534047905714
12,TX0573300,"Rowlett, TX",murder,-0.0023119678719362097,-0.0066859378589065295,0.06476864314987475
1,TX0610000,"Denton, TX",murder,-0.058804930073651264,-0.05500236850084139,0.06484982757106862
2,TX0610000,"Denton, TX",murder,-0.135445940382076,-0.13547512023041985,0.06485191138701946
3,TX0610000,"Denton, TX",murder,-0.13355723675023795,-0.135009046254167,0.06485114080323681
4,TX0610000,"Denton, TX",murder,-0.04435065372038784,-0.04482686178912377,0.06485134613695251
5,TX0610000,"Denton, TX",murder,0.04930096736513672,0.04734854897180302,0.06485114080323683
6,TX0610000,"Denton, TX",murder,0.09738296415942169,0.09234602295296467,0.06485191138701946
7,TX0610000,"Denton, TX",murder,0.11118341410659602,0.10704688250764477,0.06484982757106861
8,TX0610000,"Denton, TX",murder,0.09275342812753531,0.09293526613626991,0.06485191138701946
9,TX0610000,"Denton, TX",murder,0.0384862404627525,0.040424678153213656,0.06485114080323683
10,TX0610000,"Denton, TX",murder,-0.00802783031255692,-0.007217652217679614,0.06485134613695251
11,TX0610000,"Denton, TX",murder,-0.006608455110596065,-0.004808694877653107,0.06485114080323681
12,TX0610000,"Denton, TX",murder,-0.0023119678719362097,0.002238345147988678,0.06485191138701946
1,TX0610600,"Lewisville, TX",murder,-0.058804930073651264,-0.0691547966235235,0.06419526380407686
2,TX0610600,"Lewisville, TX",murder,-0.135445940382076,-0.12333554432321282,0.06420720288521768
3,TX0610600,"Lewisville, TX",murder,-0.13355723675023795,-0.120562821401865,0.06414818658480027
4,TX0610600,"Lewisville, TX",murder,-0.04435065372038784,-0.04674594572133434,0.06424475451287254
5,TX0610600,"Lewisville, TX",murder,0.04930096736513672,0.04362281310539376,0.06414818658480029
6,TX0610600,"Lewisville, TX",murder,0.09738296415942169,0.09319741957468537,0.06420720288521768
7,TX0610600,"Lewisville, TX",murder,0.11118341410659602,0.0954753394422854,0.06419526380407685
8,TX0610600,"Lewisville, TX",murder,0.09275342812753531,0.0733440181611941,0.06420720288521768
9,TX0610600,"Lewisville, TX",murder,0.0384862404627525,0.044250752421084366,0.06414818658480029
10,TX0610600,"Lewisville, TX",murder,-0.00802783031255692,0.020425402902572443,0.06424475451287254
11,TX0610600,"Lewisville, TX",murder,-0.006608455110596065,0.006368713056624944,0.06414818658480027
12,TX0610600,"Lewisville, TX",murder,-0.0023119678719362097,-0.01688535059390471,0.06420720288521768
1,TX0611200,"Flower Mound, TX",murder,-0.058804930073651264,-0.05927068449705425,0.06495446444074109
2,TX0611200,"Flower Mound, TX",murder,-0.135445940382076,-0.13671108858742945,0.06495644978279688
3,TX0611200,"Flower Mound, TX",murder,-0.13355723675023795,-0.13388730986335953,0.06495554422423137
4,TX0611200,"Flower Mound, TX",murder,-0.04435065372038784,-0.0443335765204316,0.0649560818108682
5,TX0611200,"Flower Mound, TX",murder,0.04930096736513672,0.04768031321824547,0.06495554422423139
6,TX0611200,"Flower Mound, TX",murder,0.09738296415942169,0.09570051880512723,0.06495644978279688
7,TX0611200,"Flower Mound, TX",murder,0.11118341410659602,0.11292044522693144,0.06495446444074107
8,TX0611200,"Flower Mound, TX",murder,0.09275342812753531,0.0968876448707403,0.06495644978279688
9,TX0611200,"Flower Mound, TX",murder,0.0384862404627525,0.04041410541679319,0.06495554422423139
10,TX0611200,"Flower Mound, TX",murder,-0.00802783031255692,-0.009316184209445607,0.0649560818108682
11,TX0611200,"Flower Mound, TX",murder,-0.006608455110596065,-0.00785686950155636,0.06495554422423137
12,TX0611200,"Flower Mound, TX",murder,-0.0023119678719362097,-0.002227314358560847,0.06495644978279688
1,TX0611300,"Little Elm, TX",murder,-0.058804930073651264,-0.04835120926794331,0.064754442750837915
2,TX0611300,"Little Elm, TX",murder,-0.135445940382076,-0.1279184385153937,0.06475707862561196
3,TX0611300,"Little Elm, TX",murder,-0.13355723675023795,-0.1326832617375554,0.0647595542655508
4,TX0611300,"Little Elm, TX",murder,-0.04435065372038784,-0.045827587011024296,0.064747212684065
5,TX0611300,"Little Elm, TX",murder,0.04930096736513672,0.04525341959689996,0.0647595542655508
6,TX0611300,"Little Elm, TX",murder,0.09738296415942169,0.0891583028148167,0.06475707862561196
7,TX0611300,"Little Elm, TX",murder,0.11118341410659602,0.10577241212820665,0.064754442750837915
8,TX0611300,"Little Elm, TX",murder,0.09275342812753531,0.09662276450586237,0.06475707862561196
9,TX0611300,"Little Elm, TX",murder,0.0384862404627525,0.04396638486776072,0.06475955426555081
10,TX0611300,"Little Elm, TX",murder,-0.00802783031255692,-0.011593615849239045,0.064747212684065
11,TX0611300,"Little Elm, TX",murder,-0.006608455110596065,-0.013957745587368642,0.0647595542655508
12,TX0611300,"Little Elm, TX",murder,-0.0023119678719362097,-4.4142594502198987e-4,0.06475707862561196
1,TX0680200,"Odessa, TX",murder,-0.058804930073651264,-0.06589083760581364,0.06340371687773766
2,TX0680200,"Odessa, TX",murder,-0.135445940382076,-0.14190204128806305,0.06340829708126328
3,TX0680200,"Odessa, TX",murder,-0.13355723675023795,-0.1331085135207462,0.06342622868088481
4,TX0680200,"Odessa, TX",murder,-0.04435065372038784,-0.04732863398449679,0.06341968045311716
5,TX0680200,"Odessa, TX",murder,0.04930096736513672,0.03991193259819012,0.06342622868088481
6,TX0680200,"Odessa, TX",murder,0.09738296415942169,0.09508614624053333,0.06340829708126328
7,TX0680200,"Odessa, TX",murder,0.11118341410659602,0.12038992435443727,0.06340371687773765
8,TX0680200,"Odessa, TX",murder,0.09275342812753531,0.09924609041949384,0.06340829708126328
9,TX0680200,"Odessa, TX",murder,0.0384862404627525,0.03595347590355338,0.06342622868088482
10,TX0680200,"Odessa, TX",murder,-0.00802783031255692,-0.007170452764126843,0.06341968045311716
11,TX0680200,"Odessa, TX",murder,-0.006608455110596065,0.00274401827037905,0.06342622868088481
12,TX0680200,"Odessa, TX",murder,-0.0023119678719362097,0.0020688913766595566,0.06340829708126328
1,TX0710000,"El Paso, TX",murder,-0.058804930073651264,-0.023869242647446196,0.06399024979257471
2,TX0710000,"El Paso, TX",murder,-0.135445940382076,-0.10008931432795873,0.06394945672166476
3,TX0710000,"El Paso, TX",murder,-0.13355723675023795,-0.12521755758927025,0.06389145390124916
4,TX0710000,"El Paso, TX",murder,-0.04435065372038784,-0.06067711277034386,0.06390407065850717
5,TX0710000,"El Paso, TX",murder,0.04930096736513672,0.029902844976287653,0.06389145390124917
6,TX0710000,"El Paso, TX",murder,0.09738296415942169,0.0859809695149711,0.06394945672166476
7,TX0710000,"El Paso, TX",murder,0.11118341410659602,0.10481268071079113,0.06399024979257471
8,TX0710000,"El Paso, TX",murder,0.09275342812753531,0.08799520176289342,0.06394945672166476
9,TX0710000,"El Paso, TX",murder,0.0384862404627525,0.03218000696086002,0.06389145390124917
10,TX0710000,"El Paso, TX",murder,-0.00802783031255692,-0.020266325293001066,0.06390407065850717
11,TX0710000,"El Paso, TX",murder,-0.006608455110596065,-0.01780873241122237,0.06389145390124916
12,TX0710000,"El Paso, TX",murder,-0.0023119678719362097,0.007056581113439144,0.06394945672166476
1,TX0710200,"El Paso, TX",murder,-0.058804930073651264,-0.08459590676937156,0.0604862903069708
2,TX0710200,"El Paso, TX",murder,-0.135445940382076,-0.15407886384101158,0.06061606979141084
3,TX0710200,"El Paso, TX",murder,-0.13355723675023795,-0.13661136324635248,0.06057059960245281
4,TX0710200,"El Paso, TX",murder,-0.04435065372038784,-0.05165130385293294,0.06048614693419279
5,TX0710200,"El Paso, TX",murder,0.04930096736513672,0.02309832569127744,0.06057059960245282
6,TX0710200,"El Paso, TX",murder,0.09738296415942169,0.08013145413924261,0.06061606979141084
7,TX0710200,"El Paso, TX",murder,0.11118341410659602,0.13748931460133412,0.060486290306970794
8,TX0710200,"El Paso, TX",murder,0.09275342812753531,0.14791955210406796,0.06061606979141084
9,TX0710200,"El Paso, TX",murder,0.0384862404627525,0.07755864367744633,0.06057059960245282
10,TX0710200,"El Paso, TX",murder,-0.00802783031255692,-0.0012421039790296061,0.06048614693419279
11,TX0710200,"El Paso, TX",murder,-0.006608455110596065,-0.01693901395433388,0.06057059960245281
12,TX0710200,"El Paso, TX",murder,-0.0023119678719362097,-0.021078734570336405,0.060616069791410834
1,TX0790000,"Fort Bend, TX",murder,-0.058804930073651264,-0.011498028412307418,0.06322179760395889
2,TX0790000,"Fort Bend, TX",murder,-0.135445940382076,-0.09342154965149915,0.06305421677095782
3,TX0790000,"Fort Bend, TX",murder,-0.13355723675023795,-0.12271237186625557,0.0630446236352631
4,TX0790000,"Fort Bend, TX",murder,-0.04435065372038784,-0.056967447083322166,0.06324634133840505
5,TX0790000,"Fort Bend, TX",murder,0.04930096736513672,0.04027490401434157,0.0630446236352631
6,TX0790000,"Fort Bend, TX",murder,0.09738296415942169,0.10332069490255949,0.06305421677095782
7,TX0790000,"Fort Bend, TX",murder,0.11118341410659602,0.11736536289403598,0.06322179760395888
8,TX0790000,"Fort Bend, TX",murder,0.09275342812753531,0.07953349376868846,0.06305421677095782
9,TX0790000,"Fort Bend, TX",murder,0.0384862404627525,0.002956981501716291,0.06304462363526311
10,TX0790000,"Fort Bend, TX",murder,-0.00802783031255692,-0.0488998873984064,0.06324634133840505
11,TX0790000,"Fort Bend, TX",murder,-0.006608455110596065,-0.026386848131530874,0.0630446236352631
12,TX0790000,"Fort Bend, TX",murder,-0.0023119678719362097,0.016434695461979787,0.06305421677095782
1,TX0790100,"Missouri City, TX",murder,-0.058804930073651264,-0.04954832421480367,0.06458487955360173
2,TX0790100,"Missouri City, TX",murder,-0.135445940382076,-0.13415583602491832,0.06458705701943433
3,TX0790100,"Missouri City, TX",murder,-0.13355723675023795,-0.13890122686513776,0.06459273967517662
4,TX0790100,"Missouri City, TX",murder,-0.04435065372038784,-0.0544318281080932,0.06460956620756372
5,TX0790100,"Missouri City, TX",murder,0.04930096736513672,0.03656518564041233,0.06459273967517662
6,TX0790100,"Missouri City, TX",murder,0.09738296415942169,0.08917679852126388,0.06458705701943433
7,TX0790100,"Missouri City, TX",murder,0.11118341410659602,0.11350161511980465,0.06458487955360173
8,TX0790100,"Missouri City, TX",murder,0.09275342812753531,0.10014373085713318,0.06458705701943433
9,TX0790100,"Missouri City, TX",murder,0.0384862404627525,0.040935830792351614,0.06459273967517662
10,TX0790100,"Missouri City, TX",murder,-0.00802783031255692,-0.009521462796907793,0.06460956620756372
11,TX0790100,"Missouri City, TX",murder,-0.006608455110596065,-0.002553080472627216,0.06459273967517662
12,TX0790100,"Missouri City, TX",murder,-0.0023119678719362097,0.008788597551522283,0.06458705701943433
1,TX0790500,"Sugar Land, TX",murder,-0.058804930073651264,-0.05059309645735245,0.0647179959561831
2,TX0790500,"Sugar Land, TX",murder,-0.135445940382076,-0.12173511156660914,0.0647469895370574
3,TX0790500,"Sugar Land, TX",murder,-0.13355723675023795,-0.12522924632585486,0.06474393188026019
4,TX0790500,"Sugar Land, TX",murder,-0.04435065372038784,-0.04703757470819248,0.06471380241170921
5,TX0790500,"Sugar Land, TX",murder,0.04930096736513672,0.03811641909612973,0.0647439318802602
6,TX0790500,"Sugar Land, TX",murder,0.09738296415942169,0.085912709521002,0.0647469895370574
7,TX0790500,"Sugar Land, TX",murder,0.11118341410659602,0.10792871052642578,0.06471799595618309
8,TX0790500,"Sugar Land, TX",murder,0.09275342812753531,0.09878204282553071,0.0647469895370574
9,TX0790500,"Sugar Land, TX",murder,0.0384862404627525,0.0449405635157031,0.0647439318802602
10,TX0790500,"Sugar Land, TX",murder,-0.00802783031255692,-0.010298039360880848,0.06471380241170921
11,TX0790500,"Sugar Land, TX",murder,-0.006608455110596065,-0.015163350355051328,0.06474393188026019
12,TX0790500,"Sugar Land, TX",murder,-0.0023119678719362097,-0.00562402671085021,0.0647469895370574
1,TX0840400,"Galveston, TX",murder,-0.058804930073651264,-0.06266043177475379,0.06407294651219357
2,TX0840400,"Galveston, TX",murder,-0.135445940382076,-0.12414171680448635,0.06415421615524833
3,TX0840400,"Galveston, TX",murder,-0.13355723675023795,-0.13115059437684679,0.06413729094101071
4,TX0840400,"Galveston, TX",murder,-0.04435065372038784,-0.05876460320534324,0.06415910291926684
5,TX0840400,"Galveston, TX",murder,0.04930096736513672,0.034560793487775264,0.06413729094101073
6,TX0840400,"Galveston, TX",murder,0.09738296415942169,0.08991726803233882,0.06415421615524833
7,TX0840400,"Galveston, TX",murder,0.11118341410659602,0.10512958088101095,0.06407294651219356
8,TX0840400,"Galveston, TX",murder,0.09275342812753531,0.09447868063391585,0.06415421615524833
9,TX0840400,"Galveston, TX",murder,0.0384862404627525,0.05901840910001911,0.06413729094101073
10,TX0840400,"Galveston, TX",murder,-0.00802783031255692,0.016295454099086084,0.06415910291926684
11,TX0840400,"Galveston, TX",murder,-0.006608455110596065,-0.004897757317204786,0.06413729094101071
12,TX0840400,"Galveston, TX",murder,-0.0023119678719362097,-0.01778508275551113,0.06415421615524831
1,TX0840800,"League City, TX",murder,-0.058804930073651264,-0.06795628542905843,0.06451092451495896
2,TX0840800,"League City, TX",murder,-0.135445940382076,-0.1371091186213681,0.06451914983057662
3,TX0840800,"League City, TX",murder,-0.13355723675023795,-0.13587033050944541,0.06449768271840192
4,TX0840800,"League City, TX",murder,-0.04435065372038784,-0.049199675882846364,0.0645002415737913
5,TX0840800,"League City, TX",murder,0.04930096736513672,0.05476257879644954,0.06449768271840192
6,TX0840800,"League City, TX",murder,0.09738296415942169,0.11632549417334141,0.06451914983057662
7,TX0840800,"League City, TX",murder,0.11118341410659602,0.12614834100948188,0.06451092451495895
8,TX0840800,"League City, TX",murder,0.09275342812753531,0.09213366195734658,0.06451914983057662
9,TX0840800,"League City, TX",murder,0.0384862404627525,0.03270281826500043,0.06449768271840194
10,TX0840800,"League City, TX",murder,-0.00802783031255692,-0.008992379697577093,0.0645002415737913
11,TX0840800,"League City, TX",murder,-0.006608455110596065,-0.00978712213242804,0.06449768271840192
12,TX0840800,"League City, TX",murder,-0.0023119678719362097,-0.013157981928896388,0.06451914983057662
1,TX0840900,"Texas City, TX",murder,-0.058804930073651264,-0.025825040506914563,0.06401625768060087
2,TX0840900,"Texas City, TX",murder,-0.135445940382076,-0.11321193959121777,0.06392423443428441
3,TX0840900,"Texas City, TX",murder,-0.13355723675023795,-0.14372196882492264,0.06404903712663348
4,TX0840900,"Texas City, TX",murder,-0.04435065372038784,-0.04851397322929023,0.06398917102161268
5,TX0840900,"Texas City, TX",murder,0.04930096736513672,0.07259930444158207,0.06404903712663348
6,TX0840900,"Texas City, TX",murder,0.09738296415942169,0.11280082928744439,0.06392423443428441
7,TX0840900,"Texas City, TX",murder,0.11118341410659602,0.09617264822221283,0.06401625768060086
8,TX0840900,"Texas City, TX",murder,0.09275342812753531,0.07578608737030687,0.06392423443428441
9,TX0840900,"Texas City, TX",murder,0.0384862404627525,0.03594850888871348,0.06404903712663348
10,TX0840900,"Texas City, TX",murder,-0.00802783031255692,-0.021833634486008027,0.06398917102161268
11,TX0840900,"Texas City, TX",murder,-0.006608455110596065,-0.0351734522206712,0.06404903712663348
12,TX0840900,"Texas City, TX",murder,-0.0023119678719362097,-0.005027369351235253,0.06392423443428441
1,TX0920500,"Longview, TX",murder,-0.058804930073651264,-0.03878926093939127,0.06351934304270039
2,TX0920500,"Longview, TX",murder,-0.135445940382076,-0.10971434183390824,0.06352306947927557
3,TX0920500,"Longview, TX",murder,-0.13355723675023795,-0.12888956380218955,0.06352733563036056
4,TX0920500,"Longview, TX",murder,-0.04435065372038784,-0.05417884138357316,0.0635994941742625
5,TX0920500,"Longview, TX",murder,0.04930096736513672,0.05022575402094607,0.06352733563036057
6,TX0920500,"Longview, TX",murder,0.09738296415942169,0.11000828380671265,0.06352306947927557
7,TX0920500,"Longview, TX",murder,0.11118341410659602,0.11579477523507312,0.06351934304270038
8,TX0920500,"Longview, TX",murder,0.09275342812753531,0.08418957971700006,0.06352306947927557
9,TX0920500,"Longview, TX",murder,0.0384862404627525,0.026359287389599487,0.06352733563036057
10,TX0920500,"Longview, TX",murder,-0.00802783031255692,-0.022826672912108693,0.0635994941742625
11,TX0920500,"Longview, TX",murder,-0.006608455110596065,-0.02470099190403788,0.06352733563036056
12,TX0920500,"Longview, TX",murder,-0.0023119678719362097,-0.007478007394122578,0.06352306947927557
1,TX1010100,"Baytown, TX",murder,-0.058804930073651264,-0.047658975641790065,0.06400673794557117
2,TX1010100,"Baytown, TX",murder,-0.135445940382076,-0.15367580895121877,0.06408413943265154
3,TX1010100,"Baytown, TX",murder,-0.13355723675023795,-0.1494296069378129,0.06399135360514295
4,TX1010100,"Baytown, TX",murder,-0.04435065372038784,-0.03753750537909586,0.06410805327295617
5,TX1010100,"Baytown, TX",murder,0.04930096736513672,0.05593091850428658,0.06399135360514296
6,TX1010100,"Baytown, TX",murder,0.09738296415942169,0.09314658073437877,0.06408413943265154
7,TX1010100,"Baytown, TX",murder,0.11118341410659602,0.11962184914879045,0.06400673794557117
8,TX1010100,"Baytown, TX",murder,0.09275342812753531,0.11470675240418822,0.06408413943265154
9,TX1010100,"Baytown, TX",murder,0.0384862404627525,0.03849767688378195,0.06399135360514296
10,TX1010100,"Baytown, TX",murder,-0.00802783031255692,-0.034425368127904546,0.06410805327295617
11,TX1010100,"Baytown, TX",murder,-0.006608455110596065,-0.016961861957256064,0.06399135360514295
12,TX1010100,"Baytown, TX",murder,-0.0023119678719362097,0.017785349319652203,0.06408413943265154
1,TX1011500,"Pasadena, TX",murder,-0.058804930073651264,-0.0916477622805249,0.06368982474627118
2,TX1011500,"Pasadena, TX",murder,-0.135445940382076,-0.15303213512668223,0.06361732531191776
3,TX1011500,"Pasadena, TX",murder,-0.13355723675023795,-0.1309624655603401,0.06365453058064582
4,TX1011500,"Pasadena, TX",murder,-0.04435065372038784,-0.048059501478171625,0.06357675085098681
5,TX1011500,"Pasadena, TX",murder,0.04930096736513672,0.03665856661228251,0.06365453058064584
6,TX1011500,"Pasadena, TX",murder,0.09738296415942169,0.10146198178972794,0.06361732531191776
7,TX1011500,"Pasadena, TX",murder,0.11118341410659602,0.13440432473430475,0.06368982474627116
8,TX1011500,"Pasadena, TX",murder,0.09275342812753531,0.11003835221277763,0.06361732531191776
9,TX1011500,"Pasadena, TX",murder,0.0384862404627525,0.045212120192655636,0.06365453058064584
10,TX1011500,"Pasadena, TX",murder,-0.00802783031255692,0.005302939024391774,0.06357675085098681
11,TX1011500,"Pasadena, TX",murder,-0.006608455110596065,0.006335216301622072,0.06365453058064584
12,TX1011500,"Pasadena, TX",murder,-0.0023119678719362097,-0.015711636422043422,0.06361732531191776
1,TX1050000,"Hays, TX",murder,-0.058804930073651264,-0.06258040084657596,0.06454101292452678
2,TX1050000,"Hays, TX",murder,-0.135445940382076,-0.1371776667867131,0.0645441158946149
3,TX1050000,"Hays, TX",murder,-0.13355723675023795,-0.12141376401202607,0.06454147668503611
4,TX1050000,"Hays, TX",murder,-0.04435065372038784,-0.03572643595345404,0.0645381013871103
5,TX1050000,"Hays, TX",murder,0.04930096736513672,0.03919755621318805,0.06454147668503613
6,TX1050000,"Hays, TX",murder,0.09738296415942169,0.0845418079810372,0.0645441158946149
7,TX1050000,"Hays, TX",murder,0.11118341410659602,0.11261495640280585,0.06454101292452678
8,TX1050000,"Hays, TX",murder,0.09275342812753531,0.09632148694133374,0.0645441158946149
9,TX1050000,"Hays, TX",murder,0.0384862404627525,0.030523028610416815,0.06454147668503613
10,TX1050000,"Hays, TX",murder,-0.00802783031255692,-0.014308119602775875,0.0645381013871103
11,TX1050000,"Hays, TX",murder,-0.006608455110596065,0.0016586236321912608,0.06454147668503611
12,TX1050000,"Hays, TX",murder,-0.0023119678719362097,0.006348927420572092,0.0645441158946149
1,TX1050100,"San Marcos, TX",murder,-0.058804930073651264,-0.05922576393374768,0.06439737920773127
2,TX1050100,"San Marcos, TX",murder,-0.135445940382076,-0.1351437763717933,0.06440435103900935
3,TX1050100,"San Marcos, TX",murder,-0.13355723675023795,-0.13411279635730622,0.06440383456285291
4,TX1050100,"San Marcos, TX",murder,-0.04435065372038784,-0.044205232429071574,0.06440625343603652
5,TX1050100,"San Marcos, TX",murder,0.04930096736513672,0.051471378505090856,0.06440383456285292
6,TX1050100,"San Marcos, TX",murder,0.09738296415942169,0.09865214062948205,0.06440435103900935
7,TX1050100,"San Marcos, TX",murder,0.11118341410659602,0.10905026720743954,0.06439737920773125
8,TX1050100,"San Marcos, TX",murder,0.09275342812753531,0.09027097987183456,0.06440435103900935
9,TX1050100,"San Marcos, TX",murder,0.0384862404627525,0.03941549658365559,0.06440383456285292
10,TX1050100,"San Marcos, TX",murder,-0.00802783031255692,-0.0056192708446203,0.06440625343603652
11,TX1050100,"San Marcos, TX",murder,-0.006608455110596065,-0.006598582005132144,0.06440383456285291
12,TX1050100,"San Marcos, TX",murder,-0.0023119678719362097,-0.003954840855831407,0.06440435103900935
1,TX1050700,"Kyle, TX",murder,-0.058804930073651264,-0.055362773000723564,0.06484729392359596
2,TX1050700,"Kyle, TX",murder,-0.135445940382076,-0.1290996466435766,0.06485162914859285
3,TX1050700,"Kyle, TX",murder,-0.13355723675023795,-0.1348407709554483,0.06484486798804756
4,TX1050700,"Kyle, TX",murder,-0.04435065372038784,-0.051811002117598114,0.06485734631153503
5,TX1050700,"Kyle, TX",murder,0.04930096736513672,0.04784302666599163,0.06484486798804757
6,TX1050700,"Kyle, TX",murder,0.09738296415942169,0.10415347403429548,0.06485162914859285
7,TX1050700,"Kyle, TX",murder,0.11118341410659602,0.11578572774670493,0.06484729392359596
8,TX1050700,"Kyle, TX",murder,0.09275342812753531,0.0907722232320342,0.06485162914859285
9,TX1050700,"Kyle, TX",murder,0.0384862404627525,0.03609039279792454,0.06484486798804757
10,TX1050700,"Kyle, TX",murder,-0.00802783031255692,-0.008611952628383256,0.06485734631153503
11,TX1050700,"Kyle, TX",murder,-0.006608455110596065,-0.009515603254449254,0.06484486798804757
12,TX1050700,"Kyle, TX",murder,-0.0023119678719362097,-0.005403095876771676,0.06485162914859285
1,TX1080000,"Hidalgo, TX",murder,-0.058804930073651264,-0.032678415581426284,0.06307751064661281
2,TX1080000,"Hidalgo, TX",murder,-0.135445940382076,-0.09762416171449678,0.06308834985088137
3,TX1080000,"Hidalgo, TX",murder,-0.13355723675023795,-0.11000905852886163,0.06297549238342932
4,TX1080000,"Hidalgo, TX",murder,-0.04435065372038784,-0.047123395346680384,0.06289677259211275
5,TX1080000,"Hidalgo, TX",murder,0.04930096736513672,0.02986848582514344,0.06297549238342934
6,TX1080000,"Hidalgo, TX",murder,0.09738296415942169,0.07270182755154789,0.06308834985088137
7,TX1080000,"Hidalgo, TX",murder,0.11118341410659602,0.08633157356213082,0.0630775106466128
8,TX1080000,"Hidalgo, TX",murder,0.09275342812753531,0.07510207065743663,0.06308834985088137
9,TX1080000,"Hidalgo, TX",murder,0.0384862404627525,0.033833809491096906,0.06297549238342934
10,TX1080000,"Hidalgo, TX",murder,-0.00802783031255692,-0.006529762634024159,0.06289677259211275
11,TX1080000,"Hidalgo, TX",murder,-0.006608455110596065,-0.0073463947680832906,0.06297549238342932
12,TX1080000,"Hidalgo, TX",murder,-0.0023119678719362097,0.0034734214862168463,0.06308834985088135
1,TX1080400,"Edinburg, TX",murder,-0.058804930073651264,-0.054308400801220805,0.06447151039933102
2,TX1080400,"Edinburg, TX",murder,-0.135445940382076,-0.1332592897016364,0.06446697582029663
3,TX1080400,"Edinburg, TX",murder,-0.13355723675023795,-0.12950292065585733,0.06445180309466259
4,TX1080400,"Edinburg, TX",murder,-0.04435065372038784,-0.042714873979601206,0.06444565010233133
5,TX1080400,"Edinburg, TX",murder,0.04930096736513672,0.04322697814191938,0.06445180309466259
6,TX1080400,"Edinburg, TX",murder,0.09738296415942169,0.08599697746210716,0.06446697582029663
7,TX1080400,"Edinburg, TX",murder,0.11118341410659602,0.10004909402414378,0.06447151039933101
8,TX1080400,"Edinburg, TX",murder,0.09275342812753531,0.08417342721158406,0.06446697582029663
9,TX1080400,"Edinburg, TX",murder,0.0384862404627525,0.034676364942882,0.0644518030946626
10,TX1080400,"Edinburg, TX",murder,-0.00802783031255692,-0.003025819243321774,0.06444565010233133
11,TX1080400,"Edinburg, TX",murder,-0.006608455110596065,0.005858884348132924,0.06445180309466259
12,TX1080400,"Edinburg, TX",murder,-0.0023119678719362097,0.008829578250868187,0.06446697582029663
1,TX1080800,"McAllen, TX",murder,-0.058804930073651264,-0.052371623293691265,0.06442994961959392
2,TX1080800,"McAllen, TX",murder,-0.135445940382076,-0.13009204390459164,0.06440867282499892
3,TX1080800,"McAllen, TX",murder,-0.13355723675023795,-0.13752596888507565,0.064426839406489
4,TX1080800,"McAllen, TX",murder,-0.04435065372038784,-0.0624807635652479,0.06444388531489209
5,TX1080800,"McAllen, TX",murder,0.04930096736513672,0.03307381729468114,0.064426839406489
6,TX1080800,"McAllen, TX",murder,0.09738296415942169,0.09987336756599573,0.06440867282499892
7,TX1080800,"McAllen, TX",murder,0.11118341410659602,0.12268431137288943,0.06442994961959392
8,TX1080800,"McAllen, TX",murder,0.09275342812753531,0.09331887805255917,0.06440867282499892
9,TX1080800,"McAllen, TX",murder,0.0384862404627525,0.030440114953844993,0.064426839406489
10,TX1080800,"McAllen, TX",murder,-0.00802783031255692,-0.007831924513950287,0.06444388531489209
11,TX1080800,"McAllen, TX",murder,-0.006608455110596065,0.0036993485573513026,0.064426839406489
12,TX1080800,"McAllen, TX",murder,-0.0023119678719362097,0.007212486365234964,0.06440867282499892
1,TX1081100,"Pharr, TX",murder,-0.058804930073651264,-0.05638016651571862,0.06461264171305246
2,TX1081100,"Pharr, TX",murder,-0.135445940382076,-0.13686123704426711,0.06461164751987723
3,TX1081100,"Pharr, TX",murder,-0.13355723675023795,-0.1374497261456821,0.06461699788033509
4,TX1081100,"Pharr, TX",murder,-0.04435065372038784,-0.04651931894096635,0.0646245103099316
5,TX1081100,"Pharr, TX",murder,0.04930096736513672,0.05458752953657782,0.06461699788033509
6,TX1081100,"Pharr, TX",murder,0.09738296415942169,0.11081743393593155,0.06461164751987723
7,TX1081100,"Pharr, TX",murder,0.11118341410659602,0.12314901182202573,0.06461264171305245
8,TX1081100,"Pharr, TX",murder,0.09275342812753531,0.09180082024762344,0.06461164751987723
9,TX1081100,"Pharr, TX",murder,0.0384862404627525,0.025620464042731307,0.0646169978803351
10,TX1081100,"Pharr, TX",murder,-0.00802783031255692,-0.020249526365340765,0.0646245103099316
11,TX1081100,"Pharr, TX",murder,-0.006608455110596065,-0.009527112739934165,0.06461699788033509
12,TX1081100,"Pharr, TX",murder,-0.0023119678719362097,0.0010118281670192877,0.06461164751987723
1,TX1230100,"Beaumont, TX",murder,-0.058804930073651264,-0.06474226944743643,0.06183914313230093
2,TX1230100,"Beaumont, TX",murder,-0.135445940382076,-0.16203355868006117,0.061942998448979054
3,TX1230100,"Beaumont, TX",murder,-0.13355723675023795,-0.14684781394350482,0.06191387793707238
4,TX1230100,"Beaumont, TX",murder,-0.04435065372038784,-0.03258562774813878,0.06189487229428183
5,TX1230100,"Beaumont, TX",murder,0.04930096736513672,0.06410709533988547,0.061913877937072384
6,TX1230100,"Beaumont, TX",murder,0.09738296415942169,0.10193391422417225,0.061942998448979054
7,TX1230100,"Beaumont, TX",murder,0.11118341410659602,0.11402909035532592,0.06183914313230092
8,TX1230100,"Beaumont, TX",murder,0.09275342812753531,0.09449920656362373,0.061942998448979054
9,TX1230100,"Beaumont, TX",murder,0.0384862404627525,0.03002664091917789,0.06191387793707239
10,TX1230100,"Beaumont, TX",murder,-0.00802783031255692,-0.016701193159750723,0.06189487229428183
11,TX1230100,"Beaumont, TX",murder,-0.006608455110596065,0.0034272567765519244,0.06191387793707238
12,TX1230100,"Beaumont, TX",murder,-0.0023119678719362097,0.014887258800154719,0.061942998448979054
1,TX1230700,"Port Arthur, TX",murder,-0.058804930073651264,-0.058052439784653305,0.06369418204651141
2,TX1230700,"Port Arthur, TX",murder,-0.135445940382076,-0.13551591938882646,0.06368278361771662
3,TX1230700,"Port Arthur, TX",murder,-0.13355723675023795,-0.14453574595949387,0.06366143330291651
4,TX1230700,"Port Arthur, TX",murder,-0.04435065372038784,-0.06051726614310586,0.06369941777691676
5,TX1230700,"Port Arthur, TX",murder,0.04930096736513672,0.04682246894861403,0.06366143330291651
6,TX1230700,"Port Arthur, TX",murder,0.09738296415942169,0.11421131383436628,0.06368278361771662
7,TX1230700,"Port Arthur, TX",murder,0.11118341410659602,0.13155887468792296,0.0636941820465114
8,TX1230700,"Port Arthur, TX",murder,0.09275342812753531,0.1018222142194028,0.06368278361771662
9,TX1230700,"Port Arthur, TX",murder,0.0384862404627525,0.03733560588680052,0.06366143330291653
10,TX1230700,"Port Arthur, TX",murder,-0.00802783031255692,-0.01298916876016381,0.06369941777691676
11,TX1230700,"Port Arthur, TX",murder,-0.006608455110596065,-0.013128763779190384,0.06366143330291651
12,TX1230700,"Port Arthur, TX",murder,-0.0023119678719362097,-0.007011173761672904,0.06368278361771662
1,TX1260200,"Burleson, TX",murder,-0.058804930073651264,-0.05719913314972126,0.06469016822672716
2,TX1260200,"Burleson, TX",murder,-0.135445940382076,-0.13808286365513198,0.06469394500024639
3,TX1260200,"Burleson, TX",murder,-0.13355723675023795,-0.14050444862453493,0.06469734745351335
4,TX1260200,"Burleson, TX",murder,-0.04435065372038784,-0.04533416012812084,0.06469168131292959
5,TX1260200,"Burleson, TX",murder,0.04930096736513672,0.056997596807076924,0.06469734745351337
6,TX1260200,"Burleson, TX",murder,0.09738296415942169,0.10101799701533401,0.06469394500024639
7,TX1260200,"Burleson, TX",murder,0.11118341410659602,0.10338424231738635,0.06469016822672714
8,TX1260200,"Burleson, TX",murder,0.09275342812753531,0.08461048949841246,0.06469394500024639
9,TX1260200,"Burleson, TX",murder,0.0384862404627525,0.04084696530015033,0.06469734745351337
10,TX1260200,"Burleson, TX",murder,-0.00802783031255692,-8.509490395442522e-4,0.06469168131292959
11,TX1260200,"Burleson, TX",murder,-0.006608455110596065,-0.0035252226503574373,0.06469734745351335
12,TX1260200,"Burleson, TX",murder,-0.0023119678719362097,-0.001360513690949377,0.06469394500024639
1,TX1290000,"Kaufman, TX",murder,-0.058804930073651264,-0.05969410773555605,0.06434749884497858
2,TX1290000,"Kaufman, TX",murder,-0.135445940382076,-0.12270462637949847,0.06438460229592063
3,TX1290000,"Kaufman, TX",murder,-0.13355723675023795,-0.12562080337590792,0.06436614866485894
4,TX1290000,"Kaufman, TX",murder,-0.04435065372038784,-0.047111007317220004,0.0643748603941688
5,TX1290000,"Kaufman, TX",murder,0.04930096736513672,0.046382695647326,0.06436614866485894
6,TX1290000,"Kaufman, TX",murder,0.09738296415942169,0.09689327605615024,0.06438460229592063
7,TX1290000,"Kaufman, TX",murder,0.11118341410659602,0.10671560773468644,0.06434749884497858
8,TX1290000,"Kaufman, TX",murder,0.09275342812753531,0.08892220857298323,0.06438460229592063
9,TX1290000,"Kaufman, TX",murder,0.0384862404627525,0.044816885570262276,0.06436614866485894
10,TX1290000,"Kaufman, TX",murder,-0.00802783031255692,8.950731808960409e-5,0.0643748603941688
11,TX1290000,"Kaufman, TX",murder,-0.006608455110596065,-0.01260027784081079,0.06436614866485894
12,TX1290000,"Kaufman, TX",murder,-0.0023119678719362097,-0.016089358250504573,0.06438460229592063
1,TX1520200,"Lubbock, TX",murder,-0.058804930073651264,-0.03086246281508128,0.06186719356748373
2,TX1520200,"Lubbock, TX",murder,-0.135445940382076,-0.13357995544375406,0.0620435733727176
3,TX1520200,"Lubbock, TX",murder,-0.13355723675023795,-0.13224909562524123,0.06190514273470549
4,TX1520200,"Lubbock, TX",murder,-0.04435065372038784,-0.03129830666065033,0.062006669867864114
5,TX1520200,"Lubbock, TX",murder,0.04930096736513672,0.039657278553294026,0.061905142734705494
6,TX1520200,"Lubbock, TX",murder,0.09738296415942169,0.0599617392411006,0.0620435733727176
7,TX1520200,"Lubbock, TX",murder,0.11118341410659602,0.09686581056088278,0.061867193567483714
8,TX1520200,"Lubbock, TX",murder,0.09275342812753531,0.11796560341424005,0.0620435733727176
9,TX1520200,"Lubbock, TX",murder,0.0384862404627525,0.050631395849925695,0.0619051427347055
10,TX1520200,"Lubbock, TX",murder,-0.00802783031255692,-0.03470504108515119,0.062006669867864114
11,TX1520200,"Lubbock, TX",murder,-0.006608455110596065,-0.024042926523780025,0.06190514273470549
12,TX1520200,"Lubbock, TX",murder,-0.0023119678719362097,0.021655960534214962,0.06204357337271759
1,TX1551200,"Waco, TX",murder,-0.058804930073651264,-0.06464633452047891,0.06311008998079283
2,TX1551200,"Waco, TX",murder,-0.135445940382076,-0.1135928755819909,0.06319346934106526
3,TX1551200,"Waco, TX",murder,-0.13355723675023795,-0.10373768812077984,0.06326115075614304
4,TX1551200,"Waco, TX",murder,-0.04435065372038784,-0.020920527561504337,0.06332268584306325
5,TX1551200,"Waco, TX",murder,0.04930096736513672,0.06534410071360583,0.06326115075614305
6,TX1551200,"Waco, TX",murder,0.09738296415942169,0.10206838088054584,0.06319346934106526
7,TX1551200,"Waco, TX",murder,0.11118341410659602,0.1005293473218068,0.06311008998079282
8,TX1551200,"Waco, TX",murder,0.09275342812753531,0.07787856692928724,0.06319346934106526
9,TX1551200,"Waco, TX",murder,0.0384862404627525,0.0321403666667483,0.06326115075614305
10,TX1551200,"Waco, TX",murder,-0.00802783031255692,-0.01496248523982355,0.06332268584306325
11,TX1551200,"Waco, TX",murder,-0.006608455110596065,-0.02962979206090221,0.06326115075614304
12,TX1551200,"Waco, TX",murder,-0.0023119678719362097,-0.030471059426514284,0.06319346934106526
1,TX1650100,"Midland, TX",murder,-0.058804930073651264,-0.06208801786779287,0.063470800078768555
2,TX1650100,"Midland, TX",murder,-0.135445940382076,-0.14667082379571217,0.06361245814656104
3,TX1650100,"Midland, TX",murder,-0.13355723675023795,-0.1451434623175836,0.06361748414580345
4,TX1650100,"Midland, TX",murder,-0.04435065372038784,-0.038873466868143025,0.0635207732920781
5,TX1650100,"Midland, TX",murder,0.04930096736513672,0.0776316153493315,0.06361748414580347
6,TX1650100,"Midland, TX",murder,0.09738296415942169,0.12515510835369753,0.06361245814656104
7,TX1650100,"Midland, TX",murder,0.11118341410659602,0.11036690698537392,0.063470800078768555
8,TX1650100,"Midland, TX",murder,0.09275342812753531,0.06755743126183382,0.06361245814656104
9,TX1650100,"Midland, TX",murder,0.0384862404627525,0.017751180666124168,0.06361748414580347
10,TX1650100,"Midland, TX",murder,-0.00802783031255692,-0.009405422249438033,0.0635207732920781
11,TX1650100,"Midland, TX",murder,-0.006608455110596065,0.001481777184546841,0.06361748414580345
12,TX1650100,"Midland, TX",murder,-0.0023119678719362097,0.002237173297761912,0.06361245814656102
1,TX1700100,"Conroe, TX",murder,-0.058804930073651264,-0.07218422981447556,0.06451911634839726
2,TX1700100,"Conroe, TX",murder,-0.135445940382076,-0.1302015048583779,0.06452296530117829
3,TX1700100,"Conroe, TX",murder,-0.13355723675023795,-0.1202186839113129,0.06452254642768653
4,TX1700100,"Conroe, TX",murder,-0.04435065372038784,-0.038377657371455834,0.06453739818186746
5,TX1700100,"Conroe, TX",murder,0.04930096736513672,0.05137027879224608,0.06452254642768654
6,TX1700100,"Conroe, TX",murder,0.09738296415942169,0.10246904395694457,0.06452296530117829
7,TX1700100,"Conroe, TX",murder,0.11118341410659602,0.11251246902777635,0.06451911634839724
8,TX1700100,"Conroe, TX",murder,0.09275342812753531,0.08655645993123029,0.06452296530117829
9,TX1700100,"Conroe, TX",murder,0.0384862404627525,0.0362453997708645,0.06452254642768654
10,TX1700100,"Conroe, TX",murder,-0.00802783031255692,-0.0019505818418449606,0.06453739818186746
11,TX1700100,"Conroe, TX",murder,-0.006608455110596065,-0.007725233865098513,0.06452254642768653
12,TX1700100,"Conroe, TX",murder,-0.0023119678719362097,-0.018495759816496146,0.06452296530117829
1,TX1840000,"Parker, TX",murder,-0.058804930073651264,-0.05979764777479629,0.06451295322645291
2,TX1840000,"Parker, TX",murder,-0.135445940382076,-0.1458918848179971,0.06457467592240458
3,TX1840000,"Parker, TX",murder,-0.13355723675023795,-0.1277459664555889,0.0645429163054307
4,TX1840000,"Parker, TX",murder,-0.04435065372038784,-0.017044735977428803,0.06461146880342238
5,TX1840000,"Parker, TX",murder,0.04930096736513672,0.06582747391131467,0.06454291630543071
6,TX1840000,"Parker, TX",murder,0.09738296415942169,0.08852455747880089,0.06457467592240458
7,TX1840000,"Parker, TX",murder,0.11118341410659602,0.10293447805339205,0.0645129532264529
8,TX1840000,"Parker, TX",murder,0.09275342812753531,0.09954749735059557,0.06457467592240458
9,TX1840000,"Parker, TX",murder,0.0384862404627525,0.03826474870959162,0.06454291630543071
10,TX1840000,"Parker, TX",murder,-0.00802783031255692,-0.02609209430116696,0.06461146880342238
11,TX1840000,"Parker, TX",murder,-0.006608455110596065,-0.019483086443913195,0.0645429163054307
12,TX1840000,"Parker, TX",murder,-0.0023119678719362097,9.566602671964094e-4,0.06457467592240458
1,TX1990100,"Rockwall, TX",murder,-0.058804930073651264,-0.060154680354546686,0.06494590357410847
2,TX1990100,"Rockwall, TX",murder,-0.135445940382076,-0.13669071603512933,0.06494585600998032
3,TX1990100,"Rockwall, TX",murder,-0.13355723675023795,-0.13526458246415723,0.06494570176316337
4,TX1990100,"Rockwall, TX",murder,-0.04435065372038784,-0.043818336741530906,0.06494697554872435
5,TX1990100,"Rockwall, TX",murder,0.04930096736513672,0.05274982240776979,0.06494570176316337
6,TX1990100,"Rockwall, TX",murder,0.09738296415942169,0.09898091098572563,0.06494585600998032
7,TX1990100,"Rockwall, TX",murder,0.11118341410659602,0.10816576941518935,0.06494590357410845
8,TX1990100,"Rockwall, TX",murder,0.09275342812753531,0.08985366777724381,0.06494585600998032
9,TX1990100,"Rockwall, TX",murder,0.0384862404627525,0.040416445145629,0.06494570176316339
10,TX1990100,"Rockwall, TX",murder,-0.00802783031255692,-0.004192752319111772,0.06494697554872435
11,TX1990100,"Rockwall, TX",murder,-0.006608455110596065,-0.00591277414988428,0.06494570176316337
12,TX1990100,"Rockwall, TX",murder,-0.0023119678719362097,-0.004132773667197379,0.06494585600998032
1,TX2120000,"Smith, TX",murder,-0.058804930073651264,-0.038309276559176916,0.0639453813251421
2,TX2120000,"Smith, TX",murder,-0.135445940382076,-0.12301891330769556,0.06396117173708891
3,TX2120000,"Smith, TX",murder,-0.13355723675023795,-0.131647865763784,0.06395817906403287
4,TX2120000,"Smith, TX",murder,-0.04435065372038784,-0.04498372617722691,0.06395513640572185
5,TX2120000,"Smith, TX",murder,0.04930096736513672,0.05547464266820402,0.06395817906403288
6,TX2120000,"Smith, TX",murder,0.09738296415942169,0.10728019566904966,0.06396117173708891
7,TX2120000,"Smith, TX",murder,0.11118341410659602,0.10997021132907916,0.06394538132514209
8,TX2120000,"Smith, TX",murder,0.09275342812753531,0.07212348583821503,0.06396117173708891
9,TX2120000,"Smith, TX",murder,0.0384862404627525,0.009091503524401228,0.06395817906403288
10,TX2120000,"Smith, TX",murder,-0.00802783031255692,-0.02667720859267534,0.06395513640572185
11,TX2120000,"Smith, TX",murder,-0.006608455110596065,-0.00457921519872351,0.06395817906403287
12,TX2120000,"Smith, TX",murder,-0.0023119678719362097,0.015276166570333146,0.06396117173708891
1,TX2120400,"Tyler, TX",murder,-0.058804930073651264,-0.070014194003,0.06372013793474496
2,TX2120400,"Tyler, TX",murder,-0.135445940382076,-0.1408671720164796,0.06370262249274454
3,TX2120400,"Tyler, TX",murder,-0.13355723675023795,-0.13131379045316333,0.06374019405312045
4,TX2120400,"Tyler, TX",murder,-0.04435065372038784,-0.048264061755834864,0.06369499319054335
5,TX2120400,"Tyler, TX",murder,0.04930096736513672,0.04439964716196242,0.06374019405312047
6,TX2120400,"Tyler, TX",murder,0.09738296415942169,0.10801235249985311,0.06370262249274454
7,TX2120400,"Tyler, TX",murder,0.11118341410659602,0.12781556196718935,0.06372013793474496
8,TX2120400,"Tyler, TX",murder,0.09275342812753531,0.091182070359448,0.06370262249274454
9,TX2120400,"Tyler, TX",murder,0.0384862404627525,0.023827320831942354,0.06374019405312047
10,TX2120400,"Tyler, TX",murder,-0.00802783031255692,-0.009537306208354503,0.06369499319054335
11,TX2120400,"Tyler, TX",murder,-0.006608455110596065,0.005285454495069146,0.06374019405312045
12,TX2120400,"Tyler, TX",murder,-0.0023119678719362097,-5.258828786320903e-4,0.06370262249274454
1,TX2200100,"Arlington, TX",murder,-0.058804930073651264,-0.05401201717415915,0.061923252549658095
2,TX2200100,"Arlington, TX",murder,-0.135445940382076,-0.12844923175449838,0.06201030930930601
3,TX2200100,"Arlington, TX",murder,-0.13355723675023795,-0.11964409321293906,0.062018723374592855
4,TX2200100,"Arlington, TX",murder,-0.04435065372038784,-0.023942526924643725,0.062047856956261485
5,TX2200100,"Arlington, TX",murder,0.04930096736513672,0.06717941915445884,0.06201872337459287
6,TX2200100,"Arlington, TX",murder,0.09738296415942169,0.10141306691756335,0.06201030930930601
7,TX2200100,"Arlington, TX",murder,0.11118341410659602,0.09758894440568969,0.06192325254965809
8,TX2200100,"Arlington, TX",murder,0.09275342812753531,0.0686740860142036,0.06201030930930601
9,TX2200100,"Arlington, TX",murder,0.0384862404627525,0.016292020241113734,0.06201872337459287
10,TX2200100,"Arlington, TX",murder,-0.00802783031255692,-0.01963440030688682,0.062047856956261485
11,TX2200100,"Arlington, TX",murder,-0.006608455110596065,-0.0074042734141640835,0.06201872337459286
12,TX2200100,"Arlington, TX",murder,-0.0023119678719362097,0.0019390060542619845,0.06201030930930601
1,TX2200900,"Euless, TX",murder,-0.058804930073651264,-0.0633472854885354,0.0648082923432903
2,TX2200900,"Euless, TX",murder,-0.135445940382076,-0.14006826248731158,0.06482189273531513
3,TX2200900,"Euless, TX",murder,-0.13355723675023795,-0.1278955469268291,0.06481002953404945
4,TX2200900,"Euless, TX",murder,-0.04435065372038784,-0.035401338035978766,0.06482294270422011
5,TX2200900,"Euless, TX",murder,0.04930096736513672,0.047237610187259346,0.06481002953404946
6,TX2200900,"Euless, TX",murder,0.09738296415942169,0.08814019534959636,0.06482189273531513
7,TX2200900,"Euless, TX",murder,0.11118341410659602,0.10971811407434076,0.06480829234329029
8,TX2200900,"Euless, TX",murder,0.09275342812753531,0.09895474216142955,0.06482189273531513
9,TX2200900,"Euless, TX",murder,0.0384862404627525,0.04041119801514171,0.06481002953404946
10,TX2200900,"Euless, TX",murder,-0.00802783031255692,-0.010969490549826603,0.06482294270422011
11,TX2200900,"Euless, TX",murder,-0.006608455110596065,-0.006124089861377344,0.06481002953404945
12,TX2200900,"Euless, TX",murder,-0.0023119678719362097,-6.558464379089221e-4,0.06482189273531513
1,TX2201200,"Fort Worth, TX",murder,-0.058804930073651264,-0.04141795128968036,0.053987659005775755
2,TX2201200,"Fort Worth, TX",murder,-0.135445940382076,-0.15060469844728144,0.0541017210498359
3,TX2201200,"Fort Worth, TX",murder,-0.13355723675023795,-0.14940553149405675,0.0541126314912411
4,TX2201200,"Fort Worth, TX",murder,-0.04435065372038784,-0.04078681685985349,0.054120865096991815
5,TX2201200,"Fort Worth, TX",murder,0.04930096736513672,0.04727411724378878,0.054112631491241105
6,TX2201200,"Fort Worth, TX",murder,0.09738296415942169,0.07345612870598048,0.0541017210498359
7,TX2201200,"Fort Worth, TX",murder,0.11118341410659602,0.09107186842605379,0.05398765900577575
8,TX2201200,"Fort Worth, TX",murder,0.09275342812753531,0.09495190403570661,0.0541017210498359
9,TX2201200,"Fort Worth, TX",murder,0.0384862404627525,0.04409881994610845,0.054112631491241105
10,TX2201200,"Fort Worth, TX",murder,-0.00802783031255692,-0.008867100276519952,0.054120865096991815
11,TX2201200,"Fort Worth, TX",murder,-0.006608455110596065,0.008378677167786031,0.0541126314912411
12,TX2201200,"Fort Worth, TX",murder,-0.0023119678719362097,0.03185058284196783,0.0541017210498359
1,TX2201300,"Grapevine, TX",murder,-0.058804930073651264,-0.06010844455188302,0.0648978012030623
2,TX2201300,"Grapevine, TX",murder,-0.135445940382076,-0.13045303034057992,0.0648925281914787
3,TX2201300,"Grapevine, TX",murder,-0.13355723675023795,-0.12618975854658288,0.06490108928614427
4,TX2201300,"Grapevine, TX",murder,-0.04435065372038784,-0.04468745216818256,0.06489469634808809
5,TX2201300,"Grapevine, TX",murder,0.04930096736513672,0.043283952568411,0.06490108928614428
6,TX2201300,"Grapevine, TX",murder,0.09738296415942169,0.09735796438900839,0.0648925281914787
7,TX2201300,"Grapevine, TX",murder,0.11118341410659602,0.11782874945494591,0.0648978012030623
8,TX2201300,"Grapevine, TX",murder,0.09275342812753531,0.09487870394865801,0.0648925281914787
9,TX2201300,"Grapevine, TX",murder,0.0384862404627525,0.03289512725159805,0.06490108928614428
10,TX2201300,"Grapevine, TX",murder,-0.00802783031255692,-0.013032852734880342,0.06489469634808809
11,TX2201300,"Grapevine, TX",murder,-0.006608455110596065,-0.007709626176489092,0.06490108928614427
12,TX2201300,"Grapevine, TX",murder,-0.0023119678719362097,-0.004063333094023512,0.0648925281914787
1,TX2202000,"Mansfield, TX",murder,-0.058804930073651264,-0.0686109013987653,0.06475916634778257
2,TX2202000,"Mansfield, TX",murder,-0.135445940382076,-0.14422690133693705,0.06475496907129515
3,TX2202000,"Mansfield, TX",murder,-0.13355723675023795,-0.13848830453876892,0.06475124947388981
4,TX2202000,"Mansfield, TX",murder,-0.04435065372038784,-0.04857934763511974,0.06474401516636769
5,TX2202000,"Mansfield, TX",murder,0.04930096736513672,0.04715787133879793,0.06475124947388981
6,TX2202000,"Mansfield, TX",murder,0.09738296415942169,0.10267329338009612,0.06475496907129515
7,TX2202000,"Mansfield, TX",murder,0.11118341410659602,0.12182209152701906,0.06475916634778256
8,TX2202000,"Mansfield, TX",murder,0.09275342812753531,0.100394061920753,0.06475496907129515
9,TX2202000,"Mansfield, TX",murder,0.0384862404627525,0.04144427499433108,0.06475124947388981
10,TX2202000,"Mansfield, TX",murder,-0.00802783031255692,-0.004631842493134022,0.06474401516636769
11,TX2202000,"Mansfield, TX",murder,-0.006608455110596065,-0.0033250319226138993,0.06475124947388981
12,TX2202000,"Mansfield, TX",murder,-0.0023119678719362097,-0.005629263835658245,0.06475496907129515
1,TX2202100,"North Richland Hills, TX",murder,-0.058804930073651264,-0.050956637840352495,0.0645923368013547
2,TX2202100,"North Richland Hills, TX",murder,-0.135445940382076,-0.1340279619120553,0.06457294301470844
3,TX2202100,"North Richland Hills, TX",murder,-0.13355723675023795,-0.13169519802193386,0.06458012200347722
4,TX2202100,"North Richland Hills, TX",murder,-0.04435065372038784,-0.032745959409555325,0.06457199437252395
5,TX2202100,"North Richland Hills, TX",murder,0.04930096736513672,0.058783962578047515,0.06458012200347724
6,TX2202100,"North Richland Hills, TX",murder,0.09738296415942169,0.08855630133456706,0.06457294301470844
7,TX2202100,"North Richland Hills, TX",murder,0.11118341410659602,0.09281817170222798,0.0645923368013547
8,TX2202100,"North Richland Hills, TX",murder,0.09275342812753531,0.08491812204938641,0.06457294301470844
9,TX2202100,"North Richland Hills, TX",murder,0.0384862404627525,0.040723824297389466,0.06458012200347724
10,TX2202100,"North Richland Hills, TX",murder,-0.00802783031255692,-0.009115574452320164,0.06457199437252395
11,TX2202100,"North Richland Hills, TX",murder,-0.006608455110596065,-0.009674122715378644,0.06458012200347722
12,TX2202100,"North Richland Hills, TX",murder,-0.0023119678719362097,0.0024150723899773415,0.06457294301470844
1,TX2210100,"Abilene, TX",murder,-0.058804930073651264,-0.04575062067901177,0.06372778811227955
2,TX2210100,"Abilene, TX",murder,-0.135445940382076,-0.12949295232806618,0.06371220669260223
3,TX2210100,"Abilene, TX",murder,-0.13355723675023795,-0.14288407506241216,0.06374247101945608
4,TX2210100,"Abilene, TX",murder,-0.04435065372038784,-0.04886222444590732,0.06371586260268086
5,TX2210100,"Abilene, TX",murder,0.04930096736513672,0.05843072880097772,0.06374247101945608
6,TX2210100,"Abilene, TX",murder,0.09738296415942169,0.10120587115074152,0.06371220669260223
7,TX2210100,"Abilene, TX",murder,0.11118341410659602,0.10111824356894436,0.06372778811227954
8,TX2210100,"Abilene, TX",murder,0.09275342812753531,0.08696522262194005,0.06371220669260223
9,TX2210100,"Abilene, TX",murder,0.0384862404627525,0.0449887224663534,0.0637424710194561
10,TX2210100,"Abilene, TX",murder,-0.00802783031255692,-0.006505398444025272,0.06371586260268086
11,TX2210100,"Abilene, TX",murder,-0.006608455110596065,-0.015902999094851607,0.06374247101945608
12,TX2210100,"Abilene, TX",murder,-0.0023119678719362097,-0.0033105185546827664,0.06371220669260223
1,TX2260100,"San Angelo, TX",murder,-0.058804930073651264,-0.07164530160245872,0.06400097369680341
2,TX2260100,"San Angelo, TX",murder,-0.135445940382076,-0.11548068674957258,0.06402714600190251
3,TX2260100,"San Angelo, TX",murder,-0.13355723675023795,-0.10924573539768363,0.06404049292019268
4,TX2260100,"San Angelo, TX",murder,-0.04435065372038784,-0.04600293264298273,0.06404509093114436
5,TX2260100,"San Angelo, TX",murder,0.04930096736513672,0.04160620881952558,0.06404049292019269
6,TX2260100,"San Angelo, TX",murder,0.09738296415942169,0.10830270752789234,0.06402714600190251
7,TX2260100,"San Angelo, TX",murder,0.11118341410659602,0.12074367548530843,0.0640009736968034
8,TX2260100,"San Angelo, TX",murder,0.09275342812753531,0.0794284960063794,0.06402714600190251
9,TX2260100,"San Angelo, TX",murder,0.0384862404627525,0.024095170771640716,0.06404049292019269
10,TX2260100,"San Angelo, TX",murder,-0.00802783031255692,-0.0030954412398669904,0.06404509093114436
11,TX2260100,"San Angelo, TX",murder,-0.006608455110596065,-0.00555401807633241,0.06404049292019268
12,TX2260100,"San Angelo, TX",murder,-0.0023119678719362097,-0.023152142901849377,0.0640271460019025
1,TX2270000,"Travis, TX",murder,-0.058804930073651264,-0.03332514952061249,0.0635719525960949
2,TX2270000,"Travis, TX",murder,-0.135445940382076,-0.11668552828929712,0.06355960936080518
3,TX2270000,"Travis, TX",murder,-0.13355723675023795,-0.12568141479598596,0.06363282875107373
4,TX2270000,"Travis, TX",murder,-0.04435065372038784,-0.030026794137507275,0.06360607792331616
5,TX2270000,"Travis, TX",murder,0.04930096736513672,0.06778726216685431,0.06363282875107373
6,TX2270000,"Travis, TX",murder,0.09738296415942169,0.09783372443049895,0.06355960936080518
7,TX2270000,"Travis, TX",murder,0.11118341410659602,0.0917096809220885,0.06357195259609488
8,TX2270000,"Travis, TX",murder,0.09275342812753531,0.07340367476455814,0.06355960936080518
9,TX2270000,"Travis, TX",murder,0.0384862404627525,0.02401502986977096,0.06363282875107375
10,TX2270000,"Travis, TX",murder,-0.00802783031255692,-0.02835773726396874,0.06360607792331616
11,TX2270000,"Travis, TX",murder,-0.006608455110596065,-0.024505408642115357,0.06363282875107373
12,TX2270000,"Travis, TX",murder,-0.0023119678719362097,0.00383266049571605,0.06355960936080518
1,TX2270100,"Austin, TX",murder,-0.058804930073651264,-0.07899531657097877,0.05745403994582865
2,TX2270100,"Austin, TX",murder,-0.135445940382076,-0.10731708363496419,0.057505707333894415
3,TX2270100,"Austin, TX",murder,-0.13355723675023795,-0.08508766467727155,0.057595667250763725
4,TX2270100,"Austin, TX",murder,-0.04435065372038784,-0.03941719920783121,0.05742410030154611
5,TX2270100,"Austin, TX",murder,0.04930096736513672,0.014138005399453006,0.05759566725076373
6,TX2270100,"Austin, TX",murder,0.09738296415942169,0.07739673550444498,0.057505707333894415
7,TX2270100,"Austin, TX",murder,0.11118341410659602,0.11760921592487242,0.05745403994582864
8,TX2270100,"Austin, TX",murder,0.09275342812753531,0.09369801671885983,0.05750570733389442
9,TX2270100,"Austin, TX",murder,0.0384862404627525,0.03285469840727352,0.05759566725076373
10,TX2270100,"Austin, TX",murder,-0.00802783031255692,8.032998539375544e-4,0.05742410030154611
11,TX2270100,"Austin, TX",murder,-0.006608455110596065,-5.189384833486644e-4,0.057595667250763725
12,TX2270100,"Austin, TX",murder,-0.0023119678719362097,-0.025163769234446905,0.057505707333894415
1,TX2270900,"Pflugerville, TX",murder,-0.058804930073651264,-0.0666465739297351,0.0646586524177998
2,TX2270900,"Pflugerville, TX",murder,-0.135445940382076,-0.1372941382097012,0.06462703895246671
3,TX2270900,"Pflugerville, TX",murder,-0.13355723675023795,-0.12959879722084958,0.06461568602503016
4,TX2270900,"Pflugerville, TX",murder,-0.04435065372038784,-0.038680861794886424,0.06466334346034301
5,TX2270900,"Pflugerville, TX",murder,0.04930096736513672,0.053381115884612376,0.06461568602503016
6,TX2270900,"Pflugerville, TX",murder,0.09738296415942169,0.092910873493194407,0.06462703895246671
7,TX2270900,"Pflugerville, TX",murder,0.11118341410659602,0.0946990208282687,0.06465865241779979
8,TX2270900,"Pflugerville, TX",murder,0.09275342812753531,0.07700684680389577,0.06462703895246671
9,TX2270900,"Pflugerville, TX",murder,0.0384862404627525,0.041259058916510535,0.06461568602503016
10,TX2270900,"Pflugerville, TX",murder,-0.00802783031255692,0.010628414896352821,0.06466334346034301
11,TX2270900,"Pflugerville, TX",murder,-0.006608455110596065,0.006906175521193026,0.06461568602503016
12,TX2270900,"Pflugerville, TX",murder,-0.0023119678719362097,-0.004571135188855345,0.06462703895246671
1,TX2350100,"Victoria, TX",murder,-0.058804930073651264,-0.054166618609930745,0.0642418817787629
2,TX2350100,"Victoria, TX",murder,-0.135445940382076,-0.1230954014629906,0.06424503095164864
3,TX2350100,"Victoria, TX",murder,-0.13355723675023795,-0.1336809878996185,0.06423442087998782
4,TX2350100,"Victoria, TX",murder,-0.04435065372038784,-0.06155044372121324,0.06427009207268387
5,TX2350100,"Victoria, TX",murder,0.04930096736513672,0.037662702356634985,0.06423442087998783
6,TX2350100,"Victoria, TX",murder,0.09738296415942169,0.1054806092233087,0.06424503095164864
7,TX2350100,"Victoria, TX",murder,0.11118341410659602,0.12408763794187706,0.0642418817787629
8,TX2350100,"Victoria, TX",murder,0.09275342812753531,0.09479893960016905,0.06424503095164864
9,TX2350100,"Victoria, TX",murder,0.0384862404627525,0.03546350670485064,0.06423442087998783
10,TX2350100,"Victoria, TX",murder,-0.00802783031255692,-0.008370575610733077,0.06427009207268387
11,TX2350100,"Victoria, TX",murder,-0.006608455110596065,-0.009366240493813462,0.06423442087998782
12,TX2350100,"Victoria, TX",murder,-0.0023119678719362097,-0.0072631280285408014,0.06424503095164864
1,TX2400100,"Laredo, TX",murder,-0.058804930073651264,-0.07299060449848077,0.06325523196231594
2,TX2400100,"Laredo, TX",murder,-0.135445940382076,-0.12051699680199714,0.06325722370668949
3,TX2400100,"Laredo, TX",murder,-0.13355723675023795,-0.09537662666458661,0.06332125718985868
4,TX2400100,"Laredo, TX",murder,-0.04435065372038784,-0.022178350542702046,0.06327231680566173
5,TX2400100,"Laredo, TX",murder,0.04930096736513672,0.04049608126957788,0.06332125718985868
6,TX2400100,"Laredo, TX",murder,0.09738296415942169,0.0824747010615424,0.06325722370668949
7,TX2400100,"Laredo, TX",murder,0.11118341410659602,0.10756988783379912,0.06325523196231593
8,TX2400100,"Laredo, TX",murder,0.09275342812753531,0.0897789147319583,0.06325722370668949
9,TX2400100,"Laredo, TX",murder,0.0384862404627525,0.03005926125922941,0.06332125718985869
10,TX2400100,"Laredo, TX",murder,-0.00802783031255692,-0.012400932792616316,0.06327231680566173
11,TX2400100,"Laredo, TX",murder,-0.006608455110596065,-0.009757999199539059,0.06332125718985868
12,TX2400100,"Laredo, TX",murder,-0.0023119678719362097,-0.01715733565618515,0.06325722370668949
1,TX2430500,"Wichita Falls, TX",murder,-0.058804930073651264,-0.07028545847042245,0.06378889632749088
2,TX2430500,"Wichita Falls, TX",murder,-0.135445940382076,-0.14103211941506777,0.063993192617857
3,TX2430500,"Wichita Falls, TX",murder,-0.13355723675023795,-0.15330613736767312,0.06383638263062887
4,TX2430500,"Wichita Falls, TX",murder,-0.04435065372038784,-0.05506302545182408,0.06384908304849299
5,TX2430500,"Wichita Falls, TX",murder,0.04930096736513672,0.08465190801356047,0.06383638263062888
6,TX2430500,"Wichita Falls, TX",murder,0.09738296415942169,0.15381972325654103,0.063993192617857
7,TX2430500,"Wichita Falls, TX",murder,0.11118341410659602,0.12922717702485453,0.06378889632749088
8,TX2430500,"Wichita Falls, TX",murder,0.09275342812753531,0.07047209206679364,0.06399319261785702
9,TX2430500,"Wichita Falls, TX",murder,0.0384862404627525,0.023804391464966882,0.06383638263062888
10,TX2430500,"Wichita Falls, TX",murder,-0.00802783031255692,-0.0038786931026080266,0.06384908304849299
11,TX2430500,"Wichita Falls, TX",murder,-0.006608455110596065,-0.01409188066528637,0.06383638263062887
12,TX2430500,"Wichita Falls, TX",murder,-0.0023119678719362097,-0.024317977353834758,0.063993192617857
1,TX2460000,"Williamson, TX",murder,-0.058804930073651264,-0.0447874289828057,0.06447529298210213
2,TX2460000,"Williamson, TX",murder,-0.135445940382076,-0.11903330506906601,0.06447673393233753
3,TX2460000,"Williamson, TX",murder,-0.13355723675023795,-0.13530528140986342,0.06448353877753549
4,TX2460000,"Williamson, TX",murder,-0.04435065372038784,-0.05426532171609974,0.06448303917064627
5,TX2460000,"Williamson, TX",murder,0.04930096736513672,0.0484247329761971,0.0644835387775355
6,TX2460000,"Williamson, TX",murder,0.09738296415942169,0.10140005512617407,0.06447673393233753
7,TX2460000,"Williamson, TX",murder,0.11118341410659602,0.11122443157891082,0.06447529298210211
8,TX2460000,"Williamson, TX",murder,0.09275342812753531,0.09479690821163454,0.06447673393233753
9,TX2460000,"Williamson, TX",murder,0.0384862404627525,0.044631881956326815,0.0644835387775355
10,TX2460000,"Williamson, TX",murder,-0.00802783031255692,-0.012171680880005382,0.06448303917064627
11,TX2460000,"Williamson, TX",murder,-0.006608455110596065,-0.02418833611876566,0.0644835387775355
12,TX2460000,"Williamson, TX",murder,-0.0023119678719362097,-0.010726655672637463,0.06447673393233753
1,TX2460200,"Georgetown, TX",murder,-0.058804930073651264,-0.05010107965124603,0.06461016099147346
2,TX2460200,"Georgetown, TX",murder,-0.135445940382076,-0.13286754647890303,0.06458817620908539
3,TX2460200,"Georgetown, TX",murder,-0.13355723675023795,-0.13973938851058793,0.0646121304889733
4,TX2460200,"Georgetown, TX",murder,-0.04435065372038784,-0.044905161070561465,0.06458848144007305
5,TX2460200,"Georgetown, TX",murder,0.04930096736513672,0.05548095667341703,0.06461213048897331
6,TX2460200,"Georgetown, TX",murder,0.09738296415942169,0.09462344666492842,0.06458817620908539
7,TX2460200,"Georgetown, TX",murder,0.11118341410659602,0.0989650731556276,0.06461016099147344
8,TX2460200,"Georgetown, TX",murder,0.09275342812753531,0.08935417675615741,0.06458817620908539
9,TX2460200,"Georgetown, TX",murder,0.0384862404627525,0.047362025283460736,0.06461213048897331
10,TX2460200,"Georgetown, TX",murder,-0.00802783031255692,-0.003958832433820103,0.06458848144007305
11,TX2460200,"Georgetown, TX",murder,-0.006608455110596065,-0.011967586950671436,0.0646121304889733
12,TX2460200,"Georgetown, TX",murder,-0.0023119678719362097,-0.002246083437801213,0.06458817620908537
1,TX2460900,"Cedar Park, TX",murder,-0.058804930073651264,-0.050584522578812824,0.06470308382289489
2,TX2460900,"Cedar Park, TX",murder,-0.135445940382076,-0.1291899069874342,0.06470302859820605
3,TX2460900,"Cedar Park, TX",murder,-0.13355723675023795,-0.13391649886230894,0.06471580952046754
4,TX2460900,"Cedar Park, TX",murder,-0.04435065372038784,-0.042717319899637236,0.0647179343311482
5,TX2460900,"Cedar Park, TX",murder,0.04930096736513672,0.05716300258050953,0.06471580952046756
6,TX2460900,"Cedar Park, TX",murder,0.09738296415942169,0.10316627448200291,0.06470302859820605
7,TX2460900,"Cedar Park, TX",murder,0.11118341410659602,0.10927630378253311,0.06470308382289487
8,TX2460900,"Cedar Park, TX",murder,0.09275342812753531,0.08816857249918614,0.06470302859820605
9,TX2460900,"Cedar Park, TX",murder,0.0384862404627525,0.034203383170340565,0.06471580952046756
10,TX2460900,"Cedar Park, TX",murder,-0.00802783031255692,-0.01597446130408306,0.0647179343311482
11,TX2460900,"Cedar Park, TX",murder,-0.006608455110596065,-0.016141668092261474,0.06471580952046754
12,TX2460900,"Cedar Park, TX",murder,-0.0023119678719362097,-0.003453158790034519,0.06470302859820605
1,TX2461700,"Leander, TX",murder,-0.058804930073651264,-0.061507156518683694,0.06487922432630662
2,TX2461700,"Leander, TX",murder,-0.135445940382076,-0.13235345752430425,0.06488322228293436
3,TX2461700,"Leander, TX",murder,-0.13355723675023795,-0.12565648638358035,0.06488713223541219
4,TX2461700,"Leander, TX",murder,-0.04435065372038784,-0.041012883150259576,0.06488112036130393
5,TX2461700,"Leander, TX",murder,0.04930096736513672,0.04513652966261963,0.0648871322354122
6,TX2461700,"Leander, TX",murder,0.09738296415942169,0.09449816600383333,0.06488322228293436
7,TX2461700,"Leander, TX",murder,0.11118341410659602,0.11501054191346943,0.06487922432630662
8,TX2461700,"Leander, TX",murder,0.09275342812753531,0.09680370504833419,0.06488322228293436
9,TX2461700,"Leander, TX",murder,0.0384862404627525,0.03660334851282453,0.0648871322354122
10,TX2461700,"Leander, TX",murder,-0.00802783031255692,-0.012490502244526164,0.06488112036130393
11,TX2461700,"Leander, TX",murder,-0.006608455110596065,-0.009586777186649586,0.06488713223541219
12,TX2461700,"Leander, TX",murder,-0.0023119678719362097,-0.0054450281330774885,0.06488322228293436
1,TXDPD0000,"Dallas, TX",murder,-0.058804930073651264,-0.04888615637201391,0.048257537686488675
2,TXDPD0000,"Dallas, TX",murder,-0.135445940382076,-0.10507939714991196,0.04829941814211147
3,TXDPD0000,"Dallas, TX",murder,-0.13355723675023795,-0.0812102316232582,0.04817033382927606
4,TXDPD0000,"Dallas, TX",murder,-0.04435065372038784,0.01799869962305821,0.048429067613330094
5,TXDPD0000,"Dallas, TX",murder,0.04930096736513672,0.08425964953508205,0.04817033382927607
6,TXDPD0000,"Dallas, TX",murder,0.09738296415942169,0.07120205829723415,0.04829941814211147
7,TXDPD0000,"Dallas, TX",murder,0.11118341410659602,0.04024826858974145,0.04825753768648866
8,TXDPD0000,"Dallas, TX",murder,0.09275342812753531,0.03147000152769382,0.04829941814211147
9,TXDPD0000,"Dallas, TX",murder,0.0384862404627525,0.016238723783312516,0.04817033382927607
10,TXDPD0000,"Dallas, TX",murder,-0.00802783031255692,-0.009360811840785722,0.048429067613330094
11,TXDPD0000,"Dallas, TX",murder,-0.006608455110596065,-0.01065025391286393,0.04817033382927606
12,TXDPD0000,"Dallas, TX",murder,-0.0023119678719362097,-0.006230550457288481,0.04829941814211147
1,TXHPD0000,"Houston, TX",murder,-0.058804930073651264,-0.05598623402559187,0.04448729323098664
2,TXHPD0000,"Houston, TX",murder,-0.135445940382076,-0.11302073439957463,0.04445709822958999
3,TXHPD0000,"Houston, TX",murder,-0.13355723675023795,-0.1174245858388873,0.0443366686973604
4,TXHPD0000,"Houston, TX",murder,-0.04435065372038784,-0.03276029447411669,0.044469167008018125
5,TXHPD0000,"Houston, TX",murder,0.04930096736513672,0.06597963288761045,0.04433666869736041
6,TXHPD0000,"Houston, TX",murder,0.09738296415942169,0.08198018732653815,0.04445709822958999
7,TXHPD0000,"Houston, TX",murder,0.11118341410659602,0.03561643553734568,0.04448729323098663
8,TXHPD0000,"Houston, TX",murder,0.09275342812753531,0.01712509620916571,0.04445709822958999
9,TXHPD0000,"Houston, TX",murder,0.0384862404627525,0.04189874613672456,0.04433666869736041
10,TXHPD0000,"Houston, TX",murder,-0.00802783031255692,0.05313009296236292,0.044469167008018125
11,TXHPD0000,"Houston, TX",murder,-0.006608455110596065,0.029916005302798445,0.0443366686973604
12,TXHPD0000,"Houston, TX",murder,-0.0023119678719362097,-0.00645434762437543,0.04445709822958999
1,TXSPD0000,"San Antonio, TX",murder,-0.058804930073651264,-0.04571915100247312,0.050550297556490084
2,TXSPD0000,"San Antonio, TX",murder,-0.135445940382076,-0.08884989547051968,0.05067657607185315
3,TXSPD0000,"San Antonio, TX",murder,-0.13355723675023795,-0.10672899288139039,0.05086932084941885
4,TXSPD0000,"San Antonio, TX",murder,-0.04435065372038784,-0.052860587226197284,0.05104850994167676
5,TXSPD0000,"San Antonio, TX",murder,0.04930096736513672,0.06281160939756204,0.05086932084941885
6,TXSPD0000,"San Antonio, TX",murder,0.09738296415942169,0.155274886507452,0.05067657607185315
7,TXSPD0000,"San Antonio, TX",murder,0.11118341410659602,0.14617927134884656,0.05055029755649008
8,TXSPD0000,"San Antonio, TX",murder,0.09275342812753531,0.055209409354509145,0.05067657607185315
9,TXSPD0000,"San Antonio, TX",murder,0.0384862404627525,-0.027371613580993617,0.05086932084941886
10,TXSPD0000,"San Antonio, TX",murder,-0.00802783031255692,-0.04759953312017618,0.05104850994167676
11,TXSPD0000,"San Antonio, TX",murder,-0.006608455110596065,-0.029171123281551498,0.05086932084941885
12,TXSPD0000,"San Antonio, TX",murder,-0.0023119678719362097,-0.021174280045067974,0.05067657607185315
1,UT0030100,"Logan, UT",murder,-0.058804930073651264,-0.05535967865581388,0.06482825618860434
2,UT0030100,"Logan, UT",murder,-0.135445940382076,-0.1392399645572634,0.06483523468904354
3,UT0030100,"Logan, UT",murder,-0.13355723675023795,-0.13671390941079967,0.06483672153608544
4,UT0030100,"Logan, UT",murder,-0.04435065372038784,-0.03909243839841579,0.06483491047051344
5,UT0030100,"Logan, UT",murder,0.04930096736513672,0.05705981646833551,0.06483672153608545
6,UT0030100,"Logan, UT",murder,0.09738296415942169,0.09900597867268476,0.06483523468904354
7,UT0030100,"Logan, UT",murder,0.11118341410659602,0.10876054407023279,0.06482825618860433
8,UT0030100,"Logan, UT",murder,0.09275342812753531,0.09113666888923108,0.06483523468904354
9,UT0030100,"Logan, UT",murder,0.0384862404627525,0.03520974832834843,0.06483672153608545
10,UT0030100,"Logan, UT",murder,-0.00802783031255692,-0.014308427016003128,0.06483491047051344
11,UT0030100,"Logan, UT",murder,-0.006608455110596065,-0.008956520800303229,0.06483672153608544
12,UT0030100,"Logan, UT",murder,-0.0023119678719362097,0.0024981824097664914,0.06483523468904354
1,UT0060300,"Layton, UT",murder,-0.058804930073651264,-0.05636186510228207,0.06483045283415662
2,UT0060300,"Layton, UT",murder,-0.135445940382076,-0.13777063512546184,0.06480653478362722
3,UT0060300,"Layton, UT",murder,-0.13355723675023795,-0.13992704455215293,0.06483440302854557
4,UT0060300,"Layton, UT",murder,-0.04435065372038784,-0.03856914287614846,0.06481101674976067
5,UT0060300,"Layton, UT",murder,0.04930096736513672,0.06586637925161122,0.06483440302854558
6,UT0060300,"Layton, UT",murder,0.09738296415942169,0.10360288434611592,0.06480653478362722
7,UT0060300,"Layton, UT",murder,0.11118341410659602,0.10272694915323285,0.0648304528341566
8,UT0060300,"Layton, UT",murder,0.09275342812753531,0.08829570485902288,0.06480653478362722
9,UT0060300,"Layton, UT",murder,0.0384862404627525,0.044087030234763194,0.06483440302854558
10,UT0060300,"Layton, UT",murder,-0.00802783031255692,-0.007795941174802324,0.06481101674976067
11,UT0060300,"Layton, UT",murder,-0.006608455110596065,-0.016391448985172297,0.06483440302854557
12,UT0060300,"Layton, UT",murder,-0.0023119678719362097,-0.007762870028726165,0.0648065347836272
1,UT0180500,"Sandy, UT",murder,-0.058804930073651264,-0.06459394704620133,0.06465857480457736
2,UT0180500,"Sandy, UT",murder,-0.135445940382076,-0.13051406910623026,0.06467532097065491
3,UT0180500,"Sandy, UT",murder,-0.13355723675023795,-0.13028317539989795,0.0646644251430181
4,UT0180500,"Sandy, UT",murder,-0.04435065372038784,-0.04965911442264643,0.06467572196562602
5,UT0180500,"Sandy, UT",murder,0.04930096736513672,0.049534419049448074,0.06466442514301811
6,UT0180500,"Sandy, UT",murder,0.09738296415942169,0.10989097445827672,0.06467532097065491
7,UT0180500,"Sandy, UT",murder,0.11118341410659602,0.11901537503392623,0.06465857480457735
8,UT0180500,"Sandy, UT",murder,0.09275342812753531,0.08537074322687224,0.06467532097065491
9,UT0180500,"Sandy, UT",murder,0.0384862404627525,0.030718421532815024,0.06466442514301811
10,UT0180500,"Sandy, UT",murder,-0.00802783031255692,-0.004762313565078477,0.06467572196562602
11,UT0180500,"Sandy, UT",murder,-0.006608455110596065,-0.004391093170090082,0.0646644251430181
12,UT0180500,"Sandy, UT",murder,-0.0023119678719362097,-0.010326220591193772,0.06467532097065491
1,UT0180600,"West Jordan, UT",murder,-0.058804930073651264,-0.07496598426352216,0.064592849012338735
2,UT0180600,"West Jordan, UT",murder,-0.135445940382076,-0.1398124831802038,0.06454386132879548
3,UT0180600,"West Jordan, UT",murder,-0.13355723675023795,-0.13030868018917982,0.0645815916664793
4,UT0180600,"West Jordan, UT",murder,-0.04435065372038784,-0.052599458407519575,0.06453111113509206
5,UT0180600,"West Jordan, UT",murder,0.04930096736513672,0.038609053678719696,0.0645815916664793
6,UT0180600,"West Jordan, UT",murder,0.09738296415942169,0.10751356868605935,0.06454386132879548
7,UT0180600,"West Jordan, UT",murder,0.11118341410659602,0.13324221487888477,0.06459284901233872
8,UT0180600,"West Jordan, UT",murder,0.09275342812753531,0.09893448167258594,0.06454386132879548
9,UT0180600,"West Jordan, UT",murder,0.0384862404627525,0.031154448066199287,0.06458159166647931
10,UT0180600,"West Jordan, UT",murder,-0.00802783031255692,-0.005676772207843066,0.06453111113509206
11,UT0180600,"West Jordan, UT",murder,-0.006608455110596065,0.0022689478288981687,0.0645815916664793
12,UT0180600,"West Jordan, UT",murder,-0.0023119678719362097,-0.008359336563078761,0.06454386132879548
1,UT0181200,"Draper, UT",murder,-0.058804930073651264,-0.06203828961810954,0.06491247090284638
2,UT0181200,"Draper, UT",murder,-0.135445940382076,-0.13992789520797405,0.06491950640829308
3,UT0181200,"Draper, UT",murder,-0.13355723675023795,-0.13133363439615797,0.06491251183955338
4,UT0181200,"Draper, UT",murder,-0.04435065372038784,-0.0364207811656551,0.06491959496692554
5,UT0181200,"Draper, UT",murder,0.04930096736513672,0.051376282873466364,0.06491251183955339
6,UT0181200,"Draper, UT",murder,0.09738296415942169,0.09131740137946809,0.06491950640829308
7,UT0181200,"Draper, UT",murder,0.11118341410659602,0.10858735134980435,0.06491247090284638
8,UT0181200,"Draper, UT",murder,0.09275342812753531,0.09873552845509966,0.06491950640829308
9,UT0181200,"Draper, UT",murder,0.0384862404627525,0.04359220591158876,0.06491251183955339
10,UT0181200,"Draper, UT",murder,-0.00802783031255692,-0.010128280566039718,0.06491959496692554
11,UT0181200,"Draper, UT",murder,-0.006608455110596065,-0.010183916120591996,0.06491251183955338
12,UT0181200,"Draper, UT",murder,-0.0023119678719362097,-0.003575972894898847,0.06491950640829308
1,UT0181800,"South Jordan, UT",murder,-0.058804930073651264,-0.06053337109260776,0.06477559399070928
2,UT0181800,"South Jordan, UT",murder,-0.135445940382076,-0.14243745943980546,0.06480256626576372
3,UT0181800,"South Jordan, UT",murder,-0.13355723675023795,-0.1431758328143992,0.06480178043410374
4,UT0181800,"South Jordan, UT",murder,-0.04435065372038784,-0.04950206587824038,0.06478628299327646
5,UT0181800,"South Jordan, UT",murder,0.04930096736513672,0.05408204153125353,0.06480178043410374
6,UT0181800,"South Jordan, UT",murder,0.09738296415942169,0.10561598903995714,0.06480256626576372
7,UT0181800,"South Jordan, UT",murder,0.11118341410659602,0.11104727202366205,0.06477559399070927
8,UT0181800,"South Jordan, UT",murder,0.09275342812753531,0.08463643405305638,0.06480256626576372
9,UT0181800,"South Jordan, UT",murder,0.0384862404627525,0.034860906496595796,0.06480178043410376
10,UT0181800,"South Jordan, UT",murder,-0.00802783031255692,-0.0010118350528139151,0.06478628299327646
11,UT0181800,"South Jordan, UT",murder,-0.006608455110596065,0.003718983855495539,0.06480178043410374
12,UT0181800,"South Jordan, UT",murder,-0.0023119678719362097,0.002698937277846283,0.06480256626576372
1,UT0182500,"West Valley, UT",murder,-0.058804930073651264,-0.022966016634338633,0.06352588611545705
2,UT0182500,"West Valley, UT",murder,-0.135445940382076,-0.1176462625247341,0.06345734347906486
3,UT0182500,"West Valley, UT",murder,-0.13355723675023795,-0.14693776151146162,0.06352986826532403
4,UT0182500,"West Valley, UT",murder,-0.04435065372038784,-0.052362424674136675,0.06351069413820216
5,UT0182500,"West Valley, UT",murder,0.04930096736513672,0.06744377710063165,0.06352986826532404
6,UT0182500,"West Valley, UT",murder,0.09738296415942169,0.1138311686425852,0.06345734347906486
7,UT0182500,"West Valley, UT",murder,0.11118341410659602,0.10259895020631887,0.06352588611545704
8,UT0182500,"West Valley, UT",murder,0.09275342812753531,0.07415680914228584,0.06345734347906486
9,UT0182500,"West Valley, UT",murder,0.0384862404627525,0.02381537455703311,0.06352986826532404
10,UT0182500,"West Valley, UT",murder,-0.00802783031255692,-0.02727050889784356,0.06351069413820216
11,UT0182500,"West Valley, UT",murder,-0.006608455110596065,-0.023954323718183405,0.06352986826532403
12,UT0182500,"West Valley, UT",murder,-0.0023119678719362097,0.009291218311843298,0.06345734347906486
1,UT0250300,"Orem, UT",murder,-0.058804930073651264,-0.054752381719848,0.0647200112647845
2,UT0250300,"Orem, UT",murder,-0.135445940382076,-0.12678915774787788,0.06474297009989866
3,UT0250300,"Orem, UT",murder,-0.13355723675023795,-0.13167399010120268,0.06472734785001222
4,UT0250300,"Orem, UT",murder,-0.04435065372038784,-0.04411798035932349,0.06474445885918773
5,UT0250300,"Orem, UT",murder,0.04930096736513672,0.05808647637902614,0.06472734785001222
6,UT0250300,"Orem, UT",murder,0.09738296415942169,0.10499781010560814,0.06474297009989866
7,UT0250300,"Orem, UT",murder,0.11118341410659602,0.10237203879378676,0.0647200112647845
8,UT0250300,"Orem, UT",murder,0.09275342812753531,0.07603869989984424,0.06474297009989867
9,UT0250300,"Orem, UT",murder,0.0384862404627525,0.033303875179230266,0.06472734785001222
10,UT0250300,"Orem, UT",murder,-0.00802783031255692,-0.003501676714615279,0.06474445885918773
11,UT0250300,"Orem, UT",murder,-0.006608455110596065,-0.007336018530992513,0.06472734785001222
12,UT0250300,"Orem, UT",murder,-0.0023119678719362097,-0.00662769518363571,0.06474297009989866
1,UT0252200,"Saratoga Springs, UT",murder,-0.058804930073651264,-0.06016555870388786,0.06495893682650324
2,UT0252200,"Saratoga Springs, UT",murder,-0.135445940382076,-0.13672105333638032,0.0649600728620986
3,UT0252200,"Saratoga Springs, UT",murder,-0.13355723675023795,-0.13146489415900522,0.06495960828847769
4,UT0252200,"Saratoga Springs, UT",murder,-0.04435065372038784,-0.04011873580471325,0.0649613897982522
5,UT0252200,"Saratoga Springs, UT",murder,0.04930096736513672,0.05101758614242573,0.06495960828847769
6,UT0252200,"Saratoga Springs, UT",murder,0.09738296415942169,0.0957169085807261,0.0649600728620986
7,UT0252200,"Saratoga Springs, UT",murder,0.11118341410659602,0.10960805166931,0.06495893682650324
8,UT0252200,"Saratoga Springs, UT",murder,0.09275342812753531,0.09267894561867544,0.06496007286209861
9,UT0252200,"Saratoga Springs, UT",murder,0.0384862404627525,0.03798029347587818,0.0649596082884777
10,UT0252200,"Saratoga Springs, UT",murder,-0.00802783031255692,-0.009323757160708896,0.0649613897982522
11,UT0252200,"Saratoga Springs, UT",murder,-0.006608455110596065,-0.006975478424720877,0.06495960828847769
12,UT0252200,"Saratoga Springs, UT",murder,-0.0023119678719362097,-0.002232307897599037,0.0649600728620986
1,UT0270100,"St. George, UT",murder,-0.058804930073651264,-0.048018062128359476,0.06461958515224428
2,UT0270100,"St. George, UT",murder,-0.135445940382076,-0.13586640270014205,0.06461501420822502
3,UT0270100,"St. George, UT",murder,-0.13355723675023795,-0.149771553483686,0.06462921128977255
4,UT0270100,"St. George, UT",murder,-0.04435065372038784,-0.051497219017202514,0.06462192258920275
5,UT0270100,"St. George, UT",murder,0.04930096736513672,0.06696165896693097,0.06462921128977256
6,UT0270100,"St. George, UT",murder,0.09738296415942169,0.12135923389752687,0.06461501420822502
7,UT0270100,"St. George, UT",murder,0.11118341410659602,0.11885833050134152,0.06461958515224427
8,UT0270100,"St. George, UT",murder,0.09275342812753531,0.08670461186735473,0.06461501420822502
9,UT0270100,"St. George, UT",murder,0.0384862404627525,0.029769494277916614,0.06462921128977256
10,UT0270100,"St. George, UT",murder,-0.00802783031255692,-0.019343049355779532,0.06462192258920275
11,UT0270100,"St. George, UT",murder,-0.006608455110596065,-0.01779986813414367,0.06462921128977255
12,UT0270100,"St. George, UT",murder,-0.0023119678719362097,-0.0013571746917574604,0.06461501420822502
1,UT0290100,"Ogden, UT",murder,-0.058804930073651264,-0.0699329873552447,0.06403813096160747
2,UT0290100,"Ogden, UT",murder,-0.135445940382076,-0.12620122591356261,0.06411727051020766
3,UT0290100,"Ogden, UT",murder,-0.13355723675023795,-0.1298210117494322,0.06403334472428047
4,UT0290100,"Ogden, UT",murder,-0.04435065372038784,-0.05437965672531016,0.06413548226873216
5,UT0290100,"Ogden, UT",murder,0.04930096736513672,0.04806462039111638,0.06403334472428047
6,UT0290100,"Ogden, UT",murder,0.09738296415942169,0.10689322814153478,0.06411727051020766
7,UT0290100,"Ogden, UT",murder,0.11118341410659602,0.1069219840572694,0.06403813096160746
8,UT0290100,"Ogden, UT",murder,0.09275342812753531,0.0777730006962579,0.06411727051020766
9,UT0290100,"Ogden, UT",murder,0.0384862404627525,0.044403789830102756,0.06403334472428047
10,UT0290100,"Ogden, UT",murder,-0.00802783031255692,0.017390660023285463,0.06413548226873216
11,UT0290100,"Ogden, UT",murder,-0.006608455110596065,3.636048261883309e-4,0.06403334472428047
12,UT0290100,"Ogden, UT",murder,-0.0023119678719362097,-0.0214760062222053,0.06411727051020766
1,VA0020300,"Albemarle, VA",murder,-0.058804930073651264,-0.07597426586214553,0.06430179309589745
2,VA0020300,"Albemarle, VA",murder,-0.135445940382076,-0.12891110857400245,0.06430766297655212
3,VA0020300,"Albemarle, VA",murder,-0.13355723675023795,-0.12307060226346574,0.06431228278284402
4,VA0020300,"Albemarle, VA",murder,-0.04435065372038784,-0.05502919810439502,0.06433705169561897
5,VA0020300,"Albemarle, VA",murder,0.04930096736513672,0.03353928179054642,0.06431228278284404
6,VA0020300,"Albemarle, VA",murder,0.09738296415942169,0.09753718953460487,0.06430766297655212
7,VA0020300,"Albemarle, VA",murder,0.11118341410659602,0.113240752118584,0.06430179309589744
8,VA0020300,"Albemarle, VA",murder,0.09275342812753531,0.08416752717422714,0.06430766297655212
9,VA0020300,"Albemarle, VA",murder,0.0384862404627525,0.041060534607251904,0.06431228278284404
10,VA0020300,"Albemarle, VA",murder,-0.00802783031255692,0.01776271184795654,0.06433705169561897
11,VA0020300,"Albemarle, VA",murder,-0.006608455110596065,0.011204299609228884,0.06431228278284402
12,VA0020300,"Albemarle, VA",murder,-0.0023119678719362097,-0.015527121878391,0.06430766297655212
1,VA0070100,"Arlington, VA",murder,-0.058804930073651264,-0.05071467546884302,0.06456301373935945
2,VA0070100,"Arlington, VA",murder,-0.135445940382076,-0.12748206397843564,0.06455876313308803
3,VA0070100,"Arlington, VA",murder,-0.13355723675023795,-0.13231234423461713,0.06455567495537967
4,VA0070100,"Arlington, VA",murder,-0.04435065372038784,-0.05166512754793901,0.0645620052360528
5,VA0070100,"Arlington, VA",murder,0.04930096736513672,0.041381631850255084,0.06455567495537969
6,VA0070100,"Arlington, VA",murder,0.09738296415942169,0.09619320512440764,0.06455876313308803
7,VA0070100,"Arlington, VA",murder,0.11118341410659602,0.11321716745902903,0.06456301373935944
8,VA0070100,"Arlington, VA",murder,0.09275342812753531,0.09071738682281681,0.06455876313308803
9,VA0070100,"Arlington, VA",murder,0.0384862404627525,0.03304517508881227,0.06455567495537969
10,VA0070100,"Arlington, VA",murder,-0.00802783031255692,-0.01083736444224701,0.0645620052360528
11,VA0070100,"Arlington, VA",murder,-0.006608455110596065,-0.0046169546946362855,0.06455567495537967
12,VA0070100,"Arlington, VA",murder,-0.0023119678719362097,0.0030739640213972423,0.06455876313308803
1,VA0210100,"Chesterfield, VA",murder,-0.058804930073651264,-0.05626981216384644,0.06270436055602965
2,VA0210100,"Chesterfield, VA",murder,-0.135445940382076,-0.13337462447022394,0.06279945715644722
3,VA0210100,"Chesterfield, VA",murder,-0.13355723675023795,-0.12922753413497867,0.0628203736990463
4,VA0210100,"Chesterfield, VA",murder,-0.04435065372038784,-0.03969425992733932,0.06275535652703612
5,VA0210100,"Chesterfield, VA",murder,0.04930096736513672,0.06081944038261362,0.06282037369904632
6,VA0210100,"Chesterfield, VA",murder,0.09738296415942169,0.11512481844882429,0.06279945715644722
7,VA0210100,"Chesterfield, VA",murder,0.11118341410659602,0.11322752038955983,0.06270436055602964
8,VA0210100,"Chesterfield, VA",murder,0.09275342812753531,0.06504414105538858,0.06279945715644723
9,VA0210100,"Chesterfield, VA",murder,0.0384862404627525,0.00393934249442989,0.06282037369904632
10,VA0210100,"Chesterfield, VA",murder,-0.00802783031255692,-0.01726344829837408,0.06275535652703612
11,VA0210100,"Chesterfield, VA",murder,-0.006608455110596065,0.00751104303222174,0.0628203736990463
12,VA0210100,"Chesterfield, VA",murder,-0.0023119678719362097,0.010163373191724523,0.06279945715644722
1,VA0420000,"Hanover, VA",murder,-0.058804930073651264,-0.05725629771796098,0.0647948042602311
2,VA0420000,"Hanover, VA",murder,-0.135445940382076,-0.13727658680166976,0.06479894788313419
3,VA0420000,"Hanover, VA",murder,-0.13355723675023795,-0.13346866704576946,0.06479664305081892
4,VA0420000,"Hanover, VA",murder,-0.04435065372038784,-0.04379487133424399,0.06479994226148429
5,VA0420000,"Hanover, VA",murder,0.04930096736513672,0.046665327621829074,0.06479664305081892
6,VA0420000,"Hanover, VA",murder,0.09738296415942169,0.0950615027344284,0.06479894788313419
7,VA0420000,"Hanover, VA",murder,0.11118341410659602,0.1133807284290056,0.06479480426023108
8,VA0420000,"Hanover, VA",murder,0.09275342812753531,0.09478310539213652,0.06479894788313419
9,VA0420000,"Hanover, VA",murder,0.0384862404627525,0.03485075492519158,0.06479664305081893
10,VA0420000,"Hanover, VA",murder,-0.00802783031255692,-0.01232955937680064,0.06479994226148429
11,VA0420000,"Hanover, VA",murder,-0.006608455110596065,-0.004171846212295862,0.06479664305081892
12,VA0420000,"Hanover, VA",murder,-0.0023119678719362097,0.003556409386149516,0.06479894788313419
1,VA0430100,"Henrico, VA",murder,-0.058804930073651264,-0.046791561450148775,0.06165829033766818
2,VA0430100,"Henrico, VA",murder,-0.135445940382076,-0.12858847673244012,0.06169228149418978
3,VA0430100,"Henrico, VA",murder,-0.13355723675023795,-0.14302969592228726,0.061679628460259046
4,VA0430100,"Henrico, VA",murder,-0.04435065372038784,-0.052890043263591646,0.061686125550076486
5,VA0430100,"Henrico, VA",murder,0.04930096736513672,0.05354113168160561,0.06167962846025905
6,VA0430100,"Henrico, VA",murder,0.09738296415942169,0.09396570963115142,0.06169228149418978
7,VA0430100,"Henrico, VA",murder,0.11118341410659602,0.08666826449280371,0.06165829033766817
8,VA0430100,"Henrico, VA",murder,0.09275342812753531,0.07278822637150538,0.06169228149418978
9,VA0430100,"Henrico, VA",murder,0.0384862404627525,0.047352742518697574,0.06167962846025906
10,VA0430100,"Henrico, VA",murder,-0.00802783031255692,0.013013340220936717,0.061686125550076486
11,VA0430100,"Henrico, VA",murder,-0.006608455110596065,0.0022591186793290995,0.061679628460259046
12,VA0430100,"Henrico, VA",murder,-0.0023119678719362097,0.0017112437724382623,0.06169228149418978
1,VA0530000,"Loudoun, VA",murder,-0.058804930073651264,-0.05438416638004503,0.06440438834000335
2,VA0530000,"Loudoun, VA",murder,-0.135445940382076,-0.1389179302272401,0.06440215719135696
3,VA0530000,"Loudoun, VA",murder,-0.13355723675023795,-0.14484315675640566,0.064404752459552
4,VA0530000,"Loudoun, VA",murder,-0.04435065372038784,-0.05294834821859274,0.06440149659502047
5,VA0530000,"Loudoun, VA",murder,0.04930096736513672,0.0453908961756303,0.064404752459552
6,VA0530000,"Loudoun, VA",murder,0.09738296415942169,0.09628962993133956,0.06440215719135696
7,VA0530000,"Loudoun, VA",murder,0.11118341410659602,0.11921947910706064,0.06440438834000334
8,VA0530000,"Loudoun, VA",murder,0.09275342812753531,0.11184006298840066,0.06440215719135696
9,VA0530000,"Loudoun, VA",murder,0.0384862404627525,0.05292997679055058,0.06440475245955202
10,VA0530000,"Loudoun, VA",murder,-0.00802783031255692,-0.01188696450842288,0.06440149659502047
11,VA0530000,"Loudoun, VA",murder,-0.006608455110596065,-0.01831302893679088,0.064404752459552
12,VA0530000,"Loudoun, VA",murder,-0.0023119678719362097,-0.004376449965484467,0.06440215719135696
1,VA0890000,"Stafford, VA",murder,-0.058804930073651264,-0.0519512791463861,0.06427750148800995
2,VA0890000,"Stafford, VA",murder,-0.135445940382076,-0.13218612569344154,0.06430785206130271
3,VA0890000,"Stafford, VA",murder,-0.13355723675023795,-0.14497598846778195,0.06433458521534766
4,VA0890000,"Stafford, VA",murder,-0.04435065372038784,-0.06437139200520446,0.06435752905666324
5,VA0890000,"Stafford, VA",murder,0.04930096736513672,0.035509911925325065,0.06433458521534767
6,VA0890000,"Stafford, VA",murder,0.09738296415942169,0.092961480309331615,0.06430785206130271
7,VA0890000,"Stafford, VA",murder,0.11118341410659602,0.11105476392795184,0.06427750148800994
8,VA0890000,"Stafford, VA",murder,0.09275342812753531,0.09825163345223151,0.06430785206130271
9,VA0890000,"Stafford, VA",murder,0.0384862404627525,0.05193801144500615,0.06433458521534767
10,VA0890000,"Stafford, VA",murder,-0.00802783031255692,0.005267907223638708,0.06435752905666324
11,VA0890000,"Stafford, VA",murder,-0.006608455110596065,-0.0015754196841150491,0.06433458521534766
12,VA0890000,"Stafford, VA",murder,-0.0023119678719362097,7.649671344421144e-5,0.06430785206130271
1,VA0990000,"Alexandria, VA",murder,-0.058804930073651264,-0.06877224261635546,0.06435990389064404
2,VA0990000,"Alexandria, VA",murder,-0.135445940382076,-0.14531426706639283,0.0643730766942929
3,VA0990000,"Alexandria, VA",murder,-0.13355723675023795,-0.14148243995531534,0.06438732288113458
4,VA0990000,"Alexandria, VA",murder,-0.04435065372038784,-0.05424259037493244,0.06436805863104052
5,VA0990000,"Alexandria, VA",murder,0.04930096736513672,0.04521151995868106,0.06438732288113458
6,VA0990000,"Alexandria, VA",murder,0.09738296415942169,0.10673248539093644,0.0643730766942929
7,VA0990000,"Alexandria, VA",murder,0.11118341410659602,0.12253671387102648,0.06435990389064403
8,VA0990000,"Alexandria, VA",murder,0.09275342812753531,0.09220906994720776,0.0643730766942929
9,VA0990000,"Alexandria, VA",murder,0.0384862404627525,0.034612771581459235,0.06438732288113458
10,VA0990000,"Alexandria, VA",murder,-0.00802783031255692,4.7811912026141703e-4,0.06436805863104052
11,VA0990000,"Alexandria, VA",murder,-0.006608455110596065,0.007893677160503976,0.06438732288113458
12,VA0990000,"Alexandria, VA",murder,-0.0023119678719362097,1.3718298291970655e-4,0.0643730766942929
1,VA1030000,"Chesapeake, VA",murder,-0.058804930073651264,-0.05910736900801691,0.06237479939036175
2,VA1030000,"Chesapeake, VA",murder,-0.135445940382076,-0.13025683731772716,0.062483089548627406
3,VA1030000,"Chesapeake, VA",murder,-0.13355723675023795,-0.13974512199065578,0.06242875989863937
4,VA1030000,"Chesapeake, VA",murder,-0.04435065372038784,-0.06139828697255835,0.06249514261112753
5,VA1030000,"Chesapeake, VA",murder,0.04930096736513672,0.043251283793346806,0.062428759898639385
6,VA1030000,"Chesapeake, VA",murder,0.09738296415942169,0.1014481874239074,0.062483089548627406
7,VA1030000,"Chesapeake, VA",murder,0.11118341410659602,0.10152793975418647,0.06237479939036174
8,VA1030000,"Chesapeake, VA",murder,0.09275342812753531,0.07265679958372274,0.062483089548627406
9,VA1030000,"Chesapeake, VA",murder,0.0384862404627525,0.039724513510481785,0.062428759898639385
10,VA1030000,"Chesapeake, VA",murder,-0.00802783031255692,0.01897771622638878,0.06249514261112753
11,VA1030000,"Chesapeake, VA",murder,-0.006608455110596065,0.014348753940657584,0.06242875989863937
12,VA1030000,"Chesapeake, VA",murder,-0.0023119678719362097,-0.0014275789437333826,0.062483089548627406
1,VA1120000,"Harrisonburg, VA",murder,-0.058804930073651264,-0.06744881660717215,0.06474698658153326
2,VA1120000,"Harrisonburg, VA",murder,-0.135445940382076,-0.1357209383207387,0.06475250176744467
3,VA1120000,"Harrisonburg, VA",murder,-0.13355723675023795,-0.13303528349432509,0.06476408960886498
4,VA1120000,"Harrisonburg, VA",murder,-0.04435065372038784,-0.05312620094749381,0.0647871970490625
5,VA1120000,"Harrisonburg, VA",murder,0.04930096736513672,0.038889298263641285,0.06476408960886498
6,VA1120000,"Harrisonburg, VA",murder,0.09738296415942169,0.09379559990912308,0.06475250176744467
7,VA1120000,"Harrisonburg, VA",murder,0.11118341410659602,0.10812328697901001,0.06474698658153326
8,VA1120000,"Harrisonburg, VA",murder,0.09275342812753531,0.087705513377137,0.06475250176744467
9,VA1120000,"Harrisonburg, VA",murder,0.0384862404627525,0.044345388178885496,0.064764089608865
10,VA1120000,"Harrisonburg, VA",murder,-0.00802783031255692,0.012451730575655937,0.0647871970490625
11,VA1120000,"Harrisonburg, VA",murder,-0.006608455110596065,0.009126126679960399,0.06476408960886498
12,VA1120000,"Harrisonburg, VA",murder,-0.0023119678719362097,-0.005105704593683448,0.06475250176744467
1,VA1140000,"Lynchburg, VA",murder,-0.058804930073651264,-0.04945627747015029,0.06381609209117188
2,VA1140000,"Lynchburg, VA",murder,-0.135445940382076,-0.1304758037420289,0.06378107807760808
3,VA1140000,"Lynchburg, VA",murder,-0.13355723675023795,-0.1323965499293588,0.06381271957417872
4,VA1140000,"Lynchburg, VA",murder,-0.04435065372038784,-0.03188194944405441,0.06379518865151279
5,VA1140000,"Lynchburg, VA",murder,0.04930096736513672,0.06650464701000387,0.06381271957417874
6,VA1140000,"Lynchburg, VA",murder,0.09738296415942169,0.09404601597839032,0.06378107807760808
7,VA1140000,"Lynchburg, VA",murder,0.11118341410659602,0.08752586736172407,0.06381609209117187
8,VA1140000,"Lynchburg, VA",murder,0.09275342812753531,0.07711144709291472,0.06378107807760809
9,VA1140000,"Lynchburg, VA",murder,0.0384862404627525,0.04096260338867081,0.06381271957417874
10,VA1140000,"Lynchburg, VA",murder,-0.00802783031255692,-0.006187640447519376,0.06379518865151279
11,VA1140000,"Lynchburg, VA",murder,-0.006608455110596065,-0.013140290360889708,0.06381271957417874
12,VA1140000,"Lynchburg, VA",murder,-0.0023119678719362097,-0.002612069437702332,0.06378107807760808
1,VA1170000,"Norfolk, VA",murder,-0.058804930073651264,-0.09899115004674885,0.058202070611711856
2,VA1170000,"Norfolk, VA",murder,-0.135445940382076,-0.1435412990560756,0.05828753350991247
3,VA1170000,"Norfolk, VA",murder,-0.13355723675023795,-0.1390905436430037,0.05809026122947251
4,VA1170000,"Norfolk, VA",murder,-0.04435065372038784,-0.06320220019647207,0.05811325478022113
5,VA1170000,"Norfolk, VA",murder,0.04930096736513672,0.04730425820015315,0.058090261229472515
6,VA1170000,"Norfolk, VA",murder,0.09738296415942169,0.12600340754842335,0.05828753350991247
7,VA1170000,"Norfolk, VA",murder,0.11118341410659602,0.1400708613699974,0.05820207061171185
8,VA1170000,"Norfolk, VA",murder,0.09275342812753531,0.10751634656203199,0.05828753350991247
9,VA1170000,"Norfolk, VA",murder,0.0384862404627525,0.061985879825711486,0.05809026122947252
10,VA1170000,"Norfolk, VA",murder,-0.00802783031255692,0.022122488873223507,0.05811325478022113
11,VA1170000,"Norfolk, VA",murder,-0.006608455110596065,-0.011279305706109561,0.05809026122947251
12,VA1170000,"Norfolk, VA",murder,-0.0023119678719362097,-0.04889874373113109,0.05828753350991247
1,VA1200000,"Portsmouth, VA",murder,-0.058804930073651264,-0.01636502055592357,0.060250193718068536
2,VA1200000,"Portsmouth, VA",murder,-0.135445940382076,-0.0789690346535163,0.06040662604921312
3,VA1200000,"Portsmouth, VA",murder,-0.13355723675023795,-0.1329063984727059,0.060194501284331924
4,VA1200000,"Portsmouth, VA",murder,-0.04435065372038784,-0.07131725974302677,0.060275570160835214
5,VA1200000,"Portsmouth, VA",murder,0.04930096736513672,0.05059732998146202,0.06019450128433193
6,VA1200000,"Portsmouth, VA",murder,0.09738296415942169,0.0972648874105588,0.06040662604921312
7,VA1200000,"Portsmouth, VA",murder,0.11118341410659602,0.06615615973112397,0.06025019371806853
8,VA1200000,"Portsmouth, VA",murder,0.09275342812753531,0.050287451008885334,0.06040662604921312
9,VA1200000,"Portsmouth, VA",murder,0.0384862404627525,0.05443367565287455,0.06019450128433194
10,VA1200000,"Portsmouth, VA",murder,-0.00802783031255692,0.02152612056782639,0.060275570160835214
11,VA1200000,"Portsmouth, VA",murder,-0.006608455110596065,-0.021915746336831063,0.06019450128433193
12,VA1200000,"Portsmouth, VA",murder,-0.0023119678719362097,-0.018792164590727464,0.06040662604921311
1,VA1220000,"Richmond, VA",murder,-0.058804930073651264,-0.07778132371115538,0.05624655413501289
2,VA1220000,"Richmond, VA",murder,-0.135445940382076,-0.15439666606865746,0.056680543618509174
3,VA1220000,"Richmond, VA",murder,-0.13355723675023795,-0.10383086087721174,0.05641569728486483
4,VA1220000,"Richmond, VA",murder,-0.04435065372038784,0.003248597020319095,0.05654938337777754
5,VA1220000,"Richmond, VA",murder,0.04930096736513672,0.029047206699630398,0.056415697284864834
6,VA1220000,"Richmond, VA",murder,0.09738296415942169,0.022158476926732427,0.056680543618509174
7,VA1220000,"Richmond, VA",murder,0.11118341410659602,0.08813058764414566,0.05624655413501288
8,VA1220000,"Richmond, VA",murder,0.09275342812753531,0.1499920461567909,0.05668054361850918
9,VA1220000,"Richmond, VA",murder,0.0384862404627525,0.08907697703235487,0.05641569728486484
10,VA1220000,"Richmond, VA",murder,-0.00802783031255692,-0.013597860953309397,0.05654938337777754
11,VA1220000,"Richmond, VA",murder,-0.006608455110596065,-0.024642586787763873,0.05641569728486483
12,VA1220000,"Richmond, VA",murder,-0.0023119678719362097,-0.007404593081875515,0.056680543618509174
1,VA1230000,"Roanoke, VA",murder,-0.058804930073651264,-0.040179393989692815,0.062139662495610426
2,VA1230000,"Roanoke, VA",murder,-0.135445940382076,-0.09500847812639376,0.06231769366990414
3,VA1230000,"Roanoke, VA",murder,-0.13355723675023795,-0.142322756964963,0.06210948080452814
4,VA1230000,"Roanoke, VA",murder,-0.04435065372038784,-0.09438448517227765,0.0624018706907734
5,VA1230000,"Roanoke, VA",murder,0.04930096736513672,0.03017994390077473,0.06210948080452815
6,VA1230000,"Roanoke, VA",murder,0.09738296415942169,0.12504038443977145,0.06231769366990414
7,VA1230000,"Roanoke, VA",murder,0.11118341410659602,0.13716715913563882,0.06213966249561041
8,VA1230000,"Roanoke, VA",murder,0.09275342812753531,0.10076413024078454,0.06231769366990414
9,VA1230000,"Roanoke, VA",murder,0.0384862404627525,0.05109064393340778,0.062109480804528154
10,VA1230000,"Roanoke, VA",murder,-0.00802783031255692,-0.0026032799736683213,0.0624018706907734
11,VA1230000,"Roanoke, VA",murder,-0.006608455110596065,-0.03593559601516552,0.06210948080452814
12,VA1230000,"Roanoke, VA",murder,-0.0023119678719362097,-0.03380827140821622,0.06231769366990414
1,VA1270000,"Suffolk, VA",murder,-0.058804930073651264,-0.06892995873640648,0.06379500694713702
2,VA1270000,"Suffolk, VA",murder,-0.135445940382076,-0.15421194500762636,0.06378347050974341
3,VA1270000,"Suffolk, VA",murder,-0.13355723675023795,-0.139722106771725,0.06377934900193642
4,VA1270000,"Suffolk, VA",murder,-0.04435065372038784,-0.023874639353653214,0.06378955453297064
5,VA1270000,"Suffolk, VA",murder,0.04930096736513672,0.07488725994808805,0.06377934900193644
6,VA1270000,"Suffolk, VA",murder,0.09738296415942169,0.10210500706322953,0.06378347050974341
7,VA1270000,"Suffolk, VA",murder,0.11118341410659602,0.10291949066274331,0.06379500694713701
8,VA1270000,"Suffolk, VA",murder,0.09275342812753531,0.09266685128551377,0.06378347050974341
9,VA1270000,"Suffolk, VA",murder,0.0384862404627525,0.04418748112327557,0.06377934900193644
10,VA1270000,"Suffolk, VA",murder,-0.00802783031255692,-0.010114892572683613,0.06378955453297064
11,VA1270000,"Suffolk, VA",murder,-0.006608455110596065,-0.013342166225975482,0.06377934900193642
12,VA1270000,"Suffolk, VA",murder,-0.0023119678719362097,-0.00657038141478008,0.06378347050974341
1,VA1280000,"Virginia Beach, VA",murder,-0.058804930073651264,-0.04681790382521964,0.061767424815497546
2,VA1280000,"Virginia Beach, VA",murder,-0.135445940382076,-0.13889692166011097,0.06194371858458448
3,VA1280000,"Virginia Beach, VA",murder,-0.13355723675023795,-0.12664204080497532,0.06209984003999603
4,VA1280000,"Virginia Beach, VA",murder,-0.04435065372038784,-0.0030610464514053896,0.06210994877829385
5,VA1280000,"Virginia Beach, VA",murder,0.04930096736513672,0.09817279278885008,0.062099840039996045
6,VA1280000,"Virginia Beach, VA",murder,0.09738296415942169,0.11230730590529976,0.06194371858458448
7,VA1280000,"Virginia Beach, VA",murder,0.11118341410659602,0.09216578183578958,0.06176742481549754
8,VA1280000,"Virginia Beach, VA",murder,0.09275342812753531,0.06417329586885341,0.06194371858458448
9,VA1280000,"Virginia Beach, VA",murder,0.0384862404627525,0.006570537003147796,0.062099840039996045
10,VA1280000,"Virginia Beach, VA",murder,-0.00802783031255692,-0.04228683155916455,0.06210994877829385
11,VA1280000,"Virginia Beach, VA",murder,-0.006608455110596065,-0.023449166997592516,0.06209984003999603
12,VA1280000,"Virginia Beach, VA",murder,-0.0023119678719362097,0.007764197896527758,0.06194371858458447
1,VT0040100,"Burlington, VT",murder,-0.058804930073651264,-0.07071452792923517,0.06472981323633832
2,VT0040100,"Burlington, VT",murder,-0.135445940382076,-0.13998357508864004,0.06472508458293764
3,VT0040100,"Burlington, VT",murder,-0.13355723675023795,-0.12677000825949097,0.06473009633205448
4,VT0040100,"Burlington, VT",murder,-0.04435065372038784,-0.040955888094020995,0.06471313891182302
5,VT0040100,"Burlington, VT",murder,0.04930096736513672,0.04279102216704095,0.06473009633205448
6,VT0040100,"Burlington, VT",murder,0.09738296415942169,0.09487509861259565,0.06472508458293764
7,VT0040100,"Burlington, VT",murder,0.11118341410659602,0.12108157301830856,0.06472981323633831
8,VT0040100,"Burlington, VT",murder,0.09275342812753531,0.10310853065259114,0.06472508458293764
9,VT0040100,"Burlington, VT",murder,0.0384862404627525,0.03952791873436867,0.0647300963320545
10,VT0040100,"Burlington, VT",murder,-0.00802783031255692,-0.00941115699505241,0.06471313891182302
11,VT0040100,"Burlington, VT",murder,-0.006608455110596065,-0.005915977730992084,0.06473009633205448
12,VT0040100,"Burlington, VT",murder,-0.0023119678719362097,-0.007633009087473293,0.06472508458293764
1,WA0030200,"Richland, WA",murder,-0.058804930073651264,-0.05334529635758976,0.06469787656169358
2,WA0030200,"Richland, WA",murder,-0.135445940382076,-0.13520366023777455,0.06468119523223816
3,WA0030200,"Richland, WA",murder,-0.13355723675023795,-0.1376475961112886,0.0646978162450135
4,WA0030200,"Richland, WA",murder,-0.04435065372038784,-0.041445563542959474,0.06468344724874323
5,WA0030200,"Richland, WA",murder,0.04930096736513672,0.05611564803918634,0.0646978162450135
6,WA0030200,"Richland, WA",murder,0.09738296415942169,0.09377618591518491,0.06468119523223816
7,WA0030200,"Richland, WA",murder,0.11118341410659602,0.0995138817008956,0.06469787656169358
8,WA0030200,"Richland, WA",murder,0.09275342812753531,0.09001085421560821,0.06468119523223816
9,WA0030200,"Richland, WA",murder,0.0384862404627525,0.04628620474581642,0.0646978162450135
10,WA0030200,"Richland, WA",murder,-0.00802783031255692,-0.004723021800346381,0.06468344724874323
11,WA0030200,"Richland, WA",murder,-0.006608455110596065,-0.010922842017020038,0.0646978162450135
12,WA0030200,"Richland, WA",murder,-0.0023119678719362097,-0.002414794549712704,0.06468119523223816
1,WA0171200,"Redmond, WA",murder,-0.058804930073651264,-0.057293561737762344,0.06486789519513982
2,WA0171200,"Redmond, WA",murder,-0.135445940382076,-0.12886893545382494,0.06486672880419408
3,WA0171200,"Redmond, WA",murder,-0.13355723675023795,-0.12472371746851184,0.06486958788208293
4,WA0171200,"Redmond, WA",murder,-0.04435065372038784,-0.04137392984030785,0.06486583606024031
5,WA0171200,"Redmond, WA",murder,0.04930096736513672,0.045991528535540005,0.06486958788208293
6,WA0171200,"Redmond, WA",murder,0.09738296415942169,0.09481673900759313,0.06486672880419408
7,WA0171200,"Redmond, WA",murder,0.11118341410659602,0.11075459229425301,0.06486789519513982
8,WA0171200,"Redmond, WA",murder,0.09275342812753531,0.0891128728153572,0.06486672880419408
9,WA0171200,"Redmond, WA",murder,0.0384862404627525,0.03150662427355342,0.06486958788208294
10,WA0171200,"Redmond, WA",murder,-0.00802783031255692,-0.012087100716182823,0.06486583606024031
11,WA0171200,"Redmond, WA",murder,-0.006608455110596065,-0.006235465897072288,0.06486958788208293
12,WA0171200,"Redmond, WA",murder,-0.0023119678719362097,-0.0015996458126346866,0.06486672880419408
1,WA0270300,"Tacoma, WA",murder,-0.058804930073651264,-0.02978904272612742,0.06109181110711013
2,WA0270300,"Tacoma, WA",murder,-0.135445940382076,-0.10964997921969231,0.061341723222591786
3,WA0270300,"Tacoma, WA",murder,-0.13355723675023795,-0.10812811098454946,0.061177487967578464
4,WA0270300,"Tacoma, WA",murder,-0.04435065372038784,-0.04169506980927211,0.06110461817825872
5,WA0270300,"Tacoma, WA",murder,0.04930096736513672,0.006090477379753636,0.06117748796757848
6,WA0270300,"Tacoma, WA",murder,0.09738296415942169,0.04143871779372667,0.061341723222591786
7,WA0270300,"Tacoma, WA",murder,0.11118341410659602,0.0984535790758921,0.061091811107110115
8,WA0270300,"Tacoma, WA",murder,0.09275342812753531,0.11771072455564986,0.061341723222591786
9,WA0270300,"Tacoma, WA",murder,0.0384862404627525,0.04752431997074232,0.06117748796757848
10,WA0270300,"Tacoma, WA",murder,-0.00802783031255692,-0.026969466540492572,0.06110461817825872
11,WA0270300,"Tacoma, WA",murder,-0.006608455110596065,-0.014151222715711204,0.061177487967578464
12,WA0270300,"Tacoma, WA",murder,-0.0023119678719362097,0.019165073220080483,0.061341723222591786
1,WA0310300,"Everett, WA",murder,-0.058804930073651264,-0.06112457363443234,0.06398416575693561
2,WA0310300,"Everett, WA",murder,-0.135445940382076,-0.13263443262421323,0.06397056696905795
3,WA0310300,"Everett, WA",murder,-0.13355723675023795,-0.12829994620098623,0.06396634834260762
4,WA0310300,"Everett, WA",murder,-0.04435065372038784,-0.03641654344174339,0.06399166954648583
5,WA0310300,"Everett, WA",murder,0.04930096736513672,0.055709855752566005,0.06396634834260763
6,WA0310300,"Everett, WA",murder,0.09738296415942169,0.0922736245077535,0.06397056696905795
7,WA0310300,"Everett, WA",murder,0.11118341410659602,0.0953730975159064,0.0639841657569356
8,WA0310300,"Everett, WA",murder,0.09275342812753531,0.0827623763132767,0.06397056696905795
9,WA0310300,"Everett, WA",murder,0.0384862404627525,0.044179366008575624,0.06396634834260763
10,WA0310300,"Everett, WA",murder,-0.00802783031255692,0.0021680195602693207,0.06399166954648583
11,WA0310300,"Everett, WA",murder,-0.006608455110596065,-0.005837799441629498,0.06396634834260762
12,WA0310300,"Everett, WA",murder,-0.0023119678719362097,-0.008153044315342885,0.06397056696905795
1,WA0340000,"Thurston, WA",murder,-0.058804930073651264,-0.06242359220602796,0.06436510299371759
2,WA0340000,"Thurston, WA",murder,-0.135445940382076,-0.14121269644466716,0.06435581082003379
3,WA0340000,"Thurston, WA",murder,-0.13355723675023795,-0.12334469752837603,0.06434093941465481
4,WA0340000,"Thurston, WA",murder,-0.04435065372038784,-0.018628658064511642,0.0643996342070665
5,WA0340000,"Thurston, WA",murder,0.04930096736513672,0.06084438433361831,0.06434093941465482
6,WA0340000,"Thurston, WA",murder,0.09738296415942169,0.0809008615779333,0.06435581082003379
7,WA0340000,"Thurston, WA",murder,0.11118341410659602,0.09161437196082071,0.06436510299371759
8,WA0340000,"Thurston, WA",murder,0.09275342812753531,0.09230850263801019,0.06435581082003379
9,WA0340000,"Thurston, WA",murder,0.0384862404627525,0.04524972396692628,0.06434093941465482
10,WA0340000,"Thurston, WA",murder,-0.00802783031255692,-0.01056212169028111,0.0643996342070665
11,WA0340000,"Thurston, WA",murder,-0.006608455110596065,-0.011940190526961367,0.06434093941465481
12,WA0340000,"Thurston, WA",murder,-0.0023119678719362097,-0.0028058880164835527,0.06435581082003379
1,WA0370100,"Bellingham, WA",murder,-0.058804930073651264,-0.0767640003822485,0.06451705133052046
2,WA0370100,"Bellingham, WA",murder,-0.135445940382076,-0.12535545749474442,0.06449806446390702
3,WA0370100,"Bellingham, WA",murder,-0.13355723675023795,-0.10912493543552731,0.06449949634693523
4,WA0370100,"Bellingham, WA",murder,-0.04435065372038784,-0.029183600153224402,0.06456037475833859
5,WA0370100,"Bellingham, WA",murder,0.04930096736513672,0.05299345208202482,0.06449949634693525
6,WA0370100,"Bellingham, WA",murder,0.09738296415942169,0.09571219823156009,0.06449806446390702
7,WA0370100,"Bellingham, WA",murder,0.11118341410659602,0.10193198437350455,0.06451705133052045
8,WA0370100,"Bellingham, WA",murder,0.09275342812753531,0.08044885058704532,0.06449806446390702
9,WA0370100,"Bellingham, WA",murder,0.0384862404627525,0.03905034453657214,0.06449949634693525
10,WA0370100,"Bellingham, WA",murder,-0.00802783031255692,0.0040156161619683385,0.06456037475833859
11,WA0370100,"Bellingham, WA",murder,-0.006608455110596065,-0.008086845174325745,0.06449949634693523
12,WA0370100,"Bellingham, WA",murder,-0.0023119678719362097,-0.02563760733260489,0.06449806446390702
1,WA0390500,"Yakima, WA",murder,-0.058804930073651264,-0.05525297682464715,0.06298510169388401
2,WA0390500,"Yakima, WA",murder,-0.135445940382076,-0.14514219568857892,0.06295905743422762
3,WA0390500,"Yakima, WA",murder,-0.13355723675023795,-0.13590901353817755,0.06305421633532209
4,WA0390500,"Yakima, WA",murder,-0.04435065372038784,-0.013722204233395555,0.06302918421012194
5,WA0390500,"Yakima, WA",murder,0.04930096736513672,0.08790576785760854,0.0630542163353221
6,WA0390500,"Yakima, WA",murder,0.09738296415942169,0.10105241515935048,0.06295905743422762
7,WA0390500,"Yakima, WA",murder,0.11118341410659602,0.0869717354979509,0.062985101693884
8,WA0390500,"Yakima, WA",murder,0.09275342812753531,0.07851811869191316,0.06295905743422762
9,WA0390500,"Yakima, WA",murder,0.0384862404627525,0.037566177868208026,0.0630542163353221
10,WA0390500,"Yakima, WA",murder,-0.00802783031255692,-0.01799655443990819,0.06302918421012194
11,WA0390500,"Yakima, WA",murder,-0.006608455110596065,-0.021281690860942795,0.06305421633532209
12,WA0390500,"Yakima, WA",murder,-0.0023119678719362097,-0.0027095794893809673,0.06295905743422762
1,WASPD0000,"Seattle, WA",murder,-0.058804930073651264,-0.09105199884891096,0.058954024572976826
2,WASPD0000,"Seattle, WA",murder,-0.135445940382076,-0.16191462869183185,0.05883829318591441
3,WASPD0000,"Seattle, WA",murder,-0.13355723675023795,-0.1687910626906143,0.05844904715844459
4,WASPD0000,"Seattle, WA",murder,-0.04435065372038784,-0.06864326126299293,0.058187785307949755
5,WASPD0000,"Seattle, WA",murder,0.04930096736513672,0.05651731031352493,0.058449047158444595
6,WASPD0000,"Seattle, WA",murder,0.09738296415942169,0.13198941253720298,0.05883829318591441
7,WASPD0000,"Seattle, WA",murder,0.11118341410659602,0.165506133756335,0.05895402457297682
8,WASPD0000,"Seattle, WA",murder,0.09275342812753531,0.16199915621799546,0.058838293185914416
9,WASPD0000,"Seattle, WA",murder,0.0384862404627525,0.09442145530935388,0.0584490471584446
10,WASPD0000,"Seattle, WA",murder,-0.00802783031255692,-0.005810873644431092,0.058187785307949755
11,WASPD0000,"Seattle, WA",murder,-0.006608455110596065,-0.05660183783968857,0.05844904715844459
12,WASPD0000,"Seattle, WA",murder,-0.0023119678719362097,-0.05761980515594251,0.05883829318591441
1,WI0050200,"Green Bay, WI",murder,-0.058804930073651264,-0.04267399135664349,0.06440635423619401
2,WI0050200,"Green Bay, WI",murder,-0.135445940382076,-0.11825792015855993,0.0644238327355506
3,WI0050200,"Green Bay, WI",murder,-0.13355723675023795,-0.12136883029382928,0.06442203161571086
4,WI0050200,"Green Bay, WI",murder,-0.04435065372038784,-0.037748812550549175,0.06440425074580243
5,WI0050200,"Green Bay, WI",murder,0.04930096736513672,0.04635014290850337,0.06442203161571086
6,WI0050200,"Green Bay, WI",murder,0.09738296415942169,0.08555487528469041,0.0644238327355506
7,WI0050200,"Green Bay, WI",murder,0.11118341410659602,0.10205650379652732,0.064406354236194
8,WI0050200,"Green Bay, WI",murder,0.09275342812753531,0.09253683591601017,0.0644238327355506
9,WI0050200,"Green Bay, WI",murder,0.0384862404627525,0.036265233611395664,0.06442203161571088
10,WI0050200,"Green Bay, WI",murder,-0.00802783031255692,-0.021633699889334675,0.06440425074580243
11,WI0050200,"Green Bay, WI",murder,-0.006608455110596065,-0.020629058665953624,0.06442203161571086
12,WI0050200,"Green Bay, WI",murder,-0.0023119678719362097,-4.512786022567752e-4,0.06442383273555059
1,WI0130100,"Madison, WI",murder,-0.058804930073651264,-0.07707691080158113,0.06362579317283477
2,WI0130100,"Madison, WI",murder,-0.135445940382076,-0.1559752852360599,0.0636332073009003
3,WI0130100,"Madison, WI",murder,-0.13355723675023795,-0.14063655219906315,0.0635342063972863
4,WI0130100,"Madison, WI",murder,-0.04435065372038784,-0.04135653941467371,0.06352565022128534
5,WI0130100,"Madison, WI",murder,0.04930096736513672,0.05028674535287046,0.06353420639728631
6,WI0130100,"Madison, WI",murder,0.09738296415942169,0.10412363249040126,0.0636332073009003
7,WI0130100,"Madison, WI",murder,0.11118341410659602,0.13697910368201455,0.06362579317283477
8,WI0130100,"Madison, WI",murder,0.09275342812753531,0.12373776308630909,0.0636332073009003
9,WI0130100,"Madison, WI",murder,0.0384862404627525,0.04849683716887892,0.06353420639728631
10,WI0130100,"Madison, WI",murder,-0.00802783031255692,-0.018545653465759707,0.06352565022128534
11,WI0130100,"Madison, WI",murder,-0.006608455110596065,-0.018049223203119674,0.0635342063972863
12,WI0130100,"Madison, WI",murder,-0.0023119678719362097,-0.011983917460216967,0.0636332073009003
1,WI0180100,"Eau Claire, WI",murder,-0.058804930073651264,-0.05255139698589976,0.06478516078840192
2,WI0180100,"Eau Claire, WI",murder,-0.135445940382076,-0.13027300240909573,0.06479081096124725
3,WI0180100,"Eau Claire, WI",murder,-0.13355723675023795,-0.1315306623417027,0.06478884288283474
4,WI0180100,"Eau Claire, WI",murder,-0.04435065372038784,-0.04570557293760016,0.06478538307847473
5,WI0180100,"Eau Claire, WI",murder,0.04930096736513672,0.043826259252154734,0.06478884288283475
6,WI0180100,"Eau Claire, WI",murder,0.09738296415942169,0.09031452583518527,0.06479081096124725
7,WI0180100,"Eau Claire, WI",murder,0.11118341410659602,0.10866460535102965,0.06478516078840192
8,WI0180100,"Eau Claire, WI",murder,0.09275342812753531,0.09618107532313679,0.06479081096124725
9,WI0180100,"Eau Claire, WI",murder,0.0384862404627525,0.04132552689061384,0.06478884288283475
10,WI0180100,"Eau Claire, WI",murder,-0.00802783031255692,-0.010407635427529736,0.06478538307847473
11,WI0180100,"Eau Claire, WI",murder,-0.006608455110596065,-0.00973433216619582,0.06478884288283474
12,WI0180100,"Eau Claire, WI",murder,-0.0023119678719362097,-1.0939038409640916e-4,0.06479081096124725
1,WI0300100,"Kenosha, WI",murder,-0.058804930073651264,-0.049982310218584326,0.06391061091892987
2,WI0300100,"Kenosha, WI",murder,-0.135445940382076,-0.13097500425733077,0.06390861793904662
3,WI0300100,"Kenosha, WI",murder,-0.13355723675023795,-0.14383108838562667,0.06393687406649122
4,WI0300100,"Kenosha, WI",murder,-0.04435065372038784,-0.0541087920186721,0.06391710061262504
5,WI0300100,"Kenosha, WI",murder,0.04930096736513672,0.049716927675323444,0.06393687406649122
6,WI0300100,"Kenosha, WI",murder,0.09738296415942169,0.0955562495349157,0.06390861793904662
7,WI0300100,"Kenosha, WI",murder,0.11118341410659602,0.10291352510660444,0.06391061091892987
8,WI0300100,"Kenosha, WI",murder,0.09275342812753531,0.09471301245613224,0.06390861793904663
9,WI0300100,"Kenosha, WI",murder,0.0384862404627525,0.05463788169640803,0.06393687406649123
10,WI0300100,"Kenosha, WI",murder,-0.00802783031255692,0.001177577130651986,0.06391710061262504
11,WI0300100,"Kenosha, WI",murder,-0.006608455110596065,-0.01345493587412495,0.06393687406649122
12,WI0300100,"Kenosha, WI",murder,-0.0023119678719362097,-0.006363042845697051,0.06390861793904662
1,WI0320100,"La Crosse, WI",murder,-0.058804930073651264,-0.04239298140339516,0.0647812813977679
2,WI0320100,"La Crosse, WI",murder,-0.135445940382076,-0.12865301880686963,0.06478341155558386
3,WI0320100,"La Crosse, WI",murder,-0.13355723675023795,-0.143443739007548,0.06477665029364424
4,WI0320100,"La Crosse, WI",murder,-0.04435065372038784,-0.05453617218934929,0.06477386207063766
5,WI0320100,"La Crosse, WI",murder,0.04930096736513672,0.05364172430371603,0.06477665029364424
6,WI0320100,"La Crosse, WI",murder,0.09738296415942169,0.10626155469962577,0.06478341155558386
7,WI0320100,"La Crosse, WI",murder,0.11118341410659602,0.10817487346387597,0.06478128139776788
8,WI0320100,"La Crosse, WI",murder,0.09275342812753531,0.0806333805433886,0.06478341155558386
9,WI0320100,"La Crosse, WI",murder,0.0384862404627525,0.02964220868358615,0.06477665029364425
10,WI0320100,"La Crosse, WI",murder,-0.00802783031255692,-0.01124571987113153,0.06477386207063766
11,WI0320100,"La Crosse, WI",murder,-0.006608455110596065,-0.005622086040235021,0.06477665029364424
12,WI0320100,"La Crosse, WI",murder,-0.0023119678719362097,0.007539975624336103,0.06478341155558386
1,WI0411600,"West Allis, WI",murder,-0.058804930073651264,-0.04959462686619969,0.06471435709935691
2,WI0411600,"West Allis, WI",murder,-0.135445940382076,-0.12102650519802406,0.06474231368767921
3,WI0411600,"West Allis, WI",murder,-0.13355723675023795,-0.13586179193183145,0.06472583526866928
4,WI0411600,"West Allis, WI",murder,-0.04435065372038784,-0.05643354586429369,0.06473547026746622
5,WI0411600,"West Allis, WI",murder,0.04930096736513672,0.04587036866352943,0.06472583526866928
6,WI0411600,"West Allis, WI",murder,0.09738296415942169,0.09799103655828355,0.06474231368767921
7,WI0411600,"West Allis, WI",murder,0.11118341410659602,0.10414591421227248,0.06471435709935691
8,WI0411600,"West Allis, WI",murder,0.09275342812753531,0.08836531396387202,0.06474231368767923
9,WI0411600,"West Allis, WI",murder,0.0384862404627525,0.04864931335160662,0.06472583526866928
10,WI0411600,"West Allis, WI",murder,-0.00802783031255692,0.0018822585182208874,0.06473547026746622
11,WI0411600,"West Allis, WI",murder,-0.006608455110596065,-0.013209177429377411,0.06472583526866928
12,WI0411600,"West Allis, WI",murder,-0.0023119678719362097,-0.010778557978058696,0.06474231368767921
1,WI0450100,"Appleton, WI",murder,-0.058804930073651264,-0.053917534979286655,0.064762317081785
2,WI0450100,"Appleton, WI",murder,-0.135445940382076,-0.1326178777883247,0.06476359705086013
3,WI0450100,"Appleton, WI",murder,-0.13355723675023795,-0.13651608059883558,0.06476304098544193
4,WI0450100,"Appleton, WI",murder,-0.04435065372038784,-0.050866151561421095,0.06476754733957461
5,WI0450100,"Appleton, WI",murder,0.04930096736513672,0.045717908211294095,0.06476304098544194
6,WI0450100,"Appleton, WI",murder,0.09738296415942169,0.09861820165434251,0.06476359705086013
7,WI0450100,"Appleton, WI",murder,0.11118341410659602,0.11275243641000096,0.06476231708178498
8,WI0450100,"Appleton, WI",murder,0.09275342812753531,0.09153656338421344,0.06476359705086013
9,WI0450100,"Appleton, WI",murder,0.0384862404627525,0.03659986476400997,0.06476304098544194
10,WI0450100,"Appleton, WI",murder,-0.00802783031255692,-0.007968749869293223,0.06476754733957461
11,WI0450100,"Appleton, WI",murder,-0.006608455110596065,-0.00463659380718285,0.06476304098544194
12,WI0450100,"Appleton, WI",murder,-0.0023119678719362097,0.0012980141804831132,0.06476359705086013
1,WI0520200,"Racine, WI",murder,-0.058804930073651264,-0.057288615729322624,0.0640408350654979
2,WI0520200,"Racine, WI",murder,-0.135445940382076,-0.12565686804203824,0.06406153314271572
3,WI0520200,"Racine, WI",murder,-0.13355723675023795,-0.13142108536731753,0.0640665920983425
4,WI0520200,"Racine, WI",murder,-0.04435065372038784,-0.05930095971673522,0.06406175043683826
5,WI0520200,"Racine, WI",murder,0.04930096736513672,0.03162500409653113,0.0640665920983425
6,WI0520200,"Racine, WI",murder,0.09738296415942169,0.09628893913699613,0.06406153314271572
7,WI0520200,"Racine, WI",murder,0.11118341410659602,0.12526759904987902,0.06404083506549789
8,WI0520200,"Racine, WI",murder,0.09275342812753531,0.10661846885572383,0.06406153314271572
9,WI0520200,"Racine, WI",murder,0.0384862404627525,0.044403702860446724,0.0640665920983425
10,WI0520200,"Racine, WI",murder,-0.00802783031255692,-0.008678023603821191,0.06406175043683826
11,WI0520200,"Racine, WI",murder,-0.006608455110596065,-0.012586604910216745,0.0640665920983425
12,WI0520200,"Racine, WI",murder,-0.0023119678719362097,-0.009271556630125273,0.06406153314271572
1,WI0540200,"Janesville, WI",murder,-0.058804930073651264,-0.04466740031229628,0.06468125121334874
2,WI0540200,"Janesville, WI",murder,-0.135445940382076,-0.12850460670883415,0.06467520397519155
3,WI0540200,"Janesville, WI",murder,-0.13355723675023795,-0.1352224637177731,0.06469432697153953
4,WI0540200,"Janesville, WI",murder,-0.04435065372038784,-0.04136737857303876,0.06469082585292311
5,WI0540200,"Janesville, WI",murder,0.04930096736513672,0.05937030046418738,0.06469432697153954
6,WI0540200,"Janesville, WI",murder,0.09738296415942169,0.10233832718890055,0.06467520397519155
7,WI0540200,"Janesville, WI",murder,0.11118341410659602,0.10608052552380916,0.06468125121334872
8,WI0540200,"Janesville, WI",murder,0.09275342812753531,0.08477507895354362,0.06467520397519155
9,WI0540200,"Janesville, WI",murder,0.0384862404627525,0.030079810750969695,0.06469432697153954
10,WI0540200,"Janesville, WI",murder,-0.00802783031255692,-0.020045746638474124,0.06469082585292311
11,WI0540200,"Janesville, WI",murder,-0.006608455110596065,-0.015640772708896872,0.06469432697153953
12,WI0540200,"Janesville, WI",murder,-0.0023119678719362097,0.0028043257779028726,0.06467520397519155
1,WI0680500,"Waukesha, WI",murder,-0.058804930073651264,-0.06200731762524174,0.06487958644650897
2,WI0680500,"Waukesha, WI",murder,-0.135445940382076,-0.14123620875972567,0.06486887914709359
3,WI0680500,"Waukesha, WI",murder,-0.13355723675023795,-0.1364441714391619,0.0648728761545254
4,WI0680500,"Waukesha, WI",murder,-0.04435065372038784,-0.038207373988133,0.06487217237499616
5,WI0680500,"Waukesha, WI",murder,0.04930096736513672,0.05718551782616149,0.0648728761545254
6,WI0680500,"Waukesha, WI",murder,0.09738296415942169,0.09635671140900356,0.06486887914709359
7,WI0680500,"Waukesha, WI",murder,0.11118341410659602,0.1056812525624066,0.06487958644650896
8,WI0680500,"Waukesha, WI",murder,0.09275342812753531,0.09449221261370298,0.06486887914709359
9,WI0680500,"Waukesha, WI",murder,0.0384862404627525,0.04602624035597434,0.06487287615452542
10,WI0680500,"Waukesha, WI",murder,-0.00802783031255692,-0.0054665609490318545,0.06487217237499616
11,WI0680500,"Waukesha, WI",murder,-0.006608455110596065,-0.010441521680138838,0.0648728761545254
12,WI0680500,"Waukesha, WI",murder,-0.0023119678719362097,-0.005938780325815995,0.06486887914709359
1,WI0710300,"Oshkosh, WI",murder,-0.058804930073651264,-0.0576969116562916,0.0647214906963412
2,WI0710300,"Oshkosh, WI",murder,-0.135445940382076,-0.1353263118156889,0.06472776298918388
3,WI0710300,"Oshkosh, WI",murder,-0.13355723675023795,-0.13464714030182584,0.06472908142073738
4,WI0710300,"Oshkosh, WI",murder,-0.04435065372038784,-0.04427862191548521,0.0647228037631519
5,WI0710300,"Oshkosh, WI",murder,0.04930096736513672,0.04835921634682499,0.06472908142073738
6,WI0710300,"Oshkosh, WI",murder,0.09738296415942169,0.09390237132947392,0.06472776298918388
7,WI0710300,"Oshkosh, WI",murder,0.11118341410659602,0.11090055230846953,0.0647214906963412
8,WI0710300,"Oshkosh, WI",murder,0.09275342812753531,0.09986699556985637,0.06472776298918388
9,WI0710300,"Oshkosh, WI",murder,0.0384862404627525,0.04598418340381538,0.06472908142073738
10,WI0710300,"Oshkosh, WI",murder,-0.00802783031255692,-0.008925018736692717,0.0647228037631519
11,WI0710300,"Oshkosh, WI",murder,-0.006608455110596065,-0.012899900100992493,0.06472908142073738
12,WI0710300,"Oshkosh, WI",murder,-0.0023119678719362097,-0.005239414431463432,0.06472776298918388
1,WIMPD0000,"Milwaukee, WI",murder,-0.058804930073651264,-0.1346608394595836,0.050839915772000165
2,WIMPD0000,"Milwaukee, WI",murder,-0.135445940382076,-0.19114066389338302,0.05071971182713674
3,WIMPD0000,"Milwaukee, WI",murder,-0.13355723675023795,-0.17415082517361014,0.05032510256355279
4,WIMPD0000,"Milwaukee, WI",murder,-0.04435065372038784,-0.0792788597281198,0.05014642247686301
5,WIMPD0000,"Milwaukee, WI",murder,0.04930096736513672,0.05193949460927863,0.0503251025635528
6,WIMPD0000,"Milwaukee, WI",murder,0.09738296415942169,0.1600402964233083,0.05071971182713674
7,WIMPD0000,"Milwaukee, WI",murder,0.11118341410659602,0.1948155354015898,0.05083991577200016
8,WIMPD0000,"Milwaukee, WI",murder,0.09275342812753531,0.14923315681002067,0.05071971182713675
9,WIMPD0000,"Milwaukee, WI",murder,0.0384862404627525,0.07208862214824155,0.0503251025635528
10,WIMPD0000,"Milwaukee, WI",murder,-0.00802783031255692,0.01912416378611358,0.05014642247686301
11,WIMPD0000,"Milwaukee, WI",murder,-0.006608455110596065,-0.010031987525916317,0.05032510256355279
12,WIMPD0000,"Milwaukee, WI",murder,-0.0023119678719362097,-0.057978093397939634,0.05071971182713674
1,WY0110100,"Cheyenne, WY",murder,-0.058804930073651264,-0.06773486878561716,0.06453850354871525
2,WY0110100,"Cheyenne, WY",murder,-0.135445940382076,-0.13542950217036695,0.06454637283554972
3,WY0110100,"Cheyenne, WY",murder,-0.13355723675023795,-0.12720727583348762,0.06454670763509747
4,WY0110100,"Cheyenne, WY",murder,-0.04435065372038784,-0.042826495525602845,0.06453503980489009
5,WY0110100,"Cheyenne, WY",murder,0.04930096736513672,0.044155579157626974,0.06454670763509747
6,WY0110100,"Cheyenne, WY",murder,0.09738296415942169,0.09504243811469794,0.06454637283554972
7,WY0110100,"Cheyenne, WY",murder,0.11118341410659602,0.11639188276982597,0.06453850354871525
8,WY0110100,"Cheyenne, WY",murder,0.09275342812753531,0.1000633769124505,0.06454637283554972
9,WY0110100,"Cheyenne, WY",murder,0.0384862404627525,0.04318413659136236,0.06454670763509748
10,WY0110100,"Cheyenne, WY",murder,-0.00802783031255692,-0.00583051845860598,0.06453503980489009
11,WY0110100,"Cheyenne, WY",murder,-0.006608455110596065,-0.008789453899710552,0.06454670763509747
12,WY0110100,"Cheyenne, WY",murder,-0.0023119678719362097,-0.011019298872572626,0.06454637283554972
