month,city_id,city_label,crime_type,global_season_centered,city_season_centered,city_season_se
1,AL0011200,"Hoover, AL",rape,-0.04387138027246358,-0.028906030467572355,0.04071482062300503
2,AL0011200,"Hoover, AL",rape,-0.036816055652062446,-0.02867698889820977,0.04072039758721142
3,AL0011200,"Hoover, AL",rape,-0.03844243170372693,-0.046250350075704466,0.04071418012487652
4,AL0011200,"Hoover, AL",rape,9.843442890189009e-4,-0.010710153808563602,0.04071586623498724
5,AL0011200,"Hoover, AL",rape,0.04975363918948855,0.04567075051417846,0.04071418012487653
6,AL0011200,"Hoover, AL",rape,0.0540459096652648,0.051016933587230424,0.04072039758721142
7,AL0011200,"Hoover, AL",rape,0.04279756554542923,0.03416122024569475,0.04071482062300502
8,AL0011200,"Hoover, AL",rape,0.06016748517053278,0.05446476383026157,0.04072039758721142
9,AL0011200,"Hoover, AL",rape,0.06286767594923165,0.0667829352296339,0.04071418012487653
10,AL0011200,"Hoover, AL",rape,8.947043801548035e-5,0.005454964030441235,0.04071586623498724
11,AL0011200,"Hoover, AL",rape,-0.07310506870795891,-0.07145852544623027,0.04071418012487652
12,AL0011200,"Hoover, AL",rape,-0.07847115391076953,-0.07154951874115988,0.04072039758721142
1,AR0040100,"Bentonville, AR",rape,-0.04387138027246358,-0.05028578961547592,0.04015613180570384
2,AR0040100,"Bentonville, AR",rape,-0.036816055652062446,-0.04385155268157882,0.04018001949477906
3,AR0040100,"Bentonville, AR",rape,-0.03844243170372693,-0.05104686949829476,0.040160874249079125
4,AR0040100,"Bentonville, AR",rape,9.843442890189009e-4,-0.00779047248266472,0.040173725995047774
5,AR0040100,"Bentonville, AR",rape,0.04975363918948855,0.053481968490563456,0.04016087424907913
6,AR0040100,"Bentonville, AR",rape,0.0540459096652648,0.06125591620567918,0.04018001949477906
7,AR0040100,"Bentonville, AR",rape,0.04279756554542923,0.04374444960862676,0.040156131805703835
8,AR0040100,"Bentonville, AR",rape,0.06016748517053278,0.06313068478831976,0.04018001949477906
9,AR0040100,"Bentonville, AR",rape,0.06286767594923165,0.07686734161188491,0.04016087424907913
10,AR0040100,"Bentonville, AR",rape,8.947043801548035e-5,0.014331812489513918,0.040173725995047774
11,AR0040100,"Bentonville, AR",rape,-0.07310506870795891,-0.07276110059730442,0.040160874249079125
12,AR0040100,"Bentonville, AR",rape,-0.07847115391076953,-0.08707638831926934,0.04018001949477906
1,AR0230100,"Conway, AR",rape,-0.04387138027246358,-0.013822477624402005,0.039193327095917704
2,AR0230100,"Conway, AR",rape,-0.036816055652062446,-0.030326823060801932,0.03917753678924849
3,AR0230100,"Conway, AR",rape,-0.03844243170372693,-0.05201288830850777,0.03915924899828999
4,AR0230100,"Conway, AR",rape,9.843442890189009e-4,-0.011235064430941832,0.039212601778293416
5,AR0230100,"Conway, AR",rape,0.04975363918948855,0.04448353908608954,0.03915924899829
6,AR0230100,"Conway, AR",rape,0.0540459096652648,0.050065034425030665,0.03917753678924849
7,AR0230100,"Conway, AR",rape,0.04279756554542923,0.041988003287134465,0.0391933270959177
8,AR0230100,"Conway, AR",rape,0.06016748517053278,0.06225551474131598,0.03917753678924849
9,AR0230100,"Conway, AR",rape,0.06286767594923165,0.05577605432628939,0.03915924899829
10,AR0230100,"Conway, AR",rape,8.947043801548035e-5,-0.016930461231790594,0.039212601778293416
11,AR0230100,"Conway, AR",rape,-0.07310506870795891,-0.0764122307666036,0.03915924899828999
12,AR0230100,"Conway, AR",rape,-0.07847115391076953,-0.053828200442812314,0.03917753678924849
1,AR0600200,"Little Rock, AR",rape,-0.04387138027246358,-0.07227720084806305,0.03519426366592433
2,AR0600200,"Little Rock, AR",rape,-0.036816055652062446,-0.05700318533335089,0.03520584863944468
3,AR0600200,"Little Rock, AR",rape,-0.03844243170372693,-0.03757615434011348,0.03517868137205001
4,AR0600200,"Little Rock, AR",rape,9.843442890189009e-4,0.011390384550272251,0.035195091946486054
5,AR0600200,"Little Rock, AR",rape,0.04975363918948855,0.057631721006282034,0.03517868137205002
6,AR0600200,"Little Rock, AR",rape,0.0540459096652648,0.058201331280064036,0.03520584863944468
7,AR0600200,"Little Rock, AR",rape,0.04279756554542923,0.04288485462865434,0.035194263665924326
8,AR0600200,"Little Rock, AR",rape,0.06016748517053278,0.05710086898234767,0.03520584863944468
9,AR0600200,"Little Rock, AR",rape,0.06286767594923165,0.067066184208519,0.03517868137205002
10,AR0600200,"Little Rock, AR",rape,8.947043801548035e-5,0.018001961669136497,0.035195091946486054
11,AR0600200,"Little Rock, AR",rape,-0.07310506870795891,-0.057729404655278836,0.03517868137205001
12,AR0600200,"Little Rock, AR",rape,-0.07847115391076953,-0.08769136114846955,0.03520584863944468
1,AR0600300,"North Little Rock, AR",rape,-0.04387138027246358,-0.04824744358696057,0.04024977770830706
2,AR0600300,"North Little Rock, AR",rape,-0.036816055652062446,-0.033967006091003185,0.040267973961123
3,AR0600300,"North Little Rock, AR",rape,-0.03844243170372693,-0.035217508455891874,0.04025496508328519
4,AR0600300,"North Little Rock, AR",rape,9.843442890189009e-4,-3.805034491640804e-4,0.04025702994426921
5,AR0600300,"North Little Rock, AR",rape,0.04975363918948855,0.04818948153724152,0.040254965083285195
6,AR0600300,"North Little Rock, AR",rape,0.0540459096652648,0.05824812548128222,0.040267973961123
7,AR0600300,"North Little Rock, AR",rape,0.04279756554542923,0.051121550219343344,0.04024977770830705
8,AR0600300,"North Little Rock, AR",rape,0.06016748517053278,0.06689735256556728,0.040267973961123
9,AR0600300,"North Little Rock, AR",rape,0.06286767594923165,0.06527374829807323,0.040254965083285195
10,AR0600300,"North Little Rock, AR",rape,8.947043801548035e-5,-0.0024936031832186577,0.04025702994426921
11,AR0600300,"North Little Rock, AR",rape,-0.07310506870795891,-0.08111982801180563,0.04025496508328519
12,AR0600300,"North Little Rock, AR",rape,-0.07847115391076953,-0.08830436532346359,0.040267973961123
1,AR0660100,"Fort Smith, AR",rape,-0.04387138027246358,-0.05929423237365754,0.037736265127343016
2,AR0660100,"Fort Smith, AR",rape,-0.036816055652062446,-0.05713221784737106,0.037791167026819096
3,AR0660100,"Fort Smith, AR",rape,-0.03844243170372693,-0.04223144503593338,0.03773056690891947
4,AR0660100,"Fort Smith, AR",rape,9.843442890189009e-4,0.014064432352620008,0.037766995445888976
5,AR0660100,"Fort Smith, AR",rape,0.04975363918948855,0.05934549268761013,0.03773056690891947
6,AR0660100,"Fort Smith, AR",rape,0.0540459096652648,0.054060885910813206,0.037791167026819096
7,AR0660100,"Fort Smith, AR",rape,0.04279756554542923,0.046768141999129924,0.03773626512734301
8,AR0660100,"Fort Smith, AR",rape,0.06016748517053278,0.07142403959051796,0.037791167026819096
9,AR0660100,"Fort Smith, AR",rape,0.06286767594923165,0.06904935715360792,0.037730566908919475
10,AR0660100,"Fort Smith, AR",rape,8.947043801548035e-5,-0.0015383419780923614,0.037766995445888976
11,AR0660100,"Fort Smith, AR",rape,-0.07310506870795891,-0.07363731443075706,0.03773056690891947
12,AR0660100,"Fort Smith, AR",rape,-0.07847115391076953,-0.08087879802848776,0.037791167026819096
1,AR0720100,"Fayetteville, AR",rape,-0.04387138027246358,-0.03518619595853239,0.03857633290463838
2,AR0720100,"Fayetteville, AR",rape,-0.036816055652062446,-0.06350722286652435,0.03853281980048278
3,AR0720100,"Fayetteville, AR",rape,-0.03844243170372693,-0.06221833766667886,0.038586003316897086
4,AR0720100,"Fayetteville, AR",rape,9.843442890189009e-4,0.014421281819750506,0.03862074044465911
5,AR0720100,"Fayetteville, AR",rape,0.04975363918948855,0.06088330088190533,0.038586003316897086
6,AR0720100,"Fayetteville, AR",rape,0.0540459096652648,0.01932918445631249,0.03853281980048278
7,AR0720100,"Fayetteville, AR",rape,0.04279756554542923,-3.936383777186256e-4,0.038576332904638376
8,AR0720100,"Fayetteville, AR",rape,0.06016748517053278,0.06541174463721179,0.03853281980048278
9,AR0720100,"Fayetteville, AR",rape,0.06286767594923165,0.09970269377361735,0.03858600331689709
10,AR0720100,"Fayetteville, AR",rape,8.947043801548035e-5,0.021158552516500548,0.03862074044465911
11,AR0720100,"Fayetteville, AR",rape,-0.07310506870795891,-0.06278782265259279,0.038586003316897086
12,AR0720100,"Fayetteville, AR",rape,-0.07847115391076953,-0.05681354056325101,0.03853281980048278
1,AZ0070100,"Avondale, AZ",rape,-0.04387138027246358,-0.040778594904337016,0.03980937640157132
2,AZ0070100,"Avondale, AZ",rape,-0.036816055652062446,-0.01571343025332735,0.03985702890934602
3,AZ0070100,"Avondale, AZ",rape,-0.03844243170372693,-0.01853219573741096,0.03985525187324522
4,AZ0070100,"Avondale, AZ",rape,9.843442890189009e-4,0.0038769069520472404,0.03986207326472954
5,AZ0070100,"Avondale, AZ",rape,0.04975363918948855,0.0438079635799672,0.03985525187324523
6,AZ0070100,"Avondale, AZ",rape,0.0540459096652648,0.05368931571190341,0.03985702890934602
7,AZ0070100,"Avondale, AZ",rape,0.04279756554542923,0.04610823934671125,0.03980937640157131
8,AZ0070100,"Avondale, AZ",rape,0.06016748517053278,0.05801745657322811,0.039857028909346025
9,AZ0070100,"Avondale, AZ",rape,0.06286767594923165,0.055506577614937526,0.03985525187324523
10,AZ0070100,"Avondale, AZ",rape,8.947043801548035e-5,-0.009206551394421439,0.03986207326472954
11,AZ0070100,"Avondale, AZ",rape,-0.07310506870795891,-0.08611198989986797,0.03985525187324522
12,AZ0070100,"Avondale, AZ",rape,-0.07847115391076953,-0.09066369758942999,0.03985702890934602
1,AZ0070300,"Buckeye, AZ",rape,-0.04387138027246358,-0.04856945952065058,0.039371476697599606
2,AZ0070300,"Buckeye, AZ",rape,-0.036816055652062446,-0.046375204614822155,0.03937402348977747
3,AZ0070300,"Buckeye, AZ",rape,-0.03844243170372693,-0.04618753971331991,0.0393588083340291
4,AZ0070300,"Buckeye, AZ",rape,9.843442890189009e-4,0.011085556022003132,0.039343875202116504
5,AZ0070300,"Buckeye, AZ",rape,0.04975363918948855,0.07122364242921676,0.0393588083340291
6,AZ0070300,"Buckeye, AZ",rape,0.0540459096652648,0.0679737963847993,0.03937402348977747
7,AZ0070300,"Buckeye, AZ",rape,0.04279756554542923,0.04967840409755741,0.0393714766975996
8,AZ0070300,"Buckeye, AZ",rape,0.06016748517053278,0.07097277070588703,0.03937402348977747
9,AZ0070300,"Buckeye, AZ",rape,0.06286767594923165,0.06967616122747801,0.039358808334029105
10,AZ0070300,"Buckeye, AZ",rape,8.947043801548035e-5,-0.012194500598909922,0.039343875202116504
11,AZ0070300,"Buckeye, AZ",rape,-0.07310506870795891,-0.09582120852028167,0.0393588083340291
12,AZ0070300,"Buckeye, AZ",rape,-0.07847115391076953,-0.09146241789895743,0.03937402348977746
1,AZ0070500,"Chandler, AZ",rape,-0.04387138027246358,-0.062258403185158316,0.03735486543922651
2,AZ0070500,"Chandler, AZ",rape,-0.036816055652062446,-0.041431868615831334,0.037345103808873424
3,AZ0070500,"Chandler, AZ",rape,-0.03844243170372693,-0.009324499007502809,0.03737818599510632
4,AZ0070500,"Chandler, AZ",rape,9.843442890189009e-4,0.012705342732165305,0.037333006032756015
5,AZ0070500,"Chandler, AZ",rape,0.04975363918948855,0.0156633751708182,0.037378185995106325
6,AZ0070500,"Chandler, AZ",rape,0.0540459096652648,0.023273819514309235,0.037345103808873424
7,AZ0070500,"Chandler, AZ",rape,0.04279756554542923,0.05207709014947694,0.0373548654392265
8,AZ0070500,"Chandler, AZ",rape,0.06016748517053278,0.0735651695762187,0.037345103808873424
9,AZ0070500,"Chandler, AZ",rape,0.06286767594923165,0.05163911300357158,0.037378185995106325
10,AZ0070500,"Chandler, AZ",rape,8.947043801548035e-5,-0.0025240296964839128,0.037333006032756015
11,AZ0070500,"Chandler, AZ",rape,-0.07310506870795891,-0.04779667613120559,0.03737818599510632
12,AZ0070500,"Chandler, AZ",rape,-0.07847115391076953,-0.06558843351037798,0.037345103808873424
1,AZ0071100,"Gilbert, AZ",rape,-0.04387138027246358,-0.023194897609353764,0.03828121179986581
2,AZ0071100,"Gilbert, AZ",rape,-0.036816055652062446,-0.032498263687007076,0.038374101611103266
3,AZ0071100,"Gilbert, AZ",rape,-0.03844243170372693,-0.05376856182976025,0.03836639579175021
4,AZ0071100,"Gilbert, AZ",rape,9.843442890189009e-4,-0.004046563016378581,0.038332301790238756
5,AZ0071100,"Gilbert, AZ",rape,0.04975363918948855,0.07186675535223169,0.03836639579175022
6,AZ0071100,"Gilbert, AZ",rape,0.0540459096652648,0.07681471235002663,0.038374101611103266
7,AZ0071100,"Gilbert, AZ",rape,0.04279756554542923,0.03651728418064127,0.0382812117998658
8,AZ0071100,"Gilbert, AZ",rape,0.06016748517053278,0.03371157082939389,0.038374101611103266
9,AZ0071100,"Gilbert, AZ",rape,0.06286767594923165,0.04165948240085959,0.03836639579175022
10,AZ0071100,"Gilbert, AZ",rape,8.947043801548035e-5,-0.00927582355490889,0.038332301790238756
11,AZ0071100,"Gilbert, AZ",rape,-0.07310506870795891,-0.07308006249461851,0.03836639579175021
12,AZ0071100,"Gilbert, AZ",rape,-0.07847115391076953,-0.064705632921126,0.038374101611103266
1,AZ0071500,"Goodyear, AZ",rape,-0.04387138027246358,-0.03246358150263408,0.04024939165271223
2,AZ0071500,"Goodyear, AZ",rape,-0.036816055652062446,-0.03133714774323741,0.04025260889108973
3,AZ0071500,"Goodyear, AZ",rape,-0.03844243170372693,-0.04699832258120308,0.040255341480129395
4,AZ0071500,"Goodyear, AZ",rape,9.843442890189009e-4,-0.009687700769754415,0.04026674392419478
5,AZ0071500,"Goodyear, AZ",rape,0.04975363918948855,0.04352950745302291,0.0402553414801294
6,AZ0071500,"Goodyear, AZ",rape,0.0540459096652648,0.03972778911096448,0.04025260889108973
7,AZ0071500,"Goodyear, AZ",rape,0.04279756554542923,0.018867268032979303,0.04024939165271222
8,AZ0071500,"Goodyear, AZ",rape,0.06016748517053278,0.05018010513274851,0.04025260889108973
9,AZ0071500,"Goodyear, AZ",rape,0.06286767594923165,0.07943759344036899,0.0402553414801294
10,AZ0071500,"Goodyear, AZ",rape,8.947043801548035e-5,0.02328401423940923,0.04026674392419478
11,AZ0071500,"Goodyear, AZ",rape,-0.07310506870795891,-0.06237246484253404,0.040255341480129395
12,AZ0071500,"Goodyear, AZ",rape,-0.07847115391076953,-0.07216705997013043,0.04025260889108973
1,AZ0072300,"Phoenix, AZ",rape,-0.04387138027246358,-0.058956535183718725,0.0286129391504609
2,AZ0072300,"Phoenix, AZ",rape,-0.036816055652062446,-0.04935724356016917,0.028712791460475458
3,AZ0072300,"Phoenix, AZ",rape,-0.03844243170372693,-0.01977851270856814,0.02866509141121923
4,AZ0072300,"Phoenix, AZ",rape,9.843442890189009e-4,0.01805380474952253,0.028744400089933606
5,AZ0072300,"Phoenix, AZ",rape,0.04975363918948855,0.016251228337803705,0.028665091411219232
6,AZ0072300,"Phoenix, AZ",rape,0.0540459096652648,-0.008357330388283476,0.028712791460475458
7,AZ0072300,"Phoenix, AZ",rape,0.04279756554542923,0.016616499365803578,0.028612939150460898
8,AZ0072300,"Phoenix, AZ",rape,0.06016748517053278,0.08363261613041925,0.028712791460475458
9,AZ0072300,"Phoenix, AZ",rape,0.06286767594923165,0.09639392109673339,0.028665091411219236
10,AZ0072300,"Phoenix, AZ",rape,8.947043801548035e-5,0.024286231068392648,0.028744400089933606
11,AZ0072300,"Phoenix, AZ",rape,-0.07310506870795891,-0.050526600908053824,0.02866509141121923
12,AZ0072300,"Phoenix, AZ",rape,-0.07847115391076953,-0.06825807799988177,0.028712791460475458
1,AZ0072500,"Scottsdale, AZ",rape,-0.04387138027246358,-0.06621928158792162,0.037185889342115905
2,AZ0072500,"Scottsdale, AZ",rape,-0.036816055652062446,-0.04574662675854265,0.0372221398431886
3,AZ0072500,"Scottsdale, AZ",rape,-0.03844243170372693,-0.024281514574313937,0.03721954735600862
4,AZ0072500,"Scottsdale, AZ",rape,9.843442890189009e-4,0.006277587581371017,0.03719796597283928
5,AZ0072500,"Scottsdale, AZ",rape,0.04975363918948855,0.03149091543118179,0.037219547356008624
6,AZ0072500,"Scottsdale, AZ",rape,0.0540459096652648,0.04221629152276692,0.0372221398431886
7,AZ0072500,"Scottsdale, AZ",rape,0.04279756554542923,0.05676035165174037,0.0371858893421159
8,AZ0072500,"Scottsdale, AZ",rape,0.06016748517053278,0.07707452191762709,0.037222139843188604
9,AZ0072500,"Scottsdale, AZ",rape,0.06286767594923165,0.06506833966957966,0.037219547356008624
10,AZ0072500,"Scottsdale, AZ",rape,8.947043801548035e-5,0.0031813423548102595,0.03719796597283928
11,AZ0072500,"Scottsdale, AZ",rape,-0.07310506870795891,-0.06281881059026626,0.03721954735600862
12,AZ0072500,"Scottsdale, AZ",rape,-0.07847115391076953,-0.08300311661803263,0.0372221398431886
1,AZ0072900,"Tempe, AZ",rape,-0.04387138027246358,-0.07271843983310222,0.03620318201989174
2,AZ0072900,"Tempe, AZ",rape,-0.036816055652062446,-0.041791141219764724,0.03609105909256554
3,AZ0072900,"Tempe, AZ",rape,-0.03844243170372693,-0.007589078116720249,0.036107571424674495
4,AZ0072900,"Tempe, AZ",rape,9.843442890189009e-4,0.02065660433950034,0.036104637576694715
5,AZ0072900,"Tempe, AZ",rape,0.04975363918948855,0.038535716090702346,0.0361075714246745
6,AZ0072900,"Tempe, AZ",rape,0.0540459096652648,0.037864417355539366,0.03609105909256554
7,AZ0072900,"Tempe, AZ",rape,0.04279756554542923,0.028419152647147016,0.036203182019891735
8,AZ0072900,"Tempe, AZ",rape,0.06016748517053278,0.03233858372226529,0.03609105909256554
9,AZ0072900,"Tempe, AZ",rape,0.06286767594923165,0.042435807805176036,0.0361075714246745
10,AZ0072900,"Tempe, AZ",rape,8.947043801548035e-5,0.023642682846454887,0.036104637576694715
11,AZ0072900,"Tempe, AZ",rape,-0.07310506870795891,-0.02908315859320293,0.036107571424674495
12,AZ0072900,"Tempe, AZ",rape,-0.07847115391076953,-0.07271114704399514,0.03609105909256554
1,AZ0100000,"Pima, AZ",rape,-0.04387138027246358,-0.035581254130233164,0.03839377801749525
2,AZ0100000,"Pima, AZ",rape,-0.036816055652062446,-0.042957111203763915,0.03840731410459041
3,AZ0100000,"Pima, AZ",rape,-0.03844243170372693,-0.053053848511303625,0.0384193569306494
4,AZ0100000,"Pima, AZ",rape,9.843442890189009e-4,0.004699735064083508,0.03839732163559122
5,AZ0100000,"Pima, AZ",rape,0.04975363918948855,0.06870539119293403,0.0384193569306494
6,AZ0100000,"Pima, AZ",rape,0.0540459096652648,0.058094510813232934,0.03840731410459041
7,AZ0100000,"Pima, AZ",rape,0.04279756554542923,0.028553333725846033,0.038393778017495245
8,AZ0100000,"Pima, AZ",rape,0.06016748517053278,0.05428813706984961,0.03840731410459041
9,AZ0100000,"Pima, AZ",rape,0.06286767594923165,0.07141279478177649,0.038419356930649406
10,AZ0100000,"Pima, AZ",rape,8.947043801548035e-5,0.002328185340303675,0.03839732163559122
11,AZ0100000,"Pima, AZ",rape,-0.07310506870795891,-0.08003641705901975,0.0384193569306494
12,AZ0100000,"Pima, AZ",rape,-0.07847115391076953,-0.07645345708370584,0.03840731410459041
1,AZ0100300,"Tucson, AZ",rape,-0.04387138027246358,-0.04048352400460959,0.0319296377746113
2,AZ0100300,"Tucson, AZ",rape,-0.036816055652062446,-0.03171399918754073,0.03205129472764416
3,AZ0100300,"Tucson, AZ",rape,-0.03844243170372693,-0.028306825174705546,0.031990494990517655
4,AZ0100300,"Tucson, AZ",rape,9.843442890189009e-4,0.025188882254177102,0.03206815040798356
5,AZ0100300,"Tucson, AZ",rape,0.04975363918948855,0.07446047728153468,0.03199049499051766
6,AZ0100300,"Tucson, AZ",rape,0.0540459096652648,0.05385015490234584,0.03205129472764416
7,AZ0100300,"Tucson, AZ",rape,0.04279756554542923,0.020193811585903273,0.0319296377746113
8,AZ0100300,"Tucson, AZ",rape,0.06016748517053278,0.04239170843240708,0.03205129472764416
9,AZ0100300,"Tucson, AZ",rape,0.06286767594923165,0.059274246838278255,0.03199049499051766
10,AZ0100300,"Tucson, AZ",rape,8.947043801548035e-5,-0.004899169835470738,0.03206815040798356
11,AZ0100300,"Tucson, AZ",rape,-0.07310506870795891,-0.08513818652640105,0.031990494990517655
12,AZ0100300,"Tucson, AZ",rape,-0.07847115391076953,-0.0848175765659186,0.03205129472764416
1,AZ0100900,"Marana, AZ",rape,-0.04387138027246358,-0.03847729660269027,0.0411559142939595
2,AZ0100900,"Marana, AZ",rape,-0.036816055652062446,-0.0291875579341733,0.04115757109626748
3,AZ0100900,"Marana, AZ",rape,-0.03844243170372693,-0.03654251168244827,0.04115971086325527
4,AZ0100900,"Marana, AZ",rape,9.843442890189009e-4,0.0011976006493500584,0.04115290051881707
5,AZ0100900,"Marana, AZ",rape,0.04975363918948855,0.05149384819712621,0.04115971086325527
6,AZ0100900,"Marana, AZ",rape,0.0540459096652648,0.05229825948243868,0.04115757109626748
7,AZ0100900,"Marana, AZ",rape,0.04279756554542923,0.03741023504499978,0.04115591429395949
8,AZ0100900,"Marana, AZ",rape,0.06016748517053278,0.05978071321293175,0.04115757109626748
9,AZ0100900,"Marana, AZ",rape,0.06286767594923165,0.06820272851889725,0.041159710863255275
10,AZ0100900,"Marana, AZ",rape,8.947043801548035e-5,-1.3053909165953333e-4,0.04115290051881707
11,AZ0100900,"Marana, AZ",rape,-0.07310506870795891,-0.08208700347588468,0.04115971086325527
12,AZ0100900,"Marana, AZ",rape,-0.07847115391076953,-0.08395847631888767,0.04115757109626748
1,AZ0110000,"Pinal, AZ",rape,-0.04387138027246358,-0.05393301344562465,0.04073745070868766
2,AZ0110000,"Pinal, AZ",rape,-0.036816055652062446,-0.03592939807046284,0.04074385842294715
3,AZ0110000,"Pinal, AZ",rape,-0.03844243170372693,-0.028961711210046166,0.04074198665113041
4,AZ0110000,"Pinal, AZ",rape,9.843442890189009e-4,0.004608622913058819,0.04074025147513415
5,AZ0110000,"Pinal, AZ",rape,0.04975363918948855,0.045158271541214615,0.04074198665113041
6,AZ0110000,"Pinal, AZ",rape,0.0540459096652648,0.05167284475540077,0.04074385842294715
7,AZ0110000,"Pinal, AZ",rape,0.04279756554542923,0.045483947182988704,0.04073745070868765
8,AZ0110000,"Pinal, AZ",rape,0.06016748517053278,0.06149160613666833,0.04074385842294715
9,AZ0110000,"Pinal, AZ",rape,0.06286767594923165,0.06297298553888764,0.040741986651130414
10,AZ0110000,"Pinal, AZ",rape,8.947043801548035e-5,0.0038404433495771518,0.04074025147513415
11,AZ0110000,"Pinal, AZ",rape,-0.07310506870795891,-0.07072047960742012,0.04074198665113041
12,AZ0110000,"Pinal, AZ",rape,-0.07847115391076953,-0.08568411908424224,0.04074385842294715
1,AZ0110100,"Casa Grande, AZ",rape,-0.04387138027246358,-0.0477848479935953,0.03976751714562289
2,AZ0110100,"Casa Grande, AZ",rape,-0.036816055652062446,-0.04373797746071593,0.03982560420054486
3,AZ0110100,"Casa Grande, AZ",rape,-0.03844243170372693,-0.04773833440262128,0.03980470045358429
4,AZ0110100,"Casa Grande, AZ",rape,9.843442890189009e-4,-0.005494563787966793,0.039798028490547956
5,AZ0110100,"Casa Grande, AZ",rape,0.04975363918948855,0.05609567566958835,0.03980470045358429
6,AZ0110100,"Casa Grande, AZ",rape,0.0540459096652648,0.07033631450102333,0.03982560420054486
7,AZ0110100,"Casa Grande, AZ",rape,0.04279756554542923,0.050882637824769206,0.039767517145622884
8,AZ0110100,"Casa Grande, AZ",rape,0.06016748517053278,0.052006387366979226,0.039825604200544866
9,AZ0110100,"Casa Grande, AZ",rape,0.06286767594923165,0.0529089544777107,0.039804700453584294
10,AZ0110100,"Casa Grande, AZ",rape,8.947043801548035e-5,0.002396773956792919,0.039798028490547956
11,AZ0110100,"Casa Grande, AZ",rape,-0.07310506870795891,-0.06436408557585166,0.03980470045358429
12,AZ0110100,"Casa Grande, AZ",rape,-0.07847115391076953,-0.07550693457611275,0.03982560420054486
1,AZ0111700,"Maricopa, AZ",rape,-0.04387138027246358,-0.050109817897231214,0.040901878763608186
2,AZ0111700,"Maricopa, AZ",rape,-0.036816055652062446,-0.03758218244362828,0.04089914693854601
3,AZ0111700,"Maricopa, AZ",rape,-0.03844243170372693,-0.03656318593474242,0.04089856098932604
4,AZ0111700,"Maricopa, AZ",rape,9.843442890189009e-4,-0.0021717978353116207,0.0408956364695709
5,AZ0111700,"Maricopa, AZ",rape,0.04975363918948855,0.045525468520426604,0.040898560989326045
6,AZ0111700,"Maricopa, AZ",rape,0.0540459096652648,0.059020891141928405,0.04089914693854601
7,AZ0111700,"Maricopa, AZ",rape,0.04279756554542923,0.05440455870272968,0.04090187876360818
8,AZ0111700,"Maricopa, AZ",rape,0.06016748517053278,0.066068707503776955,0.04089914693854601
9,AZ0111700,"Maricopa, AZ",rape,0.06286767594923165,0.060754970189392674,0.040898560989326045
10,AZ0111700,"Maricopa, AZ",rape,8.947043801548035e-5,-0.0021229429701868138,0.0408956364695709
11,AZ0111700,"Maricopa, AZ",rape,-0.07310506870795891,-0.07401199358057531,0.040898560989326045
12,AZ0111700,"Maricopa, AZ",rape,-0.07847115391076953,-0.08321267539657866,0.04089914693854601
1,AZ0130000,"Yavapai, AZ",rape,-0.04387138027246358,-0.03322786571681404,0.040634976190841644
2,AZ0130000,"Yavapai, AZ",rape,-0.036816055652062446,-0.02714907136589072,0.04066370195257941
3,AZ0130000,"Yavapai, AZ",rape,-0.03844243170372693,-0.04883273331257084,0.04064355773330767
4,AZ0130000,"Yavapai, AZ",rape,9.843442890189009e-4,-0.010933268999975886,0.040663123540790866
5,AZ0130000,"Yavapai, AZ",rape,0.04975363918948855,0.05856148575362674,0.040643557733307675
6,AZ0130000,"Yavapai, AZ",rape,0.0540459096652648,0.06896069049401239,0.04066370195257941
7,AZ0130000,"Yavapai, AZ",rape,0.04279756554542923,0.04168188987472105,0.04063497619084164
8,AZ0130000,"Yavapai, AZ",rape,0.06016748517053278,0.0530098059259781,0.04066370195257941
9,AZ0130000,"Yavapai, AZ",rape,0.06286767594923165,0.06623944371475125,0.040643557733307675
10,AZ0130000,"Yavapai, AZ",rape,8.947043801548035e-5,0.0024792448420689196,0.040663123540790866
11,AZ0130000,"Yavapai, AZ",rape,-0.07310506870795891,-0.08442222031371414,0.04064355773330767
12,AZ0130000,"Yavapai, AZ",rape,-0.07847115391076953,-0.08636740089619284,0.04066370195257941
1,AZ0131100,"Prescott Valley, AZ",rape,-0.04387138027246358,-0.022517845157897544,0.040536642238770876
2,AZ0131100,"Prescott Valley, AZ",rape,-0.036816055652062446,-0.03132346671284417,0.04055590424475569
3,AZ0131100,"Prescott Valley, AZ",rape,-0.03844243170372693,-0.04639457136263462,0.040562566246766026
4,AZ0131100,"Prescott Valley, AZ",rape,9.843442890189009e-4,-0.007234012494854257,0.04055009690283806
5,AZ0131100,"Prescott Valley, AZ",rape,0.04975363918948855,0.03627370556637986,0.04056256624676603
6,AZ0131100,"Prescott Valley, AZ",rape,0.0540459096652648,0.03159338774201771,0.04055590424475569
7,AZ0131100,"Prescott Valley, AZ",rape,0.04279756554542923,0.03162035493103457,0.04053664223877087
8,AZ0131100,"Prescott Valley, AZ",rape,0.06016748517053278,0.0738929686417684,0.04055590424475569
9,AZ0131100,"Prescott Valley, AZ",rape,0.06286767594923165,0.07986156351842189,0.04056256624676604
10,AZ0131100,"Prescott Valley, AZ",rape,8.947043801548035e-5,-0.0018684972782827315,0.04055009690283806
11,AZ0131100,"Prescott Valley, AZ",rape,-0.07310506870795891,-0.07884320749530413,0.040562566246766026
12,AZ0131100,"Prescott Valley, AZ",rape,-0.07847115391076953,-0.065060379897805,0.04055590424475569
1,AZ0140500,"Yuma, AZ",rape,-0.04387138027246358,-0.038960499911727765,0.03969679590406908
2,AZ0140500,"Yuma, AZ",rape,-0.036816055652062446,-0.04119505413912646,0.039692642396687426
3,AZ0140500,"Yuma, AZ",rape,-0.03844243170372693,-0.04729106653050199,0.03969388271019427
4,AZ0140500,"Yuma, AZ",rape,9.843442890189009e-4,0.006228014819030945,0.039691692320621336
5,AZ0140500,"Yuma, AZ",rape,0.04975363918948855,0.0638675178006094,0.03969388271019428
6,AZ0140500,"Yuma, AZ",rape,0.0540459096652648,0.05125435518037362,0.039692642396687426
7,AZ0140500,"Yuma, AZ",rape,0.04279756554542923,0.022032917657476392,0.03969679590406908
8,AZ0140500,"Yuma, AZ",rape,0.06016748517053278,0.04915761990537579,0.039692642396687426
9,AZ0140500,"Yuma, AZ",rape,0.06286767594923165,0.07218121455100272,0.03969388271019428
10,AZ0140500,"Yuma, AZ",rape,8.947043801548035e-5,0.010699567435220485,0.039691692320621336
11,AZ0140500,"Yuma, AZ",rape,-0.07310506870795891,-0.07183008356685874,0.03969388271019427
12,AZ0140500,"Yuma, AZ",rape,-0.07847115391076953,-0.07614450320087439,0.03969264239668742
1,CA0010000,"Alameda, CA",rape,-0.04387138027246358,-0.05467094558614809,0.03990808982906756
2,CA0010000,"Alameda, CA",rape,-0.036816055652062446,-0.050739372702348885,0.03994002685552671
3,CA0010000,"Alameda, CA",rape,-0.03844243170372693,-0.03592698630553917,0.03993776593637016
4,CA0010000,"Alameda, CA",rape,9.843442890189009e-4,0.005927990953861694,0.03997575568532695
5,CA0010000,"Alameda, CA",rape,0.04975363918948855,0.03499475204285819,0.03993776593637016
6,CA0010000,"Alameda, CA",rape,0.0540459096652648,0.031069356305620764,0.03994002685552671
7,CA0010000,"Alameda, CA",rape,0.04279756554542923,0.03773398624565447,0.03990808982906756
8,CA0010000,"Alameda, CA",rape,0.06016748517053278,0.07181774252960443,0.03994002685552671
9,CA0010000,"Alameda, CA",rape,0.06286767594923165,0.07394231547328836,0.03993776593637016
10,CA0010000,"Alameda, CA",rape,8.947043801548035e-5,0.01100896838663195,0.03997575568532695
11,CA0010000,"Alameda, CA",rape,-0.07310506870795891,-0.056073121870113776,0.03993776593637016
12,CA0010000,"Alameda, CA",rape,-0.07847115391076953,-0.06908468547336996,0.03994002685552671
1,CA0010100,"Alameda, CA",rape,-0.04387138027246358,-0.03803502460511296,0.040548038054588974
2,CA0010100,"Alameda, CA",rape,-0.036816055652062446,-0.04582173111580361,0.04057874034306368
3,CA0010100,"Alameda, CA",rape,-0.03844243170372693,-0.04246881795917675,0.040550318558341854
4,CA0010100,"Alameda, CA",rape,9.843442890189009e-4,5.261978990196124e-4,0.040582871085946666
5,CA0010100,"Alameda, CA",rape,0.04975363918948855,0.04173962993887105,0.04055031855834186
6,CA0010100,"Alameda, CA",rape,0.0540459096652648,0.048488025237594864,0.04057874034306368
7,CA0010100,"Alameda, CA",rape,0.04279756554542923,0.051645229164041136,0.04054803805458897
8,CA0010100,"Alameda, CA",rape,0.06016748517053278,0.06702393794689736,0.04057874034306368
9,CA0010100,"Alameda, CA",rape,0.06286767594923165,0.05006082023134236,0.04055031855834186
10,CA0010100,"Alameda, CA",rape,8.947043801548035e-5,-0.014136402457947764,0.040582871085946666
11,CA0010100,"Alameda, CA",rape,-0.07310506870795891,-0.06294183676996482,0.040550318558341854
12,CA0010100,"Alameda, CA",rape,-0.07847115391076953,-0.05608002750976047,0.04057874034306368
1,CA0010300,"Berkeley, CA",rape,-0.04387138027246358,-0.0609521381278786,0.03832208422590263
2,CA0010300,"Berkeley, CA",rape,-0.036816055652062446,-0.04458851263944564,0.03837316135832252
3,CA0010300,"Berkeley, CA",rape,-0.03844243170372693,-0.03915123878340305,0.038380973753351116
4,CA0010300,"Berkeley, CA",rape,9.843442890189009e-4,-0.007280635885617798,0.03840009834912646
5,CA0010300,"Berkeley, CA",rape,0.04975363918948855,0.03232028280285988,0.03838097375335112
6,CA0010300,"Berkeley, CA",rape,0.0540459096652648,0.04080520612827963,0.03837316135832252
7,CA0010300,"Berkeley, CA",rape,0.04279756554542923,0.043158248981129466,0.03832208422590262
8,CA0010300,"Berkeley, CA",rape,0.06016748517053278,0.07349720786070911,0.03837316135832252
9,CA0010300,"Berkeley, CA",rape,0.06286767594923165,0.08585382315141568,0.03838097375335112
10,CA0010300,"Berkeley, CA",rape,8.947043801548035e-5,0.025074525032366957,0.03840009834912646
11,CA0010300,"Berkeley, CA",rape,-0.07310506870795891,-0.06122897802412338,0.038380973753351116
12,CA0010300,"Berkeley, CA",rape,-0.07847115391076953,-0.08750779049629226,0.03837316135832252
1,CA0010600,"Hayward, CA",rape,-0.04387138027246358,-0.011897901232305361,0.0383729657885885
2,CA0010600,"Hayward, CA",rape,-0.036816055652062446,-0.022591531379022433,0.038368033093412565
3,CA0010600,"Hayward, CA",rape,-0.03844243170372693,-0.058316060648570166,0.03839341855635035
4,CA0010600,"Hayward, CA",rape,9.843442890189009e-4,-0.009705659021986874,0.038325464616182935
5,CA0010600,"Hayward, CA",rape,0.04975363918948855,0.07017362212956194,0.03839341855635035
6,CA0010600,"Hayward, CA",rape,0.0540459096652648,0.06449145603377227,0.038368033093412565
7,CA0010600,"Hayward, CA",rape,0.04279756554542923,0.017227333702450106,0.038372965788588495
8,CA0010600,"Hayward, CA",rape,0.06016748517053278,0.034521668769180426,0.038368033093412565
9,CA0010600,"Hayward, CA",rape,0.06286767594923165,0.06491676556858345,0.03839341855635036
10,CA0010600,"Hayward, CA",rape,8.947043801548035e-5,0.004376226551842183,0.038325464616182935
11,CA0010600,"Hayward, CA",rape,-0.07310506870795891,-0.08210375951971995,0.03839341855635035
12,CA0010600,"Hayward, CA",rape,-0.07847115391076953,-0.0710921609537856,0.038368033093412565
1,CA0011100,"Pleasanton, CA",rape,-0.04387138027246358,-0.04194615020005859,0.04081961101009982
2,CA0011100,"Pleasanton, CA",rape,-0.036816055652062446,-0.04194465862265466,0.04082810083927184
3,CA0011100,"Pleasanton, CA",rape,-0.03844243170372693,-0.047930927036946715,0.040825938553344
4,CA0011100,"Pleasanton, CA",rape,9.843442890189009e-4,-0.004024608045805784,0.04082834568520033
5,CA0011100,"Pleasanton, CA",rape,0.04975363918948855,0.04910516381007077,0.040825938553344
6,CA0011100,"Pleasanton, CA",rape,0.0540459096652648,0.05317728712072574,0.04082810083927184
7,CA0011100,"Pleasanton, CA",rape,0.04279756554542923,0.04508684656541224,0.040819611010099816
8,CA0011100,"Pleasanton, CA",rape,0.06016748517053278,0.06989711644917103,0.04082810083927184
9,CA0011100,"Pleasanton, CA",rape,0.06286767594923165,0.07274268849810947,0.040825938553344
10,CA0011100,"Pleasanton, CA",rape,8.947043801548035e-5,8.839116804521759e-4,0.04082834568520033
11,CA0011100,"Pleasanton, CA",rape,-0.07310506870795891,-0.07705762163658716,0.040825938553344
12,CA0011100,"Pleasanton, CA",rape,-0.07847115391076953,-0.07798904858188851,0.04082810083927184
1,CA0070100,"Antioch, CA",rape,-0.04387138027246358,-0.0616403511454194,0.03938467656366294
2,CA0070100,"Antioch, CA",rape,-0.036816055652062446,-0.04573749317527904,0.03935369982606618
3,CA0070100,"Antioch, CA",rape,-0.03844243170372693,-0.03692902930810907,0.03945197567503177
4,CA0070100,"Antioch, CA",rape,9.843442890189009e-4,-0.013917770540543472,0.0393630875316321
5,CA0070100,"Antioch, CA",rape,0.04975363918948855,0.028841066561243023,0.039451975675031774
6,CA0070100,"Antioch, CA",rape,0.0540459096652648,0.05843778478943114,0.03935369982606618
7,CA0070100,"Antioch, CA",rape,0.04279756554542923,0.058562731264417967,0.03938467656366294
8,CA0070100,"Antioch, CA",rape,0.06016748517053278,0.05176141507587399,0.03935369982606618
9,CA0070100,"Antioch, CA",rape,0.06286767594923165,0.04603057108970547,0.039451975675031774
10,CA0070100,"Antioch, CA",rape,8.947043801548035e-5,0.01699539042154493,0.0393630875316321
11,CA0070100,"Antioch, CA",rape,-0.07310506870795891,-0.034864988461838,0.03945197567503177
12,CA0070100,"Antioch, CA",rape,-0.07847115391076953,-0.06753932657102753,0.03935369982606617
1,CA0070200,"Brentwood, CA",rape,-0.04387138027246358,-0.0336457192501491,0.0404971303041331
2,CA0070200,"Brentwood, CA",rape,-0.036816055652062446,-0.03978549333959026,0.04047976097728411
3,CA0070200,"Brentwood, CA",rape,-0.03844243170372693,-0.05508505599331032,0.040502486524945085
4,CA0070200,"Brentwood, CA",rape,9.843442890189009e-4,-0.005792987662815059,0.0404810606150449
5,CA0070200,"Brentwood, CA",rape,0.04975363918948855,0.05880049179034669,0.04050248652494509
6,CA0070200,"Brentwood, CA",rape,0.0540459096652648,0.05959796020248952,0.04047976097728411
7,CA0070200,"Brentwood, CA",rape,0.04279756554542923,0.038539281134167415,0.04049713030413309
8,CA0070200,"Brentwood, CA",rape,0.06016748517053278,0.061265594178756023,0.04047976097728411
9,CA0070200,"Brentwood, CA",rape,0.06286767594923165,0.0716715949484578,0.04050248652494509
10,CA0070200,"Brentwood, CA",rape,8.947043801548035e-5,8.994257787967832e-4,0.0404810606150449
11,CA0070200,"Brentwood, CA",rape,-0.07310506870795891,-0.08028059262951248,0.040502486524945085
12,CA0070200,"Brentwood, CA",rape,-0.07847115391076953,-0.07618449915763705,0.04047976097728411
1,CA0070400,"Concord, CA",rape,-0.04387138027246358,-0.02047351605063745,0.03943179925110929
2,CA0070400,"Concord, CA",rape,-0.036816055652062446,-0.02525569098813522,0.0393926619402999
3,CA0070400,"Concord, CA",rape,-0.03844243170372693,-0.037391963107013156,0.03941006595531715
4,CA0070400,"Concord, CA",rape,9.843442890189009e-4,0.010848767068569133,0.03934063114743541
5,CA0070400,"Concord, CA",rape,0.04975363918948855,0.056415543717859735,0.03941006595531715
6,CA0070400,"Concord, CA",rape,0.0540459096652648,0.032929344447902534,0.0393926619402999
7,CA0070400,"Concord, CA",rape,0.04279756554542923,0.010696542851612072,0.03943179925110929
8,CA0070400,"Concord, CA",rape,0.06016748517053278,0.05342246211324807,0.0393926619402999
9,CA0070400,"Concord, CA",rape,0.06286767594923165,0.07533570743115142,0.03941006595531716
10,CA0070400,"Concord, CA",rape,8.947043801548035e-5,-0.0010717938695437104,0.03934063114743541
11,CA0070400,"Concord, CA",rape,-0.07310506870795891,-0.0845823148429726,0.03941006595531715
12,CA0070400,"Concord, CA",rape,-0.07847115391076953,-0.07087308877204085,0.0393926619402999
1,CA0071000,"Richmond, CA",rape,-0.04387138027246358,-0.04492414577019423,0.03857074299144588
2,CA0071000,"Richmond, CA",rape,-0.036816055652062446,-0.007665714809458471,0.03865659281251091
3,CA0071000,"Richmond, CA",rape,-0.03844243170372693,-0.016929160641402853,0.03856362969025548
4,CA0071000,"Richmond, CA",rape,9.843442890189009e-4,-0.007968806157981043,0.038616738460510565
5,CA0071000,"Richmond, CA",rape,0.04975363918948855,0.034341802886018374,0.03856362969025549
6,CA0071000,"Richmond, CA",rape,0.0540459096652648,0.04889862983826763,0.03865659281251091
7,CA0071000,"Richmond, CA",rape,0.04279756554542923,0.03163469017898642,0.03857074299144588
8,CA0071000,"Richmond, CA",rape,0.06016748517053278,0.041807064074625214,0.03865659281251091
9,CA0071000,"Richmond, CA",rape,0.06286767594923165,0.06435996549777744,0.03856362969025549
10,CA0071000,"Richmond, CA",rape,8.947043801548035e-5,0.02125826174918889,0.038616738460510565
11,CA0071000,"Richmond, CA",rape,-0.07310506870795891,-0.06848315215118513,0.03856362969025549
12,CA0071000,"Richmond, CA",rape,-0.07847115391076953,-0.09632943469464222,0.03865659281251091
1,CA0071200,"Walnut Creek, CA",rape,-0.04387138027246358,-0.06052031126923149,0.04098875921598909
2,CA0071200,"Walnut Creek, CA",rape,-0.036816055652062446,-0.04965853738632449,0.04097732018292932
3,CA0071200,"Walnut Creek, CA",rape,-0.03844243170372693,-0.03921760077601743,0.04095159560534345
4,CA0071200,"Walnut Creek, CA",rape,9.843442890189009e-4,0.010404031243003533,0.04095410968238363
5,CA0071200,"Walnut Creek, CA",rape,0.04975363918948855,0.05963125182236457,0.040951595605343456
6,CA0071200,"Walnut Creek, CA",rape,0.0540459096652648,0.05933777639019031,0.04097732018292932
7,CA0071200,"Walnut Creek, CA",rape,0.04279756554542923,0.04721473400593826,0.04098875921598908
8,CA0071200,"Walnut Creek, CA",rape,0.06016748517053278,0.06731655394866586,0.04097732018292932
9,CA0071200,"Walnut Creek, CA",rape,0.06286767594923165,0.07018119460165206,0.040951595605343456
10,CA0071200,"Walnut Creek, CA",rape,8.947043801548035e-5,0.002901546020289733,0.04095410968238363
11,CA0071200,"Walnut Creek, CA",rape,-0.07310506870795891,-0.07728926838470596,0.04095159560534345
12,CA0071200,"Walnut Creek, CA",rape,-0.07847115391076953,-0.09030137021582496,0.04097732018292932
1,CA0090000,"El Dorado, CA",rape,-0.04387138027246358,-0.057064560334404435,0.03867826124862748
2,CA0090000,"El Dorado, CA",rape,-0.036816055652062446,-0.03072902224689593,0.038658129697179404
3,CA0090000,"El Dorado, CA",rape,-0.03844243170372693,-0.025159493278400533,0.03871466740277513
4,CA0090000,"El Dorado, CA",rape,9.843442890189009e-4,-0.013435022578534248,0.03866608134454411
5,CA0090000,"El Dorado, CA",rape,0.04975363918948855,0.019996330022118636,0.03871466740277513
6,CA0090000,"El Dorado, CA",rape,0.0540459096652648,0.050152762152359844,0.038658129697179404
7,CA0090000,"El Dorado, CA",rape,0.04279756554542923,0.06115322691485235,0.03867826124862747
8,CA0090000,"El Dorado, CA",rape,0.06016748517053278,0.06457750126404423,0.038658129697179404
9,CA0090000,"El Dorado, CA",rape,0.06286767594923165,0.05491930571510094,0.03871466740277513
10,CA0090000,"El Dorado, CA",rape,8.947043801548035e-5,0.009346355998086354,0.03866608134454411
11,CA0090000,"El Dorado, CA",rape,-0.07310506870795891,-0.05384480903926696,0.03871466740277513
12,CA0090000,"El Dorado, CA",rape,-0.07847115391076953,-0.07991257458906023,0.038658129697179404
1,CA0100100,"Clovis, CA",rape,-0.04387138027246358,-0.028574499786001156,0.03955215979517168
2,CA0100100,"Clovis, CA",rape,-0.036816055652062446,-0.019386474376431484,0.0396279934337726
3,CA0100100,"Clovis, CA",rape,-0.03844243170372693,-0.03582113299478826,0.03962285133880052
4,CA0100100,"Clovis, CA",rape,9.843442890189009e-4,-0.014857616489057182,0.0395954422821715
5,CA0100100,"Clovis, CA",rape,0.04975363918948855,0.024898732447439623,0.03962285133880053
6,CA0100100,"Clovis, CA",rape,0.0540459096652648,0.03399145845498831,0.0396279934337726
7,CA0100100,"Clovis, CA",rape,0.04279756554542923,0.03897788640807002,0.039552159795171675
8,CA0100100,"Clovis, CA",rape,0.06016748517053278,0.07351777694264182,0.0396279934337726
9,CA0100100,"Clovis, CA",rape,0.06286767594923165,0.07954904893892978,0.03962285133880053
10,CA0100100,"Clovis, CA",rape,8.947043801548035e-5,0.00445422986698836,0.0395954422821715
11,CA0100100,"Clovis, CA",rape,-0.07310506870795891,-0.07903003501364998,0.03962285133880052
12,CA0100100,"Clovis, CA",rape,-0.07847115391076953,-0.07771937439912986,0.0396279934337726
1,CA0100500,"Fresno, CA",rape,-0.04387138027246358,-0.03336533519479036,0.03451188826585085
2,CA0100500,"Fresno, CA",rape,-0.036816055652062446,-0.020366656477403714,0.03455872160395018
3,CA0100500,"Fresno, CA",rape,-0.03844243170372693,-0.03012844417734611,0.03462228621316467
4,CA0100500,"Fresno, CA",rape,9.843442890189009e-4,0.016804415936639065,0.0345887666395398
5,CA0100500,"Fresno, CA",rape,0.04975363918948855,0.07174655860295774,0.03462228621316467
6,CA0100500,"Fresno, CA",rape,0.0540459096652648,0.059821346503592145,0.03455872160395018
7,CA0100500,"Fresno, CA",rape,0.04279756554542923,0.03603955722684481,0.034511888265850846
8,CA0100500,"Fresno, CA",rape,0.06016748517053278,0.06594960336503758,0.03455872160395018
9,CA0100500,"Fresno, CA",rape,0.06286767594923165,0.07303716903292559,0.03462228621316467
10,CA0100500,"Fresno, CA",rape,8.947043801548035e-5,-0.019478637968693466,0.0345887666395398
11,CA0100500,"Fresno, CA",rape,-0.07310506870795891,-0.11732950549059162,0.03462228621316467
12,CA0100500,"Fresno, CA",rape,-0.07847115391076953,-0.10273007135917167,0.03455872160395018
1,CA0150200,"Bakersfield, CA",rape,-0.04387138027246358,-0.04784781878075474,0.03648432676762261
2,CA0150200,"Bakersfield, CA",rape,-0.036816055652062446,-0.06425940107734131,0.03647397538095943
3,CA0150200,"Bakersfield, CA",rape,-0.03844243170372693,-0.05272765849698706,0.0364525959237459
4,CA0150200,"Bakersfield, CA",rape,9.843442890189009e-4,0.03255917238067979,0.0364835606557953
5,CA0150200,"Bakersfield, CA",rape,0.04975363918948855,0.08815337534744967,0.036452595923745904
6,CA0150200,"Bakersfield, CA",rape,0.0540459096652648,0.047766041149233385,0.03647397538095943
7,CA0150200,"Bakersfield, CA",rape,0.04279756554542923,0.013057455831526236,0.0364843267676226
8,CA0150200,"Bakersfield, CA",rape,0.06016748517053278,0.05745440091222451,0.03647397538095943
9,CA0150200,"Bakersfield, CA",rape,0.06286767594923165,0.0807130212810988,0.036452595923745904
10,CA0150200,"Bakersfield, CA",rape,8.947043801548035e-5,0.002231190568548779,0.0364835606557953
11,CA0150200,"Bakersfield, CA",rape,-0.07310506870795891,-0.0813483751823329,0.0364525959237459
12,CA0150200,"Bakersfield, CA",rape,-0.07847115391076953,-0.07575140393334517,0.03647397538095943
1,CA0190000,"Los Angeles, CA",rape,-0.04387138027246358,-0.06129758700641702,0.02952796128001307
2,CA0190000,"Los Angeles, CA",rape,-0.036816055652062446,-0.010205855368938775,0.029642953943693588
3,CA0190000,"Los Angeles, CA",rape,-0.03844243170372693,0.01196639471868519,0.029674365653829478
4,CA0190000,"Los Angeles, CA",rape,9.843442890189009e-4,0.007934631180710191,0.029544185656329918
5,CA0190000,"Los Angeles, CA",rape,0.04975363918948855,0.002654236402945331,0.02967436565382948
6,CA0190000,"Los Angeles, CA",rape,0.0540459096652648,0.015883330484226608,0.029642953943693588
7,CA0190000,"Los Angeles, CA",rape,0.04279756554542923,0.050978799223853885,0.029527961280013067
8,CA0190000,"Los Angeles, CA",rape,0.06016748517053278,0.0839705359973146,0.029642953943693588
9,CA0190000,"Los Angeles, CA",rape,0.06286767594923165,0.07211707369225381,0.029674365653829485
10,CA0190000,"Los Angeles, CA",rape,8.947043801548035e-5,0.0023841566018529647,0.029544185656329918
11,CA0190000,"Los Angeles, CA",rape,-0.07310506870795891,-0.07641891703132118,0.02967436565382948
12,CA0190000,"Los Angeles, CA",rape,-0.07847115391076953,-0.09996679889516559,0.029642953943693588
1,CA0190100,"Alhambra, CA",rape,-0.04387138027246358,-0.050419352198304734,0.04087901453640929
2,CA0190100,"Alhambra, CA",rape,-0.036816055652062446,-0.0575476714009493,0.04092289880493229
3,CA0190100,"Alhambra, CA",rape,-0.03844243170372693,-0.04787108371510303,0.04085405031048684
4,CA0190100,"Alhambra, CA",rape,9.843442890189009e-4,0.011338096034582792,0.0408930558422504
5,CA0190100,"Alhambra, CA",rape,0.04975363918948855,0.05776248242454665,0.04085405031048684
6,CA0190100,"Alhambra, CA",rape,0.0540459096652648,0.05237556811671477,0.04092289880493229
7,CA0190100,"Alhambra, CA",rape,0.04279756554542923,0.051434810847924374,0.04087901453640928
8,CA0190100,"Alhambra, CA",rape,0.06016748517053278,0.08140773260214082,0.04092289880493229
9,CA0190100,"Alhambra, CA",rape,0.06286767594923165,0.07071568626667495,0.04085405031048685
10,CA0190100,"Alhambra, CA",rape,8.947043801548035e-5,-0.012353554684202399,0.0408930558422504
11,CA0190100,"Alhambra, CA",rape,-0.07310506870795891,-0.0816225436257382,0.04085405031048684
12,CA0190100,"Alhambra, CA",rape,-0.07847115391076953,-0.07522017066828669,0.04092289880493229
1,CA0190200,"Arcadia, CA",rape,-0.04387138027246358,-0.04693032647793637,0.0409697034167654
2,CA0190200,"Arcadia, CA",rape,-0.036816055652062446,-0.045083166242688974,0.04097702540352871
3,CA0190200,"Arcadia, CA",rape,-0.03844243170372693,-0.041465967303720444,0.04096933292494079
4,CA0190200,"Arcadia, CA",rape,9.843442890189009e-4,0.006245460630697823,0.04098227903493297
5,CA0190200,"Arcadia, CA",rape,0.04975363918948855,0.05180866325838002,0.040969332924940795
6,CA0190200,"Arcadia, CA",rape,0.0540459096652648,0.0466917104983925,0.04097702540352871
7,CA0190200,"Arcadia, CA",rape,0.04279756554542923,0.036508619885530454,0.0409697034167654
8,CA0190200,"Arcadia, CA",rape,0.06016748517053278,0.0641258584218422,0.04097702540352871
9,CA0190200,"Arcadia, CA",rape,0.06286767594923165,0.07093036607527961,0.040969332924940795
10,CA0190200,"Arcadia, CA",rape,8.947043801548035e-5,0.004176245961708121,0.04098227903493297
11,CA0190200,"Arcadia, CA",rape,-0.07310506870795891,-0.07085135543753325,0.04096933292494079
12,CA0190200,"Arcadia, CA",rape,-0.07847115391076953,-0.07615610926995167,0.04097702540352871
1,CA0190600,"Baldwin Park, CA",rape,-0.04387138027246358,-0.04332860329616508,0.04051406934561156
2,CA0190600,"Baldwin Park, CA",rape,-0.036816055652062446,-0.03301487738024825,0.04051176919316611
3,CA0190600,"Baldwin Park, CA",rape,-0.03844243170372693,-0.027363689629932273,0.04051419132345366
4,CA0190600,"Baldwin Park, CA",rape,9.843442890189009e-4,3.648519373995593e-4,0.04052658007880257
5,CA0190600,"Baldwin Park, CA",rape,0.04975363918948855,0.032790180022340784,0.040514191323453665
6,CA0190600,"Baldwin Park, CA",rape,0.0540459096652648,0.04823071660510858,0.04051176919316611
7,CA0190600,"Baldwin Park, CA",rape,0.04279756554542923,0.06121420895505246,0.04051406934561155
8,CA0190600,"Baldwin Park, CA",rape,0.06016748517053278,0.07470839229395454,0.04051176919316611
9,CA0190600,"Baldwin Park, CA",rape,0.06286767594923165,0.051171598884751215,0.040514191323453665
10,CA0190600,"Baldwin Park, CA",rape,8.947043801548035e-5,-0.018250457596286913,0.04052658007880257
11,CA0190600,"Baldwin Park, CA",rape,-0.07310506870795891,-0.07448369493604709,0.04051419132345366
12,CA0190600,"Baldwin Park, CA",rape,-0.07847115391076953,-0.07203862585992751,0.040511769193166104
1,CA0191200,"Burbank, CA",rape,-0.04387138027246358,-0.052201537680716364,0.04061680765388447
2,CA0191200,"Burbank, CA",rape,-0.036816055652062446,-0.034432830533033414,0.040636272091651604
3,CA0191200,"Burbank, CA",rape,-0.03844243170372693,-0.03482212009030065,0.04062882276047572
4,CA0191200,"Burbank, CA",rape,9.843442890189009e-4,-0.007286443535821711,0.04064234203480658
5,CA0191200,"Burbank, CA",rape,0.04975363918948855,0.038643902919728385,0.040628822760475726
6,CA0191200,"Burbank, CA",rape,0.0540459096652648,0.05176994677041843,0.040636272091651604
7,CA0191200,"Burbank, CA",rape,0.04279756554542923,0.04166868168093968,0.040616807653884465
8,CA0191200,"Burbank, CA",rape,0.06016748517053278,0.05379399960995722,0.040636272091651604
9,CA0191200,"Burbank, CA",rape,0.06286767594923165,0.06471614516700117,0.04062882276047573
10,CA0191200,"Burbank, CA",rape,8.947043801548035e-5,0.017819299535598424,0.04064234203480658
11,CA0191200,"Burbank, CA",rape,-0.07310506870795891,-0.05800507199665221,0.04062882276047572
12,CA0191200,"Burbank, CA",rape,-0.07847115391076953,-0.08166397184711895,0.040636272091651604
1,CA0192200,"El Monte, CA",rape,-0.04387138027246358,-0.03378155171993294,0.03976718590489908
2,CA0192200,"El Monte, CA",rape,-0.036816055652062446,-0.044572949983891295,0.03974132686234315
3,CA0192200,"El Monte, CA",rape,-0.03844243170372693,-0.06299014406803012,0.03978101467711172
4,CA0192200,"El Monte, CA",rape,9.843442890189009e-4,-0.009066741397435739,0.03973739464323699
5,CA0192200,"El Monte, CA",rape,0.04975363918948855,0.05827406654461435,0.039781014677111724
6,CA0192200,"El Monte, CA",rape,0.0540459096652648,0.056985702959654105,0.03974132686234315
7,CA0192200,"El Monte, CA",rape,0.04279756554542923,0.04046894565099062,0.039767185904899076
8,CA0192200,"El Monte, CA",rape,0.06016748517053278,0.07470435202991464,0.03974132686234315
9,CA0192200,"El Monte, CA",rape,0.06286767594923165,0.08643415218299583,0.039781014677111724
10,CA0192200,"El Monte, CA",rape,8.947043801548035e-5,0.0023793474663781028,0.03973739464323699
11,CA0192200,"El Monte, CA",rape,-0.07310506870795891,-0.08840546859063773,0.03978101467711172
12,CA0192200,"El Monte, CA",rape,-0.07847115391076953,-0.08042971107461985,0.03974132686234315
1,CA0192400,"Gardena, CA",rape,-0.04387138027246358,-0.052656458728897446,0.04054690029972433
2,CA0192400,"Gardena, CA",rape,-0.036816055652062446,-0.041452741201310865,0.04055743598725732
3,CA0192400,"Gardena, CA",rape,-0.03844243170372693,-0.036892202281940976,0.040551604658082656
4,CA0192400,"Gardena, CA",rape,9.843442890189009e-4,0.0036130348877860523,0.04055108363491289
5,CA0192400,"Gardena, CA",rape,0.04975363918948855,0.05317246430029046,0.04055160465808266
6,CA0192400,"Gardena, CA",rape,0.0540459096652648,0.06054898213534415,0.04055743598725732
7,CA0192400,"Gardena, CA",rape,0.04279756554542923,0.04753132192879006,0.040546900299724326
8,CA0192400,"Gardena, CA",rape,0.06016748517053278,0.05744118021882732,0.04055743598725732
9,CA0192400,"Gardena, CA",rape,0.06286767594923165,0.05800577809956484,0.04055160465808266
10,CA0192400,"Gardena, CA",rape,8.947043801548035e-5,0.0015121019123213626,0.04055108363491289
11,CA0192400,"Gardena, CA",rape,-0.07310506870795891,-0.06916090331780693,0.040551604658082656
12,CA0192400,"Gardena, CA",rape,-0.07847115391076953,-0.08166255795296802,0.04055743598725732
1,CA0194100,"Long Beach, CA",rape,-0.04387138027246358,-7.76562996126298e-4,0.03353605859815681
2,CA0194100,"Long Beach, CA",rape,-0.036816055652062446,-0.01846138529528259,0.03359460157974494
3,CA0194100,"Long Beach, CA",rape,-0.03844243170372693,-0.042133552146653035,0.033487434085005055
4,CA0194100,"Long Beach, CA",rape,9.843442890189009e-4,-0.004622959048307912,0.03346506988631193
5,CA0194100,"Long Beach, CA",rape,0.04975363918948855,0.043324813196398845,0.033487434085005055
6,CA0194100,"Long Beach, CA",rape,0.0540459096652648,0.03495010035996643,0.03359460157974494
7,CA0194100,"Long Beach, CA",rape,0.04279756554542923,0.014927144489318853,0.03353605859815681
8,CA0194100,"Long Beach, CA",rape,0.06016748517053278,0.03735370551091003,0.03359460157974494
9,CA0194100,"Long Beach, CA",rape,0.06286767594923165,0.04687529086908795,0.03348743408500506
10,CA0194100,"Long Beach, CA",rape,8.947043801548035e-5,-0.009527622444884603,0.03346506988631193
11,CA0194100,"Long Beach, CA",rape,-0.07310506870795891,-0.062217133412026296,0.033487434085005055
12,CA0194100,"Long Beach, CA",rape,-0.07847115391076953,-0.03969183908240139,0.033594601579744934
1,CA0194200,"Los Angeles, CA",rape,-0.04387138027246358,-0.08045497222718474,0.02724958786333719
2,CA0194200,"Los Angeles, CA",rape,-0.036816055652062446,-0.03847016051083048,0.02723816530985781
3,CA0194200,"Los Angeles, CA",rape,-0.03844243170372693,-0.010611615501864855,0.02723584934262669
4,CA0194200,"Los Angeles, CA",rape,9.843442890189009e-4,0.02088006021853256,0.02728862619653524
5,CA0194200,"Los Angeles, CA",rape,0.04975363918948855,0.05602377547458894,0.027235849342626697
6,CA0194200,"Los Angeles, CA",rape,0.0540459096652648,0.056927976384404604,0.02723816530985781
7,CA0194200,"Los Angeles, CA",rape,0.04279756554542923,0.03008078548242182,0.027249587863337185
8,CA0194200,"Los Angeles, CA",rape,0.06016748517053278,0.0295889416934457,0.02723816530985781
9,CA0194200,"Los Angeles, CA",rape,0.06286767594923165,0.05210458342924302,0.027235849342626697
10,CA0194200,"Los Angeles, CA",rape,8.947043801548035e-5,0.029494126526230388,0.02728862619653524
11,CA0194200,"Los Angeles, CA",rape,-0.07310506870795891,-0.04714255665720418,0.027235849342626694
12,CA0194200,"Los Angeles, CA",rape,-0.07847115391076953,-0.09842094431178276,0.02723816530985781
1,CA0194800,"Monterey Park, CA",rape,-0.04387138027246358,-0.04750332947629809,0.04095657807870465
2,CA0194800,"Monterey Park, CA",rape,-0.036816055652062446,-0.0396633701636195,0.04096628010902958
3,CA0194800,"Monterey Park, CA",rape,-0.03844243170372693,-0.0410367367215405,0.04095756040690363
4,CA0194800,"Monterey Park, CA",rape,9.843442890189009e-4,-0.0011618607853795717,0.04096207571867929
5,CA0194800,"Monterey Park, CA",rape,0.04975363918948855,0.050940891777430324,0.04095756040690364
6,CA0194800,"Monterey Park, CA",rape,0.0540459096652648,0.059086175412289284,0.04096628010902958
7,CA0194800,"Monterey Park, CA",rape,0.04279756554542923,0.04735192991671074,0.04095657807870464
8,CA0194800,"Monterey Park, CA",rape,0.06016748517053278,0.06116220806191073,0.04096628010902958
9,CA0194800,"Monterey Park, CA",rape,0.06286767594923165,0.06268697417941911,0.04095756040690365
10,CA0194800,"Monterey Park, CA",rape,8.947043801548035e-5,0.0013132603449669499,0.04096207571867929
11,CA0194800,"Monterey Park, CA",rape,-0.07310506870795891,-0.07243972967572157,0.04095756040690363
12,CA0194800,"Monterey Park, CA",rape,-0.07847115391076953,-0.0807364128701679,0.04096628010902958
1,CA0195300,"Pasadena, CA",rape,-0.04387138027246358,-0.048039522076516836,0.03930581186753941
2,CA0195300,"Pasadena, CA",rape,-0.036816055652062446,-0.04699819191605573,0.039370649962704576
3,CA0195300,"Pasadena, CA",rape,-0.03844243170372693,-0.03758988985686801,0.039355365731208423
4,CA0195300,"Pasadena, CA",rape,9.843442890189009e-4,-8.474178224329763e-4,0.03939374548739859
5,CA0195300,"Pasadena, CA",rape,0.04975363918948855,0.028625490549737374,0.03935536573120843
6,CA0195300,"Pasadena, CA",rape,0.0540459096652648,0.03255290020983263,0.039370649962704576
7,CA0195300,"Pasadena, CA",rape,0.04279756554542923,0.04636386709338679,0.039305811867539404
8,CA0195300,"Pasadena, CA",rape,0.06016748517053278,0.0773497791219531,0.039370649962704576
9,CA0195300,"Pasadena, CA",rape,0.06286767594923165,0.06961713204589545,0.03935536573120843
10,CA0195300,"Pasadena, CA",rape,8.947043801548035e-5,0.002523072805563045,0.03939374548739859
11,CA0195300,"Pasadena, CA",rape,-0.07310506870795891,-0.058977077755634766,0.039355365731208423
12,CA0195300,"Pasadena, CA",rape,-0.07847115391076953,-0.06458014239886006,0.039370649962704576
1,CA0195500,"Pomona, CA",rape,-0.04387138027246358,-0.05192436837166832,0.037896016357475776
2,CA0195500,"Pomona, CA",rape,-0.036816055652062446,-0.011778850636715197,0.03797790729152034
3,CA0195500,"Pomona, CA",rape,-0.03844243170372693,0.005132479387225551,0.03800966891328404
4,CA0195500,"Pomona, CA",rape,9.843442890189009e-4,0.019475012984792366,0.03797594608143226
5,CA0195500,"Pomona, CA",rape,0.04975363918948855,0.03539412265993147,0.03800966891328405
6,CA0195500,"Pomona, CA",rape,0.0540459096652648,0.04146387241640146,0.03797790729152034
7,CA0195500,"Pomona, CA",rape,0.04279756554542923,0.047664866057320614,0.03789601635747577
8,CA0195500,"Pomona, CA",rape,0.06016748517053278,0.06105506181342947,0.03797790729152034
9,CA0195500,"Pomona, CA",rape,0.06286767594923165,0.04840323410383648,0.03800966891328405
10,CA0195500,"Pomona, CA",rape,8.947043801548035e-5,-0.01521551067044462,0.03797594608143226
11,CA0195500,"Pomona, CA",rape,-0.07310506870795891,-0.08467033383664577,0.03800966891328404
12,CA0195500,"Pomona, CA",rape,-0.07847115391076953,-0.09499958590746349,0.03797790729152034
1,CA0196500,"Santa Monica, CA",rape,-0.04387138027246358,-0.060121805594843966,0.039277251861641535
2,CA0196500,"Santa Monica, CA",rape,-0.036816055652062446,-0.024801939659469814,0.039360314974931115
3,CA0196500,"Santa Monica, CA",rape,-0.03844243170372693,-0.018067310369446976,0.03932131427988066
4,CA0196500,"Santa Monica, CA",rape,9.843442890189009e-4,0.01039561650295956,0.03930178823302999
5,CA0196500,"Santa Monica, CA",rape,0.04975363918948855,0.04697044979552464,0.03932131427988067
6,CA0196500,"Santa Monica, CA",rape,0.0540459096652648,0.04516127611752433,0.039360314974931115
7,CA0196500,"Santa Monica, CA",rape,0.04279756554542923,0.03577612786836562,0.03927725186164153
8,CA0196500,"Santa Monica, CA",rape,0.06016748517053278,0.06693660080917523,0.039360314974931115
9,CA0196500,"Santa Monica, CA",rape,0.06286767594923165,0.08454764924563077,0.03932131427988067
10,CA0196500,"Santa Monica, CA",rape,8.947043801548035e-5,0.01395006122351883,0.03930178823302999
11,CA0196500,"Santa Monica, CA",rape,-0.07310506870795891,-0.08910511094523006,0.03932131427988066
12,CA0196500,"Santa Monica, CA",rape,-0.07847115391076953,-0.11164161499370814,0.039360314974931115
1,CA0197200,"Torrance, CA",rape,-0.04387138027246358,-0.016668840661972016,0.03980841029646962
2,CA0197200,"Torrance, CA",rape,-0.036816055652062446,-0.02075084110303953,0.03978493136604888
3,CA0197200,"Torrance, CA",rape,-0.03844243170372693,-0.05033738992711263,0.03980466479242118
4,CA0197200,"Torrance, CA",rape,9.843442890189009e-4,-0.015430114091247428,0.03978936291475927
5,CA0197200,"Torrance, CA",rape,0.04975363918948855,0.046615282107995856,0.03980466479242119
6,CA0197200,"Torrance, CA",rape,0.0540459096652648,0.05097999074805691,0.03978493136604888
7,CA0197200,"Torrance, CA",rape,0.04279756554542923,0.03255790534532713,0.039808410296469615
8,CA0197200,"Torrance, CA",rape,0.06016748517053278,0.05866320160678716,0.03978493136604888
9,CA0197200,"Torrance, CA",rape,0.06286767594923165,0.07236068574750518,0.039804664792421195
10,CA0197200,"Torrance, CA",rape,8.947043801548035e-5,-4.589505921076419e-4,0.03978936291475927
11,CA0197200,"Torrance, CA",rape,-0.07310506870795891,-0.0845276426117435,0.03980466479242118
12,CA0197200,"Torrance, CA",rape,-0.07847115391076953,-0.07300328656844951,0.03978493136604888
1,CA0197500,"West Covina, CA",rape,-0.04387138027246358,-0.037509275031920475,0.04018843359158655
2,CA0197500,"West Covina, CA",rape,-0.036816055652062446,-0.034672921843954235,0.04020481172965239
3,CA0197500,"West Covina, CA",rape,-0.03844243170372693,-0.043555928858574657,0.0402030319865809
4,CA0197500,"West Covina, CA",rape,9.843442890189009e-4,-0.0026466823266880733,0.0402008266037073
5,CA0197500,"West Covina, CA",rape,0.04975363918948855,0.049019199079540776,0.04020303198658091
6,CA0197500,"West Covina, CA",rape,0.0540459096652648,0.05076317275175995,0.04020481172965239
7,CA0197500,"West Covina, CA",rape,0.04279756554542923,0.04115444458147426,0.040188433591586546
8,CA0197500,"West Covina, CA",rape,0.06016748517053278,0.06826815227527464,0.04020481172965239
9,CA0197500,"West Covina, CA",rape,0.06286767594923165,0.07350598974034131,0.04020303198658091
10,CA0197500,"West Covina, CA",rape,8.947043801548035e-5,-9.984872228656764e-4,0.0402008266037073
11,CA0197500,"West Covina, CA",rape,-0.07310506870795891,-0.0826144295108612,0.0402030319865809
12,CA0197500,"West Covina, CA",rape,-0.07847115391076953,-0.08071323363352663,0.04020481172965239
1,CA0200200,"Madera, CA",rape,-0.04387138027246358,-0.04686948796321815,0.03969079469263994
2,CA0200200,"Madera, CA",rape,-0.036816055652062446,-0.029732912087351078,0.03974943743781796
3,CA0200200,"Madera, CA",rape,-0.03844243170372693,-0.046401301370010375,0.03968060740071633
4,CA0200200,"Madera, CA",rape,9.843442890189009e-4,-0.0020637072430356885,0.0397558118777071
5,CA0200200,"Madera, CA",rape,0.04975363918948855,0.07481537297786632,0.039680607400716335
6,CA0200200,"Madera, CA",rape,0.0540459096652648,0.07637012223775737,0.03974943743781796
7,CA0200200,"Madera, CA",rape,0.04279756554542923,0.028551579039277568,0.03969079469263993
8,CA0200200,"Madera, CA",rape,0.06016748517053278,0.038143633020964435,0.03974943743781796
9,CA0200200,"Madera, CA",rape,0.06286767594923165,0.07312993122756435,0.039680607400716335
10,CA0200200,"Madera, CA",rape,8.947043801548035e-5,0.02038161616697632,0.0397558118777071
11,CA0200200,"Madera, CA",rape,-0.07310506870795891,-0.0832260939114797,0.03968060740071633
12,CA0200200,"Madera, CA",rape,-0.07847115391076953,-0.10309875209531139,0.03974943743781796
1,CA0210600,"Novato, CA",rape,-0.04387138027246358,-0.03978788266689054,0.04093091820642993
2,CA0210600,"Novato, CA",rape,-0.036816055652062446,-0.038345213448498366,0.040930520064877456
3,CA0210600,"Novato, CA",rape,-0.03844243170372693,-0.04857662859851719,0.04094008229824088
4,CA0210600,"Novato, CA",rape,9.843442890189009e-4,-0.005471903401126482,0.04093189187467033
5,CA0210600,"Novato, CA",rape,0.04975363918948855,0.05095936110299622,0.040940082298240886
6,CA0210600,"Novato, CA",rape,0.0540459096652648,0.053235203286091805,0.040930520064877456
7,CA0210600,"Novato, CA",rape,0.04279756554542923,0.039293843943366366,0.040930918206429925
8,CA0210600,"Novato, CA",rape,0.06016748517053278,0.06541293965137081,0.040930520064877456
9,CA0210600,"Novato, CA",rape,0.06286767594923165,0.07613839352491385,0.040940082298240886
10,CA0210600,"Novato, CA",rape,8.947043801548035e-5,0.005965942124650695,0.04093189187467033
11,CA0210600,"Novato, CA",rape,-0.07310506870795891,-0.0780270873058687,0.04094008229824088
12,CA0210600,"Novato, CA",rape,-0.07847115391076953,-0.08079696821248848,0.040930520064877456
1,CA0210900,"San Rafael, CA",rape,-0.04387138027246358,-0.044117555768860825,0.039946584492758966
2,CA0210900,"San Rafael, CA",rape,-0.036816055652062446,-0.018446723743015276,0.04010376825129503
3,CA0210900,"San Rafael, CA",rape,-0.03844243170372693,-0.023400449396034275,0.0400919842079876
4,CA0210900,"San Rafael, CA",rape,9.843442890189009e-4,-6.871742674056928e-4,0.039979347735382066
5,CA0210900,"San Rafael, CA",rape,0.04975363918948855,0.029499333096551915,0.0400919842079876
6,CA0210900,"San Rafael, CA",rape,0.0540459096652648,0.023050743491170495,0.04010376825129503
7,CA0210900,"San Rafael, CA",rape,0.04279756554542923,0.024080954075155602,0.03994658449275896
8,CA0210900,"San Rafael, CA",rape,0.06016748517053278,0.07566770491408037,0.04010376825129504
9,CA0210900,"San Rafael, CA",rape,0.06286767594923165,0.10065803226080464,0.0400919842079876
10,CA0210900,"San Rafael, CA",rape,8.947043801548035e-5,0.02072377596111097,0.039979347735382066
11,CA0210900,"San Rafael, CA",rape,-0.07310506870795891,-0.08672031426761703,0.0400919842079876
12,CA0210900,"San Rafael, CA",rape,-0.07847115391076953,-0.10030832635594089,0.04010376825129503
1,CA0240600,"Merced, CA",rape,-0.04387138027246358,-0.05532942802009616,0.0388694332676312
2,CA0240600,"Merced, CA",rape,-0.036816055652062446,-0.023262351770707946,0.03886513712178836
3,CA0240600,"Merced, CA",rape,-0.03844243170372693,-0.008401761188474613,0.038857660866805706
4,CA0240600,"Merced, CA",rape,9.843442890189009e-4,0.028824538247411446,0.038878726494016046
5,CA0240600,"Merced, CA",rape,0.04975363918948855,0.055925815722188264,0.03885766086680571
6,CA0240600,"Merced, CA",rape,0.0540459096652648,0.03368788534429832,0.03886513712178836
7,CA0240600,"Merced, CA",rape,0.04279756554542923,0.016426480797233987,0.03886943326763119
8,CA0240600,"Merced, CA",rape,0.06016748517053278,0.054958668933600206,0.03886513712178836
9,CA0240600,"Merced, CA",rape,0.06286767594923165,0.0790010255742291,0.03885766086680571
10,CA0240600,"Merced, CA",rape,8.947043801548035e-5,0.010078408975450774,0.038878726494016046
11,CA0240600,"Merced, CA",rape,-0.07310506870795891,-0.08762213288508056,0.038857660866805706
12,CA0240600,"Merced, CA",rape,-0.07847115391076953,-0.10428714973005283,0.03886513712178836
1,CA0270000,"Monterey, CA",rape,-0.04387138027246358,-0.04941933146331514,0.039841893215220796
2,CA0270000,"Monterey, CA",rape,-0.036816055652062446,-0.0439224218960968,0.03990111090059967
3,CA0270000,"Monterey, CA",rape,-0.03844243170372693,-0.03825692210152781,0.039891922387680884
4,CA0270000,"Monterey, CA",rape,9.843442890189009e-4,0.01293653196222232,0.03989628557500869
5,CA0270000,"Monterey, CA",rape,0.04975363918948855,0.06840471357574521,0.03989192238768089
6,CA0270000,"Monterey, CA",rape,0.0540459096652648,0.06862259974178403,0.03990111090059967
7,CA0270000,"Monterey, CA",rape,0.04279756554542923,0.04492711649079138,0.03984189321522079
8,CA0270000,"Monterey, CA",rape,0.06016748517053278,0.04997408275163105,0.03990111090059967
9,CA0270000,"Monterey, CA",rape,0.06286767594923165,0.04880079792958585,0.03989192238768089
10,CA0270000,"Monterey, CA",rape,8.947043801548035e-5,-0.008444316989698535,0.03989628557500869
11,CA0270000,"Monterey, CA",rape,-0.07310506870795891,-0.07445637443127948,0.039891922387680884
12,CA0270000,"Monterey, CA",rape,-0.07847115391076953,-0.07916647556984208,0.03990111090059967
1,CA0280200,"Napa, CA",rape,-0.04387138027246358,-0.04516934759741107,0.03949831242560778
2,CA0280200,"Napa, CA",rape,-0.036816055652062446,-0.054582462613098556,0.039587481123478534
3,CA0280200,"Napa, CA",rape,-0.03844243170372693,-0.04418550273344269,0.03954486472450308
4,CA0280200,"Napa, CA",rape,9.843442890189009e-4,0.009364979044374003,0.0395586600955197
5,CA0280200,"Napa, CA",rape,0.04975363918948855,0.054817003882506786,0.03954486472450308
6,CA0280200,"Napa, CA",rape,0.0540459096652648,0.05642822485040458,0.039587481123478534
7,CA0280200,"Napa, CA",rape,0.04279756554542923,0.051074457332420053,0.03949831242560777
8,CA0280200,"Napa, CA",rape,0.06016748517053278,0.061592332417127235,0.039587481123478534
9,CA0280200,"Napa, CA",rape,0.06286767594923165,0.045290262802462414,0.03954486472450308
10,CA0280200,"Napa, CA",rape,8.947043801548035e-5,-0.015270088779382966,0.0395586600955197
11,CA0280200,"Napa, CA",rape,-0.07310506870795891,-0.061826873686535486,0.03954486472450308
12,CA0280200,"Napa, CA",rape,-0.07847115391076953,-0.057532984919424296,0.03958748112347853
1,CA0300100,"Anaheim, CA",rape,-0.04387138027246358,-0.04021350867553262,0.03641639067494845
2,CA0300100,"Anaheim, CA",rape,-0.036816055652062446,-0.05518877522312524,0.036527141010064525
3,CA0300100,"Anaheim, CA",rape,-0.03844243170372693,-0.034359809577135095,0.036383598698653506
4,CA0300100,"Anaheim, CA",rape,9.843442890189009e-4,0.03687712071102318,0.036523921722832066
5,CA0300100,"Anaheim, CA",rape,0.04975363918948855,0.056170422815325895,0.03638359869865351
6,CA0300100,"Anaheim, CA",rape,0.0540459096652648,0.006250185437321981,0.036527141010064525
7,CA0300100,"Anaheim, CA",rape,0.04279756554542923,0.004802199781325225,0.03641639067494845
8,CA0300100,"Anaheim, CA",rape,0.06016748517053278,0.07727617765132307,0.036527141010064525
9,CA0300100,"Anaheim, CA",rape,0.06286767594923165,0.09185852089954037,0.03638359869865351
10,CA0300100,"Anaheim, CA",rape,8.947043801548035e-5,-0.0014658118168157203,0.036523921722832066
11,CA0300100,"Anaheim, CA",rape,-0.07310506870795891,-0.07825782524352376,0.036383598698653506
12,CA0300100,"Anaheim, CA",rape,-0.07847115391076953,-0.0637488967597273,0.036527141010064525
1,CA0300300,"Buena Park, CA",rape,-0.04387138027246358,-0.04073273315845062,0.04053911168450857
2,CA0300300,"Buena Park, CA",rape,-0.036816055652062446,-0.0316849145860045,0.04054638752186868
3,CA0300300,"Buena Park, CA",rape,-0.03844243170372693,-0.03508387504604225,0.04054096128092282
4,CA0300300,"Buena Park, CA",rape,9.843442890189009e-4,-0.0029828815763024248,0.040543165388095825
5,CA0300300,"Buena Park, CA",rape,0.04975363918948855,0.04396851338580882,0.04054096128092283
6,CA0300300,"Buena Park, CA",rape,0.0540459096652648,0.055111121835568606,0.04054638752186868
7,CA0300300,"Buena Park, CA",rape,0.04279756554542923,0.046392993523409476,0.040539111684508564
8,CA0300300,"Buena Park, CA",rape,0.06016748517053278,0.05615694444558683,0.04054638752186868
9,CA0300300,"Buena Park, CA",rape,0.06286767594923165,0.053895644540665755,0.04054096128092283
10,CA0300300,"Buena Park, CA",rape,8.947043801548035e-5,-0.0026773787886564,0.040543165388095825
11,CA0300300,"Buena Park, CA",rape,-0.07310506870795891,-0.06844054324539116,0.04054096128092282
12,CA0300300,"Buena Park, CA",rape,-0.07847115391076953,-0.07392289133019211,0.04054638752186868
1,CA0300700,"Fountain Valley, CA",rape,-0.04387138027246358,-0.04529183095340754,0.041048744651340785
2,CA0300700,"Fountain Valley, CA",rape,-0.036816055652062446,-0.041416371261124324,0.041068518678993485
3,CA0300700,"Fountain Valley, CA",rape,-0.03844243170372693,-0.04563054885644435,0.04106433959391145
4,CA0300700,"Fountain Valley, CA",rape,9.843442890189009e-4,0.002205670525818248,0.04105503403346858
5,CA0300700,"Fountain Valley, CA",rape,0.04975363918948855,0.06461882792965584,0.04106433959391145
6,CA0300700,"Fountain Valley, CA",rape,0.0540459096652648,0.07025528202590413,0.041068518678993485
7,CA0300700,"Fountain Valley, CA",rape,0.04279756554542923,0.04627970695758247,0.04104874465134078
8,CA0300700,"Fountain Valley, CA",rape,0.06016748517053278,0.05338483719473189,0.041068518678993485
9,CA0300700,"Fountain Valley, CA",rape,0.06286767594923165,0.05661113878587702,0.04106433959391146
10,CA0300700,"Fountain Valley, CA",rape,8.947043801548035e-5,-0.0031935465299931416,0.04105503403346858
11,CA0300700,"Fountain Valley, CA",rape,-0.07310506870795891,-0.07658729386326342,0.04106433959391145
12,CA0300700,"Fountain Valley, CA",rape,-0.07847115391076953,-0.08123587195533681,0.04106851867899348
1,CA0300800,"Fullerton, CA",rape,-0.04387138027246358,-0.0473562606908338,0.03837403830117449
2,CA0300800,"Fullerton, CA",rape,-0.036816055652062446,-0.027289391156559924,0.03844888283520879
3,CA0300800,"Fullerton, CA",rape,-0.03844243170372693,-0.034878702932677565,0.03838093294556435
4,CA0300800,"Fullerton, CA",rape,9.843442890189009e-4,-0.004433961825665839,0.038445133539983245
5,CA0300800,"Fullerton, CA",rape,0.04975363918948855,0.0498432596991375,0.038380932945564356
6,CA0300800,"Fullerton, CA",rape,0.0540459096652648,0.05768425316988236,0.03844888283520879
7,CA0300800,"Fullerton, CA",rape,0.04279756554542923,0.03535590709555896,0.03837403830117448
8,CA0300800,"Fullerton, CA",rape,0.06016748517053278,0.04895868884224536,0.03844888283520879
9,CA0300800,"Fullerton, CA",rape,0.06286767594923165,0.06854835421363786,0.038380932945564356
10,CA0300800,"Fullerton, CA",rape,8.947043801548035e-5,0.01643431542094071,0.038445133539983245
11,CA0300800,"Fullerton, CA",rape,-0.07310506870795891,-0.07151255738482296,0.038380932945564356
12,CA0300800,"Fullerton, CA",rape,-0.07847115391076953,-0.09135390445084268,0.03844888283520879
1,CA0301400,"Newport Beach, CA",rape,-0.04387138027246358,-0.033483896287992754,0.04011775669310025
2,CA0301400,"Newport Beach, CA",rape,-0.036816055652062446,-0.029149915771911186,0.04014104508994353
3,CA0301400,"Newport Beach, CA",rape,-0.03844243170372693,-0.04630940050223307,0.0401199360552725
4,CA0301400,"Newport Beach, CA",rape,9.843442890189009e-4,-0.013018088734752154,0.040161945788088516
5,CA0301400,"Newport Beach, CA",rape,0.04975363918948855,0.040926191897162775,0.040119936055272504
6,CA0301400,"Newport Beach, CA",rape,0.0540459096652648,0.03948455673295039,0.04014104508994353
7,CA0301400,"Newport Beach, CA",rape,0.04279756554542923,0.016060117416903028,0.04011775669310024
8,CA0301400,"Newport Beach, CA",rape,0.06016748517053278,0.0448915374726107,0.04014104508994353
9,CA0301400,"Newport Beach, CA",rape,0.06286767594923165,0.07947480107402234,0.04011993605527251
10,CA0301400,"Newport Beach, CA",rape,8.947043801548035e-5,0.030441867605841916,0.040161945788088516
11,CA0301400,"Newport Beach, CA",rape,-0.07310506870795891,-0.05666781359786231,0.0401199360552725
12,CA0301400,"Newport Beach, CA",rape,-0.07847115391076953,-0.07264995730473969,0.04014104508994353
1,CA0302200,"Tustin, CA",rape,-0.04387138027246358,-0.04070651977340752,0.040665237782396974
2,CA0302200,"Tustin, CA",rape,-0.036816055652062446,-0.024253510136359985,0.040686198732025156
3,CA0302200,"Tustin, CA",rape,-0.03844243170372693,-0.03255765964690435,0.04066535373159846
4,CA0302200,"Tustin, CA",rape,9.843442890189009e-4,-0.007550587661736454,0.04067786498255059
5,CA0302200,"Tustin, CA",rape,0.04975363918948855,0.04369575730812593,0.04066535373159846
6,CA0302200,"Tustin, CA",rape,0.0540459096652648,0.06016670391154672,0.040686198732025156
7,CA0302200,"Tustin, CA",rape,0.04279756554542923,0.044859967558986004,0.04066523778239697
8,CA0302200,"Tustin, CA",rape,0.06016748517053278,0.047639963093469385,0.040686198732025156
9,CA0302200,"Tustin, CA",rape,0.06286767594923165,0.0517906648184353,0.040665353731598464
10,CA0302200,"Tustin, CA",rape,8.947043801548035e-5,0.003397139876158,0.04067786498255059
11,CA0302200,"Tustin, CA",rape,-0.07310506870795891,-0.06708221026523534,0.04066535373159846
12,CA0302200,"Tustin, CA",rape,-0.07847115391076953,-0.07939970908307768,0.040686198732025156
1,CA0302400,"Westminster, CA",rape,-0.04387138027246358,-0.029889692832658542,0.04031069607213644
2,CA0302400,"Westminster, CA",rape,-0.036816055652062446,-0.03625429005038916,0.040289720090342075
3,CA0302400,"Westminster, CA",rape,-0.03844243170372693,-0.042559054186739415,0.040303908532075584
4,CA0302400,"Westminster, CA",rape,9.843442890189009e-4,0.010648232310695668,0.04028127204497872
5,CA0302400,"Westminster, CA",rape,0.04975363918948855,0.060108302100962255,0.040303908532075584
6,CA0302400,"Westminster, CA",rape,0.0540459096652648,0.04250010302314462,0.040289720090342075
7,CA0302400,"Westminster, CA",rape,0.04279756554542923,0.022092661811308787,0.040310696072136436
8,CA0302400,"Westminster, CA",rape,0.06016748517053278,0.057276313688688005,0.040289720090342075
9,CA0302400,"Westminster, CA",rape,0.06286767594923165,0.07137810884638805,0.04030390853207559
10,CA0302400,"Westminster, CA",rape,8.947043801548035e-5,-0.0028512012893458665,0.04028127204497872
11,CA0302400,"Westminster, CA",rape,-0.07310506870795891,-0.08113032573926113,0.040303908532075584
12,CA0302400,"Westminster, CA",rape,-0.07847115391076953,-0.0713191576827933,0.040289720090342075
1,CA0302500,"Yorba Linda, CA",rape,-0.04387138027246358,-0.04438440484413715,0.04123970149597211
2,CA0302500,"Yorba Linda, CA",rape,-0.036816055652062446,-0.04245418649887842,0.041244274018779725
3,CA0302500,"Yorba Linda, CA",rape,-0.03844243170372693,-0.04500492292872152,0.04124960390850171
4,CA0302500,"Yorba Linda, CA",rape,9.843442890189009e-4,0.006336620704983475,0.041238405671939066
5,CA0302500,"Yorba Linda, CA",rape,0.04975363918948855,0.0660559241979623,0.041249603908501714
6,CA0302500,"Yorba Linda, CA",rape,0.0540459096652648,0.06581785826749124,0.041244274018779725
7,CA0302500,"Yorba Linda, CA",rape,0.04279756554542923,0.04322467503972119,0.0412397014959721
8,CA0302500,"Yorba Linda, CA",rape,0.06016748517053278,0.057088080424154676,0.041244274018779725
9,CA0302500,"Yorba Linda, CA",rape,0.06286767594923165,0.06079854665841377,0.041249603908501714
10,CA0302500,"Yorba Linda, CA",rape,8.947043801548035e-5,-0.00517689090056748,0.041238405671939066
11,CA0302500,"Yorba Linda, CA",rape,-0.07310506870795891,-0.08068981812323857,0.04124960390850171
12,CA0302500,"Yorba Linda, CA",rape,-0.07847115391076953,-0.08161148199718352,0.04124427401877972
1,CA0302600,"Irvine, CA",rape,-0.04387138027246358,-0.06666590250922033,0.039317894916881466
2,CA0302600,"Irvine, CA",rape,-0.036816055652062446,-0.04823548578434006,0.03933023610620637
3,CA0302600,"Irvine, CA",rape,-0.03844243170372693,-0.013039004005315451,0.03933194517757723
4,CA0302600,"Irvine, CA",rape,9.843442890189009e-4,0.02269955462608236,0.03932241693626005
5,CA0302600,"Irvine, CA",rape,0.04975363918948855,0.03436207948621669,0.03933194517757724
6,CA0302600,"Irvine, CA",rape,0.0540459096652648,0.03548168809607738,0.03933023610620637
7,CA0302600,"Irvine, CA",rape,0.04279756554542923,0.05495267578146562,0.03931789491688146
8,CA0302600,"Irvine, CA",rape,0.06016748517053278,0.07518706401991973,0.03933023610620637
9,CA0302600,"Irvine, CA",rape,0.06286767594923165,0.05170380896864986,0.03933194517757724
10,CA0302600,"Irvine, CA",rape,8.947043801548035e-5,-0.010986327898327632,0.03932241693626005
11,CA0302600,"Irvine, CA",rape,-0.07310506870795891,-0.06131365772179638,0.03933194517757723
12,CA0302600,"Irvine, CA",rape,-0.07847115391076953,-0.07414649305941176,0.03933023610620637
1,CA030350X,"Mission Viejo, CA",rape,-0.04387138027246358,-0.04134180135145484,0.04102081161072243
2,CA030350X,"Mission Viejo, CA",rape,-0.036816055652062446,-0.03008730715376553,0.041023189818025746
3,CA030350X,"Mission Viejo, CA",rape,-0.03844243170372693,-0.029631190405067703,0.041009816466892814
4,CA030350X,"Mission Viejo, CA",rape,9.843442890189009e-4,0.0043570521160822,0.0410095959130849
5,CA030350X,"Mission Viejo, CA",rape,0.04975363918948855,0.04459850961375567,0.04100981646689282
6,CA030350X,"Mission Viejo, CA",rape,0.0540459096652648,0.044719231404808824,0.041023189818025746
7,CA030350X,"Mission Viejo, CA",rape,0.04279756554542923,0.0342982223739153,0.04102081161072242
8,CA030350X,"Mission Viejo, CA",rape,0.06016748517053278,0.054297196958952944,0.041023189818025746
9,CA030350X,"Mission Viejo, CA",rape,0.06286767594923165,0.06088465918779469,0.04100981646689282
10,CA030350X,"Mission Viejo, CA",rape,8.947043801548035e-5,0.0026865268614573758,0.0410095959130849
11,CA030350X,"Mission Viejo, CA",rape,-0.07310506870795891,-0.06880839941894311,0.041009816466892814
12,CA030350X,"Mission Viejo, CA",rape,-0.07847115391076953,-0.07597270018753582,0.041023189818025746
1,CA030390X,"Laguna Niguel, CA",rape,-0.04387138027246358,-0.04975898726562982,0.04119327845321625
2,CA030390X,"Laguna Niguel, CA",rape,-0.036816055652062446,-0.04381734770492122,0.04120170631520393
3,CA030390X,"Laguna Niguel, CA",rape,-0.03844243170372693,-0.03780681499130764,0.041191231311496046
4,CA030390X,"Laguna Niguel, CA",rape,9.843442890189009e-4,0.00877458184004263,0.04119718814510093
5,CA030390X,"Laguna Niguel, CA",rape,0.04975363918948855,0.05541852030338874,0.04119123131149605
6,CA030390X,"Laguna Niguel, CA",rape,0.0540459096652648,0.05554790140162758,0.04120170631520393
7,CA030390X,"Laguna Niguel, CA",rape,0.04279756554542923,0.04641317842558334,0.04119327845321624
8,CA030390X,"Laguna Niguel, CA",rape,0.06016748517053278,0.06576553740547526,0.04120170631520393
9,CA030390X,"Laguna Niguel, CA",rape,0.06286767594923165,0.0631008135319082,0.04119123131149605
10,CA030390X,"Laguna Niguel, CA",rape,8.947043801548035e-5,-0.00542877299999612,0.04119718814510093
11,CA030390X,"Laguna Niguel, CA",rape,-0.07310506870795891,-0.07736671000394281,0.041191231311496046
12,CA030390X,"Laguna Niguel, CA",rape,-0.07847115391076953,-0.08084189994222815,0.04120170631520392
1,CA030490X,"Aliso Viejo, CA",rape,-0.04387138027246358,-0.04751505354070723,0.04128372435023516
2,CA030490X,"Aliso Viejo, CA",rape,-0.036816055652062446,-0.04124635611068831,0.04128814731524038
3,CA030490X,"Aliso Viejo, CA",rape,-0.03844243170372693,-0.03951770235175852,0.04128537941624885
4,CA030490X,"Aliso Viejo, CA",rape,9.843442890189009e-4,0.0011147339665505006,0.041287563008762476
5,CA030490X,"Aliso Viejo, CA",rape,0.04975363918948855,0.04731894363345175,0.04128537941624886
6,CA030490X,"Aliso Viejo, CA",rape,0.0540459096652648,0.051711453993998915,0.04128814731524038
7,CA030490X,"Aliso Viejo, CA",rape,0.04279756554542923,0.04528138222409461,0.041283724350235154
8,CA030490X,"Aliso Viejo, CA",rape,0.06016748517053278,0.06557233329512564,0.04128814731524038
9,CA030490X,"Aliso Viejo, CA",rape,0.06286767594923165,0.0660773508528085,0.04128537941624886
10,CA030490X,"Aliso Viejo, CA",rape,8.947043801548035e-5,0.0011189373500621513,0.041287563008762476
11,CA030490X,"Aliso Viejo, CA",rape,-0.07310506870795891,-0.0716449208178891,0.04128537941624885
12,CA030490X,"Aliso Viejo, CA",rape,-0.07847115391076953,-0.07827110249504891,0.04128814731524038
1,CA0310300,"Lincoln, CA",rape,-0.04387138027246358,-0.036155749799267466,0.04055187074701746
2,CA0310300,"Lincoln, CA",rape,-0.036816055652062446,-0.03486408269974971,0.04057243789396517
3,CA0310300,"Lincoln, CA",rape,-0.03844243170372693,-0.03937408194177217,0.040569456352999606
4,CA0310300,"Lincoln, CA",rape,9.843442890189009e-4,0.006173185526930743,0.0405715879070063
5,CA0310300,"Lincoln, CA",rape,0.04975363918948855,0.05987171337142415,0.04056945635299961
6,CA0310300,"Lincoln, CA",rape,0.0540459096652648,0.058615114252184006,0.04057243789396517
7,CA0310300,"Lincoln, CA",rape,0.04279756554542923,0.037779854381002835,0.04055187074701746
8,CA0310300,"Lincoln, CA",rape,0.06016748517053278,0.051072171447990325,0.04057243789396517
9,CA0310300,"Lincoln, CA",rape,0.06286767594923165,0.053958066108277455,0.04056945635299961
10,CA0310300,"Lincoln, CA",rape,8.947043801548035e-5,-0.007797290108666082,0.0405715879070063
11,CA0310300,"Lincoln, CA",rape,-0.07310506870795891,-0.07607980211966478,0.040569456352999606
12,CA0310300,"Lincoln, CA",rape,-0.07847115391076953,-0.07319909841868931,0.04057243789396517
1,CA0310400,"Rocklin, CA",rape,-0.04387138027246358,-0.039940992452061376,0.04040792858220119
2,CA0310400,"Rocklin, CA",rape,-0.036816055652062446,-0.04899573542642422,0.040455689318231874
3,CA0310400,"Rocklin, CA",rape,-0.03844243170372693,-0.05335565137146506,0.04045074672384613
4,CA0310400,"Rocklin, CA",rape,9.843442890189009e-4,0.001734201008712911,0.04041760047418875
5,CA0310400,"Rocklin, CA",rape,0.04975363918948855,0.0636979651784574,0.04045074672384614
6,CA0310400,"Rocklin, CA",rape,0.0540459096652648,0.06373659861905634,0.040455689318231874
7,CA0310400,"Rocklin, CA",rape,0.04279756554542923,0.04074927577192707,0.04040792858220119
8,CA0310400,"Rocklin, CA",rape,0.06016748517053278,0.0527954809510219,0.04045568931823188
9,CA0310400,"Rocklin, CA",rape,0.06286767594923165,0.056347113576197067,0.04045074672384614
10,CA0310400,"Rocklin, CA",rape,8.947043801548035e-5,-0.002542484328578573,0.04041760047418875
11,CA0310400,"Rocklin, CA",rape,-0.07310506870795891,-0.0674977107030551,0.04045074672384613
12,CA0310400,"Rocklin, CA",rape,-0.07847115391076953,-0.06672806082378838,0.040455689318231874
1,CA0310500,"Roseville, CA",rape,-0.04387138027246358,-0.05444055427862191,0.039609829840658826
2,CA0310500,"Roseville, CA",rape,-0.036816055652062446,-0.03283872474204581,0.03977102734179329
3,CA0310500,"Roseville, CA",rape,-0.03844243170372693,-0.04247441616219657,0.03976423888213773
4,CA0310500,"Roseville, CA",rape,9.843442890189009e-4,-0.02206666579108742,0.039692735444830186
5,CA0310500,"Roseville, CA",rape,0.04975363918948855,0.022176806781988533,0.03976423888213774
6,CA0310500,"Roseville, CA",rape,0.0540459096652648,0.04224346173443329,0.03977102734179329
7,CA0310500,"Roseville, CA",rape,0.04279756554542923,0.055609588243192176,0.03960982984065882
8,CA0310500,"Roseville, CA",rape,0.06016748517053278,0.09442338445168535,0.039771027341793296
9,CA0310500,"Roseville, CA",rape,0.06286767594923165,0.1028900419072659,0.03976423888213774
10,CA0310500,"Roseville, CA",rape,8.947043801548035e-5,0.020897631826517195,0.039692735444830186
11,CA0310500,"Roseville, CA",rape,-0.07310506870795891,-0.0837614664916281,0.03976423888213773
12,CA0310500,"Roseville, CA",rape,-0.07847115391076953,-0.10265908747950261,0.03977102734179329
1,CA0330200,"Beaumont, CA",rape,-0.04387138027246358,-0.05257494923166813,0.04082383022647038
2,CA0330200,"Beaumont, CA",rape,-0.036816055652062446,-0.04233184462918573,0.040831562947087806
3,CA0330200,"Beaumont, CA",rape,-0.03844243170372693,-0.038839021670483885,0.04082189988390571
4,CA0330200,"Beaumont, CA",rape,9.843442890189009e-4,0.0044348139879793105,0.040828080368403824
5,CA0330200,"Beaumont, CA",rape,0.04975363918948855,0.05552059608077737,0.040821899883905714
6,CA0330200,"Beaumont, CA",rape,0.0540459096652648,0.05866805804221764,0.040831562947087806
7,CA0330200,"Beaumont, CA",rape,0.04279756554542923,0.042500530894163044,0.04082383022647038
8,CA0330200,"Beaumont, CA",rape,0.06016748517053278,0.0570994560286369,0.040831562947087806
9,CA0330200,"Beaumont, CA",rape,0.06286767594923165,0.06368105140744017,0.040821899883905714
10,CA0330200,"Beaumont, CA",rape,8.947043801548035e-5,0.0056396043495258105,0.040828080368403824
11,CA0330200,"Beaumont, CA",rape,-0.07310506870795891,-0.07028820748022856,0.04082189988390571
12,CA0330200,"Beaumont, CA",rape,-0.07847115391076953,-0.08351008777917393,0.040831562947087806
1,CA0331300,"Riverside, CA",rape,-0.04387138027246358,-0.05203118791397584,0.03583971025443422
2,CA0331300,"Riverside, CA",rape,-0.036816055652062446,-0.07066271707900372,0.03598795345268161
3,CA0331300,"Riverside, CA",rape,-0.03844243170372693,-0.05212674756819262,0.035919638613468016
4,CA0331300,"Riverside, CA",rape,9.843442890189009e-4,0.009748276444959018,0.035992599630657075
5,CA0331300,"Riverside, CA",rape,0.04975363918948855,0.04580357431834607,0.03591963861346802
6,CA0331300,"Riverside, CA",rape,0.0540459096652648,0.036312151909024495,0.03598795345268161
7,CA0331300,"Riverside, CA",rape,0.04279756554542923,0.041370848751930846,0.035839710254434214
8,CA0331300,"Riverside, CA",rape,0.06016748517053278,0.07359215225442756,0.03598795345268161
9,CA0331300,"Riverside, CA",rape,0.06286767594923165,0.06571652190566148,0.03591963861346802
10,CA0331300,"Riverside, CA",rape,8.947043801548035e-5,9.120627170859996e-4,0.035992599630657075
11,CA0331300,"Riverside, CA",rape,-0.07310506870795891,-0.048733009493769935,0.035919638613468016
12,CA0331300,"Riverside, CA",rape,-0.07847115391076953,-0.04990192624649335,0.03598795345268161
1,CA0331500,"Corona, CA",rape,-0.04387138027246358,-0.05172525560244071,0.03950486072268926
2,CA0331500,"Corona, CA",rape,-0.036816055652062446,-0.041084178077297424,0.039557920176636986
3,CA0331500,"Corona, CA",rape,-0.03844243170372693,-0.05076834401349713,0.039493547500071065
4,CA0331500,"Corona, CA",rape,9.843442890189009e-4,-0.006165581331485627,0.039517665731346525
5,CA0331500,"Corona, CA",rape,0.04975363918948855,0.06630664895412366,0.03949354750007107
6,CA0331500,"Corona, CA",rape,0.0540459096652648,0.08039175063778443,0.039557920176636986
7,CA0331500,"Corona, CA",rape,0.04279756554542923,0.051898129605714285,0.03950486072268925
8,CA0331500,"Corona, CA",rape,0.06016748517053278,0.05523507295287786,0.039557920176636986
9,CA0331500,"Corona, CA",rape,0.06286767594923165,0.06474636488580403,0.03949354750007107
10,CA0331500,"Corona, CA",rape,8.947043801548035e-5,0.005992707328212096,0.039517665731346525
11,CA0331500,"Corona, CA",rape,-0.07310506870795891,-0.08045754382970413,0.039493547500071065
12,CA0331500,"Corona, CA",rape,-0.07847115391076953,-0.09436977151009136,0.039557920176636986
1,CA0334200,"Murrieta, CA",rape,-0.04387138027246358,-0.03380971109667533,0.04020722448443574
2,CA0334200,"Murrieta, CA",rape,-0.036816055652062446,-0.030916392284541735,0.04022001569256204
3,CA0334200,"Murrieta, CA",rape,-0.03844243170372693,-0.04132452439193579,0.04020389657464116
4,CA0334200,"Murrieta, CA",rape,9.843442890189009e-4,-0.010098594560590094,0.04021016703618883
5,CA0334200,"Murrieta, CA",rape,0.04975363918948855,0.04124489167272823,0.040203896574641164
6,CA0334200,"Murrieta, CA",rape,0.0540459096652648,0.05443148878815721,0.04022001569256204
7,CA0334200,"Murrieta, CA",rape,0.04279756554542923,0.04325122871353136,0.040207224484435734
8,CA0334200,"Murrieta, CA",rape,0.06016748517053278,0.051761017656014915,0.04022001569256204
9,CA0334200,"Murrieta, CA",rape,0.06286767594923165,0.05272763214655297,0.040203896574641164
10,CA0334200,"Murrieta, CA",rape,8.947043801548035e-5,6.570769437340855e-4,0.04021016703618883
11,CA0334200,"Murrieta, CA",rape,-0.07310506870795891,-0.06208951704420143,0.04020389657464116
12,CA0334200,"Murrieta, CA",rape,-0.07847115391076953,-0.0658345965427744,0.04022001569256203
1,CA0340000,"Sacramento, CA",rape,-0.04387138027246358,-0.0669416272571775,0.035646122734357744
2,CA0340000,"Sacramento, CA",rape,-0.036816055652062446,-0.030131912752319717,0.03567287590122196
3,CA0340000,"Sacramento, CA",rape,-0.03844243170372693,0.018427175405729537,0.03565685547642975
4,CA0340000,"Sacramento, CA",rape,9.843442890189009e-4,0.05277620916244836,0.03574401897253393
5,CA0340000,"Sacramento, CA",rape,0.04975363918948855,0.047252318839342694,0.03565685547642976
6,CA0340000,"Sacramento, CA",rape,0.0540459096652648,0.024417498065055197,0.03567287590122196
7,CA0340000,"Sacramento, CA",rape,0.04279756554542923,0.028905421938325578,0.03564612273435774
8,CA0340000,"Sacramento, CA",rape,0.06016748517053278,0.05235390061439088,0.03567287590122196
9,CA0340000,"Sacramento, CA",rape,0.06286767594923165,0.041831017775193574,0.03565685547642976
10,CA0340000,"Sacramento, CA",rape,8.947043801548035e-5,-0.014740003843596415,0.03574401897253393
11,CA0340000,"Sacramento, CA",rape,-0.07310506870795891,-0.06947430670141387,0.03565685547642975
12,CA0340000,"Sacramento, CA",rape,-0.07847115391076953,-0.0846756912459783,0.03567287590122196
1,CA0340100,"Folsom, CA",rape,-0.04387138027246358,-0.03576256344968353,0.04032025352360422
2,CA0340100,"Folsom, CA",rape,-0.036816055652062446,-0.034654240229736316,0.0403482855899748
3,CA0340100,"Folsom, CA",rape,-0.03844243170372693,-0.041141444120715416,0.040338383502075394
4,CA0340100,"Folsom, CA",rape,9.843442890189009e-4,-0.0013617370968579674,0.040340412496183586
5,CA0340100,"Folsom, CA",rape,0.04975363918948855,0.04394074729292221,0.040338383502075394
6,CA0340100,"Folsom, CA",rape,0.0540459096652648,0.04456457763578053,0.0403482855899748
7,CA0340100,"Folsom, CA",rape,0.04279756554542923,0.042150994056140714,0.04032025352360422
8,CA0340100,"Folsom, CA",rape,0.06016748517053278,0.07307105373823444,0.0403482855899748
9,CA0340100,"Folsom, CA",rape,0.06286767594923165,0.0731698270227564,0.0403383835020754
10,CA0340100,"Folsom, CA",rape,8.947043801548035e-5,-0.005026693509599178,0.040340412496183586
11,CA0340100,"Folsom, CA",rape,-0.07310506870795891,-0.08235756080142036,0.040338383502075394
12,CA0340100,"Folsom, CA",rape,-0.07847115391076953,-0.07659296053782154,0.0403482855899748
1,CA0340400,"Sacramento, CA",rape,-0.04387138027246358,-0.01224455889065344,0.03619731388465165
2,CA0340400,"Sacramento, CA",rape,-0.036816055652062446,-0.01079242708315539,0.036244472090566415
3,CA0340400,"Sacramento, CA",rape,-0.03844243170372693,-0.02626380209784613,0.03626482921507124
4,CA0340400,"Sacramento, CA",rape,9.843442890189009e-4,0.016546568447524237,0.036216034779214305
5,CA0340400,"Sacramento, CA",rape,0.04975363918948855,0.05827427333762662,0.036264829215071244
6,CA0340400,"Sacramento, CA",rape,0.0540459096652648,0.03434305741889372,0.036244472090566415
7,CA0340400,"Sacramento, CA",rape,0.04279756554542923,0.015523032616404408,0.036197313884651645
8,CA0340400,"Sacramento, CA",rape,0.06016748517053278,0.05905235503451495,0.036244472090566415
9,CA0340400,"Sacramento, CA",rape,0.06286767594923165,0.07124525632345478,0.036264829215071244
10,CA0340400,"Sacramento, CA",rape,8.947043801548035e-5,-0.019825042173275152,0.036216034779214305
11,CA0340400,"Sacramento, CA",rape,-0.07310506870795891,-0.10653420128898619,0.03626482921507124
12,CA0340400,"Sacramento, CA",rape,-0.07847115391076953,-0.07932451164450242,0.036244472090566415
1,CA0340H00,"Elk Grove, CA",rape,-0.04387138027246358,-0.05003486208088661,0.03974479796394552
2,CA0340H00,"Elk Grove, CA",rape,-0.036816055652062446,-0.04444886691881189,0.039755450234795035
3,CA0340H00,"Elk Grove, CA",rape,-0.03844243170372693,-0.042704727575375336,0.03974364145433546
4,CA0340H00,"Elk Grove, CA",rape,9.843442890189009e-4,0.011190179204908295,0.03974136385237868
5,CA0340H00,"Elk Grove, CA",rape,0.04975363918948855,0.06817078402685253,0.03974364145433547
6,CA0340H00,"Elk Grove, CA",rape,0.0540459096652648,0.06359464882081421,0.039755450234795035
7,CA0340H00,"Elk Grove, CA",rape,0.04279756554542923,0.04297971425820261,0.03974479796394551
8,CA0340H00,"Elk Grove, CA",rape,0.06016748517053278,0.06380662976101312,0.039755450234795035
9,CA0340H00,"Elk Grove, CA",rape,0.06286767594923165,0.0691176382402606,0.03974364145433547
10,CA0340H00,"Elk Grove, CA",rape,8.947043801548035e-5,-0.004135031382224256,0.03974136385237868
11,CA0340H00,"Elk Grove, CA",rape,-0.07310506870795891,-0.08752854686905377,0.03974364145433546
12,CA0340H00,"Elk Grove, CA",rape,-0.07847115391076953,-0.0900075594856995,0.039755450234795035
1,CA0349600,"Citrus Heights, CA",rape,-0.04387138027246358,-0.05973099819010019,0.03960313125559649
2,CA0349600,"Citrus Heights, CA",rape,-0.036816055652062446,-0.03826096262024181,0.03960643621893654
3,CA0349600,"Citrus Heights, CA",rape,-0.03844243170372693,-0.03622672876520982,0.03959004293841038
4,CA0349600,"Citrus Heights, CA",rape,9.843442890189009e-4,-0.010295591195434778,0.0395799818630406
5,CA0349600,"Citrus Heights, CA",rape,0.04975363918948855,0.03829315570016862,0.03959004293841038
6,CA0349600,"Citrus Heights, CA",rape,0.0540459096652648,0.06542163801013862,0.03960643621893654
7,CA0349600,"Citrus Heights, CA",rape,0.04279756554542923,0.06790074959705672,0.03960313125559649
8,CA0349600,"Citrus Heights, CA",rape,0.06016748517053278,0.07317443637525653,0.03960643621893654
9,CA0349600,"Citrus Heights, CA",rape,0.06286767594923165,0.06297045111326806,0.03959004293841039
10,CA0349600,"Citrus Heights, CA",rape,8.947043801548035e-5,0.0021258397884782797,0.0395799818630406
11,CA0349600,"Citrus Heights, CA",rape,-0.07310506870795891,-0.07320662945518336,0.03959004293841038
12,CA0349600,"Citrus Heights, CA",rape,-0.07847115391076953,-0.09216536035819684,0.03960643621893654
1,CA0360200,"Chino, CA",rape,-0.04387138027246358,-0.040918206936357254,0.03985858814404942
2,CA0360200,"Chino, CA",rape,-0.036816055652062446,-0.03363604732085941,0.03990700998190861
3,CA0360200,"Chino, CA",rape,-0.03844243170372693,-0.028900385772034437,0.03987581009498732
4,CA0360200,"Chino, CA",rape,9.843442890189009e-4,0.006209831317254384,0.03988717689508292
5,CA0360200,"Chino, CA",rape,0.04975363918948855,0.03878529827461866,0.03987581009498733
6,CA0360200,"Chino, CA",rape,0.0540459096652648,0.03881641981101649,0.03990700998190861
7,CA0360200,"Chino, CA",rape,0.04279756554542923,0.04222648892133977,0.03985858814404941
8,CA0360200,"Chino, CA",rape,0.06016748517053278,0.0689039411242754,0.03990700998190861
9,CA0360200,"Chino, CA",rape,0.06286767594923165,0.06285999759046795,0.03987581009498733
10,CA0360200,"Chino, CA",rape,8.947043801548035e-5,-0.007518113302236867,0.03988717689508292
11,CA0360200,"Chino, CA",rape,-0.07310506870795891,-0.07405319207803468,0.03987581009498732
12,CA0360200,"Chino, CA",rape,-0.07847115391076953,-0.07277603162945001,0.03990700998190861
1,CA0370000,"San Diego, CA",rape,-0.04387138027246358,-0.0739859421407663,0.03570652368558569
2,CA0370000,"San Diego, CA",rape,-0.036816055652062446,-0.03178657594014002,0.03578156495241998
3,CA0370000,"San Diego, CA",rape,-0.03844243170372693,-0.0237647005805472,0.035753656752325565
4,CA0370000,"San Diego, CA",rape,9.843442890189009e-4,-0.012814670272687324,0.03570796471455628
5,CA0370000,"San Diego, CA",rape,0.04975363918948855,0.025261659958701773,0.03575365675232557
6,CA0370000,"San Diego, CA",rape,0.0540459096652648,0.0587746232848855,0.03578156495241998
7,CA0370000,"San Diego, CA",rape,0.04279756554542923,0.07061431031494247,0.03570652368558569
8,CA0370000,"San Diego, CA",rape,0.06016748517053278,0.08032953426348455,0.03578156495241998
9,CA0370000,"San Diego, CA",rape,0.06286767594923165,0.07567929072971559,0.03575365675232557
10,CA0370000,"San Diego, CA",rape,8.947043801548035e-5,0.016186302098511168,0.03570796471455628
11,CA0370000,"San Diego, CA",rape,-0.07310506870795891,-0.07380461828204632,0.035753656752325565
12,CA0370000,"San Diego, CA",rape,-0.07847115391076953,-0.11068921343405387,0.03578156495241998
1,CA0370100,"Carlsbad, CA",rape,-0.04387138027246358,-0.05506995981300687,0.04004843199500843
2,CA0370100,"Carlsbad, CA",rape,-0.036816055652062446,-0.03673820176754082,0.040057181328091405
3,CA0370100,"Carlsbad, CA",rape,-0.03844243170372693,-0.02720822483355448,0.04006406948123013
4,CA0370100,"Carlsbad, CA",rape,9.843442890189009e-4,0.014627743085157751,0.0400705961600877
5,CA0370100,"Carlsbad, CA",rape,0.04975363918948855,0.0642827110387071,0.04006406948123013
6,CA0370100,"Carlsbad, CA",rape,0.0540459096652648,0.0638822301300924,0.040057181328091405
7,CA0370100,"Carlsbad, CA",rape,0.04279756554542923,0.0337179466517253,0.040048431995008425
8,CA0370100,"Carlsbad, CA",rape,0.06016748517053278,0.03425717557452085,0.040057181328091405
9,CA0370100,"Carlsbad, CA",rape,0.06286767594923165,0.04607921180181611,0.04006406948123014
10,CA0370100,"Carlsbad, CA",rape,8.947043801548035e-5,0.0067242700761238556,0.0400705961600877
11,CA0370100,"Carlsbad, CA",rape,-0.07310506870795891,-0.06180168484568714,0.04006406948123013
12,CA0370100,"Carlsbad, CA",rape,-0.07847115391076953,-0.08275321709835404,0.040057181328091405
1,CA0370200,"Chula Vista, CA",rape,-0.04387138027246358,-0.08101549887493072,0.03884357104923168
2,CA0370200,"Chula Vista, CA",rape,-0.036816055652062446,-0.060211042789293616,0.03873713465846778
3,CA0370200,"Chula Vista, CA",rape,-0.03844243170372693,-0.02197123018260078,0.03886951647599795
4,CA0370200,"Chula Vista, CA",rape,9.843442890189009e-4,0.00163639449253727,0.03872356424597116
5,CA0370200,"Chula Vista, CA",rape,0.04975363918948855,0.010920103152440958,0.038869516475997956
6,CA0370200,"Chula Vista, CA",rape,0.0540459096652648,0.03941655991047559,0.03873713465846778
7,CA0370200,"Chula Vista, CA",rape,0.04279756554542923,0.0854398355101681,0.038843571049231675
8,CA0370200,"Chula Vista, CA",rape,0.06016748517053278,0.09901438446660259,0.03873713465846778
9,CA0370200,"Chula Vista, CA",rape,0.06286767594923165,0.0563502352246724,0.038869516475997956
10,CA0370200,"Chula Vista, CA",rape,8.947043801548035e-5,-0.0060607311277746335,0.03872356424597116
11,CA0370200,"Chula Vista, CA",rape,-0.07310506870795891,-0.04972344482974997,0.03886951647599795
12,CA0370200,"Chula Vista, CA",rape,-0.07847115391076953,-0.07379556495254716,0.03873713465846778
1,CA0370500,"El Cajon, CA",rape,-0.04387138027246358,-0.02184671820417361,0.03956933717794812
2,CA0370500,"El Cajon, CA",rape,-0.036816055652062446,-0.03780140649643954,0.03952211026031878
3,CA0370500,"El Cajon, CA",rape,-0.03844243170372693,-0.0660261942427037,0.03958149229863645
4,CA0370500,"El Cajon, CA",rape,9.843442890189009e-4,-0.011241822675851493,0.03952942899428994
5,CA0370500,"El Cajon, CA",rape,0.04975363918948855,0.06728893261357165,0.03958149229863645
6,CA0370500,"El Cajon, CA",rape,0.0540459096652648,0.06843468613141576,0.03952211026031878
7,CA0370500,"El Cajon, CA",rape,0.04279756554542923,0.0381365910015673,0.03956933717794811
8,CA0370500,"El Cajon, CA",rape,0.06016748517053278,0.05863962311135032,0.03952211026031878
9,CA0370500,"El Cajon, CA",rape,0.06286767594923165,0.07057453806022083,0.03958149229863646
10,CA0370500,"El Cajon, CA",rape,8.947043801548035e-5,-0.005048050121542142,0.03952942899428994
11,CA0370500,"El Cajon, CA",rape,-0.07310506870795891,-0.08812714922848244,0.03958149229863645
12,CA0370500,"El Cajon, CA",rape,-0.07847115391076953,-0.07298302994893295,0.03952211026031878
1,CA0370600,"Escondido, CA",rape,-0.04387138027246358,-0.06373421833040321,0.03903710146426732
2,CA0370600,"Escondido, CA",rape,-0.036816055652062446,-0.07075571340334678,0.039137355706621
3,CA0370600,"Escondido, CA",rape,-0.03844243170372693,-0.03483629081071961,0.039056575655462625
4,CA0370600,"Escondido, CA",rape,9.843442890189009e-4,0.028430538068095743,0.03911100622505859
5,CA0370600,"Escondido, CA",rape,0.04975363918948855,0.055783773340821186,0.03905657565546263
6,CA0370600,"Escondido, CA",rape,0.0540459096652648,0.04096920799336245,0.039137355706621
7,CA0370600,"Escondido, CA",rape,0.04279756554542923,0.038578769524415926,0.03903710146426731
8,CA0370600,"Escondido, CA",rape,0.06016748517053278,0.05738543701027146,0.039137355706621
9,CA0370600,"Escondido, CA",rape,0.06286767594923165,0.04662146322363159,0.03905657565546263
10,CA0370600,"Escondido, CA",rape,8.947043801548035e-5,-0.0032750892621084314,0.03911100622505859
11,CA0370600,"Escondido, CA",rape,-0.07310506870795891,-0.04241349694774589,0.039056575655462625
12,CA0370600,"Escondido, CA",rape,-0.07847115391076953,-0.05275438040627442,0.039137355706621
1,CA0370800,"La Mesa, CA",rape,-0.04387138027246358,-0.026604223610725394,0.040602418666913775
2,CA0370800,"La Mesa, CA",rape,-0.036816055652062446,-0.030989107043434747,0.04060152695625775
3,CA0370800,"La Mesa, CA",rape,-0.03844243170372693,-0.04800068355887938,0.04059816652051176
4,CA0370800,"La Mesa, CA",rape,9.843442890189009e-4,-0.004319192053597321,0.040607898031233026
5,CA0370800,"La Mesa, CA",rape,0.04975363918948855,0.05507223795607904,0.04059816652051176
6,CA0370800,"La Mesa, CA",rape,0.0540459096652648,0.05583617889072893,0.04060152695625775
7,CA0370800,"La Mesa, CA",rape,0.04279756554542923,0.03742422734466011,0.040602418666913775
8,CA0370800,"La Mesa, CA",rape,0.06016748517053278,0.05923299650105865,0.04060152695625776
9,CA0370800,"La Mesa, CA",rape,0.06286767594923165,0.0654245692825686,0.040598166520511764
10,CA0370800,"La Mesa, CA",rape,8.947043801548035e-5,-0.0065008116803373555,0.040607898031233026
11,CA0370800,"La Mesa, CA",rape,-0.07310506870795891,-0.08331612741370295,0.04059816652051176
12,CA0370800,"La Mesa, CA",rape,-0.07847115391076953,-0.07326006461441818,0.04060152695625775
1,CA0370900,"National City, CA",rape,-0.04387138027246358,-0.03963332896334681,0.040309711538792425
2,CA0370900,"National City, CA",rape,-0.036816055652062446,-0.025739419692229534,0.040312546001113315
3,CA0370900,"National City, CA",rape,-0.03844243170372693,-0.025177855713254024,0.040286675364020585
4,CA0370900,"National City, CA",rape,9.843442890189009e-4,0.009875054887909223,0.04029156601224466
5,CA0370900,"National City, CA",rape,0.04975363918948855,0.048244719292885575,0.04028667536402059
6,CA0370900,"National City, CA",rape,0.0540459096652648,0.04043431498817429,0.040312546001113315
7,CA0370900,"National City, CA",rape,0.04279756554542923,0.024585262456294884,0.040309711538792425
8,CA0370900,"National City, CA",rape,0.06016748517053278,0.04966797906571582,0.040312546001113315
9,CA0370900,"National City, CA",rape,0.06286767594923165,0.06415448159379226,0.04028667536402059
10,CA0370900,"National City, CA",rape,8.947043801548035e-5,0.005173011619142734,0.04029156601224466
11,CA0370900,"National City, CA",rape,-0.07310506870795891,-0.07217327866637188,0.040286675364020585
12,CA0370900,"National City, CA",rape,-0.07847115391076953,-0.07941094086871256,0.040312546001113315
1,CA0371000,"Oceanside, CA",rape,-0.04387138027246358,-0.07233122436344472,0.03829835733122746
2,CA0371000,"Oceanside, CA",rape,-0.036816055652062446,-0.05012025348560381,0.038308271727250626
3,CA0371000,"Oceanside, CA",rape,-0.03844243170372693,-0.0377111680914405,0.03828120835690643
4,CA0371000,"Oceanside, CA",rape,9.843442890189009e-4,0.0010683582352781064,0.03831097018321423
5,CA0371000,"Oceanside, CA",rape,0.04975363918948855,0.05454709695783073,0.03828120835690643
6,CA0371000,"Oceanside, CA",rape,0.0540459096652648,0.06649693719105285,0.038308271727250626
7,CA0371000,"Oceanside, CA",rape,0.04279756554542923,0.04324230347677149,0.03829835733122745
8,CA0371000,"Oceanside, CA",rape,0.06016748517053278,0.04356006618442966,0.038308271727250626
9,CA0371000,"Oceanside, CA",rape,0.06286767594923165,0.06023990167693958,0.03828120835690644
10,CA0371000,"Oceanside, CA",rape,8.947043801548035e-5,0.028020562651395145,0.03831097018321423
11,CA0371000,"Oceanside, CA",rape,-0.07310506870795891,-0.0479869096566566,0.03828120835690643
12,CA0371000,"Oceanside, CA",rape,-0.07847115391076953,-0.08902567077655194,0.03830827172725062
1,CA0371100,"San Diego, CA",rape,-0.04387138027246358,-0.06673907470369805,0.031227347927289293
2,CA0371100,"San Diego, CA",rape,-0.036816055652062446,-0.03764266657658681,0.031348009580214754
3,CA0371100,"San Diego, CA",rape,-0.03844243170372693,-0.023423515270067974,0.031349430998034
4,CA0371100,"San Diego, CA",rape,9.843442890189009e-4,-0.0063514631701347005,0.03133882123151146
5,CA0371100,"San Diego, CA",rape,0.04975363918948855,0.010195087779184486,0.03134943099803401
6,CA0371100,"San Diego, CA",rape,0.0540459096652648,0.020984034090241646,0.031348009580214754
7,CA0371100,"San Diego, CA",rape,0.04279756554542923,0.049119395191066104,0.03122734792728929
8,CA0371100,"San Diego, CA",rape,0.06016748517053278,0.09431004262735494,0.031348009580214754
9,CA0371100,"San Diego, CA",rape,0.06286767594923165,0.09771057083346808,0.03134943099803401
10,CA0371100,"San Diego, CA",rape,8.947043801548035e-5,0.023971142682766674,0.03133882123151146
11,CA0371100,"San Diego, CA",rape,-0.07310506870795891,-0.06686246382995265,0.031349430998034
12,CA0371100,"San Diego, CA",rape,-0.07847115391076953,-0.09527108965364174,0.031348009580214754
1,CA0380100,"San Francisco, CA",rape,-0.04387138027246358,-0.06662414395692988,0.03386913487173436
2,CA0380100,"San Francisco, CA",rape,-0.036816055652062446,-0.013580985691680716,0.03397183824788007
3,CA0380100,"San Francisco, CA",rape,-0.03844243170372693,0.005433198753786442,0.033916199875407095
4,CA0380100,"San Francisco, CA",rape,9.843442890189009e-4,0.019500288079341076,0.03392933127377112
5,CA0380100,"San Francisco, CA",rape,0.04975363918948855,0.03708714889869229,0.0339161998754071
6,CA0380100,"San Francisco, CA",rape,0.0540459096652648,0.03428819293171129,0.03397183824788007
7,CA0380100,"San Francisco, CA",rape,0.04279756554542923,0.02854039636250913,0.033869134871734353
8,CA0380100,"San Francisco, CA",rape,0.06016748517053278,0.054516698857119524,0.03397183824788007
9,CA0380100,"San Francisco, CA",rape,0.06286767594923165,0.07358626200607316,0.0339161998754071
10,CA0380100,"San Francisco, CA",rape,8.947043801548035e-5,0.01858345951507971,0.03392933127377112
11,CA0380100,"San Francisco, CA",rape,-0.07310506870795891,-0.07802286206413112,0.033916199875407095
12,CA0380100,"San Francisco, CA",rape,-0.07847115391076953,-0.11330765369157089,0.03397183824788007
1,CA0390300,"Manteca, CA",rape,-0.04387138027246358,-0.04102354083669513,0.040138962259536136
2,CA0390300,"Manteca, CA",rape,-0.036816055652062446,-0.04151131955660155,0.040128389211003236
3,CA0390300,"Manteca, CA",rape,-0.03844243170372693,-0.04163690363083849,0.04014012738504942
4,CA0390300,"Manteca, CA",rape,9.843442890189009e-4,0.013358943855836898,0.0401260931795967
5,CA0390300,"Manteca, CA",rape,0.04975363918948855,0.06233265229606774,0.04014012738504943
6,CA0390300,"Manteca, CA",rape,0.0540459096652648,0.04614669858933293,0.040128389211003236
7,CA0390300,"Manteca, CA",rape,0.04279756554542923,0.028748924381129044,0.040138962259536136
8,CA0390300,"Manteca, CA",rape,0.06016748517053278,0.0653089281386951,0.04012838921100324
9,CA0390300,"Manteca, CA",rape,0.06286767594923165,0.07770912866849816,0.040140127385049434
10,CA0390300,"Manteca, CA",rape,8.947043801548035e-5,-0.0010843274002707718,0.0401260931795967
11,CA0390300,"Manteca, CA",rape,-0.07310506870795891,-0.08613026087816132,0.04014012738504942
12,CA0390300,"Manteca, CA",rape,-0.07847115391076953,-0.08221892362699264,0.040128389211003236
1,CA0390600,"Tracy, CA",rape,-0.04387138027246358,-0.026388937336098303,0.04010824358062236
2,CA0390600,"Tracy, CA",rape,-0.036816055652062446,-0.010079262923150279,0.040087854775871415
3,CA0390600,"Tracy, CA",rape,-0.03844243170372693,-0.026531177525602648,0.0400696232436195
4,CA0390600,"Tracy, CA",rape,9.843442890189009e-4,-0.01234045132999782,0.04012498313121592
5,CA0390600,"Tracy, CA",rape,0.04975363918948855,0.034350477315438666,0.040069623243619505
6,CA0390600,"Tracy, CA",rape,0.0540459096652648,0.05824829846061035,0.040087854775871415
7,CA0390600,"Tracy, CA",rape,0.04279756554542923,0.05355838584714336,0.04010824358062235
8,CA0390600,"Tracy, CA",rape,0.06016748517053278,0.05437520273622559,0.04008785477587142
9,CA0390600,"Tracy, CA",rape,0.06286767594923165,0.043657668827632945,0.040069623243619505
10,CA0390600,"Tracy, CA",rape,8.947043801548035e-5,-0.014828997181047212,0.04012498313121592
11,CA0390600,"Tracy, CA",rape,-0.07310506870795891,-0.07864641712851399,0.0400696232436195
12,CA0390600,"Tracy, CA",rape,-0.07847115391076953,-0.07537478976264066,0.040087854775871415
1,CA0410000,"San Mateo, CA",rape,-0.04387138027246358,-0.006997369616012207,0.03874944660968834
2,CA0410000,"San Mateo, CA",rape,-0.036816055652062446,-0.026911341420709407,0.038741386754765406
3,CA0410000,"San Mateo, CA",rape,-0.03844243170372693,-0.047017144927938036,0.03872618483977525
4,CA0410000,"San Mateo, CA",rape,9.843442890189009e-4,0.0020588896034772586,0.03876059914820736
5,CA0410000,"San Mateo, CA",rape,0.04975363918948855,0.056801714273477945,0.03872618483977526
6,CA0410000,"San Mateo, CA",rape,0.0540459096652648,0.049304318196410186,0.038741386754765406
7,CA0410000,"San Mateo, CA",rape,0.04279756554542923,0.03312502263441115,0.038749446609688334
8,CA0410000,"San Mateo, CA",rape,0.06016748517053278,0.05627438724535247,0.038741386754765406
9,CA0410000,"San Mateo, CA",rape,0.06286767594923165,0.05025253773418219,0.03872618483977526
10,CA0410000,"San Mateo, CA",rape,8.947043801548035e-5,-0.028186542621876167,0.03876059914820736
11,CA0410000,"San Mateo, CA",rape,-0.07310506870795891,-0.08616476009812102,0.03872618483977525
12,CA0410000,"San Mateo, CA",rape,-0.07847115391076953,-0.05253971100265438,0.038741386754765406
1,CA0410600,"Daly City, CA",rape,-0.04387138027246358,-0.03912324921995899,0.0398545516950202
2,CA0410600,"Daly City, CA",rape,-0.036816055652062446,-0.027351497571771907,0.03988030693641726
3,CA0410600,"Daly City, CA",rape,-0.03844243170372693,-0.03270532490652386,0.03987561111166501
4,CA0410600,"Daly City, CA",rape,9.843442890189009e-4,0.007327142606875972,0.039870727565399514
5,CA0410600,"Daly City, CA",rape,0.04975363918948855,0.054983454095247,0.039875611111665016
6,CA0410600,"Daly City, CA",rape,0.0540459096652648,0.04762997969758622,0.03988030693641726
7,CA0410600,"Daly City, CA",rape,0.04279756554542923,0.029140105222015527,0.039854551695020196
8,CA0410600,"Daly City, CA",rape,0.06016748517053278,0.05798642159875036,0.03988030693641726
9,CA0410600,"Daly City, CA",rape,0.06286767594923165,0.07332339293144581,0.039875611111665016
10,CA0410600,"Daly City, CA",rape,8.947043801548035e-5,0.0026560013910675276,0.039870727565399514
11,CA0410600,"Daly City, CA",rape,-0.07310506870795891,-0.08561837812222547,0.03987561111166501
12,CA0410600,"Daly City, CA",rape,-0.07847115391076953,-0.0882480477225082,0.03988030693641726
1,CA0411300,"Redwood City, CA",rape,-0.04387138027246358,-0.059633743618098305,0.03943294650020859
2,CA0411300,"Redwood City, CA",rape,-0.036816055652062446,-0.06977149922948528,0.03945082731873405
3,CA0411300,"Redwood City, CA",rape,-0.03844243170372693,-0.0653767033912972,0.03949873175315763
4,CA0411300,"Redwood City, CA",rape,9.843442890189009e-4,-0.003764735350033072,0.03957195519512241
5,CA0411300,"Redwood City, CA",rape,0.04975363918948855,0.05190981428216146,0.039498731753157636
6,CA0411300,"Redwood City, CA",rape,0.0540459096652648,0.043426782143298266,0.03945082731873405
7,CA0411300,"Redwood City, CA",rape,0.04279756554542923,0.03081374500525178,0.039432946500208586
8,CA0411300,"Redwood City, CA",rape,0.06016748517053278,0.07130142036167467,0.03945082731873405
9,CA0411300,"Redwood City, CA",rape,0.06286767594923165,0.09572662313633315,0.039498731753157636
10,CA0411300,"Redwood City, CA",rape,8.947043801548035e-5,0.03258473396287962,0.03957195519512241
11,CA0411300,"Redwood City, CA",rape,-0.07310506870795891,-0.05343973541435089,0.03949873175315763
12,CA0411300,"Redwood City, CA",rape,-0.07847115391076953,-0.07377670188833421,0.03945082731873404
1,CA0420400,"Santa Maria, CA",rape,-0.04387138027246358,-0.027844364104983928,0.038302839105463594
2,CA0420400,"Santa Maria, CA",rape,-0.036816055652062446,-0.021919926872871223,0.0383514139006139
3,CA0420400,"Santa Maria, CA",rape,-0.03844243170372693,-0.039880171853802354,0.03833110112134509
4,CA0420400,"Santa Maria, CA",rape,9.843442890189009e-4,-0.020482611106593464,0.038348678544368686
5,CA0420400,"Santa Maria, CA",rape,0.04975363918948855,0.02296463645823302,0.0383311011213451
6,CA0420400,"Santa Maria, CA",rape,0.0540459096652648,0.0352930108680225,0.0383514139006139
7,CA0420400,"Santa Maria, CA",rape,0.04279756554542923,0.032506413532911275,0.03830283910546359
8,CA0420400,"Santa Maria, CA",rape,0.06016748517053278,0.05717198750845736,0.0383514139006139
9,CA0420400,"Santa Maria, CA",rape,0.06286767594923165,0.07047018306146118,0.0383311011213451
10,CA0420400,"Santa Maria, CA",rape,8.947043801548035e-5,0.015820561678666148,0.038348678544368686
11,CA0420400,"Santa Maria, CA",rape,-0.07310506870795891,-0.05821669709381918,0.03833110112134509
12,CA0420400,"Santa Maria, CA",rape,-0.07847115391076953,-0.06588302207568134,0.0383514139006139
1,CA0430400,"Gilroy, CA",rape,-0.04387138027246358,-0.04737736446628356,0.03969831496085995
2,CA0430400,"Gilroy, CA",rape,-0.036816055652062446,-0.01724979045533625,0.03974922016896369
3,CA0430400,"Gilroy, CA",rape,-0.03844243170372693,-0.025982854145315114,0.039713462974019606
4,CA0430400,"Gilroy, CA",rape,9.843442890189009e-4,-0.013422176671160614,0.03974963871583103
5,CA0430400,"Gilroy, CA",rape,0.04975363918948855,0.03672976868211553,0.03971346297401961
6,CA0430400,"Gilroy, CA",rape,0.0540459096652648,0.06539969180875414,0.03974922016896369
7,CA0430400,"Gilroy, CA",rape,0.04279756554542923,0.0547302585029575,0.039698314960859946
8,CA0430400,"Gilroy, CA",rape,0.06016748517053278,0.05052410564345288,0.0397492201689637
9,CA0430400,"Gilroy, CA",rape,0.06286767594923165,0.05190427529675783,0.03971346297401961
10,CA0430400,"Gilroy, CA",rape,8.947043801548035e-5,0.006069282634486698,0.03974963871583103
11,CA0430400,"Gilroy, CA",rape,-0.07310506870795891,-0.07000408387023217,0.039713462974019606
12,CA0430400,"Gilroy, CA",rape,-0.07847115391076953,-0.09132111296019686,0.03974922016896369
1,CA0431100,"Mountain View, CA",rape,-0.04387138027246358,-0.046166906686272394,0.040399466554737334
2,CA0431100,"Mountain View, CA",rape,-0.036816055652062446,-0.0249694815030473,0.040452245634798614
3,CA0431100,"Mountain View, CA",rape,-0.03844243170372693,-0.03381023288451592,0.04041706295392788
4,CA0431100,"Mountain View, CA",rape,9.843442890189009e-4,-0.00849798652371688,0.040440941363686866
5,CA0431100,"Mountain View, CA",rape,0.04975363918948855,0.04169034662958193,0.04041706295392788
6,CA0431100,"Mountain View, CA",rape,0.0540459096652648,0.053386649076830446,0.040452245634798614
7,CA0431100,"Mountain View, CA",rape,0.04279756554542923,0.04008109180431219,0.04039946655473733
8,CA0431100,"Mountain View, CA",rape,0.06016748517053278,0.057486645148230896,0.040452245634798614
9,CA0431100,"Mountain View, CA",rape,0.06286767594923165,0.07241321141165975,0.04041706295392788
10,CA0431100,"Mountain View, CA",rape,8.947043801548035e-5,0.014583801405677114,0.040440941363686866
11,CA0431100,"Mountain View, CA",rape,-0.07310506870795891,-0.07420751027476555,0.04041706295392788
12,CA0431100,"Mountain View, CA",rape,-0.07847115391076953,-0.09198962760397429,0.040452245634798614
1,CA0431200,"Palo Alto, CA",rape,-0.04387138027246358,-0.042638939720482785,0.04072036896309859
2,CA0431200,"Palo Alto, CA",rape,-0.036816055652062446,-0.027604531980916648,0.04073666229004834
3,CA0431200,"Palo Alto, CA",rape,-0.03844243170372693,-0.02225869351214153,0.04073373243368027
4,CA0431200,"Palo Alto, CA",rape,9.843442890189009e-4,0.014483509645952118,0.04074483387031499
5,CA0431200,"Palo Alto, CA",rape,0.04975363918948855,0.0524850995753452,0.040733732433680274
6,CA0431200,"Palo Alto, CA",rape,0.0540459096652648,0.048080268360755345,0.04073666229004834
7,CA0431200,"Palo Alto, CA",rape,0.04279756554542923,0.034686171060610976,0.04072036896309858
8,CA0431200,"Palo Alto, CA",rape,0.06016748517053278,0.05228597317236632,0.04073666229004834
9,CA0431200,"Palo Alto, CA",rape,0.06286767594923165,0.05489290336346305,0.04073373243368028
10,CA0431200,"Palo Alto, CA",rape,8.947043801548035e-5,-0.006530740986080278,0.04074483387031499
11,CA0431200,"Palo Alto, CA",rape,-0.07310506870795891,-0.0771665407667949,0.040733732433680274
12,CA0431200,"Palo Alto, CA",rape,-0.07847115391076953,-0.08071447821207688,0.04073666229004834
1,CA0431400,"Santa Clara, CA",rape,-0.04387138027246358,-0.03367974307122634,0.039813879306730804
2,CA0431400,"Santa Clara, CA",rape,-0.036816055652062446,-0.002621952977647626,0.039918733210135525
3,CA0431400,"Santa Clara, CA",rape,-0.03844243170372693,-0.01911331656261564,0.03983558531836325
4,CA0431400,"Santa Clara, CA",rape,9.843442890189009e-4,-0.007109218267566747,0.03988111936270082
5,CA0431400,"Santa Clara, CA",rape,0.04975363918948855,0.04061986542145052,0.03983558531836326
6,CA0431400,"Santa Clara, CA",rape,0.0540459096652648,0.05450990150544196,0.039918733210135525
7,CA0431400,"Santa Clara, CA",rape,0.04279756554542923,0.0348246818360317,0.0398138793067308
8,CA0431400,"Santa Clara, CA",rape,0.06016748517053278,0.04319483202181576,0.039918733210135525
9,CA0431400,"Santa Clara, CA",rape,0.06286767594923165,0.05854125684197846,0.03983558531836326
10,CA0431400,"Santa Clara, CA",rape,8.947043801548035e-5,0.005964279502761434,0.03988111936270082
11,CA0431400,"Santa Clara, CA",rape,-0.07310506870795891,-0.08119274446561867,0.03983558531836325
12,CA0431400,"Santa Clara, CA",rape,-0.07847115391076953,-0.09393784178480481,0.039918733210135525
1,CA0431600,"Sunnyvale, CA",rape,-0.04387138027246358,-0.05249065690753946,0.03955674918164837
2,CA0431600,"Sunnyvale, CA",rape,-0.036816055652062446,-0.06345927700342285,0.03958207342989598
3,CA0431600,"Sunnyvale, CA",rape,-0.03844243170372693,-0.05786432637440786,0.0395915160279367
4,CA0431600,"Sunnyvale, CA",rape,9.843442890189009e-4,0.0029122797571317044,0.03962114533249443
5,CA0431600,"Sunnyvale, CA",rape,0.04975363918948855,0.05520441720681838,0.03959151602793671
6,CA0431600,"Sunnyvale, CA",rape,0.0540459096652648,0.045670908282516416,0.03958207342989598
7,CA0431600,"Sunnyvale, CA",rape,0.04279756554542923,0.032391747627481995,0.039556749181648365
8,CA0431600,"Sunnyvale, CA",rape,0.06016748517053278,0.06561132869224956,0.03958207342989598
9,CA0431600,"Sunnyvale, CA",rape,0.06286767594923165,0.08011528734329205,0.03959151602793671
10,CA0431600,"Sunnyvale, CA",rape,8.947043801548035e-5,0.01718662952292579,0.03962114533249443
11,CA0431600,"Sunnyvale, CA",rape,-0.07310506870795891,-0.05735646889564511,0.0395915160279367
12,CA0431600,"Sunnyvale, CA",rape,-0.07847115391076953,-0.06792186925140062,0.03958207342989598
1,CA0440000,"Santa Cruz, CA",rape,-0.04387138027246358,-0.04297067933260333,0.039590824810825764
2,CA0440000,"Santa Cruz, CA",rape,-0.036816055652062446,-0.02722798669295559,0.0396027562891225
3,CA0440000,"Santa Cruz, CA",rape,-0.03844243170372693,-0.03241336530440218,0.039584971988376814
4,CA0440000,"Santa Cruz, CA",rape,9.843442890189009e-4,-0.007541772590185038,0.0396100219259966
5,CA0440000,"Santa Cruz, CA",rape,0.04975363918948855,0.03721245996352047,0.039584971988376814
6,CA0440000,"Santa Cruz, CA",rape,0.0540459096652648,0.05054211211485163,0.0396027562891225
7,CA0440000,"Santa Cruz, CA",rape,0.04279756554542923,0.04274748297094451,0.03959082481082576
8,CA0440000,"Santa Cruz, CA",rape,0.06016748517053278,0.055314192425831236,0.0396027562891225
9,CA0440000,"Santa Cruz, CA",rape,0.06286767594923165,0.06072276739893668,0.039584971988376814
10,CA0440000,"Santa Cruz, CA",rape,8.947043801548035e-5,0.0077649689518438925,0.0396100219259966
11,CA0440000,"Santa Cruz, CA",rape,-0.07310506870795891,-0.06529866569639613,0.039584971988376814
12,CA0440000,"Santa Cruz, CA",rape,-0.07847115391076953,-0.07885151420938614,0.0396027562891225
1,CA0440200,"Santa Cruz, CA",rape,-0.04387138027246358,-0.032393227277243225,0.03983150090116733
2,CA0440200,"Santa Cruz, CA",rape,-0.036816055652062446,-0.011922035865473525,0.03997398272676688
3,CA0440200,"Santa Cruz, CA",rape,-0.03844243170372693,-0.007943191377344715,0.03994944565837607
4,CA0440200,"Santa Cruz, CA",rape,9.843442890189009e-4,0.017941272571945558,0.039890823533265334
5,CA0440200,"Santa Cruz, CA",rape,0.04975363918948855,0.037645900154395215,0.03994944565837607
6,CA0440200,"Santa Cruz, CA",rape,0.0540459096652648,0.02801694045774966,0.03997398272676688
7,CA0440200,"Santa Cruz, CA",rape,0.04279756554542923,0.03384353374888467,0.03983150090116732
8,CA0440200,"Santa Cruz, CA",rape,0.06016748517053278,0.07090751191330351,0.03997398272676688
9,CA0440200,"Santa Cruz, CA",rape,0.06286767594923165,0.0654783609535333,0.039949445658376076
10,CA0440200,"Santa Cruz, CA",rape,8.947043801548035e-5,-0.019391579043586973,0.039890823533265334
11,CA0440200,"Santa Cruz, CA",rape,-0.07310506870795891,-0.09663137620222521,0.03994944565837607
12,CA0440200,"Santa Cruz, CA",rape,-0.07847115391076953,-0.08555211003393827,0.03997398272676688
1,CA0480300,"Fairfield, CA",rape,-0.04387138027246358,-0.03381859764509604,0.038731702761236865
2,CA0480300,"Fairfield, CA",rape,-0.036816055652062446,-0.03375122364949594,0.0387637858145563
3,CA0480300,"Fairfield, CA",rape,-0.03844243170372693,-0.04655191955606659,0.03882634085402272
4,CA0480300,"Fairfield, CA",rape,9.843442890189009e-4,0.013057528034835507,0.03880955492377337
5,CA0480300,"Fairfield, CA",rape,0.04975363918948855,0.0877928543896291,0.03882634085402273
6,CA0480300,"Fairfield, CA",rape,0.0540459096652648,0.07893686429882205,0.0387637858145563
7,CA0480300,"Fairfield, CA",rape,0.04279756554542923,0.03346152471240074,0.038731702761236865
8,CA0480300,"Fairfield, CA",rape,0.06016748517053278,0.04237453877909697,0.0387637858145563
9,CA0480300,"Fairfield, CA",rape,0.06286767594923165,0.055532307618362975,0.03882634085402273
10,CA0480300,"Fairfield, CA",rape,8.947043801548035e-5,-0.012700455102140155,0.03880955492377337
11,CA0480300,"Fairfield, CA",rape,-0.07310506870795891,-0.09641616951923015,0.03882634085402272
12,CA0480300,"Fairfield, CA",rape,-0.07847115391076953,-0.08791725236111847,0.0387637858145563
1,CA0480600,"Vacaville, CA",rape,-0.04387138027246358,-0.061847103940515555,0.03954589853799051
2,CA0480600,"Vacaville, CA",rape,-0.036816055652062446,-0.049380640526938795,0.039568195331558496
3,CA0480600,"Vacaville, CA",rape,-0.03844243170372693,-0.05805901553180014,0.039461239419716604
4,CA0480600,"Vacaville, CA",rape,9.843442890189009e-4,-0.023333497296278937,0.039479376760757134
5,CA0480600,"Vacaville, CA",rape,0.04975363918948855,0.04503432825542074,0.03946123941971661
6,CA0480600,"Vacaville, CA",rape,0.0540459096652648,0.07835025826238468,0.039568195331558496
7,CA0480600,"Vacaville, CA",rape,0.04279756554542923,0.07513045315071509,0.0395458985379905
8,CA0480600,"Vacaville, CA",rape,0.06016748517053278,0.08175071305766098,0.039568195331558496
9,CA0480600,"Vacaville, CA",rape,0.06286767594923165,0.07714573885232281,0.03946123941971661
10,CA0480600,"Vacaville, CA",rape,8.947043801548035e-5,0.010050148086079425,0.039479376760757134
11,CA0480600,"Vacaville, CA",rape,-0.07310506870795891,-0.07740440078614294,0.039461239419716604
12,CA0480600,"Vacaville, CA",rape,-0.07847115391076953,-0.09743698158290735,0.039568195331558496
1,CA0480700,"Vallejo, CA",rape,-0.04387138027246358,-0.06980341918933525,0.037449076213040285
2,CA0480700,"Vallejo, CA",rape,-0.036816055652062446,-0.04839199791594467,0.03751471347867731
3,CA0480700,"Vallejo, CA",rape,-0.03844243170372693,-0.04133135800129013,0.037550040758982224
4,CA0480700,"Vallejo, CA",rape,9.843442890189009e-4,-0.014495685627488373,0.03758513617307537
5,CA0480700,"Vallejo, CA",rape,0.04975363918948855,0.02386562887806897,0.037550040758982224
6,CA0480700,"Vallejo, CA",rape,0.0540459096652648,0.03909667978918903,0.03751471347867731
7,CA0480700,"Vallejo, CA",rape,0.04279756554542923,0.04785095614715237,0.03744907621304028
8,CA0480700,"Vallejo, CA",rape,0.06016748517053278,0.08019493830443437,0.03751471347867731
9,CA0480700,"Vallejo, CA",rape,0.06286767594923165,0.09508676143196275,0.037550040758982224
10,CA0480700,"Vallejo, CA",rape,8.947043801548035e-5,0.03644814866967128,0.03758513617307537
11,CA0480700,"Vallejo, CA",rape,-0.07310506870795891,-0.05566856926655871,0.037550040758982224
12,CA0480700,"Vallejo, CA",rape,-0.07847115391076953,-0.09285208321986163,0.03751471347867731
1,CA0490000,"Sonoma, CA",rape,-0.04387138027246358,-0.05053596119132192,0.03834229523732472
2,CA0490000,"Sonoma, CA",rape,-0.036816055652062446,-0.05210166315715156,0.03834645186456541
3,CA0490000,"Sonoma, CA",rape,-0.03844243170372693,-0.06441281160980292,0.03831129506867257
4,CA0490000,"Sonoma, CA",rape,9.843442890189009e-4,-0.027295523290299797,0.03834322335503353
5,CA0490000,"Sonoma, CA",rape,0.04975363918948855,0.0463371857541828,0.03831129506867258
6,CA0490000,"Sonoma, CA",rape,0.0540459096652648,0.08763531229488009,0.03834645186456541
7,CA0490000,"Sonoma, CA",rape,0.04279756554542923,0.08400496304476482,0.038342295237324714
8,CA0490000,"Sonoma, CA",rape,0.06016748517053278,0.07328856053975977,0.03834645186456541
9,CA0490000,"Sonoma, CA",rape,0.06286767594923165,0.052130707138968245,0.03831129506867258
10,CA0490000,"Sonoma, CA",rape,8.947043801548035e-5,-0.006173478563143077,0.03834322335503353
11,CA0490000,"Sonoma, CA",rape,-0.07310506870795891,-0.06752408313679102,0.03831129506867257
12,CA0490000,"Sonoma, CA",rape,-0.07847115391076953,-0.0753532078240454,0.03834645186456541
1,CA0490500,"Santa Rosa, CA",rape,-0.04387138027246358,-0.04571364149511761,0.036624872079776986
2,CA0490500,"Santa Rosa, CA",rape,-0.036816055652062446,-0.04775736030708269,0.03666084167767673
3,CA0490500,"Santa Rosa, CA",rape,-0.03844243170372693,-0.039785652163028096,0.03662068067934177
4,CA0490500,"Santa Rosa, CA",rape,9.843442890189009e-4,0.016983835468393903,0.03666937150671383
5,CA0490500,"Santa Rosa, CA",rape,0.04975363918948855,0.05797857603716707,0.03662068067934178
6,CA0490500,"Santa Rosa, CA",rape,0.0540459096652648,0.03888234295034489,0.03666084167767673
7,CA0490500,"Santa Rosa, CA",rape,0.04279756554542923,0.0281782058618808,0.036624872079776986
8,CA0490500,"Santa Rosa, CA",rape,0.06016748517053278,0.06848446353211274,0.03666084167767673
9,CA0490500,"Santa Rosa, CA",rape,0.06286767594923165,0.078048191021295,0.03662068067934178
10,CA0490500,"Santa Rosa, CA",rape,8.947043801548035e-5,5.516001648429522e-4,0.03666937150671383
11,CA0490500,"Santa Rosa, CA",rape,-0.07310506870795891,-0.07870567926219715,0.03662068067934177
12,CA0490500,"Santa Rosa, CA",rape,-0.07847115391076953,-0.07714488180861183,0.03666084167767673
1,CA0490800,"Petaluma, CA",rape,-0.04387138027246358,-0.03547200637688325,0.03990758538356124
2,CA0490800,"Petaluma, CA",rape,-0.036816055652062446,-0.034476750954704045,0.03993478139323602
3,CA0490800,"Petaluma, CA",rape,-0.03844243170372693,-0.03395020227896222,0.039897810525585074
4,CA0490800,"Petaluma, CA",rape,9.843442890189009e-4,0.0068824837465593465,0.0399070957169228
5,CA0490800,"Petaluma, CA",rape,0.04975363918948855,0.04106019809840264,0.039897810525585074
6,CA0490800,"Petaluma, CA",rape,0.0540459096652648,0.028304003700733247,0.03993478139323602
7,CA0490800,"Petaluma, CA",rape,0.04279756554542923,0.022569476353293587,0.039907585383561234
8,CA0490800,"Petaluma, CA",rape,0.06016748517053278,0.061236877905646026,0.03993478139323602
9,CA0490800,"Petaluma, CA",rape,0.06286767594923165,0.0736128592534939,0.03989781052558508
10,CA0490800,"Petaluma, CA",rape,8.947043801548035e-5,0.00602004627703035,0.0399070957169228
11,CA0490800,"Petaluma, CA",rape,-0.07310506870795891,-0.06782032504934465,0.039897810525585074
12,CA0490800,"Petaluma, CA",rape,-0.07847115391076953,-0.06796666067526494,0.03993478139323602
1,CA0540000,"Tulare, CA",rape,-0.04387138027246358,-0.06251984794215949,0.03952668680876429
2,CA0540000,"Tulare, CA",rape,-0.036816055652062446,-0.06743070343767382,0.039571608213529556
3,CA0540000,"Tulare, CA",rape,-0.03844243170372693,-0.04980506835197105,0.03946012944474207
4,CA0540000,"Tulare, CA",rape,9.843442890189009e-4,0.016527913562458686,0.03949652692985207
5,CA0540000,"Tulare, CA",rape,0.04975363918948855,0.06118093168101214,0.03946012944474208
6,CA0540000,"Tulare, CA",rape,0.0540459096652648,0.04949745021731716,0.039571608213529556
7,CA0540000,"Tulare, CA",rape,0.04279756554542923,0.05000432493765244,0.03952668680876428
8,CA0540000,"Tulare, CA",rape,0.06016748517053278,0.08983853417323205,0.039571608213529556
9,CA0540000,"Tulare, CA",rape,0.06286767594923165,0.08472842209203638,0.03946012944474208
10,CA0540000,"Tulare, CA",rape,8.947043801548035e-5,-0.004012390557951593,0.03949652692985207
11,CA0540000,"Tulare, CA",rape,-0.07310506870795891,-0.08358876241657041,0.03946012944474207
12,CA0540000,"Tulare, CA",rape,-0.07847115391076953,-0.08442080395738251,0.039571608213529556
1,CA0540500,"Porterville, CA",rape,-0.04387138027246358,-0.03976037020481095,0.04038893151832416
2,CA0540500,"Porterville, CA",rape,-0.036816055652062446,-0.035636518540199044,0.040392361174452045
3,CA0540500,"Porterville, CA",rape,-0.03844243170372693,-0.045326359762954634,0.0403915784286564
4,CA0540500,"Porterville, CA",rape,9.843442890189009e-4,-0.013595646567390252,0.04040524558141963
5,CA0540500,"Porterville, CA",rape,0.04975363918948855,0.042718584073700536,0.0403915784286564
6,CA0540500,"Porterville, CA",rape,0.0540459096652648,0.06405501070842175,0.040392361174452045
7,CA0540500,"Porterville, CA",rape,0.04279756554542923,0.05545326737146769,0.04038893151832415
8,CA0540500,"Porterville, CA",rape,0.06016748517053278,0.05794615405073762,0.040392361174452045
9,CA0540500,"Porterville, CA",rape,0.06286767594923165,0.0519430981068365,0.0403915784286564
10,CA0540500,"Porterville, CA",rape,8.947043801548035e-5,-0.0020972505992664673,0.04040524558141963
11,CA0540500,"Porterville, CA",rape,-0.07310506870795891,-0.06502821958423913,0.0403915784286564
12,CA0540500,"Porterville, CA",rape,-0.07847115391076953,-0.07067174905230361,0.040392361174452045
1,CA0540600,"Tulare, CA",rape,-0.04387138027246358,-0.02779096023898323,0.03950023246555225
2,CA0540600,"Tulare, CA",rape,-0.036816055652062446,-0.035851266410724156,0.03949594417516939
3,CA0540600,"Tulare, CA",rape,-0.03844243170372693,-0.05133259306608872,0.03951101108164034
4,CA0540600,"Tulare, CA",rape,9.843442890189009e-4,-0.0019949442103888767,0.03949869908034375
5,CA0540600,"Tulare, CA",rape,0.04975363918948855,0.05983780988321867,0.039511011081640346
6,CA0540600,"Tulare, CA",rape,0.0540459096652648,0.057886588627066415,0.03949594417516939
7,CA0540600,"Tulare, CA",rape,0.04279756554542923,0.03684488410503769,0.039500232465552246
8,CA0540600,"Tulare, CA",rape,0.06016748517053278,0.0587478819747715,0.03949594417516939
9,CA0540600,"Tulare, CA",rape,0.06286767594923165,0.06517528476408165,0.039511011081640346
10,CA0540600,"Tulare, CA",rape,8.947043801548035e-5,-0.007058979655665545,0.03949869908034375
11,CA0540600,"Tulare, CA",rape,-0.07310506870795891,-0.08273442544726603,0.03951101108164034
12,CA0540600,"Tulare, CA",rape,-0.07847115391076953,-0.07172928032505937,0.03949594417516939
1,CA0540700,"Visalia, CA",rape,-0.04387138027246358,-0.04391857565996643,0.037379441363722635
2,CA0540700,"Visalia, CA",rape,-0.036816055652062446,-0.021031684801348736,0.037492843592212326
3,CA0540700,"Visalia, CA",rape,-0.03844243170372693,-0.015015094019809529,0.037472131354229554
4,CA0540700,"Visalia, CA",rape,9.843442890189009e-4,0.01446884234685306,0.037471612051967536
5,CA0540700,"Visalia, CA",rape,0.04975363918948855,0.0453033028900643,0.037472131354229554
6,CA0540700,"Visalia, CA",rape,0.0540459096652648,0.04440870779396419,0.037492843592212326
7,CA0540700,"Visalia, CA",rape,0.04279756554542923,0.04351967179780708,0.03737944136372263
8,CA0540700,"Visalia, CA",rape,0.06016748517053278,0.0678379313402808,0.037492843592212326
9,CA0540700,"Visalia, CA",rape,0.06286767594923165,0.06222024442090099,0.03747213135422956
10,CA0540700,"Visalia, CA",rape,8.947043801548035e-5,-0.014069938484693671,0.037471612051967536
11,CA0540700,"Visalia, CA",rape,-0.07310506870795891,-0.09210954942899638,0.037472131354229554
12,CA0540700,"Visalia, CA",rape,-0.07847115391076953,-0.09161385819505566,0.037492843592212326
1,CA0560100,"Camarillo, CA",rape,-0.04387138027246358,-0.03573842912350786,0.04086854438692559
2,CA0560100,"Camarillo, CA",rape,-0.036816055652062446,-0.0281525110176747,0.0408874819275727
3,CA0560100,"Camarillo, CA",rape,-0.03844243170372693,-0.0402972343610096,0.040866653929923995
4,CA0560100,"Camarillo, CA",rape,9.843442890189009e-4,-0.006512685368584605,0.04087841930882387
5,CA0560100,"Camarillo, CA",rape,0.04975363918948855,0.048970294133830666,0.040866653929924
6,CA0560100,"Camarillo, CA",rape,0.0540459096652648,0.056718972301615024,0.0408874819275727
7,CA0560100,"Camarillo, CA",rape,0.04279756554542923,0.03715611860024376,0.04086854438692558
8,CA0560100,"Camarillo, CA",rape,0.06016748517053278,0.04957078581076086,0.0408874819275727
9,CA0560100,"Camarillo, CA",rape,0.06286767594923165,0.06029781967735989,0.040866653929924
10,CA0560100,"Camarillo, CA",rape,8.947043801548035e-5,0.00509499589184874,0.04087841930882387
11,CA0560100,"Camarillo, CA",rape,-0.07310506870795891,-0.07038856892691685,0.040866653929923995
12,CA0560100,"Camarillo, CA",rape,-0.07847115391076953,-0.07671955761796534,0.0408874819275727
1,CA0560400,"Oxnard, CA",rape,-0.04387138027246358,-0.027549199943597613,0.03811568447350484
2,CA0560400,"Oxnard, CA",rape,-0.036816055652062446,-0.017398378981516534,0.038118877898137685
3,CA0560400,"Oxnard, CA",rape,-0.03844243170372693,-0.037993737866140784,0.038144949529118094
4,CA0560400,"Oxnard, CA",rape,9.843442890189009e-4,0.0025166152135124497,0.03809347488728497
5,CA0560400,"Oxnard, CA",rape,0.04975363918948855,0.06084054708939546,0.0381449495291181
6,CA0560400,"Oxnard, CA",rape,0.0540459096652648,0.047613663920486174,0.038118877898137685
7,CA0560400,"Oxnard, CA",rape,0.04279756554542923,0.015737672779592544,0.038115684473504836
8,CA0560400,"Oxnard, CA",rape,0.06016748517053278,0.05181358214584593,0.038118877898137685
9,CA0560400,"Oxnard, CA",rape,0.06286767594923165,0.08422046819447529,0.03814494952911811
10,CA0560400,"Oxnard, CA",rape,8.947043801548035e-5,0.009294911950492679,0.03809347488728497
11,CA0560400,"Oxnard, CA",rape,-0.07310506870795891,-0.09525575025372487,0.0381449495291181
12,CA0560400,"Oxnard, CA",rape,-0.07847115391076953,-0.09384039424882074,0.038118877898137685
1,CA0560700,"Thousand Oaks, CA",rape,-0.04387138027246358,-0.05062761015397824,0.04055088120190785
2,CA0560700,"Thousand Oaks, CA",rape,-0.036816055652062446,-0.03817052952941579,0.04054578572719417
3,CA0560700,"Thousand Oaks, CA",rape,-0.03844243170372693,-0.045511279217337545,0.04054481262624011
4,CA0560700,"Thousand Oaks, CA",rape,9.843442890189009e-4,-0.01887198055417417,0.04055380614101277
5,CA0560700,"Thousand Oaks, CA",rape,0.04975363918948855,0.040685676635313514,0.04054481262624011
6,CA0560700,"Thousand Oaks, CA",rape,0.0540459096652648,0.07367322528302231,0.04054578572719417
7,CA0560700,"Thousand Oaks, CA",rape,0.04279756554542923,0.06733935592685286,0.04055088120190784
8,CA0560700,"Thousand Oaks, CA",rape,0.06016748517053278,0.06079434117238614,0.04054578572719417
9,CA0560700,"Thousand Oaks, CA",rape,0.06286767594923165,0.051423345087433306,0.040544812626240115
10,CA0560700,"Thousand Oaks, CA",rape,8.947043801548035e-5,0.0021602347812995754,0.04055380614101277
11,CA0560700,"Thousand Oaks, CA",rape,-0.07310506870795891,-0.06330948827828388,0.04054481262624011
12,CA0560700,"Thousand Oaks, CA",rape,-0.07847115391076953,-0.07958529115311806,0.04054578572719417
1,CA0560800,"Ventura, CA",rape,-0.04387138027246358,-0.03405726240292287,0.039281439292684295
2,CA0560800,"Ventura, CA",rape,-0.036816055652062446,-0.04347370504243655,0.039358369101695975
3,CA0560800,"Ventura, CA",rape,-0.03844243170372693,-0.046920226599437384,0.03931894492518862
4,CA0560800,"Ventura, CA",rape,9.843442890189009e-4,0.0024342499302867347,0.03935270707876795
5,CA0560800,"Ventura, CA",rape,0.04975363918948855,0.045051498817263086,0.03931894492518863
6,CA0560800,"Ventura, CA",rape,0.0540459096652648,0.03822394399162446,0.039358369101695975
7,CA0560800,"Ventura, CA",rape,0.04279756554542923,0.04185855227100098,0.039281439292684295
8,CA0560800,"Ventura, CA",rape,0.06016748517053278,0.08341428167509332,0.039358369101695975
9,CA0560800,"Ventura, CA",rape,0.06286767594923165,0.07905951336401609,0.03931894492518863
10,CA0560800,"Ventura, CA",rape,8.947043801548035e-5,-0.010235539798364808,0.03935270707876795
11,CA0560800,"Ventura, CA",rape,-0.07310506870795891,-0.08499207544991988,0.03931894492518863
12,CA0560800,"Ventura, CA",rape,-0.07847115391076953,-0.07036323075620318,0.039358369101695975
1,CA0560900,"Simi Valley, CA",rape,-0.04387138027246358,-0.039621855185403065,0.03999641188812716
2,CA0560900,"Simi Valley, CA",rape,-0.036816055652062446,-0.03845634932540126,0.040023249402392366
3,CA0560900,"Simi Valley, CA",rape,-0.03844243170372693,-0.038794842676934685,0.04000736966979536
4,CA0560900,"Simi Valley, CA",rape,9.843442890189009e-4,0.001787065975630871,0.04002137156321417
5,CA0560900,"Simi Valley, CA",rape,0.04975363918948855,0.04166866084561477,0.040007369669795366
6,CA0560900,"Simi Valley, CA",rape,0.0540459096652648,0.036918689532504004,0.040023249402392366
7,CA0560900,"Simi Valley, CA",rape,0.04279756554542923,0.03158654700434552,0.03999641188812715
8,CA0560900,"Simi Valley, CA",rape,0.06016748517053278,0.0632871147292267,0.040023249402392366
9,CA0560900,"Simi Valley, CA",rape,0.06286767594923165,0.0716609162618177,0.04000736966979537
10,CA0560900,"Simi Valley, CA",rape,8.947043801548035e-5,0.006248242205426709,0.04002137156321417
11,CA0560900,"Simi Valley, CA",rape,-0.07310506870795891,-0.06649942624944022,0.04000736966979536
12,CA0560900,"Simi Valley, CA",rape,-0.07847115391076953,-0.06978476311738704,0.040023249402392366
1,CA0570100,"Davis, CA",rape,-0.04387138027246358,-0.03433884244749051,0.040373075362827346
2,CA0570100,"Davis, CA",rape,-0.036816055652062446,-0.018248629759577206,0.040426324763680396
3,CA0570100,"Davis, CA",rape,-0.03844243170372693,-0.03758166880840552,0.04038083876074883
4,CA0570100,"Davis, CA",rape,9.843442890189009e-4,-0.01882643743002447,0.040422837414164726
5,CA0570100,"Davis, CA",rape,0.04975363918948855,0.0351888498386535,0.040380838760748834
6,CA0570100,"Davis, CA",rape,0.0540459096652648,0.05461239822052132,0.040426324763680396
7,CA0570100,"Davis, CA",rape,0.04279756554542923,0.04213987920695508,0.04037307536282734
8,CA0570100,"Davis, CA",rape,0.06016748517053278,0.053636358739931174,0.040426324763680396
9,CA0570100,"Davis, CA",rape,0.06286767594923165,0.06516836102929495,0.040380838760748834
10,CA0570100,"Davis, CA",rape,8.947043801548035e-5,0.011025400670559933,0.040422837414164726
11,CA0570100,"Davis, CA",rape,-0.07310506870795891,-0.07057657881900749,0.04038083876074883
12,CA0570100,"Davis, CA",rape,-0.07847115391076953,-0.08219909044141077,0.04042632476368039
1,CO0010000,"Adams, CO",rape,-0.04387138027246358,-0.03690737085206898,0.038190658244656235
2,CO0010000,"Adams, CO",rape,-0.036816055652062446,-0.05625652159548639,0.03818075195960349
3,CO0010000,"Adams, CO",rape,-0.03844243170372693,-0.06564554364526849,0.03813276375586261
4,CO0010000,"Adams, CO",rape,9.843442890189009e-4,0.0031673013410298285,0.03816304661212453
5,CO0010000,"Adams, CO",rape,0.04975363918948855,0.07626607016916251,0.038132763755862616
6,CO0010000,"Adams, CO",rape,0.0540459096652648,0.07890633217199833,0.03818075195960349
7,CO0010000,"Adams, CO",rape,0.04279756554542923,0.06583738938786005,0.03819065824465623
8,CO0010000,"Adams, CO",rape,0.06016748517053278,0.08512960735755577,0.03818075195960349
9,CO0010000,"Adams, CO",rape,0.06286767594923165,0.06558861087154684,0.038132763755862616
10,CO0010000,"Adams, CO",rape,8.947043801548035e-5,-0.03209731987682086,0.03816304661212453
11,CO0010000,"Adams, CO",rape,-0.07310506870795891,-0.10513915593123191,0.03813276375586261
12,CO0010000,"Adams, CO",rape,-0.07847115391076953,-0.07884939939827669,0.038180751959603486
1,CO0010100,"Aurora, CO",rape,-0.04387138027246358,-0.02743102170750035,0.032410756690718905
2,CO0010100,"Aurora, CO",rape,-0.036816055652062446,-0.04334020028626004,0.0326117651859993
3,CO0010100,"Aurora, CO",rape,-0.03844243170372693,-0.027999865674375193,0.032443434480569446
4,CO0010100,"Aurora, CO",rape,9.843442890189009e-4,0.0036291441187582462,0.032671495729765736
5,CO0010100,"Aurora, CO",rape,0.04975363918948855,0.004637931664091294,0.03244343448056945
6,CO0010100,"Aurora, CO",rape,0.0540459096652648,0.008584296104621691,0.0326117651859993
7,CO0010100,"Aurora, CO",rape,0.04279756554542923,0.06285599656087806,0.0324107566907189
8,CO0010100,"Aurora, CO",rape,0.06016748517053278,0.10611643104787735,0.0326117651859993
9,CO0010100,"Aurora, CO",rape,0.06286767594923165,0.055351121582614835,0.03244343448056945
10,CO0010100,"Aurora, CO",rape,8.947043801548035e-5,-0.03905411897213595,0.032671495729765736
11,CO0010100,"Aurora, CO",rape,-0.07310506870795891,-0.06741416242570863,0.032443434480569446
12,CO0010100,"Aurora, CO",rape,-0.07847115391076953,-0.03593555201286132,0.0326117651859993
1,CO0010400,"Thornton, CO",rape,-0.04387138027246358,0.0019610561255314555,0.03612112425012986
2,CO0010400,"Thornton, CO",rape,-0.036816055652062446,-0.023130751764944092,0.03609854695729676
3,CO0010400,"Thornton, CO",rape,-0.03844243170372693,-0.06361222322354808,0.03608651998054419
4,CO0010400,"Thornton, CO",rape,9.843442890189009e-4,-0.04572895766769665,0.03622999495441324
5,CO0010400,"Thornton, CO",rape,0.04975363918948855,0.013283773629384321,0.0360865199805442
6,CO0010400,"Thornton, CO",rape,0.0540459096652648,0.04719903775779056,0.03609854695729676
7,CO0010400,"Thornton, CO",rape,0.04279756554542923,0.05208383315314821,0.03612112425012985
8,CO0010400,"Thornton, CO",rape,0.06016748517053278,0.057261999629062636,0.03609854695729676
9,CO0010400,"Thornton, CO",rape,0.06286767594923165,0.043698581808986975,0.0360865199805442
10,CO0010400,"Thornton, CO",rape,8.947043801548035e-5,-0.008315931610982995,0.03622999495441324
11,CO0010400,"Thornton, CO",rape,-0.07310506870795891,-0.047415021493502865,0.03608651998054419
12,CO0010400,"Thornton, CO",rape,-0.07847115391076953,-0.027285396343229476,0.03609854695729675
1,CO0030000,"Arapahoe, CO",rape,-0.04387138027246358,-0.027508908049404715,0.03991756326077774
2,CO0030000,"Arapahoe, CO",rape,-0.036816055652062446,-0.03390154932916377,0.03994167597997444
3,CO0030000,"Arapahoe, CO",rape,-0.03844243170372693,-0.05416390127547105,0.039943600643285344
4,CO0030000,"Arapahoe, CO",rape,9.843442890189009e-4,-0.007018263074494872,0.039924484343725794
5,CO0030000,"Arapahoe, CO",rape,0.04975363918948855,0.06251634301024064,0.03994360064328535
6,CO0030000,"Arapahoe, CO",rape,0.0540459096652648,0.06441162215082737,0.03994167597997444
7,CO0030000,"Arapahoe, CO",rape,0.04279756554542923,0.03299129588381835,0.039917563260777736
8,CO0030000,"Arapahoe, CO",rape,0.06016748517053278,0.04606427531907403,0.03994167597997444
9,CO0030000,"Arapahoe, CO",rape,0.06286767594923165,0.06084423943096773,0.03994360064328535
10,CO0030000,"Arapahoe, CO",rape,8.947043801548035e-5,0.0015358752400812781,0.039924484343725794
11,CO0030000,"Arapahoe, CO",rape,-0.07310506870795891,-0.07467906900015094,0.039943600643285344
12,CO0030000,"Arapahoe, CO",rape,-0.07847115391076953,-0.07109196030632407,0.03994167597997444
1,CO0031100,"Centennial, CO",rape,-0.04387138027246358,-0.04888684976515398,0.04040295265513694
2,CO0031100,"Centennial, CO",rape,-0.036816055652062446,-0.052732558150857534,0.04048605786979122
3,CO0031100,"Centennial, CO",rape,-0.03844243170372693,-0.03950031044785525,0.040419096258659346
4,CO0031100,"Centennial, CO",rape,9.843442890189009e-4,0.013725851924114185,0.040485297880284245
5,CO0031100,"Centennial, CO",rape,0.04975363918948855,0.0457978423842365,0.04041909625865935
6,CO0031100,"Centennial, CO",rape,0.0540459096652648,0.03230744660749173,0.04048605786979122
7,CO0031100,"Centennial, CO",rape,0.04279756554542923,0.03828361586086724,0.04040295265513693
8,CO0031100,"Centennial, CO",rape,0.06016748517053278,0.08182064377189838,0.04048605786979122
9,CO0031100,"Centennial, CO",rape,0.06286767594923165,0.07919162997318288,0.04041909625865936
10,CO0031100,"Centennial, CO",rape,8.947043801548035e-5,-0.003122618019827417,0.040485297880284245
11,CO0031100,"Centennial, CO",rape,-0.07310506870795891,-0.07488592800527738,0.040419096258659346
12,CO0031100,"Centennial, CO",rape,-0.07847115391076953,-0.07199876613281936,0.04048605786979122
1,CO0070100,"Boulder, CO",rape,-0.04387138027246358,-0.02876256954556263,0.039365850057436425
2,CO0070100,"Boulder, CO",rape,-0.036816055652062446,-0.05224284582941689,0.039422975621809846
3,CO0070100,"Boulder, CO",rape,-0.03844243170372693,-0.04967965320923417,0.039459793899960814
4,CO0070100,"Boulder, CO",rape,9.843442890189009e-4,0.018475926432637874,0.03944632257053846
5,CO0070100,"Boulder, CO",rape,0.04975363918948855,0.043640363492244545,0.039459793899960814
6,CO0070100,"Boulder, CO",rape,0.0540459096652648,-0.0063826500980000925,0.039422975621809846
7,CO0070100,"Boulder, CO",rape,0.04279756554542923,-0.0018726987028968042,0.039365850057436425
8,CO0070100,"Boulder, CO",rape,0.06016748517053278,0.09262858375350039,0.039422975621809846
9,CO0070100,"Boulder, CO",rape,0.06286767594923165,0.12070065938177715,0.03945979389996082
10,CO0070100,"Boulder, CO",rape,8.947043801548035e-5,0.01215934181582161,0.03944632257053846
11,CO0070100,"Boulder, CO",rape,-0.07310506870795891,-0.08402610141632808,0.039459793899960814
12,CO0070100,"Boulder, CO",rape,-0.07847115391076953,-0.06463835607454292,0.039422975621809846
1,CO0180000,"Douglas, CO",rape,-0.04387138027246358,-0.012097001446244747,0.037415623243876685
2,CO0180000,"Douglas, CO",rape,-0.036816055652062446,-0.016132377423504117,0.03741620515335708
3,CO0180000,"Douglas, CO",rape,-0.03844243170372693,-0.03993692708124979,0.0373592712118701
4,CO0180000,"Douglas, CO",rape,9.843442890189009e-4,-0.0022926797219740974,0.03729377275429747
5,CO0180000,"Douglas, CO",rape,0.04975363918948855,0.04509917998918044,0.037359271211870104
6,CO0180000,"Douglas, CO",rape,0.0540459096652648,0.02396496534354132,0.03741620515335708
7,CO0180000,"Douglas, CO",rape,0.04279756554542923,-0.003459448415143668,0.03741562324387668
8,CO0180000,"Douglas, CO",rape,0.06016748517053278,0.041443420245888776,0.03741620515335708
9,CO0180000,"Douglas, CO",rape,0.06286767594923165,0.08080441976502291,0.037359271211870104
10,CO0180000,"Douglas, CO",rape,8.947043801548035e-5,0.017849129583362565,0.03729377275429747
11,CO0180000,"Douglas, CO",rape,-0.07310506870795891,-0.07041022281156512,0.0373592712118701
12,CO0180000,"Douglas, CO",rape,-0.07847115391076953,-0.0648324580273145,0.03741620515335708
1,CO0180500,"Parker, CO",rape,-0.04387138027246358,-0.04461309157935923,0.04032636774427011
2,CO0180500,"Parker, CO",rape,-0.036816055652062446,-0.022132106030702633,0.040378192555114975
3,CO0180500,"Parker, CO",rape,-0.03844243170372693,-0.022403525395001324,0.040376737184163444
4,CO0180500,"Parker, CO",rape,9.843442890189009e-4,0.0010652668749115554,0.040348186838596825
5,CO0180500,"Parker, CO",rape,0.04975363918948855,0.03754595774987373,0.04037673718416345
6,CO0180500,"Parker, CO",rape,0.0540459096652648,0.04994424392828197,0.040378192555114975
7,CO0180500,"Parker, CO",rape,0.04279756554542923,0.05476323258098366,0.040326367744270106
8,CO0180500,"Parker, CO",rape,0.06016748517053278,0.07431580177389184,0.040378192555114975
9,CO0180500,"Parker, CO",rape,0.06286767594923165,0.06443708013656614,0.04037673718416345
10,CO0180500,"Parker, CO",rape,8.947043801548035e-5,-0.011215407876535953,0.040348186838596825
11,CO0180500,"Parker, CO",rape,-0.07310506870795891,-0.08972965349306296,0.040376737184163444
12,CO0180500,"Parker, CO",rape,-0.07847115391076953,-0.09197779866984679,0.04037819255511497
1,CO0210000,"El Paso, CO",rape,-0.04387138027246358,0.04871592536448064,0.036777655884973795
2,CO0210000,"El Paso, CO",rape,-0.036816055652062446,-0.0022220531303567127,0.036479883745811834
3,CO0210000,"El Paso, CO",rape,-0.03844243170372693,-0.09908247202408145,0.03669842610041025
4,CO0210000,"El Paso, CO",rape,9.843442890189009e-4,-0.05031962931372745,0.03642453469503569
5,CO0210000,"El Paso, CO",rape,0.04975363918948855,0.066622547836611,0.036698426100410256
6,CO0210000,"El Paso, CO",rape,0.0540459096652648,0.06295658691646697,0.036479883745811834
7,CO0210000,"El Paso, CO",rape,0.04279756554542923,-0.004135650628146116,0.03677765588497379
8,CO0210000,"El Paso, CO",rape,0.06016748517053278,0.02445854359195642,0.036479883745811834
9,CO0210000,"El Paso, CO",rape,0.06286767594923165,0.07673868774934671,0.036698426100410256
10,CO0210000,"El Paso, CO",rape,8.947043801548035e-5,0.005739354577393006,0.03642453469503569
11,CO0210000,"El Paso, CO",rape,-0.07310506870795891,-0.0888590382982107,0.03669842610041025
12,CO0210000,"El Paso, CO",rape,-0.07847115391076953,-0.040612802641732296,0.036479883745811834
1,CO0210100,"Colorado Springs, CO",rape,-0.04387138027246358,0.07313738931456944,0.03195763013135638
2,CO0210100,"Colorado Springs, CO",rape,-0.036816055652062446,0.048946436669830444,0.031719389355244876
3,CO0210100,"Colorado Springs, CO",rape,-0.03844243170372693,-0.04764579035650341,0.031787953477847034
4,CO0210100,"Colorado Springs, CO",rape,9.843442890189009e-4,-0.030875107290618098,0.03166614734868425
5,CO0210100,"Colorado Springs, CO",rape,0.04975363918948855,0.04837055222277683,0.031787953477847034
6,CO0210100,"Colorado Springs, CO",rape,0.0540459096652648,0.03946050702314703,0.031719389355244876
7,CO0210100,"Colorado Springs, CO",rape,0.04279756554542923,-0.0037394609922862137,0.03195763013135637
8,CO0210100,"Colorado Springs, CO",rape,0.06016748517053278,0.034341510673544094,0.031719389355244876
9,CO0210100,"Colorado Springs, CO",rape,0.06286767594923165,0.061535809377594786,0.03178795347784704
10,CO0210100,"Colorado Springs, CO",rape,8.947043801548035e-5,-0.03852282103166506,0.03166614734868425
11,CO0210100,"Colorado Springs, CO",rape,-0.07310506870795891,-0.13165849956615133,0.031787953477847034
12,CO0210100,"Colorado Springs, CO",rape,-0.07847115391076953,-0.053350526044238504,0.031719389355244876
1,CO0300000,"Jefferson, CO",rape,-0.04387138027246358,-0.03360380910814655,0.03807965022967503
2,CO0300000,"Jefferson, CO",rape,-0.036816055652062446,-0.04088145587305424,0.03809613571892951
3,CO0300000,"Jefferson, CO",rape,-0.03844243170372693,-0.04186977036868958,0.038076300405422175
4,CO0300000,"Jefferson, CO",rape,9.843442890189009e-4,0.014011965329525575,0.038085695073833706
5,CO0300000,"Jefferson, CO",rape,0.04975363918948855,0.057713326221247245,0.03807630040542218
6,CO0300000,"Jefferson, CO",rape,0.0540459096652648,0.03498548506526682,0.03809613571892951
7,CO0300000,"Jefferson, CO",rape,0.04279756554542923,0.019086008422785156,0.03807965022967503
8,CO0300000,"Jefferson, CO",rape,0.06016748517053278,0.06212811496028491,0.03809613571892951
9,CO0300000,"Jefferson, CO",rape,0.06286767594923165,0.0776342301412817,0.03807630040542218
10,CO0300000,"Jefferson, CO",rape,8.947043801548035e-5,5.058353558358639e-4,0.038085695073833706
11,CO0300000,"Jefferson, CO",rape,-0.07310506870795891,-0.07895998530847795,0.038076300405422175
12,CO0300000,"Jefferson, CO",rape,-0.07847115391076953,-0.07074994483785897,0.0380961357189295
1,CO0300100,"Arvada, CO",rape,-0.04387138027246358,-0.028082769923306855,0.03949566649131249
2,CO0300100,"Arvada, CO",rape,-0.036816055652062446,-0.03421834652044545,0.03951227499889232
3,CO0300100,"Arvada, CO",rape,-0.03844243170372693,-0.04691363483237974,0.039517596186360394
4,CO0300100,"Arvada, CO",rape,9.843442890189009e-4,0.0013270694353455328,0.039521572960533144
5,CO0300100,"Arvada, CO",rape,0.04975363918948855,0.0595051942882395,0.0395175961863604
6,CO0300100,"Arvada, CO",rape,0.0540459096652648,0.05781402025370102,0.03951227499889232
7,CO0300100,"Arvada, CO",rape,0.04279756554542923,0.04021469255479816,0.03949566649131248
8,CO0300100,"Arvada, CO",rape,0.06016748517053278,0.06120028285702071,0.03951227499889232
9,CO0300100,"Arvada, CO",rape,0.06286767594923165,0.06176364853746373,0.03951759618636041
10,CO0300100,"Arvada, CO",rape,8.947043801548035e-5,-0.013458992066836798,0.039521572960533144
11,CO0300100,"Arvada, CO",rape,-0.07310506870795891,-0.08648713062481478,0.039517596186360394
12,CO0300100,"Arvada, CO",rape,-0.07847115391076953,-0.07266403395878505,0.03951227499889232
1,CO0350300,"Fort Collins, CO",rape,-0.04387138027246358,-0.03100987165852713,0.03892359282307326
2,CO0350300,"Fort Collins, CO",rape,-0.036816055652062446,-0.03583195631221932,0.03900551652886359
3,CO0350300,"Fort Collins, CO",rape,-0.03844243170372693,-0.02939144745659729,0.038923919305028434
4,CO0350300,"Fort Collins, CO",rape,9.843442890189009e-4,0.02079778325176659,0.03895634501440933
5,CO0350300,"Fort Collins, CO",rape,0.04975363918948855,0.04752797659686625,0.03892391930502844
6,CO0350300,"Fort Collins, CO",rape,0.0540459096652648,0.021013230493867517,0.03900551652886359
7,CO0350300,"Fort Collins, CO",rape,0.04279756554542923,0.018342583511913837,0.03892359282307326
8,CO0350300,"Fort Collins, CO",rape,0.06016748517053278,0.06749175097629327,0.03900551652886359
9,CO0350300,"Fort Collins, CO",rape,0.06286767594923165,0.07371853026728459,0.03892391930502844
10,CO0350300,"Fort Collins, CO",rape,8.947043801548035e-5,-0.008130495105153264,0.03895634501440933
11,CO0350300,"Fort Collins, CO",rape,-0.07310506870795891,-0.07918777126094023,0.038923919305028434
12,CO0350300,"Fort Collins, CO",rape,-0.07847115391076953,-0.06534031330455484,0.03900551652886359
1,CO0350400,"Loveland, CO",rape,-0.04387138027246358,-0.04508329975106701,0.038888865776120524
2,CO0350400,"Loveland, CO",rape,-0.036816055652062446,-0.034179387100202886,0.038944245661721305
3,CO0350400,"Loveland, CO",rape,-0.03844243170372693,-0.034995878563156266,0.03891451129954897
4,CO0350400,"Loveland, CO",rape,9.843442890189009e-4,-0.0015740639368242576,0.0389343756527588
5,CO0350400,"Loveland, CO",rape,0.04975363918948855,0.04138790447970706,0.038914511299548975
6,CO0350400,"Loveland, CO",rape,0.0540459096652648,0.049293177428438154,0.038944245661721305
7,CO0350400,"Loveland, CO",rape,0.04279756554542923,0.04752670612280187,0.03888886577612052
8,CO0350400,"Loveland, CO",rape,0.06016748517053278,0.06875269083431113,0.038944245661721305
9,CO0350400,"Loveland, CO",rape,0.06286767594923165,0.06712577592552968,0.038914511299548975
10,CO0350400,"Loveland, CO",rape,8.947043801548035e-5,-8.693424349105683e-4,0.0389343756527588
11,CO0350400,"Loveland, CO",rape,-0.07310506870795891,-0.07596120821381531,0.03891451129954897
12,CO0350400,"Loveland, CO",rape,-0.07847115391076953,-0.08142307479081158,0.038944245661721305
1,CO0390100,"Grand Junction, CO",rape,-0.04387138027246358,-0.03853527246329316,0.0388453328674915
2,CO0390100,"Grand Junction, CO",rape,-0.036816055652062446,-0.03395233541641264,0.03885658595713006
3,CO0390100,"Grand Junction, CO",rape,-0.03844243170372693,-0.04149879064794833,0.03885074164174667
4,CO0390100,"Grand Junction, CO",rape,9.843442890189009e-4,0.006457548647296818,0.03885285518545733
5,CO0390100,"Grand Junction, CO",rape,0.04975363918948855,0.06428487012555884,0.03885074164174667
6,CO0390100,"Grand Junction, CO",rape,0.0540459096652648,0.055070200577683394,0.03885658595713006
7,CO0390100,"Grand Junction, CO",rape,0.04279756554542923,0.02369016923144327,0.03884533286749149
8,CO0390100,"Grand Junction, CO",rape,0.06016748517053278,0.045404904167785504,0.03885658595713007
9,CO0390100,"Grand Junction, CO",rape,0.06286767594923165,0.06779646263117112,0.03885074164174668
10,CO0390100,"Grand Junction, CO",rape,8.947043801548035e-5,0.008387554584553111,0.03885285518545733
11,CO0390100,"Grand Junction, CO",rape,-0.07310506870795891,-0.07573743887693171,0.03885074164174667
12,CO0390100,"Grand Junction, CO",rape,-0.07847115391076953,-0.08136787256090622,0.03885658595713006
1,CO0640100,"Broomfield, CO",rape,-0.04387138027246358,-0.04224695494648456,0.04032707568909189
2,CO0640100,"Broomfield, CO",rape,-0.036816055652062446,-0.02598744703153257,0.04028517967702222
3,CO0640100,"Broomfield, CO",rape,-0.03844243170372693,-0.015392300258924947,0.04024498875943007
4,CO0640100,"Broomfield, CO",rape,9.843442890189009e-4,0.026096593354256056,0.04028562845366658
5,CO0640100,"Broomfield, CO",rape,0.04975363918948855,0.053749500298207964,0.04024498875943008
6,CO0640100,"Broomfield, CO",rape,0.0540459096652648,0.028156033125167162,0.04028517967702222
7,CO0640100,"Broomfield, CO",rape,0.04279756554542923,0.009257860809495056,0.04032707568909189
8,CO0640100,"Broomfield, CO",rape,0.06016748517053278,0.04619439322733339,0.04028517967702222
9,CO0640100,"Broomfield, CO",rape,0.06286767594923165,0.0685883405917153,0.04024498875943008
10,CO0640100,"Broomfield, CO",rape,8.947043801548035e-5,0.006892500782733495,0.04028562845366658
11,CO0640100,"Broomfield, CO",rape,-0.07310506870795891,-0.0739564464940088,0.04024498875943007
12,CO0640100,"Broomfield, CO",rape,-0.07847115391076953,-0.08135207345795756,0.04028517967702221
1,CODPD0000,"Denver, CO",rape,-0.04387138027246358,-0.023637203685409603,0.029797062726955845
2,CODPD0000,"Denver, CO",rape,-0.036816055652062446,-0.05807915938896002,0.029918643037016485
3,CODPD0000,"Denver, CO",rape,-0.03844243170372693,-0.06466918450364254,0.029873767500712977
4,CODPD0000,"Denver, CO",rape,9.843442890189009e-4,5.625312347881368e-4,0.029925424433766206
5,CODPD0000,"Denver, CO",rape,0.04975363918948855,0.05009687377079229,0.02987376750071298
6,CODPD0000,"Denver, CO",rape,0.0540459096652648,0.029898967605480664,0.029918643037016485
7,CODPD0000,"Denver, CO",rape,0.04279756554542923,0.018678130566008828,0.029797062726955842
8,CODPD0000,"Denver, CO",rape,0.06016748517053278,0.062018312035190114,0.029918643037016485
9,CODPD0000,"Denver, CO",rape,0.06286767594923165,0.07356741026927342,0.02987376750071298
10,CODPD0000,"Denver, CO",rape,8.947043801548035e-5,0.004396541884612675,0.029925424433766206
11,CODPD0000,"Denver, CO",rape,-0.07310506870795891,-0.05403602641702238,0.029873767500712977
12,CODPD0000,"Denver, CO",rape,-0.07847115391076953,-0.03879719337111158,0.029918643037016485
1,CT0001500,"Bridgeport, CT",rape,-0.04387138027246358,-0.030152998103802495,0.0386350685450921
2,CT0001500,"Bridgeport, CT",rape,-0.036816055652062446,-0.02939436732912133,0.03866493420796529
3,CT0001500,"Bridgeport, CT",rape,-0.03844243170372693,-0.03475774462667583,0.03864011232874896
4,CT0001500,"Bridgeport, CT",rape,9.843442890189009e-4,-0.01249324799821405,0.0387176189183751
5,CT0001500,"Bridgeport, CT",rape,0.04975363918948855,0.01825090305384684,0.03864011232874897
6,CT0001500,"Bridgeport, CT",rape,0.0540459096652648,0.03702454132671029,0.03866493420796529
7,CT0001500,"Bridgeport, CT",rape,0.04279756554542923,0.0608458575655654,0.03863506854509209
8,CT0001500,"Bridgeport, CT",rape,0.06016748517053278,0.08430987980019024,0.038664934207965296
9,CT0001500,"Bridgeport, CT",rape,0.06286767594923165,0.05898039763598187,0.03864011232874897
10,CT0001500,"Bridgeport, CT",rape,8.947043801548035e-5,-0.018199611463548836,0.0387176189183751
11,CT0001500,"Bridgeport, CT",rape,-0.07310506870795891,-0.07316641552491576,0.03864011232874896
12,CT0001500,"Bridgeport, CT",rape,-0.07847115391076953,-0.06124719433601633,0.03866493420796529
1,CT0001700,"Bristol, CT",rape,-0.04387138027246358,-0.04147951378874987,0.04105715007183858
2,CT0001700,"Bristol, CT",rape,-0.036816055652062446,-0.030205973494405177,0.04106566176409866
3,CT0001700,"Bristol, CT",rape,-0.03844243170372693,-0.03293996597094497,0.04105787756988059
4,CT0001700,"Bristol, CT",rape,9.843442890189009e-4,6.332161615915655e-4,0.04105912037128278
5,CT0001700,"Bristol, CT",rape,0.04975363918948855,0.045300948014254196,0.041057877569880594
6,CT0001700,"Bristol, CT",rape,0.0540459096652648,0.049472681644112254,0.04106566176409866
7,CT0001700,"Bristol, CT",rape,0.04279756554542923,0.03908430173924889,0.04105715007183857
8,CT0001700,"Bristol, CT",rape,0.06016748517053278,0.05741794002868775,0.04106566176409866
9,CT0001700,"Bristol, CT",rape,0.06286767594923165,0.06254714455472855,0.041057877569880594
10,CT0001700,"Bristol, CT",rape,8.947043801548035e-5,0.0017619958879094403,0.04105912037128278
11,CT0001700,"Bristol, CT",rape,-0.07310506870795891,-0.07251291454853678,0.04105787756988059
12,CT0001700,"Bristol, CT",rape,-0.07847115391076953,-0.07907986022789584,0.04106566176409866
1,CT0003400,"Danbury, CT",rape,-0.04387138027246358,-0.04810101049124573,0.0403240380893095
2,CT0003400,"Danbury, CT",rape,-0.036816055652062446,-0.037766800746164855,0.040376701002274765
3,CT0003400,"Danbury, CT",rape,-0.03844243170372693,-0.03416449163907157,0.04036464434306332
4,CT0003400,"Danbury, CT",rape,9.843442890189009e-4,-0.0012377167777293254,0.0403644313917276
5,CT0003400,"Danbury, CT",rape,0.04975363918948855,0.03386723162587886,0.040364644343063326
6,CT0003400,"Danbury, CT",rape,0.0540459096652648,0.038853090215911025,0.040376701002274765
7,CT0003400,"Danbury, CT",rape,0.04279756554542923,0.045712447755531814,0.0403240380893095
8,CT0003400,"Danbury, CT",rape,0.06016748517053278,0.07637254035196667,0.040376701002274765
9,CT0003400,"Danbury, CT",rape,0.06286767594923165,0.07515879398058735,0.040364644343063326
10,CT0003400,"Danbury, CT",rape,8.947043801548035e-5,0.0036262795134432754,0.0403644313917276
11,CT0003400,"Danbury, CT",rape,-0.07310506870795891,-0.07247297123168071,0.04036464434306332
12,CT0003400,"Danbury, CT",rape,-0.07847115391076953,-0.0798473925574268,0.040376701002274765
1,CT0004300,"East Hartford, CT",rape,-0.04387138027246358,-0.0343750439786961,0.04061114139309618
2,CT0004300,"East Hartford, CT",rape,-0.036816055652062446,-0.0150260918674157,0.0406344966292118
3,CT0004300,"East Hartford, CT",rape,-0.03844243170372693,-0.024240195439612318,0.040610642604325994
4,CT0004300,"East Hartford, CT",rape,9.843442890189009e-4,-0.0025188499310066113,0.04061373323329095
5,CT0004300,"East Hartford, CT",rape,0.04975363918948855,0.041075734680919435,0.040610642604325994
6,CT0004300,"East Hartford, CT",rape,0.0540459096652648,0.05086342128974213,0.0406344966292118
7,CT0004300,"East Hartford, CT",rape,0.04279756554542923,0.03885456972908713,0.04061114139309617
8,CT0004300,"East Hartford, CT",rape,0.06016748517053278,0.05062632522039544,0.0406344966292118
9,CT0004300,"East Hartford, CT",rape,0.06286767594923165,0.05536090304220106,0.040610642604325994
10,CT0004300,"East Hartford, CT",rape,8.947043801548035e-5,-0.001960675819384387,0.04061373323329095
11,CT0004300,"East Hartford, CT",rape,-0.07310506870795891,-0.07667596803389919,0.040610642604325994
12,CT0004300,"East Hartford, CT",rape,-0.07847115391076953,-0.081984128892330893,0.0406344966292118
1,CT0005100,"Fairfield, CT",rape,-0.04387138027246358,-0.04072252676819408,0.04130132071925226
2,CT0005100,"Fairfield, CT",rape,-0.036816055652062446,-0.03681668515727285,0.04129922368409944
3,CT0005100,"Fairfield, CT",rape,-0.03844243170372693,-0.04197591246959353,0.04130358696417409
4,CT0005100,"Fairfield, CT",rape,9.843442890189009e-4,0.002598764334807449,0.04129927438412351
5,CT0005100,"Fairfield, CT",rape,0.04975363918948855,0.05694605781741055,0.0413035869641741
6,CT0005100,"Fairfield, CT",rape,0.0540459096652648,0.05734839579470558,0.04129922368409944
7,CT0005100,"Fairfield, CT",rape,0.04279756554542923,0.04017662741258537,0.04130132071925225
8,CT0005100,"Fairfield, CT",rape,0.06016748517053278,0.05938698595774521,0.04129922368409944
9,CT0005100,"Fairfield, CT",rape,0.06286767594923165,0.06509211262567464,0.0413035869641741
10,CT0005100,"Fairfield, CT",rape,8.947043801548035e-5,-0.002052864979198701,0.04129927438412351
11,CT0005100,"Fairfield, CT",rape,-0.07310506870795891,-0.07951635861788293,0.04130358696417409
12,CT0005100,"Fairfield, CT",rape,-0.07847115391076953,-0.08046459595078671,0.04129922368409944
1,CT0006400,"Hartford, CT",rape,-0.04387138027246358,-0.0590098488122474,0.03934984792246141
2,CT0006400,"Hartford, CT",rape,-0.036816055652062446,-0.0524848921273498,0.03927262395821711
3,CT0006400,"Hartford, CT",rape,-0.03844243170372693,-0.03477675373168708,0.03926334362564929
4,CT0006400,"Hartford, CT",rape,9.843442890189009e-4,0.03342117093235369,0.03936487912282004
5,CT0006400,"Hartford, CT",rape,0.04975363918948855,0.08223179391768771,0.039263343625649295
6,CT0006400,"Hartford, CT",rape,0.0540459096652648,0.051164481992903244,0.03927262395821711
7,CT0006400,"Hartford, CT",rape,0.04279756554542923,0.013459434074001407,0.039349847922461406
8,CT0006400,"Hartford, CT",rape,0.06016748517053278,0.04330416246897541,0.03927262395821711
9,CT0006400,"Hartford, CT",rape,0.06286767594923165,0.07114643881155872,0.039263343625649295
10,CT0006400,"Hartford, CT",rape,8.947043801548035e-5,0.012129243805892347,0.03936487912282004
11,CT0006400,"Hartford, CT",rape,-0.07310506870795891,-0.07305106425931335,0.03926334362564929
12,CT0006400,"Hartford, CT",rape,-0.07847115391076953,-0.08753416707277491,0.0392726239582171
1,CT0007700,"Manchester, CT",rape,-0.04387138027246358,-0.036341217321098615,0.04049038861270779
2,CT0007700,"Manchester, CT",rape,-0.036816055652062446,-0.031961203938093,0.04051140771825772
3,CT0007700,"Manchester, CT",rape,-0.03844243170372693,-0.037425233720637344,0.040502300323252714
4,CT0007700,"Manchester, CT",rape,9.843442890189009e-4,0.005468539424420684,0.04050468058592413
5,CT0007700,"Manchester, CT",rape,0.04975363918948855,0.058906918771443655,0.04050230032325272
6,CT0007700,"Manchester, CT",rape,0.0540459096652648,0.057354230030105556,0.04051140771825772
7,CT0007700,"Manchester, CT",rape,0.04279756554542923,0.03394448477121229,0.04049038861270778
8,CT0007700,"Manchester, CT",rape,0.06016748517053278,0.04704447403070136,0.04051140771825772
9,CT0007700,"Manchester, CT",rape,0.06286767594923165,0.05490523636313206,0.04050230032325272
10,CT0007700,"Manchester, CT",rape,8.947043801548035e-5,-0.0030718068745343267,0.04050468058592413
11,CT0007700,"Manchester, CT",rape,-0.07310506870795891,-0.07399018886405204,0.040502300323252714
12,CT0007700,"Manchester, CT",rape,-0.07847115391076953,-0.0748342326726003,0.04051140771825772
1,CT0008000,"Meriden, CT",rape,-0.04387138027246358,-0.057826139893720846,0.04026686481562934
2,CT0008000,"Meriden, CT",rape,-0.036816055652062446,-0.05214688716190656,0.040259045886843134
3,CT0008000,"Meriden, CT",rape,-0.03844243170372693,-0.04048049549386266,0.04024522129674455
4,CT0008000,"Meriden, CT",rape,9.843442890189009e-4,0.001196695249552387,0.04023553290476913
5,CT0008000,"Meriden, CT",rape,0.04975363918948855,0.04647222928299315,0.04024522129674455
6,CT0008000,"Meriden, CT",rape,0.0540459096652648,0.06442354004539161,0.040259045886843134
7,CT0008000,"Meriden, CT",rape,0.04279756554542923,0.06955225504860307,0.040266864815629334
8,CT0008000,"Meriden, CT",rape,0.06016748517053278,0.07498310699483893,0.040259045886843134
9,CT0008000,"Meriden, CT",rape,0.06286767594923165,0.05159060017191283,0.04024522129674456
10,CT0008000,"Meriden, CT",rape,8.947043801548035e-5,-0.012922810404434595,0.04023553290476913
11,CT0008000,"Meriden, CT",rape,-0.07310506870795891,-0.06930844911592553,0.04024522129674455
12,CT0008000,"Meriden, CT",rape,-0.07847115391076953,-0.07553364472344176,0.040259045886843134
1,CT0008400,"Milford, CT",rape,-0.04387138027246358,-0.044568043251298935,0.040960076641940096
2,CT0008400,"Milford, CT",rape,-0.036816055652062446,-0.03032132776608531,0.04097106032374351
3,CT0008400,"Milford, CT",rape,-0.03844243170372693,-0.034686894825065546,0.0409643487881202
4,CT0008400,"Milford, CT",rape,9.843442890189009e-4,-0.0013619521583470592,0.04097457451129702
5,CT0008400,"Milford, CT",rape,0.04975363918948855,0.05045866631398318,0.0409643487881202
6,CT0008400,"Milford, CT",rape,0.0540459096652648,0.061809936801603856,0.04097106032374351
7,CT0008400,"Milford, CT",rape,0.04279756554542923,0.04852185399691896,0.04096007664194009
8,CT0008400,"Milford, CT",rape,0.06016748517053278,0.05778748470112805,0.040971060323743515
9,CT0008400,"Milford, CT",rape,0.06286767594923165,0.0581992410144883,0.040964348788120206
10,CT0008400,"Milford, CT",rape,8.947043801548035e-5,-0.0025918585872729332,0.04097457451129702
11,CT0008400,"Milford, CT",rape,-0.07310506870795891,-0.07792482324902594,0.0409643487881202
12,CT0008400,"Milford, CT",rape,-0.07847115391076953,-0.08532228299102662,0.04097106032374351
1,CT0008900,"New Britain, CT",rape,-0.04387138027246358,-0.059710209310793225,0.03949046149563272
2,CT0008900,"New Britain, CT",rape,-0.036816055652062446,-0.04063795587130775,0.03951385238515948
3,CT0008900,"New Britain, CT",rape,-0.03844243170372693,-0.033408163450628386,0.039475087142377685
4,CT0008900,"New Britain, CT",rape,9.843442890189009e-4,0.008272737567049913,0.039523350079626464
5,CT0008900,"New Britain, CT",rape,0.04975363918948855,0.05980314297855401,0.039475087142377685
6,CT0008900,"New Britain, CT",rape,0.0540459096652648,0.06151105704759593,0.03951385238515948
7,CT0008900,"New Britain, CT",rape,0.04279756554542923,0.03703727674678191,0.03949046149563272
8,CT0008900,"New Britain, CT",rape,0.06016748517053278,0.04710286626079854,0.03951385238515948
9,CT0008900,"New Britain, CT",rape,0.06286767594923165,0.06254600640413052,0.039475087142377685
10,CT0008900,"New Britain, CT",rape,8.947043801548035e-5,0.014400194996961446,0.039523350079626464
11,CT0008900,"New Britain, CT",rape,-0.07310506870795891,-0.06626805336804482,0.039475087142377685
12,CT0008900,"New Britain, CT",rape,-0.07847115391076953,-0.09064890000109808,0.03951385238515948
1,CT0013500,"Stamford, CT",rape,-0.04387138027246358,-0.034451228413358015,0.040232702828724404
2,CT0013500,"Stamford, CT",rape,-0.036816055652062446,-0.034985139739056745,0.04026438304706085
3,CT0013500,"Stamford, CT",rape,-0.03844243170372693,-0.047601170465597295,0.04025074008401073
4,CT0013500,"Stamford, CT",rape,9.843442890189009e-4,-0.005634291862654836,0.040255956966717875
5,CT0013500,"Stamford, CT",rape,0.04975363918948855,0.05571539292799933,0.040250740084010736
6,CT0013500,"Stamford, CT",rape,0.0540459096652648,0.06253474249918606,0.04026438304706085
7,CT0013500,"Stamford, CT",rape,0.04279756554542923,0.04053488665947813,0.0402327028287244
8,CT0013500,"Stamford, CT",rape,0.06016748517053278,0.05085843846032328,0.04026438304706085
9,CT0013500,"Stamford, CT",rape,0.06286767594923165,0.057390810940743754,0.040250740084010736
10,CT0013500,"Stamford, CT",rape,8.947043801548035e-5,-4.4936638346524397e-4,0.040255956966717875
11,CT0013500,"Stamford, CT",rape,-0.07310506870795891,-0.07158869164926589,0.04025074008401073
12,CT0013500,"Stamford, CT",rape,-0.07847115391076953,-0.07232438297433254,0.04026438304706085
1,CT0013800,"Stratford, CT",rape,-0.04387138027246358,-0.04358221746045959,0.04104264681849191
2,CT0013800,"Stratford, CT",rape,-0.036816055652062446,-0.037454905214738904,0.04104561644836676
3,CT0013800,"Stratford, CT",rape,-0.03844243170372693,-0.04911168984304731,0.04102984619626187
4,CT0013800,"Stratford, CT",rape,9.843442890189009e-4,-0.00847171568016207,0.041034339362615184
5,CT0013800,"Stratford, CT",rape,0.04975363918948855,0.05448794115213164,0.04102984619626187
6,CT0013800,"Stratford, CT",rape,0.0540459096652648,0.06588600674200738,0.04104561644836676
7,CT0013800,"Stratford, CT",rape,0.04279756554542923,0.04952642166829896,0.04104264681849191
8,CT0013800,"Stratford, CT",rape,0.06016748517053278,0.06462827850253602,0.04104561644836677
9,CT0013800,"Stratford, CT",rape,0.06286767594923165,0.0703408589230051,0.04102984619626188
10,CT0013800,"Stratford, CT",rape,8.947043801548035e-5,0.0025275114723227387,0.041034339362615184
11,CT0013800,"Stratford, CT",rape,-0.07310506870795891,-0.08166131443992877,0.04102984619626187
12,CT0013800,"Stratford, CT",rape,-0.07847115391076953,-0.0871151758219652,0.04104561644836676
1,CT0015100,"Waterbury, CT",rape,-0.04387138027246358,-0.07622000046822973,0.039200237062554426
2,CT0015100,"Waterbury, CT",rape,-0.036816055652062446,-0.07164983642968438,0.03922037355755109
3,CT0015100,"Waterbury, CT",rape,-0.03844243170372693,-0.038939285577695645,0.03919914573146203
4,CT0015100,"Waterbury, CT",rape,9.843442890189009e-4,0.017441774093975935,0.039162945399943465
5,CT0015100,"Waterbury, CT",rape,0.04975363918948855,0.05630848577753894,0.039199145731462035
6,CT0015100,"Waterbury, CT",rape,0.0540459096652648,0.06069496932370452,0.03922037355755109
7,CT0015100,"Waterbury, CT",rape,0.04279756554542923,0.05940243510979544,0.03920023706255442
8,CT0015100,"Waterbury, CT",rape,0.06016748517053278,0.06548444892683523,0.03922037355755109
9,CT0015100,"Waterbury, CT",rape,0.06286767594923165,0.049591463433280816,0.039199145731462035
10,CT0015100,"Waterbury, CT",rape,8.947043801548035e-5,-6.242087355416277e-4,0.039162945399943465
11,CT0015100,"Waterbury, CT",rape,-0.07310506870795891,-0.050143098274689824,0.03919914573146203
12,CT0015100,"Waterbury, CT",rape,-0.07847115391076953,-0.07134714717928967,0.03922037355755109
1,CT0015500,"West Hartford, CT",rape,-0.04387138027246358,-0.048886561323154235,0.04131534349159261
2,CT0015500,"West Hartford, CT",rape,-0.036816055652062446,-0.03930185061281849,0.04131671339277292
3,CT0015500,"West Hartford, CT",rape,-0.03844243170372693,-0.03837539650323131,0.04131328922977722
4,CT0015500,"West Hartford, CT",rape,9.843442890189009e-4,0.0015214138316808306,0.04131320923636151
5,CT0015500,"West Hartford, CT",rape,0.04975363918948855,0.050695282794901333,0.04131328922977722
6,CT0015500,"West Hartford, CT",rape,0.0540459096652648,0.05658245556526993,0.04131671339277292
7,CT0015500,"West Hartford, CT",rape,0.04279756554542923,0.04611288393810411,0.041315343491592604
8,CT0015500,"West Hartford, CT",rape,0.06016748517053278,0.06249477390458506,0.04131671339277292
9,CT0015500,"West Hartford, CT",rape,0.06286767594923165,0.06434199718004804,0.04131328922977723
10,CT0015500,"West Hartford, CT",rape,8.947043801548035e-5,0.0012522635533693232,0.04131320923636151
11,CT0015500,"West Hartford, CT",rape,-0.07310506870795891,-0.07388820608666793,0.04131328922977722
12,CT0015500,"West Hartford, CT",rape,-0.07847115391076953,-0.08254905624208667,0.04131671339277292
1,FL0130600,"Miami, FL",rape,-0.04387138027246358,-0.046184552155351534,0.0364649765079263
2,FL0130600,"Miami, FL",rape,-0.036816055652062446,-0.04452926145226525,0.03654447355760586
3,FL0130600,"Miami, FL",rape,-0.03844243170372693,-0.03708390055167659,0.036510888695817444
4,FL0130600,"Miami, FL",rape,9.843442890189009e-4,0.006761294480889363,0.03652812220572524
5,FL0130600,"Miami, FL",rape,0.04975363918948855,0.050900495430014875,0.03651088869581745
6,FL0130600,"Miami, FL",rape,0.0540459096652648,0.05561621033833655,0.03654447355760586
7,FL0130600,"Miami, FL",rape,0.04279756554542923,0.04803823095457429,0.0364649765079263
8,FL0130600,"Miami, FL",rape,0.06016748517053278,0.057409005912384965,0.03654447355760586
9,FL0130600,"Miami, FL",rape,0.06286767594923165,0.048109966212573574,0.03651088869581745
10,FL0130600,"Miami, FL",rape,8.947043801548035e-5,-0.008614973280112093,0.03652812220572524
11,FL0130600,"Miami, FL",rape,-0.07310506870795891,-0.06378023989013461,0.036510888695817444
12,FL0130600,"Miami, FL",rape,-0.07847115391076953,-0.06664227599923354,0.03654447355760586
1,FL0130700,"Miami Beach, FL",rape,-0.04387138027246358,-0.05167528341768404,0.037734322134414584
2,FL0130700,"Miami Beach, FL",rape,-0.036816055652062446,-0.00786440722198032,0.03770126519095622
3,FL0130700,"Miami Beach, FL",rape,-0.03844243170372693,0.010454684410166028,0.037840914825227404
4,FL0130700,"Miami Beach, FL",rape,9.843442890189009e-4,0.01813428243296127,0.03779052047920088
5,FL0130700,"Miami Beach, FL",rape,0.04975363918948855,0.039568712971723305,0.03784091482522741
6,FL0130700,"Miami Beach, FL",rape,0.0540459096652648,0.059516585529512014,0.03770126519095622
7,FL0130700,"Miami Beach, FL",rape,0.04279756554542923,0.05516596282846714,0.03773432213441458
8,FL0130700,"Miami Beach, FL",rape,0.06016748517053278,0.035902965510950194,0.03770126519095622
9,FL0130700,"Miami Beach, FL",rape,0.06286767594923165,0.014093194468020747,0.03784091482522741
10,FL0130700,"Miami Beach, FL",rape,8.947043801548035e-5,-0.021624961843744357,0.03779052047920088
11,FL0130700,"Miami Beach, FL",rape,-0.07310506870795891,-0.06760727126069319,0.037840914825227404
12,FL0130700,"Miami Beach, FL",rape,-0.07847115391076953,-0.08406446440769878,0.03770126519095622
1,FL0580000,"Sarasota, FL",rape,-0.04387138027246358,-0.046395743516653064,0.03971745511579861
2,FL0580000,"Sarasota, FL",rape,-0.036816055652062446,-0.03465760563718547,0.039747423490510074
3,FL0580000,"Sarasota, FL",rape,-0.03844243170372693,-0.03447967090784763,0.03973050598051527
4,FL0580000,"Sarasota, FL",rape,9.843442890189009e-4,-0.0013343648881211424,0.039730176456099914
5,FL0580000,"Sarasota, FL",rape,0.04975363918948855,0.0469754187999305,0.03973050598051528
6,FL0580000,"Sarasota, FL",rape,0.0540459096652648,0.05730921001332545,0.039747423490510074
7,FL0580000,"Sarasota, FL",rape,0.04279756554542923,0.0418594583009432,0.039717455115798606
8,FL0580000,"Sarasota, FL",rape,0.06016748517053278,0.046622210402385796,0.039747423490510074
9,FL0580000,"Sarasota, FL",rape,0.06286767594923165,0.05098056088875783,0.03973050598051528
10,FL0580000,"Sarasota, FL",rape,8.947043801548035e-5,0.0058706501038310295,0.039730176456099914
11,FL0580000,"Sarasota, FL",rape,-0.07310506870795891,-0.05894002356513084,0.03973050598051527
12,FL0580000,"Sarasota, FL",rape,-0.07847115391076953,-0.07381009999423567,0.039747423490510074
1,GA0447100,"Dunwoody, GA",rape,-0.04387138027246358,-0.04628617569048765,0.0410484502256658
2,GA0447100,"Dunwoody, GA",rape,-0.036816055652062446,-0.043245303830198374,0.041063822759049455
3,GA0447100,"Dunwoody, GA",rape,-0.03844243170372693,-0.03954266280511267,0.04105776305342849
4,GA0447100,"Dunwoody, GA",rape,9.843442890189009e-4,0.008272500796571564,0.04106054836305372
5,GA0447100,"Dunwoody, GA",rape,0.04975363918948855,0.05802247515650632,0.041057763053428495
6,GA0447100,"Dunwoody, GA",rape,0.0540459096652648,0.05746762962012195,0.041063822759049455
7,GA0447100,"Dunwoody, GA",rape,0.04279756554542923,0.04289666635299737,0.04104845022566579
8,GA0447100,"Dunwoody, GA",rape,0.06016748517053278,0.058363674920744284,0.041063822759049455
9,GA0447100,"Dunwoody, GA",rape,0.06286767594923165,0.0580505432331489,0.041057763053428495
10,GA0447100,"Dunwoody, GA",rape,8.947043801548035e-5,-0.004882991459081247,0.04106054836305372
11,GA0447100,"Dunwoody, GA",rape,-0.07310506870795891,-0.07314084624705225,0.04105776305342849
12,GA0447100,"Dunwoody, GA",rape,-0.07847115391076953,-0.0759755100481582,0.041063822759049455
1,GA0470100,"Albany, GA",rape,-0.04387138027246358,-0.04300460024892153,0.03965290473157692
2,GA0470100,"Albany, GA",rape,-0.036816055652062446,-0.049281267010205285,0.03970501599923176
3,GA0470100,"Albany, GA",rape,-0.03844243170372693,-0.047601136401752134,0.03973967035644935
4,GA0470100,"Albany, GA",rape,9.843442890189009e-4,0.0157802492529848,0.0396963257348087
5,GA0470100,"Albany, GA",rape,0.04975363918948855,0.08100380121707049,0.039739670356449354
6,GA0470100,"Albany, GA",rape,0.0540459096652648,0.076448983912767,0.03970501599923176
7,GA0470100,"Albany, GA",rape,0.04279756554542923,0.04538996156859864,0.03965290473157691
8,GA0470100,"Albany, GA",rape,0.06016748517053278,0.04941980880065084,0.03970501599923176
9,GA0470100,"Albany, GA",rape,0.06286767594923165,0.045354316872520624,0.039739670356449354
10,GA0470100,"Albany, GA",rape,8.947043801548035e-5,-0.018165610572661868,0.0396963257348087
11,GA0470100,"Albany, GA",rape,-0.07310506870795891,-0.08114234300751608,0.03973967035644935
12,GA0470100,"Albany, GA",rape,-0.07847115391076953,-0.07420216438353551,0.03970501599923176
1,GA0580000,"Forsyth, GA",rape,-0.04387138027246358,-0.04221709827640409,0.04008069379362984
2,GA0580000,"Forsyth, GA",rape,-0.036816055652062446,-0.04192727884759948,0.04009952436299045
3,GA0580000,"Forsyth, GA",rape,-0.03844243170372693,-0.03818018996123394,0.04010807522029451
4,GA0580000,"Forsyth, GA",rape,9.843442890189009e-4,0.005789562127278206,0.040093547320366366
5,GA0580000,"Forsyth, GA",rape,0.04975363918948855,0.04762777868162641,0.04010807522029452
6,GA0580000,"Forsyth, GA",rape,0.0540459096652648,0.045226936293069495,0.04009952436299045
7,GA0580000,"Forsyth, GA",rape,0.04279756554542923,0.03816021600169048,0.040080693793629836
8,GA0580000,"Forsyth, GA",rape,0.06016748517053278,0.060703068845654184,0.040099524362990455
9,GA0580000,"Forsyth, GA",rape,0.06286767594923165,0.06101286223400229,0.04010807522029452
10,GA0580000,"Forsyth, GA",rape,8.947043801548035e-5,-0.0017326798525645658,0.040093547320366366
11,GA0580000,"Forsyth, GA",rape,-0.07310506870795891,-0.06640356867968114,0.04010807522029451
12,GA0580000,"Forsyth, GA",rape,-0.07847115391076953,-0.06805960856583786,0.04009952436299045
1,GA0600400,"Alpharetta, GA",rape,-0.04387138027246358,-0.05188153668816566,0.04076264558753152
2,GA0600400,"Alpharetta, GA",rape,-0.036816055652062446,-0.052903781058056,0.04079306729069338
3,GA0600400,"Alpharetta, GA",rape,-0.03844243170372693,-0.04043261989839074,0.04076504953702234
4,GA0600400,"Alpharetta, GA",rape,9.843442890189009e-4,0.014820448753670386,0.04078642527193803
5,GA0600400,"Alpharetta, GA",rape,0.04975363918948855,0.059441736086324824,0.04076504953702235
6,GA0600400,"Alpharetta, GA",rape,0.0540459096652648,0.05218098129383413,0.04079306729069338
7,GA0600400,"Alpharetta, GA",rape,0.04279756554542923,0.040935145372325225,0.04076264558753151
8,GA0600400,"Alpharetta, GA",rape,0.06016748517053278,0.06201822117625897,0.04079306729069338
9,GA0600400,"Alpharetta, GA",rape,0.06286767594923165,0.06049345133243418,0.04076504953702235
10,GA0600400,"Alpharetta, GA",rape,8.947043801548035e-5,-0.0038740574378299205,0.04078642527193803
11,GA0600400,"Alpharetta, GA",rape,-0.07310506870795891,-0.06855617620452782,0.04076504953702234
12,GA0600400,"Alpharetta, GA",rape,-0.07847115391076953,-0.07224181272787758,0.040793067290693374
1,GA0600500,"Roswell, GA",rape,-0.04387138027246358,-0.0323751120622936,0.040322867408233515
2,GA0600500,"Roswell, GA",rape,-0.036816055652062446,-0.04040678692867462,0.04034833278037776
3,GA0600500,"Roswell, GA",rape,-0.03844243170372693,-0.05276556043918714,0.04036208984647146
4,GA0600500,"Roswell, GA",rape,9.843442890189009e-4,-0.008171372320031874,0.040359608017677004
5,GA0600500,"Roswell, GA",rape,0.04975363918948855,0.04218148596846378,0.040362089846471466
6,GA0600500,"Roswell, GA",rape,0.0540459096652648,0.04205022134748365,0.04034833278037776
7,GA0600500,"Roswell, GA",rape,0.04279756554542923,0.04230022784816469,0.04032286740823351
8,GA0600500,"Roswell, GA",rape,0.06016748517053278,0.08198245728123121,0.04034833278037777
9,GA0600500,"Roswell, GA",rape,0.06286767594923165,0.08441611500587268,0.040362089846471466
10,GA0600500,"Roswell, GA",rape,8.947043801548035e-5,-0.0017537434658391746,0.040359608017677004
11,GA0600500,"Roswell, GA",rape,-0.07310506870795891,-0.0837571563210204,0.04036208984647146
12,GA0600500,"Roswell, GA",rape,-0.07847115391076953,-0.07370077591416922,0.04034833278037776
1,GA0605800,"Johns Creek, GA",rape,-0.04387138027246358,-0.04232960649395147,0.041275834759622376
2,GA0605800,"Johns Creek, GA",rape,-0.036816055652062446,-0.03859452036503683,0.04127952517859987
3,GA0605800,"Johns Creek, GA",rape,-0.03844243170372693,-0.0412994701811612,0.04127809495058419
4,GA0605800,"Johns Creek, GA",rape,9.843442890189009e-4,5.562732237024058e-4,0.04127940953336959
5,GA0605800,"Johns Creek, GA",rape,0.04975363918948855,0.0495565595607024,0.041278094950584196
6,GA0605800,"Johns Creek, GA",rape,0.0540459096652648,0.051369614335866766,0.04127952517859987
7,GA0605800,"Johns Creek, GA",rape,0.04279756554542923,0.04119837924718948,0.041275834759622376
8,GA0605800,"Johns Creek, GA",rape,0.06016748517053278,0.06338447377355591,0.04127952517859987
9,GA0605800,"Johns Creek, GA",rape,0.06286767594923165,0.06722065083644231,0.041278094950584196
10,GA0605800,"Johns Creek, GA",rape,8.947043801548035e-5,5.749540230596251e-4,0.04127940953336959
11,GA0605800,"Johns Creek, GA",rape,-0.07310506870795891,-0.07434651296922151,0.04127809495058419
12,GA0605800,"Johns Creek, GA",rape,-0.07847115391076953,-0.0772907949911479,0.04127952517859987
1,GA0690000,"Hall, GA",rape,-0.04387138027246358,-0.0696908600492063,0.03937067035011235
2,GA0690000,"Hall, GA",rape,-0.036816055652062446,-0.05926020798964958,0.03937836818355417
3,GA0690000,"Hall, GA",rape,-0.03844243170372693,-0.04513319080073639,0.03933940947234628
4,GA0690000,"Hall, GA",rape,9.843442890189009e-4,0.0029179309274099973,0.039358513195402296
5,GA0690000,"Hall, GA",rape,0.04975363918948855,0.050051943387662834,0.039339409472346286
6,GA0690000,"Hall, GA",rape,0.0540459096652648,0.05501297338111792,0.03937836818355417
7,GA0690000,"Hall, GA",rape,0.04279756554542923,0.0507552832491574,0.039370670350112345
8,GA0690000,"Hall, GA",rape,0.06016748517053278,0.07397697239253226,0.03937836818355417
9,GA0690000,"Hall, GA",rape,0.06286767594923165,0.078785532003668,0.039339409472346286
10,GA0690000,"Hall, GA",rape,8.947043801548035e-5,0.016017645872638937,0.039358513195402296
11,GA0690000,"Hall, GA",rape,-0.07310506870795891,-0.06476870779054554,0.03933940947234628
12,GA0690000,"Hall, GA",rape,-0.07847115391076953,-0.08866531458404953,0.03937836818355417
1,GA1100000,"Paulding, GA",rape,-0.04387138027246358,0.03004248495485447,0.039175843013236636
2,GA1100000,"Paulding, GA",rape,-0.036816055652062446,0.025882043774080477,0.03924293519352647
3,GA1100000,"Paulding, GA",rape,-0.03844243170372693,-0.029599577968435684,0.03900215878156299
4,GA1100000,"Paulding, GA",rape,9.843442890189009e-4,-0.043156886749671705,0.038634733985599926
5,GA1100000,"Paulding, GA",rape,0.04975363918948855,-0.028071050204352823,0.039002158781563
6,GA1100000,"Paulding, GA",rape,0.0540459096652648,-0.0372759727551733,0.03924293519352647
7,GA1100000,"Paulding, GA",rape,0.04279756554542923,-0.02408454980418179,0.03917584301323663
8,GA1100000,"Paulding, GA",rape,0.06016748517053278,0.054679498605868015,0.03924293519352647
9,GA1100000,"Paulding, GA",rape,0.06286767594923165,0.10420318519771155,0.039002158781563
10,GA1100000,"Paulding, GA",rape,8.947043801548035e-5,0.03719895159899909,0.038634733985599926
11,GA1100000,"Paulding, GA",rape,-0.07310506870795891,-0.0524904921755957,0.03900215878156299
12,GA1100000,"Paulding, GA",rape,-0.07847115391076953,-0.03732763447410258,0.03924293519352647
1,HI0020000,"Honolulu, HI",rape,-0.04387138027246358,-0.04174195217189772,0.03218718204280206
2,HI0020000,"Honolulu, HI",rape,-0.036816055652062446,-0.0422099584407107,0.03224188013848048
3,HI0020000,"Honolulu, HI",rape,-0.03844243170372693,-0.035865784994876415,0.03217619156642235
4,HI0020000,"Honolulu, HI",rape,9.843442890189009e-4,0.011518758507357509,0.03220185774675336
5,HI0020000,"Honolulu, HI",rape,0.04975363918948855,0.05462653416588799,0.03217619156642235
6,HI0020000,"Honolulu, HI",rape,0.0540459096652648,0.04265826645549895,0.03224188013848048
7,HI0020000,"Honolulu, HI",rape,0.04279756554542923,0.017129601144890927,0.032187182042802055
8,HI0020000,"Honolulu, HI",rape,0.06016748517053278,0.033138251060641125,0.032241880138480485
9,HI0020000,"Honolulu, HI",rape,0.06286767594923165,0.05140642864181364,0.03217619156642236
10,HI0020000,"Honolulu, HI",rape,8.947043801548035e-5,0.013093592519649316,0.03220185774675336
11,HI0020000,"Honolulu, HI",rape,-0.07310506870795891,-0.04555482678581843,0.03217619156642235
12,HI0020000,"Honolulu, HI",rape,-0.07847115391076953,-0.058198910102436205,0.032241880138480485
1,IA0070300,"Waterloo, IA",rape,-0.04387138027246358,-0.047410510720525045,0.039981451687013954
2,IA0070300,"Waterloo, IA",rape,-0.036816055652062446,-0.031680480840489876,0.040016450718028646
3,IA0070300,"Waterloo, IA",rape,-0.03844243170372693,-0.02638067316293027,0.040007887542293986
4,IA0070300,"Waterloo, IA",rape,9.843442890189009e-4,0.0036245993797204656,0.040010456964761944
5,IA0070300,"Waterloo, IA",rape,0.04975363918948855,0.039703300157313444,0.04000788754229399
6,IA0070300,"Waterloo, IA",rape,0.0540459096652648,0.051483246507717274,0.040016450718028646
7,IA0070300,"Waterloo, IA",rape,0.04279756554542923,0.0582745041510189,0.03998145168701395
8,IA0070300,"Waterloo, IA",rape,0.06016748517053278,0.07498578742880727,0.040016450718028646
9,IA0070300,"Waterloo, IA",rape,0.06286767594923165,0.05882198632075384,0.04000788754229399
10,IA0070300,"Waterloo, IA",rape,8.947043801548035e-5,-0.014488592810214293,0.040010456964761944
11,IA0070300,"Waterloo, IA",rape,-0.07310506870795891,-0.08300860674563085,0.040007887542293986
12,IA0070300,"Waterloo, IA",rape,-0.07847115391076953,-0.08392455966554084,0.040016450718028646
1,IA0310100,"Dubuque, IA",rape,-0.04387138027246358,-0.020795404819928996,0.03897866550653403
2,IA0310100,"Dubuque, IA",rape,-0.036816055652062446,-0.0031040815528565547,0.039025262021722976
3,IA0310100,"Dubuque, IA",rape,-0.03844243170372693,-0.016794219415662275,0.038985251602557607
4,IA0310100,"Dubuque, IA",rape,9.843442890189009e-4,0.00610891034644072,0.03900727164774619
5,IA0310100,"Dubuque, IA",rape,0.04975363918948855,0.04866474807166313,0.038985251602557613
6,IA0310100,"Dubuque, IA",rape,0.0540459096652648,0.04894327984781223,0.039025262021722976
7,IA0310100,"Dubuque, IA",rape,0.04279756554542923,0.028597169566415084,0.03897866550653403
8,IA0310100,"Dubuque, IA",rape,0.06016748517053278,0.04074970851541238,0.039025262021722976
9,IA0310100,"Dubuque, IA",rape,0.06286767594923165,0.046638081631732047,0.038985251602557613
10,IA0310100,"Dubuque, IA",rape,8.947043801548035e-5,-0.013910675092926771,0.03900727164774619
11,IA0310100,"Dubuque, IA",rape,-0.07310506870795891,-0.08631037503421896,0.038985251602557607
12,IA0310100,"Dubuque, IA",rape,-0.07847115391076953,-0.07878714206388203,0.039025262021722976
1,IA0520200,"Iowa City, IA",rape,-0.04387138027246358,-0.052767146164879125,0.03968830606161579
2,IA0520200,"Iowa City, IA",rape,-0.036816055652062446,-0.05652090814203484,0.039710515815910494
3,IA0520200,"Iowa City, IA",rape,-0.03844243170372693,-0.05620079404885554,0.039671461215562365
4,IA0520200,"Iowa City, IA",rape,9.843442890189009e-4,-0.008668086379423236,0.0396768882371793
5,IA0520200,"Iowa City, IA",rape,0.04975363918948855,0.05065944946742914,0.039671461215562365
6,IA0520200,"Iowa City, IA",rape,0.0540459096652648,0.06959597457266696,0.039710515815910494
7,IA0520200,"Iowa City, IA",rape,0.04279756554542923,0.06734751128130043,0.03968830606161578
8,IA0520200,"Iowa City, IA",rape,0.06016748517053278,0.0754688230873417,0.0397105158159105
9,IA0520200,"Iowa City, IA",rape,0.06286767594923165,0.060568343877741154,0.03967146121556237
10,IA0520200,"Iowa City, IA",rape,8.947043801548035e-5,-0.005912278736998026,0.0396768882371793
11,IA0520200,"Iowa City, IA",rape,-0.07310506870795891,-0.06960736441273603,0.039671461215562365
12,IA0520200,"Iowa City, IA",rape,-0.07847115391076953,-0.07396352440155257,0.039710515815910494
1,IA0570100,"Cedar Rapids, IA",rape,-0.04387138027246358,-0.02343606383332486,0.04042717360646456
2,IA0570100,"Cedar Rapids, IA",rape,-0.036816055652062446,-0.020301910448328832,0.040476849886209726
3,IA0570100,"Cedar Rapids, IA",rape,-0.03844243170372693,-0.03012192510762593,0.04043312890676318
4,IA0570100,"Cedar Rapids, IA",rape,9.843442890189009e-4,-0.004116655512734262,0.04043253507068568
5,IA0570100,"Cedar Rapids, IA",rape,0.04975363918948855,0.027899280950102252,0.040433128906763184
6,IA0570100,"Cedar Rapids, IA",rape,0.0540459096652648,0.030733780615816348,0.040476849886209726
7,IA0570100,"Cedar Rapids, IA",rape,0.04279756554542923,0.03996030419331383,0.04042717360646456
8,IA0570100,"Cedar Rapids, IA",rape,0.06016748517053278,0.07367177973598567,0.04047684988620973
9,IA0570100,"Cedar Rapids, IA",rape,0.06286767594923165,0.06696755403529382,0.040433128906763184
10,IA0570100,"Cedar Rapids, IA",rape,8.947043801548035e-5,-0.012407584847254677,0.04043253507068568
11,IA0570100,"Cedar Rapids, IA",rape,-0.07310506870795891,-0.0812691502377591,0.040433128906763184
12,IA0570100,"Cedar Rapids, IA",rape,-0.07847115391076953,-0.06757940954348426,0.040476849886209726
1,IA0770100,"Ankeny, IA",rape,-0.04387138027246358,-0.047602087368927785,0.040047331565140426
2,IA0770100,"Ankeny, IA",rape,-0.036816055652062446,-0.03874245293982699,0.040063952928115903
3,IA0770100,"Ankeny, IA",rape,-0.03844243170372693,-0.02690476697878674,0.040055943557035206
4,IA0770100,"Ankeny, IA",rape,9.843442890189009e-4,0.00823818462081516,0.040058157832525795
5,IA0770100,"Ankeny, IA",rape,0.04975363918948855,0.03937018372789335,0.04005594355703521
6,IA0770100,"Ankeny, IA",rape,0.0540459096652648,0.044467839111154824,0.040063952928115903
7,IA0770100,"Ankeny, IA",rape,0.04279756554542923,0.04927142578005418,0.04004733156514042
8,IA0770100,"Ankeny, IA",rape,0.06016748517053278,0.06556440351168658,0.040063952928115903
9,IA0770100,"Ankeny, IA",rape,0.06286767594923165,0.05205737913951996,0.04005594355703521
10,IA0770100,"Ankeny, IA",rape,8.947043801548035e-5,-0.009907523031941529,0.040058157832525795
11,IA0770100,"Ankeny, IA",rape,-0.07310506870795891,-0.06619213429975296,0.040055943557035206
12,IA0770100,"Ankeny, IA",rape,-0.07847115391076953,-0.06962045127188804,0.040063952928115903
1,IA0770300,"Des Moines, IA",rape,-0.04387138027246358,-0.0460507765847192,0.03685958269127103
2,IA0770300,"Des Moines, IA",rape,-0.036816055652062446,-0.013714588546567784,0.03689558033012292
3,IA0770300,"Des Moines, IA",rape,-0.03844243170372693,-0.007444748650328269,0.03693831687942577
4,IA0770300,"Des Moines, IA",rape,9.843442890189009e-4,-0.008739390128830026,0.036837266536994526
5,IA0770300,"Des Moines, IA",rape,0.04975363918948855,0.004201230895714471,0.03693831687942577
6,IA0770300,"Des Moines, IA",rape,0.0540459096652648,0.030524682185675965,0.03689558033012292
7,IA0770300,"Des Moines, IA",rape,0.04279756554542923,0.05957238157857821,0.03685958269127102
8,IA0770300,"Des Moines, IA",rape,0.06016748517053278,0.07599677383696554,0.03689558033012292
9,IA0770300,"Des Moines, IA",rape,0.06286767594923165,0.056205328946867035,0.036938316879425774
10,IA0770300,"Des Moines, IA",rape,8.947043801548035e-5,-0.004782214865028974,0.036837266536994526
11,IA0770300,"Des Moines, IA",rape,-0.07310506870795891,-0.06648341618611224,0.03693831687942577
12,IA0770300,"Des Moines, IA",rape,-0.07847115391076953,-0.07928526248221472,0.03689558033012292
1,IA0770500,"West Des Moines, IA",rape,-0.04387138027246358,-0.037852639076436614,0.040313312460098547
2,IA0770500,"West Des Moines, IA",rape,-0.036816055652062446,-0.04206251942099364,0.0403182356967394
3,IA0770500,"West Des Moines, IA",rape,-0.03844243170372693,-0.04597880607833659,0.04032424565189495
4,IA0770500,"West Des Moines, IA",rape,9.843442890189009e-4,0.005590521128332811,0.04031640231745379
5,IA0770500,"West Des Moines, IA",rape,0.04975363918948855,0.05492182309203133,0.040324245651894956
6,IA0770500,"West Des Moines, IA",rape,0.0540459096652648,0.04313036012052717,0.0403182356967394
7,IA0770500,"West Des Moines, IA",rape,0.04279756554542923,0.028998398766980703,0.04031331246009854
8,IA0770500,"West Des Moines, IA",rape,0.06016748517053278,0.06521992071749856,0.0403182356967394
9,IA0770500,"West Des Moines, IA",rape,0.06286767594923165,0.07799044768429747,0.040324245651894956
10,IA0770500,"West Des Moines, IA",rape,8.947043801548035e-5,0.0032637191811231425,0.04031640231745379
11,IA0770500,"West Des Moines, IA",rape,-0.07310506870795891,-0.07807922438853628,0.04032424565189495
12,IA0770500,"West Des Moines, IA",rape,-0.07847115391076953,-0.07514200172648808,0.0403182356967394
1,IA0780100,"Council Bluffs, IA",rape,-0.04387138027246358,-0.06918936644517361,0.039600031259164864
2,IA0780100,"Council Bluffs, IA",rape,-0.036816055652062446,-0.041986468050000385,0.03960258010571228
3,IA0780100,"Council Bluffs, IA",rape,-0.03844243170372693,-0.03382227418974143,0.03955923429500089
4,IA0780100,"Council Bluffs, IA",rape,9.843442890189009e-4,-0.0062981602842580595,0.03950848337763894
5,IA0780100,"Council Bluffs, IA",rape,0.04975363918948855,0.03912164463109414,0.03955923429500089
6,IA0780100,"Council Bluffs, IA",rape,0.0540459096652648,0.06438422413627172,0.03960258010571228
7,IA0780100,"Council Bluffs, IA",rape,0.04279756554542923,0.0708904960901812,0.03960003125916486
8,IA0780100,"Council Bluffs, IA",rape,0.06016748517053278,0.08215716988442746,0.039602580105712284
9,IA0780100,"Council Bluffs, IA",rape,0.06286767594923165,0.07229184637916097,0.0395592342950009
10,IA0780100,"Council Bluffs, IA",rape,8.947043801548035e-5,0.004597030639250505,0.03950848337763894
11,IA0780100,"Council Bluffs, IA",rape,-0.07310506870795891,-0.07929234646552125,0.03955923429500089
12,IA0780100,"Council Bluffs, IA",rape,-0.07847115391076953,-0.10285379632569124,0.03960258010571228
1,IA0820200,"Davenport, IA",rape,-0.04387138027246358,-0.04354271926591721,0.037508336860194495
2,IA0820200,"Davenport, IA",rape,-0.036816055652062446,-0.03938237954248318,0.03757122709478038
3,IA0820200,"Davenport, IA",rape,-0.03844243170372693,-0.037820049058123244,0.037535540947483875
4,IA0820200,"Davenport, IA",rape,9.843442890189009e-4,0.0012518515958204893,0.037564968083311875
5,IA0820200,"Davenport, IA",rape,0.04975363918948855,0.04449385303508471,0.03753554094748388
6,IA0820200,"Davenport, IA",rape,0.0540459096652648,0.04795881338096979,0.03757122709478038
7,IA0820200,"Davenport, IA",rape,0.04279756554542923,0.04223343708831414,0.037508336860194495
8,IA0820200,"Davenport, IA",rape,0.06016748517053278,0.06169154716276748,0.03757122709478038
9,IA0820200,"Davenport, IA",rape,0.06286767594923165,0.06143849885601066,0.03753554094748388
10,IA0820200,"Davenport, IA",rape,8.947043801548035e-5,5.743058178261977e-5,0.037564968083311875
11,IA0820200,"Davenport, IA",rape,-0.07310506870795891,-0.06680302065536904,0.03753554094748388
12,IA0820200,"Davenport, IA",rape,-0.07847115391076953,-0.07157726317885722,0.03757122709478038
1,IA0850100,"Ames, IA",rape,-0.04387138027246358,-0.03747364051652382,0.03912803253254658
2,IA0850100,"Ames, IA",rape,-0.036816055652062446,-0.021963760906719403,0.03933482916142692
3,IA0850100,"Ames, IA",rape,-0.03844243170372693,-0.027027157776504735,0.03934916076206902
4,IA0850100,"Ames, IA",rape,9.843442890189009e-4,-9.666190687539995e-4,0.039190321424343526
5,IA0850100,"Ames, IA",rape,0.04975363918948855,0.021200637937325902,0.03934916076206903
6,IA0850100,"Ames, IA",rape,0.0540459096652648,0.007243853723589422,0.03933482916142692
7,IA0850100,"Ames, IA",rape,0.04279756554542923,0.01954778930501521,0.039128032532546576
8,IA0850100,"Ames, IA",rape,0.06016748517053278,0.0876679929116612,0.03933482916142692
9,IA0850100,"Ames, IA",rape,0.06286767594923165,0.11065724099295521,0.03934916076206903
10,IA0850100,"Ames, IA",rape,8.947043801548035e-5,0.018892470280262655,0.039190321424343526
11,IA0850100,"Ames, IA",rape,-0.07310506870795891,-0.08690486994226773,0.03934916076206902
12,IA0850100,"Ames, IA",rape,-0.07847115391076953,-0.09087393694003992,0.03933482916142692
1,IA0970100,"Sioux City, IA",rape,-0.04387138027246358,-0.043670014683435635,0.0385444350635911
2,IA0970100,"Sioux City, IA",rape,-0.036816055652062446,-0.05035419020548667,0.038617636459875565
3,IA0970100,"Sioux City, IA",rape,-0.03844243170372693,-0.056068431020936005,0.03860783300303542
4,IA0970100,"Sioux City, IA",rape,9.843442890189009e-4,-0.0072371207861870075,0.038610624489129844
5,IA0970100,"Sioux City, IA",rape,0.04975363918948855,0.05226177975401295,0.03860783300303543
6,IA0970100,"Sioux City, IA",rape,0.0540459096652648,0.055299368428832894,0.038617636459875565
7,IA0970100,"Sioux City, IA",rape,0.04279756554542923,0.03564939666712552,0.03854443506359109
8,IA0970100,"Sioux City, IA",rape,0.06016748517053278,0.052699028302300124,0.038617636459875565
9,IA0970100,"Sioux City, IA",rape,0.06286767594923165,0.0664338871340596,0.038607833003035434
10,IA0970100,"Sioux City, IA",rape,8.947043801548035e-5,0.015257738802497145,0.038610624489129844
11,IA0970100,"Sioux City, IA",rape,-0.07310506870795891,-0.054606617850826426,0.03860783300303542
12,IA0970100,"Sioux City, IA",rape,-0.07847115391076953,-0.06566482454195649,0.03861763645987556
1,ID0010000,"Ada, ID",rape,-0.04387138027246358,-0.026248928394969822,0.03827647428397219
2,ID0010000,"Ada, ID",rape,-0.036816055652062446,-0.05880149983621447,0.03821356800222531
3,ID0010000,"Ada, ID",rape,-0.03844243170372693,-0.0852873530842708,0.038325483689415026
4,ID0010000,"Ada, ID",rape,9.843442890189009e-4,-0.008099937356189125,0.03815811318836109
5,ID0010000,"Ada, ID",rape,0.04975363918948855,0.08318083072355259,0.038325483689415026
6,ID0010000,"Ada, ID",rape,0.0540459096652648,0.0750832223594309,0.03821356800222531
7,ID0010000,"Ada, ID",rape,0.04279756554542923,0.03644071161086638,0.03827647428397219
8,ID0010000,"Ada, ID",rape,0.06016748517053278,0.06289019716363,0.03821356800222531
9,ID0010000,"Ada, ID",rape,0.06286767594923165,0.0791842671957898,0.038325483689415026
10,ID0010000,"Ada, ID",rape,8.947043801548035e-5,-0.002091845859707378,0.03815811318836109
11,ID0010000,"Ada, ID",rape,-0.07310506870795891,-0.08726952805096813,0.038325483689415026
12,ID0010000,"Ada, ID",rape,-0.07847115391076953,-0.06898013647094997,0.03821356800222531
1,ID0010300,"Meridian, ID",rape,-0.04387138027246358,-0.0387414824961983,0.039042657164737433
2,ID0010300,"Meridian, ID",rape,-0.036816055652062446,-0.022264335215743617,0.03911202514460993
3,ID0010300,"Meridian, ID",rape,-0.03844243170372693,-0.03481537454290858,0.039105036456413236
4,ID0010300,"Meridian, ID",rape,9.843442890189009e-4,-0.02251771198237844,0.03910876442419644
5,ID0010300,"Meridian, ID",rape,0.04975363918948855,0.01615012505791349,0.039105036456413236
6,ID0010300,"Meridian, ID",rape,0.0540459096652648,0.04591987969542581,0.03911202514460993
7,ID0010300,"Meridian, ID",rape,0.04279756554542923,0.06865547438222025,0.039042657164737433
8,ID0010300,"Meridian, ID",rape,0.06016748517053278,0.09222288509818033,0.03911202514460993
9,ID0010300,"Meridian, ID",rape,0.06286767594923165,0.07485993253932341,0.039105036456413236
10,ID0010300,"Meridian, ID",rape,8.947043801548035e-5,-0.007396279903643473,0.03910876442419644
11,ID0010300,"Meridian, ID",rape,-0.07310506870795891,-0.08610867494035024,0.039105036456413236
12,ID0010300,"Meridian, ID",rape,-0.07847115391076953,-0.08596443769184063,0.03911202514460992
1,ID0030200,"Pocatello, ID",rape,-0.04387138027246358,-0.05796234660438106,0.040245270015450356
2,ID0030200,"Pocatello, ID",rape,-0.036816055652062446,-0.03156317695602391,0.040259160922247766
3,ID0030200,"Pocatello, ID",rape,-0.03844243170372693,-0.014019187947158139,0.04026895269455807
4,ID0030200,"Pocatello, ID",rape,9.843442890189009e-4,0.014915972694597221,0.04024767114313411
5,ID0030200,"Pocatello, ID",rape,0.04975363918948855,0.040025112639701994,0.040268952694558074
6,ID0030200,"Pocatello, ID",rape,0.0540459096652648,0.041906551086838814,0.040259160922247766
7,ID0030200,"Pocatello, ID",rape,0.04279756554542923,0.04466200380043267,0.04024527001545035
8,ID0030200,"Pocatello, ID",rape,0.06016748517053278,0.06509511982676713,0.040259160922247766
9,ID0030200,"Pocatello, ID",rape,0.06286767594923165,0.0608514736218498,0.040268952694558074
10,ID0030200,"Pocatello, ID",rape,8.947043801548035e-5,-0.0016156298906487999,0.04024767114313411
11,ID0030200,"Pocatello, ID",rape,-0.07310506870795891,-0.07355705551044525,0.04026895269455807
12,ID0030200,"Pocatello, ID",rape,-0.07847115391076953,-0.08873883676153047,0.040259160922247766
1,ID0100200,"Idaho Falls, ID",rape,-0.04387138027246358,-0.030123618442108157,0.039324319804104536
2,ID0100200,"Idaho Falls, ID",rape,-0.036816055652062446,-0.03487704455568357,0.03929908430150495
3,ID0100200,"Idaho Falls, ID",rape,-0.03844243170372693,-0.05095199136706366,0.0392982426085825
4,ID0100200,"Idaho Falls, ID",rape,9.843442890189009e-4,-0.021042572452633874,0.03938848667237152
5,ID0100200,"Idaho Falls, ID",rape,0.04975363918948855,0.03167235480739333,0.03929824260858251
6,ID0100200,"Idaho Falls, ID",rape,0.0540459096652648,0.05593241472213985,0.03929908430150495
7,ID0100200,"Idaho Falls, ID",rape,0.04279756554542923,0.06390142513576899,0.03932431980410453
8,ID0100200,"Idaho Falls, ID",rape,0.06016748517053278,0.07821601431196229,0.03929908430150495
9,ID0100200,"Idaho Falls, ID",rape,0.06286767594923165,0.060513154429681575,0.03929824260858251
10,ID0100200,"Idaho Falls, ID",rape,8.947043801548035e-5,-0.012735234241026938,0.03938848667237152
11,ID0100200,"Idaho Falls, ID",rape,-0.07310506870795891,-0.07501132456367207,0.0392982426085825
12,ID0100200,"Idaho Falls, ID",rape,-0.07847115391076953,-0.06549357778475777,0.03929908430150495
1,ID0280100,"Coeur D Alene, ID",rape,-0.04387138027246358,-0.046863836314541045,0.03888025422334492
2,ID0280100,"Coeur D Alene, ID",rape,-0.036816055652062446,-0.05539448368730338,0.03900018373296599
3,ID0280100,"Coeur D Alene, ID",rape,-0.03844243170372693,-0.067738634608063,0.03896387088250618
4,ID0280100,"Coeur D Alene, ID",rape,9.843442890189009e-4,-0.002918086180734907,0.03887768481395286
5,ID0280100,"Coeur D Alene, ID",rape,0.04975363918948855,0.08582735155394852,0.038963870882506184
6,ID0280100,"Coeur D Alene, ID",rape,0.0540459096652648,0.09257967733955269,0.03900018373296599
7,ID0280100,"Coeur D Alene, ID",rape,0.04279756554542923,0.046914227616846535,0.038880254223344915
8,ID0280100,"Coeur D Alene, ID",rape,0.06016748517053278,0.043187311147739396,0.039000183732965994
9,ID0280100,"Coeur D Alene, ID",rape,0.06286767594923165,0.05548107076619354,0.038963870882506184
10,ID0280100,"Coeur D Alene, ID",rape,8.947043801548035e-5,0.002867694878429455,0.03887768481395286
11,ID0280100,"Coeur D Alene, ID",rape,-0.07310506870795891,-0.07362017901438454,0.03896387088250618
12,ID0280100,"Coeur D Alene, ID",rape,-0.07847115391076953,-0.08032211349768327,0.03900018373296599
1,ID0420200,"Twin Falls, ID",rape,-0.04387138027246358,-0.029436950856944498,0.03945008686094161
2,ID0420200,"Twin Falls, ID",rape,-0.036816055652062446,-0.0526968158070571,0.03955018487750805
3,ID0420200,"Twin Falls, ID",rape,-0.03844243170372693,-0.05911838799948482,0.039544542317879065
4,ID0420200,"Twin Falls, ID",rape,9.843442890189009e-4,-0.010023350941503906,0.03961209316106358
5,ID0420200,"Twin Falls, ID",rape,0.04975363918948855,0.03382144847317709,0.03954454231787907
6,ID0420200,"Twin Falls, ID",rape,0.0540459096652648,0.029939230649366797,0.03955018487750805
7,ID0420200,"Twin Falls, ID",rape,0.04279756554542923,0.032199866994480644,0.039450086860941605
8,ID0420200,"Twin Falls, ID",rape,0.06016748517053278,0.06971492533032385,0.03955018487750805
9,ID0420200,"Twin Falls, ID",rape,0.06286767594923165,0.07337358138521546,0.03954454231787907
10,ID0420200,"Twin Falls, ID",rape,8.947043801548035e-5,0.0072604348039677895,0.03961209316106358
11,ID0420200,"Twin Falls, ID",rape,-0.07310506870795891,-0.050839557996443865,0.039544542317879065
12,ID0420200,"Twin Falls, ID",rape,-0.07847115391076953,-0.04419442403509745,0.03955018487750805
1,IL0100100,"Champaign, IL",rape,-0.04387138027246358,-0.043907908607663165,0.03847108580719818
2,IL0100100,"Champaign, IL",rape,-0.036816055652062446,-0.07411475123696695,0.03891210300696678
3,IL0100100,"Champaign, IL",rape,-0.03844243170372693,-0.037700033174037924,0.038492658328677806
4,IL0100100,"Champaign, IL",rape,9.843442890189009e-4,0.046470665967549916,0.038910355911686935
5,IL0100100,"Champaign, IL",rape,0.04975363918948855,0.060345056626908804,0.03849265832867781
6,IL0100100,"Champaign, IL",rape,0.0540459096652648,0.017845757855176718,0.03891210300696678
7,IL0100100,"Champaign, IL",rape,0.04279756554542923,0.03694119925009801,0.03847108580719817
8,IL0100100,"Champaign, IL",rape,0.06016748517053278,0.0974245144926523,0.038912103006966785
9,IL0100100,"Champaign, IL",rape,0.06286767594923165,0.06797650578728845,0.03849265832867781
10,IL0100100,"Champaign, IL",rape,8.947043801548035e-5,-0.03950395660998474,0.038910355911686935
11,IL0100100,"Champaign, IL",rape,-0.07310506870795891,-0.08365481988259417,0.038492658328677806
12,IL0100100,"Champaign, IL",rape,-0.07847115391076953,-0.04812223046842726,0.03891210300696678
1,IL0160200,"Arlington Heights, IL",rape,-0.04387138027246358,-0.03342410347046734,0.040844377783246004
2,IL0160200,"Arlington Heights, IL",rape,-0.036816055652062446,-0.037334538449896607,0.040853734584687815
3,IL0160200,"Arlington Heights, IL",rape,-0.03844243170372693,-0.0443031264454718,0.04084186057912602
4,IL0160200,"Arlington Heights, IL",rape,9.843442890189009e-4,-0.002935487040821525,0.04085529604462438
5,IL0160200,"Arlington Heights, IL",rape,0.04975363918948855,0.04721951086833536,0.040841860579126026
6,IL0160200,"Arlington Heights, IL",rape,0.0540459096652648,0.05201505202134976,0.040853734584687815
7,IL0160200,"Arlington Heights, IL",rape,0.04279756554542923,0.04369173368452001,0.040844377783246004
8,IL0160200,"Arlington Heights, IL",rape,0.06016748517053278,0.061429392864044835,0.040853734584687815
9,IL0160200,"Arlington Heights, IL",rape,0.06286767594923165,0.05813035064556739,0.040841860579126026
10,IL0160200,"Arlington Heights, IL",rape,8.947043801548035e-5,-0.007332143173231108,0.04085529604462438
11,IL0160200,"Arlington Heights, IL",rape,-0.07310506870795891,-0.07131436528248361,0.04084186057912602
12,IL0160200,"Arlington Heights, IL",rape,-0.07847115391076953,-0.06584227622144537,0.040853734584687815
1,IL0162100,"Cicero, IL",rape,-0.04387138027246358,-0.058397739753076126,0.04011955221694733
2,IL0162100,"Cicero, IL",rape,-0.036816055652062446,-0.032549989762151676,0.04012249781550248
3,IL0162100,"Cicero, IL",rape,-0.03844243170372693,-0.02544477810762371,0.04011998118863543
4,IL0162100,"Cicero, IL",rape,9.843442890189009e-4,0.001080953622062296,0.04012406054334769
5,IL0162100,"Cicero, IL",rape,0.04975363918948855,0.042931449212882195,0.04011998118863544
6,IL0162100,"Cicero, IL",rape,0.0540459096652648,0.055471378854900416,0.04012249781550248
7,IL0162100,"Cicero, IL",rape,0.04279756554542923,0.04417876364139053,0.040119552216947324
8,IL0162100,"Cicero, IL",rape,0.06016748517053278,0.050705480485462105,0.04012249781550248
9,IL0162100,"Cicero, IL",rape,0.06286767594923165,0.057819244942619766,0.04011998118863544
10,IL0162100,"Cicero, IL",rape,8.947043801548035e-5,0.01313802248962333,0.04012406054334769
11,IL0162100,"Cicero, IL",rape,-0.07310506870795891,-0.06108693993619264,0.04011998118863543
12,IL0162100,"Cicero, IL",rape,-0.07847115391076953,-0.08784584568989647,0.04012249781550248
1,IL0162A00,"Schaumburg, IL",rape,-0.04387138027246358,-0.04800242385317615,0.0403420802440792
2,IL0162A00,"Schaumburg, IL",rape,-0.036816055652062446,-0.042053678971708544,0.040360189526122844
3,IL0162A00,"Schaumburg, IL",rape,-0.03844243170372693,-0.0325114118317999,0.040341649870336144
4,IL0162A00,"Schaumburg, IL",rape,9.843442890189009e-4,0.010025875443627503,0.040358208872233674
5,IL0162A00,"Schaumburg, IL",rape,0.04975363918948855,0.04635956622215716,0.04034164987033615
6,IL0162A00,"Schaumburg, IL",rape,0.0540459096652648,0.042409188526061896,0.040360189526122844
7,IL0162A00,"Schaumburg, IL",rape,0.04279756554542923,0.03822592605671202,0.04034208024407919
8,IL0162A00,"Schaumburg, IL",rape,0.06016748517053278,0.06285401604362381,0.040360189526122844
9,IL0162A00,"Schaumburg, IL",rape,0.06286767594923165,0.06308824670017933,0.04034164987033615
10,IL0162A00,"Schaumburg, IL",rape,8.947043801548035e-5,-2.4937764716333877e-4,0.040358208872233674
11,IL0162A00,"Schaumburg, IL",rape,-0.07310506870795891,-0.06715990329407245,0.040341649870336144
12,IL0162A00,"Schaumburg, IL",rape,-0.07847115391076953,-0.07298602339444134,0.040360189526122844
1,IL0163200,"Evanston, IL",rape,-0.04387138027246358,-0.04394792842822596,0.04067432774743535
2,IL0163200,"Evanston, IL",rape,-0.036816055652062446,-0.028149673219457765,0.040706837565900184
3,IL0163200,"Evanston, IL",rape,-0.03844243170372693,-0.03840086615856445,0.04067257985584002
4,IL0163200,"Evanston, IL",rape,9.843442890189009e-4,-0.00940566961105109,0.04071522854866892
5,IL0163200,"Evanston, IL",rape,0.04975363918948855,0.04360909610918873,0.04067257985584002
6,IL0163200,"Evanston, IL",rape,0.0540459096652648,0.051124432007937745,0.040706837565900184
7,IL0163200,"Evanston, IL",rape,0.04279756554542923,0.030676993472940388,0.04067432774743535
8,IL0163200,"Evanston, IL",rape,0.06016748517053278,0.04791688980509356,0.040706837565900184
9,IL0163200,"Evanston, IL",rape,0.06286767594923165,0.07143901769948585,0.04067257985584002
10,IL0163200,"Evanston, IL",rape,8.947043801548035e-5,0.022676604566336696,0.04071522854866892
11,IL0163200,"Evanston, IL",rape,-0.07310506870795891,-0.06337631269482455,0.04067257985584002
12,IL0163200,"Evanston, IL",rape,-0.07847115391076953,-0.08416258354885917,0.040706837565900184
1,IL0164A00,"Skokie, IL",rape,-0.04387138027246358,-0.049658208974800166,0.040403826064676136
2,IL0164A00,"Skokie, IL",rape,-0.036816055652062446,-0.031867874253756076,0.04043593979605963
3,IL0164A00,"Skokie, IL",rape,-0.03844243170372693,-0.035332924507471046,0.040424520430448994
4,IL0164A00,"Skokie, IL",rape,9.843442890189009e-4,-0.009627474187362524,0.040444108559909826
5,IL0164A00,"Skokie, IL",rape,0.04975363918948855,0.036307293509207875,0.040424520430448994
6,IL0164A00,"Skokie, IL",rape,0.0540459096652648,0.05030473584388251,0.04043593979605963
7,IL0164A00,"Skokie, IL",rape,0.04279756554542923,0.04281239069273717,0.04040382606467613
8,IL0164A00,"Skokie, IL",rape,0.06016748517053278,0.05820202811891395,0.04043593979605963
9,IL0164A00,"Skokie, IL",rape,0.06286767594923165,0.06851289665469194,0.040424520430448994
10,IL0164A00,"Skokie, IL",rape,8.947043801548035e-5,0.01647329246942555,0.040444108559909826
11,IL0164A00,"Skokie, IL",rape,-0.07310506870795891,-0.06264144737436578,0.040424520430448994
12,IL0164A00,"Skokie, IL",rape,-0.07847115391076953,-0.08348470799110341,0.04043593979605963
1,IL0165M00,"Tinley Park, IL",rape,-0.04387138027246358,-0.04702820331467926,0.04097189312410402
2,IL0165M00,"Tinley Park, IL",rape,-0.036816055652062446,-0.04856190069952553,0.040972607283753
3,IL0165M00,"Tinley Park, IL",rape,-0.03844243170372693,-0.05516741392362277,0.040961584951341994
4,IL0165M00,"Tinley Park, IL",rape,9.843442890189009e-4,-0.010526650439632211,0.040965639841734784
5,IL0165M00,"Tinley Park, IL",rape,0.04975363918948855,0.049954275647863464,0.040961584951341994
6,IL0165M00,"Tinley Park, IL",rape,0.0540459096652648,0.06382867367817231,0.040972607283753
7,IL0165M00,"Tinley Park, IL",rape,0.04279756554542923,0.05588795027855192,0.040971893124104014
8,IL0165M00,"Tinley Park, IL",rape,0.06016748517053278,0.07125779876943122,0.040972607283753
9,IL0165M00,"Tinley Park, IL",rape,0.06286767594923165,0.06900356502965582,0.040961584951341994
10,IL0165M00,"Tinley Park, IL",rape,8.947043801548035e-5,0.0016669034757595784,0.040965639841734784
11,IL0165M00,"Tinley Park, IL",rape,-0.07310506870795891,-0.07265017371776918,0.040961584951341994
12,IL0165M00,"Tinley Park, IL",rape,-0.07847115391076953,-0.07766482478420537,0.040972607283752994
1,IL0167200,"Mount Prospect, IL",rape,-0.04387138027246358,-0.05290463532156667,0.0409760739884193
2,IL0167200,"Mount Prospect, IL",rape,-0.036816055652062446,-0.04379139726364298,0.04098408096997204
3,IL0167200,"Mount Prospect, IL",rape,-0.03844243170372693,-0.03505968995354389,0.040977937417062224
4,IL0167200,"Mount Prospect, IL",rape,9.843442890189009e-4,0.008951606476394387,0.04097970012619051
5,IL0167200,"Mount Prospect, IL",rape,0.04975363918948855,0.05513935682878251,0.04097793741706223
6,IL0167200,"Mount Prospect, IL",rape,0.0540459096652648,0.06086659839117336,0.04098408096997204
7,IL0167200,"Mount Prospect, IL",rape,0.04279756554542923,0.05344943590449416,0.04097607398841929
8,IL0167200,"Mount Prospect, IL",rape,0.06016748517053278,0.0649368735191475,0.04098408096997204
9,IL0167200,"Mount Prospect, IL",rape,0.06286767594923165,0.05566036562612095,0.04097793741706223
10,IL0167200,"Mount Prospect, IL",rape,8.947043801548035e-5,-0.009496407059321841,0.04097970012619051
11,IL0167200,"Mount Prospect, IL",rape,-0.07310506870795891,-0.07628483308428705,0.040977937417062224
12,IL0167200,"Mount Prospect, IL",rape,-0.07847115391076953,-0.08146727406375043,0.04098408096997204
1,IL0168000,"Oak Lawn, IL",rape,-0.04387138027246358,-0.04953236580856827,0.04073670549874186
2,IL0168000,"Oak Lawn, IL",rape,-0.036816055652062446,-0.043272354803732926,0.040745810824674246
3,IL0168000,"Oak Lawn, IL",rape,-0.03844243170372693,-0.03765403548316985,0.0407368553797117
4,IL0168000,"Oak Lawn, IL",rape,9.843442890189009e-4,0.010914566424276968,0.040747758582756366
5,IL0168000,"Oak Lawn, IL",rape,0.04975363918948855,0.05952488499951007,0.0407368553797117
6,IL0168000,"Oak Lawn, IL",rape,0.0540459096652648,0.05540183924246266,0.040745810824674246
7,IL0168000,"Oak Lawn, IL",rape,0.04279756554542923,0.03881506247619885,0.04073670549874186
8,IL0168000,"Oak Lawn, IL",rape,0.06016748517053278,0.0578817588139987,0.040745810824674246
9,IL0168000,"Oak Lawn, IL",rape,0.06286767594923165,0.06298074282580508,0.0407368553797117
10,IL0168000,"Oak Lawn, IL",rape,8.947043801548035e-5,-1.9726309190751275e-4,0.040747758582756366
11,IL0168000,"Oak Lawn, IL",rape,-0.07310506870795891,-0.07413428900977587,0.0407368553797117
12,IL0168000,"Oak Lawn, IL",rape,-0.07847115391076953,-0.08072854658509791,0.040745810824674246
1,IL0168400,"Palatine, IL",rape,-0.04387138027246358,-0.057135644828628575,0.04064188158196278
2,IL0168400,"Palatine, IL",rape,-0.036816055652062446,-0.03415129471115006,0.04062630655312107
3,IL0168400,"Palatine, IL",rape,-0.03844243170372693,-0.020644577657031617,0.04064730351621957
4,IL0168400,"Palatine, IL",rape,9.843442890189009e-4,0.008250375550408947,0.04062244420654815
5,IL0168400,"Palatine, IL",rape,0.04975363918948855,0.039554844688696716,0.04064730351621957
6,IL0168400,"Palatine, IL",rape,0.0540459096652648,0.046613016785252336,0.04062630655312107
7,IL0168400,"Palatine, IL",rape,0.04279756554542923,0.046778248676827144,0.040641881581962774
8,IL0168400,"Palatine, IL",rape,0.06016748517053278,0.06206514246761853,0.04062630655312107
9,IL0168400,"Palatine, IL",rape,0.06286767594923165,0.05891582156530155,0.04064730351621958
10,IL0168400,"Palatine, IL",rape,8.947043801548035e-5,0.00210702060139251,0.04062244420654815
11,IL0168400,"Palatine, IL",rape,-0.07310506870795891,-0.06746869244516521,0.04064730351621957
12,IL0168400,"Palatine, IL",rape,-0.07847115391076953,-0.08488426069352226,0.04062630655312107
1,IL0580200,"Decatur, IL",rape,-0.04387138027246358,-0.04129522825366319,0.03917757063088098
2,IL0580200,"Decatur, IL",rape,-0.036816055652062446,-0.0432435211155064,0.039199534581598
3,IL0580200,"Decatur, IL",rape,-0.03844243170372693,-0.04159794383095835,0.039177295566488586
4,IL0580200,"Decatur, IL",rape,9.843442890189009e-4,-0.002018396739488129,0.03922833324927515
5,IL0580200,"Decatur, IL",rape,0.04975363918948855,0.04266890222171782,0.03917729556648859
6,IL0580200,"Decatur, IL",rape,0.0540459096652648,0.055701842190819084,0.039199534581598
7,IL0580200,"Decatur, IL",rape,0.04279756554542923,0.059235440006331574,0.03917757063088098
8,IL0580200,"Decatur, IL",rape,0.06016748517053278,0.07054448292972079,0.039199534581598
9,IL0580200,"Decatur, IL",rape,0.06286767594923165,0.05095869389250439,0.03917729556648859
10,IL0580200,"Decatur, IL",rape,8.947043801548035e-5,-0.01592181501318023,0.03922833324927515
11,IL0580200,"Decatur, IL",rape,-0.07310506870795891,-0.06996986403593224,0.039177295566488586
12,IL0580200,"Decatur, IL",rape,-0.07847115391076953,-0.06506259225236513,0.039199534581598
1,IL0840200,"Springfield, IL",rape,-0.04387138027246358,-0.05001388523448315,0.03734626400309837
2,IL0840200,"Springfield, IL",rape,-0.036816055652062446,-0.03662173502438985,0.037393297952292535
3,IL0840200,"Springfield, IL",rape,-0.03844243170372693,-0.05024954570090727,0.03734008830097226
4,IL0840200,"Springfield, IL",rape,9.843442890189009e-4,-0.02555323491683017,0.0374044508336726
5,IL0840200,"Springfield, IL",rape,0.04975363918948855,0.036982329772844776,0.03734008830097227
6,IL0840200,"Springfield, IL",rape,0.0540459096652648,0.0727449361428146,0.037393297952292535
7,IL0840200,"Springfield, IL",rape,0.04279756554542923,0.07185997368758101,0.037346264003098366
8,IL0840200,"Springfield, IL",rape,0.06016748517053278,0.07442420220368041,0.037393297952292535
9,IL0840200,"Springfield, IL",rape,0.06286767594923165,0.06620592442710002,0.03734008830097227
10,IL0840200,"Springfield, IL",rape,8.947043801548035e-5,0.003707146463732338,0.0374044508336726
11,IL0840200,"Springfield, IL",rape,-0.07310506870795891,-0.07478479695213536,0.03734008830097226
12,IL0840200,"Springfield, IL",rape,-0.07847115391076953,-0.08870131486900734,0.037393297952292535
1,IL0990000,"Will, IL",rape,-0.04387138027246358,-0.043828630239097645,0.03956361394677101
2,IL0990000,"Will, IL",rape,-0.036816055652062446,-0.03658238844742845,0.03957201741328837
3,IL0990000,"Will, IL",rape,-0.03844243170372693,-0.046155405286238044,0.039568497551052885
4,IL0990000,"Will, IL",rape,9.843442890189009e-4,0.0027785484579498842,0.039557142154956836
5,IL0990000,"Will, IL",rape,0.04975363918948855,0.06769486173937163,0.03956849755105289
6,IL0990000,"Will, IL",rape,0.0540459096652648,0.06636172824250697,0.03957201741328837
7,IL0990000,"Will, IL",rape,0.04279756554542923,0.03844376838828689,0.039563613946771006
8,IL0990000,"Will, IL",rape,0.06016748517053278,0.05823010580339815,0.03957201741328838
9,IL0990000,"Will, IL",rape,0.06286767594923165,0.07318798449301854,0.0395684975510529
10,IL0990000,"Will, IL",rape,8.947043801548035e-5,0.002606313392860914,0.039557142154956836
11,IL0990000,"Will, IL",rape,-0.07310506870795891,-0.08934257909534135,0.039568497551052885
12,IL0990000,"Will, IL",rape,-0.07847115391076953,-0.0933943074492875,0.03957201741328837
1,IL0990200,"Bolingbrook, IL",rape,-0.04387138027246358,-0.0520248269142905,0.039870550484269934
2,IL0990200,"Bolingbrook, IL",rape,-0.036816055652062446,-0.04731940683943653,0.03989277004492475
3,IL0990200,"Bolingbrook, IL",rape,-0.03844243170372693,-0.04732626700321945,0.039890172469784664
4,IL0990200,"Bolingbrook, IL",rape,9.843442890189009e-4,-0.003713916904963339,0.03992092392954591
5,IL0990200,"Bolingbrook, IL",rape,0.04975363918948855,0.04981334731613233,0.039890172469784664
6,IL0990200,"Bolingbrook, IL",rape,0.0540459096652648,0.05211096486783161,0.03989277004492475
7,IL0990200,"Bolingbrook, IL",rape,0.04279756554542923,0.0330533971331747,0.03987055048426993
8,IL0990200,"Bolingbrook, IL",rape,0.06016748517053278,0.051493102813511465,0.03989277004492475
9,IL0990200,"Bolingbrook, IL",rape,0.06286767594923165,0.07047139275841022,0.039890172469784664
10,IL0990200,"Bolingbrook, IL",rape,8.947043801548035e-5,0.02268534668607917,0.03992092392954591
11,IL0990200,"Bolingbrook, IL",rape,-0.07310506870795891,-0.05398704329020729,0.039890172469784664
12,IL0990200,"Bolingbrook, IL",rape,-0.07847115391076953,-0.07525609062302238,0.03989277004492475
1,IL1010400,"Rockford, IL",rape,-0.04387138027246358,-0.06879083758036168,0.036937712898558246
2,IL1010400,"Rockford, IL",rape,-0.036816055652062446,-0.07010034830160615,0.037082451814339994
3,IL1010400,"Rockford, IL",rape,-0.03844243170372693,-0.03241314303370482,0.03697488684180121
4,IL1010400,"Rockford, IL",rape,9.843442890189009e-4,0.03815558776070816,0.03706310458043304
5,IL1010400,"Rockford, IL",rape,0.04975363918948855,0.07316845105771419,0.03697488684180122
6,IL1010400,"Rockford, IL",rape,0.0540459096652648,0.05960052917210527,0.037082451814339994
7,IL1010400,"Rockford, IL",rape,0.04279756554542923,0.05573461871036549,0.03693771289855824
8,IL1010400,"Rockford, IL",rape,0.06016748517053278,0.07102874428259144,0.037082451814339994
9,IL1010400,"Rockford, IL",rape,0.06286767594923165,0.046397757884686336,0.03697488684180122
10,IL1010400,"Rockford, IL",rape,8.947043801548035e-5,-0.025099368890711942,0.03706310458043304
11,IL1010400,"Rockford, IL",rape,-0.07310506870795891,-0.0740968470386995,0.03697488684180121
12,IL1010400,"Rockford, IL",rape,-0.07847115391076953,-0.07358514402308677,0.037082451814339994
1,ILCPD0000,"Chicago, IL",rape,-0.04387138027246358,-0.05481338110583007,0.0277118651208154
2,ILCPD0000,"Chicago, IL",rape,-0.036816055652062446,-0.05545352912386509,0.027740063887740293
3,ILCPD0000,"Chicago, IL",rape,-0.03844243170372693,-0.07610742606115939,0.027741255896680927
4,ILCPD0000,"Chicago, IL",rape,9.843442890189009e-4,-0.04842671682215542,0.02780012026187759
5,ILCPD0000,"Chicago, IL",rape,0.04975363918948855,0.025622587128996694,0.02774125589668093
6,ILCPD0000,"Chicago, IL",rape,0.0540459096652648,0.0798147173165285,0.027740063887740293
7,ILCPD0000,"Chicago, IL",rape,0.04279756554542923,0.09565770621610044,0.027711865120815398
8,ILCPD0000,"Chicago, IL",rape,0.06016748517053278,0.10034069443755804,0.027740063887740297
9,ILCPD0000,"Chicago, IL",rape,0.06286767594923165,0.08015026626458199,0.02774125589668093
10,ILCPD0000,"Chicago, IL",rape,8.947043801548035e-5,0.00758239171188506,0.02780012026187759
11,ILCPD0000,"Chicago, IL",rape,-0.07310506870795891,-0.07050975244268966,0.027741255896680927
12,ILCPD0000,"Chicago, IL",rape,-0.07847115391076953,-0.08385755751995108,0.027740063887740293
1,IN0020100,"Fort Wayne, IN",rape,-0.04387138027246358,-0.08155467406302462,0.036726213936160525
2,IN0020100,"Fort Wayne, IN",rape,-0.036816055652062446,-0.06014849391687366,0.0367275103234877
3,IN0020100,"Fort Wayne, IN",rape,-0.03844243170372693,-0.03327487572939036,0.036653693527729445
4,IN0020100,"Fort Wayne, IN",rape,9.843442890189009e-4,0.023591614292302648,0.036651009979434046
5,IN0020100,"Fort Wayne, IN",rape,0.04975363918948855,0.07447815360975814,0.03665369352772945
6,IN0020100,"Fort Wayne, IN",rape,0.0540459096652648,0.07691595321485674,0.0367275103234877
7,IN0020100,"Fort Wayne, IN",rape,0.04279756554542923,0.06129519816895615,0.03672621393616052
8,IN0020100,"Fort Wayne, IN",rape,0.06016748517053278,0.06805072190875001,0.0367275103234877
9,IN0020100,"Fort Wayne, IN",rape,0.06286767594923165,0.06143657961533522,0.03665369352772945
10,IN0020100,"Fort Wayne, IN",rape,8.947043801548035e-5,-0.0033321383982341524,0.036651009979434046
11,IN0020100,"Fort Wayne, IN",rape,-0.07310506870795891,-0.08238038160163451,0.036653693527729445
12,IN0020100,"Fort Wayne, IN",rape,-0.07847115391076953,-0.10507765710080158,0.03672751032348769
1,IN0180100,"Muncie, IN",rape,-0.04387138027246358,-0.052833824082650055,0.03955610060982328
2,IN0180100,"Muncie, IN",rape,-0.036816055652062446,-0.04296658626534932,0.03959416953499358
3,IN0180100,"Muncie, IN",rape,-0.03844243170372693,-0.034190669158537704,0.0395675042554323
4,IN0180100,"Muncie, IN",rape,9.843442890189009e-4,0.008814799548699244,0.03958192135720902
5,IN0180100,"Muncie, IN",rape,0.04975363918948855,0.050895599677061795,0.039567504255432304
6,IN0180100,"Muncie, IN",rape,0.0540459096652648,0.05149165938579161,0.03959416953499358
7,IN0180100,"Muncie, IN",rape,0.04279756554542923,0.04524113748653721,0.03955610060982327
8,IN0180100,"Muncie, IN",rape,0.06016748517053278,0.06588252788113595,0.03959416953499358
9,IN0180100,"Muncie, IN",rape,0.06286767594923165,0.06469929737043723,0.039567504255432304
10,IN0180100,"Muncie, IN",rape,8.947043801548035e-5,-0.0012221129525863625,0.03958192135720902
11,IN0180100,"Muncie, IN",rape,-0.07310506870795891,-0.07381154129284846,0.0395675042554323
12,IN0180100,"Muncie, IN",rape,-0.07847115391076953,-0.08200028759769114,0.03959416953499358
1,IN0290100,"Carmel, IN",rape,-0.04387138027246358,-0.03292203438234531,0.040775821084128736
2,IN0290100,"Carmel, IN",rape,-0.036816055652062446,-0.03744553110791325,0.040774317826797406
3,IN0290100,"Carmel, IN",rape,-0.03844243170372693,-0.052890280921075006,0.04079432907125004
4,IN0290100,"Carmel, IN",rape,9.843442890189009e-4,-0.010041433137942275,0.040788761719189416
5,IN0290100,"Carmel, IN",rape,0.04975363918948855,0.04800665303559901,0.040794329071250045
6,IN0290100,"Carmel, IN",rape,0.0540459096652648,0.05082827641877102,0.040774317826797406
7,IN0290100,"Carmel, IN",rape,0.04279756554542923,0.03772653876836723,0.04077582108412873
8,IN0290100,"Carmel, IN",rape,0.06016748517053278,0.0653252328177853,0.040774317826797406
9,IN0290100,"Carmel, IN",rape,0.06286767594923165,0.07596547824492517,0.040794329071250045
10,IN0290100,"Carmel, IN",rape,8.947043801548035e-5,0.005236928751920397,0.040788761719189416
11,IN0290100,"Carmel, IN",rape,-0.07310506870795891,-0.07588635474547108,0.04079432907125004
12,IN0290100,"Carmel, IN",rape,-0.07847115391076953,-0.07390347374262121,0.040774317826797406
1,IN0290200,"Noblesville, IN",rape,-0.04387138027246358,-0.03193648907751237,0.04051610038364852
2,IN0290200,"Noblesville, IN",rape,-0.036816055652062446,-0.033498893670206774,0.04052391094731463
3,IN0290200,"Noblesville, IN",rape,-0.03844243170372693,-0.04339985332194697,0.04051886364477908
4,IN0290200,"Noblesville, IN",rape,9.843442890189009e-4,-0.002069015833532868,0.040527266085879234
5,IN0290200,"Noblesville, IN",rape,0.04975363918948855,0.049072486773920856,0.040518863644779086
6,IN0290200,"Noblesville, IN",rape,0.0540459096652648,0.05119439209705682,0.04052391094731463
7,IN0290200,"Noblesville, IN",rape,0.04279756554542923,0.042132987379713945,0.040516100383648515
8,IN0290200,"Noblesville, IN",rape,0.06016748517053278,0.06571102936992126,0.04052391094731463
9,IN0290200,"Noblesville, IN",rape,0.06286767594923165,0.06541549071945993,0.040518863644779086
10,IN0290200,"Noblesville, IN",rape,8.947043801548035e-5,-0.00812748246866867,0.040527266085879234
11,IN0290200,"Noblesville, IN",rape,-0.07310506870795891,-0.08128462247363537,0.04051886364477908
12,IN0290200,"Noblesville, IN",rape,-0.07847115391076953,-0.07321002949456978,0.04052391094731463
1,IN0290400,"Westfield, IN",rape,-0.04387138027246358,-0.03499151621607384,0.041082779818815175
2,IN0290400,"Westfield, IN",rape,-0.036816055652062446,-0.03794382308581305,0.04108859062306573
3,IN0290400,"Westfield, IN",rape,-0.03844243170372693,-0.04398497592069296,0.04108030518102166
4,IN0290400,"Westfield, IN",rape,9.843442890189009e-4,-0.0044246263441656865,0.041087179397598275
5,IN0290400,"Westfield, IN",rape,0.04975363918948855,0.045035319824257056,0.04108030518102167
6,IN0290400,"Westfield, IN",rape,0.0540459096652648,0.05194500077578461,0.04108859062306573
7,IN0290400,"Westfield, IN",rape,0.04279756554542923,0.04409655636025355,0.041082779818815175
8,IN0290400,"Westfield, IN",rape,0.06016748517053278,0.05945740410067417,0.04108859062306573
9,IN0290400,"Westfield, IN",rape,0.06286767594923165,0.05639351679137439,0.04108030518102167
10,IN0290400,"Westfield, IN",rape,8.947043801548035e-5,-0.004680413800013995,0.041087179397598275
11,IN0290400,"Westfield, IN",rape,-0.07310506870795891,-0.06654890083911819,0.04108030518102167
12,IN0290400,"Westfield, IN",rape,-0.07847115391076953,-0.06435354164646605,0.04108859062306573
1,IN0290700,"Fishers, IN",rape,-0.04387138027246358,-0.04562920625488318,0.04075184404539371
2,IN0290700,"Fishers, IN",rape,-0.036816055652062446,-0.03496130684820093,0.040768402846067496
3,IN0290700,"Fishers, IN",rape,-0.03844243170372693,-0.03681632951907961,0.04075779415195815
4,IN0290700,"Fishers, IN",rape,9.843442890189009e-4,0.0012454574379504775,0.04076710959703885
5,IN0290700,"Fishers, IN",rape,0.04975363918948855,0.05259727074937465,0.040757794151958154
6,IN0290700,"Fishers, IN",rape,0.0540459096652648,0.059016760850841704,0.040768402846067496
7,IN0290700,"Fishers, IN",rape,0.04279756554542923,0.04347901909450968,0.04075184404539371
8,IN0290700,"Fishers, IN",rape,0.06016748517053278,0.05539706661746032,0.040768402846067496
9,IN0290700,"Fishers, IN",rape,0.06286767594923165,0.059402276448712536,0.040757794151958154
10,IN0290700,"Fishers, IN",rape,8.947043801548035e-5,9.047297224230597e-4,0.04076710959703885
11,IN0290700,"Fishers, IN",rape,-0.07310506870795891,-0.07303303051863407,0.04075779415195815
12,IN0290700,"Fishers, IN",rape,-0.07847115391076953,-0.08160270778047464,0.040768402846067496
1,IN0410300,"Greenwood, IN",rape,-0.04387138027246358,-0.0364754344555058,0.041038695726770824
2,IN0410300,"Greenwood, IN",rape,-0.036816055652062446,-0.028043994676444813,0.04103647225217908
3,IN0410300,"Greenwood, IN",rape,-0.03844243170372693,-0.037913668319257854,0.041029603953857637
4,IN0410300,"Greenwood, IN",rape,9.843442890189009e-4,-0.007514910220244075,0.04104597151784332
5,IN0410300,"Greenwood, IN",rape,0.04975363918948855,0.04436738316219282,0.041029603953857643
6,IN0410300,"Greenwood, IN",rape,0.0540459096652648,0.05869538829082956,0.04103647225217908
7,IN0410300,"Greenwood, IN",rape,0.04279756554542923,0.048615059526416565,0.041038695726770824
8,IN0410300,"Greenwood, IN",rape,0.06016748517053278,0.05752000657637151,0.04103647225217908
9,IN0410300,"Greenwood, IN",rape,0.06286767594923165,0.055250055148273816,0.041029603953857643
10,IN0410300,"Greenwood, IN",rape,8.947043801548035e-5,-0.004624714850666656,0.04104597151784332
11,IN0410300,"Greenwood, IN",rape,-0.07310506870795891,-0.07384339506211954,0.041029603953857637
12,IN0410300,"Greenwood, IN",rape,-0.07847115391076953,-0.07603177511984555,0.041036472252179074
1,IN0710000,"St Joseph, IN",rape,-0.04387138027246358,-0.05501759364342209,0.04039092048728319
2,IN0710000,"St Joseph, IN",rape,-0.036816055652062446,-0.03138908787424596,0.04042797297577892
3,IN0710000,"St Joseph, IN",rape,-0.03844243170372693,-0.0330549521935892,0.04038493240502663
4,IN0710000,"St Joseph, IN",rape,9.843442890189009e-4,-0.003154471642442005,0.04043630334649558
5,IN0710000,"St Joseph, IN",rape,0.04975363918948855,0.048813261867602396,0.04038493240502663
6,IN0710000,"St Joseph, IN",rape,0.0540459096652648,0.05899435942974769,0.04042797297577892
7,IN0710000,"St Joseph, IN",rape,0.04279756554542923,0.0386311224745805,0.04039092048728318
8,IN0710000,"St Joseph, IN",rape,0.06016748517053278,0.049106905306002945,0.04042797297577892
9,IN0710000,"St Joseph, IN",rape,0.06286767594923165,0.06715924079418781,0.040384932405026636
10,IN0710000,"St Joseph, IN",rape,8.947043801548035e-5,0.01954094281128363,0.04043630334649558
11,IN0710000,"St Joseph, IN",rape,-0.07310506870795891,-0.06653107929935939,0.04038493240502663
12,IN0710000,"St Joseph, IN",rape,-0.07847115391076953,-0.0930986480303463,0.04042797297577892
1,IN0710200,"South Bend, IN",rape,-0.04387138027246358,-0.0572964098458532,0.03833461001522713
2,IN0710200,"South Bend, IN",rape,-0.036816055652062446,-0.04239104545748934,0.038343554507627324
3,IN0710200,"South Bend, IN",rape,-0.03844243170372693,-0.03313200120767868,0.03831204918688634
4,IN0710200,"South Bend, IN",rape,9.843442890189009e-4,0.011628353342134135,0.03836483290610573
5,IN0710200,"South Bend, IN",rape,0.04975363918948855,0.05574170604603756,0.03831204918688635
6,IN0710200,"South Bend, IN",rape,0.0540459096652648,0.04843840234213681,0.038343554507627324
7,IN0710200,"South Bend, IN",rape,0.04279756554542923,0.030366328345109023,0.03833461001522713
8,IN0710200,"South Bend, IN",rape,0.06016748517053278,0.05517449297272563,0.038343554507627324
9,IN0710200,"South Bend, IN",rape,0.06286767594923165,0.07284553022365918,0.03831204918688635
10,IN0710200,"South Bend, IN",rape,8.947043801548035e-5,0.015301728158610079,0.03836483290610573
11,IN0710200,"South Bend, IN",rape,-0.07310506870795891,-0.06852515356127388,0.03831204918688634
12,IN0710200,"South Bend, IN",rape,-0.07847115391076953,-0.08815193135811733,0.038343554507627324
1,IN0820100,"Evansville, IN",rape,-0.04387138027246358,-0.06287971271979588,0.03752850964980569
2,IN0820100,"Evansville, IN",rape,-0.036816055652062446,-0.06466357237150654,0.03756013781177229
3,IN0820100,"Evansville, IN",rape,-0.03844243170372693,-0.06342523243726168,0.037465615589132424
4,IN0820100,"Evansville, IN",rape,9.843442890189009e-4,-0.012750064715243455,0.03747411818826376
5,IN0820100,"Evansville, IN",rape,0.04975363918948855,0.05148433805801656,0.03746561558913243
6,IN0820100,"Evansville, IN",rape,0.0540459096652648,0.0736612981100053,0.03756013781177229
7,IN0820100,"Evansville, IN",rape,0.04279756554542923,0.07429922627667344,0.03752850964980569
8,IN0820100,"Evansville, IN",rape,0.06016748517053278,0.08745247958337796,0.03756013781177229
9,IN0820100,"Evansville, IN",rape,0.06286767594923165,0.07479462609225558,0.03746561558913243
10,IN0820100,"Evansville, IN",rape,8.947043801548035e-5,0.0013305511583659158,0.03747411818826376
11,IN0820100,"Evansville, IN",rape,-0.07310506870795891,-0.074273245269888,0.037465615589132424
12,IN0820100,"Evansville, IN",rape,-0.07847115391076953,-0.08503069176499917,0.03756013781177229
1,INIPD0000,"Indianapolis, IN",rape,-0.04387138027246358,-0.04590869229765436,0.029868596817843603
2,INIPD0000,"Indianapolis, IN",rape,-0.036816055652062446,-0.04972657655901633,0.029896484575111713
3,INIPD0000,"Indianapolis, IN",rape,-0.03844243170372693,-0.062245204576874366,0.02985933937556635
4,INIPD0000,"Indianapolis, IN",rape,9.843442890189009e-4,0.0020312531673713726,0.029860794787192765
5,INIPD0000,"Indianapolis, IN",rape,0.04975363918948855,0.08338236728539636,0.029859339375566354
6,INIPD0000,"Indianapolis, IN",rape,0.0540459096652648,0.0908500196004027,0.029896484575111713
7,INIPD0000,"Indianapolis, IN",rape,0.04279756554542923,0.06933687391689791,0.0298685968178436
8,INIPD0000,"Indianapolis, IN",rape,0.06016748517053278,0.08519220345581258,0.029896484575111713
9,INIPD0000,"Indianapolis, IN",rape,0.06286767594923165,0.07428264985442712,0.029859339375566358
10,INIPD0000,"Indianapolis, IN",rape,8.947043801548035e-5,-0.025459434786614887,0.029860794787192765
11,INIPD0000,"Indianapolis, IN",rape,-0.07310506870795891,-0.11884799418219263,0.02985933937556635
12,INIPD0000,"Indianapolis, IN",rape,-0.07847115391076953,-0.10288746487795547,0.029896484575111713
1,KS0460900,"Shawnee, KS",rape,-0.04387138027246358,-0.036977771701368636,0.0405400439280744
2,KS0460900,"Shawnee, KS",rape,-0.036816055652062446,-0.03613933015007002,0.04056166348833934
3,KS0460900,"Shawnee, KS",rape,-0.03844243170372693,-0.052606388370789355,0.04057539425457773
4,KS0460900,"Shawnee, KS",rape,9.843442890189009e-4,-0.013551591010534322,0.040597984427725733
5,KS0460900,"Shawnee, KS",rape,0.04975363918948855,0.04634167629395998,0.040575394254577735
6,KS0460900,"Shawnee, KS",rape,0.0540459096652648,0.04844639707194357,0.04056166348833934
7,KS0460900,"Shawnee, KS",rape,0.04279756554542923,0.026198969338077475,0.04054004392807439
8,KS0460900,"Shawnee, KS",rape,0.06016748517053278,0.0520845527391066,0.04056166348833934
9,KS0460900,"Shawnee, KS",rape,0.06286767594923165,0.07933041332311713,0.040575394254577735
10,KS0460900,"Shawnee, KS",rape,8.947043801548035e-5,0.02433039337382552,0.040597984427725733
11,KS0460900,"Shawnee, KS",rape,-0.07310506870795891,-0.062286898882996586,0.04057539425457773
12,KS0460900,"Shawnee, KS",rape,-0.07847115391076953,-0.07517042202427138,0.04056166348833934
1,KS0461000,"Lenexa, KS",rape,-0.04387138027246358,-0.03366613470802968,0.0405719824784711
2,KS0461000,"Lenexa, KS",rape,-0.036816055652062446,-0.04220127342958891,0.0405885424913636
3,KS0461000,"Lenexa, KS",rape,-0.03844243170372693,-0.052178667554634676,0.04059232606178537
4,KS0461000,"Lenexa, KS",rape,9.843442890189009e-4,-0.014892947553658812,0.04064648930661744
5,KS0461000,"Lenexa, KS",rape,0.04975363918948855,0.03318593612105432,0.04059232606178538
6,KS0461000,"Lenexa, KS",rape,0.0540459096652648,0.04605034260951041,0.0405885424913636
7,KS0461000,"Lenexa, KS",rape,0.04279756554542923,0.05267997860552631,0.0405719824784711
8,KS0461000,"Lenexa, KS",rape,0.06016748517053278,0.07746383141414692,0.0405885424913636
9,KS0461000,"Lenexa, KS",rape,0.06286767594923165,0.0684273816416961,0.04059232606178538
10,KS0461000,"Lenexa, KS",rape,8.947043801548035e-5,-0.004120896343837792,0.04064648930661744
11,KS0461000,"Lenexa, KS",rape,-0.07310506870795891,-0.06844849410561236,0.04059232606178537
12,KS0461000,"Lenexa, KS",rape,-0.07847115391076953,-0.06229905669657183,0.0405885424913636
1,KY0080000,"Boone, KY",rape,-0.04387138027246358,-0.03780328058382884,0.039882363188936655
2,KY0080000,"Boone, KY",rape,-0.036816055652062446,-0.05646498648537669,0.039989156354457815
3,KY0080000,"Boone, KY",rape,-0.03844243170372693,-0.0521924243692386,0.03994540322724929
4,KY0080000,"Boone, KY",rape,9.843442890189009e-4,0.0011198474188071706,0.03994483233720089
5,KY0080000,"Boone, KY",rape,0.04975363918948855,0.05097983018452654,0.0399454032272493
6,KY0080000,"Boone, KY",rape,0.0540459096652648,0.05830316784014328,0.039989156354457815
7,KY0080000,"Boone, KY",rape,0.04279756554542923,0.054682302819409015,0.03988236318893665
8,KY0080000,"Boone, KY",rape,0.06016748517053278,0.060633706022338946,0.039989156354457815
9,KY0080000,"Boone, KY",rape,0.06286767594923165,0.03948212167062071,0.0399454032272493
10,KY0080000,"Boone, KY",rape,8.947043801548035e-5,-0.017998869654387326,0.03994483233720089
11,KY0080000,"Boone, KY",rape,-0.07310506870795891,-0.055148549721488804,0.03994540322724929
12,KY0080000,"Boone, KY",rape,-0.07847115391076953,-0.045592865141525385,0.039989156354457815
1,KY0300100,"Owensboro, KY",rape,-0.04387138027246358,-0.02074762333424499,0.03931436469190155
2,KY0300100,"Owensboro, KY",rape,-0.036816055652062446,-0.037712683315670736,0.039301008633281155
3,KY0300100,"Owensboro, KY",rape,-0.03844243170372693,-0.06650783476968869,0.03936865186869593
4,KY0300100,"Owensboro, KY",rape,9.843442890189009e-4,-0.006301230635214601,0.03928376128474798
5,KY0300100,"Owensboro, KY",rape,0.04975363918948855,0.07962003975625152,0.03936865186869594
6,KY0300100,"Owensboro, KY",rape,0.0540459096652648,0.07846732318850648,0.039301008633281155
7,KY0300100,"Owensboro, KY",rape,0.04279756554542923,0.035613185424099636,0.03931436469190154
8,KY0300100,"Owensboro, KY",rape,0.06016748517053278,0.04686530290506802,0.039301008633281155
9,KY0300100,"Owensboro, KY",rape,0.06286767594923165,0.06079489226923136,0.03936865186869594
10,KY0300100,"Owensboro, KY",rape,8.947043801548035e-5,-0.00856433145464,0.03928376128474798
11,KY0300100,"Owensboro, KY",rape,-0.07310506870795891,-0.08877265934564882,0.03936865186869593
12,KY0300100,"Owensboro, KY",rape,-0.07847115391076953,-0.07275438068804921,0.039301008633281155
1,KY0340200,"Lexington, KY",rape,-0.04387138027246358,-0.034234103883287965,0.03495681947485685
2,KY0340200,"Lexington, KY",rape,-0.036816055652062446,-0.03979499092380077,0.03507816380345368
3,KY0340200,"Lexington, KY",rape,-0.03844243170372693,-0.05684381503729785,0.035079948144837655
4,KY0340200,"Lexington, KY",rape,9.843442890189009e-4,-0.025895332046823802,0.03513784185277764
5,KY0340200,"Lexington, KY",rape,0.04975363918948855,0.028260276780427113,0.03507994814483766
6,KY0340200,"Lexington, KY",rape,0.0540459096652648,0.04734977890779153,0.03507816380345368
7,KY0340200,"Lexington, KY",rape,0.04279756554542923,0.04863819812598417,0.03495681947485684
8,KY0340200,"Lexington, KY",rape,0.06016748517053278,0.07027032002043139,0.03507816380345368
9,KY0340200,"Lexington, KY",rape,0.06286767594923165,0.0729150498912323,0.03507994814483766
10,KY0340200,"Lexington, KY",rape,8.947043801548035e-5,0.011491237804127632,0.03513784185277764
11,KY0340200,"Lexington, KY",rape,-0.07310506870795891,-0.05873560587705776,0.035079948144837655
12,KY0340200,"Lexington, KY",rape,-0.07847115391076953,-0.06342101376172599,0.03507816380345368
1,KY0568000,"Louisville, KY",rape,-0.04387138027246358,-0.04621273971740179,0.03368321190781388
2,KY0568000,"Louisville, KY",rape,-0.036816055652062446,-0.041074655613656016,0.03382235686048013
3,KY0568000,"Louisville, KY",rape,-0.03844243170372693,-0.047712014475175764,0.03375052417714678
4,KY0568000,"Louisville, KY",rape,9.843442890189009e-4,0.0018922577126699908,0.03380028195206668
5,KY0568000,"Louisville, KY",rape,0.04975363918948855,0.07120114673364812,0.03375052417714679
6,KY0568000,"Louisville, KY",rape,0.0540459096652648,0.077124687224417815,0.03382235686048013
7,KY0568000,"Louisville, KY",rape,0.04279756554542923,0.04389097884372774,0.03368321190781387
8,KY0568000,"Louisville, KY",rape,0.06016748517053278,0.04577349489682417,0.03382235686048013
9,KY0568000,"Louisville, KY",rape,0.06286767594923165,0.05473261463201801,0.03375052417714679
10,KY0568000,"Louisville, KY",rape,8.947043801548035e-5,4.295031610041111e-4,0.03380028195206668
11,KY0568000,"Louisville, KY",rape,-0.07310506870795891,-0.0758999860168163,0.03375052417714678
12,KY0568000,"Louisville, KY",rape,-0.07847115391076953,-0.08414528738126009,0.03382235686048013
1,KY1140100,"Bowling Green, KY",rape,-0.04387138027246358,-0.02606666134939991,0.03839251834605835
2,KY1140100,"Bowling Green, KY",rape,-0.036816055652062446,-0.015376829617072846,0.038561320556422765
3,KY1140100,"Bowling Green, KY",rape,-0.03844243170372693,-0.017099455310661534,0.03854997938206854
4,KY1140100,"Bowling Green, KY",rape,9.843442890189009e-4,0.017876578872926638,0.0385310178890604
5,KY1140100,"Bowling Green, KY",rape,0.04975363918948855,0.04590950444161662,0.03854997938206854
6,KY1140100,"Bowling Green, KY",rape,0.0540459096652648,0.035056201677239024,0.038561320556422765
7,KY1140100,"Bowling Green, KY",rape,0.04279756554542923,0.04118053291528612,0.03839251834605834
8,KY1140100,"Bowling Green, KY",rape,0.06016748517053278,0.08154114755425008,0.038561320556422765
9,KY1140100,"Bowling Green, KY",rape,0.06286767594923165,0.06814990168195263,0.03854997938206854
10,KY1140100,"Bowling Green, KY",rape,8.947043801548035e-5,-0.0329904504388128,0.0385310178890604
11,KY1140100,"Bowling Green, KY",rape,-0.07310506870795891,-0.1120738223787939,0.03854997938206854
12,KY1140100,"Bowling Green, KY",rape,-0.07847115391076953,-0.08610664804853013,0.038561320556422765
1,LA0080100,"Bossier City, LA",rape,-0.04387138027246358,-0.045344110688179444,0.03913098732280537
2,LA0080100,"Bossier City, LA",rape,-0.036816055652062446,-0.0341256460369562,0.039175522477110473
3,LA0080100,"Bossier City, LA",rape,-0.03844243170372693,-0.03205579327718845,0.039162366113849684
4,LA0080100,"Bossier City, LA",rape,9.843442890189009e-4,0.007218139448135648,0.03919611072274885
5,LA0080100,"Bossier City, LA",rape,0.04975363918948855,0.05649222746761045,0.03916236611384969
6,LA0080100,"Bossier City, LA",rape,0.0540459096652648,0.06353956952975956,0.039175522477110473
7,LA0080100,"Bossier City, LA",rape,0.04279756554542923,0.04951064339241932,0.03913098732280537
8,LA0080100,"Bossier City, LA",rape,0.06016748517053278,0.05566338082819362,0.039175522477110473
9,LA0080100,"Bossier City, LA",rape,0.06286767594923165,0.04942699536418603,0.03916236611384969
10,LA0080100,"Bossier City, LA",rape,8.947043801548035e-5,-0.011384672152375493,0.03919611072274885
11,LA0080100,"Bossier City, LA",rape,-0.07310506870795891,-0.0780299622588479,0.039162366113849684
12,LA0080100,"Bossier City, LA",rape,-0.07847115391076953,-0.08091077161675715,0.039175522477110473
1,LA0090100,"Shreveport, LA",rape,-0.04387138027246358,-0.04501246412750694,0.03643650127066987
2,LA0090100,"Shreveport, LA",rape,-0.036816055652062446,-0.02295333598407918,0.03654481844545089
3,LA0090100,"Shreveport, LA",rape,-0.03844243170372693,-0.026142415787889603,0.03648848474119991
4,LA0090100,"Shreveport, LA",rape,9.843442890189009e-4,-0.001966459801613299,0.03651634897684535
5,LA0090100,"Shreveport, LA",rape,0.04975363918948855,0.03979833204856373,0.036488484741199916
6,LA0090100,"Shreveport, LA",rape,0.0540459096652648,0.048464490602928574,0.03654481844545089
7,LA0090100,"Shreveport, LA",rape,0.04279756554542923,0.03934480895843421,0.036436501270669865
8,LA0090100,"Shreveport, LA",rape,0.06016748517053278,0.05645403113012673,0.0365448184454509
9,LA0090100,"Shreveport, LA",rape,0.06286767594923165,0.06531076610300991,0.036488484741199916
10,LA0090100,"Shreveport, LA",rape,8.947043801548035e-5,0.007634114970686063,0.03651634897684535
11,LA0090100,"Shreveport, LA",rape,-0.07310506870795891,-0.07329902719461129,0.03648848474119991
12,LA0090100,"Shreveport, LA",rape,-0.07847115391076953,-0.0876328409180489,0.0365448184454509
1,LA0100200,"Lake Charles, LA",rape,-0.04387138027246358,-0.06276463442969193,0.03950894655640196
2,LA0100200,"Lake Charles, LA",rape,-0.036816055652062446,-0.06664882075124227,0.039585829905781356
3,LA0100200,"Lake Charles, LA",rape,-0.03844243170372693,-0.04214201063687438,0.03950281612697736
4,LA0100200,"Lake Charles, LA",rape,9.843442890189009e-4,0.0213398655212456,0.03954787651451154
5,LA0100200,"Lake Charles, LA",rape,0.04975363918948855,0.06255652071834641,0.03950281612697737
6,LA0100200,"Lake Charles, LA",rape,0.0540459096652648,0.05509730458378072,0.039585829905781356
7,LA0100200,"Lake Charles, LA",rape,0.04279756554542923,0.05120600010004134,0.039508946556401955
8,LA0100200,"Lake Charles, LA",rape,0.06016748517053278,0.07152271385462915,0.039585829905781356
9,LA0100200,"Lake Charles, LA",rape,0.06286767594923165,0.05857453806991187,0.03950281612697737
10,LA0100200,"Lake Charles, LA",rape,8.947043801548035e-5,-0.00978123119159497,0.03954787651451154
11,LA0100200,"Lake Charles, LA",rape,-0.07310506870795891,-0.06743041382173331,0.03950281612697736
12,LA0100200,"Lake Charles, LA",rape,-0.07847115391076953,-0.07152983201681822,0.039585829905781356
1,LA0170200,"Baton Rouge, LA",rape,-0.04387138027246358,-0.06382824585972226,0.03632154517747874
2,LA0170200,"Baton Rouge, LA",rape,-0.036816055652062446,-0.05119238922393264,0.03633200287423849
3,LA0170200,"Baton Rouge, LA",rape,-0.03844243170372693,-0.032167636371646616,0.03631452894090922
4,LA0170200,"Baton Rouge, LA",rape,9.843442890189009e-4,0.03257045970280571,0.036368884108335456
5,LA0170200,"Baton Rouge, LA",rape,0.04975363918948855,0.08416763067242657,0.03631452894090922
6,LA0170200,"Baton Rouge, LA",rape,0.0540459096652648,0.06560780895185118,0.03633200287423849
7,LA0170200,"Baton Rouge, LA",rape,0.04279756554542923,0.03511359141212342,0.03632154517747873
8,LA0170200,"Baton Rouge, LA",rape,0.06016748517053278,0.054556819297869624,0.03633200287423849
9,LA0170200,"Baton Rouge, LA",rape,0.06286767594923165,0.06424672089318247,0.036314528940909224
10,LA0170200,"Baton Rouge, LA",rape,8.947043801548035e-5,-0.0038558052552068343,0.036368884108335456
11,LA0170200,"Baton Rouge, LA",rape,-0.07310506870795891,-0.08753206074636358,0.03631452894090922
12,LA0170200,"Baton Rouge, LA",rape,-0.07847115391076953,-0.09768689347338708,0.03633200287423849
1,LA0260000,"Jefferson, LA",rape,-0.04387138027246358,-0.06036064701131795,0.03776387176327337
2,LA0260000,"Jefferson, LA",rape,-0.036816055652062446,-0.055018582900600306,0.03780175757521259
3,LA0260000,"Jefferson, LA",rape,-0.03844243170372693,-0.032845724370897146,0.037766021515552896
4,LA0260000,"Jefferson, LA",rape,9.843442890189009e-4,0.015309924592687185,0.037805909728361724
5,LA0260000,"Jefferson, LA",rape,0.04975363918948855,0.0473452406687948,0.037766021515552896
6,LA0260000,"Jefferson, LA",rape,0.0540459096652648,0.04103594042438387,0.03780175757521259
7,LA0260000,"Jefferson, LA",rape,0.04279756554542923,0.03720189322993847,0.037763871763273366
8,LA0260000,"Jefferson, LA",rape,0.06016748517053278,0.058987567500099966,0.03780175757521259
9,LA0260000,"Jefferson, LA",rape,0.06286767594923165,0.05997346275177631,0.0377660215155529
10,LA0260000,"Jefferson, LA",rape,8.947043801548035e-5,0.007848829188692324,0.037805909728361724
11,LA0260000,"Jefferson, LA",rape,-0.07310506870795891,-0.05131422526829449,0.037766021515552896
12,LA0260000,"Jefferson, LA",rape,-0.07847115391076953,-0.06816367880526303,0.03780175757521259
1,LA0280300,"Lafayette, LA",rape,-0.04387138027246358,-0.04699979901034183,0.04013799714224834
2,LA0280300,"Lafayette, LA",rape,-0.036816055652062446,-0.044042119600503915,0.04017533744652044
3,LA0280300,"Lafayette, LA",rape,-0.03844243170372693,-0.05003998753303539,0.04015311085121855
4,LA0280300,"Lafayette, LA",rape,9.843442890189009e-4,0.0016968385222035497,0.04015593266349921
5,LA0280300,"Lafayette, LA",rape,0.04975363918948855,0.06895196851020956,0.04015311085121856
6,LA0280300,"Lafayette, LA",rape,0.0540459096652648,0.06623792452295171,0.04017533744652044
7,LA0280300,"Lafayette, LA",rape,0.04279756554542923,0.0274191090273926,0.04013799714224833
8,LA0280300,"Lafayette, LA",rape,0.06016748517053278,0.03753054238498155,0.04017533744652044
9,LA0280300,"Lafayette, LA",rape,0.06286767594923165,0.06310910030046228,0.04015311085121856
10,LA0280300,"Lafayette, LA",rape,8.947043801548035e-5,0.017883851460745726,0.04015593266349921
11,LA0280300,"Lafayette, LA",rape,-0.07310506870795891,-0.06244039129468722,0.04015311085121855
12,LA0280300,"Lafayette, LA",rape,-0.07847115391076953,-0.07930703729037863,0.04017533744652044
1,LA0320000,"Livingston, LA",rape,-0.04387138027246358,-0.04400722872744674,0.038577272103151275
2,LA0320000,"Livingston, LA",rape,-0.036816055652062446,-0.04134799378755622,0.0386583391992853
3,LA0320000,"Livingston, LA",rape,-0.03844243170372693,-0.011721433798688986,0.03857675174978309
4,LA0320000,"Livingston, LA",rape,9.843442890189009e-4,0.03401318083988798,0.038611333928121584
5,LA0320000,"Livingston, LA",rape,0.04975363918948855,0.04817776800951655,0.038576751749783096
6,LA0320000,"Livingston, LA",rape,0.0540459096652648,0.03292470405918274,0.0386583391992853
7,LA0320000,"Livingston, LA",rape,0.04279756554542923,0.034332623842514225,0.03857727210315127
8,LA0320000,"Livingston, LA",rape,0.06016748517053278,0.0496176615078137,0.0386583391992853
9,LA0320000,"Livingston, LA",rape,0.06286767594923165,0.029665706403879,0.038576751749783096
10,LA0320000,"Livingston, LA",rape,8.947043801548035e-5,-0.024338575954955446,0.038611333928121584
11,LA0320000,"Livingston, LA",rape,-0.07310506870795891,-0.05644743572977405,0.03857675174978309
12,LA0320000,"Livingston, LA",rape,-0.07847115391076953,-0.05086897666437275,0.0386583391992853
1,MA0031100,"New Bedford, MA",rape,-0.04387138027246358,-0.06141444766524523,0.03927373641749217
2,MA0031100,"New Bedford, MA",rape,-0.036816055652062446,-0.05544482684419142,0.039256616010360276
3,MA0031100,"New Bedford, MA",rape,-0.03844243170372693,-0.05848571031154282,0.03914771358372774
4,MA0031100,"New Bedford, MA",rape,9.843442890189009e-4,-0.011948510340075326,0.039133322125944184
5,MA0031100,"New Bedford, MA",rape,0.04975363918948855,0.05646132905826374,0.03914771358372774
6,MA0031100,"New Bedford, MA",rape,0.0540459096652648,0.08104526050069322,0.039256616010360276
7,MA0031100,"New Bedford, MA",rape,0.04279756554542923,0.07564773340731512,0.03927373641749217
8,MA0031100,"New Bedford, MA",rape,0.06016748517053278,0.08387345280465834,0.039256616010360276
9,MA0031100,"New Bedford, MA",rape,0.06286767594923165,0.07268105052993988,0.03914771358372775
10,MA0031100,"New Bedford, MA",rape,8.947043801548035e-5,-0.002284775401994533,0.039133322125944184
11,MA0031100,"New Bedford, MA",rape,-0.07310506870795891,-0.08488995501873067,0.03914771358372774
12,MA0031100,"New Bedford, MA",rape,-0.07847115391076953,-0.09524060071909027,0.039256616010360276
1,MA0031900,"Taunton, MA",rape,-0.04387138027246358,-0.057782351963370296,0.040534224349632435
2,MA0031900,"Taunton, MA",rape,-0.036816055652062446,-0.038836973914917375,0.04055190731941346
3,MA0031900,"Taunton, MA",rape,-0.03844243170372693,-0.032698181241656285,0.04052667754525482
4,MA0031900,"Taunton, MA",rape,9.843442890189009e-4,0.006714532036322657,0.04052521528075518
5,MA0031900,"Taunton, MA",rape,0.04975363918948855,0.05155860166339695,0.040526677545254824
6,MA0031900,"Taunton, MA",rape,0.0540459096652648,0.05326274108065189,0.04055190731941346
7,MA0031900,"Taunton, MA",rape,0.04279756554542923,0.04463469845509418,0.04053422434963243
8,MA0031900,"Taunton, MA",rape,0.06016748517053278,0.06935408034170314,0.04055190731941346
9,MA0031900,"Taunton, MA",rape,0.06286767594923165,0.07636294117671821,0.040526677545254824
10,MA0031900,"Taunton, MA",rape,8.947043801548035e-5,0.0064331214719534945,0.04052521528075518
11,MA0031900,"Taunton, MA",rape,-0.07310506870795891,-0.08207570809018273,0.04052667754525482
12,MA0031900,"Taunton, MA",rape,-0.07847115391076953,-0.09692750101571382,0.04055190731941346
1,MA0051100,"Haverhill, MA",rape,-0.04387138027246358,-0.030182351399270165,0.04091327933081369
2,MA0051100,"Haverhill, MA",rape,-0.036816055652062446,-0.03827769920070962,0.0409212965922039
3,MA0051100,"Haverhill, MA",rape,-0.03844243170372693,-0.04708726452996573,0.04090820973008099
4,MA0051100,"Haverhill, MA",rape,9.843442890189009e-4,-0.0029824207030741674,0.04092482009286874
5,MA0051100,"Haverhill, MA",rape,0.04975363918948855,0.04873709838537124,0.040908209730081
6,MA0051100,"Haverhill, MA",rape,0.0540459096652648,0.051545795696994114,0.0409212965922039
7,MA0051100,"Haverhill, MA",rape,0.04279756554542923,0.042328117738331915,0.040913279330813686
8,MA0051100,"Haverhill, MA",rape,0.06016748517053278,0.06177556851167334,0.0409212965922039
9,MA0051100,"Haverhill, MA",rape,0.06286767594923165,0.05843936750186773,0.040908209730081
10,MA0051100,"Haverhill, MA",rape,8.947043801548035e-5,-0.009163345635987552,0.04092482009286874
11,MA0051100,"Haverhill, MA",rape,-0.07310506870795891,-0.07223496769633499,0.040908209730081
12,MA0051100,"Haverhill, MA",rape,-0.07847115391076953,-0.06289789866889613,0.0409212965922039
1,MA0051300,"Lawrence, MA",rape,-0.04387138027246358,-0.060621655390189814,0.04028252672838578
2,MA0051300,"Lawrence, MA",rape,-0.036816055652062446,-0.0517752766544998,0.040307174504735706
3,MA0051300,"Lawrence, MA",rape,-0.03844243170372693,-0.03408582034029403,0.04027896138253501
4,MA0051300,"Lawrence, MA",rape,9.843442890189009e-4,0.015917300327288456,0.04028833229236988
5,MA0051300,"Lawrence, MA",rape,0.04975363918948855,0.058614687810821846,0.04027896138253502
6,MA0051300,"Lawrence, MA",rape,0.0540459096652648,0.06038867052805186,0.040307174504735706
7,MA0051300,"Lawrence, MA",rape,0.04279756554542923,0.05505578438264489,0.040282526728385774
8,MA0051300,"Lawrence, MA",rape,0.06016748517053278,0.06825916318066147,0.040307174504735706
9,MA0051300,"Lawrence, MA",rape,0.06286767594923165,0.056135577874000656,0.040278961382535027
10,MA0051300,"Lawrence, MA",rape,8.947043801548035e-5,-0.010351429319743507,0.04028833229236988
11,MA0051300,"Lawrence, MA",rape,-0.07310506870795891,-0.07509857433698354,0.04027896138253501
12,MA0051300,"Lawrence, MA",rape,-0.07847115391076953,-0.08243842806175848,0.040307174504735706
1,MA0051400,"Lynn, MA",rape,-0.04387138027246358,-0.036608230567003734,0.039761833298759965
2,MA0051400,"Lynn, MA",rape,-0.036816055652062446,-0.03885100778606862,0.03980071779025233
3,MA0051400,"Lynn, MA",rape,-0.03844243170372693,-0.05968939278632719,0.039831373268262485
4,MA0051400,"Lynn, MA",rape,9.843442890189009e-4,-0.027281167283441005,0.039882193711413064
5,MA0051400,"Lynn, MA",rape,0.04975363918948855,0.03384510029968713,0.039831373268262485
6,MA0051400,"Lynn, MA",rape,0.0540459096652648,0.053630243520443446,0.03980071779025233
7,MA0051400,"Lynn, MA",rape,0.04279756554542923,0.050215288406511266,0.03976183329875996
8,MA0051400,"Lynn, MA",rape,0.06016748517053278,0.0732151729902193,0.03980071779025233
9,MA0051400,"Lynn, MA",rape,0.06286767594923165,0.0804465001509704,0.03983137326826249
10,MA0051400,"Lynn, MA",rape,8.947043801548035e-5,0.013674109443933505,0.039882193711413064
11,MA0051400,"Lynn, MA",rape,-0.07310506870795891,-0.06820926550383785,0.039831373268262485
12,MA0051400,"Lynn, MA",rape,-0.07847115391076953,-0.07438735088508665,0.03980071779025233
1,MA0051900,"Methuen, MA",rape,-0.04387138027246358,-0.04871510276566954,0.04125050132324298
2,MA0051900,"Methuen, MA",rape,-0.036816055652062446,-0.03404846951755821,0.04125488638014966
3,MA0051900,"Methuen, MA",rape,-0.03844243170372693,-0.03315690571515586,0.041252218616540166
4,MA0051900,"Methuen, MA",rape,9.843442890189009e-4,0.002400485832565043,0.041256723690272924
5,MA0051900,"Methuen, MA",rape,0.04975363918948855,0.05093006843883685,0.04125221861654017
6,MA0051900,"Methuen, MA",rape,0.0540459096652648,0.05821091934858262,0.04125488638014966
7,MA0051900,"Methuen, MA",rape,0.04279756554542923,0.043741132834548405,0.041250501323242976
8,MA0051900,"Methuen, MA",rape,0.06016748517053278,0.05443593614697774,0.04125488638014966
9,MA0051900,"Methuen, MA",rape,0.06286767594923165,0.05851834227569655,0.04125221861654017
10,MA0051900,"Methuen, MA",rape,8.947043801548035e-5,0.0025734840985561207,0.041256723690272924
11,MA0051900,"Methuen, MA",rape,-0.07310506870795891,-0.0713175350682564,0.041252218616540166
12,MA0051900,"Methuen, MA",rape,-0.07847115391076953,-0.08357235590912332,0.04125488638014966
1,MA0070500,"Chicopee, MA",rape,-0.04387138027246358,-0.045122662317992786,0.039748725553132934
2,MA0070500,"Chicopee, MA",rape,-0.036816055652062446,-0.03327870899189134,0.03977449685098261
3,MA0070500,"Chicopee, MA",rape,-0.03844243170372693,-0.03718747601042556,0.03977058284677458
4,MA0070500,"Chicopee, MA",rape,9.843442890189009e-4,0.008442006042896391,0.03975606233650732
5,MA0070500,"Chicopee, MA",rape,0.04975363918948855,0.06372847234247148,0.03977058284677459
6,MA0070500,"Chicopee, MA",rape,0.0540459096652648,0.06366474281644471,0.03977449685098261
7,MA0070500,"Chicopee, MA",rape,0.04279756554542923,0.04867348629443132,0.03974872555313293
8,MA0070500,"Chicopee, MA",rape,0.06016748517053278,0.0716651221498027,0.03977449685098261
9,MA0070500,"Chicopee, MA",rape,0.06286767594923165,0.07202306519189842,0.03977058284677459
10,MA0070500,"Chicopee, MA",rape,8.947043801548035e-5,-0.011992830019334887,0.03975606233650732
11,MA0070500,"Chicopee, MA",rape,-0.07310506870795891,-0.10211488550038286,0.03977058284677458
12,MA0070500,"Chicopee, MA",rape,-0.07847115391076953,-0.09850033199791759,0.03977449685098261
1,MA0071800,"Springfield, MA",rape,-0.04387138027246358,-0.04836222270069436,0.03815294450978948
2,MA0071800,"Springfield, MA",rape,-0.036816055652062446,-0.039703233009838766,0.03817208191822149
3,MA0071800,"Springfield, MA",rape,-0.03844243170372693,-0.04895555812903876,0.038155607872703466
4,MA0071800,"Springfield, MA",rape,9.843442890189009e-4,0.007554624322800883,0.03816142155184566
5,MA0071800,"Springfield, MA",rape,0.04975363918948855,0.08143810437551316,0.038155607872703466
6,MA0071800,"Springfield, MA",rape,0.0540459096652648,0.07488392358099888,0.03817208191822149
7,MA0071800,"Springfield, MA",rape,0.04279756554542923,0.03204783255291577,0.038152944509789476
8,MA0071800,"Springfield, MA",rape,0.06016748517053278,0.04839314816445631,0.03817208191822149
9,MA0071800,"Springfield, MA",rape,0.06286767594923165,0.07395986343143494,0.03815560787270347
10,MA0071800,"Springfield, MA",rape,8.947043801548035e-5,0.008759765824977764,0.03816142155184566
11,MA0071800,"Springfield, MA",rape,-0.07310506870795891,-0.09012801953013072,0.038155607872703466
12,MA0071800,"Springfield, MA",rape,-0.07847115391076953,-0.0998882288833951,0.03817208191822149
1,MA0091100,"Cambridge, MA",rape,-0.04387138027246358,-0.05979815242536561,0.03984785377243304
2,MA0091100,"Cambridge, MA",rape,-0.036816055652062446,-0.048208691358323404,0.03985061365831734
3,MA0091100,"Cambridge, MA",rape,-0.03844243170372693,-0.03883973511822164,0.039852286938654155
4,MA0091100,"Cambridge, MA",rape,9.843442890189009e-4,-5.984856425100013e-4,0.03984873322284892
5,MA0091100,"Cambridge, MA",rape,0.04975363918948855,0.04368191523651463,0.03985228693865416
6,MA0091100,"Cambridge, MA",rape,0.0540459096652648,0.0546955451562135,0.03985061365831734
7,MA0091100,"Cambridge, MA",rape,0.04279756554542923,0.051336937877434465,0.03984785377243304
8,MA0091100,"Cambridge, MA",rape,0.06016748517053278,0.06504407368621072,0.03985061365831734
9,MA0091100,"Cambridge, MA",rape,0.06286767594923165,0.06413633199404013,0.03985228693865417
10,MA0091100,"Cambridge, MA",rape,8.947043801548035e-5,0.009059700190441179,0.03984873322284892
11,MA0091100,"Cambridge, MA",rape,-0.07310506870795891,-0.06051729756440197,0.039852286938654155
12,MA0091100,"Cambridge, MA",rape,-0.07847115391076953,-0.07999214203203199,0.03985061365831734
1,MA0091700,"Everett, MA",rape,-0.04387138027246358,-0.04009565247891704,0.04033895047123127
2,MA0091700,"Everett, MA",rape,-0.036816055652062446,-0.018519530164449405,0.040382428398138805
3,MA0091700,"Everett, MA",rape,-0.03844243170372693,-0.02389234903362722,0.04037010794114576
4,MA0091700,"Everett, MA",rape,9.843442890189009e-4,0.004072053001564523,0.04038882698428226
5,MA0091700,"Everett, MA",rape,0.04975363918948855,0.05070498216410448,0.04037010794114577
6,MA0091700,"Everett, MA",rape,0.0540459096652648,0.05655242370792526,0.040382428398138805
7,MA0091700,"Everett, MA",rape,0.04279756554542923,0.03937481912320358,0.04033895047123126
8,MA0091700,"Everett, MA",rape,0.06016748517053278,0.050997496042670246,0.040382428398138805
9,MA0091700,"Everett, MA",rape,0.06286767594923165,0.05709114826756156,0.04037010794114577
10,MA0091700,"Everett, MA",rape,8.947043801548035e-5,-0.003351219645851021,0.04038882698428226
11,MA0091700,"Everett, MA",rape,-0.07310506870795891,-0.08318294804232534,0.04037010794114576
12,MA0091700,"Everett, MA",rape,-0.07847115391076953,-0.08975122294185962,0.040382428398138805
1,MA0094700,"Waltham, MA",rape,-0.04387138027246358,-0.04306643914636583,0.040751807074457254
2,MA0094700,"Waltham, MA",rape,-0.036816055652062446,-0.048634008562269425,0.04076552226842791
3,MA0094700,"Waltham, MA",rape,-0.03844243170372693,-0.055817424258323166,0.04076866879621633
4,MA0094700,"Waltham, MA",rape,9.843442890189009e-4,-0.007476140421217733,0.04076982549912737
5,MA0094700,"Waltham, MA",rape,0.04975363918948855,0.05157364787715975,0.04076866879621634
6,MA0094700,"Waltham, MA",rape,0.0540459096652648,0.057308206628992886,0.04076552226842791
7,MA0094700,"Waltham, MA",rape,0.04279756554542923,0.04599616348062356,0.04075180707445725
8,MA0094700,"Waltham, MA",rape,0.06016748517053278,0.06779760864601705,0.04076552226842792
9,MA0094700,"Waltham, MA",rape,0.06286767594923165,0.0720513000078131,0.04076866879621634
10,MA0094700,"Waltham, MA",rape,8.947043801548035e-5,0.004546416086960033,0.04076982549912737
11,MA0094700,"Waltham, MA",rape,-0.07310506870795891,-0.0707372479609074,0.04076866879621633
12,MA0094700,"Waltham, MA",rape,-0.07847115391076953,-0.07354208237848284,0.04076552226842791
1,MA0112000,"Quincy, MA",rape,-0.04387138027246358,-0.024159232873516668,0.04013695451631263
2,MA0112000,"Quincy, MA",rape,-0.036816055652062446,-0.04551224307081072,0.04006326640024636
3,MA0112000,"Quincy, MA",rape,-0.03844243170372693,-0.06732820851667938,0.040156796648033045
4,MA0112000,"Quincy, MA",rape,9.843442890189009e-4,-0.0038446489812291977,0.040058165594940395
5,MA0112000,"Quincy, MA",rape,0.04975363918948855,0.06919125986976254,0.04015679664803305
6,MA0112000,"Quincy, MA",rape,0.0540459096652648,0.05841704064460039,0.04006326640024636
7,MA0112000,"Quincy, MA",rape,0.04279756554542923,0.029592189138629887,0.04013695451631262
8,MA0112000,"Quincy, MA",rape,0.06016748517053278,0.06224426562074081,0.04006326640024636
9,MA0112000,"Quincy, MA",rape,0.06286767594923165,0.0786272748014963,0.04015679664803305
10,MA0112000,"Quincy, MA",rape,8.947043801548035e-5,-0.0015883072838839716,0.040058165594940395
11,MA0112000,"Quincy, MA",rape,-0.07310506870795891,-0.08592328241969266,0.040156796648033045
12,MA0112000,"Quincy, MA",rape,-0.07847115391076953,-0.06971610692941736,0.04006326640024636
1,MA0112700,"Weymouth, MA",rape,-0.04387138027246358,-0.04267954448176223,0.040707411580972
2,MA0112700,"Weymouth, MA",rape,-0.036816055652062446,-0.04287488420589524,0.04073591521972408
3,MA0112700,"Weymouth, MA",rape,-0.03844243170372693,-0.038697719618573705,0.04071752090306145
4,MA0112700,"Weymouth, MA",rape,9.843442890189009e-4,0.00896224203828331,0.04073166069479221
5,MA0112700,"Weymouth, MA",rape,0.04975363918948855,0.054303062426664474,0.04071752090306146
6,MA0112700,"Weymouth, MA",rape,0.0540459096652648,0.05165683941338316,0.04073591521972408
7,MA0112700,"Weymouth, MA",rape,0.04279756554542923,0.041797618457637443,0.040707411580972
8,MA0112700,"Weymouth, MA",rape,0.06016748517053278,0.06120884310756307,0.04073591521972408
9,MA0112700,"Weymouth, MA",rape,0.06286767594923165,0.05791360454436635,0.04071752090306146
10,MA0112700,"Weymouth, MA",rape,8.947043801548035e-5,-0.008080316014158494,0.04073166069479221
11,MA0112700,"Weymouth, MA",rape,-0.07310506870795891,-0.07263702132833232,0.04071752090306145
12,MA0112700,"Weymouth, MA",rape,-0.07847115391076953,-0.07087272433917581,0.04073591521972407
1,MA0130100,"Boston, MA",rape,-0.04387138027246358,-0.051803856367695335,0.034765209669363105
2,MA0130100,"Boston, MA",rape,-0.036816055652062446,-0.04053999730534761,0.034889135831558477
3,MA0130100,"Boston, MA",rape,-0.03844243170372693,-0.07524751943067048,0.034706032085510374
4,MA0130100,"Boston, MA",rape,9.843442890189009e-4,-0.04565327288334609,0.03482687268943857
5,MA0130100,"Boston, MA",rape,0.04975363918948855,0.05202137180835092,0.034706032085510374
6,MA0130100,"Boston, MA",rape,0.0540459096652648,0.10400783045288783,0.034889135831558477
7,MA0130100,"Boston, MA",rape,0.04279756554542923,0.08565438968777443,0.0347652096693631
8,MA0130100,"Boston, MA",rape,0.06016748517053278,0.07708542604295057,0.034889135831558477
9,MA0130100,"Boston, MA",rape,0.06286767594923165,0.07794241484819439,0.03470603208551038
10,MA0130100,"Boston, MA",rape,8.947043801548035e-5,0.01180273956326703,0.03482687268943857
11,MA0130100,"Boston, MA",rape,-0.07310506870795891,-0.0885668005459539,0.034706032085510374
12,MA0130100,"Boston, MA",rape,-0.07847115391076953,-0.10670272587041174,0.034889135831558477
1,MA0130400,"Revere, MA",rape,-0.04387138027246358,-0.05630874298105855,0.04067138244909532
2,MA0130400,"Revere, MA",rape,-0.036816055652062446,-0.04155930521020732,0.04069524934891715
3,MA0130400,"Revere, MA",rape,-0.03844243170372693,-0.0424936100371021,0.040699396149708335
4,MA0130400,"Revere, MA",rape,9.843442890189009e-4,-0.00990314233653691,0.040734080958526285
5,MA0130400,"Revere, MA",rape,0.04975363918948855,0.03998210349238548,0.04069939614970834
6,MA0130400,"Revere, MA",rape,0.0540459096652648,0.051711347506546025,0.04069524934891715
7,MA0130400,"Revere, MA",rape,0.04279756554542923,0.04181743887237442,0.040671382449095315
8,MA0130400,"Revere, MA",rape,0.06016748517053278,0.06033969646515979,0.04069524934891715
9,MA0130400,"Revere, MA",rape,0.06286767594923165,0.075765305400738725,0.04069939614970834
10,MA0130400,"Revere, MA",rape,8.947043801548035e-5,0.024394446445221065,0.040734080958526285
11,MA0130400,"Revere, MA",rape,-0.07310506870795891,-0.058762494747337975,0.040699396149708335
12,MA0130400,"Revere, MA",rape,-0.07847115391076953,-0.08498304287018266,0.04069524934891715
1,MD0030100,"Baltimore, MD",rape,-0.04387138027246358,-0.04234989055911729,0.033487687819434606
2,MD0030100,"Baltimore, MD",rape,-0.036816055652062446,-0.007894783658588174,0.03367507932008802
3,MD0030100,"Baltimore, MD",rape,-0.03844243170372693,-0.03409418972044234,0.03357477151170811
4,MD0030100,"Baltimore, MD",rape,9.843442890189009e-4,-0.03987968514172376,0.033704125256562203
5,MD0030100,"Baltimore, MD",rape,0.04975363918948855,0.016708816963349377,0.03357477151170812
6,MD0030100,"Baltimore, MD",rape,0.0540459096652648,0.06532176981031403,0.03367507932008802
7,MD0030100,"Baltimore, MD",rape,0.04279756554542923,0.06360514965219628,0.033487687819434606
8,MD0030100,"Baltimore, MD",rape,0.06016748517053278,0.05942566202650963,0.03367507932008802
9,MD0030100,"Baltimore, MD",rape,0.06286767594923165,0.06436980899528484,0.03357477151170812
10,MD0030100,"Baltimore, MD",rape,8.947043801548035e-5,0.0186244260486448,0.033704125256562203
11,MD0030100,"Baltimore, MD",rape,-0.07310506870795891,-0.06823969533127085,0.03357477151170811
12,MD0030100,"Baltimore, MD",rape,-0.07847115391076953,-0.09559738908515653,0.03367507932008802
1,MD0140100,"Howard, MD",rape,-0.04387138027246358,-0.029744396978004628,0.038737255047123414
2,MD0140100,"Howard, MD",rape,-0.036816055652062446,-0.04009281544183406,0.03880257471310368
3,MD0140100,"Howard, MD",rape,-0.03844243170372693,-0.03986995204593008,0.038740941592141157
4,MD0140100,"Howard, MD",rape,9.843442890189009e-4,0.011962297529863879,0.038768412635891494
5,MD0140100,"Howard, MD",rape,0.04975363918948855,0.05267778753390641,0.03874094159214116
6,MD0140100,"Howard, MD",rape,0.0540459096652648,0.036888139677171194,0.03880257471310368
7,MD0140100,"Howard, MD",rape,0.04279756554542923,0.025744940956760838,0.03873725504712341
8,MD0140100,"Howard, MD",rape,0.06016748517053278,0.05817660059900843,0.03880257471310368
9,MD0140100,"Howard, MD",rape,0.06286767594923165,0.06195319322434828,0.03874094159214117
10,MD0140100,"Howard, MD",rape,8.947043801548035e-5,-0.007962841508620047,0.038768412635891494
11,MD0140100,"Howard, MD",rape,-0.07310506870795891,-0.07076157269108081,0.038740941592141157
12,MD0140100,"Howard, MD",rape,-0.07847115391076953,-0.05897138085558942,0.03880257471310368
1,MD0160400,"Montgomery, MD",rape,-0.04387138027246358,-0.0032364834538589037,0.03195053407571364
2,MD0160400,"Montgomery, MD",rape,-0.036816055652062446,-0.013475351586133014,0.03199778142969223
3,MD0160400,"Montgomery, MD",rape,-0.03844243170372693,-0.04725396089753126,0.0319915162069731
4,MD0160400,"Montgomery, MD",rape,9.843442890189009e-4,-0.0076258667740678,0.03199179354928213
5,MD0160400,"Montgomery, MD",rape,0.04975363918948855,0.0564274279001773,0.0319915162069731
6,MD0160400,"Montgomery, MD",rape,0.0540459096652648,0.05241890990042402,0.03199778142969223
7,MD0160400,"Montgomery, MD",rape,0.04279756554542923,0.02455444050093644,0.03195053407571363
8,MD0160400,"Montgomery, MD",rape,0.06016748517053278,0.047821352583076515,0.03199778142969223
9,MD0160400,"Montgomery, MD",rape,0.06286767594923165,0.060282004847397284,0.03199151620697311
10,MD0160400,"Montgomery, MD",rape,8.947043801548035e-5,-0.013692090273009685,0.03199179354928213
11,MD0160400,"Montgomery, MD",rape,-0.07310506870795891,-0.09077342889712081,0.0319915162069731
12,MD0160400,"Montgomery, MD",rape,-0.07847115391076953,-0.06544695385029008,0.03199778142969223
1,MD0172100,"Prince George's, MD",rape,-0.04387138027246358,-0.022935061669355154,0.035491041689737324
2,MD0172100,"Prince George's, MD",rape,-0.036816055652062446,-0.03357923072257004,0.035589299480607656
3,MD0172100,"Prince George's, MD",rape,-0.03844243170372693,-0.04732116201845898,0.035520274704514264
4,MD0172100,"Prince George's, MD",rape,9.843442890189009e-4,0.0019450300444073484,0.035516566468770466
5,MD0172100,"Prince George's, MD",rape,0.04975363918948855,0.06144061270751124,0.03552027470451427
6,MD0172100,"Prince George's, MD",rape,0.0540459096652648,0.05296565062859113,0.035589299480607656
7,MD0172100,"Prince George's, MD",rape,0.04279756554542923,0.01971362960104828,0.03549104168973732
8,MD0172100,"Prince George's, MD",rape,0.06016748517053278,0.03403166979394553,0.035589299480607656
9,MD0172100,"Prince George's, MD",rape,0.06286767594923165,0.05099503315814137,0.03552027470451427
10,MD0172100,"Prince George's, MD",rape,8.947043801548035e-5,0.0012764020238995703,0.035516566468770466
11,MD0172100,"Prince George's, MD",rape,-0.07310506870795891,-0.06189305177888673,0.035520274704514264
12,MD0172100,"Prince George's, MD",rape,-0.07847115391076953,-0.05663952176827354,0.035589299480607656
1,MD0220000,"Washington, MD",rape,-0.04387138027246358,-0.03961063502804699,0.040701212221544436
2,MD0220000,"Washington, MD",rape,-0.036816055652062446,-0.03838654024651575,0.040709796623955234
3,MD0220000,"Washington, MD",rape,-0.03844243170372693,-0.04559684750652044,0.040703596734007974
4,MD0220000,"Washington, MD",rape,9.843442890189009e-4,-0.0034974186331970226,0.04071144817751804
5,MD0220000,"Washington, MD",rape,0.04975363918948855,0.05169021322814033,0.04070359673400798
6,MD0220000,"Washington, MD",rape,0.0540459096652648,0.05862770910700171,0.040709796623955234
7,MD0220000,"Washington, MD",rape,0.04279756554542923,0.046966169773206924,0.040701212221544436
8,MD0220000,"Washington, MD",rape,0.06016748517053278,0.06368884027966097,0.040709796623955234
9,MD0220000,"Washington, MD",rape,0.06286767594923165,0.06354361279450577,0.04070359673400798
10,MD0220000,"Washington, MD",rape,8.947043801548035e-5,-0.0038581161119628795,0.04071144817751804
11,MD0220000,"Washington, MD",rape,-0.07310506870795891,-0.07699251326128558,0.040703596734007974
12,MD0220000,"Washington, MD",rape,-0.07847115391076953,-0.07657447439498706,0.04070979662395523
1,MDBPD0000,"Baltimore, MD",rape,-0.04387138027246358,-0.052006297467337065,0.033269879913645925
2,MDBPD0000,"Baltimore, MD",rape,-0.036816055652062446,-0.032015861454081966,0.03334115806917298
3,MDBPD0000,"Baltimore, MD",rape,-0.03844243170372693,-0.03662206814858547,0.033320543550102305
4,MDBPD0000,"Baltimore, MD",rape,9.843442890189009e-4,0.009421333602661541,0.033322774419431066
5,MDBPD0000,"Baltimore, MD",rape,0.04975363918948855,0.07151922387349939,0.03332054355010231
6,MDBPD0000,"Baltimore, MD",rape,0.0540459096652648,0.06927575708611122,0.03334115806917298
7,MDBPD0000,"Baltimore, MD",rape,0.04279756554542923,0.04014623564387334,0.03326987991364592
8,MDBPD0000,"Baltimore, MD",rape,0.06016748517053278,0.060033741239049615,0.03334115806917298
9,MDBPD0000,"Baltimore, MD",rape,0.06286767594923165,0.07650000975701689,0.03332054355010231
10,MDBPD0000,"Baltimore, MD",rape,8.947043801548035e-5,0.002438728220802228,0.033322774419431066
11,MDBPD0000,"Baltimore, MD",rape,-0.07310506870795891,-0.09953710365846706,0.033320543550102305
12,MDBPD0000,"Baltimore, MD",rape,-0.07847115391076953,-0.10915369869454267,0.03334115806917298
1,MI1323700,"Battle Creek, MI",rape,-0.04387138027246358,-0.06516481204880104,0.038288889034292756
2,MI1323700,"Battle Creek, MI",rape,-0.036816055652062446,-0.0212205744609429,0.038235906349728996
3,MI1323700,"Battle Creek, MI",rape,-0.03844243170372693,-0.005811771344164987,0.03838036859289209
4,MI1323700,"Battle Creek, MI",rape,9.843442890189009e-4,0.006658131633685765,0.038314798361220856
5,MI1323700,"Battle Creek, MI",rape,0.04975363918948855,0.04342495529401836,0.03838036859289209
6,MI1323700,"Battle Creek, MI",rape,0.0540459096652648,0.07876474829674268,0.038235906349728996
7,MI1323700,"Battle Creek, MI",rape,0.04279756554542923,0.08077162897606333,0.03828888903429275
8,MI1323700,"Battle Creek, MI",rape,0.06016748517053278,0.05906767443910637,0.038235906349728996
9,MI1323700,"Battle Creek, MI",rape,0.06286767594923165,0.02805205439506619,0.03838036859289209
10,MI1323700,"Battle Creek, MI",rape,8.947043801548035e-5,-0.022264948560948038,0.038314798361220856
11,MI1323700,"Battle Creek, MI",rape,-0.07310506870795891,-0.08127205527218184,0.03838036859289209
12,MI1323700,"Battle Creek, MI",rape,-0.07847115391076953,-0.10100503134764387,0.038235906349728996
1,MI3351900,"Lansing, MI",rape,-0.04387138027246358,-0.0731876079171086,0.0367144840862512
2,MI3351900,"Lansing, MI",rape,-0.036816055652062446,-0.06217700660808133,0.03673739625043338
3,MI3351900,"Lansing, MI",rape,-0.03844243170372693,-0.03666008324952251,0.03672625441692782
4,MI3351900,"Lansing, MI",rape,9.843442890189009e-4,2.679252330012961e-4,0.03672937973652932
5,MI3351900,"Lansing, MI",rape,0.04975363918948855,0.029594172454040762,0.03672625441692782
6,MI3351900,"Lansing, MI",rape,0.0540459096652648,0.049089191278472104,0.03673739625043338
7,MI3351900,"Lansing, MI",rape,0.04279756554542923,0.07233125106088485,0.03671448408625119
8,MI3351900,"Lansing, MI",rape,0.06016748517053278,0.08777763189143944,0.03673739625043338
9,MI3351900,"Lansing, MI",rape,0.06286767594923165,0.06311706538910439,0.036726254416927825
10,MI3351900,"Lansing, MI",rape,8.947043801548035e-5,5.884316232224736e-4,0.03672937973652932
11,MI3351900,"Lansing, MI",rape,-0.07310506870795891,-0.055194797737398896,0.03672625441692782
12,MI3351900,"Lansing, MI",rape,-0.07847115391076953,-0.07554617341805396,0.03673739625043338
1,MI3913900,"Kalamazoo, MI",rape,-0.04387138027246358,-0.042754417984234384,0.03924888197795414
2,MI3913900,"Kalamazoo, MI",rape,-0.036816055652062446,-0.04609125281590729,0.039224984000134834
3,MI3913900,"Kalamazoo, MI",rape,-0.03844243170372693,-0.055024936528302426,0.03926118754057359
4,MI3913900,"Kalamazoo, MI",rape,9.843442890189009e-4,0.009689137388839995,0.039207862857013415
5,MI3913900,"Kalamazoo, MI",rape,0.04975363918948855,0.08285161971811561,0.039261187540573596
6,MI3913900,"Kalamazoo, MI",rape,0.0540459096652648,0.06940342255599422,0.039224984000134834
7,MI3913900,"Kalamazoo, MI",rape,0.04279756554542923,0.02770960274415502,0.039248881977954134
8,MI3913900,"Kalamazoo, MI",rape,0.06016748517053278,0.049904030050805945,0.039224984000134834
9,MI3913900,"Kalamazoo, MI",rape,0.06286767594923165,0.07388252900328049,0.039261187540573596
10,MI3913900,"Kalamazoo, MI",rape,8.947043801548035e-5,0.005355677851239416,0.039207862857013415
11,MI3913900,"Kalamazoo, MI",rape,-0.07310506870795891,-0.08666439695301428,0.03926118754057359
12,MI3913900,"Kalamazoo, MI",rape,-0.07847115391076953,-0.08826101503097232,0.03922498400013483
1,MI4114100,"Kent, MI",rape,-0.04387138027246358,-0.04831480831348158,0.03637742714530665
2,MI4114100,"Kent, MI",rape,-0.036816055652062446,7.916173367150085e-4,0.03662838458852487
3,MI4114100,"Kent, MI",rape,-0.03844243170372693,-0.019158703907876662,0.036424081168448565
4,MI4114100,"Kent, MI",rape,9.843442890189009e-4,-0.02184007529253857,0.03660958198408253
5,MI4114100,"Kent, MI",rape,0.04975363918948855,0.03659789661049103,0.03642408116844857
6,MI4114100,"Kent, MI",rape,0.0540459096652648,0.07267548339478572,0.03662838458852487
7,MI4114100,"Kent, MI",rape,0.04279756554542923,0.047171123604276395,0.036377427145306646
8,MI4114100,"Kent, MI",rape,0.06016748517053278,0.035158628533488806,0.036628384588524875
9,MI4114100,"Kent, MI",rape,0.06286767594923165,0.05625263448728571,0.03642408116844858
10,MI4114100,"Kent, MI",rape,8.947043801548035e-5,0.022983760001743788,0.03660958198408253
11,MI4114100,"Kent, MI",rape,-0.07310506870795891,-0.07254814248069485,0.036424081168448565
12,MI4114100,"Kent, MI",rape,-0.07847115391076953,-0.10976941397419476,0.03662838458852487
1,MI4143600,"Grand Rapids, MI",rape,-0.04387138027246358,-0.07671405363081882,0.03620154483066963
2,MI4143600,"Grand Rapids, MI",rape,-0.036816055652062446,-0.05922917777416571,0.03628016931074044
3,MI4143600,"Grand Rapids, MI",rape,-0.03844243170372693,-0.046593824075824894,0.03620990121515101
4,MI4143600,"Grand Rapids, MI",rape,9.843442890189009e-4,0.012058928598713155,0.03619934651659719
5,MI4143600,"Grand Rapids, MI",rape,0.04975363918948855,0.08631041499844101,0.03620990121515102
6,MI4143600,"Grand Rapids, MI",rape,0.0540459096652648,0.0939058716113757,0.03628016931074044
7,MI4143600,"Grand Rapids, MI",rape,0.04279756554542923,0.04940282811639804,0.036201544830669626
8,MI4143600,"Grand Rapids, MI",rape,0.06016748517053278,0.03708157911984366,0.03628016931074044
9,MI4143600,"Grand Rapids, MI",rape,0.06286767594923165,0.05175745093592365,0.03620990121515102
10,MI4143600,"Grand Rapids, MI",rape,8.947043801548035e-5,0.015252296915707658,0.03619934651659719
11,MI4143600,"Grand Rapids, MI",rape,-0.07310506870795891,-0.06416281634411898,0.03620990121515101
12,MI4143600,"Grand Rapids, MI",rape,-0.07847115391076953,-0.09906949847147446,0.03628016931074044
1,MI4183400,"Wyoming, MI",rape,-0.04387138027246358,-0.023533962221546984,0.03837109694188134
2,MI4183400,"Wyoming, MI",rape,-0.036816055652062446,-0.0037926124186978137,0.03843071131114623
3,MI4183400,"Wyoming, MI",rape,-0.03844243170372693,-0.02298071145359288,0.03844317425206294
4,MI4183400,"Wyoming, MI",rape,9.843442890189009e-4,-5.852106005296131e-4,0.03849135795822307
5,MI4183400,"Wyoming, MI",rape,0.04975363918948855,0.0517876810649495,0.038443174252062944
6,MI4183400,"Wyoming, MI",rape,0.0540459096652648,0.061919182610103395,0.03843071131114623
7,MI4183400,"Wyoming, MI",rape,0.04279756554542923,0.042825011253603766,0.03837109694188133
8,MI4183400,"Wyoming, MI",rape,0.06016748517053278,0.05074592768487553,0.03843071131114623
9,MI4183400,"Wyoming, MI",rape,0.06286767594923165,0.05064297768771385,0.038443174252062944
10,MI4183400,"Wyoming, MI",rape,8.947043801548035e-5,-0.01870583843152713,0.03849135795822307
11,MI4183400,"Wyoming, MI",rape,-0.07310506870795891,-0.09874099633112722,0.03844317425206294
12,MI4183400,"Wyoming, MI",rape,-0.07847115391076953,-0.08958144884422439,0.03843071131114623
1,MI5015000,"Macomb, MI",rape,-0.04387138027246358,-0.05164532066000657,0.038893494923415504
2,MI5015000,"Macomb, MI",rape,-0.036816055652062446,-0.040508769076843094,0.03894720576953039
3,MI5015000,"Macomb, MI",rape,-0.03844243170372693,-0.027737250138343047,0.038927157695411226
4,MI5015000,"Macomb, MI",rape,9.843442890189009e-4,0.012102862200512486,0.03894323351259436
5,MI5015000,"Macomb, MI",rape,0.04975363918948855,0.048029269484018484,0.03892715769541123
6,MI5015000,"Macomb, MI",rape,0.0540459096652648,0.05109286678194004,0.03894720576953039
7,MI5015000,"Macomb, MI",rape,0.04279756554542923,0.05067001570830774,0.0388934949234155
8,MI5015000,"Macomb, MI",rape,0.06016748517053278,0.06655365836724646,0.03894720576953039
9,MI5015000,"Macomb, MI",rape,0.06286767594923165,0.054757444380445275,0.03892715769541123
10,MI5015000,"Macomb, MI",rape,8.947043801548035e-5,-0.01112755724881363,0.03894323351259436
11,MI5015000,"Macomb, MI",rape,-0.07310506870795891,-0.07407415877442186,0.038927157695411226
12,MI5015000,"Macomb, MI",rape,-0.07847115391076953,-0.07811306102404227,0.03894720576953038
1,MI5072200,"St. Clair Shores, MI",rape,-0.04387138027246358,-0.04226855782132904,0.0405491655535143
2,MI5072200,"St. Clair Shores, MI",rape,-0.036816055652062446,-0.041252606634923174,0.04056307826525438
3,MI5072200,"St. Clair Shores, MI",rape,-0.03844243170372693,-0.043549466377495134,0.040557963309352366
4,MI5072200,"St. Clair Shores, MI",rape,9.843442890189009e-4,-0.005144190726171654,0.040568374666110206
5,MI5072200,"St. Clair Shores, MI",rape,0.04975363918948855,0.04445626131528119,0.04055796330935237
6,MI5072200,"St. Clair Shores, MI",rape,0.0540459096652648,0.05663365030133455,0.04056307826525438
7,MI5072200,"St. Clair Shores, MI",rape,0.04279756554542923,0.051890970018299225,0.040549165553514295
8,MI5072200,"St. Clair Shores, MI",rape,0.06016748517053278,0.06330480888500026,0.04056307826525438
9,MI5072200,"St. Clair Shores, MI",rape,0.06286767594923165,0.05597925643060207,0.04055796330935237
10,MI5072200,"St. Clair Shores, MI",rape,8.947043801548035e-5,-0.004478221470798499,0.040568374666110206
11,MI5072200,"St. Clair Shores, MI",rape,-0.07310506870795891,-0.0665084635653583,0.040557963309352366
12,MI5072200,"St. Clair Shores, MI",rape,-0.07847115391076953,-0.0690634403544415,0.04056307826525438
1,MI5074000,"Shelby Township, MI",rape,-0.04387138027246358,-0.029200663687914814,0.04011102072039585
2,MI5074000,"Shelby Township, MI",rape,-0.036816055652062446,-0.00604113928144703,0.04022642627802071
3,MI5074000,"Shelby Township, MI",rape,-0.03844243170372693,-0.03237286513427648,0.040159614571980265
4,MI5074000,"Shelby Township, MI",rape,9.843442890189009e-4,-0.017867533210100716,0.0401791098460572
5,MI5074000,"Shelby Township, MI",rape,0.04975363918948855,0.036797664935183064,0.04015961457198027
6,MI5074000,"Shelby Township, MI",rape,0.0540459096652648,0.05271032257341463,0.04022642627802071
7,MI5074000,"Shelby Township, MI",rape,0.04279756554542923,0.03813484904626538,0.040111020720395844
8,MI5074000,"Shelby Township, MI",rape,0.06016748517053278,0.05797150294240508,0.04022642627802071
9,MI5074000,"Shelby Township, MI",rape,0.06286767594923165,0.07536904343688401,0.04015961457198027
10,MI5074000,"Shelby Township, MI",rape,8.947043801548035e-5,0.008933347851750194,0.0401791098460572
11,MI5074000,"Shelby Township, MI",rape,-0.07310506870795891,-0.08872802859614112,0.040159614571980265
12,MI5074000,"Shelby Township, MI",rape,-0.07847115391076953,-0.0957065008760222,0.04022642627802071
1,MI5076500,"Sterling Heights, MI",rape,-0.04387138027246358,-0.03588741244809106,0.03968417384074456
2,MI5076500,"Sterling Heights, MI",rape,-0.036816055652062446,-0.041309083710791276,0.03976692849957372
3,MI5076500,"Sterling Heights, MI",rape,-0.03844243170372693,-0.04123557380899502,0.039752534712709446
4,MI5076500,"Sterling Heights, MI",rape,9.843442890189009e-4,0.005433295721484661,0.0397602141935138
5,MI5076500,"Sterling Heights, MI",rape,0.04975363918948855,0.037127410223360954,0.039752534712709446
6,MI5076500,"Sterling Heights, MI",rape,0.0540459096652648,0.019017027154477135,0.03976692849957372
7,MI5076500,"Sterling Heights, MI",rape,0.04279756554542923,0.024112500071351965,0.039684173840744554
8,MI5076500,"Sterling Heights, MI",rape,0.06016748517053278,0.081695748334636,0.03976692849957373
9,MI5076500,"Sterling Heights, MI",rape,0.06286767594923165,0.09339715080957887,0.039752534712709446
10,MI5076500,"Sterling Heights, MI",rape,8.947043801548035e-5,0.006341616655254474,0.0397602141935138
11,MI5076500,"Sterling Heights, MI",rape,-0.07310506870795891,-0.07751407484720571,0.039752534712709446
12,MI5076500,"Sterling Heights, MI",rape,-0.07847115391076953,-0.07117860415506101,0.03976692849957372
1,MI5080600,"Warren, MI",rape,-0.04387138027246358,-0.04609398580892579,0.03716784808222142
2,MI5080600,"Warren, MI",rape,-0.036816055652062446,-0.04826354200454625,0.037268784446527495
3,MI5080600,"Warren, MI",rape,-0.03844243170372693,-0.04230668336789319,0.03723878451433493
4,MI5080600,"Warren, MI",rape,9.843442890189009e-4,0.013975296453903012,0.0372547904081963
5,MI5080600,"Warren, MI",rape,0.04975363918948855,0.06943029275205062,0.03723878451433493
6,MI5080600,"Warren, MI",rape,0.0540459096652648,0.06689984667817597,0.037268784446527495
7,MI5080600,"Warren, MI",rape,0.04279756554542923,0.04502145927793089,0.037167848082221414
8,MI5080600,"Warren, MI",rape,0.06016748517053278,0.05234933611749739,0.037268784446527495
9,MI5080600,"Warren, MI",rape,0.06286767594923165,0.04746500401183926,0.03723878451433494
10,MI5080600,"Warren, MI",rape,8.947043801548035e-5,-0.012902769922908083,0.0372547904081963
11,MI5080600,"Warren, MI",rape,-0.07310506870795891,-0.07351608686500177,0.03723878451433493
12,MI5080600,"Warren, MI",rape,-0.07847115391076953,-0.07205816732212206,0.037268784446527495
1,MI631910X,"Rochester Hills, MI",rape,-0.04387138027246358,-0.042140898278135094,0.04090859089530473
2,MI631910X,"Rochester Hills, MI",rape,-0.036816055652062446,-0.033398080577176074,0.040915605792470625
3,MI631910X,"Rochester Hills, MI",rape,-0.03844243170372693,-0.03480565763180137,0.040920450569121344
4,MI631910X,"Rochester Hills, MI",rape,9.843442890189009e-4,0.00852766320016304,0.04092098610463873
5,MI631910X,"Rochester Hills, MI",rape,0.04975363918948855,0.057714467856376614,0.040920450569121344
6,MI631910X,"Rochester Hills, MI",rape,0.0540459096652648,0.054212737834230446,0.040915605792470625
7,MI631910X,"Rochester Hills, MI",rape,0.04279756554542923,0.03719796378825804,0.04090859089530473
8,MI631910X,"Rochester Hills, MI",rape,0.06016748517053278,0.05840093419272217,0.040915605792470625
9,MI631910X,"Rochester Hills, MI",rape,0.06286767594923165,0.06475144573722456,0.04092045056912135
10,MI631910X,"Rochester Hills, MI",rape,8.947043801548035e-5,-0.00358472871028595,0.04092098610463873
11,MI631910X,"Rochester Hills, MI",rape,-0.07310506870795891,-0.08271732147192273,0.040920450569121344
12,MI631910X,"Rochester Hills, MI",rape,-0.07847115391076953,-0.08415852593965366,0.040915605792470625
1,MI6338900,"Farmington Hills, MI",rape,-0.04387138027246358,-0.04830742256710138,0.04044702874527885
2,MI6338900,"Farmington Hills, MI",rape,-0.036816055652062446,-0.04367235295017841,0.04046394264146485
3,MI6338900,"Farmington Hills, MI",rape,-0.03844243170372693,-0.04523560477667548,0.04045165889545892
4,MI6338900,"Farmington Hills, MI",rape,9.843442890189009e-4,-0.004483970558907826,0.04046051828974612
5,MI6338900,"Farmington Hills, MI",rape,0.04975363918948855,0.047333216339709494,0.040451658895458924
6,MI6338900,"Farmington Hills, MI",rape,0.0540459096652648,0.057071395644794534,0.04046394264146485
7,MI6338900,"Farmington Hills, MI",rape,0.04279756554542923,0.0504874127175978,0.04044702874527885
8,MI6338900,"Farmington Hills, MI",rape,0.06016748517053278,0.0678076955822054,0.04046394264146485
9,MI6338900,"Farmington Hills, MI",rape,0.06286767594923165,0.06719095725820608,0.040451658895458924
10,MI6338900,"Farmington Hills, MI",rape,8.947043801548035e-5,0.0023039804084114346,0.04046051828974612
11,MI6338900,"Farmington Hills, MI",rape,-0.07310506870795891,-0.0714685589717365,0.04045165889545892
12,MI6338900,"Farmington Hills, MI",rape,-0.07847115391076953,-0.07902674812632514,0.04046394264146485
1,MI6362700,"Novi, MI",rape,-0.04387138027246358,-0.05725345588656161,0.04091850391114203
2,MI6362700,"Novi, MI",rape,-0.036816055652062446,-0.04234836638504503,0.04090534535764927
3,MI6362700,"Novi, MI",rape,-0.03844243170372693,-0.04193519461314993,0.04091052527473226
4,MI6362700,"Novi, MI",rape,9.843442890189009e-4,-0.010870779584336675,0.040886660650569694
5,MI6362700,"Novi, MI",rape,0.04975363918948855,0.04497536491531351,0.04091052527473227
6,MI6362700,"Novi, MI",rape,0.0540459096652648,0.07201587065978514,0.04090534535764927
7,MI6362700,"Novi, MI",rape,0.04279756554542923,0.06452130028083766,0.040918503911142025
8,MI6362700,"Novi, MI",rape,0.06016748517053278,0.06046304108701344,0.04090534535764927
9,MI6362700,"Novi, MI",rape,0.06286767594923165,0.052782024920842316,0.04091052527473227
10,MI6362700,"Novi, MI",rape,8.947043801548035e-5,0.0036029351900606467,0.040886660650569694
11,MI6362700,"Novi, MI",rape,-0.07310506870795891,-0.06309003961728195,0.04091052527473226
12,MI6362700,"Novi, MI",rape,-0.07847115391076953,-0.08286270096747753,0.04090534535764927
1,MI6367300,"Pontiac, MI",rape,-0.04387138027246358,-0.061428945096154146,0.03926206053029697
2,MI6367300,"Pontiac, MI",rape,-0.036816055652062446,-0.06341695347466962,0.03936868327363926
3,MI6367300,"Pontiac, MI",rape,-0.03844243170372693,-0.02799810007118463,0.03929531121258098
4,MI6367300,"Pontiac, MI",rape,9.843442890189009e-4,0.024770528329455876,0.039360581941194524
5,MI6367300,"Pontiac, MI",rape,0.04975363918948855,0.047262301078518205,0.03929531121258099
6,MI6367300,"Pontiac, MI",rape,0.0540459096652648,0.04951566173806947,0.03936868327363926
7,MI6367300,"Pontiac, MI",rape,0.04279756554542923,0.0676394156997984,0.03926206053029696
8,MI6367300,"Pontiac, MI",rape,0.06016748517053278,0.07843903180892649,0.03936868327363926
9,MI6367300,"Pontiac, MI",rape,0.06286767594923165,0.03680970780179727,0.039295311212580994
10,MI6367300,"Pontiac, MI",rape,8.947043801548035e-5,-0.030980998933100117,0.039360581941194524
11,MI6367300,"Pontiac, MI",rape,-0.07310506870795891,-0.06228437941277509,0.03929531121258099
12,MI6367300,"Pontiac, MI",rape,-0.07847115391076953,-0.05832726946868208,0.03936868327363926
1,MI6371400,"Royal Oak, MI",rape,-0.04387138027246358,-0.04600189750846436,0.040973099325937665
2,MI6371400,"Royal Oak, MI",rape,-0.036816055652062446,-0.041101058668016166,0.04097929264511978
3,MI6371400,"Royal Oak, MI",rape,-0.03844243170372693,-0.04578786211325342,0.040975125678943326
4,MI6371400,"Royal Oak, MI",rape,9.843442890189009e-4,-0.00844350720334345,0.04097824219475096
5,MI6371400,"Royal Oak, MI",rape,0.04975363918948855,0.04723875910473724,0.04097512567894333
6,MI6371400,"Royal Oak, MI",rape,0.0540459096652648,0.06363585493964419,0.04097929264511978
7,MI6371400,"Royal Oak, MI",rape,0.04279756554542923,0.054566206233299275,0.040973099325937665
8,MI6371400,"Royal Oak, MI",rape,0.06016748517053278,0.062028327054418936,0.04097929264511978
9,MI6371400,"Royal Oak, MI",rape,0.06286767594923165,0.05815082177482131,0.04097512567894333
10,MI6371400,"Royal Oak, MI",rape,8.947043801548035e-5,-1.2080152149143325e-4,0.04097824219475096
11,MI6371400,"Royal Oak, MI",rape,-0.07310506870795891,-0.06816602749114002,0.040975125678943326
12,MI6371400,"Royal Oak, MI",rape,-0.07847115391076953,-0.07599881460121208,0.04097929264511978
1,MI6375100,"Southfield, MI",rape,-0.04387138027246358,-0.04502344632561127,0.039513046669060574
2,MI6375100,"Southfield, MI",rape,-0.036816055652062446,-0.036360788285321057,0.03955984981110591
3,MI6375100,"Southfield, MI",rape,-0.03844243170372693,-0.039484732104150044,0.03952948360193876
4,MI6375100,"Southfield, MI",rape,9.843442890189009e-4,7.383433870396563e-4,0.039537575072447796
5,MI6375100,"Southfield, MI",rape,0.04975363918948855,0.0567424350083777,0.03952948360193877
6,MI6375100,"Southfield, MI",rape,0.0540459096652648,0.0612220402469835,0.03955984981110591
7,MI6375100,"Southfield, MI",rape,0.04279756554542923,0.035315706153559834,0.03951304666906057
8,MI6375100,"Southfield, MI",rape,0.06016748517053278,0.04181754493370449,0.03955984981110591
9,MI6375100,"Southfield, MI",rape,0.06286767594923165,0.05464922892458494,0.03952948360193877
10,MI6375100,"Southfield, MI",rape,8.947043801548035e-5,0.008969396785011814,0.039537575072447796
11,MI6375100,"Southfield, MI",rape,-0.07310506870795891,-0.06219919165676115,0.03952948360193876
12,MI6375100,"Southfield, MI",rape,-0.07847115391076953,-0.07638653706741842,0.03955984981110591
1,MI6378400,"Troy, MI",rape,-0.04387138027246358,-0.040289718109101404,0.04078077603976966
2,MI6378400,"Troy, MI",rape,-0.036816055652062446,-0.05351345221003329,0.04083918198555138
3,MI6378400,"Troy, MI",rape,-0.03844243170372693,-0.05055319679527902,0.0408022799492471
4,MI6378400,"Troy, MI",rape,9.843442890189009e-4,0.0036612645169536904,0.04085389199201956
5,MI6378400,"Troy, MI",rape,0.04975363918948855,0.046945043669871546,0.0408022799492471
6,MI6378400,"Troy, MI",rape,0.0540459096652648,0.04015362781493177,0.04083918198555138
7,MI6378400,"Troy, MI",rape,0.04279756554542923,0.04086948435293562,0.04078077603976965
8,MI6378400,"Troy, MI",rape,0.06016748517053278,0.07623525010827989,0.04083918198555138
9,MI6378400,"Troy, MI",rape,0.06286767594923165,0.07269522844969142,0.04080227994924711
10,MI6378400,"Troy, MI",rape,8.947043801548035e-5,-0.0042410307607878795,0.04085389199201956
11,MI6378400,"Troy, MI",rape,-0.07310506870795891,-0.06966684156811817,0.0408022799492471
12,MI6378400,"Troy, MI",rape,-0.07847115391076953,-0.06229565946934419,0.04083918198555138
1,MI6380800,"Waterford Township, MI",rape,-0.04387138027246358,-0.04063273274028563,0.03984127650294352
2,MI6380800,"Waterford Township, MI",rape,-0.036816055652062446,-0.03352669700781037,0.039873942782753226
3,MI6380800,"Waterford Township, MI",rape,-0.03844243170372693,-0.035860294007702916,0.03987172095535263
4,MI6380800,"Waterford Township, MI",rape,9.843442890189009e-4,0.00813140788227713,0.03989041738824705
5,MI6380800,"Waterford Township, MI",rape,0.04975363918948855,0.060505293993646306,0.03987172095535264
6,MI6380800,"Waterford Township, MI",rape,0.0540459096652648,0.06076083549946206,0.039873942782753226
7,MI6380800,"Waterford Township, MI",rape,0.04279756554542923,0.04284722965672115,0.039841276502943515
8,MI6380800,"Waterford Township, MI",rape,0.06016748517053278,0.0572208388954194,0.039873942782753226
9,MI6380800,"Waterford Township, MI",rape,0.06286767594923165,0.057339938978876466,0.03987172095535264
10,MI6380800,"Waterford Township, MI",rape,8.947043801548035e-5,-0.010345904798712611,0.03989041738824705
11,MI6380800,"Waterford Township, MI",rape,-0.07310506870795891,-0.08419943588125536,0.03987172095535263
12,MI6380800,"Waterford Township, MI",rape,-0.07847115391076953,-0.08224048047063563,0.039873942782753226
1,MI6381500,"West Bloomfield Township, MI",rape,-0.04387138027246358,-0.0344396594201851,0.04090933211376141
2,MI6381500,"West Bloomfield Township, MI",rape,-0.036816055652062446,-0.02696964405757347,0.040903908973032574
3,MI6381500,"West Bloomfield Township, MI",rape,-0.03844243170372693,-0.044169242619387726,0.04089208298280041
4,MI6381500,"West Bloomfield Township, MI",rape,9.843442890189009e-4,-0.0116661784609725,0.04092444346258812
5,MI6381500,"West Bloomfield Township, MI",rape,0.04975363918948855,0.049120352841873056,0.040892082982800414
6,MI6381500,"West Bloomfield Township, MI",rape,0.0540459096652648,0.06546505720075671,0.040903908973032574
7,MI6381500,"West Bloomfield Township, MI",rape,0.04279756554542923,0.05243699428795699,0.0409093321137614
8,MI6381500,"West Bloomfield Township, MI",rape,0.06016748517053278,0.0633771333929862,0.040903908973032574
9,MI6381500,"West Bloomfield Township, MI",rape,0.06286767594923165,0.06257939708702862,0.040892082982800414
10,MI6381500,"West Bloomfield Township, MI",rape,8.947043801548035e-5,-0.006331156406799353,0.04092444346258812
11,MI6381500,"West Bloomfield Township, MI",rape,-0.07310506870795891,-0.0855278421772858,0.04089208298280041
12,MI6381500,"West Bloomfield Township, MI",rape,-0.07847115391076953,-0.0838752116683976,0.040903908973032574
1,MI8118100,"Washtenaw, MI",rape,-0.04387138027246358,-0.018016974682809262,0.03842816024959684
2,MI8118100,"Washtenaw, MI",rape,-0.036816055652062446,-0.038873330967432465,0.038434084688335764
3,MI8118100,"Washtenaw, MI",rape,-0.03844243170372693,-0.06064855979972683,0.038488665716110135
4,MI8118100,"Washtenaw, MI",rape,9.843442890189009e-4,0.00312790549068816,0.03846667340094777
5,MI8118100,"Washtenaw, MI",rape,0.04975363918948855,0.08002700219533505,0.038488665716110135
6,MI8118100,"Washtenaw, MI",rape,0.0540459096652648,0.07389740435375781,0.038434084688335764
7,MI8118100,"Washtenaw, MI",rape,0.04279756554542923,0.03909594211837352,0.03842816024959683
8,MI8118100,"Washtenaw, MI",rape,0.06016748517053278,0.05277847672337736,0.03843408468833577
9,MI8118100,"Washtenaw, MI",rape,0.06286767594923165,0.05347473812010752,0.03848866571611014
10,MI8118100,"Washtenaw, MI",rape,8.947043801548035e-5,-0.02420687292625237,0.03846667340094777
11,MI8118100,"Washtenaw, MI",rape,-0.07310506870795891,-0.09393214795127997,0.038488665716110135
12,MI8118100,"Washtenaw, MI",rape,-0.07847115391076953,-0.06672358267413854,0.038434084688335764
1,MI8121800,"Ann Arbor, MI",rape,-0.04387138027246358,-0.0580476126541349,0.038644197593563516
2,MI8121800,"Ann Arbor, MI",rape,-0.036816055652062446,-0.02959359301482234,0.038678737746499596
3,MI8121800,"Ann Arbor, MI",rape,-0.03844243170372693,-0.023221628894631027,0.03865734592944648
4,MI8121800,"Ann Arbor, MI",rape,9.843442890189009e-4,0.0013538613195737273,0.03867711756950068
5,MI8121800,"Ann Arbor, MI",rape,0.04975363918948855,0.04394345035393393,0.03865734592944649
6,MI8121800,"Ann Arbor, MI",rape,0.0540459096652648,0.05917141791641939,0.038678737746499596
7,MI8121800,"Ann Arbor, MI",rape,0.04279756554542923,0.04819665691483683,0.03864419759356351
8,MI8121800,"Ann Arbor, MI",rape,0.06016748517053278,0.05152942005312412,0.038678737746499596
9,MI8121800,"Ann Arbor, MI",rape,0.06286767594923165,0.05500841167223091,0.03865734592944649
10,MI8121800,"Ann Arbor, MI",rape,8.947043801548035e-5,0.00849709441972437,0.03867711756950068
11,MI8121800,"Ann Arbor, MI",rape,-0.07310506870795891,-0.06587927739223573,0.03865734592944648
12,MI8121800,"Ann Arbor, MI",rape,-0.07847115391076953,-0.09095820069401928,0.038678737746499596
1,MI8234300,"Dearborn, MI",rape,-0.04387138027246358,-0.0383243430327821,0.0399387662335752
2,MI8234300,"Dearborn, MI",rape,-0.036816055652062446,-0.012091508080564256,0.04000028849132239
3,MI8234300,"Dearborn, MI",rape,-0.03844243170372693,-0.02398622826613749,0.039961405335381825
4,MI8234300,"Dearborn, MI",rape,9.843442890189009e-4,-0.01216495904415791,0.03997856402187748
5,MI8234300,"Dearborn, MI",rape,0.04975363918948855,0.03159681249366745,0.039961405335381825
6,MI8234300,"Dearborn, MI",rape,0.0540459096652648,0.05323398726481459,0.04000028849132239
7,MI8234300,"Dearborn, MI",rape,0.04279756554542923,0.0482434429122769,0.039938766233575194
8,MI8234300,"Dearborn, MI",rape,0.06016748517053278,0.056670916966146775,0.04000028849132239
9,MI8234300,"Dearborn, MI",rape,0.06286767594923165,0.05864653727222526,0.039961405335381825
10,MI8234300,"Dearborn, MI",rape,8.947043801548035e-5,0.0022458591646631497,0.03997856402187748
11,MI8234300,"Dearborn, MI",rape,-0.07310506870795891,-0.07617622137925,0.039961405335381825
12,MI8234300,"Dearborn, MI",rape,-0.07847115391076953,-0.08789429627090237,0.04000028849132239
1,MI8234400,"Dearborn Heights, MI",rape,-0.04387138027246358,-0.042585878917364345,0.04037752430170699
2,MI8234400,"Dearborn Heights, MI",rape,-0.036816055652062446,-0.035382060434646596,0.04040993423772814
3,MI8234400,"Dearborn Heights, MI",rape,-0.03844243170372693,-0.045001913390217654,0.04040045047881157
4,MI8234400,"Dearborn Heights, MI",rape,9.843442890189009e-4,-0.012033360026398161,0.040421632870914076
5,MI8234400,"Dearborn Heights, MI",rape,0.04975363918948855,0.04193542105755884,0.04040045047881158
6,MI8234400,"Dearborn Heights, MI",rape,0.0540459096652648,0.05468341164377524,0.04040993423772814
7,MI8234400,"Dearborn Heights, MI",rape,0.04279756554542923,0.04407744663882032,0.040377524301706984
8,MI8234400,"Dearborn Heights, MI",rape,0.06016748517053278,0.0601735610331466,0.04040993423772814
9,MI8234400,"Dearborn Heights, MI",rape,0.06286767594923165,0.06830184626726171,0.04040045047881158
10,MI8234400,"Dearborn Heights, MI",rape,8.947043801548035e-5,0.01054179230494222,0.040421632870914076
11,MI8234400,"Dearborn Heights, MI",rape,-0.07310506870795891,-0.06672692165605887,0.04040045047881157
12,MI8234400,"Dearborn Heights, MI",rape,-0.07847115391076953,-0.07798334452081931,0.04040993423772813
1,MI8234900,"Detroit, MI",rape,-0.04387138027246358,-0.06412461881070722,0.029853815975574065
2,MI8234900,"Detroit, MI",rape,-0.036816055652062446,-0.04663990096163318,0.029944761550188336
3,MI8234900,"Detroit, MI",rape,-0.03844243170372693,-0.044484959321589405,0.029863977452549033
4,MI8234900,"Detroit, MI",rape,9.843442890189009e-4,-0.0021242974323552274,0.029922645357925104
5,MI8234900,"Detroit, MI",rape,0.04975363918948855,0.06513761474536928,0.029863977452549036
6,MI8234900,"Detroit, MI",rape,0.0540459096652648,0.09033664330827221,0.029944761550188336
7,MI8234900,"Detroit, MI",rape,0.04279756554542923,0.07416954721926691,0.02985381597557406
8,MI8234900,"Detroit, MI",rape,0.06016748517053278,0.06623294669654754,0.029944761550188336
9,MI8234900,"Detroit, MI",rape,0.06286767594923165,0.05403307664794409,0.029863977452549036
10,MI8234900,"Detroit, MI",rape,8.947043801548035e-5,-0.007920630976204454,0.029922645357925104
11,MI8234900,"Detroit, MI",rape,-0.07310506870795891,-0.08473066048028365,0.029863977452549033
12,MI8234900,"Detroit, MI",rape,-0.07847115391076953,-0.09988476063462688,0.029944761550188336
1,MI8253800,"Livonia, MI",rape,-0.04387138027246358,-0.03613190150543799,0.040017447257396685
2,MI8253800,"Livonia, MI",rape,-0.036816055652062446,-0.03261004863408939,0.040045334454146604
3,MI8253800,"Livonia, MI",rape,-0.03844243170372693,-0.04020480179947507,0.04003877920927952
4,MI8253800,"Livonia, MI",rape,9.843442890189009e-4,-0.010339007882551871,0.0400558573514151
5,MI8253800,"Livonia, MI",rape,0.04975363918948855,0.03262176726231589,0.04003877920927953
6,MI8253800,"Livonia, MI",rape,0.0540459096652648,0.042937294450556614,0.040045334454146604
7,MI8253800,"Livonia, MI",rape,0.04279756554542923,0.043736376813692635,0.040017447257396685
8,MI8253800,"Livonia, MI",rape,0.06016748517053278,0.06625039391085231,0.040045334454146604
9,MI8253800,"Livonia, MI",rape,0.06286767594923165,0.06624067176798339,0.04003877920927953
10,MI8253800,"Livonia, MI",rape,8.947043801548035e-5,0.002734532574297261,0.0400558573514151
11,MI8253800,"Livonia, MI",rape,-0.07310506870795891,-0.06626211253907884,0.04003877920927952
12,MI8253800,"Livonia, MI",rape,-0.07847115391076953,-0.06897316441906494,0.0400453344541466
1,MI8277500,"Taylor, MI",rape,-0.04387138027246358,-0.042477405336955286,0.03959071253379361
2,MI8277500,"Taylor, MI",rape,-0.036816055652062446,-0.03917604986985047,0.03958024687736915
3,MI8277500,"Taylor, MI",rape,-0.03844243170372693,-0.05272373082557019,0.039554318167056866
4,MI8277500,"Taylor, MI",rape,9.843442890189009e-4,-0.017909252316995874,0.039607884716111735
5,MI8277500,"Taylor, MI",rape,0.04975363918948855,0.053399086721573924,0.03955431816705688
6,MI8277500,"Taylor, MI",rape,0.0540459096652648,0.08871544770121195,0.03958024687736915
7,MI8277500,"Taylor, MI",rape,0.04279756554542923,0.07676776426431459,0.0395907125337936
8,MI8277500,"Taylor, MI",rape,0.06016748517053278,0.061585092796859094,0.03958024687736915
9,MI8277500,"Taylor, MI",rape,0.06286767594923165,0.040842414825219546,0.03955431816705688
10,MI8277500,"Taylor, MI",rape,8.947043801548035e-5,-0.016381106610363412,0.039607884716111735
11,MI8277500,"Taylor, MI",rape,-0.07310506870795891,-0.07580812964858255,0.03955431816705687
12,MI8277500,"Taylor, MI",rape,-0.07847115391076953,-0.0768341317008613,0.03958024687736915
1,MI8281700,"Westland, MI",rape,-0.04387138027246358,-0.028242416011270706,0.03868271301808576
2,MI8281700,"Westland, MI",rape,-0.036816055652062446,-0.013219610680096555,0.038760410620850005
3,MI8281700,"Westland, MI",rape,-0.03844243170372693,-0.03295445522177739,0.038730570968065266
4,MI8281700,"Westland, MI",rape,9.843442890189009e-4,-0.014781909872398961,0.0387406699226347
5,MI8281700,"Westland, MI",rape,0.04975363918948855,0.03218931694734879,0.038730570968065266
6,MI8281700,"Westland, MI",rape,0.0540459096652648,0.04804295831260389,0.038760410620850005
7,MI8281700,"Westland, MI",rape,0.04279756554542923,0.04623238661372981,0.03868271301808576
8,MI8281700,"Westland, MI",rape,0.06016748517053278,0.06798832145245484,0.038760410620850005
9,MI8281700,"Westland, MI",rape,0.06286767594923165,0.0697331953916766,0.03873057096806527
10,MI8281700,"Westland, MI",rape,8.947043801548035e-5,-0.0032080607300601096,0.0387406699226347
11,MI8281700,"Westland, MI",rape,-0.07310506870795891,-0.08695802771970709,0.038730570968065266
12,MI8281700,"Westland, MI",rape,-0.07847115391076953,-0.08482169848250312,0.038760410620850005
1,MI8290800,"Canton Township, MI",rape,-0.04387138027246358,-0.03619815057080754,0.04014713885396705
2,MI8290800,"Canton Township, MI",rape,-0.036816055652062446,-0.0430355462193895,0.040156839048087846
3,MI8290800,"Canton Township, MI",rape,-0.03844243170372693,-0.054691294752174754,0.04015455676830306
4,MI8290800,"Canton Township, MI",rape,9.843442890189009e-4,-0.004835142491278504,0.04015341136699781
5,MI8290800,"Canton Township, MI",rape,0.04975363918948855,0.06003112981296784,0.04015455676830306
6,MI8290800,"Canton Township, MI",rape,0.0540459096652648,0.06634027101907686,0.040156839048087846
7,MI8290800,"Canton Township, MI",rape,0.04279756554542923,0.04817976207223716,0.04014713885396704
8,MI8290800,"Canton Township, MI",rape,0.06016748517053278,0.06221650835264098,0.040156839048087846
9,MI8290800,"Canton Township, MI",rape,0.06286767594923165,0.06189064538399665,0.04015455676830306
10,MI8290800,"Canton Township, MI",rape,8.947043801548035e-5,-0.007146469010151089,0.04015341136699781
11,MI8290800,"Canton Township, MI",rape,-0.07310506870795891,-0.07921209194621934,0.04015455676830306
12,MI8290800,"Canton Township, MI",rape,-0.07847115391076953,-0.07353962165089878,0.040156839048087846
1,MN0020200,"Blaine, MN",rape,-0.04387138027246358,-0.04877120831555101,0.04042423855748888
2,MN0020200,"Blaine, MN",rape,-0.036816055652062446,-0.035107846771151835,0.04044490085803026
3,MN0020200,"Blaine, MN",rape,-0.03844243170372693,-0.035196914007927946,0.040434291836186326
4,MN0020200,"Blaine, MN",rape,9.843442890189009e-4,0.0022119341721043794,0.04044402423796652
5,MN0020200,"Blaine, MN",rape,0.04975363918948855,0.05394357289744101,0.04043429183618633
6,MN0020200,"Blaine, MN",rape,0.0540459096652648,0.0635476286095976,0.04044490085803026
7,MN0020200,"Blaine, MN",rape,0.04279756554542923,0.04984622799939472,0.040424238557488876
8,MN0020200,"Blaine, MN",rape,0.06016748517053278,0.05870608852054829,0.04044490085803026
9,MN0020200,"Blaine, MN",rape,0.06286767594923165,0.05772013607348073,0.04043429183618634
10,MN0020200,"Blaine, MN",rape,8.947043801548035e-5,-0.0032869538559480486,0.04044402423796652
11,MN0020200,"Blaine, MN",rape,-0.07310506870795891,-0.07754181464683749,0.040434291836186326
12,MN0020200,"Blaine, MN",rape,-0.07847115391076953,-0.0860708506751504,0.04044490085803026
1,MN0020500,"Coon Rapids, MN",rape,-0.04387138027246358,-0.04209104159468259,0.04017101476943782
2,MN0020500,"Coon Rapids, MN",rape,-0.036816055652062446,-0.036467298481110084,0.040187528242799996
3,MN0020500,"Coon Rapids, MN",rape,-0.03844243170372693,-0.03414916171670056,0.04016532023497472
4,MN0020500,"Coon Rapids, MN",rape,9.843442890189009e-4,0.008011794036651294,0.040176337377306026
5,MN0020500,"Coon Rapids, MN",rape,0.04975363918948855,0.05240527199902578,0.040165320234974725
6,MN0020500,"Coon Rapids, MN",rape,0.0540459096652648,0.048443544968263266,0.040187528242799996
7,MN0020500,"Coon Rapids, MN",rape,0.04279756554542923,0.0321991708128271,0.04017101476943782
8,MN0020500,"Coon Rapids, MN",rape,0.06016748517053278,0.050338023099260186,0.040187528242799996
9,MN0020500,"Coon Rapids, MN",rape,0.06286767594923165,0.05791175711670619,0.04016532023497473
10,MN0020500,"Coon Rapids, MN",rape,8.947043801548035e-5,0.001880076745204232,0.040176337377306026
11,MN0020500,"Coon Rapids, MN",rape,-0.07310506870795891,-0.06627599661717591,0.04016532023497472
12,MN0020500,"Coon Rapids, MN",rape,-0.07847115391076953,-0.07220614036826892,0.040187528242799996
1,MN0190100,"Burnsville, MN",rape,-0.04387138027246358,-0.0378094576445389,0.04049415639378697
2,MN0190100,"Burnsville, MN",rape,-0.036816055652062446,-0.033128795730141394,0.04050675154368755
3,MN0190100,"Burnsville, MN",rape,-0.03844243170372693,-0.037766665661531085,0.04049791415057343
4,MN0190100,"Burnsville, MN",rape,9.843442890189009e-4,4.704549768018943e-4,0.04050641374104424
5,MN0190100,"Burnsville, MN",rape,0.04975363918948855,0.04996608635339314,0.04049791415057343
6,MN0190100,"Burnsville, MN",rape,0.0540459096652648,0.05534712047766121,0.04050675154368755
7,MN0190100,"Burnsville, MN",rape,0.04279756554542923,0.043353384975622404,0.04049415639378697
8,MN0190100,"Burnsville, MN",rape,0.06016748517053278,0.057280166883724455,0.04050675154368755
9,MN0190100,"Burnsville, MN",rape,0.06286767594923165,0.056374109484030675,0.04049791415057343
10,MN0190100,"Burnsville, MN",rape,8.947043801548035e-5,-0.006014382307885367,0.04050641374104424
11,MN0190100,"Burnsville, MN",rape,-0.07310506870795891,-0.07411745750697622,0.04049791415057343
12,MN0190100,"Burnsville, MN",rape,-0.07847115391076953,-0.07395456430016081,0.04050675154368755
1,MN0191000,"Apple Valley, MN",rape,-0.04387138027246358,-0.034338378238445044,0.040493827788652764
2,MN0191000,"Apple Valley, MN",rape,-0.036816055652062446,-0.041253569313120464,0.040529554387763664
3,MN0191000,"Apple Valley, MN",rape,-0.03844243170372693,-0.05046576846558076,0.040522979762647536
4,MN0191000,"Apple Valley, MN",rape,9.843442890189009e-4,-0.001285467842220976,0.040511606702034034
5,MN0191000,"Apple Valley, MN",rape,0.04975363918948855,0.0607589989079109,0.04052297976264754
6,MN0191000,"Apple Valley, MN",rape,0.0540459096652648,0.06496350090250183,0.040529554387763664
7,MN0191000,"Apple Valley, MN",rape,0.04279756554542923,0.04338309964460903,0.04049382778865276
8,MN0191000,"Apple Valley, MN",rape,0.06016748517053278,0.05256901454061115,0.040529554387763664
9,MN0191000,"Apple Valley, MN",rape,0.06286767594923165,0.05273649228690751,0.04052297976264754
10,MN0191000,"Apple Valley, MN",rape,8.947043801548035e-5,-0.007759253563942974,0.040511606702034034
11,MN0191000,"Apple Valley, MN",rape,-0.07310506870795891,-0.07207444413540161,0.040522979762647536
12,MN0191000,"Apple Valley, MN",rape,-0.07847115391076953,-0.0672342247238286,0.040529554387763664
1,MN0191100,"Lakeville, MN",rape,-0.04387138027246358,-0.051232198215881306,0.04035848451136899
2,MN0191100,"Lakeville, MN",rape,-0.036816055652062446,-0.03583622937526579,0.040373461794452406
3,MN0191100,"Lakeville, MN",rape,-0.03844243170372693,-0.03443470583535486,0.04036523854624751
4,MN0191100,"Lakeville, MN",rape,9.843442890189009e-4,-0.0025413320647525535,0.04038380789504231
5,MN0191100,"Lakeville, MN",rape,0.04975363918948855,0.040505679956706536,0.04036523854624752
6,MN0191100,"Lakeville, MN",rape,0.0540459096652648,0.046606580501853866,0.040373461794452406
7,MN0191100,"Lakeville, MN",rape,0.04279756554542923,0.03804309007578876,0.04035848451136899
8,MN0191100,"Lakeville, MN",rape,0.06016748517053278,0.05850267527454685,0.04037346179445241
9,MN0191100,"Lakeville, MN",rape,0.06286767594923165,0.07029025987472848,0.04036523854624752
10,MN0191100,"Lakeville, MN",rape,8.947043801548035e-5,0.015730440204845132,0.04038380789504231
11,MN0191100,"Lakeville, MN",rape,-0.07310506870795891,-0.06317212585598762,0.04036523854624751
12,MN0191100,"Lakeville, MN",rape,-0.07847115391076953,-0.08246213454122751,0.040373461794452406
1,MN0270100,"Bloomington, MN",rape,-0.04387138027246358,-0.05400195867415593,0.03886714203990364
2,MN0270100,"Bloomington, MN",rape,-0.036816055652062446,-0.04462162363888412,0.03885181365082769
3,MN0270100,"Bloomington, MN",rape,-0.03844243170372693,-0.03070572289331293,0.0389032763095848
4,MN0270100,"Bloomington, MN",rape,9.843442890189009e-4,-0.0012755841073864929,0.0387944954992325
5,MN0270100,"Bloomington, MN",rape,0.04975363918948855,0.03494780237995754,0.03890327630958481
6,MN0270100,"Bloomington, MN",rape,0.0540459096652648,0.05295307914739488,0.03885181365082769
7,MN0270100,"Bloomington, MN",rape,0.04279756554542923,0.04972026158244425,0.03886714203990364
8,MN0270100,"Bloomington, MN",rape,0.06016748517053278,0.042988120712707814,0.03885181365082769
9,MN0270100,"Bloomington, MN",rape,0.06286767594923165,0.03335391705884832,0.03890327630958481
10,MN0270100,"Bloomington, MN",rape,8.947043801548035e-5,0.00555728119909819,0.0387944954992325
11,MN0270100,"Bloomington, MN",rape,-0.07310506870795891,-0.033314299453781254,0.0389032763095848
12,MN0270100,"Bloomington, MN",rape,-0.07847115391076953,-0.05560127331293026,0.03885181365082768
1,MN0270300,"Brooklyn Park, MN",rape,-0.04387138027246358,-0.04052754348966082,0.03924891505405052
2,MN0270300,"Brooklyn Park, MN",rape,-0.036816055652062446,-0.03622634368598147,0.03928314458557017
3,MN0270300,"Brooklyn Park, MN",rape,-0.03844243170372693,-0.03208165967561147,0.03924476932199027
4,MN0270300,"Brooklyn Park, MN",rape,9.843442890189009e-4,1.7382138452793304e-4,0.03931345585370654
5,MN0270300,"Brooklyn Park, MN",rape,0.04975363918948855,0.03270527740705196,0.039244769321990274
6,MN0270300,"Brooklyn Park, MN",rape,0.0540459096652648,0.04690577425187322,0.03928314458557017
7,MN0270300,"Brooklyn Park, MN",rape,0.04279756554542923,0.06770307730984834,0.03924891505405052
8,MN0270300,"Brooklyn Park, MN",rape,0.06016748517053278,0.08946778705249939,0.03928314458557017
9,MN0270300,"Brooklyn Park, MN",rape,0.06286767594923165,0.0581475692219419,0.039244769321990274
10,MN0270300,"Brooklyn Park, MN",rape,8.947043801548035e-5,-0.02734935520471544,0.03931345585370654
11,MN0270300,"Brooklyn Park, MN",rape,-0.07310506870795891,-0.08594672077356989,0.03924476932199027
12,MN0270300,"Brooklyn Park, MN",rape,-0.07847115391076953,-0.07297168379820364,0.03928314458557017
1,MN0270600,"Edina, MN",rape,-0.04387138027246358,-0.057329142018445634,0.04101356554278258
2,MN0270600,"Edina, MN",rape,-0.036816055652062446,-0.04990960682605698,0.040995896171362796
3,MN0270600,"Edina, MN",rape,-0.03844243170372693,-0.039719978176467316,0.04102777074455184
4,MN0270600,"Edina, MN",rape,9.843442890189009e-4,-0.0030597792790780435,0.040995861728631414
5,MN0270600,"Edina, MN",rape,0.04975363918948855,0.039075521043336815,0.04102777074455185
6,MN0270600,"Edina, MN",rape,0.0540459096652648,0.0552675012346739,0.040995896171362796
7,MN0270600,"Edina, MN",rape,0.04279756554542923,0.058297840760874485,0.04101356554278257
8,MN0270600,"Edina, MN",rape,0.06016748517053278,0.06712829610662759,0.040995896171362796
9,MN0270600,"Edina, MN",rape,0.06286767594923165,0.05596996871460908,0.04102777074455185
10,MN0270600,"Edina, MN",rape,8.947043801548035e-5,0.002091080536649211,0.040995861728631414
11,MN0270600,"Edina, MN",rape,-0.07310506870795891,-0.05629421032390743,0.04102777074455184
12,MN0270600,"Edina, MN",rape,-0.07847115391076953,-0.07151749177281566,0.040995896171362796
1,MN0271100,"Minneapolis, MN",rape,-0.04387138027246358,-0.045420742386492644,0.03198363282244704
2,MN0271100,"Minneapolis, MN",rape,-0.036816055652062446,-0.04247980149567218,0.03203451640027593
3,MN0271100,"Minneapolis, MN",rape,-0.03844243170372693,-0.06178985737545599,0.032006549613087715
4,MN0271100,"Minneapolis, MN",rape,9.843442890189009e-4,-0.023420228224541418,0.032049435830680914
5,MN0271100,"Minneapolis, MN",rape,0.04975363918948855,0.056609867769020925,0.03200654961308772
6,MN0271100,"Minneapolis, MN",rape,0.0540459096652648,0.09089870635222194,0.03203451640027593
7,MN0271100,"Minneapolis, MN",rape,0.04279756554542923,0.07424511763314776,0.03198363282244703
8,MN0271100,"Minneapolis, MN",rape,0.06016748517053278,0.06651868833301221,0.03203451640027593
9,MN0271100,"Minneapolis, MN",rape,0.06286767594923165,0.05700436896614093,0.03200654961308772
10,MN0271100,"Minneapolis, MN",rape,8.947043801548035e-5,-0.0054041470221136605,0.032049435830680914
11,MN0271100,"Minneapolis, MN",rape,-0.07310506870795891,-0.08064875460636095,0.032006549613087715
12,MN0271100,"Minneapolis, MN",rape,-0.07847115391076953,-0.0861132179429069,0.03203451640027593
1,MN0271700,"Plymouth, MN",rape,-0.04387138027246358,-0.04308340095914745,0.04083590139086814
2,MN0271700,"Plymouth, MN",rape,-0.036816055652062446,-0.016611793358810908,0.04087938735685696
3,MN0271700,"Plymouth, MN",rape,-0.03844243170372693,-0.01751238341509852,0.040870129216950796
4,MN0271700,"Plymouth, MN",rape,9.843442890189009e-4,-9.793622234650272e-4,0.040823730868277536
5,MN0271700,"Plymouth, MN",rape,0.04975363918948855,0.030340649326888944,0.0408701292169508
6,MN0271700,"Plymouth, MN",rape,0.0540459096652648,0.03991000410161513,0.04087938735685696
7,MN0271700,"Plymouth, MN",rape,0.04279756554542923,0.04067995565929924,0.04083590139086813
8,MN0271700,"Plymouth, MN",rape,0.06016748517053278,0.061469393470697006,0.04087938735685696
9,MN0271700,"Plymouth, MN",rape,0.06286767594923165,0.06477342882683287,0.0408701292169508
10,MN0271700,"Plymouth, MN",rape,8.947043801548035e-5,0.0033828075233132715,0.040823730868277536
11,MN0271700,"Plymouth, MN",rape,-0.07310506870795891,-0.07519824943877507,0.040870129216950796
12,MN0271700,"Plymouth, MN",rape,-0.07847115391076953,-0.08717104951334949,0.04087938735685696
1,MN0272600,"Eden Prairie, MN",rape,-0.04387138027246358,-0.05496530291989729,0.04073128454123154
2,MN0272600,"Eden Prairie, MN",rape,-0.036816055652062446,-0.02868057684270653,0.04077241290421909
3,MN0272600,"Eden Prairie, MN",rape,-0.03844243170372693,-0.03075775643732519,0.040718450411456913
4,MN0272600,"Eden Prairie, MN",rape,9.843442890189009e-4,0.002285868195088316,0.04079009447888296
5,MN0272600,"Eden Prairie, MN",rape,0.04975363918948855,0.05833419503039736,0.04071845041145692
6,MN0272600,"Eden Prairie, MN",rape,0.0540459096652648,0.06510271880025512,0.04077241290421909
7,MN0272600,"Eden Prairie, MN",rape,0.04279756554542923,0.03646955285095951,0.04073128454123153
8,MN0272600,"Eden Prairie, MN",rape,0.06016748517053278,0.04414324661835982,0.04077241290421909
9,MN0272600,"Eden Prairie, MN",rape,0.06286767594923165,0.06471617628191628,0.04071845041145692
10,MN0272600,"Eden Prairie, MN",rape,8.947043801548035e-5,0.016209881873849502,0.04079009447888296
11,MN0272600,"Eden Prairie, MN",rape,-0.07310506870795891,-0.07379686480605066,0.040718450411456913
12,MN0272600,"Eden Prairie, MN",rape,-0.07847115391076953,-0.09906113864484624,0.04077241290421909
1,MN0272700,"Maple Grove, MN",rape,-0.04387138027246358,-0.03784665641929977,0.04059234499714878
2,MN0272700,"Maple Grove, MN",rape,-0.036816055652062446,-0.03835288509504047,0.04060775002736103
3,MN0272700,"Maple Grove, MN",rape,-0.03844243170372693,-0.04192935978465342,0.04058923084216017
4,MN0272700,"Maple Grove, MN",rape,9.843442890189009e-4,-0.0016582920146338412,0.0405886427355278
5,MN0272700,"Maple Grove, MN",rape,0.04975363918948855,0.04553537190034804,0.04058923084216018
6,MN0272700,"Maple Grove, MN",rape,0.0540459096652648,0.04516160958680793,0.04060775002736103
7,MN0272700,"Maple Grove, MN",rape,0.04279756554542923,0.030323529045840285,0.040592344997148776
8,MN0272700,"Maple Grove, MN",rape,0.06016748517053278,0.04959515594981677,0.04060775002736103
9,MN0272700,"Maple Grove, MN",rape,0.06286767594923165,0.06069475801288923,0.04058923084216018
10,MN0272700,"Maple Grove, MN",rape,8.947043801548035e-5,0.009181419388093357,0.0405886427355278
11,MN0272700,"Maple Grove, MN",rape,-0.07310506870795891,-0.056777642755124355,0.04058923084216017
12,MN0272700,"Maple Grove, MN",rape,-0.07847115391076953,-0.06392700781504376,0.04060775002736103
1,MN0550100,"Rochester, MN",rape,-0.04387138027246358,-0.0287499864349135,0.03873913984181773
2,MN0550100,"Rochester, MN",rape,-0.036816055652062446,-0.03388343377634846,0.03877463934746059
3,MN0550100,"Rochester, MN",rape,-0.03844243170372693,-0.042012509479133826,0.038745840735939174
4,MN0550100,"Rochester, MN",rape,9.843442890189009e-4,-0.009318764031305146,0.03877132174618744
5,MN0550100,"Rochester, MN",rape,0.04975363918948855,0.033643956041865354,0.03874584073593918
6,MN0550100,"Rochester, MN",rape,0.0540459096652648,0.04317532408642945,0.03877463934746059
7,MN0550100,"Rochester, MN",rape,0.04279756554542923,0.04281764931687914,0.038739139841817725
8,MN0550100,"Rochester, MN",rape,0.06016748517053278,0.05970614891789146,0.03877463934746059
9,MN0550100,"Rochester, MN",rape,0.06286767594923165,0.053767561738711216,0.03874584073593918
10,MN0550100,"Rochester, MN",rape,8.947043801548035e-5,-0.004748898850660468,0.03877132174618744
11,MN0550100,"Rochester, MN",rape,-0.07310506870795891,-0.05946667118340837,0.038745840735939174
12,MN0550100,"Rochester, MN",rape,-0.07847115391076953,-0.05493037634600685,0.03877463934746059
1,MN0620900,"St. Paul, MN",rape,-0.04387138027246358,-0.08696428662827266,0.034350704831759164
2,MN0620900,"St. Paul, MN",rape,-0.036816055652062446,-0.06432160360996617,0.03440489591632423
3,MN0620900,"St. Paul, MN",rape,-0.03844243170372693,-0.016368631471811546,0.03430499175144314
4,MN0620900,"St. Paul, MN",rape,9.843442890189009e-4,0.039397523853151574,0.03438278704541099
5,MN0620900,"St. Paul, MN",rape,0.04975363918948855,0.061138031952913216,0.034304991751443144
6,MN0620900,"St. Paul, MN",rape,0.0540459096652648,0.05429013005946553,0.03440489591632423
7,MN0620900,"St. Paul, MN",rape,0.04279756554542923,0.0629787872309836,0.03435070483175916
8,MN0620900,"St. Paul, MN",rape,0.06016748517053278,0.08239259807654692,0.03440489591632423
9,MN0620900,"St. Paul, MN",rape,0.06286767594923165,0.0584251253356814,0.034304991751443144
10,MN0620900,"St. Paul, MN",rape,8.947043801548035e-5,-0.015412024455862485,0.03438278704541099
11,MN0620900,"St. Paul, MN",rape,-0.07310506870795891,-0.079209026419494,0.03430499175144314
12,MN0620900,"St. Paul, MN",rape,-0.07847115391076953,-0.09634662392333536,0.03440489591632422
1,MN0690600,"Duluth, MN",rape,-0.04387138027246358,-0.05364287147589515,0.039240712315702406
2,MN0690600,"Duluth, MN",rape,-0.036816055652062446,-0.05223203919748296,0.03925568222676895
3,MN0690600,"Duluth, MN",rape,-0.03844243170372693,-0.05341442517522652,0.039178030900543656
4,MN0690600,"Duluth, MN",rape,9.843442890189009e-4,-0.006345946541244545,0.03916517176733748
5,MN0690600,"Duluth, MN",rape,0.04975363918948855,0.04745427085289609,0.03917803090054366
6,MN0690600,"Duluth, MN",rape,0.0540459096652648,0.05964993558109005,0.03925568222676895
7,MN0690600,"Duluth, MN",rape,0.04279756554542923,0.06743779760981776,0.039240712315702406
8,MN0690600,"Duluth, MN",rape,0.06016748517053278,0.0976023788120977,0.03925568222676895
9,MN0690600,"Duluth, MN",rape,0.06286767594923165,0.08498983865591869,0.03917803090054366
10,MN0690600,"Duluth, MN",rape,8.947043801548035e-5,-0.007448979592678029,0.03916517176733748
11,MN0690600,"Duluth, MN",rape,-0.07310506870795891,-0.09282461046751085,0.039178030900543656
12,MN0690600,"Duluth, MN",rape,-0.07847115391076953,-0.09122534906178223,0.03925568222676895
1,MN0730400,"St. Cloud, MN",rape,-0.04387138027246358,-0.055321323031842014,0.038955002026620784
2,MN0730400,"St. Cloud, MN",rape,-0.036816055652062446,-0.06799604741555491,0.039028348544810125
3,MN0730400,"St. Cloud, MN",rape,-0.03844243170372693,-0.04900453467312178,0.038939111689080305
4,MN0730400,"St. Cloud, MN",rape,9.843442890189009e-4,0.022973151722206556,0.03903661500407106
5,MN0730400,"St. Cloud, MN",rape,0.04975363918948855,0.06540812860048359,0.038939111689080305
6,MN0730400,"St. Cloud, MN",rape,0.0540459096652648,0.04096465377044457,0.039028348544810125
7,MN0730400,"St. Cloud, MN",rape,0.04279756554542923,0.029375177733115227,0.038955002026620784
8,MN0730400,"St. Cloud, MN",rape,0.06016748517053278,0.06920736394891105,0.039028348544810125
9,MN0730400,"St. Cloud, MN",rape,0.06286767594923165,0.07616199650520475,0.03893911168908031
10,MN0730400,"St. Cloud, MN",rape,8.947043801548035e-5,0.002972993576520272,0.03903661500407106
11,MN0730400,"St. Cloud, MN",rape,-0.07310506870795891,-0.06661944513383977,0.038939111689080305
12,MN0730400,"St. Cloud, MN",rape,-0.07847115391076953,-0.06812211560252757,0.039028348544810125
1,MN0821100,"Woodbury, MN",rape,-0.04387138027246358,-0.05878468161105539,0.04038446505282833
2,MN0821100,"Woodbury, MN",rape,-0.036816055652062446,-0.051707973260870066,0.04047487825268334
3,MN0821100,"Woodbury, MN",rape,-0.03844243170372693,-0.023916895400808595,0.04049121890128776
4,MN0821100,"Woodbury, MN",rape,9.843442890189009e-4,0.03729684480687289,0.04055635630418307
5,MN0821100,"Woodbury, MN",rape,0.04975363918948855,0.07561098096554361,0.04049121890128777
6,MN0821100,"Woodbury, MN",rape,0.0540459096652648,0.06250988076334552,0.04047487825268334
7,MN0821100,"Woodbury, MN",rape,0.04279756554542923,0.047470752332115014,0.04038446505282833
8,MN0821100,"Woodbury, MN",rape,0.06016748517053278,0.05691389399202724,0.04047487825268334
9,MN0821100,"Woodbury, MN",rape,0.06286767594923165,0.04043674541090618,0.04049121890128777
10,MN0821100,"Woodbury, MN",rape,8.947043801548035e-5,-0.02598291552793248,0.04055635630418307
11,MN0821100,"Woodbury, MN",rape,-0.07310506870795891,-0.0808169016967008,0.04049121890128776
12,MN0821100,"Woodbury, MN",rape,-0.07847115391076953,-0.07902973077344311,0.04047487825268334
1,MN0860000,"Wright, MN",rape,-0.04387138027246358,-0.049836097183551996,0.0400421729312287
2,MN0860000,"Wright, MN",rape,-0.036816055652062446,-0.03746907455339514,0.040087568539665414
3,MN0860000,"Wright, MN",rape,-0.03844243170372693,-0.02914152801455802,0.040074360351921696
4,MN0860000,"Wright, MN",rape,9.843442890189009e-4,0.003292885502588124,0.04007137345544156
5,MN0860000,"Wright, MN",rape,0.04975363918948855,0.03463923930823583,0.0400743603519217
6,MN0860000,"Wright, MN",rape,0.0540459096652648,0.03974053727149756,0.040087568539665414
7,MN0860000,"Wright, MN",rape,0.04279756554542923,0.04801906056303308,0.04004217293122869
8,MN0860000,"Wright, MN",rape,0.06016748517053278,0.07467943305807381,0.040087568539665414
9,MN0860000,"Wright, MN",rape,0.06286767594923165,0.06816892313975564,0.0400743603519217
10,MN0860000,"Wright, MN",rape,8.947043801548035e-5,-0.0014758488820691778,0.04007137345544156
11,MN0860000,"Wright, MN",rape,-0.07310506870795891,-0.07184959781291453,0.040074360351921696
12,MN0860000,"Wright, MN",rape,-0.07847115391076953,-0.07876793239669519,0.040087568539665414
1,MO0100200,"Columbia, MO",rape,-0.04387138027246358,-0.030276876621999134,0.037658323531586504
2,MO0100200,"Columbia, MO",rape,-0.036816055652062446,-0.037104858858420305,0.03774475159508269
3,MO0100200,"Columbia, MO",rape,-0.03844243170372693,-0.04969696652932745,0.03770873703373574
4,MO0100200,"Columbia, MO",rape,9.843442890189009e-4,-0.009399708015875028,0.03776698890459049
5,MO0100200,"Columbia, MO",rape,0.04975363918948855,0.04130321521399949,0.03770873703373574
6,MO0100200,"Columbia, MO",rape,0.0540459096652648,0.04499041239706485,0.03774475159508269
7,MO0100200,"Columbia, MO",rape,0.04279756554542923,0.04017930747424445,0.0376583235315865
8,MO0100200,"Columbia, MO",rape,0.06016748517053278,0.06837007430305811,0.03774475159508269
9,MO0100200,"Columbia, MO",rape,0.06286767594923165,0.07105975112171999,0.03770873703373574
10,MO0100200,"Columbia, MO",rape,8.947043801548035e-5,-5.027228363702491e-4,0.03776698890459049
11,MO0100200,"Columbia, MO",rape,-0.07310506870795891,-0.07256843065863731,0.03770873703373574
12,MO0100200,"Columbia, MO",rape,-0.07847115391076953,-0.0663531969894574,0.03774475159508269
1,MO0110100,"St Joseph, MO",rape,-0.04387138027246358,-0.03928542038749005,0.03661259724637831
2,MO0110100,"St Joseph, MO",rape,-0.036816055652062446,-0.025099443384499938,0.036641057717471504
3,MO0110100,"St Joseph, MO",rape,-0.03844243170372693,-0.04051966503085012,0.03662641588208451
4,MO0110100,"St Joseph, MO",rape,9.843442890189009e-4,-0.008286198245833194,0.036633394954262585
5,MO0110100,"St Joseph, MO",rape,0.04975363918948855,0.05026486109274555,0.03662641588208452
6,MO0110100,"St Joseph, MO",rape,0.0540459096652648,0.0652701383995134,0.036641057717471504
7,MO0110100,"St Joseph, MO",rape,0.04279756554542923,0.05764240803084246,0.0366125972463783
8,MO0110100,"St Joseph, MO",rape,0.06016748517053278,0.07688105588429034,0.036641057717471504
9,MO0110100,"St Joseph, MO",rape,0.06286767594923165,0.07394428988728816,0.036626415882084526
10,MO0110100,"St Joseph, MO",rape,8.947043801548035e-5,-0.010070789397519176,0.036633394954262585
11,MO0110100,"St Joseph, MO",rape,-0.07310506870795891,-0.10204647359253598,0.03662641588208451
12,MO0110100,"St Joseph, MO",rape,-0.07847115391076953,-0.09869476325595146,0.036641057717471504
1,MO0390300,"Springfield, MO",rape,-0.04387138027246358,-0.04699645497565783,0.034038307019889184
2,MO0390300,"Springfield, MO",rape,-0.036816055652062446,-0.03375807218928839,0.03412885197831954
3,MO0390300,"Springfield, MO",rape,-0.03844243170372693,-0.044516678952126416,0.03411321867815258
4,MO0390300,"Springfield, MO",rape,9.843442890189009e-4,-0.01810531508587041,0.03415538964619357
5,MO0390300,"Springfield, MO",rape,0.04975363918948855,0.03495563097375704,0.03411321867815259
6,MO0390300,"Springfield, MO",rape,0.0540459096652648,0.04872040128258336,0.03412885197831954
7,MO0390300,"Springfield, MO",rape,0.04279756554542923,0.03418838166207074,0.03403830701988918
8,MO0390300,"Springfield, MO",rape,0.06016748517053278,0.05166961553809926,0.03412885197831954
9,MO0390300,"Springfield, MO",rape,0.06286767594923165,0.07523629561452441,0.03411321867815259
10,MO0390300,"Springfield, MO",rape,8.947043801548035e-5,0.03091338839945753,0.03415538964619357
11,MO0390300,"Springfield, MO",rape,-0.07310506870795891,-0.052867174322567934,0.03411321867815258
12,MO0390300,"Springfield, MO",rape,-0.07847115391076953,-0.07944001794498137,0.03412885197831954
1,MO0480100,"Blue Springs, MO",rape,-0.04387138027246358,-0.04980965014170809,0.04034760265244784
2,MO0480100,"Blue Springs, MO",rape,-0.036816055652062446,-0.03823421464201752,0.04037202016116982
3,MO0480100,"Blue Springs, MO",rape,-0.03844243170372693,-0.03736028400719591,0.04036092149436883
4,MO0480100,"Blue Springs, MO",rape,9.843442890189009e-4,0.003075702037128593,0.04036636855563535
5,MO0480100,"Blue Springs, MO",rape,0.04975363918948855,0.05699957491587276,0.04036092149436883
6,MO0480100,"Blue Springs, MO",rape,0.0540459096652648,0.06487229566819733,0.04037202016116982
7,MO0480100,"Blue Springs, MO",rape,0.04279756554542923,0.04645806698564021,0.04034760265244784
8,MO0480100,"Blue Springs, MO",rape,0.06016748517053278,0.053007911921172775,0.04037202016116982
9,MO0480100,"Blue Springs, MO",rape,0.06286767594923165,0.05548556444241908,0.04036092149436884
10,MO0480100,"Blue Springs, MO",rape,8.947043801548035e-5,2.758811189393226e-4,0.04036636855563535
11,MO0480100,"Blue Springs, MO",rape,-0.07310506870795891,-0.07177327219502803,0.04036092149436883
12,MO0480100,"Blue Springs, MO",rape,-0.07847115391076953,-0.08299757610342051,0.04037202016116982
1,MO0480600,"Independence, MO",rape,-0.04387138027246358,-0.0635183844171738,0.03740702986163266
2,MO0480600,"Independence, MO",rape,-0.036816055652062446,-0.0488878428354291,0.03729026028143088
3,MO0480600,"Independence, MO",rape,-0.03844243170372693,-0.018460848352327,0.037486693962074734
4,MO0480600,"Independence, MO",rape,9.843442890189009e-4,0.010157425254356346,0.0372638886300386
5,MO0480600,"Independence, MO",rape,0.04975363918948855,0.036777726750014776,0.037486693962074734
6,MO0480600,"Independence, MO",rape,0.0540459096652648,0.06465397454762353,0.03729026028143088
7,MO0480600,"Independence, MO",rape,0.04279756554542923,0.07541706181776198,0.037407029861632655
8,MO0480600,"Independence, MO",rape,0.06016748517053278,0.05144100311726988,0.03729026028143088
9,MO0480600,"Independence, MO",rape,0.06286767594923165,0.009115331233579627,0.03748669396207474
10,MO0480600,"Independence, MO",rape,8.947043801548035e-5,-0.022056102654944506,0.0372638886300386
11,MO0480600,"Independence, MO",rape,-0.07310506870795891,-0.03933088703185558,0.037486693962074734
12,MO0480600,"Independence, MO",rape,-0.07847115391076953,-0.05530845742887614,0.03729026028143088
1,MO0490700,"Joplin, MO",rape,-0.04387138027246358,-0.044716869555642566,0.03891875941494399
2,MO0490700,"Joplin, MO",rape,-0.036816055652062446,-0.036583559370912386,0.0389541860516348
3,MO0490700,"Joplin, MO",rape,-0.03844243170372693,-0.04903267156094304,0.03891382928424408
4,MO0490700,"Joplin, MO",rape,9.843442890189009e-4,-0.011152101563459955,0.03895103117293881
5,MO0490700,"Joplin, MO",rape,0.04975363918948855,0.057330935794981164,0.03891382928424408
6,MO0490700,"Joplin, MO",rape,0.0540459096652648,0.07926678017841016,0.0389541860516348
7,MO0490700,"Joplin, MO",rape,0.04279756554542923,0.06112557329722563,0.038918759414943986
8,MO0490700,"Joplin, MO",rape,0.06016748517053278,0.06056192025292029,0.0389541860516348
9,MO0490700,"Joplin, MO",rape,0.06286767594923165,0.05660232870136792,0.03891382928424408
10,MO0490700,"Joplin, MO",rape,8.947043801548035e-5,-0.005256602178123075,0.03895103117293881
11,MO0490700,"Joplin, MO",rape,-0.07310506870795891,-0.08130929667698908,0.03891382928424408
12,MO0490700,"Joplin, MO",rape,-0.07847115391076953,-0.08683643731883504,0.038954186051634795
1,MO0500000,"Jefferson, MO",rape,-0.04387138027246358,-0.024883605069874155,0.04010545601547882
2,MO0500000,"Jefferson, MO",rape,-0.036816055652062446,-0.05615132955205405,0.04008886872198728
3,MO0500000,"Jefferson, MO",rape,-0.03844243170372693,-0.07307936010362945,0.04012949041241738
4,MO0500000,"Jefferson, MO",rape,9.843442890189009e-4,-0.0022433090442612767,0.040068770098773736
5,MO0500000,"Jefferson, MO",rape,0.04975363918948855,0.07222704238638716,0.04012949041241739
6,MO0500000,"Jefferson, MO",rape,0.0540459096652648,0.06549621077300614,0.04008886872198728
7,MO0500000,"Jefferson, MO",rape,0.04279756554542923,0.042189837526391945,0.04010545601547882
8,MO0500000,"Jefferson, MO",rape,0.06016748517053278,0.06709953870299455,0.04008886872198728
9,MO0500000,"Jefferson, MO",rape,0.06286767594923165,0.0667213367980522,0.04012949041241739
10,MO0500000,"Jefferson, MO",rape,8.947043801548035e-5,-0.015062923412256474,0.040068770098773736
11,MO0500000,"Jefferson, MO",rape,-0.07310506870795891,-0.08317525153732769,0.04012949041241738
12,MO0500000,"Jefferson, MO",rape,-0.07847115391076953,-0.05913818746742894,0.04008886872198728
1,MO0920100,"O'Fallon, MO",rape,-0.04387138027246358,-0.039390926719098635,0.04011023379513555
2,MO0920100,"O'Fallon, MO",rape,-0.036816055652062446,-0.035563921536585996,0.04012676965616138
3,MO0920100,"O'Fallon, MO",rape,-0.03844243170372693,-0.04360350717900329,0.04011606637220408
4,MO0920100,"O'Fallon, MO",rape,9.843442890189009e-4,-0.004424364242638949,0.040134507979451395
5,MO0920100,"O'Fallon, MO",rape,0.04975363918948855,0.05216151535881163,0.040116066372204086
6,MO0920100,"O'Fallon, MO",rape,0.0540459096652648,0.06279206885566942,0.04012676965616138
7,MO0920100,"O'Fallon, MO",rape,0.04279756554542923,0.04910750326820045,0.04011023379513554
8,MO0920100,"O'Fallon, MO",rape,0.06016748517053278,0.059417995067016074,0.04012676965616138
9,MO0920100,"O'Fallon, MO",rape,0.06286767594923165,0.057741004160331594,0.04011606637220409
10,MO0920100,"O'Fallon, MO",rape,8.947043801548035e-5,-0.00529221230646283,0.040134507979451395
11,MO0920100,"O'Fallon, MO",rape,-0.07310506870795891,-0.07601558888924173,0.04011606637220408
12,MO0920100,"O'Fallon, MO",rape,-0.07847115391076953,-0.07692956583699774,0.04012676965616138
1,MO0920300,"St Charles, MO",rape,-0.04387138027246358,-0.05365604970124649,0.04040683451030633
2,MO0920300,"St Charles, MO",rape,-0.036816055652062446,-0.030905992416148897,0.04045627759304058
3,MO0920300,"St Charles, MO",rape,-0.03844243170372693,-0.031824199077873656,0.04041898488889517
4,MO0920300,"St Charles, MO",rape,9.843442890189009e-4,0.00586159478966107,0.04047312874674495
5,MO0920300,"St Charles, MO",rape,0.04975363918948855,0.06417752432028741,0.04041898488889518
6,MO0920300,"St Charles, MO",rape,0.0540459096652648,0.07009935074761418,0.04045627759304058
7,MO0920300,"St Charles, MO",rape,0.04279756554542923,0.039665066698630104,0.04040683451030632
8,MO0920300,"St Charles, MO",rape,0.06016748517053278,0.04354910175214339,0.04045627759304058
9,MO0920300,"St Charles, MO",rape,0.06286767594923165,0.05845829141648457,0.04041898488889518
10,MO0920300,"St Charles, MO",rape,8.947043801548035e-5,0.00812938821295535,0.04047312874674495
11,MO0920300,"St Charles, MO",rape,-0.07310506870795891,-0.07682063365628192,0.04041898488889517
12,MO0920300,"St Charles, MO",rape,-0.07847115391076953,-0.09673344308622511,0.04045627759304058
1,MO0920400,"St Peters, MO",rape,-0.04387138027246358,-0.0479154863660667,0.04036157278633233
2,MO0920400,"St Peters, MO",rape,-0.036816055652062446,-0.03870045730089321,0.04038724851184718
3,MO0920400,"St Peters, MO",rape,-0.03844243170372693,-0.040604507429082594,0.04036810406274326
4,MO0920400,"St Peters, MO",rape,9.843442890189009e-4,-0.0014120896965149692,0.0403800024994604
5,MO0920400,"St Peters, MO",rape,0.04975363918948855,0.05030093662002724,0.04036810406274326
6,MO0920400,"St Peters, MO",rape,0.0540459096652648,0.0579351198687364,0.04038724851184718
7,MO0920400,"St Peters, MO",rape,0.04279756554542923,0.04686576459286657,0.04036157278633233
8,MO0920400,"St Peters, MO",rape,0.06016748517053278,0.06318610844733799,0.04038724851184718
9,MO0920400,"St Peters, MO",rape,0.06286767594923165,0.06613988034872754,0.040368104062743264
10,MO0920400,"St Peters, MO",rape,8.947043801548035e-5,0.0024618114697151266,0.0403800024994604
11,MO0920400,"St Peters, MO",rape,-0.07310506870795891,-0.07478658776647205,0.04036810406274326
12,MO0920400,"St Peters, MO",rape,-0.07847115391076953,-0.08347049278838137,0.04038724851184718
1,MO0950000,"St Louis, MO",rape,-0.04387138027246358,-0.03020764601965445,0.03683801284822496
2,MO0950000,"St Louis, MO",rape,-0.036816055652062446,-0.013903931414084816,0.03695009390895996
3,MO0950000,"St Louis, MO",rape,-0.03844243170372693,-0.01123948645135672,0.03692936952567746
4,MO0950000,"St Louis, MO",rape,9.843442890189009e-4,0.02010250037625716,0.036981639736212664
5,MO0950000,"St Louis, MO",rape,0.04975363918948855,0.05130393742289488,0.03692936952567747
6,MO0950000,"St Louis, MO",rape,0.0540459096652648,0.0450643121161787,0.03695009390895996
7,MO0950000,"St Louis, MO",rape,0.04279756554542923,0.0355944764805069,0.03683801284822495
8,MO0950000,"St Louis, MO",rape,0.06016748517053278,0.05240026124540207,0.036950093908959966
9,MO0950000,"St Louis, MO",rape,0.06286767594923165,0.04434898582182157,0.03692936952567747
10,MO0950000,"St Louis, MO",rape,8.947043801548035e-5,-0.025489330837109577,0.036981639736212664
11,MO0950000,"St Louis, MO",rape,-0.07310506870795891,-0.08980026725421214,0.03692936952567746
12,MO0950000,"St Louis, MO",rape,-0.07847115391076953,-0.07817381148664357,0.03695009390895996
1,MOKPD0000,"Kansas City, MO",rape,-0.04387138027246358,-0.08329570355724505,0.03203290830627578
2,MOKPD0000,"Kansas City, MO",rape,-0.036816055652062446,-0.06131408783887228,0.0320614830550735
3,MOKPD0000,"Kansas City, MO",rape,-0.03844243170372693,-0.04730926321504972,0.031992643863991414
4,MOKPD0000,"Kansas City, MO",rape,9.843442890189009e-4,-0.007284561261991471,0.031970951566629775
5,MOKPD0000,"Kansas City, MO",rape,0.04975363918948855,0.05510975830639645,0.03199264386399142
6,MOKPD0000,"Kansas City, MO",rape,0.0540459096652648,0.09032006816003796,0.0320614830550735
7,MOKPD0000,"Kansas City, MO",rape,0.04279756554542923,0.0858255934643507,0.03203290830627578
8,MOKPD0000,"Kansas City, MO",rape,0.06016748517053278,0.07473974089910496,0.0320614830550735
9,MOKPD0000,"Kansas City, MO",rape,0.06286767594923165,0.05820502636817678,0.03199264386399142
10,MOKPD0000,"Kansas City, MO",rape,8.947043801548035e-5,0.004754671354885856,0.031970951566629775
11,MOKPD0000,"Kansas City, MO",rape,-0.07310506870795891,-0.06853541136662916,0.031992643863991414
12,MOKPD0000,"Kansas City, MO",rape,-0.07847115391076953,-0.101215831313165,0.032061483055073496
1,MOSPD0000,"St Louis, MO",rape,-0.04387138027246358,-0.06826212308597623,0.03478572858124839
2,MOSPD0000,"St Louis, MO",rape,-0.036816055652062446,-0.0770689251756976,0.034835485110589974
3,MOSPD0000,"St Louis, MO",rape,-0.03844243170372693,-0.047362262422817644,0.03484864557811867
4,MOSPD0000,"St Louis, MO",rape,9.843442890189009e-4,0.01394183899049589,0.03483733059710807
5,MOSPD0000,"St Louis, MO",rape,0.04975363918948855,0.05067764155299906,0.034848645578118675
6,MOSPD0000,"St Louis, MO",rape,0.0540459096652648,0.039601156384406505,0.034835485110589974
7,MOSPD0000,"St Louis, MO",rape,0.04279756554542923,0.026389357557512517,0.034785728581248385
8,MOSPD0000,"St Louis, MO",rape,0.06016748517053278,0.043309492059026344,0.034835485110589974
9,MOSPD0000,"St Louis, MO",rape,0.06286767594923165,0.05547559483461012,0.034848645578118675
10,MOSPD0000,"St Louis, MO",rape,8.947043801548035e-5,0.02793092653796785,0.03483733059710807
11,MOSPD0000,"St Louis, MO",rape,-0.07310506870795891,-0.016918208436327832,0.03484864557811867
12,MOSPD0000,"St Louis, MO",rape,-0.07847115391076953,-0.04771448879619897,0.034835485110589974
1,MS0170100,"Southaven, MS",rape,-0.04387138027246358,-0.04008961318844497,0.040635156660360904
2,MS0170100,"Southaven, MS",rape,-0.036816055652062446,-0.033528172695351646,0.04073001554070056
3,MS0170100,"Southaven, MS",rape,-0.03844243170372693,-0.02672168193027842,0.0406868656984185
4,MS0170100,"Southaven, MS",rape,9.843442890189009e-4,0.014641257550617022,0.04069952662072418
5,MS0170100,"Southaven, MS",rape,0.04975363918948855,0.04511821464533341,0.0406868656984185
6,MS0170100,"Southaven, MS",rape,0.0540459096652648,0.03811603768593763,0.04073001554070056
7,MS0170100,"Southaven, MS",rape,0.04279756554542923,0.045571884980223416,0.040635156660360904
8,MS0170100,"Southaven, MS",rape,0.06016748517053278,0.08190819314720132,0.04073001554070056
9,MS0170100,"Southaven, MS",rape,0.06286767594923165,0.06961943059034971,0.040686865698418506
10,MS0170100,"Southaven, MS",rape,8.947043801548035e-5,-0.020123529342395433,0.04069952662072418
11,MS0170100,"Southaven, MS",rape,-0.07310506870795891,-0.09349823509718311,0.0406868656984185
12,MS0170100,"Southaven, MS",rape,-0.07847115391076953,-0.08101378634600893,0.04073001554070056
1,MT0070100,"Great Falls, MT",rape,-0.04387138027246358,-0.028552493780263446,0.03949291725568398
2,MT0070100,"Great Falls, MT",rape,-0.036816055652062446,-0.033927256676730244,0.039489535085726946
3,MT0070100,"Great Falls, MT",rape,-0.03844243170372693,-0.051482144855213886,0.039509958934483745
4,MT0070100,"Great Falls, MT",rape,9.843442890189009e-4,0.0019825554132712046,0.03947061623418928
5,MT0070100,"Great Falls, MT",rape,0.04975363918948855,0.07156248190061068,0.03950995893448375
6,MT0070100,"Great Falls, MT",rape,0.0540459096652648,0.06257802280445565,0.039489535085726946
7,MT0070100,"Great Falls, MT",rape,0.04279756554542923,0.022639551620812774,0.039492917255683976
8,MT0070100,"Great Falls, MT",rape,0.06016748517053278,0.04064856318238921,0.039489535085726946
9,MT0070100,"Great Falls, MT",rape,0.06286767594923165,0.06411639352032356,0.03950995893448375
10,MT0070100,"Great Falls, MT",rape,8.947043801548035e-5,0.003930386746179515,0.03947061623418928
11,MT0070100,"Great Falls, MT",rape,-0.07310506870795891,-0.07828378840626965,0.039509958934483745
12,MT0070100,"Great Falls, MT",rape,-0.07847115391076953,-0.07521227146956537,0.039489535085726946
1,MT0160100,"Bozeman, MT",rape,-0.04387138027246358,-0.020480898192327134,0.03902426309546973
2,MT0160100,"Bozeman, MT",rape,-0.036816055652062446,-0.016854664243990458,0.03896320200175587
3,MT0160100,"Bozeman, MT",rape,-0.03844243170372693,-0.032758912553680956,0.038950607257467074
4,MT0160100,"Bozeman, MT",rape,9.843442890189009e-4,-0.02088825951756709,0.03899577281782093
5,MT0160100,"Bozeman, MT",rape,0.04975363918948855,0.016107253959942724,0.03895060725746708
6,MT0160100,"Bozeman, MT",rape,0.0540459096652648,0.042309608020513034,0.03896320200175587
7,MT0160100,"Bozeman, MT",rape,0.04279756554542923,0.05468601982210125,0.039024263095469726
8,MT0160100,"Bozeman, MT",rape,0.06016748517053278,0.06340539825970497,0.03896320200175587
9,MT0160100,"Bozeman, MT",rape,0.06286767594923165,0.04510452493962139,0.03895060725746709
10,MT0160100,"Bozeman, MT",rape,8.947043801548035e-5,-0.013316862112207005,0.03899577281782093
11,MT0160100,"Bozeman, MT",rape,-0.07310506870795891,-0.06265798797565725,0.038950607257467074
12,MT0160100,"Bozeman, MT",rape,-0.07847115391076953,-0.05465522040645346,0.03896320200175587
1,MT0320100,"Missoula, MT",rape,-0.04387138027246358,-0.04336786666949749,0.03836162173849473
2,MT0320100,"Missoula, MT",rape,-0.036816055652062446,-0.037387956285707985,0.038329371567264715
3,MT0320100,"Missoula, MT",rape,-0.03844243170372693,-0.051446500571681174,0.03837648240265757
4,MT0320100,"Missoula, MT",rape,9.843442890189009e-4,-0.03286256188704592,0.03839162836320819
5,MT0320100,"Missoula, MT",rape,0.04975363918948855,0.03017882822383829,0.03837648240265758
6,MT0320100,"Missoula, MT",rape,0.0540459096652648,0.07937462091550913,0.038329371567264715
7,MT0320100,"Missoula, MT",rape,0.04279756554542923,0.07915289630261736,0.03836162173849472
8,MT0320100,"Missoula, MT",rape,0.06016748517053278,0.0578859946707443,0.038329371567264715
9,MT0320100,"Missoula, MT",rape,0.06286767594923165,0.036159509323597634,0.038376482402657584
10,MT0320100,"Missoula, MT",rape,8.947043801548035e-5,-0.0029224677460739394,0.03839162836320819
11,MT0320100,"Missoula, MT",rape,-0.07310506870795891,-0.05067686660887463,0.03837648240265758
12,MT0320100,"Missoula, MT",rape,-0.07847115391076953,-0.06408762966742558,0.038329371567264715
1,MT0560100,"Billings, MT",rape,-0.04387138027246358,-0.02804535215465585,0.03750143894222957
2,MT0560100,"Billings, MT",rape,-0.036816055652062446,-0.027905552472707387,0.03757785919402865
3,MT0560100,"Billings, MT",rape,-0.03844243170372693,-0.04254418231613147,0.037548902559223
4,MT0560100,"Billings, MT",rape,9.843442890189009e-4,-0.0016154564812526431,0.037557669251837386
5,MT0560100,"Billings, MT",rape,0.04975363918948855,0.061101572799580325,0.037548902559223
6,MT0560100,"Billings, MT",rape,0.0540459096652648,0.06637364100964252,0.03757785919402865
7,MT0560100,"Billings, MT",rape,0.04279756554542923,0.03650059151564799,0.03750143894222957
8,MT0560100,"Billings, MT",rape,0.06016748517053278,0.03882033857301305,0.03757785919402866
9,MT0560100,"Billings, MT",rape,0.06286767594923165,0.04500372905544502,0.037548902559223
10,MT0560100,"Billings, MT",rape,8.947043801548035e-5,-0.0068397828797394635,0.037557669251837386
11,MT0560100,"Billings, MT",rape,-0.07310506870795891,-0.072016358899886,0.037548902559223
12,MT0560100,"Billings, MT",rape,-0.07847115391076953,-0.0688331877489561,0.03757785919402865
1,NB0280000,"Douglas, NE",rape,-0.04387138027246358,-0.046114404527257215,0.04031748114198812
2,NB0280000,"Douglas, NE",rape,-0.036816055652062446,-0.06139939466604692,0.04038569418844897
3,NB0280000,"Douglas, NE",rape,-0.03844243170372693,-0.0503972374801958,0.040320701048288665
4,NB0280000,"Douglas, NE",rape,9.843442890189009e-4,0.01864694422838067,0.04036598520551548
5,NB0280000,"Douglas, NE",rape,0.04975363918948855,0.06686241794440546,0.04032070104828867
6,NB0280000,"Douglas, NE",rape,0.0540459096652648,0.05049620393185884,0.04038569418844897
7,NB0280000,"Douglas, NE",rape,0.04279756554542923,0.040301061040088876,0.04031748114198811
8,NB0280000,"Douglas, NE",rape,0.06016748517053278,0.07197028346202063,0.04038569418844897
9,NB0280000,"Douglas, NE",rape,0.06286767594923165,0.06678146976333788,0.04032070104828867
10,NB0280000,"Douglas, NE",rape,8.947043801548035e-5,-0.012833600741212304,0.04036598520551548
11,NB0280000,"Douglas, NE",rape,-0.07310506870795891,-0.0774333067403792,0.040320701048288665
12,NB0280000,"Douglas, NE",rape,-0.07847115391076953,-0.06688043621500092,0.04038569418844897
1,NB0280200,"Omaha, NE",rape,-0.04387138027246358,-0.02824792964088775,0.03308474580007679
2,NB0280200,"Omaha, NE",rape,-0.036816055652062446,-0.03333981225525758,0.033192521454207265
3,NB0280200,"Omaha, NE",rape,-0.03844243170372693,-0.055641084822600856,0.033162562839581834
4,NB0280200,"Omaha, NE",rape,9.843442890189009e-4,-0.01781785908870981,0.03321082621096934
5,NB0280200,"Omaha, NE",rape,0.04975363918948855,0.054224831287665434,0.03316256283958184
6,NB0280200,"Omaha, NE",rape,0.0540459096652648,0.07546783104634942,0.033192521454207265
7,NB0280200,"Omaha, NE",rape,0.04279756554542923,0.05268700845916419,0.03308474580007679
8,NB0280200,"Omaha, NE",rape,0.06016748517053278,0.04875651740194377,0.033192521454207265
9,NB0280200,"Omaha, NE",rape,0.06286767594923165,0.04661871115101063,0.03316256283958184
10,NB0280200,"Omaha, NE",rape,8.947043801548035e-5,-0.006621219729566603,0.03321082621096934
11,NB0280200,"Omaha, NE",rape,-0.07310506870795891,-0.06964153643435163,0.033162562839581834
12,NB0280200,"Omaha, NE",rape,-0.07847115391076953,-0.06644545737475921,0.033192521454207265
1,NB0400100,"Grand Island, NE",rape,-0.04387138027246358,-0.05959819969713513,0.039464223461982396
2,NB0400100,"Grand Island, NE",rape,-0.036816055652062446,-0.049709096784025054,0.03948222222493975
3,NB0400100,"Grand Island, NE",rape,-0.03844243170372693,-0.03485687452808731,0.03948411414054847
4,NB0400100,"Grand Island, NE",rape,9.843442890189009e-4,0.005331931903351634,0.03947052011736161
5,NB0400100,"Grand Island, NE",rape,0.04975363918948855,0.04548953231968558,0.039484114140548476
6,NB0400100,"Grand Island, NE",rape,0.0540459096652648,0.05390246111118408,0.03948222222493975
7,NB0400100,"Grand Island, NE",rape,0.04279756554542923,0.04987462492915244,0.03946422346198239
8,NB0400100,"Grand Island, NE",rape,0.06016748517053278,0.05899762361469209,0.03948222222493975
9,NB0400100,"Grand Island, NE",rape,0.06286767594923165,0.05386897612673706,0.039484114140548476
10,NB0400100,"Grand Island, NE",rape,8.947043801548035e-5,0.004391642864631079,0.03947052011736161
11,NB0400100,"Grand Island, NE",rape,-0.07310506870795891,-0.05477805915035264,0.03948411414054847
12,NB0400100,"Grand Island, NE",rape,-0.07847115391076953,-0.07291456270983382,0.03948222222493975
1,NB0550100,"Lincoln, NE",rape,-0.04387138027246358,-0.038027131282806645,0.033741668748561875
2,NB0550100,"Lincoln, NE",rape,-0.036816055652062446,-0.034833134148877974,0.03381904740966458
3,NB0550100,"Lincoln, NE",rape,-0.03844243170372693,-0.028419736448196363,0.03379644620268223
4,NB0550100,"Lincoln, NE",rape,9.843442890189009e-4,-0.006832579898631126,0.0338383575868595
5,NB0550100,"Lincoln, NE",rape,0.04975363918948855,0.016128407230243516,0.03379644620268224
6,NB0550100,"Lincoln, NE",rape,0.0540459096652648,0.035421772741567104,0.03381904740966458
7,NB0550100,"Lincoln, NE",rape,0.04279756554542923,0.06046460531756971,0.033741668748561875
8,NB0550100,"Lincoln, NE",rape,0.06016748517053278,0.0752230869381038,0.03381904740966458
9,NB0550100,"Lincoln, NE",rape,0.06286767594923165,0.04637221520265915,0.03379644620268224
10,NB0550100,"Lincoln, NE",rape,8.947043801548035e-5,-0.01560489413613192,0.0338383575868595
11,NB0550100,"Lincoln, NE",rape,-0.07310506870795891,-0.05651836001946935,0.03379644620268223
12,NB0550100,"Lincoln, NE",rape,-0.07847115391076953,-0.05337425149602988,0.03381904740966458
1,NB0770000,"Sarpy, NE",rape,-0.04387138027246358,-0.04687522878370681,0.040568777598978555
2,NB0770000,"Sarpy, NE",rape,-0.036816055652062446,-0.036591474465322404,0.04058423236355349
3,NB0770000,"Sarpy, NE",rape,-0.03844243170372693,-0.033438857324881124,0.040582983383671105
4,NB0770000,"Sarpy, NE",rape,9.843442890189009e-4,3.080515186634645e-5,0.0405359910533328
5,NB0770000,"Sarpy, NE",rape,0.04975363918948855,0.04740381350116555,0.040582983383671105
6,NB0770000,"Sarpy, NE",rape,0.0540459096652648,0.058294730372224886,0.04058423236355349
7,NB0770000,"Sarpy, NE",rape,0.04279756554542923,0.04025506693945044,0.040568777598978555
8,NB0770000,"Sarpy, NE",rape,0.06016748517053278,0.03823356188410976,0.04058423236355349
9,NB0770000,"Sarpy, NE",rape,0.06286767594923165,0.04170110658792486,0.04058298338367111
10,NB0770000,"Sarpy, NE",rape,8.947043801548035e-5,0.006589356692390049,0.0405359910533328
11,NB0770000,"Sarpy, NE",rape,-0.07310506870795891,-0.04904590091995291,0.040582983383671105
12,NB0770000,"Sarpy, NE",rape,-0.07847115391076953,-0.06655697963526863,0.040584232363553484
1,NB0770100,"Bellevue, NE",rape,-0.04387138027246358,-0.023026308142454058,0.03912281691117999
2,NB0770100,"Bellevue, NE",rape,-0.036816055652062446,-0.03828885139680294,0.03919307505636085
3,NB0770100,"Bellevue, NE",rape,-0.03844243170372693,-0.07203906826844025,0.039204302437137475
4,NB0770100,"Bellevue, NE",rape,9.843442890189009e-4,-0.02701460122550231,0.03919775272737225
5,NB0770100,"Bellevue, NE",rape,0.04975363918948855,0.0554713875686946,0.03920430243713748
6,NB0770100,"Bellevue, NE",rape,0.0540459096652648,0.06841888483294409,0.03919307505636085
7,NB0770100,"Bellevue, NE",rape,0.04279756554542923,0.03613167096994584,0.03912281691117999
8,NB0770100,"Bellevue, NE",rape,0.06016748517053278,0.047362142336385735,0.03919307505636085
9,NB0770100,"Bellevue, NE",rape,0.06286767594923165,0.0680069963805313,0.03920430243713748
10,NB0770100,"Bellevue, NE",rape,8.947043801548035e-5,0.013909238398010566,0.03919775272737225
11,NB0770100,"Bellevue, NE",rape,-0.07310506870795891,-0.0645446785082774,0.039204302437137475
12,NB0770100,"Bellevue, NE",rape,-0.07847115391076953,-0.06438681294503516,0.03919307505636085
1,NC0010100,"Burlington, NC",rape,-0.04387138027246358,-0.053374075656250075,0.03961170499205339
2,NC0010100,"Burlington, NC",rape,-0.036816055652062446,-0.03344624336062735,0.03966093591703315
3,NC0010100,"Burlington, NC",rape,-0.03844243170372693,-0.03337513525172839,0.039624797995647325
4,NC0010100,"Burlington, NC",rape,9.843442890189009e-4,0.0021297724437781243,0.039583107812768026
5,NC0010100,"Burlington, NC",rape,0.04975363918948855,0.04941074439513535,0.039624797995647325
6,NC0010100,"Burlington, NC",rape,0.0540459096652648,0.057795727632033764,0.03966093591703315
7,NC0010100,"Burlington, NC",rape,0.04279756554542923,0.05565407967683772,0.03961170499205338
8,NC0010100,"Burlington, NC",rape,0.06016748517053278,0.08072826869593291,0.03966093591703316
9,NC0010100,"Burlington, NC",rape,0.06286767594923165,0.07837715656644637,0.03962479799564733
10,NC0010100,"Burlington, NC",rape,8.947043801548035e-5,-0.004409776464365737,0.039583107812768026
11,NC0010100,"Burlington, NC",rape,-0.07310506870795891,-0.09669276973044094,0.039624797995647325
12,NC0010100,"Burlington, NC",rape,-0.07847115391076953,-0.10279774894675174,0.03966093591703315
1,NC0110000,"Buncombe, NC",rape,-0.04387138027246358,-0.032901307685028185,0.04071009502082649
2,NC0110000,"Buncombe, NC",rape,-0.036816055652062446,-0.032005550852492404,0.04071383665169315
3,NC0110000,"Buncombe, NC",rape,-0.03844243170372693,-0.044253926669336016,0.04071012470599794
4,NC0110000,"Buncombe, NC",rape,9.843442890189009e-4,-0.004428912413383456,0.04072364053925735
5,NC0110000,"Buncombe, NC",rape,0.04975363918948855,0.05312206471689528,0.04071012470599795
6,NC0110000,"Buncombe, NC",rape,0.0540459096652648,0.06054487868590237,0.04071383665169315
7,NC0110000,"Buncombe, NC",rape,0.04279756554542923,0.044707694058911465,0.04071009502082648
8,NC0110000,"Buncombe, NC",rape,0.06016748517053278,0.057966022517289356,0.04071383665169315
9,NC0110000,"Buncombe, NC",rape,0.06286767594923165,0.05840801196024973,0.04071012470599795
10,NC0110000,"Buncombe, NC",rape,8.947043801548035e-5,-0.007377473960499788,0.04072364053925735
11,NC0110000,"Buncombe, NC",rape,-0.07310506870795891,-0.07908253638169226,0.04071012470599794
12,NC0110000,"Buncombe, NC",rape,-0.07847115391076953,-0.07469896397681611,0.04071383665169315
1,NC0110100,"Asheville, NC",rape,-0.04387138027246358,-0.05527054223558968,0.03847053558566444
2,NC0110100,"Asheville, NC",rape,-0.036816055652062446,-0.043311782605843875,0.038498212317766754
3,NC0110100,"Asheville, NC",rape,-0.03844243170372693,-0.04772568360266842,0.038478329312704715
4,NC0110100,"Asheville, NC",rape,9.843442890189009e-4,-0.013397698556322599,0.03848734368640874
5,NC0110100,"Asheville, NC",rape,0.04975363918948855,0.041766570765419286,0.03847832931270472
6,NC0110100,"Asheville, NC",rape,0.0540459096652648,0.060415546989038955,0.038498212317766754
7,NC0110100,"Asheville, NC",rape,0.04279756554542923,0.05699133392433328,0.038470535585664434
8,NC0110100,"Asheville, NC",rape,0.06016748517053278,0.07435194918170564,0.038498212317766754
9,NC0110100,"Asheville, NC",rape,0.06286767594923165,0.07704505848978663,0.03847832931270472
10,NC0110100,"Asheville, NC",rape,8.947043801548035e-5,0.011676906867579027,0.03848734368640874
11,NC0110100,"Asheville, NC",rape,-0.07310506870795891,-0.07280673734128107,0.038478329312704715
12,NC0110100,"Asheville, NC",rape,-0.07847115391076953,-0.08973492187615716,0.038498212317766754
1,NC0130100,"Concord, NC",rape,-0.04387138027246358,-0.039807405682402264,0.04096477170082318
2,NC0130100,"Concord, NC",rape,-0.036816055652062446,-0.03579681750449789,0.04097462826655388
3,NC0130100,"Concord, NC",rape,-0.03844243170372693,-0.035775972647171354,0.04097127130887163
4,NC0130100,"Concord, NC",rape,9.843442890189009e-4,0.008687237860756883,0.04097432993635486
5,NC0130100,"Concord, NC",rape,0.04975363918948855,0.056607200680915085,0.04097127130887163
6,NC0130100,"Concord, NC",rape,0.0540459096652648,0.053260475886907285,0.04097462826655388
7,NC0130100,"Concord, NC",rape,0.04279756554542923,0.03641252865548986,0.04096477170082318
8,NC0130100,"Concord, NC",rape,0.06016748517053278,0.053703688663422636,0.04097462826655388
9,NC0130100,"Concord, NC",rape,0.06286767594923165,0.05707772083300853,0.04097127130887164
10,NC0130100,"Concord, NC",rape,8.947043801548035e-5,-0.005292360833844453,0.04097432993635486
11,NC0130100,"Concord, NC",rape,-0.07310506870795891,-0.07451407183983984,0.04097127130887163
12,NC0130100,"Concord, NC",rape,-0.07847115391076953,-0.07456222407274447,0.04097462826655388
1,NC0130200,"Kannapolis, NC",rape,-0.04387138027246358,-0.0440427868267986,0.04071790497174748
2,NC0130200,"Kannapolis, NC",rape,-0.036816055652062446,-0.029284001713397508,0.04075719679639765
3,NC0130200,"Kannapolis, NC",rape,-0.03844243170372693,-0.0246233840187145,0.04074500348752254
4,NC0130200,"Kannapolis, NC",rape,9.843442890189009e-4,0.004542264613540722,0.04072401918957979
5,NC0130200,"Kannapolis, NC",rape,0.04975363918948855,0.03467019794977341,0.040745003487522545
6,NC0130200,"Kannapolis, NC",rape,0.0540459096652648,0.03660959302643126,0.04075719679639765
7,NC0130200,"Kannapolis, NC",rape,0.04279756554542923,0.04133403592476131,0.04071790497174747
8,NC0130200,"Kannapolis, NC",rape,0.06016748517053278,0.06964715518462886,0.04075719679639765
9,NC0130200,"Kannapolis, NC",rape,0.06286767594923165,0.06769528839198317,0.040745003487522545
10,NC0130200,"Kannapolis, NC",rape,8.947043801548035e-5,-0.0018335137115033967,0.04072401918957979
11,NC0130200,"Kannapolis, NC",rape,-0.07310506870795891,-0.07503335142100478,0.04074500348752254
12,NC0130200,"Kannapolis, NC",rape,-0.07847115391076953,-0.07968149739969994,0.04075719679639765
1,NC0320100,"Durham, NC",rape,-0.04387138027246358,-0.03965039398654162,0.03623182875926146
2,NC0320100,"Durham, NC",rape,-0.036816055652062446,-0.02302294775680375,0.0362913702839964
3,NC0320100,"Durham, NC",rape,-0.03844243170372693,-0.0280880373637275,0.03624477040048766
4,NC0320100,"Durham, NC",rape,9.843442890189009e-4,-0.002498841232022344,0.03624031238165387
5,NC0320100,"Durham, NC",rape,0.04975363918948855,0.045636891214308216,0.036244770400487666
6,NC0320100,"Durham, NC",rape,0.0540459096652648,0.05625422725507309,0.0362913702839964
7,NC0320100,"Durham, NC",rape,0.04279756554542923,0.03374394752892059,0.03623182875926145
8,NC0320100,"Durham, NC",rape,0.06016748517053278,0.03346657484357014,0.0362913702839964
9,NC0320100,"Durham, NC",rape,0.06286767594923165,0.04443811090811495,0.036244770400487666
10,NC0320100,"Durham, NC",rape,8.947043801548035e-5,0.0084052876896434,0.03624031238165387
11,NC0320100,"Durham, NC",rape,-0.07310506870795891,-0.05608051830107462,0.03624477040048766
12,NC0320100,"Durham, NC",rape,-0.07847115391076953,-0.07260430079946055,0.0362913702839964
1,NC0330100,"Rocky Mount, NC",rape,-0.04387138027246358,-0.036448878876950426,0.04064868424124645
2,NC0330100,"Rocky Mount, NC",rape,-0.036816055652062446,-0.04303270762573621,0.040656951295004073
3,NC0330100,"Rocky Mount, NC",rape,-0.03844243170372693,-0.0497300530748709,0.04065141736912896
4,NC0330100,"Rocky Mount, NC",rape,9.843442890189009e-4,-7.486531252371785e-4,0.040658142468253784
5,NC0330100,"Rocky Mount, NC",rape,0.04975363918948855,0.054022696463197566,0.040651417369128966
6,NC0330100,"Rocky Mount, NC",rape,0.0540459096652648,0.05443570330296013,0.040656951295004073
7,NC0330100,"Rocky Mount, NC",rape,0.04279756554542923,0.04319871906249153,0.040648684241246444
8,NC0330100,"Rocky Mount, NC",rape,0.06016748517053278,0.06632442511188298,0.040656951295004073
9,NC0330100,"Rocky Mount, NC",rape,0.06286767594923165,0.0662719303754766,0.04065141736912897
10,NC0330100,"Rocky Mount, NC",rape,8.947043801548035e-5,-0.006001187060303894,0.040658142468253784
11,NC0330100,"Rocky Mount, NC",rape,-0.07310506870795891,-0.07731441394934435,0.04065141736912896
12,NC0330100,"Rocky Mount, NC",rape,-0.07847115391076953,-0.07097758060356585,0.040656951295004073
1,NC0340000,"Forsyth, NC",rape,-0.04387138027246358,-0.04051826005860667,0.04049095093548042
2,NC0340000,"Forsyth, NC",rape,-0.036816055652062446,-0.030903735079577117,0.04055797197149103
3,NC0340000,"Forsyth, NC",rape,-0.03844243170372693,-0.03650058013838897,0.040538564985010454
4,NC0340000,"Forsyth, NC",rape,9.843442890189009e-4,-1.0644772169168155e-4,0.04052258494621492
5,NC0340000,"Forsyth, NC",rape,0.04975363918948855,0.05903737988030103,0.04053856498501046
6,NC0340000,"Forsyth, NC",rape,0.0540459096652648,0.07065677545199375,0.04055797197149103
7,NC0340000,"Forsyth, NC",rape,0.04279756554542923,0.04189866352462937,0.04049095093548041
8,NC0340000,"Forsyth, NC",rape,0.06016748517053278,0.034390080601308576,0.04055797197149103
9,NC0340000,"Forsyth, NC",rape,0.06286767594923165,0.038606522194097756,0.04053856498501046
10,NC0340000,"Forsyth, NC",rape,8.947043801548035e-5,-0.001273955744330991,0.04052258494621492
11,NC0340000,"Forsyth, NC",rape,-0.07310506870795891,-0.0625237254020325,0.040538564985010454
12,NC0340000,"Forsyth, NC",rape,-0.07847115391076953,-0.07276271750770255,0.04055797197149103
1,NC0360600,"Gastonia, NC",rape,-0.04387138027246358,-0.0318412644712876,0.039871899191159854
2,NC0360600,"Gastonia, NC",rape,-0.036816055652062446,-0.03379049370232489,0.03983729534076113
3,NC0360600,"Gastonia, NC",rape,-0.03844243170372693,-0.05783728157119406,0.039871623695820896
4,NC0360600,"Gastonia, NC",rape,9.843442890189009e-4,-0.006919119825419649,0.03982841543506165
5,NC0360600,"Gastonia, NC",rape,0.04975363918948855,0.07110320293016509,0.0398716236958209
6,NC0360600,"Gastonia, NC",rape,0.0540459096652648,0.074284793913758,0.03983729534076113
7,NC0360600,"Gastonia, NC",rape,0.04279756554542923,0.041891962372598686,0.03987189919115985
8,NC0360600,"Gastonia, NC",rape,0.06016748517053278,0.05996440500889828,0.03983729534076113
9,NC0360600,"Gastonia, NC",rape,0.06286767594923165,0.07396049497645642,0.0398716236958209
10,NC0360600,"Gastonia, NC",rape,8.947043801548035e-5,-0.0031315780758913976,0.03982841543506165
11,NC0360600,"Gastonia, NC",rape,-0.07310506870795891,-0.0972771142367385,0.039871623695820896
12,NC0360600,"Gastonia, NC",rape,-0.07847115391076953,-0.09040800731902039,0.03983729534076113
1,NC0410000,"Guilford, NC",rape,-0.04387138027246358,-0.05699930516851361,0.04046242913133448
2,NC0410000,"Guilford, NC",rape,-0.036816055652062446,-0.05748794451919006,0.04049444176658706
3,NC0410000,"Guilford, NC",rape,-0.03844243170372693,-0.041616882463385255,0.040465085889862494
4,NC0410000,"Guilford, NC",rape,9.843442890189009e-4,0.012258851888392642,0.04048446492084504
5,NC0410000,"Guilford, NC",rape,0.04975363918948855,0.05468302638311559,0.0404650858898625
6,NC0410000,"Guilford, NC",rape,0.0540459096652648,0.05062808356926563,0.04049444176658706
7,NC0410000,"Guilford, NC",rape,0.04279756554542923,0.04341177203639193,0.04046242913133447
8,NC0410000,"Guilford, NC",rape,0.06016748517053278,0.06360111308927867,0.04049444176658706
9,NC0410000,"Guilford, NC",rape,0.06286767594923165,0.06131758416559557,0.0404650858898625
10,NC0410000,"Guilford, NC",rape,8.947043801548035e-5,0.0013286812437290681,0.04048446492084504
11,NC0410000,"Guilford, NC",rape,-0.07310506870795891,-0.06079619495320422,0.0404650858898625
12,NC0410000,"Guilford, NC",rape,-0.07847115391076953,-0.07032878527147596,0.04049444176658706
1,NC0410300,"High Point, NC",rape,-0.04387138027246358,-0.06489621874928922,0.040119253973795274
2,NC0410300,"High Point, NC",rape,-0.036816055652062446,-0.03934824999699864,0.040127794316426796
3,NC0410300,"High Point, NC",rape,-0.03844243170372693,-0.032702035906226765,0.04008325525387065
4,NC0410300,"High Point, NC",rape,9.843442890189009e-4,0.0038303436797822365,0.040130327219849715
5,NC0410300,"High Point, NC",rape,0.04975363918948855,0.054774791699028665,0.04008325525387066
6,NC0410300,"High Point, NC",rape,0.0540459096652648,0.06185542608528405,0.040127794316426796
7,NC0410300,"High Point, NC",rape,0.04279756554542923,0.04286695257001619,0.04011925397379527
8,NC0410300,"High Point, NC",rape,0.06016748517053278,0.0555859467061063,0.0401277943164268
9,NC0410300,"High Point, NC",rape,0.06286767594923165,0.0709689987946075,0.04008325525387066
10,NC0410300,"High Point, NC",rape,8.947043801548035e-5,0.018198922499490826,0.040130327219849715
11,NC0410300,"High Point, NC",rape,-0.07310506870795891,-0.07101248840813634,0.04008325525387065
12,NC0410300,"High Point, NC",rape,-0.07847115391076953,-0.10012238897366478,0.040127794316426796
1,NC0490000,"Iredell, NC",rape,-0.04387138027246358,-0.04309239220933016,0.04108098262370937
2,NC0490000,"Iredell, NC",rape,-0.036816055652062446,-0.03557159285396349,0.04108695451751484
3,NC0490000,"Iredell, NC",rape,-0.03844243170372693,-0.045730872668521404,0.04107818726558962
4,NC0490000,"Iredell, NC",rape,9.843442890189009e-4,-0.010809539439794406,0.04107904148285442
5,NC0490000,"Iredell, NC",rape,0.04975363918948855,0.04380878670825535,0.04107818726558963
6,NC0490000,"Iredell, NC",rape,0.0540459096652648,0.05750644931456328,0.04108695451751484
7,NC0490000,"Iredell, NC",rape,0.04279756554542923,0.05305052102503702,0.041080982623709364
8,NC0490000,"Iredell, NC",rape,0.06016748517053278,0.07397275618343466,0.04108695451751484
9,NC0490000,"Iredell, NC",rape,0.06286767594923165,0.07417390718228575,0.04107818726558963
10,NC0490000,"Iredell, NC",rape,8.947043801548035e-5,8.514106240875786e-4,0.04107904148285442
11,NC0490000,"Iredell, NC",rape,-0.07310506870795891,-0.08220995003772655,0.04107818726558962
12,NC0490000,"Iredell, NC",rape,-0.07847115391076953,-0.08594948382832764,0.04108695451751484
1,NC0490100,"Mooresville, NC",rape,-0.04387138027246358,-0.03766197559674575,0.040584313278316575
2,NC0490100,"Mooresville, NC",rape,-0.036816055652062446,-0.029823030897194847,0.04060489046569769
3,NC0490100,"Mooresville, NC",rape,-0.03844243170372693,-0.04074966919208113,0.04060201995222582
4,NC0490100,"Mooresville, NC",rape,9.843442890189009e-4,8.588464176692834e-4,0.0406123246019997
5,NC0490100,"Mooresville, NC",rape,0.04975363918948855,0.06252612637287709,0.04060201995222582
6,NC0490100,"Mooresville, NC",rape,0.0540459096652648,0.06649536400500229,0.04060489046569769
7,NC0490100,"Mooresville, NC",rape,0.04279756554542923,0.039498175188933296,0.04058431327831657
8,NC0490100,"Mooresville, NC",rape,0.06016748517053278,0.04932944797380524,0.04060489046569769
9,NC0490100,"Mooresville, NC",rape,0.06286767594923165,0.05841988667650403,0.04060201995222582
10,NC0490100,"Mooresville, NC",rape,8.947043801548035e-5,-0.0026950460098567846,0.0406123246019997
11,NC0490100,"Mooresville, NC",rape,-0.07310506870795891,-0.08203254344948752,0.04060201995222582
12,NC0490100,"Mooresville, NC",rape,-0.07847115391076953,-0.08416558148942521,0.04060489046569769
1,NC0510000,"Johnston, NC",rape,-0.04387138027246358,-0.027446856628433772,0.04040459634330817
2,NC0510000,"Johnston, NC",rape,-0.036816055652062446,-0.03104194095119822,0.04039646428724259
3,NC0510000,"Johnston, NC",rape,-0.03844243170372693,-0.05886153821824393,0.04037762025135893
4,NC0510000,"Johnston, NC",rape,9.843442890189009e-4,-0.01934048676755249,0.040431268095923095
5,NC0510000,"Johnston, NC",rape,0.04975363918948855,0.058723371928130166,0.04037762025135894
6,NC0510000,"Johnston, NC",rape,0.0540459096652648,0.07940382521706635,0.04039646428724259
7,NC0510000,"Johnston, NC",rape,0.04279756554542923,0.054549406513128965,0.04040459634330816
8,NC0510000,"Johnston, NC",rape,0.06016748517053278,0.055908680227421945,0.04039646428724259
9,NC0510000,"Johnston, NC",rape,0.06286767594923165,0.056625727609772504,0.04037762025135894
10,NC0510000,"Johnston, NC",rape,8.947043801548035e-5,-0.007762063117142662,0.040431268095923095
11,NC0510000,"Johnston, NC",rape,-0.07310506870795891,-0.0835901112043539,0.04037762025135893
12,NC0510000,"Johnston, NC",rape,-0.07847115391076953,-0.07716801460859495,0.04039646428724259
1,NC0600100,"Charlotte, NC",rape,-0.04387138027246358,-0.042111058913011666,0.03373063935790855
2,NC0600100,"Charlotte, NC",rape,-0.036816055652062446,-0.014431172270940052,0.03392905040576397
3,NC0600100,"Charlotte, NC",rape,-0.03844243170372693,-0.041390784251320506,0.03378176342954474
4,NC0600100,"Charlotte, NC",rape,9.843442890189009e-4,-0.036643155163390714,0.03393673367626149
5,NC0600100,"Charlotte, NC",rape,0.04975363918948855,0.03376602688284435,0.033781763429544746
6,NC0600100,"Charlotte, NC",rape,0.0540459096652648,0.07713773434010067,0.03392905040576397
7,NC0600100,"Charlotte, NC",rape,0.04279756554542923,0.049287388404917504,0.03373063935790854
8,NC0600100,"Charlotte, NC",rape,0.06016748517053278,0.02888369195784911,0.03392905040576397
9,NC0600100,"Charlotte, NC",rape,0.06286767594923165,0.048666974446323744,0.033781763429544746
10,NC0600100,"Charlotte, NC",rape,8.947043801548035e-5,0.02946682567148491,0.03393673367626149
11,NC0600100,"Charlotte, NC",rape,-0.07310506870795891,-0.04821854656975341,0.03378176342954474
12,NC0600100,"Charlotte, NC",rape,-0.07847115391076953,-0.08441392453510392,0.03392905040576397
1,NC0600600,"Huntersville, NC",rape,-0.04387138027246358,-0.04327525046231949,0.04103360647345653
2,NC0600600,"Huntersville, NC",rape,-0.036816055652062446,-0.03314465022053971,0.041045500408796606
3,NC0600600,"Huntersville, NC",rape,-0.03844243170372693,-0.03791390583152958,0.04103660170770452
4,NC0600600,"Huntersville, NC",rape,9.843442890189009e-4,-6.576908390144344e-5,0.04104433288956158
5,NC0600600,"Huntersville, NC",rape,0.04975363918948855,0.052810176920529105,0.04103660170770452
6,NC0600600,"Huntersville, NC",rape,0.0540459096652648,0.05806662654659874,0.041045500408796606
7,NC0600600,"Huntersville, NC",rape,0.04279756554542923,0.04051407541610427,0.041033606473456524
8,NC0600600,"Huntersville, NC",rape,0.06016748517053278,0.05434561424502273,0.041045500408796606
9,NC0600600,"Huntersville, NC",rape,0.06286767594923165,0.061876044902227846,0.041036601707704526
10,NC0600600,"Huntersville, NC",rape,8.947043801548035e-5,0.00282694413011669,0.04104433288956158
11,NC0600600,"Huntersville, NC",rape,-0.07310506870795891,-0.07401114094501215,0.04103660170770452
12,NC0600600,"Huntersville, NC",rape,-0.07847115391076953,-0.08202876561729702,0.041045500408796606
1,NC0650000,"New Hanover, NC",rape,-0.04387138027246358,-0.04296678698683624,0.040310728433061105
2,NC0650000,"New Hanover, NC",rape,-0.036816055652062446,-0.03580683018520336,0.040339129632605865
3,NC0650000,"New Hanover, NC",rape,-0.03844243170372693,-0.04531184465658143,0.04032324236585099
4,NC0650000,"New Hanover, NC",rape,9.843442890189009e-4,-0.00877318464040271,0.040345362724384805
5,NC0650000,"New Hanover, NC",rape,0.04975363918948855,0.04837731627673379,0.04032324236585099
6,NC0650000,"New Hanover, NC",rape,0.0540459096652648,0.056765366474521003,0.040339129632605865
7,NC0650000,"New Hanover, NC",rape,0.04279756554542923,0.03778303316228041,0.0403107284330611
8,NC0650000,"New Hanover, NC",rape,0.06016748517053278,0.05247486386076374,0.040339129632605865
9,NC0650000,"New Hanover, NC",rape,0.06286767594923165,0.06716363215669767,0.04032324236585099
10,NC0650000,"New Hanover, NC",rape,8.947043801548035e-5,0.013956938464958572,0.040345362724384805
11,NC0650000,"New Hanover, NC",rape,-0.07310506870795891,-0.06504534995229419,0.04032324236585099
12,NC0650000,"New Hanover, NC",rape,-0.07847115391076953,-0.07861715397463727,0.040339129632605865
1,NC0650200,"Wilmington, NC",rape,-0.04387138027246358,-0.036877036422356485,0.038671254189326695
2,NC0650200,"Wilmington, NC",rape,-0.036816055652062446,-0.05224444613893061,0.03872688403963214
3,NC0650200,"Wilmington, NC",rape,-0.03844243170372693,-0.055789469190053,0.0387209903936277
4,NC0650200,"Wilmington, NC",rape,9.843442890189009e-4,9.851018420341967e-4,0.03876245331396836
5,NC0650200,"Wilmington, NC",rape,0.04975363918948855,0.04836326973369138,0.038720990393627704
6,NC0650200,"Wilmington, NC",rape,0.0540459096652648,0.03309448161299599,0.03872688403963214
7,NC0650200,"Wilmington, NC",rape,0.04279756554542923,0.025082210075139225,0.03867125418932669
8,NC0650200,"Wilmington, NC",rape,0.06016748517053278,0.07134615393102316,0.03872688403963214
9,NC0650200,"Wilmington, NC",rape,0.06286767594923165,0.08668600332936285,0.038720990393627704
10,NC0650200,"Wilmington, NC",rape,8.947043801548035e-5,0.010809724505183107,0.03876245331396836
11,NC0650200,"Wilmington, NC",rape,-0.07310506870795891,-0.06746497752578395,0.0387209903936277
12,NC0650200,"Wilmington, NC",rape,-0.07847115391076953,-0.06399101575230585,0.03872688403963214
1,NC0670000,"Onslow, NC",rape,-0.04387138027246358,-0.05234461974461112,0.040043713250464456
2,NC0670000,"Onslow, NC",rape,-0.036816055652062446,-0.038863691776002705,0.04006181672573926
3,NC0670000,"Onslow, NC",rape,-0.03844243170372693,-0.03093044922245105,0.0400489866294121
4,NC0670000,"Onslow, NC",rape,9.843442890189009e-4,0.010500190471232226,0.040065136145222634
5,NC0670000,"Onslow, NC",rape,0.04975363918948855,0.05336475968984349,0.04004898662941211
6,NC0670000,"Onslow, NC",rape,0.0540459096652648,0.053198729448548795,0.04006181672573926
7,NC0670000,"Onslow, NC",rape,0.04279756554542923,0.04272248174305959,0.040043713250464456
8,NC0670000,"Onslow, NC",rape,0.06016748517053278,0.06124406791185679,0.04006181672573927
9,NC0670000,"Onslow, NC",rape,0.06286767594923165,0.0629329633598567,0.04004898662941211
10,NC0670000,"Onslow, NC",rape,8.947043801548035e-5,-8.780524696806694e-4,0.040065136145222634
11,NC0670000,"Onslow, NC",rape,-0.07310506870795891,-0.0757451358256976,0.0400489866294121
12,NC0670000,"Onslow, NC",rape,-0.07847115391076953,-0.08520124358595445,0.04006181672573926
1,NC0680100,"Chapel Hill, NC",rape,-0.04387138027246358,-0.043401214349326755,0.04098408692542904
2,NC0680100,"Chapel Hill, NC",rape,-0.036816055652062446,-0.03432861455619491,0.04099654104036094
3,NC0680100,"Chapel Hill, NC",rape,-0.03844243170372693,-0.036801574706746686,0.04099723695377174
4,NC0680100,"Chapel Hill, NC",rape,9.843442890189009e-4,0.0026522549544777643,0.04098664707214737
5,NC0680100,"Chapel Hill, NC",rape,0.04975363918948855,0.0475151882633809,0.04099723695377174
6,NC0680100,"Chapel Hill, NC",rape,0.0540459096652648,0.04453579501698929,0.04099654104036094
7,NC0680100,"Chapel Hill, NC",rape,0.04279756554542923,0.03508257686810849,0.040984086925429035
8,NC0680100,"Chapel Hill, NC",rape,0.06016748517053278,0.06596379208136721,0.04099654104036094
9,NC0680100,"Chapel Hill, NC",rape,0.06286767594923165,0.07675538971313729,0.04099723695377174
10,NC0680100,"Chapel Hill, NC",rape,8.947043801548035e-5,0.005666382526740541,0.04098664707214737
11,NC0680100,"Chapel Hill, NC",rape,-0.07310506870795891,-0.07915036578855322,0.04099723695377174
12,NC0680100,"Chapel Hill, NC",rape,-0.07847115391076953,-0.08448961002337993,0.04099654104036094
1,NC0740300,"Greenville, NC",rape,-0.04387138027246358,-0.05757447482126031,0.04034690828424331
2,NC0740300,"Greenville, NC",rape,-0.036816055652062446,-0.028490156762496964,0.04036582345066189
3,NC0740300,"Greenville, NC",rape,-0.03844243170372693,-0.0239444768015345,0.04035683843644072
4,NC0740300,"Greenville, NC",rape,9.843442890189009e-4,-0.002142195423802146,0.04038508414662331
5,NC0740300,"Greenville, NC",rape,0.04975363918948855,0.031953154609027715,0.04035683843644073
6,NC0740300,"Greenville, NC",rape,0.0540459096652648,0.036915047020144344,0.04036582345066189
7,NC0740300,"Greenville, NC",rape,0.04279756554542923,0.030989059291699723,0.04034690828424331
8,NC0740300,"Greenville, NC",rape,0.06016748517053278,0.0577846972737294,0.04036582345066189
9,NC0740300,"Greenville, NC",rape,0.06286767594923165,0.07982443284232756,0.04035683843644073
10,NC0740300,"Greenville, NC",rape,8.947043801548035e-5,0.028727610953362768,0.04038508414662331
11,NC0740300,"Greenville, NC",rape,-0.07310506870795891,-0.061247695120260175,0.04035683843644072
12,NC0740300,"Greenville, NC",rape,-0.07847115391076953,-0.09279500306093741,0.04036582345066189
1,NC0920000,"Wake, NC",rape,-0.04387138027246358,-0.03284759079137295,0.0406199330982412
2,NC0920000,"Wake, NC",rape,-0.036816055652062446,-0.021897780652843174,0.040622746359024534
3,NC0920000,"Wake, NC",rape,-0.03844243170372693,-0.02613255872397107,0.040587611228592974
4,NC0920000,"Wake, NC",rape,9.843442890189009e-4,0.0052910777140276165,0.04058124969369981
5,NC0920000,"Wake, NC",rape,0.04975363918948855,0.04457778967575834,0.040587611228592974
6,NC0920000,"Wake, NC",rape,0.0540459096652648,0.04135617943396887,0.040622746359024534
7,NC0920000,"Wake, NC",rape,0.04279756554542923,0.027636141157182888,0.04061993309824119
8,NC0920000,"Wake, NC",rape,0.06016748517053278,0.04884602596227838,0.040622746359024534
9,NC0920000,"Wake, NC",rape,0.06286767594923165,0.058292253667596376,0.04058761122859298
10,NC0920000,"Wake, NC",rape,8.947043801548035e-5,-7.962807983751826e-5,0.04058124969369981
11,NC0920000,"Wake, NC",rape,-0.07310506870795891,-0.07152603498519355,0.040587611228592974
12,NC0920000,"Wake, NC",rape,-0.07847115391076953,-0.0735158743775942,0.040622746359024534
1,NC0920100,"Raleigh, NC",rape,-0.04387138027246358,-0.04115710539805909,0.03562938075908544
2,NC0920100,"Raleigh, NC",rape,-0.036816055652062446,-0.03393873447977988,0.03572120640881285
3,NC0920100,"Raleigh, NC",rape,-0.03844243170372693,-0.026341416493995327,0.035654771802733666
4,NC0920100,"Raleigh, NC",rape,9.843442890189009e-4,0.011324244618621294,0.03567487561660778
5,NC0920100,"Raleigh, NC",rape,0.04975363918948855,0.03561233948238876,0.03565477180273367
6,NC0920100,"Raleigh, NC",rape,0.0540459096652648,0.020619964679187832,0.03572120640881285
7,NC0920100,"Raleigh, NC",rape,0.04279756554542923,0.022775894305215164,0.035629380759085436
8,NC0920100,"Raleigh, NC",rape,0.06016748517053278,0.06762536698422592,0.03572120640881285
9,NC0920100,"Raleigh, NC",rape,0.06286767594923165,0.07840926009128533,0.03565477180273367
10,NC0920100,"Raleigh, NC",rape,8.947043801548035e-5,0.007056966474222678,0.03567487561660778
11,NC0920100,"Raleigh, NC",rape,-0.07310506870795891,-0.06929897198683484,0.035654771802733666
12,NC0920100,"Raleigh, NC",rape,-0.07847115391076953,-0.07268780827647786,0.03572120640881285
1,NC0920200,"Apex, NC",rape,-0.04387138027246358,-0.04427182028892522,0.040983546813191093
2,NC0920200,"Apex, NC",rape,-0.036816055652062446,-0.03721918690911169,0.04099847714989602
3,NC0920200,"Apex, NC",rape,-0.03844243170372693,-0.041053780070103844,0.04099100274487679
4,NC0920200,"Apex, NC",rape,9.843442890189009e-4,0.0029268451116219564,0.040994551546409165
5,NC0920200,"Apex, NC",rape,0.04975363918948855,0.05998577880175307,0.0409910027448768
6,NC0920200,"Apex, NC",rape,0.0540459096652648,0.061349005165683125,0.04099847714989602
7,NC0920200,"Apex, NC",rape,0.04279756554542923,0.03660110895795922,0.04098354681319109
8,NC0920200,"Apex, NC",rape,0.06016748517053278,0.04866606482539577,0.04099847714989602
9,NC0920200,"Apex, NC",rape,0.06286767594923165,0.060171369317353944,0.0409910027448768
10,NC0920200,"Apex, NC",rape,8.947043801548035e-5,0.004743866219344077,0.040994551546409165
11,NC0920200,"Apex, NC",rape,-0.07310506870795891,-0.07143265671803717,0.04099100274487679
12,NC0920200,"Apex, NC",rape,-0.07847115391076953,-0.08046659441293325,0.04099847714989602
1,NC0920300,"Cary, NC",rape,-0.04387138027246358,-0.048103133674960656,0.04063926699138897
2,NC0920300,"Cary, NC",rape,-0.036816055652062446,-0.034472865148041515,0.040642244433582
3,NC0920300,"Cary, NC",rape,-0.03844243170372693,-0.025677508215894627,0.04064108912939878
4,NC0920300,"Cary, NC",rape,9.843442890189009e-4,0.0113138653077409,0.04064275430443786
5,NC0920300,"Cary, NC",rape,0.04975363918948855,0.04949371114058868,0.04064108912939879
6,NC0920300,"Cary, NC",rape,0.0540459096652648,0.04983759820607105,0.040642244433582
7,NC0920300,"Cary, NC",rape,0.04279756554542923,0.03920099245268569,0.04063926699138897
8,NC0920300,"Cary, NC",rape,0.06016748517053278,0.052486545856211146,0.040642244433582
9,NC0920300,"Cary, NC",rape,0.06286767594923165,0.052593330146339254,0.04064108912939879
10,NC0920300,"Cary, NC",rape,8.947043801548035e-5,-0.002411724085465902,0.04064275430443786
11,NC0920300,"Cary, NC",rape,-0.07310506870795891,-0.06750739184875834,0.04064108912939878
12,NC0920300,"Cary, NC",rape,-0.07847115391076953,-0.07675342013651569,0.040642244433582
1,NC0920700,"Wake Forest, NC",rape,-0.04387138027246358,-0.03565051045075571,0.0411942427918579
2,NC0920700,"Wake Forest, NC",rape,-0.036816055652062446,-0.023588162996757315,0.04121141595350582
3,NC0920700,"Wake Forest, NC",rape,-0.03844243170372693,-0.037426950446105736,0.04119890943467105
4,NC0920700,"Wake Forest, NC",rape,9.843442890189009e-4,-0.0037894967003319255,0.04121428871786141
5,NC0920700,"Wake Forest, NC",rape,0.04975363918948855,0.05401977196892121,0.041198909434671055
6,NC0920700,"Wake Forest, NC",rape,0.0540459096652648,0.06095858405169731,0.04121141595350582
7,NC0920700,"Wake Forest, NC",rape,0.04279756554542923,0.03852412994536535,0.0411942427918579
8,NC0920700,"Wake Forest, NC",rape,0.06016748517053278,0.051228210429509,0.041211415953505824
9,NC0920700,"Wake Forest, NC",rape,0.06286767594923165,0.062193378384247815,0.041198909434671055
10,NC0920700,"Wake Forest, NC",rape,8.947043801548035e-5,9.15877205722321e-4,0.04121428871786141
11,NC0920700,"Wake Forest, NC",rape,-0.07310506870795891,-0.08165981940167291,0.04119890943467105
12,NC0920700,"Wake Forest, NC",rape,-0.07847115391076953,-0.08572501198983942,0.04121141595350582
1,ND0080100,"Bismarck, ND",rape,-0.04387138027246358,-0.0379238411658532,0.03927743352424814
2,ND0080100,"Bismarck, ND",rape,-0.036816055652062446,-0.0386591925201664,0.039498779759609276
3,ND0080100,"Bismarck, ND",rape,-0.03844243170372693,-0.048936456495606,0.03956150323334126
4,ND0080100,"Bismarck, ND",rape,9.843442890189009e-4,0.020605747546731133,0.039494339450936305
5,ND0080100,"Bismarck, ND",rape,0.04975363918948855,0.10953219291833369,0.03956150323334126
6,ND0080100,"Bismarck, ND",rape,0.0540459096652648,0.09749067348201959,0.039498779759609276
7,ND0080100,"Bismarck, ND",rape,0.04279756554542923,0.024504231214972198,0.03927743352424813
8,ND0080100,"Bismarck, ND",rape,0.06016748517053278,0.011565879446059368,0.03949877975960928
9,ND0080100,"Bismarck, ND",rape,0.06286767594923165,0.035262753372379996,0.03956150323334126
10,ND0080100,"Bismarck, ND",rape,8.947043801548035e-5,-0.007186137595850086,0.039494339450936305
11,ND0080100,"Bismarck, ND",rape,-0.07310506870795891,-0.08243887984422667,0.03956150323334126
12,ND0080100,"Bismarck, ND",rape,-0.07847115391076953,-0.08381697035879365,0.039498779759609276
1,ND0090200,"Fargo, ND",rape,-0.04387138027246358,-0.05139557547183623,0.03691702145668253
2,ND0090200,"Fargo, ND",rape,-0.036816055652062446,-0.03734731216143586,0.03710766000729977
3,ND0090200,"Fargo, ND",rape,-0.03844243170372693,-6.451796236316372e-4,0.037015761003004855
4,ND0090200,"Fargo, ND",rape,9.843442890189009e-4,0.036375468761782874,0.03711546845714632
5,ND0090200,"Fargo, ND",rape,0.04975363918948855,0.035114349233777695,0.03701576100300486
6,ND0090200,"Fargo, ND",rape,0.0540459096652648,0.025791103719133873,0.03710766000729977
7,ND0090200,"Fargo, ND",rape,0.04279756554542923,0.05547282258734122,0.036917021456682526
8,ND0090200,"Fargo, ND",rape,0.06016748517053278,0.08483221124822146,0.03710766000729978
9,ND0090200,"Fargo, ND",rape,0.06286767594923165,0.04405283159491228,0.03701576100300486
10,ND0090200,"Fargo, ND",rape,8.947043801548035e-5,-0.04045271587728785,0.03711546845714632
11,ND0090200,"Fargo, ND",rape,-0.07310506870795891,-0.08259924832056331,0.037015761003004855
12,ND0090200,"Fargo, ND",rape,-0.07847115391076953,-0.0691987556904145,0.03710766000729977
1,ND0180100,"Grand Forks, ND",rape,-0.04387138027246358,-0.03793944236670457,0.03973076040692078
2,ND0180100,"Grand Forks, ND",rape,-0.036816055652062446,-0.017705874488578934,0.0397853624941409
3,ND0180100,"Grand Forks, ND",rape,-0.03844243170372693,-0.03115038057078867,0.03973625659596339
4,ND0180100,"Grand Forks, ND",rape,9.843442890189009e-4,-0.012517062466821011,0.03977684543214188
5,ND0180100,"Grand Forks, ND",rape,0.04975363918948855,0.044332573717917344,0.039736256595963394
6,ND0180100,"Grand Forks, ND",rape,0.0540459096652648,0.06927786312724282,0.0397853624941409
7,ND0180100,"Grand Forks, ND",rape,0.04279756554542923,0.04806342660576316,0.03973076040692077
8,ND0180100,"Grand Forks, ND",rape,0.06016748517053278,0.03755587061876128,0.0397853624941409
9,ND0180100,"Grand Forks, ND",rape,0.06286767594923165,0.040876392461912464,0.039736256595963394
10,ND0180100,"Grand Forks, ND",rape,8.947043801548035e-5,0.0023930782277624524,0.03977684543214188
11,ND0180100,"Grand Forks, ND",rape,-0.07310506870795891,-0.0641825698480997,0.03973625659596339
12,ND0180100,"Grand Forks, ND",rape,-0.07847115391076953,-0.07900387501836663,0.0397853624941409
1,NH0063400,"Manchester, NH",rape,-0.04387138027246358,-0.03942206219090577,0.038462233422816655
2,NH0063400,"Manchester, NH",rape,-0.036816055652062446,-0.03876256812826305,0.038561539414342275
3,NH0063400,"Manchester, NH",rape,-0.03844243170372693,-0.017992102621756764,0.03845178590016784
4,NH0063400,"Manchester, NH",rape,9.843442890189009e-4,0.01504747878447142,0.038500598446515
5,NH0063400,"Manchester, NH",rape,0.04975363918948855,0.024168707537620293,0.03845178590016784
6,NH0063400,"Manchester, NH",rape,0.0540459096652648,0.020237570547684096,0.038561539414342275
7,NH0063400,"Manchester, NH",rape,0.04279756554542923,0.041803772440508945,0.03846223342281665
8,NH0063400,"Manchester, NH",rape,0.06016748517053278,0.06890688759091738,0.038561539414342275
9,NH0063400,"Manchester, NH",rape,0.06286767594923165,0.045754711834807955,0.03845178590016784
10,NH0063400,"Manchester, NH",rape,8.947043801548035e-5,-0.017429189034074578,0.038500598446515
11,NH0063400,"Manchester, NH",rape,-0.07310506870795891,-0.054313027000274655,0.03845178590016784
12,NH0063400,"Manchester, NH",rape,-0.07847115391076953,-0.04800017976073528,0.038561539414342275
1,NJ0041200,"Cherry Hill Township, NJ",rape,-0.04387138027246358,-0.04638487349348134,0.04117519358256753
2,NJ0041200,"Cherry Hill Township, NJ",rape,-0.036816055652062446,-0.03962453921794228,0.04117775744477866
3,NJ0041200,"Cherry Hill Township, NJ",rape,-0.03844243170372693,-0.037370777738561546,0.041177019400695125
4,NJ0041200,"Cherry Hill Township, NJ",rape,9.843442890189009e-4,8.564353906924137e-4,0.04117723378886463
5,NJ0041200,"Cherry Hill Township, NJ",rape,0.04975363918948855,0.045142617355538525,0.04117701940069513
6,NJ0041200,"Cherry Hill Township, NJ",rape,0.0540459096652648,0.051113398044003895,0.04117775744477866
7,NJ0041200,"Cherry Hill Township, NJ",rape,0.04279756554542923,0.04567592959299954,0.04117519358256752
8,NJ0041200,"Cherry Hill Township, NJ",rape,0.06016748517053278,0.06305459217891086,0.04117775744477866
9,NJ0041200,"Cherry Hill Township, NJ",rape,0.06286767594923165,0.06150977460001197,0.04117701940069513
10,NJ0041200,"Cherry Hill Township, NJ",rape,8.947043801548035e-5,-1.4749149021058445e-4,0.04117723378886463
11,NJ0041200,"Cherry Hill Township, NJ",rape,-0.07310506870795891,-0.06857267031650713,0.041177019400695125
12,NJ0041200,"Cherry Hill Township, NJ",rape,-0.07847115391076953,-0.07525239490545432,0.04117775744477866
1,NJ0070200,"Bloomfield, NJ",rape,-0.04387138027246358,-0.04236573416527514,0.04141737981874682
2,NJ0070200,"Bloomfield, NJ",rape,-0.036816055652062446,-0.036690225333599134,0.04141829672530873
3,NJ0070200,"Bloomfield, NJ",rape,-0.03844243170372693,-0.039250930591576944,0.04141764382054135
4,NJ0070200,"Bloomfield, NJ",rape,9.843442890189009e-4,2.8690520653423834e-4,0.041418264023883836
5,NJ0070200,"Bloomfield, NJ",rape,0.04975363918948855,0.04889173735647996,0.04141764382054135
6,NJ0070200,"Bloomfield, NJ",rape,0.0540459096652648,0.053045900040660565,0.04141829672530873
7,NJ0070200,"Bloomfield, NJ",rape,0.04279756554542923,0.04299716022197644,0.04141737981874681
8,NJ0070200,"Bloomfield, NJ",rape,0.06016748517053278,0.061700991937201875,0.04141829672530873
9,NJ0070200,"Bloomfield, NJ",rape,0.06286767594923165,0.06363027113847843,0.041417643820541354
10,NJ0070200,"Bloomfield, NJ",rape,8.947043801548035e-5,-9.183312632354927e-4,0.041418264023883836
11,NJ0070200,"Bloomfield, NJ",rape,-0.07310506870795891,-0.07390250396008273,0.04141764382054135
12,NJ0070200,"Bloomfield, NJ",rape,-0.07847115391076953,-0.07742524058756206,0.04141829672530873
1,NJ0090500,"Hoboken, NJ",rape,-0.04387138027246358,-0.04067424335323313,0.041259940358668215
2,NJ0090500,"Hoboken, NJ",rape,-0.036816055652062446,-0.03938644567545132,0.041265535321110706
3,NJ0090500,"Hoboken, NJ",rape,-0.03844243170372693,-0.04457784581258828,0.04126410693299974
4,NJ0090500,"Hoboken, NJ",rape,9.843442890189009e-4,-0.0030748320182081208,0.04126458649292316
5,NJ0090500,"Hoboken, NJ",rape,0.04975363918948855,0.05011028527324283,0.04126410693299974
6,NJ0090500,"Hoboken, NJ",rape,0.0540459096652648,0.056353395835911965,0.041265535321110706
7,NJ0090500,"Hoboken, NJ",rape,0.04279756554542923,0.0440478340265159,0.04125994035866821
8,NJ0090500,"Hoboken, NJ",rape,0.06016748517053278,0.05962924630415571,0.041265535321110706
9,NJ0090500,"Hoboken, NJ",rape,0.06286767594923165,0.061447055768009934,0.04126410693299974
10,NJ0090500,"Hoboken, NJ",rape,8.947043801548035e-5,-2.987586550746193e-4,0.04126458649292316
11,NJ0090500,"Hoboken, NJ",rape,-0.07310506870795891,-0.07035308590194723,0.04126410693299974
12,NJ0090500,"Hoboken, NJ",rape,-0.07847115391076953,-0.07322260579133363,0.0412655353211107
1,NJ0090600,"Jersey City, NJ",rape,-0.04387138027246358,-0.04449625193824605,0.03815011192171089
2,NJ0090600,"Jersey City, NJ",rape,-0.036816055652062446,-0.027825282760546743,0.038263962195739736
3,NJ0090600,"Jersey City, NJ",rape,-0.03844243170372693,-0.04485188986171841,0.03820751310925655
4,NJ0090600,"Jersey City, NJ",rape,9.843442890189009e-4,-0.02258002439902949,0.0382794052011939
5,NJ0090600,"Jersey City, NJ",rape,0.04975363918948855,0.03610863932194759,0.03820751310925655
6,NJ0090600,"Jersey City, NJ",rape,0.0540459096652648,0.05929371520154629,0.038263962195739736
7,NJ0090600,"Jersey City, NJ",rape,0.04279756554542923,0.048463566190518,0.03815011192171088
8,NJ0090600,"Jersey City, NJ",rape,0.06016748517053278,0.06126279021991797,0.038263962195739736
9,NJ0090600,"Jersey City, NJ",rape,0.06286767594923165,0.07432208306881773,0.038207513109256554
10,NJ0090600,"Jersey City, NJ",rape,8.947043801548035e-5,0.018612710146757576,0.0382794052011939
11,NJ0090600,"Jersey City, NJ",rape,-0.07310506870795891,-0.06954614678131883,0.03820751310925655
12,NJ0090600,"Jersey City, NJ",rape,-0.07847115391076953,-0.08876390840864562,0.038263962195739736
1,NJ0090800,"North Bergen Township, NJ",rape,-0.04387138027246358,-0.047830205138249204,0.04073822767731384
2,NJ0090800,"North Bergen Township, NJ",rape,-0.036816055652062446,-0.03690576395721454,0.04073893067128352
3,NJ0090800,"North Bergen Township, NJ",rape,-0.03844243170372693,-0.03701204090222165,0.040746856771712074
4,NJ0090800,"North Bergen Township, NJ",rape,9.843442890189009e-4,-0.004967529184841949,0.04073569217443826
5,NJ0090800,"North Bergen Township, NJ",rape,0.04975363918948855,0.04374669204108125,0.040746856771712074
6,NJ0090800,"North Bergen Township, NJ",rape,0.0540459096652648,0.05969688447512071,0.04073893067128352
7,NJ0090800,"North Bergen Township, NJ",rape,0.04279756554542923,0.05108490875212021,0.04073822767731384
8,NJ0090800,"North Bergen Township, NJ",rape,0.06016748517053278,0.05540783467085852,0.04073893067128352
9,NJ0090800,"North Bergen Township, NJ",rape,0.06286767594923165,0.05225940800199465,0.04074685677171208
10,NJ0090800,"North Bergen Township, NJ",rape,8.947043801548035e-5,0.0017128255709709683,0.04073569217443826
11,NJ0090800,"North Bergen Township, NJ",rape,-0.07310506870795891,-0.062248762754725254,0.040746856771712074
12,NJ0090800,"North Bergen Township, NJ",rape,-0.07847115391076953,-0.07494425157489372,0.04073893067128352
1,NJ0091200,"West New York, NJ",rape,-0.04387138027246358,-0.0414245536189721,0.04079517699990153
2,NJ0091200,"West New York, NJ",rape,-0.036816055652062446,-0.02030869446141115,0.04079161864039388
3,NJ0091200,"West New York, NJ",rape,-0.03844243170372693,-0.02068919716351055,0.040803327378563445
4,NJ0091200,"West New York, NJ",rape,9.843442890189009e-4,-0.0020510460181345676,0.040777619597113554
5,NJ0091200,"West New York, NJ",rape,0.04975363918948855,0.032244705582996774,0.04080332737856345
6,NJ0091200,"West New York, NJ",rape,0.0540459096652648,0.04788675670364555,0.04079161864039388
7,NJ0091200,"West New York, NJ",rape,0.04279756554542923,0.05088084403034354,0.04079517699990153
8,NJ0091200,"West New York, NJ",rape,0.06016748517053278,0.062085243756605124,0.04079161864039388
9,NJ0091200,"West New York, NJ",rape,0.06286767594923165,0.05300945604733311,0.04080332737856345
10,NJ0091200,"West New York, NJ",rape,8.947043801548035e-5,-0.007405244393236851,0.040777619597113554
11,NJ0091200,"West New York, NJ",rape,-0.07310506870795891,-0.07402125487819076,0.040803327378563445
12,NJ0091200,"West New York, NJ",rape,-0.07847115391076953,-0.08020701558746811,0.04079161864039388
1,NJ0160200,"Clifton, NJ",rape,-0.04387138027246358,-0.044798725533508395,0.04117552217242957
2,NJ0160200,"Clifton, NJ",rape,-0.036816055652062446,-0.04140413908302317,0.04117371765185583
3,NJ0160200,"Clifton, NJ",rape,-0.03844243170372693,-0.04062443454770541,0.04116884330549074
4,NJ0160200,"Clifton, NJ",rape,9.843442890189009e-4,-0.0016924122785960138,0.04117838258277252
5,NJ0160200,"Clifton, NJ",rape,0.04975363918948855,0.04484952659528088,0.04116884330549075
6,NJ0160200,"Clifton, NJ",rape,0.0540459096652648,0.05562512747916095,0.04117371765185583
7,NJ0160200,"Clifton, NJ",rape,0.04279756554542923,0.05441032546486634,0.04117552217242956
8,NJ0160200,"Clifton, NJ",rape,0.06016748517053278,0.06891791568453166,0.04117371765185583
9,NJ0160200,"Clifton, NJ",rape,0.06286767594923165,0.05852661121785599,0.04116884330549075
10,NJ0160200,"Clifton, NJ",rape,8.947043801548035e-5,-0.007919187652761905,0.04117838258277252
11,NJ0160200,"Clifton, NJ",rape,-0.07310506870795891,-0.0723633031967894,0.04116884330549074
12,NJ0160200,"Clifton, NJ",rape,-0.07847115391076953,-0.07352730414931154,0.04117371765185583
1,NJ0160800,"Paterson, NJ",rape,-0.04387138027246358,-0.039199296006663754,0.03888133692147443
2,NJ0160800,"Paterson, NJ",rape,-0.036816055652062446,-0.031293784946769106,0.03893628649608034
3,NJ0160800,"Paterson, NJ",rape,-0.03844243170372693,-0.03272739969363567,0.038901414234108464
4,NJ0160800,"Paterson, NJ",rape,9.843442890189009e-4,8.95353545633541e-5,0.038943835803432816
5,NJ0160800,"Paterson, NJ",rape,0.04975363918948855,0.03949352848665247,0.03890141423410847
6,NJ0160800,"Paterson, NJ",rape,0.0540459096652648,0.05159373794002721,0.03893628649608034
7,NJ0160800,"Paterson, NJ",rape,0.04279756554542923,0.0631313640318761,0.03888133692147442
8,NJ0160800,"Paterson, NJ",rape,0.06016748517053278,0.08558773793029076,0.03893628649608034
9,NJ0160800,"Paterson, NJ",rape,0.06286767594923165,0.06308928465194502,0.03890141423410848
10,NJ0160800,"Paterson, NJ",rape,8.947043801548035e-5,-0.024021603379775665,0.038943835803432816
11,NJ0160800,"Paterson, NJ",rape,-0.07310506870795891,-0.09378748147017414,0.03890141423410847
12,NJ0160800,"Paterson, NJ",rape,-0.07847115391076953,-0.08195562289833656,0.03893628649608034
1,NJ0161400,"Wayne Township, NJ",rape,-0.04387138027246358,-0.04691468438333846,0.04138961434543656
2,NJ0161400,"Wayne Township, NJ",rape,-0.036816055652062446,-0.0397900376925354,0.041390654318004635
3,NJ0161400,"Wayne Township, NJ",rape,-0.03844243170372693,-0.03657813971612408,0.041388658483115605
4,NJ0161400,"Wayne Township, NJ",rape,9.843442890189009e-4,0.005121059775027406,0.041391574126162706
5,NJ0161400,"Wayne Township, NJ",rape,0.04975363918948855,0.05027737312505046,0.04138865848311561
6,NJ0161400,"Wayne Township, NJ",rape,0.0540459096652648,0.05121497697586827,0.041390654318004635
7,NJ0161400,"Wayne Township, NJ",rape,0.04279756554542923,0.041284721450952945,0.04138961434543655
8,NJ0161400,"Wayne Township, NJ",rape,0.06016748517053278,0.060784345617229577,0.041390654318004635
9,NJ0161400,"Wayne Township, NJ",rape,0.06286767594923165,0.0632024105732038,0.04138865848311561
10,NJ0161400,"Wayne Township, NJ",rape,8.947043801548035e-5,5.089031573581415e-4,0.041391574126162706
11,NJ0161400,"Wayne Township, NJ",rape,-0.07310506870795891,-0.07127168104974467,0.041388658483115605
12,NJ0161400,"Wayne Township, NJ",rape,-0.07847115391076953,-0.07783924783294802,0.041390654318004635
1,NJ0200400,"Elizabeth, NJ",rape,-0.04387138027246358,-0.05536020938427932,0.03927001838083602
2,NJ0200400,"Elizabeth, NJ",rape,-0.036816055652062446,-0.053772740024580226,0.03930108748164516
3,NJ0200400,"Elizabeth, NJ",rape,-0.03844243170372693,-0.04385417297545003,0.03926269875116475
4,NJ0200400,"Elizabeth, NJ",rape,9.843442890189009e-4,0.0030331417779368847,0.039277800098910284
5,NJ0200400,"Elizabeth, NJ",rape,0.04975363918948855,0.051733626356868234,0.039262698751164754
6,NJ0200400,"Elizabeth, NJ",rape,0.0540459096652648,0.06500077751793011,0.03930108748164516
7,NJ0200400,"Elizabeth, NJ",rape,0.04279756554542923,0.06532319943642478,0.03927001838083601
8,NJ0200400,"Elizabeth, NJ",rape,0.06016748517053278,0.07316503969241764,0.03930108748164517
9,NJ0200400,"Elizabeth, NJ",rape,0.06286767594923165,0.05328348259114199,0.039262698751164754
10,NJ0200400,"Elizabeth, NJ",rape,8.947043801548035e-5,-0.01299613183008233,0.039277800098910284
11,NJ0200400,"Elizabeth, NJ",rape,-0.07310506870795891,-0.07112592602470566,0.03926269875116475
12,NJ0200400,"Elizabeth, NJ",rape,-0.07847115391076953,-0.07443008713362208,0.03930108748164516
1,NJNPD0000,"Newark, NJ",rape,-0.04387138027246358,-0.034844736678476124,0.03689110121810586
2,NJNPD0000,"Newark, NJ",rape,-0.036816055652062446,-0.054263423459241955,0.03692780143408196
3,NJNPD0000,"Newark, NJ",rape,-0.03844243170372693,-0.06708251477319481,0.03693313950397775
4,NJNPD0000,"Newark, NJ",rape,9.843442890189009e-4,-0.02197709709507713,0.03701352803478924
5,NJNPD0000,"Newark, NJ",rape,0.04975363918948855,0.03914787728461413,0.03693313950397776
6,NJNPD0000,"Newark, NJ",rape,0.0540459096652648,0.060842622546764535,0.03692780143408196
7,NJNPD0000,"Newark, NJ",rape,0.04279756554542923,0.06492247501243031,0.036891101218105855
8,NJNPD0000,"Newark, NJ",rape,0.06016748517053278,0.07835642348629315,0.03692780143408196
9,NJNPD0000,"Newark, NJ",rape,0.06286767594923165,0.06109777646629185,0.03693313950397776
10,NJNPD0000,"Newark, NJ",rape,8.947043801548035e-5,-0.00810064123887703,0.03701352803478924
11,NJNPD0000,"Newark, NJ",rape,-0.07310506870795891,-0.06324087731166535,0.03693313950397775
12,NJNPD0000,"Newark, NJ",rape,-0.07847115391076953,-0.05485788423986158,0.03692780143408196
1,NV0020300,"Henderson, NV",rape,-0.04387138027246358,-0.037172837691265996,0.03766183148006464
2,NV0020300,"Henderson, NV",rape,-0.036816055652062446,-0.0402759838962428,0.03768500172088696
3,NV0020300,"Henderson, NV",rape,-0.03844243170372693,-0.03090568521670447,0.037631456462896354
4,NV0020300,"Henderson, NV",rape,9.843442890189009e-4,0.022540660101937317,0.037660285007743544
5,NV0020300,"Henderson, NV",rape,0.04975363918948855,0.05242483188663326,0.03763145646289636
6,NV0020300,"Henderson, NV",rape,0.0540459096652648,0.025352041371843333,0.03768500172088696
7,NV0020300,"Henderson, NV",rape,0.04279756554542923,0.017734630357006075,0.037661831480064634
8,NV0020300,"Henderson, NV",rape,0.06016748517053278,0.06411590472968905,0.03768500172088696
9,NV0020300,"Henderson, NV",rape,0.06286767594923165,0.07418381338441069,0.03763145646289636
10,NV0020300,"Henderson, NV",rape,8.947043801548035e-5,-0.0031024527676773513,0.037660285007743544
11,NV0020300,"Henderson, NV",rape,-0.07310506870795891,-0.07626475272007954,0.037631456462896354
12,NV0020300,"Henderson, NV",rape,-0.07847115391076953,-0.06863016953954958,0.03768500172088696
1,NV0160000,"Washoe, NV",rape,-0.04387138027246358,-0.013793523483036854,0.039339491029938264
2,NV0160000,"Washoe, NV",rape,-0.036816055652062446,-0.045873967326253345,0.03943892996915988
3,NV0160000,"Washoe, NV",rape,-0.03844243170372693,-0.053965063580643825,0.03934089177493943
4,NV0160000,"Washoe, NV",rape,9.843442890189009e-4,0.006531676634236926,0.03929036843936122
5,NV0160000,"Washoe, NV",rape,0.04975363918948855,0.057879168569749666,0.03934089177493943
6,NV0160000,"Washoe, NV",rape,0.0540459096652648,0.04291200986865524,0.03943892996915988
7,NV0160000,"Washoe, NV",rape,0.04279756554542923,0.022869306391105067,0.03933949102993826
8,NV0160000,"Washoe, NV",rape,0.06016748517053278,0.043206400604214615,0.03943892996915988
9,NV0160000,"Washoe, NV",rape,0.06286767594923165,0.04222171395053692,0.039340891774939435
10,NV0160000,"Washoe, NV",rape,8.947043801548035e-5,-0.015607459542305104,0.03929036843936122
11,NV0160000,"Washoe, NV",rape,-0.07310506870795891,-0.055211601847710956,0.03934089177493943
12,NV0160000,"Washoe, NV",rape,-0.07847115391076953,-0.03116866023854836,0.03943892996915988
1,NV0160200,"Sparks, NV",rape,-0.04387138027246358,-0.016418675802090877,0.03797175111930627
2,NV0160200,"Sparks, NV",rape,-0.036816055652062446,-0.0246359158061548,0.03793734162962155
3,NV0160200,"Sparks, NV",rape,-0.03844243170372693,-0.03671287842804068,0.03797114776292096
4,NV0160200,"Sparks, NV",rape,9.843442890189009e-4,0.018407668788042397,0.03792005546126994
5,NV0160200,"Sparks, NV",rape,0.04975363918948855,0.06710705806313198,0.03797114776292096
6,NV0160200,"Sparks, NV",rape,0.0540459096652648,0.0381828716947714,0.03793734162962155
7,NV0160200,"Sparks, NV",rape,0.04279756554542923,0.010184218045721723,0.037971751119306264
8,NV0160200,"Sparks, NV",rape,0.06016748517053278,0.05104873934236417,0.03793734162962155
9,NV0160200,"Sparks, NV",rape,0.06286767594923165,0.06936015972061925,0.037971147762920966
10,NV0160200,"Sparks, NV",rape,8.947043801548035e-5,-0.012173211031673188,0.03792005546126994
11,NV0160200,"Sparks, NV",rape,-0.07310506870795891,-0.09351988159934137,0.03797114776292096
12,NV0160200,"Sparks, NV",rape,-0.07847115391076953,-0.07083015298735003,0.03793734162962155
1,NY0010100,"Albany, NY",rape,-0.04387138027246358,-0.05611914009943449,0.038779131263774906
2,NY0010100,"Albany, NY",rape,-0.036816055652062446,-0.036612046958844444,0.03882699822612313
3,NY0010100,"Albany, NY",rape,-0.03844243170372693,-0.023166382645905034,0.03884291438933358
4,NY0010100,"Albany, NY",rape,9.843442890189009e-4,0.015394866763973902,0.03884896645826156
5,NY0010100,"Albany, NY",rape,0.04975363918948855,0.05997542322428074,0.03884291438933358
6,NY0010100,"Albany, NY",rape,0.0540459096652648,0.06763814333859919,0.03882699822612313
7,NY0010100,"Albany, NY",rape,0.04279756554542923,0.050820877924575195,0.0387791312637749
8,NY0010100,"Albany, NY",rape,0.06016748517053278,0.046960917515452096,0.03882699822612313
9,NY0010100,"Albany, NY",rape,0.06286767594923165,0.038813515377372015,0.038842914389333585
10,NY0010100,"Albany, NY",rape,8.947043801548035e-5,-0.010096604589114577,0.03884896645826156
11,NY0010100,"Albany, NY",rape,-0.07310506870795891,-0.0703242937808884,0.03884291438933358
12,NY0010100,"Albany, NY",rape,-0.07847115391076953,-0.08328527607006617,0.03882699822612313
1,NY0290600,"Hempstead Village, NY",rape,-0.04387138027246358,-0.047939775527254896,0.041146024607275455
2,NY0290600,"Hempstead Village, NY",rape,-0.036816055652062446,-0.042417453954893984,0.04115694921954375
3,NY0290600,"Hempstead Village, NY",rape,-0.03844243170372693,-0.04551237370545151,0.04115470080729693
4,NY0290600,"Hempstead Village, NY",rape,9.843442890189009e-4,-0.006919648342371399,0.041147943712390334
5,NY0290600,"Hempstead Village, NY",rape,0.04975363918948855,0.04934408055698385,0.04115470080729693
6,NY0290600,"Hempstead Village, NY",rape,0.0540459096652648,0.06454821698912824,0.04115694921954375
7,NY0290600,"Hempstead Village, NY",rape,0.04279756554542923,0.052460651362152284,0.04114602460727545
8,NY0290600,"Hempstead Village, NY",rape,0.06016748517053278,0.05832025700307499,0.04115694921954375
9,NY0290600,"Hempstead Village, NY",rape,0.06286767594923165,0.05689430091873516,0.04115470080729694
10,NY0290600,"Hempstead Village, NY",rape,8.947043801548035e-5,0.0023987725074740406,0.041147943712390334
11,NY0290600,"Hempstead Village, NY",rape,-0.07310506870795891,-0.06524688360516488,0.04115470080729693
12,NY0290600,"Hempstead Village, NY",rape,-0.07847115391076953,-0.0759301442024119,0.04115694921954375
1,NY0303000,"New York City, NY",rape,-0.04387138027246358,-0.06259001609807727,0.02752315174149148
2,NY0303000,"New York City, NY",rape,-0.036816055652062446,-0.038181854133282234,0.027565338848396462
3,NY0303000,"New York City, NY",rape,-0.03844243170372693,-0.03568863054841982,0.02758444589109108
4,NY0303000,"New York City, NY",rape,9.843442890189009e-4,-0.01871629773340985,0.02760263469902437
5,NY0303000,"New York City, NY",rape,0.04975363918948855,0.025383842904483343,0.02758444589109108
6,NY0303000,"New York City, NY",rape,0.0540459096652648,0.05497489631319956,0.027565338848396462
7,NY0303000,"New York City, NY",rape,0.04279756554542923,0.054964486565050076,0.027523151741491475
8,NY0303000,"New York City, NY",rape,0.06016748517053278,0.05796683845207926,0.027565338848396462
9,NY0303000,"New York City, NY",rape,0.06286767594923165,0.06309914440024408,0.027584445891091082
10,NY0303000,"New York City, NY",rape,8.947043801548035e-5,0.02634182726643707,0.02760263469902437
11,NY0303000,"New York City, NY",rape,-0.07310506870795891,-0.045168827223280396,0.02758444589109108
12,NY0303000,"New York City, NY",rape,-0.07847115391076953,-0.0823854101650238,0.02756533884839646
1,NY0320200,"Utica, NY",rape,-0.04387138027246358,-0.043891282538068455,0.03966718793640459
2,NY0320200,"Utica, NY",rape,-0.036816055652062446,-0.05442600381800339,0.03973245071132462
3,NY0320200,"Utica, NY",rape,-0.03844243170372693,-0.05384201127897244,0.03973901462209059
4,NY0320200,"Utica, NY",rape,9.843442890189009e-4,-0.007252187609249292,0.03974968560900942
5,NY0320200,"Utica, NY",rape,0.04975363918948855,0.04177445127235161,0.03973901462209059
6,NY0320200,"Utica, NY",rape,0.0540459096652648,0.04783127238050951,0.03973245071132462
7,NY0320200,"Utica, NY",rape,0.04279756554542923,0.04335175823429825,0.039667187936404585
8,NY0320200,"Utica, NY",rape,0.06016748517053278,0.062003655322201555,0.03973245071132462
9,NY0320200,"Utica, NY",rape,0.06286767594923165,0.06195918708694083,0.0397390146220906
10,NY0320200,"Utica, NY",rape,8.947043801548035e-5,0.0077917119130195165,0.03974968560900942
11,NY0320200,"Utica, NY",rape,-0.07310506870795891,-0.0493521027765498,0.03973901462209059
12,NY0320200,"Utica, NY",rape,-0.07847115391076953,-0.0559484481884779,0.03973245071132462
1,NY0450000,"Saratoga, NY",rape,-0.04387138027246358,-0.04601626119307111,0.040437240962978176
2,NY0450000,"Saratoga, NY",rape,-0.036816055652062446,-0.03830463844711726,0.04043501396930468
3,NY0450000,"Saratoga, NY",rape,-0.03844243170372693,-0.04308181182756275,0.04043866001508661
4,NY0450000,"Saratoga, NY",rape,9.843442890189009e-4,-0.009813680299764099,0.04043771749117829
5,NY0450000,"Saratoga, NY",rape,0.04975363918948855,0.047724385074584486,0.04043866001508661
6,NY0450000,"Saratoga, NY",rape,0.0540459096652648,0.07196708840694706,0.04043501396930468
7,NY0450000,"Saratoga, NY",rape,0.04279756554542923,0.062391945931417496,0.04043724096297817
8,NY0450000,"Saratoga, NY",rape,0.06016748517053278,0.05771871046055718,0.04043501396930468
9,NY0450000,"Saratoga, NY",rape,0.06286767594923165,0.04612019910265632,0.040438660015086614
10,NY0450000,"Saratoga, NY",rape,8.947043801548035e-5,-0.00656200443858226,0.04043771749117829
11,NY0450000,"Saratoga, NY",rape,-0.07310506870795891,-0.06713845708802442,0.04043866001508661
12,NY0450000,"Saratoga, NY",rape,-0.07847115391076953,-0.07500547568204062,0.04043501396930468
1,NY0460100,"Schenectady, NY",rape,-0.04387138027246358,-0.050497009998264765,0.0394369151911821
2,NY0460100,"Schenectady, NY",rape,-0.036816055652062446,-0.02620962178555727,0.03947645750964302
3,NY0460100,"Schenectady, NY",rape,-0.03844243170372693,-0.0263437927794854,0.03946168436258112
4,NY0460100,"Schenectady, NY",rape,9.843442890189009e-4,-6.293110246429353e-4,0.03948288143499799
5,NY0460100,"Schenectady, NY",rape,0.04975363918948855,0.04749000980947509,0.03946168436258112
6,NY0460100,"Schenectady, NY",rape,0.0540459096652648,0.06441805445141663,0.03947645750964302
7,NY0460100,"Schenectady, NY",rape,0.04279756554542923,0.05138079655900191,0.039436915191182094
8,NY0460100,"Schenectady, NY",rape,0.06016748517053278,0.05225065263688276,0.03947645750964303
9,NY0460100,"Schenectady, NY",rape,0.06286767594923165,0.05150103707007379,0.03946168436258112
10,NY0460100,"Schenectady, NY",rape,8.947043801548035e-5,-2.5447553609418027e-4,0.03948288143499799
11,NY0460100,"Schenectady, NY",rape,-0.07310506870795891,-0.0735310406608006,0.03946168436258112
12,NY0460100,"Schenectady, NY",rape,-0.07847115391076953,-0.08957529874200501,0.03947645750964302
1,NY0590400,"New Rochelle, NY",rape,-0.04387138027246358,-0.044278834480550665,0.041171296760389865
2,NY0590400,"New Rochelle, NY",rape,-0.036816055652062446,-0.035116250002233444,0.041177220037792235
3,NY0590400,"New Rochelle, NY",rape,-0.03844243170372693,-0.03762857139411705,0.041176386433750205
4,NY0590400,"New Rochelle, NY",rape,9.843442890189009e-4,0.0032433776554162217,0.041170931408347836
5,NY0590400,"New Rochelle, NY",rape,0.04975363918948855,0.052210761574307624,0.041176386433750205
6,NY0590400,"New Rochelle, NY",rape,0.0540459096652648,0.05242666723242311,0.041177220037792235
7,NY0590400,"New Rochelle, NY",rape,0.04279756554542923,0.04029025412081223,0.04117129676038986
8,NY0590400,"New Rochelle, NY",rape,0.06016748517053278,0.06423952822204397,0.041177220037792235
9,NY0590400,"New Rochelle, NY",rape,0.06286767594923165,0.07074042997366606,0.04117638643375021
10,NY0590400,"New Rochelle, NY",rape,8.947043801548035e-5,7.452027043222467e-4,0.041170931408347836
11,NY0590400,"New Rochelle, NY",rape,-0.07310506870795891,-0.08133403979411817,0.041176386433750205
12,NY0590400,"New Rochelle, NY",rape,-0.07847115391076953,-0.08553852581197213,0.041177220037792235
1,OH0090200,"Hamilton, OH",rape,-0.04387138027246358,-0.04708247738543475,0.03955169846835249
2,OH0090200,"Hamilton, OH",rape,-0.036816055652062446,-0.042852610475226156,0.03962629493116375
3,OH0090200,"Hamilton, OH",rape,-0.03844243170372693,-0.06343609068081679,0.0395829892925865
4,OH0090200,"Hamilton, OH",rape,9.843442890189009e-4,-0.025686366181999053,0.03963228018812688
5,OH0090200,"Hamilton, OH",rape,0.04975363918948855,0.050123192445607305,0.03958298929258651
6,OH0090200,"Hamilton, OH",rape,0.0540459096652648,0.0731923349293722,0.03962629493116375
7,OH0090200,"Hamilton, OH",rape,0.04279756554542923,0.05261654198472608,0.039551698468352485
8,OH0090200,"Hamilton, OH",rape,0.06016748517053278,0.062370612745095304,0.03962629493116375
9,OH0090200,"Hamilton, OH",rape,0.06286767594923165,0.07742002835139465,0.03958298929258651
10,OH0090200,"Hamilton, OH",rape,8.947043801548035e-5,0.020152301582707765,0.03963228018812688
11,OH0090200,"Hamilton, OH",rape,-0.07310506870795891,-0.06964119471547647,0.0395829892925865
12,OH0090200,"Hamilton, OH",rape,-0.07847115391076953,-0.08717627259995007,0.03962629493116375
1,OH0091500,"West Chester Township, OH",rape,-0.04387138027246358,-0.03969935444345072,0.04047537020841399
2,OH0091500,"West Chester Township, OH",rape,-0.036816055652062446,-0.03135790603356929,0.04052193517361725
3,OH0091500,"West Chester Township, OH",rape,-0.03844243170372693,-0.04032569331082554,0.04051769089779965
4,OH0091500,"West Chester Township, OH",rape,9.843442890189009e-4,0.006208884849550518,0.040527400061931784
5,OH0091500,"West Chester Township, OH",rape,0.04975363918948855,0.07170931195093867,0.040517690897799656
6,OH0091500,"West Chester Township, OH",rape,0.0540459096652648,0.07041202968707788,0.04052193517361725
7,OH0091500,"West Chester Township, OH",rape,0.04279756554542923,0.03181430431416586,0.040475370208413984
8,OH0091500,"West Chester Township, OH",rape,0.06016748517053278,0.037357265593535235,0.040521935173617254
9,OH0091500,"West Chester Township, OH",rape,0.06286767594923165,0.05421010300007638,0.04051769089779966
10,OH0091500,"West Chester Township, OH",rape,8.947043801548035e-5,0.0016761652797343798,0.040527400061931784
11,OH0091500,"West Chester Township, OH",rape,-0.07310506870795891,-0.07770867151090464,0.04051769089779965
12,OH0091500,"West Chester Township, OH",rape,-0.07847115391076953,-0.08429643937632875,0.04052193517361725
1,OH0250300,"Dublin, OH",rape,-0.04387138027246358,-0.042390488288180234,0.04087987851075646
2,OH0250300,"Dublin, OH",rape,-0.036816055652062446,-0.04430188424305509,0.040899911611023736
3,OH0250300,"Dublin, OH",rape,-0.03844243170372693,-0.04805381010485213,0.040901712640069615
4,OH0250300,"Dublin, OH",rape,9.843442890189009e-4,-0.00531482422162116,0.04090590403120825
5,OH0250300,"Dublin, OH",rape,0.04975363918948855,0.04660744805112654,0.04090171264006962
6,OH0250300,"Dublin, OH",rape,0.0540459096652648,0.05222807430326832,0.040899911611023736
7,OH0250300,"Dublin, OH",rape,0.04279756554542923,0.04184876135396579,0.04087987851075646
8,OH0250300,"Dublin, OH",rape,0.06016748517053278,0.060021325031262354,0.040899911611023736
9,OH0250300,"Dublin, OH",rape,0.06286767594923165,0.06431497782727387,0.04090171264006962
10,OH0250300,"Dublin, OH",rape,8.947043801548035e-5,0.0058565511558356315,0.04090590403120825
11,OH0250300,"Dublin, OH",rape,-0.07310506870795891,-0.062326888839333836,0.040901712640069615
12,OH0250300,"Dublin, OH",rape,-0.07847115391076953,-0.06848924202569007,0.040899911611023736
1,OH0314200,"Colerain Township, OH",rape,-0.04387138027246358,-0.045931740922377035,0.04075508734352586
2,OH0314200,"Colerain Township, OH",rape,-0.036816055652062446,-0.030572983356233385,0.04074830565835566
3,OH0314200,"Colerain Township, OH",rape,-0.03844243170372693,-0.03613568303843591,0.04075620995343235
4,OH0314200,"Colerain Township, OH",rape,9.843442890189009e-4,-0.013141689512545367,0.040757157429025734
5,OH0314200,"Colerain Township, OH",rape,0.04975363918948855,0.036224982950991386,0.040756209953432355
6,OH0314200,"Colerain Township, OH",rape,0.0540459096652648,0.06080972679052358,0.04074830565835566
7,OH0314200,"Colerain Township, OH",rape,0.04279756554542923,0.05630996162582042,0.040755087343525856
8,OH0314200,"Colerain Township, OH",rape,0.06016748517053278,0.05805955101738638,0.04074830565835566
9,OH0314200,"Colerain Township, OH",rape,0.06286767594923165,0.05324402999614555,0.040756209953432355
10,OH0314200,"Colerain Township, OH",rape,8.947043801548035e-5,0.002763468809102005,0.040757157429025734
11,OH0314200,"Colerain Township, OH",rape,-0.07310506870795891,-0.0637115506121444,0.04075620995343235
12,OH0314200,"Colerain Township, OH",rape,-0.07847115391076953,-0.07791807374823322,0.04074830565835566
1,OH0314400,"Green Township, OH",rape,-0.04387138027246358,-0.04849403291701102,0.04086940903475768
2,OH0314400,"Green Township, OH",rape,-0.036816055652062446,-0.03237559067091693,0.04087551363003988
3,OH0314400,"Green Township, OH",rape,-0.03844243170372693,-0.032248888642313574,0.0408735611350153
4,OH0314400,"Green Township, OH",rape,9.843442890189009e-4,-0.0021642255402473747,0.04087376986488954
5,OH0314400,"Green Township, OH",rape,0.04975363918948855,0.04342162863203623,0.0408735611350153
6,OH0314400,"Green Township, OH",rape,0.0540459096652648,0.05537411716981266,0.04087551363003988
7,OH0314400,"Green Township, OH",rape,0.04279756554542923,0.04663165425010096,0.04086940903475767
8,OH0314400,"Green Township, OH",rape,0.06016748517053278,0.057138317548630586,0.04087551363003988
9,OH0314400,"Green Township, OH",rape,0.06286767594923165,0.05887399418693732,0.0408735611350153
10,OH0314400,"Green Township, OH",rape,8.947043801548035e-5,0.004026604207157461,0.04087376986488954
11,OH0314400,"Green Township, OH",rape,-0.07310506870795891,-0.06818435550974991,0.0408735611350153
12,OH0314400,"Green Township, OH",rape,-0.07847115391076953,-0.0819992227144364,0.04087551363003988
1,OH0470400,"Elyria, OH",rape,-0.04387138027246358,-0.02886508386255133,0.04019271754326892
2,OH0470400,"Elyria, OH",rape,-0.036816055652062446,-0.021479887317374668,0.040247956676178656
3,OH0470400,"Elyria, OH",rape,-0.03844243170372693,-0.025802623942415052,0.04026017170558892
4,OH0470400,"Elyria, OH",rape,9.843442890189009e-4,0.014375486593038993,0.040234033516146475
5,OH0470400,"Elyria, OH",rape,0.04975363918948855,0.0526076925030125,0.040260171705588925
6,OH0470400,"Elyria, OH",rape,0.0540459096652648,0.04069816883051393,0.040247956676178656
7,OH0470400,"Elyria, OH",rape,0.04279756554542923,0.03307657857291067,0.04019271754326891
8,OH0470400,"Elyria, OH",rape,0.06016748517053278,0.06819514289142693,0.040247956676178656
9,OH0470400,"Elyria, OH",rape,0.06286767594923165,0.06830638480610803,0.040260171705588925
10,OH0470400,"Elyria, OH",rape,8.947043801548035e-5,-0.0185869813033983,0.040234033516146475
11,OH0470400,"Elyria, OH",rape,-0.07310506870795891,-0.09932294807706478,0.04026017170558892
12,OH0470400,"Elyria, OH",rape,-0.07847115391076953,-0.08320192969420694,0.040247956676178656
1,OH0470500,"Lorain, OH",rape,-0.04387138027246358,-0.03762042328543792,0.04014907273084715
2,OH0470500,"Lorain, OH",rape,-0.036816055652062446,-0.03082411949980367,0.0401899610991558
3,OH0470500,"Lorain, OH",rape,-0.03844243170372693,-0.026534574256570968,0.040162132469553115
4,OH0470500,"Lorain, OH",rape,9.843442890189009e-4,0.012142903313227742,0.040184135116558065
5,OH0470500,"Lorain, OH",rape,0.04975363918948855,0.046959905463548855,0.04016213246955312
6,OH0470500,"Lorain, OH",rape,0.0540459096652648,0.04207773175661242,0.0401899610991558
7,OH0470500,"Lorain, OH",rape,0.04279756554542923,0.038062216313147,0.04014907273084714
8,OH0470500,"Lorain, OH",rape,0.06016748517053278,0.06233711861079631,0.0401899610991558
9,OH0470500,"Lorain, OH",rape,0.06286767594923165,0.05760578033985458,0.04016213246955312
10,OH0470500,"Lorain, OH",rape,8.947043801548035e-5,-0.012584696340936783,0.040184135116558065
11,OH0470500,"Lorain, OH",rape,-0.07310506870795891,-0.07847290457454152,0.040162132469553115
12,OH0470500,"Lorain, OH",rape,-0.07847115391076953,-0.07314893783989604,0.0401899610991558
1,OH0570200,"Dayton, OH",rape,-0.04387138027246358,-0.0018434263507955094,0.035909283263853474
2,OH0570200,"Dayton, OH",rape,-0.036816055652062446,-0.0282085044619908,0.03586270951279679
3,OH0570200,"Dayton, OH",rape,-0.03844243170372693,-0.05944923870792546,0.03595751273359881
4,OH0570200,"Dayton, OH",rape,9.843442890189009e-4,0.003958633795868993,0.035898594336398935
5,OH0570200,"Dayton, OH",rape,0.04975363918948855,0.07522613198441357,0.03595751273359881
6,OH0570200,"Dayton, OH",rape,0.0540459096652648,0.055760423985896077,0.03586270951279679
7,OH0570200,"Dayton, OH",rape,0.04279756554542923,0.024089987083966702,0.03590928326385347
8,OH0570200,"Dayton, OH",rape,0.06016748517053278,0.060054846180869474,0.0358627095127968
9,OH0570200,"Dayton, OH",rape,0.06286767594923165,0.069049019693633,0.03595751273359881
10,OH0570200,"Dayton, OH",rape,8.947043801548035e-5,-0.02620519452904013,0.035898594336398935
11,OH0570200,"Dayton, OH",rape,-0.07310506870795891,-0.10707247370329226,0.03595751273359881
12,OH0570200,"Dayton, OH",rape,-0.07847115391076953,-0.06536020497160368,0.03586270951279679
1,OH0760000,"Stark, OH",rape,-0.04387138027246358,-0.05969941404572283,0.03964582083815652
2,OH0760000,"Stark, OH",rape,-0.036816055652062446,-0.03379716714549098,0.03970592432049578
3,OH0760000,"Stark, OH",rape,-0.03844243170372693,-0.037268778103948304,0.03966599871011096
4,OH0760000,"Stark, OH",rape,9.843442890189009e-4,-0.011406059508012656,0.03970546138675227
5,OH0760000,"Stark, OH",rape,0.04975363918948855,0.03861234891500874,0.039665998710110964
6,OH0760000,"Stark, OH",rape,0.0540459096652648,0.05343871562684227,0.03970592432049578
7,OH0760000,"Stark, OH",rape,0.04279756554542923,0.04467940891450798,0.039645820838156515
8,OH0760000,"Stark, OH",rape,0.06016748517053278,0.06612452077546464,0.03970592432049578
9,OH0760000,"Stark, OH",rape,0.06286767594923165,0.08461613686513685,0.039665998710110964
10,OH0760000,"Stark, OH",rape,8.947043801548035e-5,0.026426064639227538,0.03970546138675227
11,OH0760000,"Stark, OH",rape,-0.07310506870795891,-0.07093970254498243,0.03966599871011096
12,OH0760000,"Stark, OH",rape,-0.07847115391076953,-0.10078607438803082,0.03970592432049578
1,OH0760400,"Canton, OH",rape,-0.04387138027246358,-0.05055058968501322,0.037041656064946055
2,OH0760400,"Canton, OH",rape,-0.036816055652062446,-0.028686287626553366,0.03711596136587578
3,OH0760400,"Canton, OH",rape,-0.03844243170372693,-0.03599771984446198,0.03706999011706237
4,OH0760400,"Canton, OH",rape,9.843442890189009e-4,-0.015039373653395168,0.03711298341103959
5,OH0760400,"Canton, OH",rape,0.04975363918948855,0.04163159694135489,0.03706999011706238
6,OH0760400,"Canton, OH",rape,0.0540459096652648,0.07160953615853144,0.03711596136587578
7,OH0760400,"Canton, OH",rape,0.04279756554542923,0.058982626964010854,0.03704165606494605
8,OH0760400,"Canton, OH",rape,0.06016748517053278,0.051268614605701146,0.037115961365875784
9,OH0760400,"Canton, OH",rape,0.06286767594923165,0.050148009544612154,0.03706999011706238
10,OH0760400,"Canton, OH",rape,8.947043801548035e-5,0.006607336374397556,0.03711298341103959
11,OH0760400,"Canton, OH",rape,-0.07310506870795891,-0.06421392392050268,0.03706999011706237
12,OH0760400,"Canton, OH",rape,-0.07847115391076953,-0.08575982585868161,0.03711596136587578
1,OH0770100,"Akron, OH",rape,-0.04387138027246358,-0.05649150386434455,0.034705554083764904
2,OH0770100,"Akron, OH",rape,-0.036816055652062446,-0.06006258970098466,0.03482427135567148
3,OH0770100,"Akron, OH",rape,-0.03844243170372693,-0.04173946709656628,0.03479582794700611
4,OH0770100,"Akron, OH",rape,9.843442890189009e-4,0.028615856838754814,0.034793632875401985
5,OH0770100,"Akron, OH",rape,0.04975363918948855,0.08326138866112726,0.03479582794700611
6,OH0770100,"Akron, OH",rape,0.0540459096652648,0.06978876476837598,0.03482427135567148
7,OH0770100,"Akron, OH",rape,0.04279756554542923,0.04294001541156578,0.0347055540837649
8,OH0770100,"Akron, OH",rape,0.06016748517053278,0.05263556781184931,0.03482427135567148
9,OH0770100,"Akron, OH",rape,0.06286767594923165,0.047863933660209725,0.034795827947006114
10,OH0770100,"Akron, OH",rape,8.947043801548035e-5,-0.015064368385976008,0.034793632875401985
11,OH0770100,"Akron, OH",rape,-0.07310506870795891,-0.07583436677199193,0.03479582794700611
12,OH0770100,"Akron, OH",rape,-0.07847115391076953,-0.07591323133201945,0.03482427135567148
1,OHCIP0000,"Cincinnati, OH",rape,-0.04387138027246358,-0.0636437344671488,0.03426976921961405
2,OHCIP0000,"Cincinnati, OH",rape,-0.036816055652062446,-0.07083481113366716,0.034426402307930634
3,OHCIP0000,"Cincinnati, OH",rape,-0.03844243170372693,-0.04772056997883826,0.034395186309755986
4,OHCIP0000,"Cincinnati, OH",rape,9.843442890189009e-4,-0.008355584942430268,0.034484451472543046
5,OHCIP0000,"Cincinnati, OH",rape,0.04975363918948855,0.012787251398862502,0.034395186309755986
6,OHCIP0000,"Cincinnati, OH",rape,0.0540459096652648,0.03267039139031789,0.034426402307930634
7,OHCIP0000,"Cincinnati, OH",rape,0.04279756554542923,0.0790270739050149,0.03426976921961404
8,OHCIP0000,"Cincinnati, OH",rape,0.06016748517053278,0.11117771200142601,0.03442640230793064
9,OHCIP0000,"Cincinnati, OH",rape,0.06286767594923165,0.07268013140873103,0.03439518630975599
10,OHCIP0000,"Cincinnati, OH",rape,8.947043801548035e-5,-0.007027754495435813,0.034484451472543046
11,OHCIP0000,"Cincinnati, OH",rape,-0.07310506870795891,-0.053130152266621385,0.034395186309755986
12,OHCIP0000,"Cincinnati, OH",rape,-0.07847115391076953,-0.05762995282021064,0.034426402307930634
1,OHCLP0000,"Cleveland, OH",rape,-0.04387138027246358,-0.04540991796111887,0.031520858120906936
2,OHCLP0000,"Cleveland, OH",rape,-0.036816055652062446,-0.014481888080178822,0.03163469797630283
3,OHCLP0000,"Cleveland, OH",rape,-0.03844243170372693,-0.03787985230756292,0.03156823080782136
4,OHCLP0000,"Cleveland, OH",rape,9.843442890189009e-4,-0.0342710831877697,0.031679067939328044
5,OHCLP0000,"Cleveland, OH",rape,0.04975363918948855,0.03375899803199776,0.03156823080782136
6,OHCLP0000,"Cleveland, OH",rape,0.0540459096652648,0.088033016783784,0.03163469797630283
7,OHCLP0000,"Cleveland, OH",rape,0.04279756554542923,0.07859474933715466,0.03152085812090693
8,OHCLP0000,"Cleveland, OH",rape,0.06016748517053278,0.055775449772546254,0.03163469797630283
9,OHCLP0000,"Cleveland, OH",rape,0.06286767594923165,0.04598858262389459,0.03156823080782137
10,OHCLP0000,"Cleveland, OH",rape,8.947043801548035e-5,0.0010862518117339375,0.031679067939328044
11,OHCLP0000,"Cleveland, OH",rape,-0.07310506870795891,-0.07505255972436521,0.03156823080782136
12,OHCLP0000,"Cleveland, OH",rape,-0.07847115391076953,-0.09614174710011567,0.03163469797630283
1,OHCOP0000,"Columbus, OH",rape,-0.04387138027246358,0.004141162523335604,0.029073302036178267
2,OHCOP0000,"Columbus, OH",rape,-0.036816055652062446,-0.001083115199427973,0.029141320220322443
3,OHCOP0000,"Columbus, OH",rape,-0.03844243170372693,-0.04116674612158565,0.02908371971035698
4,OHCOP0000,"Columbus, OH",rape,9.843442890189009e-4,-0.017460521026105943,0.029091369634763588
5,OHCOP0000,"Columbus, OH",rape,0.04975363918948855,0.034966077603817106,0.029083719710356983
6,OHCOP0000,"Columbus, OH",rape,0.0540459096652648,0.031056096561590328,0.029141320220322443
7,OHCOP0000,"Columbus, OH",rape,0.04279756554542923,0.011682362739488292,0.029073302036178264
8,OHCOP0000,"Columbus, OH",rape,0.06016748517053278,0.04725352868769512,0.029141320220322443
9,OHCOP0000,"Columbus, OH",rape,0.06286767594923165,0.07151363434702895,0.029083719710356983
10,OHCOP0000,"Columbus, OH",rape,8.947043801548035e-5,0.0016369957632821031,0.029091369634763588
11,OHCOP0000,"Columbus, OH",rape,-0.07310506870795891,-0.08113649109208426,0.02908371971035698
12,OHCOP0000,"Columbus, OH",rape,-0.07847115391076953,-0.061402984787033675,0.029141320220322443
1,OK0140100,"Moore, OK",rape,-0.04387138027246358,-0.04105341247303537,0.04031429215002924
2,OK0140100,"Moore, OK",rape,-0.036816055652062446,-0.04015536165022905,0.04034471721121931
3,OK0140100,"Moore, OK",rape,-0.03844243170372693,-0.03562255616705857,0.040332604332405736
4,OK0140100,"Moore, OK",rape,9.843442890189009e-4,0.016044274353552282,0.04035015721750628
5,OK0140100,"Moore, OK",rape,0.04975363918948855,0.05935978706127264,0.04033260433240574
6,OK0140100,"Moore, OK",rape,0.0540459096652648,0.047994896677945084,0.04034471721121931
7,OK0140100,"Moore, OK",rape,0.04279756554542923,0.03781318326301505,0.040314292150029234
8,OK0140100,"Moore, OK",rape,0.06016748517053278,0.06745156353691378,0.04034471721121931
9,OK0140100,"Moore, OK",rape,0.06286767594923165,0.06615898726376365,0.04033260433240575
10,OK0140100,"Moore, OK",rape,8.947043801548035e-5,-0.012804045143531919,0.04035015721750628
11,OK0140100,"Moore, OK",rape,-0.07310506870795891,-0.0866559889479574,0.040332604332405736
12,OK0140100,"Moore, OK",rape,-0.07847115391076953,-0.0785313277746502,0.04034471721121931
1,OK0550300,"Edmond, OK",rape,-0.04387138027246358,-0.06983999722311207,0.0398028307406208
2,OK0550300,"Edmond, OK",rape,-0.036816055652062446,-0.04225335924933563,0.039794097148467086
3,OK0550300,"Edmond, OK",rape,-0.03844243170372693,-0.027141381416234598,0.03977625546820502
4,OK0550300,"Edmond, OK",rape,9.843442890189009e-4,0.005291180409908065,0.0397972731452878
5,OK0550300,"Edmond, OK",rape,0.04975363918948855,0.042688414261600395,0.03977625546820503
6,OK0550300,"Edmond, OK",rape,0.0540459096652648,0.049687185988172095,0.039794097148467086
7,OK0550300,"Edmond, OK",rape,0.04279756554542923,0.0454917876608281,0.03980283074062079
8,OK0550300,"Edmond, OK",rape,0.06016748517053278,0.06548101165072179,0.039794097148467086
9,OK0550300,"Edmond, OK",rape,0.06286767594923165,0.07471724337990476,0.03977625546820503
10,OK0550300,"Edmond, OK",rape,8.947043801548035e-5,0.01905702915237593,0.0397972731452878
11,OK0550300,"Edmond, OK",rape,-0.07310506870795891,-0.06591606666298658,0.03977625546820502
12,OK0550300,"Edmond, OK",rape,-0.07847115391076953,-0.09726304795184225,0.039794097148467086
1,OK0550400,"Midwest City, OK",rape,-0.04387138027246358,-0.041451663400142044,0.040171065173398496
2,OK0550400,"Midwest City, OK",rape,-0.036816055652062446,-0.031183287513511057,0.040160521127900944
3,OK0550400,"Midwest City, OK",rape,-0.03844243170372693,-0.03644213851021324,0.04016638033069757
4,OK0550400,"Midwest City, OK",rape,9.843442890189009e-4,-0.007961299706296908,0.04018878229867001
5,OK0550400,"Midwest City, OK",rape,0.04975363918948855,0.04345427845261738,0.040166380330697575
6,OK0550400,"Midwest City, OK",rape,0.0540459096652648,0.06642608799640946,0.040160521127900944
7,OK0550400,"Midwest City, OK",rape,0.04279756554542923,0.061053631859421226,0.04017106517339849
8,OK0550400,"Midwest City, OK",rape,0.06016748517053278,0.05920338222871271,0.04016052112790095
9,OK0550400,"Midwest City, OK",rape,0.06286767594923165,0.04486026476613575,0.040166380330697575
10,OK0550400,"Midwest City, OK",rape,8.947043801548035e-5,-0.011640668752982242,0.04018878229867001
11,OK0550400,"Midwest City, OK",rape,-0.07310506870795891,-0.07147437316781904,0.04016638033069757
12,OK0550400,"Midwest City, OK",rape,-0.07847115391076953,-0.07484421425233197,0.040160521127900944
1,OK0550600,"Oklahoma City, OK",rape,-0.04387138027246358,-0.07484839172268123,0.03105731434747308
2,OK0550600,"Oklahoma City, OK",rape,-0.036816055652062446,-0.045630924413868644,0.031108546135616057
3,OK0550600,"Oklahoma City, OK",rape,-0.03844243170372693,-0.044269441164898435,0.031130808427025296
4,OK0550600,"Oklahoma City, OK",rape,9.843442890189009e-4,-0.03441491191828154,0.03113608246472899
5,OK0550600,"Oklahoma City, OK",rape,0.04975363918948855,0.01526090810476682,0.0311308084270253
6,OK0550600,"Oklahoma City, OK",rape,0.0540459096652648,0.06776359254625956,0.031108546135616057
7,OK0550600,"Oklahoma City, OK",rape,0.04279756554542923,0.08453924206351218,0.031057314347473074
8,OK0550600,"Oklahoma City, OK",rape,0.06016748517053278,0.0812295680063097,0.031108546135616057
9,OK0550600,"Oklahoma City, OK",rape,0.06286767594923165,0.07017723441650858,0.031130808427025303
10,OK0550600,"Oklahoma City, OK",rape,8.947043801548035e-5,0.024724061577450628,0.03113608246472899
11,OK0550600,"Oklahoma City, OK",rape,-0.07310506870795891,-0.050859551697207926,0.031130808427025296
12,OK0550600,"Oklahoma City, OK",rape,-0.07847115391076953,-0.09367138579786968,0.031108546135616057
1,OK0720100,"Broken Arrow, OK",rape,-0.04387138027246358,-0.036952345766396284,0.039551111712321785
2,OK0720100,"Broken Arrow, OK",rape,-0.036816055652062446,-0.03409586235154788,0.03959045109800394
3,OK0720100,"Broken Arrow, OK",rape,-0.03844243170372693,-0.05099143528793376,0.03957713965378474
4,OK0720100,"Broken Arrow, OK",rape,9.843442890189009e-4,-0.010974996814749085,0.039590080774091985
5,OK0720100,"Broken Arrow, OK",rape,0.04975363918948855,0.05242778217050731,0.03957713965378474
6,OK0720100,"Broken Arrow, OK",rape,0.0540459096652648,0.05657852589727333,0.03959045109800394
7,OK0720100,"Broken Arrow, OK",rape,0.04279756554542923,0.03161076061556137,0.03955111171232178
8,OK0720100,"Broken Arrow, OK",rape,0.06016748517053278,0.05181938707467307,0.03959045109800394
9,OK0720100,"Broken Arrow, OK",rape,0.06286767594923165,0.0740565451618939,0.039577139653784746
10,OK0720100,"Broken Arrow, OK",rape,8.947043801548035e-5,0.01631658196558404,0.039590080774091985
11,OK0720100,"Broken Arrow, OK",rape,-0.07310506870795891,-0.07015130689363253,0.03957713965378474
12,OK0720100,"Broken Arrow, OK",rape,-0.07847115391076953,-0.0796436357712335,0.03959045109800394
1,OR0020100,"Corvallis, OR",rape,-0.04387138027246358,-0.03307371703696266,0.04041278020239549
2,OR0020100,"Corvallis, OR",rape,-0.036816055652062446,-0.02836053728956853,0.040416575913627496
3,OR0020100,"Corvallis, OR",rape,-0.03844243170372693,-0.03539601154259897,0.040403695317782484
4,OR0020100,"Corvallis, OR",rape,9.843442890189009e-4,0.005462682400628255,0.04039841226831241
5,OR0020100,"Corvallis, OR",rape,0.04975363918948855,0.054517906554274666,0.04040369531778249
6,OR0020100,"Corvallis, OR",rape,0.0540459096652648,0.04834613190732544,0.040416575913627496
7,OR0020100,"Corvallis, OR",rape,0.04279756554542923,0.027038249948159763,0.040412780202395485
8,OR0020100,"Corvallis, OR",rape,0.06016748517053278,0.048792046032878164,0.040416575913627496
9,OR0020100,"Corvallis, OR",rape,0.06286767594923165,0.06186298737471154,0.04040369531778249
10,OR0020100,"Corvallis, OR",rape,8.947043801548035e-5,5.727846881746765e-4,0.04039841226831241
11,OR0020100,"Corvallis, OR",rape,-0.07310506870795891,-0.07494941529758432,0.040403695317782484
12,OR0020100,"Corvallis, OR",rape,-0.07847115391076953,-0.07481310773943803,0.040416575913627496
1,OR0030000,"Clackamas, OR",rape,-0.04387138027246358,-0.033175009675862864,0.03836308823753028
2,OR0030000,"Clackamas, OR",rape,-0.036816055652062446,-0.029544416835202852,0.038468988342772494
3,OR0030000,"Clackamas, OR",rape,-0.03844243170372693,-0.03037476507483666,0.038435935589865626
4,OR0030000,"Clackamas, OR",rape,9.843442890189009e-4,0.011054831521816527,0.0384845937253085
5,OR0030000,"Clackamas, OR",rape,0.04975363918948855,0.048503117112470746,0.03843593558986563
6,OR0030000,"Clackamas, OR",rape,0.0540459096652648,0.04759532953027354,0.038468988342772494
7,OR0030000,"Clackamas, OR",rape,0.04279756554542923,0.05711146015564009,0.03836308823753028
8,OR0030000,"Clackamas, OR",rape,0.06016748517053278,0.09008084480531439,0.038468988342772494
9,OR0030000,"Clackamas, OR",rape,0.06286767594923165,0.06697474256517102,0.03843593558986563
10,OR0030000,"Clackamas, OR",rape,8.947043801548035e-5,-0.03499128200159371,0.0384845937253085
11,OR0030000,"Clackamas, OR",rape,-0.07310506870795891,-0.1090395450825823,0.038435935589865626
12,OR0030000,"Clackamas, OR",rape,-0.07847115391076953,-0.08419530702060793,0.038468988342772494
1,OR0090100,"Bend, OR",rape,-0.04387138027246358,-0.03631052294084182,0.04018101084936773
2,OR0090100,"Bend, OR",rape,-0.036816055652062446,-0.03815937928036751,0.040222560934038816
3,OR0090100,"Bend, OR",rape,-0.03844243170372693,-0.03689371386430161,0.04022777359533822
4,OR0090100,"Bend, OR",rape,9.843442890189009e-4,0.016485088176532627,0.04026432531597289
5,OR0090100,"Bend, OR",rape,0.04975363918948855,0.06597319798697915,0.04022777359533822
6,OR0090100,"Bend, OR",rape,0.0540459096652648,0.05833984036476013,0.040222560934038816
7,OR0090100,"Bend, OR",rape,0.04279756554542923,0.043915168548246536,0.040181010849367725
8,OR0090100,"Bend, OR",rape,0.06016748517053278,0.06375124436629534,0.040222560934038816
9,OR0090100,"Bend, OR",rape,0.06286767594923165,0.05488093334282476,0.04022777359533822
10,OR0090100,"Bend, OR",rape,8.947043801548035e-5,-0.024089733783937313,0.04026432531597289
11,OR0090100,"Bend, OR",rape,-0.07310506870795891,-0.091565063072907,0.04022777359533822
12,OR0090100,"Bend, OR",rape,-0.07847115391076953,-0.07632705984328331,0.040222560934038816
1,OR0150400,"Medford, OR",rape,-0.04387138027246358,-0.05734087357499368,0.03974243984925354
2,OR0150400,"Medford, OR",rape,-0.036816055652062446,-0.031124322998398814,0.03980444166389251
3,OR0150400,"Medford, OR",rape,-0.03844243170372693,-0.018246529811749616,0.03983065413634488
4,OR0150400,"Medford, OR",rape,9.843442890189009e-4,0.025173024049230035,0.039862638516635504
5,OR0150400,"Medford, OR",rape,0.04975363918948855,0.06874679397566077,0.03983065413634488
6,OR0150400,"Medford, OR",rape,0.0540459096652648,0.06438247872412776,0.03980444166389251
7,OR0150400,"Medford, OR",rape,0.04279756554542923,0.04678199032974474,0.03974243984925353
8,OR0150400,"Medford, OR",rape,0.06016748517053278,0.060942929727983264,0.03980444166389251
9,OR0150400,"Medford, OR",rape,0.06286767594923165,0.05862401978658304,0.03983065413634489
10,OR0150400,"Medford, OR",rape,8.947043801548035e-5,-0.01461414080398106,0.039862638516635504
11,OR0150400,"Medford, OR",rape,-0.07310506870795891,-0.09856540070524525,0.03983065413634488
12,OR0150400,"Medford, OR",rape,-0.07847115391076953,-0.1047599686989612,0.03980444166389251
1,OR0220100,"Albany, OR",rape,-0.04387138027246358,-0.04642787737996649,0.040794337871731104
2,OR0220100,"Albany, OR",rape,-0.036816055652062446,-0.030893330771365277,0.040823547475489844
3,OR0220100,"Albany, OR",rape,-0.03844243170372693,-0.03241831931684331,0.040820061303790296
4,OR0220100,"Albany, OR",rape,9.843442890189009e-4,-0.004361179357757885,0.04080534458252777
5,OR0220100,"Albany, OR",rape,0.04975363918948855,0.036312391483183874,0.040820061303790296
6,OR0220100,"Albany, OR",rape,0.0540459096652648,0.047026821826010944,0.040823547475489844
7,OR0220100,"Albany, OR",rape,0.04279756554542923,0.048248520132622694,0.0407943378717311
8,OR0220100,"Albany, OR",rape,0.06016748517053278,0.07066085274953054,0.040823547475489844
9,OR0220100,"Albany, OR",rape,0.06286767594923165,0.0703651985423524,0.0408200613037903
10,OR0220100,"Albany, OR",rape,8.947043801548035e-5,0.0025405366051017104,0.04080534458252777
11,OR0220100,"Albany, OR",rape,-0.07310506870795891,-0.07607991346134917,0.040820061303790296
12,OR0220100,"Albany, OR",rape,-0.07847115391076953,-0.08497370105152005,0.040823547475489844
1,OR0240200,"Salem, OR",rape,-0.04387138027246358,-0.05405058063177039,0.039562360647400464
2,OR0240200,"Salem, OR",rape,-0.036816055652062446,-0.03527176701587748,0.039620402564110375
3,OR0240200,"Salem, OR",rape,-0.03844243170372693,-0.019101871761304186,0.03960273428275596
4,OR0240200,"Salem, OR",rape,9.843442890189009e-4,0.011379036510892587,0.039597658769968985
5,OR0240200,"Salem, OR",rape,0.04975363918948855,0.03694625447946648,0.039602734282755965
6,OR0240200,"Salem, OR",rape,0.0540459096652648,0.04891840407263629,0.039620402564110375
7,OR0240200,"Salem, OR",rape,0.04279756554542923,0.06906957254911922,0.03956236064740046
8,OR0240200,"Salem, OR",rape,0.06016748517053278,0.08833360067250678,0.039620402564110375
9,OR0240200,"Salem, OR",rape,0.06286767594923165,0.0571447135005847,0.039602734282755965
10,OR0240200,"Salem, OR",rape,8.947043801548035e-5,-0.0263980284282414,0.039597658769968985
11,OR0240200,"Salem, OR",rape,-0.07310506870795891,-0.09000808813609582,0.03960273428275596
12,OR0240200,"Salem, OR",rape,-0.07847115391076953,-0.08696124581191678,0.039620402564110375
1,OR0260100,"Gresham, OR",rape,-0.04387138027246358,-0.05508453598227602,0.038746932595240466
2,OR0260100,"Gresham, OR",rape,-0.036816055652062446,-0.032244796369213125,0.03880552938110107
3,OR0260100,"Gresham, OR",rape,-0.03844243170372693,-0.026478561157072634,0.03877540144071162
4,OR0260100,"Gresham, OR",rape,9.843442890189009e-4,0.008265679244807693,0.0387918781766185
5,OR0260100,"Gresham, OR",rape,0.04975363918948855,0.05170597066369473,0.03877540144071163
6,OR0260100,"Gresham, OR",rape,0.0540459096652648,0.05634345088425316,0.03880552938110107
7,OR0260100,"Gresham, OR",rape,0.04279756554542923,0.04671041229449692,0.03874693259524046
8,OR0260100,"Gresham, OR",rape,0.06016748517053278,0.0643122330200412,0.03880552938110107
9,OR0260100,"Gresham, OR",rape,0.06286767594923165,0.06692012149567986,0.03877540144071163
10,OR0260100,"Gresham, OR",rape,8.947043801548035e-5,1.0844444297144603e-4,0.0387918781766185
11,OR0260100,"Gresham, OR",rape,-0.07310506870795891,-0.08377340731452283,0.03877540144071162
12,OR0260100,"Gresham, OR",rape,-0.07847115391076953,-0.0967850112228604,0.03880552938110107
1,OR0260200,"Portland, OR",rape,-0.04387138027246358,-0.06796510868305607,0.03239527715136116
2,OR0260200,"Portland, OR",rape,-0.036816055652062446,-0.053399900683463744,0.032468908564443566
3,OR0260200,"Portland, OR",rape,-0.03844243170372693,-0.04069158791541101,0.03249082004203842
4,OR0260200,"Portland, OR",rape,9.843442890189009e-4,-0.012364106864407047,0.03247548982847071
5,OR0260200,"Portland, OR",rape,0.04975363918948855,0.03138245952137668,0.032490820042038425
6,OR0260200,"Portland, OR",rape,0.0540459096652648,0.055080637375163076,0.032468908564443566
7,OR0260200,"Portland, OR",rape,0.04279756554542923,0.04904949896613401,0.03239527715136115
8,OR0260200,"Portland, OR",rape,0.06016748517053278,0.04557429337696629,0.032468908564443566
9,OR0260200,"Portland, OR",rape,0.06286767594923165,0.05178159032583564,0.032490820042038425
10,OR0260200,"Portland, OR",rape,8.947043801548035e-5,0.03127971658132913,0.03247548982847071
11,OR0260200,"Portland, OR",rape,-0.07310506870795891,-0.023556852214879253,0.032490820042038425
12,OR0260200,"Portland, OR",rape,-0.07847115391076953,-0.06617063978558768,0.032468908564443566
1,OR0340000,"Washington, OR",rape,-0.04387138027246358,-0.020182742793515267,0.0377609520107331
2,OR0340000,"Washington, OR",rape,-0.036816055652062446,-0.036269116575305085,0.03774447557847235
3,OR0340000,"Washington, OR",rape,-0.03844243170372693,-0.05846428366067122,0.0377554975709088
4,OR0340000,"Washington, OR",rape,9.843442890189009e-4,-0.0036172438672220112,0.037806813633501135
5,OR0340000,"Washington, OR",rape,0.04975363918948855,0.06351204025677815,0.037755497570908805
6,OR0340000,"Washington, OR",rape,0.0540459096652648,0.06349431009937555,0.03774447557847235
7,OR0340000,"Washington, OR",rape,0.04279756554542923,0.050912126012917044,0.037760952010733095
8,OR0340000,"Washington, OR",rape,0.06016748517053278,0.0793311603039092,0.03774447557847235
9,OR0340000,"Washington, OR",rape,0.06286767594923165,0.07079694416987362,0.037755497570908805
10,OR0340000,"Washington, OR",rape,8.947043801548035e-5,-0.02711213935217972,0.037806813633501135
11,OR0340000,"Washington, OR",rape,-0.07310506870795891,-0.10657408398538229,0.0377554975709088
12,OR0340000,"Washington, OR",rape,-0.07847115391076953,-0.07582697060857799,0.03774447557847235
1,OR0340100,"Beaverton, OR",rape,-0.04387138027246358,-0.046255897407049745,0.039223694188594484
2,OR0340100,"Beaverton, OR",rape,-0.036816055652062446,-0.031886260566497855,0.039271073716128126
3,OR0340100,"Beaverton, OR",rape,-0.03844243170372693,-0.029721325854252786,0.03926701272977231
4,OR0340100,"Beaverton, OR",rape,9.843442890189009e-4,0.013053676521648475,0.03927473439961086
5,OR0340100,"Beaverton, OR",rape,0.04975363918948855,0.05970215056355424,0.039267012729772316
6,OR0340100,"Beaverton, OR",rape,0.0540459096652648,0.056507103926913216,0.039271073716128126
7,OR0340100,"Beaverton, OR",rape,0.04279756554542923,0.042977121581093625,0.03922369418859448
8,OR0340100,"Beaverton, OR",rape,0.06016748517053278,0.06515523801175796,0.039271073716128126
9,OR0340100,"Beaverton, OR",rape,0.06286767594923165,0.06626907912546905,0.039267012729772316
10,OR0340100,"Beaverton, OR",rape,8.947043801548035e-5,-0.00977490069569232,0.03927473439961086
11,OR0340100,"Beaverton, OR",rape,-0.07310506870795891,-0.09297112800881435,0.03926701272977231
12,OR0340100,"Beaverton, OR",rape,-0.07847115391076953,-0.09305485719812949,0.03927107371612812
1,OR0340300,"Hillsboro, OR",rape,-0.04387138027246358,-0.021443872229160412,0.03913305572686532
2,OR0340300,"Hillsboro, OR",rape,-0.036816055652062446,-0.02292080300820274,0.03915017113677037
3,OR0340300,"Hillsboro, OR",rape,-0.03844243170372693,-0.037436948983081406,0.03921551654144962
4,OR0340300,"Hillsboro, OR",rape,9.843442890189009e-4,0.009808518124178883,0.039273237647862495
5,OR0340300,"Hillsboro, OR",rape,0.04975363918948855,0.06922525739868192,0.03921551654144963
6,OR0340300,"Hillsboro, OR",rape,0.0540459096652648,0.06709677281031906,0.03915017113677037
7,OR0340300,"Hillsboro, OR",rape,0.04279756554542923,0.04530571541731333,0.03913305572686531
8,OR0340300,"Hillsboro, OR",rape,0.06016748517053278,0.05875276938697133,0.03915017113677037
9,OR0340300,"Hillsboro, OR",rape,0.06286767594923165,0.049407072173697116,0.03921551654144963
10,OR0340300,"Hillsboro, OR",rape,8.947043801548035e-5,-0.03367036131233176,0.039273237647862495
11,OR0340300,"Hillsboro, OR",rape,-0.07310506870795891,-0.10505722377745053,0.03921551654144962
12,OR0340300,"Hillsboro, OR",rape,-0.07847115391076953,-0.07906689600093482,0.03915017113677037
1,OR0340400,"Tigard, OR",rape,-0.04387138027246358,-0.03072672039413655,0.040568345677299895
2,OR0340400,"Tigard, OR",rape,-0.036816055652062446,-0.02080388852787017,0.04058008814570396
3,OR0340400,"Tigard, OR",rape,-0.03844243170372693,-0.03753402059138809,0.04056960896502089
4,OR0340400,"Tigard, OR",rape,9.843442890189009e-4,-0.0071289593763768835,0.04062030247175315
5,OR0340400,"Tigard, OR",rape,0.04975363918948855,0.05243679862613686,0.0405696089650209
6,OR0340400,"Tigard, OR",rape,0.0540459096652648,0.0678510192351519,0.04058008814570396
7,OR0340400,"Tigard, OR",rape,0.04279756554542923,0.04978781055969905,0.04056834567729989
8,OR0340400,"Tigard, OR",rape,0.06016748517053278,0.05346198898033925,0.04058008814570396
9,OR0340400,"Tigard, OR",rape,0.06286767594923165,0.05113103087829471,0.0405696089650209
10,OR0340400,"Tigard, OR",rape,8.947043801548035e-5,-0.011932130789185588,0.04062030247175315
11,OR0340400,"Tigard, OR",rape,-0.07310506870795891,-0.08509489907860594,0.0405696089650209
12,OR0340400,"Tigard, OR",rape,-0.07847115391076953,-0.08144802952205853,0.04058008814570396
1,PA0061400,"Reading, PA",rape,-0.04387138027246358,-0.05758353572161089,0.0397056452621379
2,PA0061400,"Reading, PA",rape,-0.036816055652062446,-0.048761884213339324,0.03973060518563205
3,PA0061400,"Reading, PA",rape,-0.03844243170372693,-0.04389743101853116,0.039749415450098594
4,PA0061400,"Reading, PA",rape,9.843442890189009e-4,-0.007924513869358218,0.03976007796812832
5,PA0061400,"Reading, PA",rape,0.04975363918948855,0.038024379470512445,0.0397494154500986
6,PA0061400,"Reading, PA",rape,0.0540459096652648,0.05095725065994755,0.03973060518563205
7,PA0061400,"Reading, PA",rape,0.04279756554542923,0.04807261768293027,0.03970564526213789
8,PA0061400,"Reading, PA",rape,0.06016748517053278,0.06430468270919258,0.03973060518563205
9,PA0061400,"Reading, PA",rape,0.06286767594923165,0.06895114755306506,0.0397494154500986
10,PA0061400,"Reading, PA",rape,8.947043801548035e-5,0.017435431908038857,0.03976007796812832
11,PA0061400,"Reading, PA",rape,-0.07310506870795891,-0.053567177966365724,0.039749415450098594
12,PA0061400,"Reading, PA",rape,-0.07847115391076953,-0.07601096719448144,0.03973060518563205
1,PA0090100,"Bensalem, PA",rape,-0.04387138027246358,-0.052743302684000126,0.041170242952886724
2,PA0090100,"Bensalem, PA",rape,-0.036816055652062446,-0.03742166684820044,0.04117003578883348
3,PA0090100,"Bensalem, PA",rape,-0.03844243170372693,-0.033003012887266335,0.04117074899888274
4,PA0090100,"Bensalem, PA",rape,9.843442890189009e-4,0.0037796985238851243,0.04116934254808073
5,PA0090100,"Bensalem, PA",rape,0.04975363918948855,0.05136940001389213,0.04117074899888275
6,PA0090100,"Bensalem, PA",rape,0.0540459096652648,0.060340822926809846,0.04117003578883348
7,PA0090100,"Bensalem, PA",rape,0.04279756554542923,0.049101581331784265,0.04117024295288672
8,PA0090100,"Bensalem, PA",rape,0.06016748517053278,0.05866983003981535,0.04117003578883348
9,PA0090100,"Bensalem, PA",rape,0.06286767594923165,0.05789289743109714,0.04117074899888275
10,PA0090100,"Bensalem, PA",rape,8.947043801548035e-5,-1.3797717166923187e-4,0.04116934254808073
11,PA0090100,"Bensalem, PA",rape,-0.07310506870795891,-0.07261756320550707,0.04117074899888274
12,PA0090100,"Bensalem, PA",rape,-0.07847115391076953,-0.08523070747064065,0.04117003578883348
1,PA0140300,"State College, PA",rape,-0.04387138027246358,-0.04824116767658754,0.04051499511524569
2,PA0140300,"State College, PA",rape,-0.036816055652062446,-0.03070467222954762,0.040454883608568706
3,PA0140300,"State College, PA",rape,-0.03844243170372693,-0.022949778257509226,0.040425924653684664
4,PA0140300,"State College, PA",rape,9.843442890189009e-4,0.013504407331498259,0.040475456651859365
5,PA0140300,"State College, PA",rape,0.04975363918948855,0.04302908168453942,0.040425924653684664
6,PA0140300,"State College, PA",rape,0.0540459096652648,0.024810390824244744,0.040454883608568706
7,PA0140300,"State College, PA",rape,0.04279756554542923,0.010910861317410578,0.040514995115245686
8,PA0140300,"State College, PA",rape,0.06016748517053278,0.05162144265676054,0.04045488360856871
9,PA0140300,"State College, PA",rape,0.06286767594923165,0.08119685504389915,0.040425924653684664
10,PA0140300,"State College, PA",rape,8.947043801548035e-5,0.023825899027678735,0.040475456651859365
11,PA0140300,"State College, PA",rape,-0.07310506870795891,-0.06394585211175237,0.040425924653684664
12,PA0140300,"State College, PA",rape,-0.07847115391076953,-0.08305746761063468,0.040454883608568706
1,PA0220200,"Harrisburg, PA",rape,-0.04387138027246358,-0.036827704653780755,0.039629510968266377
2,PA0220200,"Harrisburg, PA",rape,-0.036816055652062446,-0.026748252926496505,0.039665558730402534
3,PA0220200,"Harrisburg, PA",rape,-0.03844243170372693,-0.033842951793012784,0.03964753316489786
4,PA0220200,"Harrisburg, PA",rape,9.843442890189009e-4,-0.007695057788772419,0.03965547334833579
5,PA0220200,"Harrisburg, PA",rape,0.04975363918948855,0.03449322723540478,0.03964753316489786
6,PA0220200,"Harrisburg, PA",rape,0.0540459096652648,0.0455842015047213,0.039665558730402534
7,PA0220200,"Harrisburg, PA",rape,0.04279756554542923,0.043164759053722565,0.03962951096826637
8,PA0220200,"Harrisburg, PA",rape,0.06016748517053278,0.06139704951025993,0.039665558730402534
9,PA0220200,"Harrisburg, PA",rape,0.06286767594923165,0.06215469397683443,0.03964753316489786
10,PA0220200,"Harrisburg, PA",rape,8.947043801548035e-5,0.0013580033888306393,0.03965547334833579
11,PA0220200,"Harrisburg, PA",rape,-0.07310506870795891,-0.06914202381916823,0.03964753316489786
12,PA0220200,"Harrisburg, PA",rape,-0.07847115391076953,-0.07389594368854295,0.039665558730402534
1,PA0220400,"Lower Paxton, PA",rape,-0.04387138027246358,-0.048461682859287175,0.04041880797225865
2,PA0220400,"Lower Paxton, PA",rape,-0.036816055652062446,-0.028031079112905637,0.04047343615764707
3,PA0220400,"Lower Paxton, PA",rape,-0.03844243170372693,-0.038729089644500975,0.040435227291691
4,PA0220400,"Lower Paxton, PA",rape,9.843442890189009e-4,-0.014467251617940475,0.04046218578845533
5,PA0220400,"Lower Paxton, PA",rape,0.04975363918948855,0.04045753693817553,0.040435227291691
6,PA0220400,"Lower Paxton, PA",rape,0.0540459096652648,0.06094292642688369,0.04047343615764707
7,PA0220400,"Lower Paxton, PA",rape,0.04279756554542923,0.05114888854795862,0.04041880797225864
8,PA0220400,"Lower Paxton, PA",rape,0.06016748517053278,0.06310143915335233,0.04047343615764707
9,PA0220400,"Lower Paxton, PA",rape,0.06286767594923165,0.07111224399627625,0.04043522729169101
10,PA0220400,"Lower Paxton, PA",rape,8.947043801548035e-5,0.011780045929269067,0.04046218578845533
11,PA0220400,"Lower Paxton, PA",rape,-0.07310506870795891,-0.07552789697862224,0.040435227291691
12,PA0220400,"Lower Paxton, PA",rape,-0.07847115391076953,-0.09332608077865898,0.04047343615764707
1,PA0231400,"Haverford, PA",rape,-0.04387138027246358,-0.04918398574274862,0.041353249324019806
2,PA0231400,"Haverford, PA",rape,-0.036816055652062446,-0.03523440257112648,0.041352598576728454
3,PA0231400,"Haverford, PA",rape,-0.03844243170372693,-0.03357271194728865,0.041349753488355165
4,PA0231400,"Haverford, PA",rape,9.843442890189009e-4,0.003042698491236102,0.04135618309052991
5,PA0231400,"Haverford, PA",rape,0.04975363918948855,0.05021324622756248,0.04134975348835517
6,PA0231400,"Haverford, PA",rape,0.0540459096652648,0.05465552947649399,0.041352598576728454
7,PA0231400,"Haverford, PA",rape,0.04279756554542923,0.040125251249448546,0.041353249324019806
8,PA0231400,"Haverford, PA",rape,0.06016748517053278,0.05447560642656287,0.041352598576728454
9,PA0231400,"Haverford, PA",rape,0.06286767594923165,0.06187265029602515,0.04134975348835517
10,PA0231400,"Haverford, PA",rape,8.947043801548035e-5,0.006016036002064003,0.04135618309052991
11,PA0231400,"Haverford, PA",rape,-0.07310506870795891,-0.06945445008299889,0.041349753488355165
12,PA0231400,"Haverford, PA",rape,-0.07847115391076953,-0.0829554678252305,0.041352598576728454
1,PA0233700,"Upper Darby, PA",rape,-0.04387138027246358,-0.042588104733510025,0.040927633829856015
2,PA0233700,"Upper Darby, PA",rape,-0.036816055652062446,-0.04998457284314193,0.040949956763141844
3,PA0233700,"Upper Darby, PA",rape,-0.03844243170372693,-0.05119726871016213,0.0409485422529723
4,PA0233700,"Upper Darby, PA",rape,9.843442890189009e-4,8.077614877074558e-4,0.04095007166382834
5,PA0233700,"Upper Darby, PA",rape,0.04975363918948855,0.05385944708424175,0.0409485422529723
6,PA0233700,"Upper Darby, PA",rape,0.0540459096652648,0.0509971826941024,0.040949956763141844
7,PA0233700,"Upper Darby, PA",rape,0.04279756554542923,0.037170733819251206,0.040927633829856015
8,PA0233700,"Upper Darby, PA",rape,0.06016748517053278,0.060813230718873644,0.040949956763141844
9,PA0233700,"Upper Darby, PA",rape,0.06286767594923165,0.0674432975001527,0.04094854225297231
10,PA0233700,"Upper Darby, PA",rape,8.947043801548035e-5,0.004609609426551396,0.04095007166382834
11,PA0233700,"Upper Darby, PA",rape,-0.07310506870795891,-0.06468810495997349,0.0409485422529723
12,PA0233700,"Upper Darby, PA",rape,-0.07847115391076953,-0.06724321148409299,0.040949956763141844
1,PA0250200,"Erie, PA",rape,-0.04387138027246358,-0.05224677693029001,0.039397220244596985
2,PA0250200,"Erie, PA",rape,-0.036816055652062446,-0.04272111921519109,0.03947845836906997
3,PA0250200,"Erie, PA",rape,-0.03844243170372693,-0.05186140930534207,0.039439296717286826
4,PA0250200,"Erie, PA",rape,9.843442890189009e-4,-0.016434162732166933,0.03945623189672017
5,PA0250200,"Erie, PA",rape,0.04975363918948855,0.05087511554280455,0.03943929671728683
6,PA0250200,"Erie, PA",rape,0.0540459096652648,0.07370984464877882,0.03947845836906997
7,PA0250200,"Erie, PA",rape,0.04279756554542923,0.05177880634389925,0.039397220244596985
8,PA0250200,"Erie, PA",rape,0.06016748517053278,0.04945080786787062,0.03947845836906998
9,PA0250200,"Erie, PA",rape,0.06286767594923165,0.05905906854441239,0.03943929671728684
10,PA0250200,"Erie, PA",rape,8.947043801548035e-5,0.016902133318557725,0.03945623189672017
11,PA0250200,"Erie, PA",rape,-0.07310506870795891,-0.057604804195484104,0.039439296717286826
12,PA0250200,"Erie, PA",rape,-0.07847115391076953,-0.08090750388784915,0.03947845836906997
1,PA0250300,"Millcreek, PA",rape,-0.04387138027246358,-0.04864093701146146,0.040948106969897216
2,PA0250300,"Millcreek, PA",rape,-0.036816055652062446,-0.0367238597844447,0.040946527618335525
3,PA0250300,"Millcreek, PA",rape,-0.03844243170372693,-0.0355529569804218,0.04094033037675302
4,PA0250300,"Millcreek, PA",rape,9.843442890189009e-4,0.004387352526901319,0.0409535105295366
5,PA0250300,"Millcreek, PA",rape,0.04975363918948855,0.05331818156379225,0.04094033037675302
6,PA0250300,"Millcreek, PA",rape,0.0540459096652648,0.053441068605892074,0.040946527618335525
7,PA0250300,"Millcreek, PA",rape,0.04279756554542923,0.03422019556443385,0.04094810696989721
8,PA0250300,"Millcreek, PA",rape,0.06016748517053278,0.05077162295865544,0.040946527618335525
9,PA0250300,"Millcreek, PA",rape,0.06286767594923165,0.06402146160166018,0.04094033037675303
10,PA0250300,"Millcreek, PA",rape,8.947043801548035e-5,0.010033388920126325,0.0409535105295366
11,PA0250300,"Millcreek, PA",rape,-0.07310506870795891,-0.06736594473800302,0.04094033037675302
12,PA0250300,"Millcreek, PA",rape,-0.07847115391076953,-0.08190957322713047,0.040946527618335525
1,PA0350400,"Scranton, PA",rape,-0.04387138027246358,-0.05292464693737504,0.038537236521717456
2,PA0350400,"Scranton, PA",rape,-0.036816055652062446,-0.012403209389176887,0.03865815143870309
3,PA0350400,"Scranton, PA",rape,-0.03844243170372693,-0.015660853372264815,0.03861121188457157
4,PA0350400,"Scranton, PA",rape,9.843442890189009e-4,-0.001873170246526584,0.03861896093184121
5,PA0350400,"Scranton, PA",rape,0.04975363918948855,0.041610216920341635,0.038611211884571575
6,PA0350400,"Scranton, PA",rape,0.0540459096652648,0.061551381382393536,0.03865815143870309
7,PA0350400,"Scranton, PA",rape,0.04279756554542923,0.05417105061892736,0.03853723652171745
8,PA0350400,"Scranton, PA",rape,0.06016748517053278,0.06257715115748406,0.03865815143870309
9,PA0350400,"Scranton, PA",rape,0.06286767594923165,0.0645883914590197,0.038611211884571575
10,PA0350400,"Scranton, PA",rape,8.947043801548035e-5,6.267665649743033e-4,0.03861896093184121
11,PA0350400,"Scranton, PA",rape,-0.07310506870795891,-0.09178415868864882,0.03861121188457157
12,PA0350400,"Scranton, PA",rape,-0.07847115391076953,-0.11047891946914844,0.03865815143870309
1,PA0360500,"Lancaster, PA",rape,-0.04387138027246358,-0.031553705323127165,0.03909033937732592
2,PA0360500,"Lancaster, PA",rape,-0.036816055652062446,-0.008784623908662836,0.03918179978055047
3,PA0360500,"Lancaster, PA",rape,-0.03844243170372693,-0.03029091918203242,0.039095357696046995
4,PA0360500,"Lancaster, PA",rape,9.843442890189009e-4,-0.011695855959337607,0.03913110938878529
5,PA0360500,"Lancaster, PA",rape,0.04975363918948855,0.03958346554907332,0.039095357696047
6,PA0360500,"Lancaster, PA",rape,0.0540459096652648,0.043597086427928526,0.03918179978055047
7,PA0360500,"Lancaster, PA",rape,0.04279756554542923,0.01878297468398592,0.03909033937732592
8,PA0360500,"Lancaster, PA",rape,0.06016748517053278,0.04267416948742182,0.039181799780550475
9,PA0360500,"Lancaster, PA",rape,0.06286767594923165,0.0769511953999327,0.039095357696047
10,PA0360500,"Lancaster, PA",rape,8.947043801548035e-5,0.024466586598478886,0.03913110938878529
11,PA0360500,"Lancaster, PA",rape,-0.07310506870795891,-0.07347301112783233,0.039095357696046995
12,PA0360500,"Lancaster, PA",rape,-0.07847115391076953,-0.09025736264582883,0.03918179978055047
1,PA0390100,"Allentown, PA",rape,-0.04387138027246358,-0.050692176772806644,0.03933495615742262
2,PA0390100,"Allentown, PA",rape,-0.036816055652062446,-0.039864261088144386,0.039394197780666704
3,PA0390100,"Allentown, PA",rape,-0.03844243170372693,-0.04908802827661005,0.039337238699425535
4,PA0390100,"Allentown, PA",rape,9.843442890189009e-4,-0.009248993002819988,0.03936475184644166
5,PA0390100,"Allentown, PA",rape,0.04975363918948855,0.0591328955143346,0.03933723869942554
6,PA0390100,"Allentown, PA",rape,0.0540459096652648,0.07759158550753613,0.039394197780666704
7,PA0390100,"Allentown, PA",rape,0.04279756554542923,0.055694884190915686,0.039334956157422614
8,PA0390100,"Allentown, PA",rape,0.06016748517053278,0.0576220569586695,0.03939419778066671
9,PA0390100,"Allentown, PA",rape,0.06286767594923165,0.06184311672902616,0.03933723869942554
10,PA0390100,"Allentown, PA",rape,8.947043801548035e-5,0.004246285584710978,0.03936475184644166
11,PA0390100,"Allentown, PA",rape,-0.07310506870795891,-0.07689069138485974,0.039337238699425535
12,PA0390100,"Allentown, PA",rape,-0.07847115391076953,-0.09034667395995225,0.039394197780666704
1,PA0460100,"Abington, PA",rape,-0.04387138027246358,-0.04325385108328364,0.041003681874496385
2,PA0460100,"Abington, PA",rape,-0.036816055652062446,-0.03558338059746406,0.04100487026869005
3,PA0460100,"Abington, PA",rape,-0.03844243170372693,-0.032056468852527345,0.04099371883740381
4,PA0460100,"Abington, PA",rape,9.843442890189009e-4,0.006749504949873835,0.040992328434468525
5,PA0460100,"Abington, PA",rape,0.04975363918948855,0.04885905483846214,0.04099371883740381
6,PA0460100,"Abington, PA",rape,0.0540459096652648,0.048164846337062035,0.04100487026869005
7,PA0460100,"Abington, PA",rape,0.04279756554542923,0.03499634503154999,0.04100368187449638
8,PA0460100,"Abington, PA",rape,0.06016748517053278,0.0507286117889947,0.04100487026869005
9,PA0460100,"Abington, PA",rape,0.06286767594923165,0.05545920609579166,0.04099371883740382
10,PA0460100,"Abington, PA",rape,8.947043801548035e-5,0.0015080011018598495,0.040992328434468525
11,PA0460100,"Abington, PA",rape,-0.07310506870795891,-0.06400428602999281,0.04099371883740381
12,PA0460100,"Abington, PA",rape,-0.07847115391076953,-0.07156758358032637,0.04100487026869005
1,PA0461400,"Lower Merion, PA",rape,-0.04387138027246358,-0.04483708475396887,0.041333502595941075
2,PA0461400,"Lower Merion, PA",rape,-0.036816055652062446,-0.04156415850094058,0.041339199235547616
3,PA0461400,"Lower Merion, PA",rape,-0.03844243170372693,-0.039443353990750496,0.041334376372639724
4,PA0461400,"Lower Merion, PA",rape,9.843442890189009e-4,0.00478250858132453,0.0413385748391854
5,PA0461400,"Lower Merion, PA",rape,0.04975363918948855,0.051337219889738134,0.041334376372639724
6,PA0461400,"Lower Merion, PA",rape,0.0540459096652648,0.05136813505614515,0.041339199235547616
7,PA0461400,"Lower Merion, PA",rape,0.04279756554542923,0.04147178195020695,0.04133350259594107
8,PA0461400,"Lower Merion, PA",rape,0.06016748517053278,0.061910014291668515,0.041339199235547616
9,PA0461400,"Lower Merion, PA",rape,0.06286767594923165,0.0631545125852404,0.04133437637263973
10,PA0461400,"Lower Merion, PA",rape,8.947043801548035e-5,-0.0014172057775625694,0.0413385748391854
11,PA0461400,"Lower Merion, PA",rape,-0.07310506870795891,-0.0716830756804661,0.041334376372639724
12,PA0461400,"Lower Merion, PA",rape,-0.07847115391076953,-0.075079293650635065,0.041339199235547616
1,PA0480300,"Bethlehem, PA",rape,-0.04387138027246358,-0.036973657326168426,0.039992554042671956
2,PA0480300,"Bethlehem, PA",rape,-0.036816055652062446,-0.04559667730408606,0.039988969485216574
3,PA0480300,"Bethlehem, PA",rape,-0.03844243170372693,-0.03898901126562459,0.0399616607819045
4,PA0480300,"Bethlehem, PA",rape,9.843442890189009e-4,0.022737897176811267,0.039988640308727764
5,PA0480300,"Bethlehem, PA",rape,0.04975363918948855,0.0644873693260237,0.03996166078190451
6,PA0480300,"Bethlehem, PA",rape,0.0540459096652648,0.036451148972432394,0.039988969485216574
7,PA0480300,"Bethlehem, PA",rape,0.04279756554542923,0.015570264099288536,0.03999255404267195
8,PA0480300,"Bethlehem, PA",rape,0.06016748517053278,0.05389543545659739,0.039988969485216574
9,PA0480300,"Bethlehem, PA",rape,0.06286767594923165,0.06869116264501585,0.03996166078190451
10,PA0480300,"Bethlehem, PA",rape,8.947043801548035e-5,-0.0013345039499313262,0.039988640308727764
11,PA0480300,"Bethlehem, PA",rape,-0.07310506870795891,-0.07278612747853505,0.0399616607819045
12,PA0480300,"Bethlehem, PA",rape,-0.07847115391076953,-0.06615330035182368,0.039988969485216574
1,PAPEP0000,"Philadelphia, PA",rape,-0.04387138027246358,-0.06813953774937836,0.02927700469758976
2,PAPEP0000,"Philadelphia, PA",rape,-0.036816055652062446,-0.049652901409194296,0.029358160149055252
3,PAPEP0000,"Philadelphia, PA",rape,-0.03844243170372693,-0.03246730978862848,0.029339633008724005
4,PAPEP0000,"Philadelphia, PA",rape,9.843442890189009e-4,0.0020829303626481196,0.029370651372810717
5,PAPEP0000,"Philadelphia, PA",rape,0.04975363918948855,0.031431566691051856,0.029339633008724008
6,PAPEP0000,"Philadelphia, PA",rape,0.0540459096652648,0.03492251384547486,0.029358160149055252
7,PAPEP0000,"Philadelphia, PA",rape,0.04279756554542923,0.04417790263020249,0.029277004697589756
8,PAPEP0000,"Philadelphia, PA",rape,0.06016748517053278,0.07828046821252006,0.029358160149055252
9,PAPEP0000,"Philadelphia, PA",rape,0.06286767594923165,0.08505651171113016,0.029339633008724008
10,PAPEP0000,"Philadelphia, PA",rape,8.947043801548035e-5,0.021878704756527784,0.029370651372810717
11,PAPEP0000,"Philadelphia, PA",rape,-0.07310506870795891,-0.06005913349437766,0.029339633008724005
12,PAPEP0000,"Philadelphia, PA",rape,-0.07847115391076953,-0.08751171576797653,0.02935816014905525
1,PAPPD0000,"Pittsburgh, PA",rape,-0.04387138027246358,-0.07794344747376963,0.03682948033473372
2,PAPPD0000,"Pittsburgh, PA",rape,-0.036816055652062446,-0.035514746534784244,0.036774536382586605
3,PAPPD0000,"Pittsburgh, PA",rape,-0.03844243170372693,-0.012945546752912908,0.036783805340837625
4,PAPPD0000,"Pittsburgh, PA",rape,9.843442890189009e-4,0.007782802489229174,0.03679530873003691
5,PAPPD0000,"Pittsburgh, PA",rape,0.04975363918948855,0.041027671919999384,0.03678380534083763
6,PAPPD0000,"Pittsburgh, PA",rape,0.0540459096652648,0.05434648692492815,0.036774536382586605
7,PAPPD0000,"Pittsburgh, PA",rape,0.04279756554542923,0.0390326995911231,0.03682948033473371
8,PAPPD0000,"Pittsburgh, PA",rape,0.06016748517053278,0.036966587771056054,0.03677453638258661
9,PAPPD0000,"Pittsburgh, PA",rape,0.06286767594923165,0.05330813587183127,0.03678380534083764
10,PAPPD0000,"Pittsburgh, PA",rape,8.947043801548035e-5,0.031127945393417383,0.03679530873003691
11,PAPPD0000,"Pittsburgh, PA",rape,-0.07310506870795891,-0.04247951315627122,0.036783805340837625
12,PAPPD0000,"Pittsburgh, PA",rape,-0.07847115391076953,-0.0947090760438465,0.036774536382586605
1,RI0020300,"Warwick, RI",rape,-0.04387138027246358,-0.03772843653728805,0.04019697678832818
2,RI0020300,"Warwick, RI",rape,-0.036816055652062446,-0.027870353065508967,0.04026860286240058
3,RI0020300,"Warwick, RI",rape,-0.03844243170372693,-0.0445427426979336,0.04021793941626809
4,RI0020300,"Warwick, RI",rape,9.843442890189009e-4,-0.008840799134475046,0.04025508402288667
5,RI0020300,"Warwick, RI",rape,0.04975363918948855,0.05882801716027279,0.0402179394162681
6,RI0020300,"Warwick, RI",rape,0.0540459096652648,0.0701821960196356,0.04026860286240058
7,RI0020300,"Warwick, RI",rape,0.04279756554542923,0.03742087186418839,0.040196976788328176
8,RI0020300,"Warwick, RI",rape,0.06016748517053278,0.03958469701574529,0.04026860286240058
9,RI0020300,"Warwick, RI",rape,0.06286767594923165,0.05656465132126962,0.0402179394162681
10,RI0020300,"Warwick, RI",rape,8.947043801548035e-5,0.00914836380757475,0.04025508402288667
11,RI0020300,"Warwick, RI",rape,-0.07310506870795891,-0.07054236111050913,0.04021793941626809
12,RI0020300,"Warwick, RI",rape,-0.07847115391076953,-0.08220410464297165,0.04026860286240058
1,RI0040200,"Cranston, RI",rape,-0.04387138027246358,-0.03803724488994907,0.040176632666259475
2,RI0040200,"Cranston, RI",rape,-0.036816055652062446,-0.022160881000829705,0.040240294451317965
3,RI0040200,"Cranston, RI",rape,-0.03844243170372693,-0.043503920596626604,0.040187422790202536
4,RI0040200,"Cranston, RI",rape,9.843442890189009e-4,-0.024143883095128497,0.04025983479174324
5,RI0040200,"Cranston, RI",rape,0.04975363918948855,0.0374590893162613,0.04018742279020254
6,RI0040200,"Cranston, RI",rape,0.0540459096652648,0.06463140239103671,0.040240294451317965
7,RI0040200,"Cranston, RI",rape,0.04279756554542923,0.05074868527801679,0.04017663266625947
8,RI0040200,"Cranston, RI",rape,0.06016748517053278,0.055045218253178194,0.040240294451317965
9,RI0040200,"Cranston, RI",rape,0.06286767594923165,0.0636768174609074,0.04018742279020255
10,RI0040200,"Cranston, RI",rape,8.947043801548035e-5,0.011432442707060807,0.04025983479174324
11,RI0040200,"Cranston, RI",rape,-0.07310506870795891,-0.07034342656860981,0.040187422790202536
12,RI0040200,"Cranston, RI",rape,-0.07847115391076953,-0.08480429925531753,0.040240294451317965
1,RI0040800,"Pawtucket, RI",rape,-0.04387138027246358,-0.034308622463431165,0.03947401472489202
2,RI0040800,"Pawtucket, RI",rape,-0.036816055652062446,-0.04619072325787697,0.03940289559748802
3,RI0040800,"Pawtucket, RI",rape,-0.03844243170372693,-0.057389267721438986,0.039448347570707885
4,RI0040800,"Pawtucket, RI",rape,9.843442890189009e-4,0.005314205420018225,0.03941704541572926
5,RI0040800,"Pawtucket, RI",rape,0.04975363918948855,0.06977349704351575,0.03944834757070789
6,RI0040800,"Pawtucket, RI",rape,0.0540459096652648,0.04618727181003769,0.03940289559748802
7,RI0040800,"Pawtucket, RI",rape,0.04279756554542923,0.004733748986618377,0.03947401472489202
8,RI0040800,"Pawtucket, RI",rape,0.06016748517053278,0.03987504174725977,0.03940289559748802
9,RI0040800,"Pawtucket, RI",rape,0.06286767594923165,0.0806484596876346,0.03944834757070789
10,RI0040800,"Pawtucket, RI",rape,8.947043801548035e-5,0.024260668056794603,0.03941704541572926
11,RI0040800,"Pawtucket, RI",rape,-0.07310506870795891,-0.06345781553289857,0.039448347570707885
12,RI0040800,"Pawtucket, RI",rape,-0.07847115391076953,-0.06944646377623334,0.03940289559748801
1,SC0020000,"Aiken, SC",rape,-0.04387138027246358,-0.07828694305797723,0.03912528921939687
2,SC0020000,"Aiken, SC",rape,-0.036816055652062446,-0.026838596692066383,0.038966317449226434
3,SC0020000,"Aiken, SC",rape,-0.03844243170372693,-0.004666163645661246,0.039148583192138195
4,SC0020000,"Aiken, SC",rape,9.843442890189009e-4,-0.005101573748704864,0.03895526508309893
5,SC0020000,"Aiken, SC",rape,0.04975363918948855,0.0182459269251318,0.0391485831921382
6,SC0020000,"Aiken, SC",rape,0.0540459096652648,0.05817444429490821,0.038966317449226434
7,SC0020000,"Aiken, SC",rape,0.04279756554542923,0.07176242365392096,0.03912528921939687
8,SC0020000,"Aiken, SC",rape,0.06016748517053278,0.058703066885621935,0.038966317449226434
9,SC0020000,"Aiken, SC",rape,0.06286767594923165,0.04305515324327309,0.0391485831921382
10,SC0020000,"Aiken, SC",rape,8.947043801548035e-5,0.011626093152761145,0.03895526508309893
11,SC0020000,"Aiken, SC",rape,-0.07310506870795891,-0.05011039711868739,0.039148583192138195
12,SC0020000,"Aiken, SC",rape,-0.07847115391076953,-0.09656343389252002,0.038966317449226434
1,SC0040000,"Anderson, SC",rape,-0.04387138027246358,-0.038965574225761995,0.03799408647657204
2,SC0040000,"Anderson, SC",rape,-0.036816055652062446,-0.0358059286008239,0.038054833968242864
3,SC0040000,"Anderson, SC",rape,-0.03844243170372693,-0.04957772707358192,0.03802494833604728
4,SC0040000,"Anderson, SC",rape,9.843442890189009e-4,-0.016015947210240397,0.0380645296978765
5,SC0040000,"Anderson, SC",rape,0.04975363918948855,0.05045611893632391,0.03802494833604729
6,SC0040000,"Anderson, SC",rape,0.0540459096652648,0.07727521484228508,0.038054833968242864
7,SC0040000,"Anderson, SC",rape,0.04279756554542923,0.060592413248165125,0.037994086476572035
8,SC0040000,"Anderson, SC",rape,0.06016748517053278,0.05171400496346692,0.038054833968242864
9,SC0040000,"Anderson, SC",rape,0.06286767594923165,0.04385896441382185,0.03802494833604729
10,SC0040000,"Anderson, SC",rape,8.947043801548035e-5,-0.005610891812162699,0.0380645296978765
11,SC0040000,"Anderson, SC",rape,-0.07310506870795891,-0.06636419529896695,0.03802494833604728
12,SC0040000,"Anderson, SC",rape,-0.07847115391076953,-0.07155645218252502,0.038054833968242864
1,SC0070000,"Beaufort, SC",rape,-0.04387138027246358,-0.05060858816978437,0.0392407058263967
2,SC0070000,"Beaufort, SC",rape,-0.036816055652062446,-0.04121532084857925,0.03929719104464805
3,SC0070000,"Beaufort, SC",rape,-0.03844243170372693,-0.03152551156255668,0.039278380026290013
4,SC0070000,"Beaufort, SC",rape,9.843442890189009e-4,0.019038757641563767,0.0393096324894146
5,SC0070000,"Beaufort, SC",rape,0.04975363918948855,0.06478344634108797,0.039278380026290013
6,SC0070000,"Beaufort, SC",rape,0.0540459096652648,0.05746011128792705,0.03929719104464805
7,SC0070000,"Beaufort, SC",rape,0.04279756554542923,0.041641650261054444,0.039240705826396695
8,SC0070000,"Beaufort, SC",rape,0.06016748517053278,0.060839925039915053,0.03929719104464805
9,SC0070000,"Beaufort, SC",rape,0.06286767594923165,0.060117053662622454,0.039278380026290013
10,SC0070000,"Beaufort, SC",rape,8.947043801548035e-5,-0.010071819732833805,0.0393096324894146
11,SC0070000,"Beaufort, SC",rape,-0.07310506870795891,-0.08440805053242381,0.039278380026290013
12,SC0070000,"Beaufort, SC",rape,-0.07847115391076953,-0.08605165338799284,0.03929719104464805
1,SC0080000,"Berkeley, SC",rape,-0.04387138027246358,-0.016549506268141077,0.0394130017727144
2,SC0080000,"Berkeley, SC",rape,-0.036816055652062446,-0.04290911161798155,0.03928929538900627
3,SC0080000,"Berkeley, SC",rape,-0.03844243170372693,-0.0776155381076152,0.03947200125702095
4,SC0080000,"Berkeley, SC",rape,9.843442890189009e-4,-0.01269791702062863,0.03929310404227956
5,SC0080000,"Berkeley, SC",rape,0.04975363918948855,0.07132125614123815,0.03947200125702096
6,SC0080000,"Berkeley, SC",rape,0.0540459096652648,0.05675808140523554,0.03928929538900627
7,SC0080000,"Berkeley, SC",rape,0.04279756554542923,0.01478774852016397,0.039413001772714396
8,SC0080000,"Berkeley, SC",rape,0.06016748517053278,0.05247205275501426,0.03928929538900627
9,SC0080000,"Berkeley, SC",rape,0.06286767594923165,0.08894023699262506,0.03947200125702096
10,SC0080000,"Berkeley, SC",rape,8.947043801548035e-5,0.014459674768605792,0.03929310404227956
11,SC0080000,"Berkeley, SC",rape,-0.07310506870795891,-0.08088419727827087,0.03947200125702095
12,SC0080000,"Berkeley, SC",rape,-0.07847115391076953,-0.06808278029024545,0.03928929538900627
1,SC0100100,"Charleston, SC",rape,-0.04387138027246358,-0.04651659839549331,0.03920467582392634
2,SC0100100,"Charleston, SC",rape,-0.036816055652062446,-0.06175408570485549,0.03919175109226571
3,SC0100100,"Charleston, SC",rape,-0.03844243170372693,-0.06162521739809503,0.03914467377398964
4,SC0100100,"Charleston, SC",rape,9.843442890189009e-4,0.01120546529993522,0.03911394927070137
5,SC0100100,"Charleston, SC",rape,0.04975363918948855,0.07493987511859945,0.03914467377398965
6,SC0100100,"Charleston, SC",rape,0.0540459096652648,0.06380859591693704,0.03919175109226571
7,SC0100100,"Charleston, SC",rape,0.04279756554542923,0.050351788904499005,0.03920467582392633
8,SC0100100,"Charleston, SC",rape,0.06016748517053278,0.08546324999829603,0.03919175109226571
9,SC0100100,"Charleston, SC",rape,0.06286767594923165,0.08149919118252993,0.03914467377398965
10,SC0100100,"Charleston, SC",rape,8.947043801548035e-5,-0.015040655808940859,0.03911394927070137
11,SC0100100,"Charleston, SC",rape,-0.07310506870795891,-0.09864903941204003,0.03914467377398964
12,SC0100100,"Charleston, SC",rape,-0.07847115391076953,-0.08368256970137197,0.039191751092265706
1,SC0100300,"Mount Pleasant, SC",rape,-0.04387138027246358,-0.04627241230374064,0.04063701298862899
2,SC0100300,"Mount Pleasant, SC",rape,-0.036816055652062446,-0.042678390618432566,0.04065505301017871
3,SC0100300,"Mount Pleasant, SC",rape,-0.03844243170372693,-0.04023276735084702,0.04064425213761444
4,SC0100300,"Mount Pleasant, SC",rape,9.843442890189009e-4,0.005001988327418505,0.040650278877398374
5,SC0100300,"Mount Pleasant, SC",rape,0.04975363918948855,0.05366883494430855,0.040644252137614446
6,SC0100300,"Mount Pleasant, SC",rape,0.0540459096652648,0.054103827483927565,0.04065505301017871
7,SC0100300,"Mount Pleasant, SC",rape,0.04279756554542923,0.0412385043115014,0.040637012988628984
8,SC0100300,"Mount Pleasant, SC",rape,0.06016748517053278,0.05898635935365077,0.04065505301017871
9,SC0100300,"Mount Pleasant, SC",rape,0.06286767594923165,0.0615746440783045,0.040644252137614446
10,SC0100300,"Mount Pleasant, SC",rape,8.947043801548035e-5,3.191966482076408e-5,0.040650278877398374
11,SC0100300,"Mount Pleasant, SC",rape,-0.07310506870795891,-0.06997680367952677,0.04064425213761444
12,SC0100300,"Mount Pleasant, SC",rape,-0.07847115391076953,-0.07544570421138505,0.04065505301017871
1,SC0100800,"North Charleston, SC",rape,-0.04387138027246358,-0.035437510926305156,0.037792918248443816
2,SC0100800,"North Charleston, SC",rape,-0.036816055652062446,-0.018212575886215,0.03780250396264266
3,SC0100800,"North Charleston, SC",rape,-0.03844243170372693,-0.028848665094441124,0.037834234698253096
4,SC0100800,"North Charleston, SC",rape,9.843442890189009e-4,-0.004173936772758024,0.037919966800584175
5,SC0100800,"North Charleston, SC",rape,0.04975363918948855,0.051495035396481634,0.0378342346982531
6,SC0100800,"North Charleston, SC",rape,0.0540459096652648,0.07724063269278045,0.03780250396264266
7,SC0100800,"North Charleston, SC",rape,0.04279756554542923,0.06673457165611914,0.03779291824844381
8,SC0100800,"North Charleston, SC",rape,0.06016748517053278,0.05733758615028602,0.03780250396264266
9,SC0100800,"North Charleston, SC",rape,0.06286767594923165,0.03667661462869821,0.0378342346982531
10,SC0100800,"North Charleston, SC",rape,8.947043801548035e-5,-0.027123123957055927,0.037919966800584175
11,SC0100800,"North Charleston, SC",rape,-0.07310506870795891,-0.09062004566055266,0.037834234698253096
12,SC0100800,"North Charleston, SC",rape,-0.07847115391076953,-0.08506858222703755,0.03780250396264266
1,SC0230000,"Greenville, SC",rape,-0.04387138027246358,-0.021226624882267998,0.03544201503210952
2,SC0230000,"Greenville, SC",rape,-0.036816055652062446,9.758473631016777e-4,0.03559057594407581
3,SC0230000,"Greenville, SC",rape,-0.03844243170372693,-0.027638313631254973,0.03551810744393485
4,SC0230000,"Greenville, SC",rape,9.843442890189009e-4,-0.006975912596981318,0.03555907152659717
5,SC0230000,"Greenville, SC",rape,0.04975363918948855,0.04893259886797385,0.03551810744393485
6,SC0230000,"Greenville, SC",rape,0.0540459096652648,0.051596504016177984,0.03559057594407581
7,SC0230000,"Greenville, SC",rape,0.04279756554542923,0.02597422498458068,0.03544201503210952
8,SC0230000,"Greenville, SC",rape,0.06016748517053278,0.05070356475385903,0.03559057594407581
9,SC0230000,"Greenville, SC",rape,0.06286767594923165,0.07457012564590305,0.035518107443934854
10,SC0230000,"Greenville, SC",rape,8.947043801548035e-5,0.0022283124946686898,0.03555907152659717
11,SC0230000,"Greenville, SC",rape,-0.07310506870795891,-0.10061201098493458,0.03551810744393485
12,SC0230000,"Greenville, SC",rape,-0.07847115391076953,-0.09852831603082611,0.03559057594407581
1,SC0230200,"Greenville, SC",rape,-0.04387138027246358,-0.06257459094460624,0.039989995033565935
2,SC0230200,"Greenville, SC",rape,-0.036816055652062446,-0.04385034949384708,0.04000587712635625
3,SC0230200,"Greenville, SC",rape,-0.03844243170372693,-0.034589165483331186,0.039985387516499604
4,SC0230200,"Greenville, SC",rape,9.843442890189009e-4,0.009242469942237872,0.03998471773650039
5,SC0230200,"Greenville, SC",rape,0.04975363918948855,0.06417808733278756,0.03998538751649961
6,SC0230200,"Greenville, SC",rape,0.0540459096652648,0.07413737948303042,0.04000587712635625
7,SC0230200,"Greenville, SC",rape,0.04279756554542923,0.055805809091849054,0.039989995033565935
8,SC0230200,"Greenville, SC",rape,0.06016748517053278,0.05793320464212358,0.04000587712635625
9,SC0230200,"Greenville, SC",rape,0.06286767594923165,0.055440802484364914,0.03998538751649961
10,SC0230200,"Greenville, SC",rape,8.947043801548035e-5,-0.002473688089480647,0.03998471773650039
11,SC0230200,"Greenville, SC",rape,-0.07310506870795891,-0.07826094248106408,0.03998538751649961
12,SC0230200,"Greenville, SC",rape,-0.07847115391076953,-0.09498901648406416,0.04000587712635625
1,SC0260400,"Horry, SC",rape,-0.04387138027246358,-0.010026477597912354,0.036478034939706847
2,SC0260400,"Horry, SC",rape,-0.036816055652062446,-0.051698193952039465,0.03650680054897398
3,SC0260400,"Horry, SC",rape,-0.03844243170372693,-0.10670486907288085,0.036591502691221606
4,SC0260400,"Horry, SC",rape,9.843442890189009e-4,-0.05581264627960825,0.03670222701085158
5,SC0260400,"Horry, SC",rape,0.04975363918948855,0.049348205262593633,0.036591502691221606
6,SC0260400,"Horry, SC",rape,0.0540459096652648,0.08364311402789279,0.03650680054897398
7,SC0260400,"Horry, SC",rape,0.04279756554542923,0.06375029891027709,0.036478034939706847
8,SC0260400,"Horry, SC",rape,0.06016748517053278,0.07229254654672196,0.03650680054897398
9,SC0260400,"Horry, SC",rape,0.06286767594923165,0.07357540035519863,0.036591502691221606
10,SC0260400,"Horry, SC",rape,8.947043801548035e-5,0.0020888249672435496,0.03670222701085158
11,SC0260400,"Horry, SC",rape,-0.07310506870795891,-0.06994255785727616,0.036591502691221606
12,SC0260400,"Horry, SC",rape,-0.07847115391076953,-0.05051364531021062,0.03650680054897398
1,SC0290000,"Lancaster, SC",rape,-0.04387138027246358,-0.0667558185275994,0.03922682809796779
2,SC0290000,"Lancaster, SC",rape,-0.036816055652062446,-0.06177670120509714,0.03921914722352522
3,SC0290000,"Lancaster, SC",rape,-0.03844243170372693,-0.04545656869808666,0.03916473039054159
4,SC0290000,"Lancaster, SC",rape,9.843442890189009e-4,0.015715220200836766,0.03918297738741212
5,SC0290000,"Lancaster, SC",rape,0.04975363918948855,0.06841558453409027,0.03916473039054159
6,SC0290000,"Lancaster, SC",rape,0.0540459096652648,0.06242334253977761,0.03921914722352522
7,SC0290000,"Lancaster, SC",rape,0.04279756554542923,0.045748806162110585,0.039226828097967785
8,SC0290000,"Lancaster, SC",rape,0.06016748517053278,0.06664916583900632,0.03921914722352522
9,SC0290000,"Lancaster, SC",rape,0.06286767594923165,0.07133604569748468,0.03916473039054159
10,SC0290000,"Lancaster, SC",rape,8.947043801548035e-5,0.005291792164652095,0.03918297738741212
11,SC0290000,"Lancaster, SC",rape,-0.07310506870795891,-0.07328804916799948,0.03916473039054159
12,SC0290000,"Lancaster, SC",rape,-0.07847115391076953,-0.08830281953917565,0.03921914722352522
1,SC0320000,"Lexington, SC",rape,-0.04387138027246358,-0.03254394609442455,0.03816780492384714
2,SC0320000,"Lexington, SC",rape,-0.036816055652062446,-0.05556764308655471,0.0383246720444438
3,SC0320000,"Lexington, SC",rape,-0.03844243170372693,-0.05215012124497826,0.03823235198234729
4,SC0320000,"Lexington, SC",rape,9.843442890189009e-4,0.005541639858310784,0.03835196777011081
5,SC0320000,"Lexington, SC",rape,0.04975363918948855,0.03933532875873157,0.0382323519823473
6,SC0320000,"Lexington, SC",rape,0.0540459096652648,0.023141500160425696,0.0383246720444438
7,SC0320000,"Lexington, SC",rape,0.04279756554542923,0.034874408560428796,0.03816780492384713
8,SC0320000,"Lexington, SC",rape,0.06016748517053278,0.08757167580869017,0.0383246720444438
9,SC0320000,"Lexington, SC",rape,0.06286767594923165,0.08182369150110952,0.0382323519823473
10,SC0320000,"Lexington, SC",rape,8.947043801548035e-5,-0.007872102324314987,0.03835196777011081
11,SC0320000,"Lexington, SC",rape,-0.07310506870795891,-0.07133936148086706,0.03823235198234729
12,SC0320000,"Lexington, SC",rape,-0.07847115391076953,-0.05281507041655697,0.0383246720444438
1,SC0460300,"Rock Hill, SC",rape,-0.04387138027246358,-0.0377755369448627,0.03962328153095438
2,SC0460300,"Rock Hill, SC",rape,-0.036816055652062446,-0.03382566928584341,0.03965230513857886
3,SC0460300,"Rock Hill, SC",rape,-0.03844243170372693,-0.051114655463742886,0.03962456524829169
4,SC0460300,"Rock Hill, SC",rape,9.843442890189009e-4,-0.018838694294477987,0.039678327640503656
5,SC0460300,"Rock Hill, SC",rape,0.04975363918948855,0.05108436575736888,0.03962456524829169
6,SC0460300,"Rock Hill, SC",rape,0.0540459096652648,0.08139631743770968,0.03965230513857886
7,SC0460300,"Rock Hill, SC",rape,0.04279756554542923,0.06494775715270835,0.039623281530954374
8,SC0460300,"Rock Hill, SC",rape,0.06016748517053278,0.05472272025497211,0.03965230513857886
9,SC0460300,"Rock Hill, SC",rape,0.06286767594923165,0.04483948622502597,0.0396245652482917
10,SC0460300,"Rock Hill, SC",rape,8.947043801548035e-5,-0.008333525913367635,0.039678327640503656
11,SC0460300,"Rock Hill, SC",rape,-0.07310506870795891,-0.07198141672649759,0.03962456524829169
12,SC0460300,"Rock Hill, SC",rape,-0.07847115391076953,-0.07512114819899278,0.03965230513857886
1,TN0190100,"Nashville, TN",rape,-0.04387138027246358,-0.038489441509292815,0.031185872996793526
2,TN0190100,"Nashville, TN",rape,-0.036816055652062446,-0.03769023261496947,0.031304031991728834
3,TN0190100,"Nashville, TN",rape,-0.03844243170372693,-0.047897578732607395,0.031266287022827
4,TN0190100,"Nashville, TN",rape,9.843442890189009e-4,-0.007918113692173703,0.03130142247664449
5,TN0190100,"Nashville, TN",rape,0.04975363918948855,0.043415385112285085,0.03126628702282701
6,TN0190100,"Nashville, TN",rape,0.0540459096652648,0.04732132656136712,0.031304031991728834
7,TN0190100,"Nashville, TN",rape,0.04279756554542923,0.04274666962979573,0.03118587299679352
8,TN0190100,"Nashville, TN",rape,0.06016748517053278,0.07438575787630855,0.031304031991728834
9,TN0190100,"Nashville, TN",rape,0.06286767594923165,0.08033587587344361,0.03126628702282701
10,TN0190100,"Nashville, TN",rape,8.947043801548035e-5,0.003660885571670828,0.03130142247664449
11,TN0190100,"Nashville, TN",rape,-0.07310506870795891,-0.0801109103736242,0.031266287022827
12,TN0190100,"Nashville, TN",rape,-0.07847115391076953,-0.07975962370220335,0.031304031991728834
1,TN0330000,"Hamilton, TN",rape,-0.04387138027246358,-0.03899523046552121,0.0400827457937614
2,TN0330000,"Hamilton, TN",rape,-0.036816055652062446,-0.04068331491965684,0.04011584966770176
3,TN0330000,"Hamilton, TN",rape,-0.03844243170372693,-0.033186094650503664,0.040082873409535605
4,TN0330000,"Hamilton, TN",rape,9.843442890189009e-4,0.006154665841753749,0.04012555701087877
5,TN0330000,"Hamilton, TN",rape,0.04975363918948855,0.04060946089648926,0.04008287340953561
6,TN0330000,"Hamilton, TN",rape,0.0540459096652648,0.046410091847049535,0.04011584966770176
7,TN0330000,"Hamilton, TN",rape,0.04279756554542923,0.05314304932213532,0.04008274579376139
8,TN0330000,"Hamilton, TN",rape,0.06016748517053278,0.06836184585032021,0.04011584966770176
9,TN0330000,"Hamilton, TN",rape,0.06286767594923165,0.04671680672455296,0.04008287340953561
10,TN0330000,"Hamilton, TN",rape,8.947043801548035e-5,-0.020302484698367835,0.04012555701087877
11,TN0330000,"Hamilton, TN",rape,-0.07310506870795891,-0.06828799182715264,0.040082873409535605
12,TN0330000,"Hamilton, TN",rape,-0.07847115391076953,-0.05994080392109882,0.04011584966770176
1,TN0330100,"Chattanooga, TN",rape,-0.04387138027246358,-0.07549649561956218,0.03589870406338366
2,TN0330100,"Chattanooga, TN",rape,-0.036816055652062446,-0.022718763688135555,0.03596658191250815
3,TN0330100,"Chattanooga, TN",rape,-0.03844243170372693,-0.00795168784164998,0.03592900161366564
4,TN0330100,"Chattanooga, TN",rape,9.843442890189009e-4,0.006101692449024979,0.03593610250516905
5,TN0330100,"Chattanooga, TN",rape,0.04975363918948855,0.04400057501972079,0.03592900161366565
6,TN0330100,"Chattanooga, TN",rape,0.0540459096652648,0.06721665470385686,0.03596658191250815
7,TN0330100,"Chattanooga, TN",rape,0.04279756554542923,0.05982209658701732,0.03589870406338366
8,TN0330100,"Chattanooga, TN",rape,0.06016748517053278,0.057908824967680725,0.03596658191250815
9,TN0330100,"Chattanooga, TN",rape,0.06286767594923165,0.05881614815374005,0.03592900161366565
10,TN0330100,"Chattanooga, TN",rape,8.947043801548035e-5,0.009572706583519913,0.03593610250516905
11,TN0330100,"Chattanooga, TN",rape,-0.07310506870795891,-0.07919063629926598,0.03592900161366564
12,TN0330100,"Chattanooga, TN",rape,-0.07847115391076953,-0.11808111501594692,0.03596658191250815
1,TN0470000,"Knox, TN",rape,-0.04387138027246358,-0.045133886093041885,0.03835072680654291
2,TN0470000,"Knox, TN",rape,-0.036816055652062446,-0.04757038493126042,0.038474782299346956
3,TN0470000,"Knox, TN",rape,-0.03844243170372693,-0.06155757581943168,0.0384373387806779
4,TN0470000,"Knox, TN",rape,9.843442890189009e-4,-0.009630585584852552,0.038389578935255325
5,TN0470000,"Knox, TN",rape,0.04975363918948855,0.07350111093269622,0.038437338780677906
6,TN0470000,"Knox, TN",rape,0.0540459096652648,0.08984433153627354,0.038474782299346956
7,TN0470000,"Knox, TN",rape,0.04279756554542923,0.05148854282752552,0.038350726806542904
8,TN0470000,"Knox, TN",rape,0.06016748517053278,0.042103292868503936,0.038474782299346956
9,TN0470000,"Knox, TN",rape,0.06286767594923165,0.049735827022191585,0.038437338780677906
10,TN0470000,"Knox, TN",rape,8.947043801548035e-5,0.00327592885036895,0.038389578935255325
11,TN0470000,"Knox, TN",rape,-0.07310506870795891,-0.06803401886993975,0.0384373387806779
12,TN0470000,"Knox, TN",rape,-0.07847115391076953,-0.07802258273903347,0.038474782299346956
1,TN0470100,"Knoxville, TN",rape,-0.04387138027246358,-0.055896880886225714,0.03616966081036422
2,TN0470100,"Knoxville, TN",rape,-0.036816055652062446,-0.02415475721308549,0.03621643803920777
3,TN0470100,"Knoxville, TN",rape,-0.03844243170372693,-0.018622227853099374,0.03617612245046299
4,TN0470100,"Knoxville, TN",rape,9.843442890189009e-4,0.010753645577667868,0.036217014232053285
5,TN0470100,"Knoxville, TN",rape,0.04975363918948855,0.053676293283435574,0.036176122450463
6,TN0470100,"Knoxville, TN",rape,0.0540459096652648,0.053719575931761875,0.03621643803920777
7,TN0470100,"Knoxville, TN",rape,0.04279756554542923,0.02955086128357222,0.03616966081036421
8,TN0470100,"Knoxville, TN",rape,0.06016748517053278,0.04221449991679713,0.03621643803920777
9,TN0470100,"Knoxville, TN",rape,0.06286767594923165,0.06302799015946454,0.036176122450463
10,TN0470100,"Knoxville, TN",rape,8.947043801548035e-5,0.015592374024985662,0.036217014232053285
11,TN0470100,"Knoxville, TN",rape,-0.07310506870795891,-0.07173603598714723,0.03617612245046299
12,TN0470100,"Knoxville, TN",rape,-0.07847115391076953,-0.09812533823812705,0.03621643803920777
1,TN0570100,"Jackson, TN",rape,-0.04387138027246358,-0.0397842081533384,0.04004550641441005
2,TN0570100,"Jackson, TN",rape,-0.036816055652062446,-0.04476252535429601,0.04007682221365571
3,TN0570100,"Jackson, TN",rape,-0.03844243170372693,-0.047932146894030137,0.040068764538248466
4,TN0570100,"Jackson, TN",rape,9.843442890189009e-4,0.0058688339567903695,0.04006539599899755
5,TN0570100,"Jackson, TN",rape,0.04975363918948855,0.06405637503112344,0.04006876453824847
6,TN0570100,"Jackson, TN",rape,0.0540459096652648,0.061255382222578966,0.04007682221365571
7,TN0570100,"Jackson, TN",rape,0.04279756554542923,0.04061076940416506,0.04004550641441004
8,TN0570100,"Jackson, TN",rape,0.06016748517053278,0.05713549095901239,0.04007682221365571
9,TN0570100,"Jackson, TN",rape,0.06286767594923165,0.05947855124791989,0.04006876453824847
10,TN0570100,"Jackson, TN",rape,8.947043801548035e-5,-0.006695395207616999,0.04006539599899755
11,TN0570100,"Jackson, TN",rape,-0.07310506870795891,-0.07642934063583984,0.040068764538248466
12,TN0570100,"Jackson, TN",rape,-0.07847115391076953,-0.07280178657646874,0.04007682221365571
1,TN0600300,"Spring Hill, TN",rape,-0.04387138027246358,-0.029735452765521826,0.040967231034352104
2,TN0600300,"Spring Hill, TN",rape,-0.036816055652062446,-0.03251016474283802,0.04097097231099722
3,TN0600300,"Spring Hill, TN",rape,-0.03844243170372693,-0.0474874294250681,0.040972415952016644
4,TN0600300,"Spring Hill, TN",rape,9.843442890189009e-4,-0.004449300553973405,0.04097705279181175
5,TN0600300,"Spring Hill, TN",rape,0.04975363918948855,0.05854371128569007,0.040972415952016644
6,TN0600300,"Spring Hill, TN",rape,0.0540459096652648,0.06555373342999894,0.04097097231099722
7,TN0600300,"Spring Hill, TN",rape,0.04279756554542923,0.04338184343177269,0.0409672310343521
8,TN0600300,"Spring Hill, TN",rape,0.06016748517053278,0.05203300166957458,0.04097097231099722
9,TN0600300,"Spring Hill, TN",rape,0.06286767594923165,0.053363875685553834,0.04097241595201665
10,TN0600300,"Spring Hill, TN",rape,8.947043801548035e-5,-0.009197090112277425,0.04097705279181175
11,TN0600300,"Spring Hill, TN",rape,-0.07310506870795891,-0.07806654821242665,0.040972415952016644
12,TN0600300,"Spring Hill, TN",rape,-0.07847115391076953,-0.0714301796904847,0.04097097231099722
1,TN0630100,"Clarksville, TN",rape,-0.04387138027246358,-0.013534371418393504,0.03720769417437301
2,TN0630100,"Clarksville, TN",rape,-0.036816055652062446,-0.012196742662630409,0.03726502661490542
3,TN0630100,"Clarksville, TN",rape,-0.03844243170372693,-0.042514700100531176,0.03720420567583967
4,TN0630100,"Clarksville, TN",rape,9.843442890189009e-4,-0.015014176481817843,0.03726806103452917
5,TN0630100,"Clarksville, TN",rape,0.04975363918948855,0.046173291101603835,0.03720420567583968
6,TN0630100,"Clarksville, TN",rape,0.0540459096652648,0.05664945716215302,0.03726502661490542
7,TN0630100,"Clarksville, TN",rape,0.04279756554542923,0.03562982149998865,0.037207694174373
8,TN0630100,"Clarksville, TN",rape,0.06016748517053278,0.04866219543976691,0.037265026614905425
9,TN0630100,"Clarksville, TN",rape,0.06286767594923165,0.05688470279607257,0.03720420567583968
10,TN0630100,"Clarksville, TN",rape,8.947043801548035e-5,-0.007081273599777261,0.03726806103452917
11,TN0630100,"Clarksville, TN",rape,-0.07310506870795891,-0.082638743878740345,0.03720420567583967
12,TN0630100,"Clarksville, TN",rape,-0.07847115391076953,-0.07101945985769445,0.03726502661490542
1,TN0750000,"Rutherford, TN",rape,-0.04387138027246358,-0.048953223721519626,0.0401248089617006
2,TN0750000,"Rutherford, TN",rape,-0.036816055652062446,-0.038345132959521674,0.040156960304386945
3,TN0750000,"Rutherford, TN",rape,-0.03844243170372693,-0.03479180100360914,0.04016813340050185
4,TN0750000,"Rutherford, TN",rape,9.843442890189009e-4,0.005018435926620022,0.040164637031647084
5,TN0750000,"Rutherford, TN",rape,0.04975363918948855,0.05856841697508372,0.040168133400501856
6,TN0750000,"Rutherford, TN",rape,0.0540459096652648,0.07243852120823657,0.040156960304386945
7,TN0750000,"Rutherford, TN",rape,0.04279756554542923,0.05700718166221875,0.04012480896170059
8,TN0750000,"Rutherford, TN",rape,0.06016748517053278,0.05253220685611661,0.040156960304386945
9,TN0750000,"Rutherford, TN",rape,0.06286767594923165,0.04092491695950498,0.040168133400501856
10,TN0750000,"Rutherford, TN",rape,8.947043801548035e-5,-0.01307239386731912,0.040164637031647084
11,TN0750000,"Rutherford, TN",rape,-0.07310506870795891,-0.07275549087167868,0.04016813340050185
12,TN0750000,"Rutherford, TN",rape,-0.07847115391076953,-0.07857163716413242,0.040156960304386945
1,TN0750100,"Murfreesboro, TN",rape,-0.04387138027246358,-0.03314523848808033,0.03707298267789405
2,TN0750100,"Murfreesboro, TN",rape,-0.036816055652062446,-0.03341429364703452,0.03716519617044195
3,TN0750100,"Murfreesboro, TN",rape,-0.03844243170372693,-0.04990439779459514,0.03711515437182532
4,TN0750100,"Murfreesboro, TN",rape,9.843442890189009e-4,-0.014982034360592143,0.0371676569820538
5,TN0750100,"Murfreesboro, TN",rape,0.04975363918948855,0.04311223210226901,0.037115154371825325
6,TN0750100,"Murfreesboro, TN",rape,0.0540459096652648,0.05150568961085456,0.03716519617044195
7,TN0750100,"Murfreesboro, TN",rape,0.04279756554542923,0.032849366442835704,0.037072982677894044
8,TN0750100,"Murfreesboro, TN",rape,0.06016748517053278,0.049556906209178075,0.03716519617044195
9,TN0750100,"Murfreesboro, TN",rape,0.06286767594923165,0.06634288240198334,0.037115154371825325
10,TN0750100,"Murfreesboro, TN",rape,8.947043801548035e-5,0.0152779064058368,0.0371676569820538
11,TN0750100,"Murfreesboro, TN",rape,-0.07310506870795891,-0.05925484466441259,0.03711515437182532
12,TN0750100,"Murfreesboro, TN",rape,-0.07847115391076953,-0.0679441742182428,0.03716519617044195
1,TN0750200,"Smyrna, TN",rape,-0.04387138027246358,-0.05202984108462719,0.040408579229440446
2,TN0750200,"Smyrna, TN",rape,-0.036816055652062446,-0.037998741520517056,0.040416595610766
3,TN0750200,"Smyrna, TN",rape,-0.03844243170372693,-0.03290057002558094,0.040421974750158254
4,TN0750200,"Smyrna, TN",rape,9.843442890189009e-4,0.002031680436481542,0.04040951653796107
5,TN0750200,"Smyrna, TN",rape,0.04975363918948855,0.04881902195215479,0.04042197475015826
6,TN0750200,"Smyrna, TN",rape,0.0540459096652648,0.060534888076794025,0.040416595610766
7,TN0750200,"Smyrna, TN",rape,0.04279756554542923,0.049374123543226595,0.04040857922944044
8,TN0750200,"Smyrna, TN",rape,0.06016748517053278,0.053689242350085445,0.040416595610766
9,TN0750200,"Smyrna, TN",rape,0.06286767594923165,0.05124678839654995,0.04042197475015826
10,TN0750200,"Smyrna, TN",rape,8.947043801548035e-5,6.24037104919079e-4,0.04040951653796107
11,TN0750200,"Smyrna, TN",rape,-0.07310506870795891,-0.0645095227817232,0.040421974750158254
12,TN0750200,"Smyrna, TN",rape,-0.07847115391076953,-0.07888110644776304,0.040416595610766
1,TN0790000,"Shelby, TN",rape,-0.04387138027246358,-0.040182360088337095,0.039658276578155106
2,TN0790000,"Shelby, TN",rape,-0.036816055652062446,-0.05116321907414609,0.03965821822764939
3,TN0790000,"Shelby, TN",rape,-0.03844243170372693,-0.06356468436489578,0.0396945856032406
4,TN0790000,"Shelby, TN",rape,9.843442890189009e-4,0.0033584216649318824,0.039607020543704546
5,TN0790000,"Shelby, TN",rape,0.04975363918948855,0.08263994658682224,0.03969458560324061
6,TN0790000,"Shelby, TN",rape,0.0540459096652648,0.07480948846038522,0.03965821822764939
7,TN0790000,"Shelby, TN",rape,0.04279756554542923,0.03287081670281554,0.0396582765781551
8,TN0790000,"Shelby, TN",rape,0.06016748517053278,0.04896455652602262,0.03965821822764939
9,TN0790000,"Shelby, TN",rape,0.06286767594923165,0.06867756520229389,0.03969458560324061
10,TN0790000,"Shelby, TN",rape,8.947043801548035e-5,0.00395312172058971,0.039607020543704546
11,TN0790000,"Shelby, TN",rape,-0.07310506870795891,-0.0804412840386988,0.0396945856032406
12,TN0790000,"Shelby, TN",rape,-0.07847115391076953,-0.07992236929778337,0.03965821822764938
1,TN0790100,"Collierville, TN",rape,-0.04387138027246358,-0.045381260322331314,0.04105539761385325
2,TN0790100,"Collierville, TN",rape,-0.036816055652062446,-0.034612647394031595,0.041061150234859886
3,TN0790100,"Collierville, TN",rape,-0.03844243170372693,-0.0338082329129241,0.04106246141016963
4,TN0790100,"Collierville, TN",rape,9.843442890189009e-4,0.0024023141243534303,0.04106135448440276
5,TN0790100,"Collierville, TN",rape,0.04975363918948855,0.05019645903920182,0.041062461410169636
6,TN0790100,"Collierville, TN",rape,0.0540459096652648,0.05840055380342059,0.041061150234859886
7,TN0790100,"Collierville, TN",rape,0.04279756554542923,0.04594759904994925,0.041055397613853246
8,TN0790100,"Collierville, TN",rape,0.06016748517053278,0.05433430508223754,0.041061150234859886
9,TN0790100,"Collierville, TN",rape,0.06286767594923165,0.05296355187351214,0.041062461410169636
10,TN0790100,"Collierville, TN",rape,8.947043801548035e-5,-0.002968652851971338,0.04106135448440276
11,TN0790100,"Collierville, TN",rape,-0.07310506870795891,-0.06991811672740779,0.04106246141016963
12,TN0790100,"Collierville, TN",rape,-0.07847115391076953,-0.07755587276400865,0.041061150234859886
1,TN0790600,"Bartlett, TN",rape,-0.04387138027246358,-0.03914760927071282,0.04084992763906081
2,TN0790600,"Bartlett, TN",rape,-0.036816055652062446,-0.03974677922767761,0.04087217100296375
3,TN0790600,"Bartlett, TN",rape,-0.03844243170372693,-0.03660046129491934,0.04085520973800689
4,TN0790600,"Bartlett, TN",rape,9.843442890189009e-4,0.0063486861937084365,0.04085619873910704
5,TN0790600,"Bartlett, TN",rape,0.04975363918948855,0.04977146073326419,0.04085520973800689
6,TN0790600,"Bartlett, TN",rape,0.0540459096652648,0.05078332047393376,0.04087217100296375
7,TN0790600,"Bartlett, TN",rape,0.04279756554542923,0.041664028651650135,0.04084992763906081
8,TN0790600,"Bartlett, TN",rape,0.06016748517053278,0.055185463204560956,0.04087217100296375
9,TN0790600,"Bartlett, TN",rape,0.06286767594923165,0.049522725890865406,0.04085520973800689
10,TN0790600,"Bartlett, TN",rape,8.947043801548035e-5,-0.008865105574645721,0.04085619873910704
11,TN0790600,"Bartlett, TN",rape,-0.07310506870795891,-0.06521014471014756,0.04085520973800689
12,TN0790600,"Bartlett, TN",rape,-0.07847115391076953,-0.06370558506987983,0.04087217100296375
1,TN0820200,"Kingsport, TN",rape,-0.04387138027246358,-0.04431463074818845,0.03999072908477449
2,TN0820200,"Kingsport, TN",rape,-0.036816055652062446,-0.035312184438210444,0.04001423313631364
3,TN0820200,"Kingsport, TN",rape,-0.03844243170372693,-0.02926197278324125,0.04000339398006419
4,TN0820200,"Kingsport, TN",rape,9.843442890189009e-4,0.01411426079549223,0.040019065229984614
5,TN0820200,"Kingsport, TN",rape,0.04975363918948855,0.056144322041824804,0.04000339398006419
6,TN0820200,"Kingsport, TN",rape,0.0540459096652648,0.0504414071701592,0.04001423313631364
7,TN0820200,"Kingsport, TN",rape,0.04279756554542923,0.03556154862159405,0.03999072908477448
8,TN0820200,"Kingsport, TN",rape,0.06016748517053278,0.05382052571426369,0.04001423313631364
9,TN0820200,"Kingsport, TN",rape,0.06286767594923165,0.056523396185888926,0.04000339398006419
10,TN0820200,"Kingsport, TN",rape,8.947043801548035e-5,-0.0053611786688977986,0.040019065229984614
11,TN0820200,"Kingsport, TN",rape,-0.07310506870795891,-0.07465266331787807,0.04000339398006419
12,TN0820200,"Kingsport, TN",rape,-0.07847115391076953,-0.0777028305728069,0.04001423313631364
1,TN0830400,"Hendersonville, TN",rape,-0.04387138027246358,-0.044456608955517764,0.04118679565225322
2,TN0830400,"Hendersonville, TN",rape,-0.036816055652062446,-0.045526873019561515,0.041204558321303125
3,TN0830400,"Hendersonville, TN",rape,-0.03844243170372693,-0.0410253519864833,0.041192633208297275
4,TN0830400,"Hendersonville, TN",rape,9.843442890189009e-4,0.0073643914774472645,0.041198364606908254
5,TN0830400,"Hendersonville, TN",rape,0.04975363918948855,0.053620663909863815,0.04119263320829728
6,TN0830400,"Hendersonville, TN",rape,0.0540459096652648,0.050753541252226794,0.041204558321303125
7,TN0830400,"Hendersonville, TN",rape,0.04279756554542923,0.039374259529277124,0.041186795652253215
8,TN0830400,"Hendersonville, TN",rape,0.06016748517053278,0.05898775030543835,0.041204558321303125
9,TN0830400,"Hendersonville, TN",rape,0.06286767594923165,0.05956857869860081,0.04119263320829728
10,TN0830400,"Hendersonville, TN",rape,8.947043801548035e-5,-0.002282042051206589,0.041198364606908254
11,TN0830400,"Hendersonville, TN",rape,-0.07310506870795891,-0.06708154119574067,0.041192633208297275
12,TN0830400,"Hendersonville, TN",rape,-0.07847115391076953,-0.06929676796434432,0.041204558321303125
1,TN0900100,"Johnson City, TN",rape,-0.04387138027246358,-0.06638252054513495,0.03960911941703829
2,TN0900100,"Johnson City, TN",rape,-0.036816055652062446,-0.06301048767272137,0.03961920030572716
3,TN0900100,"Johnson City, TN",rape,-0.03844243170372693,-0.06639121315701209,0.03961019724179571
4,TN0900100,"Johnson City, TN",rape,9.843442890189009e-4,-0.01646398371753275,0.039625356451262375
5,TN0900100,"Johnson City, TN",rape,0.04975363918948855,0.04816570509521795,0.039610197241795715
6,TN0900100,"Johnson City, TN",rape,0.0540459096652648,0.058552912348586436,0.03961920030572716
7,TN0900100,"Johnson City, TN",rape,0.04279756554542923,0.05048734840062655,0.03960911941703829
8,TN0900100,"Johnson City, TN",rape,0.06016748517053278,0.08357567940831492,0.039619200305727166
9,TN0900100,"Johnson City, TN",rape,0.06286767594923165,0.10285157703711409,0.039610197241795715
10,TN0900100,"Johnson City, TN",rape,8.947043801548035e-5,0.03235915586204119,0.039625356451262375
11,TN0900100,"Johnson City, TN",rape,-0.07310506870795891,-0.06873089683081153,0.03961019724179571
12,TN0900100,"Johnson City, TN",rape,-0.07847115391076953,-0.09501327622868844,0.03961920030572716
1,TN0940100,"Franklin, TN",rape,-0.04387138027246358,-0.02854132659059596,0.04029103508840823
2,TN0940100,"Franklin, TN",rape,-0.036816055652062446,-0.017774169105171506,0.04031742684527872
3,TN0940100,"Franklin, TN",rape,-0.03844243170372693,-0.026762474365549613,0.04037576898786948
4,TN0940100,"Franklin, TN",rape,9.843442890189009e-4,0.014922708678205197,0.0403847910516431
5,TN0940100,"Franklin, TN",rape,0.04975363918948855,0.06619001129611488,0.04037576898786948
6,TN0940100,"Franklin, TN",rape,0.0540459096652648,0.05758784504749379,0.04031742684527872
7,TN0940100,"Franklin, TN",rape,0.04279756554542923,0.03228040071918124,0.04029103508840823
8,TN0940100,"Franklin, TN",rape,0.06016748517053278,0.051394747569843593,0.04031742684527872
9,TN0940100,"Franklin, TN",rape,0.06286767594923165,0.05664397870163646,0.04037576898786949
10,TN0940100,"Franklin, TN",rape,8.947043801548035e-5,-0.018661782806790445,0.0403847910516431
11,TN0940100,"Franklin, TN",rape,-0.07310506870795891,-0.09981058976078697,0.04037576898786948
12,TN0940100,"Franklin, TN",rape,-0.07847115391076953,-0.08746934938358068,0.04031742684527872
1,TNMPD0000,"Memphis, TN",rape,-0.04387138027246358,-0.06973735325733714,0.031544898684374933
2,TNMPD0000,"Memphis, TN",rape,-0.036816055652062446,-0.056503186866124905,0.03167724634692216
3,TNMPD0000,"Memphis, TN",rape,-0.03844243170372693,-0.030621805583353937,0.03156864896528983
4,TNMPD0000,"Memphis, TN",rape,9.843442890189009e-4,0.01738590982416008,0.0316570493357561
5,TNMPD0000,"Memphis, TN",rape,0.04975363918948855,0.049963817964520686,0.03156864896528983
6,TNMPD0000,"Memphis, TN",rape,0.0540459096652648,0.050442473887008496,0.03167724634692216
7,TNMPD0000,"Memphis, TN",rape,0.04279756554542923,0.056650170110824,0.03154489868437493
8,TNMPD0000,"Memphis, TN",rape,0.06016748517053278,0.07965402171495602,0.03167724634692216
9,TNMPD0000,"Memphis, TN",rape,0.06286767594923165,0.06685982357869821,0.03156864896528984
10,TNMPD0000,"Memphis, TN",rape,8.947043801548035e-5,-0.004298726677646919,0.0316570493357561
11,TNMPD0000,"Memphis, TN",rape,-0.07310506870795891,-0.07311465281335182,0.03156864896528983
12,TNMPD0000,"Memphis, TN",rape,-0.07847115391076953,-0.08668049188235276,0.03167724634692216
1,TX0150000,"Bexar, TX",rape,-0.04387138027246358,-0.048463010312143326,0.03669307678311076
2,TX0150000,"Bexar, TX",rape,-0.036816055652062446,-0.05283897349663555,0.03679983362868427
3,TX0150000,"Bexar, TX",rape,-0.03844243170372693,-0.054075913251693156,0.03677616076652725
4,TX0150000,"Bexar, TX",rape,9.843442890189009e-4,-0.006239081290744536,0.036763700309897944
5,TX0150000,"Bexar, TX",rape,0.04975363918948855,0.05380390526146605,0.036776160766527254
6,TX0150000,"Bexar, TX",rape,0.0540459096652648,0.06405544268048961,0.03679983362868427
7,TX0150000,"Bexar, TX",rape,0.04279756554542923,0.04630315547604957,0.03669307678311076
8,TX0150000,"Bexar, TX",rape,0.06016748517053278,0.05200345037350945,0.03679983362868427
9,TX0150000,"Bexar, TX",rape,0.06286767594923165,0.05540024496466084,0.036776160766527254
10,TX0150000,"Bexar, TX",rape,8.947043801548035e-5,0.008398936126838315,0.036763700309897944
11,TX0150000,"Bexar, TX",rape,-0.07310506870795891,-0.05296838213833997,0.03677616076652725
12,TX0150000,"Bexar, TX",rape,-0.07847115391076953,-0.06537977439345731,0.03679983362868427
1,TX0200000,"Brazoria, TX",rape,-0.04387138027246358,-0.058655412259195655,0.039774201528374825
2,TX0200000,"Brazoria, TX",rape,-0.036816055652062446,-0.047626937841317156,0.03979253492123342
3,TX0200000,"Brazoria, TX",rape,-0.03844243170372693,-0.03210929994844755,0.039803366410164236
4,TX0200000,"Brazoria, TX",rape,9.843442890189009e-4,0.029254509484770524,0.039836657675539844
5,TX0200000,"Brazoria, TX",rape,0.04975363918948855,0.0812760228853251,0.03980336641016424
6,TX0200000,"Brazoria, TX",rape,0.0540459096652648,0.06715412917262081,0.03979253492123342
7,TX0200000,"Brazoria, TX",rape,0.04279756554542923,0.03919487265226647,0.039774201528374825
8,TX0200000,"Brazoria, TX",rape,0.06016748517053278,0.05487495397322691,0.03979253492123342
9,TX0200000,"Brazoria, TX",rape,0.06286767594923165,0.05881785568728653,0.03980336641016424
10,TX0200000,"Brazoria, TX",rape,8.947043801548035e-5,-0.009793969877841298,0.039836657675539844
11,TX0200000,"Brazoria, TX",rape,-0.07310506870795891,-0.08852403901723488,0.039803366410164236
12,TX0200000,"Brazoria, TX",rape,-0.07847115391076953,-0.09386268491145981,0.03979253492123342
1,TX0201000,"Pearland, TX",rape,-0.04387138027246358,-0.038551556455837264,0.04010090307391975
2,TX0201000,"Pearland, TX",rape,-0.036816055652062446,-0.032707307115251646,0.04011906456698731
3,TX0201000,"Pearland, TX",rape,-0.03844243170372693,-0.03129194311870308,0.04009919563752254
4,TX0201000,"Pearland, TX",rape,9.843442890189009e-4,0.011164801975320233,0.040105621289952355
5,TX0201000,"Pearland, TX",rape,0.04975363918948855,0.050839840820144595,0.040099195637522546
6,TX0201000,"Pearland, TX",rape,0.0540459096652648,0.04051239075441097,0.04011906456698731
7,TX0201000,"Pearland, TX",rape,0.04279756554542923,0.028379408917005404,0.040100903073919746
8,TX0201000,"Pearland, TX",rape,0.06016748517053278,0.05800507044651303,0.04011906456698731
9,TX0201000,"Pearland, TX",rape,0.06286767594923165,0.06676185398879636,0.040099195637522546
10,TX0201000,"Pearland, TX",rape,8.947043801548035e-5,-9.9265443648834e-4,0.040105621289952355
11,TX0201000,"Pearland, TX",rape,-0.07310506870795891,-0.076137604151406,0.04009919563752254
12,TX0201000,"Pearland, TX",rape,-0.07847115391076953,-0.07598230162450427,0.04011906456698731
1,TX0210200,"College Station, TX",rape,-0.04387138027246358,-0.03434881151552777,0.03838403451416107
2,TX0210200,"College Station, TX",rape,-0.036816055652062446,-0.04072533774550645,0.0384458104597075
3,TX0210200,"College Station, TX",rape,-0.03844243170372693,-0.05571034961893709,0.03846836448371215
4,TX0210200,"College Station, TX",rape,9.843442890189009e-4,-0.013244612605361897,0.03850016998613384
5,TX0210200,"College Station, TX",rape,0.04975363918948855,0.03968379749308096,0.03846836448371216
6,TX0210200,"College Station, TX",rape,0.0540459096652648,0.0354911985362942,0.0384458104597075
7,TX0210200,"College Station, TX",rape,0.04279756554542923,0.023517427062941815,0.038384034514161065
8,TX0210200,"College Station, TX",rape,0.06016748517053278,0.06433696473502198,0.0384458104597075
9,TX0210200,"College Station, TX",rape,0.06286767594923165,0.0901533610610386,0.03846836448371216
10,TX0210200,"College Station, TX",rape,8.947043801548035e-5,0.02407599705794789,0.03850016998613384
11,TX0210200,"College Station, TX",rape,-0.07310506870795891,-0.06329542448259652,0.03846836448371215
12,TX0210200,"College Station, TX",rape,-0.07847115391076953,-0.06993420997839575,0.03844581045970749
1,TX0310000,"Cameron, TX",rape,-0.04387138027246358,-0.04449423036165881,0.03897710399300653
2,TX0310000,"Cameron, TX",rape,-0.036816055652062446,-0.049908818890054364,0.03906002123176108
3,TX0310000,"Cameron, TX",rape,-0.03844243170372693,-0.04388939778270538,0.039059381190566476
4,TX0310000,"Cameron, TX",rape,9.843442890189009e-4,0.008899374170396003,0.039035421268504324
5,TX0310000,"Cameron, TX",rape,0.04975363918948855,0.06443096074384898,0.03905938119056648
6,TX0310000,"Cameron, TX",rape,0.0540459096652648,0.0721782645483448,0.03906002123176108
7,TX0310000,"Cameron, TX",rape,0.04279756554542923,0.05675885253567189,0.03897710399300652
8,TX0310000,"Cameron, TX",rape,0.06016748517053278,0.05346263403141512,0.03906002123176108
9,TX0310000,"Cameron, TX",rape,0.06286767594923165,0.0351785907500531,0.03905938119056648
10,TX0310000,"Cameron, TX",rape,8.947043801548035e-5,-0.021163996344409058,0.039035421268504324
11,TX0310000,"Cameron, TX",rape,-0.07310506870795891,-0.06798477588520975,0.039059381190566476
12,TX0310000,"Cameron, TX",rape,-0.07847115391076953,-0.06346745751569251,0.039060021231761076
1,TX0310100,"Brownsville, TX",rape,-0.04387138027246358,-0.047758130989221555,0.03842298422215465
2,TX0310100,"Brownsville, TX",rape,-0.036816055652062446,-0.04288096210247695,0.03846045536268609
3,TX0310100,"Brownsville, TX",rape,-0.03844243170372693,-0.03976108846690945,0.03844150425839474
4,TX0310100,"Brownsville, TX",rape,9.843442890189009e-4,0.00988895497546404,0.03847481837288509
5,TX0310100,"Brownsville, TX",rape,0.04975363918948855,0.06441407139020952,0.038441504258394744
6,TX0310100,"Brownsville, TX",rape,0.0540459096652648,0.07009708251018303,0.03846045536268609
7,TX0310100,"Brownsville, TX",rape,0.04279756554542923,0.059489041830260374,0.03842298422215465
8,TX0310100,"Brownsville, TX",rape,0.06016748517053278,0.07024577126315293,0.03846045536268609
9,TX0310100,"Brownsville, TX",rape,0.06286767594923165,0.05539498678654664,0.038441504258394744
10,TX0310100,"Brownsville, TX",rape,8.947043801548035e-5,-0.021619865816502822,0.03847481837288509
11,TX0310100,"Brownsville, TX",rape,-0.07310506870795891,-0.09177888055088551,0.03844150425839474
12,TX0310100,"Brownsville, TX",rape,-0.07847115391076953,-0.08573098082982022,0.03846045536268608
1,TX0310300,"Harlingen, TX",rape,-0.04387138027246358,-0.0467294572543461,0.04028325115269582
2,TX0310300,"Harlingen, TX",rape,-0.036816055652062446,-0.0337271280696743,0.04030519021864982
3,TX0310300,"Harlingen, TX",rape,-0.03844243170372693,-0.029677397102012414,0.04030449564860248
4,TX0310300,"Harlingen, TX",rape,9.843442890189009e-4,0.012179614153768201,0.04031543493494936
5,TX0310300,"Harlingen, TX",rape,0.04975363918948855,0.0576482075834798,0.04030449564860249
6,TX0310300,"Harlingen, TX",rape,0.0540459096652648,0.054834032379392425,0.04030519021864982
7,TX0310300,"Harlingen, TX",rape,0.04279756554542923,0.0385859452611662,0.04028325115269581
8,TX0310300,"Harlingen, TX",rape,0.06016748517053278,0.055949418233467205,0.04030519021864982
9,TX0310300,"Harlingen, TX",rape,0.06286767594923165,0.060043199258985255,0.04030449564860249
10,TX0310300,"Harlingen, TX",rape,8.947043801548035e-5,-0.004036102160588265,0.04031543493494936
11,TX0310300,"Harlingen, TX",rape,-0.07310506870795891,-0.07987049774727271,0.04030449564860248
12,TX0310300,"Harlingen, TX",rape,-0.07847115391076953,-0.08519983453636529,0.04030519021864982
1,TX0430000,"Collin, TX",rape,-0.04387138027246358,-0.04517857222753566,0.04010819310681113
2,TX0430000,"Collin, TX",rape,-0.036816055652062446,-0.04244869973570658,0.040132855882232844
3,TX0430000,"Collin, TX",rape,-0.03844243170372693,-0.03719839167747577,0.04011624421093233
4,TX0430000,"Collin, TX",rape,9.843442890189009e-4,0.013806175462363509,0.040134632310370885
5,TX0430000,"Collin, TX",rape,0.04975363918948855,0.06043785221907422,0.040116244210932336
6,TX0430000,"Collin, TX",rape,0.0540459096652648,0.05108861940144599,0.040132855882232844
7,TX0430000,"Collin, TX",rape,0.04279756554542923,0.03425130934708885,0.04010819310681112
8,TX0430000,"Collin, TX",rape,0.06016748517053278,0.057550220558395114,0.040132855882232844
9,TX0430000,"Collin, TX",rape,0.06286767594923165,0.06322717538061115,0.040116244210932336
10,TX0430000,"Collin, TX",rape,8.947043801548035e-5,-0.0028789125819166685,0.040134632310370885
11,TX0430000,"Collin, TX",rape,-0.07310506870795891,-0.07553937304176278,0.04011624421093233
12,TX0430000,"Collin, TX",rape,-0.07847115391076953,-0.07711740310458139,0.040132855882232844
1,TX0430100,"Allen, TX",rape,-0.04387138027246358,-0.05668237736534647,0.04019630875530468
2,TX0430100,"Allen, TX",rape,-0.036816055652062446,-0.04286888987682766,0.040231988232966406
3,TX0430100,"Allen, TX",rape,-0.03844243170372693,-0.032100814440431925,0.04023180721442268
4,TX0430100,"Allen, TX",rape,9.843442890189009e-4,0.013048446268836238,0.04022963908951339
5,TX0430100,"Allen, TX",rape,0.04975363918948855,0.06397895500193061,0.04023180721442269
6,TX0430100,"Allen, TX",rape,0.0540459096652648,0.06711260607423486,0.040231988232966406
7,TX0430100,"Allen, TX",rape,0.04279756554542923,0.04336649732569564,0.04019630875530467
8,TX0430100,"Allen, TX",rape,0.06016748517053278,0.04390864678660153,0.040231988232966406
9,TX0430100,"Allen, TX",rape,0.06286767594923165,0.04645645138985664,0.04023180721442269
10,TX0430100,"Allen, TX",rape,8.947043801548035e-5,2.674337708146208e-4,0.04022963908951339
11,TX0430100,"Allen, TX",rape,-0.07310506870795891,-0.0650187119117045,0.04023180721442269
12,TX0430100,"Allen, TX",rape,-0.07847115391076953,-0.0814682430236596,0.040231988232966406
1,TX0430400,"Frisco, TX",rape,-0.04387138027246358,-0.04403400100719292,0.039039422513333616
2,TX0430400,"Frisco, TX",rape,-0.036816055652062446,-0.012775586245617988,0.039100026535838966
3,TX0430400,"Frisco, TX",rape,-0.03844243170372693,-0.018632891252336338,0.039066338282418414
4,TX0430400,"Frisco, TX",rape,9.843442890189009e-4,-0.005754832404426191,0.03908745918812794
5,TX0430400,"Frisco, TX",rape,0.04975363918948855,0.036956206298001046,0.03906633828241842
6,TX0430400,"Frisco, TX",rape,0.0540459096652648,0.05719313997222456,0.039100026535838966
7,TX0430400,"Frisco, TX",rape,0.04279756554542923,0.04723316774115345,0.03903942251333361
8,TX0430400,"Frisco, TX",rape,0.06016748517053278,0.04943677637967907,0.039100026535838966
9,TX0430400,"Frisco, TX",rape,0.06286767594923165,0.05209491465243693,0.03906633828241842
10,TX0430400,"Frisco, TX",rape,8.947043801548035e-5,0.0025556656704656955,0.03908745918812794
11,TX0430400,"Frisco, TX",rape,-0.07310506870795891,-0.07361739643206214,0.039066338282418414
12,TX0430400,"Frisco, TX",rape,-0.07847115391076953,-0.09065516337232515,0.039100026535838966
1,TX0430500,"Mckinney, TX",rape,-0.04387138027246358,-0.021503840225641294,0.03890418746269655
2,TX0430500,"Mckinney, TX",rape,-0.036816055652062446,-0.0067377238262790635,0.03895430167470939
3,TX0430500,"Mckinney, TX",rape,-0.03844243170372693,-0.023100654140864235,0.03891735778589016
4,TX0430500,"Mckinney, TX",rape,9.843442890189009e-4,-0.005682134173500872,0.0389389413548966
5,TX0430500,"Mckinney, TX",rape,0.04975363918948855,0.03410441735899243,0.038917357785890165
6,TX0430500,"Mckinney, TX",rape,0.0540459096652648,0.044933417173396356,0.03895430167470939
7,TX0430500,"Mckinney, TX",rape,0.04279756554542923,0.042738289942790456,0.03890418746269654
8,TX0430500,"Mckinney, TX",rape,0.06016748517053278,0.060999679134507816,0.03895430167470939
9,TX0430500,"Mckinney, TX",rape,0.06286767594923165,0.05612815973194387,0.038917357785890165
10,TX0430500,"Mckinney, TX",rape,8.947043801548035e-5,-0.015552315543648254,0.0389389413548966
11,TX0430500,"Mckinney, TX",rape,-0.07310506870795891,-0.0883663726672212,0.03891735778589016
12,TX0430500,"Mckinney, TX",rape,-0.07847115391076953,-0.07796092276447601,0.03895430167470939
1,TX0430600,"Plano, TX",rape,-0.04387138027246358,-0.057221382344907805,0.03751963010137436
2,TX0430600,"Plano, TX",rape,-0.036816055652062446,-0.02236030936211289,0.037654879634959885
3,TX0430600,"Plano, TX",rape,-0.03844243170372693,-0.030106435691321418,0.037536765146436696
4,TX0430600,"Plano, TX",rape,9.843442890189009e-4,-0.004029902776177103,0.037652062082732835
5,TX0430600,"Plano, TX",rape,0.04975363918948855,0.06036807469384698,0.037536765146436696
6,TX0430600,"Plano, TX",rape,0.0540459096652648,0.079652846172371,0.037654879634959885
7,TX0430600,"Plano, TX",rape,0.04279756554542923,0.04852809225662669,0.03751963010137435
8,TX0430600,"Plano, TX",rape,0.06016748517053278,0.04469489512682278,0.037654879634959885
9,TX0430600,"Plano, TX",rape,0.06286767594923165,0.06113431154431246,0.0375367651464367
10,TX0430600,"Plano, TX",rape,8.947043801548035e-5,0.012723192864458263,0.037652062082732835
11,TX0430600,"Plano, TX",rape,-0.07310506870795891,-0.08270266045855688,0.037536765146436696
12,TX0430600,"Plano, TX",rape,-0.07847115391076953,-0.11068072202536207,0.037654879634959885
1,TX0430800,"Wylie, TX",rape,-0.04387138027246358,-0.04977003084611463,0.04064653947558365
2,TX0430800,"Wylie, TX",rape,-0.036816055652062446,-0.04696219612891688,0.040676820561789444
3,TX0430800,"Wylie, TX",rape,-0.03844243170372693,-0.0452242918215205,0.040671748150773394
4,TX0430800,"Wylie, TX",rape,9.843442890189009e-4,-0.0019098136607109486,0.04065359747858057
5,TX0430800,"Wylie, TX",rape,0.04975363918948855,0.05263906804688409,0.0406717481507734
6,TX0430800,"Wylie, TX",rape,0.0540459096652648,0.06394159314216363,0.040676820561789444
7,TX0430800,"Wylie, TX",rape,0.04279756554542923,0.050636092434910754,0.040646539475583644
8,TX0430800,"Wylie, TX",rape,0.06016748517053278,0.05583519490931446,0.040676820561789444
9,TX0430800,"Wylie, TX",rape,0.06286767594923165,0.05323122901312198,0.04067174815077341
10,TX0430800,"Wylie, TX",rape,8.947043801548035e-5,0.0010437520719148554,0.04065359747858057
11,TX0430800,"Wylie, TX",rape,-0.07310506870795891,-0.06151206682728169,0.040671748150773394
12,TX0430800,"Wylie, TX",rape,-0.07847115391076953,-0.07194853033376512,0.040676820561789444
1,TX0460000,"Comal, TX",rape,-0.04387138027246358,-0.06391078104667446,0.03984204558125895
2,TX0460000,"Comal, TX",rape,-0.036816055652062446,-0.06126388930652479,0.03979280854890269
3,TX0460000,"Comal, TX",rape,-0.03844243170372693,-0.043128563761046866,0.0397697076533105
4,TX0460000,"Comal, TX",rape,9.843442890189009e-4,0.0254419270188493,0.039813740795470974
5,TX0460000,"Comal, TX",rape,0.04975363918948855,0.07570392101988835,0.0397697076533105
6,TX0460000,"Comal, TX",rape,0.0540459096652648,0.05449660160938938,0.03979280854890269
7,TX0460000,"Comal, TX",rape,0.04279756554542923,0.030291236121030476,0.03984204558125894
8,TX0460000,"Comal, TX",rape,0.06016748517053278,0.06157239612650009,0.03979280854890269
9,TX0460000,"Comal, TX",rape,0.06286767594923165,0.07705661550666619,0.039769707653310504
10,TX0460000,"Comal, TX",rape,8.947043801548035e-5,0.008177617906794728,0.039813740795470974
11,TX0460000,"Comal, TX",rape,-0.07310506870795891,-0.07601242783986369,0.0397697076533105
12,TX0460000,"Comal, TX",rape,-0.07847115391076953,-0.08842465335500874,0.03979280854890269
1,TX0460100,"New Braunfels, TX",rape,-0.04387138027246358,-0.02969745003847666,0.039971150165984695
2,TX0460100,"New Braunfels, TX",rape,-0.036816055652062446,-0.027459624618283135,0.04004705582154403
3,TX0460100,"New Braunfels, TX",rape,-0.03844243170372693,-0.044122655021637654,0.04002652795792263
4,TX0460100,"New Braunfels, TX",rape,9.843442890189009e-4,-0.002554348986599259,0.040027808471206204
5,TX0460100,"New Braunfels, TX",rape,0.04975363918948855,0.06662011645063984,0.04002652795792263
6,TX0460100,"New Braunfels, TX",rape,0.0540459096652648,0.07450590308365766,0.04004705582154403
7,TX0460100,"New Braunfels, TX",rape,0.04279756554542923,0.03781392016625139,0.03997115016598469
8,TX0460100,"New Braunfels, TX",rape,0.06016748517053278,0.033764516689672716,0.04004705582154403
9,TX0460100,"New Braunfels, TX",rape,0.06286767594923165,0.042311076965252534,0.04002652795792263
10,TX0460100,"New Braunfels, TX",rape,8.947043801548035e-5,-0.005562121141175435,0.040027808471206204
11,TX0460100,"New Braunfels, TX",rape,-0.07310506870795891,-0.07292500852202943,0.04002652795792263
12,TX0460100,"New Braunfels, TX",rape,-0.07847115391076953,-0.07269432502727258,0.04004705582154403
1,TX0570400,"Carrollton, TX",rape,-0.04387138027246358,-0.052483298266205805,0.03989735868942939
2,TX0570400,"Carrollton, TX",rape,-0.036816055652062446,-0.002501329463740088,0.039930722210959155
3,TX0570400,"Carrollton, TX",rape,-0.03844243170372693,0.004264860310504607,0.0399983340949853
4,TX0570400,"Carrollton, TX",rape,9.843442890189009e-4,0.0017754397903056354,0.03989189322256784
5,TX0570400,"Carrollton, TX",rape,0.04975363918948855,0.024369678229490762,0.03999833409498531
6,TX0570400,"Carrollton, TX",rape,0.0540459096652648,0.05021774270230857,0.039930722210959155
7,TX0570400,"Carrollton, TX",rape,0.04279756554542923,0.057048055792168637,0.03989735868942938
8,TX0570400,"Carrollton, TX",rape,0.06016748517053278,0.057135348388348245,0.039930722210959155
9,TX0570400,"Carrollton, TX",rape,0.06286767594923165,0.04580440108814074,0.03999833409498531
10,TX0570400,"Carrollton, TX",rape,8.947043801548035e-5,-0.006340197316268446,0.03989189322256784
11,TX0570400,"Carrollton, TX",rape,-0.07310506870795891,-0.07900369715409893,0.0399983340949853
12,TX0570400,"Carrollton, TX",rape,-0.07847115391076953,-0.10028700410095391,0.039930722210959155
1,TX0570800,"Desoto, TX",rape,-0.04387138027246358,-0.03931579324149684,0.04019533324755517
2,TX0570800,"Desoto, TX",rape,-0.036816055652062446,-0.026507489074934453,0.04023517068948325
3,TX0570800,"Desoto, TX",rape,-0.03844243170372693,-0.0397521151328884,0.0401938675987414
4,TX0570800,"Desoto, TX",rape,9.843442890189009e-4,-0.0072190433840556584,0.040230808821952554
5,TX0570800,"Desoto, TX",rape,0.04975363918948855,0.049138137426357816,0.0401938675987414
6,TX0570800,"Desoto, TX",rape,0.0540459096652648,0.0532183562065586,0.04023517068948325
7,TX0570800,"Desoto, TX",rape,0.04279756554542923,0.028430518371075967,0.040195333247555164
8,TX0570800,"Desoto, TX",rape,0.06016748517053278,0.04640100218573997,0.04023517068948325
9,TX0570800,"Desoto, TX",rape,0.06286767594923165,0.07053090311411482,0.040193867598741405
10,TX0570800,"Desoto, TX",rape,8.947043801548035e-5,0.01810431825447657,0.040230808821952554
11,TX0570800,"Desoto, TX",rape,-0.07310506870795891,-0.06903165053716336,0.0401938675987414
12,TX0570800,"Desoto, TX",rape,-0.07847115391076953,-0.08399714418778505,0.04023517068948325
1,TX0571100,"Garland, TX",rape,-0.04387138027246358,-0.05030948415570842,0.03756677549909937
2,TX0571100,"Garland, TX",rape,-0.036816055652062446,-0.03410759469617219,0.03764142608833061
3,TX0571100,"Garland, TX",rape,-0.03844243170372693,-0.04421956227221153,0.03760867813013897
4,TX0571100,"Garland, TX",rape,9.843442890189009e-4,-0.012527902800269705,0.03769940802259724
5,TX0571100,"Garland, TX",rape,0.04975363918948855,0.040941795837003025,0.037608678130138976
6,TX0571100,"Garland, TX",rape,0.0540459096652648,0.04365035599925889,0.03764142608833061
7,TX0571100,"Garland, TX",rape,0.04279756554542923,0.023437616261751483,0.03756677549909936
8,TX0571100,"Garland, TX",rape,0.06016748517053278,0.053767365281249146,0.03764142608833062
9,TX0571100,"Garland, TX",rape,0.06286767594923165,0.09075120075124546,0.037608678130138976
10,TX0571100,"Garland, TX",rape,8.947043801548035e-5,0.03939977069422668,0.03769940802259724
11,TX0571100,"Garland, TX",rape,-0.07310506870795891,-0.060601566422080005,0.03760867813013897
12,TX0571100,"Garland, TX",rape,-0.07847115391076953,-0.09018199447829284,0.03764142608833061
1,TX0571200,"Grand Prairie, TX",rape,-0.04387138027246358,-0.0645373450701496,0.03865166191521296
2,TX0571200,"Grand Prairie, TX",rape,-0.036816055652062446,-0.04628437048618562,0.038613160461903634
3,TX0571200,"Grand Prairie, TX",rape,-0.03844243170372693,-0.018170696152711788,0.038608584537195796
4,TX0571200,"Grand Prairie, TX",rape,9.843442890189009e-4,0.03225289134347216,0.03867256956148135
5,TX0571200,"Grand Prairie, TX",rape,0.04975363918948855,0.06641872251303958,0.0386085845371958
6,TX0571200,"Grand Prairie, TX",rape,0.0540459096652648,0.05007638817820966,0.038613160461903634
7,TX0571200,"Grand Prairie, TX",rape,0.04279756554542923,0.02281829364869441,0.03865166191521295
8,TX0571200,"Grand Prairie, TX",rape,0.06016748517053278,0.03231415829008773,0.038613160461903634
9,TX0571200,"Grand Prairie, TX",rape,0.06286767594923165,0.0459195353780691,0.0386085845371958
10,TX0571200,"Grand Prairie, TX",rape,8.947043801548035e-5,0.009466160077983059,0.03867256956148135
11,TX0571200,"Grand Prairie, TX",rape,-0.07310506870795891,-0.05244851031694171,0.038608584537195796
12,TX0571200,"Grand Prairie, TX",rape,-0.07847115391076953,-0.07782522740356698,0.038613160461903634
1,TX0571500,"Irving, TX",rape,-0.04387138027246358,-0.02259709730930612,0.0372320103923548
2,TX0571500,"Irving, TX",rape,-0.036816055652062446,-0.006441879443553738,0.03727354532461108
3,TX0571500,"Irving, TX",rape,-0.03844243170372693,-0.0022338938361434312,0.037199797240949906
4,TX0571500,"Irving, TX",rape,9.843442890189009e-4,0.02924011908395805,0.037192709994459
5,TX0571500,"Irving, TX",rape,0.04975363918948855,0.04941128832192301,0.03719979724094991
6,TX0571500,"Irving, TX",rape,0.0540459096652648,0.025115183220704204,0.03727354532461108
7,TX0571500,"Irving, TX",rape,0.04279756554542923,0.010138666211695757,0.03723201039235479
8,TX0571500,"Irving, TX",rape,0.06016748517053278,0.04081436735525894,0.03727354532461108
9,TX0571500,"Irving, TX",rape,0.06286767594923165,0.04906481284545904,0.03719979724094991
10,TX0571500,"Irving, TX",rape,8.947043801548035e-5,-0.016781687986347653,0.037192709994459
11,TX0571500,"Irving, TX",rape,-0.07310506870795891,-0.08378377623362822,0.037199797240949906
12,TX0571500,"Irving, TX",rape,-0.07847115391076953,-0.07194610223001985,0.03727354532461108
1,TX0571800,"Mesquite, TX",rape,-0.04387138027246358,-0.047424290522119404,0.03874193345002349
2,TX0571800,"Mesquite, TX",rape,-0.036816055652062446,-0.03172679161995801,0.03880139992676897
3,TX0571800,"Mesquite, TX",rape,-0.03844243170372693,-0.018052842515210207,0.038779782889432866
4,TX0571800,"Mesquite, TX",rape,9.843442890189009e-4,0.022887031964368153,0.0388009745805387
5,TX0571800,"Mesquite, TX",rape,0.04975363918948855,0.052598856280123764,0.03877978288943287
6,TX0571800,"Mesquite, TX",rape,0.0540459096652648,0.04030486542046999,0.03880139992676897
7,TX0571800,"Mesquite, TX",rape,0.04279756554542923,0.032443599963862195,0.03874193345002348
8,TX0571800,"Mesquite, TX",rape,0.06016748517053278,0.05942129863196555,0.03880139992676897
9,TX0571800,"Mesquite, TX",rape,0.06286767594923165,0.060728040085474985,0.03877978288943287
10,TX0571800,"Mesquite, TX",rape,8.947043801548035e-5,-0.007906341406110908,0.0388009745805387
11,TX0571800,"Mesquite, TX",rape,-0.07310506870795891,-0.08029336329213133,0.038779782889432866
12,TX0571800,"Mesquite, TX",rape,-0.07847115391076953,-0.08298006299073478,0.03880139992676897
1,TX0572000,"Richardson, TX",rape,-0.04387138027246358,-0.03728531471317966,0.04037097074186132
2,TX0572000,"Richardson, TX",rape,-0.036816055652062446,-0.03743148144592457,0.04038110093938915
3,TX0572000,"Richardson, TX",rape,-0.03844243170372693,-0.050906585519439454,0.040368114734286045
4,TX0572000,"Richardson, TX",rape,9.843442890189009e-4,-0.009993926299016232,0.04038909176447306
5,TX0572000,"Richardson, TX",rape,0.04975363918948855,0.05336326611273148,0.04036811473428605
6,TX0572000,"Richardson, TX",rape,0.0540459096652648,0.06704699926033061,0.04038110093938915
7,TX0572000,"Richardson, TX",rape,0.04279756554542923,0.05196344785714946,0.040370970741861315
8,TX0572000,"Richardson, TX",rape,0.06016748517053278,0.06192315162388255,0.04038110093938915
9,TX0572000,"Richardson, TX",rape,0.06286767594923165,0.06072012255342767,0.04036811473428605
10,TX0572000,"Richardson, TX",rape,8.947043801548035e-5,-0.0046842068449535305,0.04038909176447306
11,TX0572000,"Richardson, TX",rape,-0.07310506870795891,-0.07785493629068947,0.04036811473428605
12,TX0572000,"Richardson, TX",rape,-0.07847115391076953,-0.07686053629431885,0.04038110093938915
1,TX0573300,"Rowlett, TX",rape,-0.04387138027246358,-0.03921269609996119,0.040379934436212676
2,TX0573300,"Rowlett, TX",rape,-0.036816055652062446,-0.03342482183354536,0.040398370196490264
3,TX0573300,"Rowlett, TX",rape,-0.03844243170372693,-0.03647406804403327,0.0403861715077172
4,TX0573300,"Rowlett, TX",rape,9.843442890189009e-4,-9.208143582026449e-4,0.040384502886259416
5,TX0573300,"Rowlett, TX",rape,0.04975363918948855,0.04707501689245368,0.0403861715077172
6,TX0573300,"Rowlett, TX",rape,0.0540459096652648,0.05487441812745799,0.040398370196490264
7,TX0573300,"Rowlett, TX",rape,0.04279756554542923,0.04261843119571024,0.040379934436212676
8,TX0573300,"Rowlett, TX",rape,0.06016748517053278,0.052123015691218244,0.040398370196490264
9,TX0573300,"Rowlett, TX",rape,0.06286767594923165,0.05176652680595714,0.0403861715077172
10,TX0573300,"Rowlett, TX",rape,8.947043801548035e-5,-0.0024849207375463706,0.040384502886259416
11,TX0573300,"Rowlett, TX",rape,-0.07310506870795891,-0.06577321075012658,0.0403861715077172
12,TX0573300,"Rowlett, TX",rape,-0.07847115391076953,-0.07016687688938188,0.040398370196490264
1,TX0610000,"Denton, TX",rape,-0.04387138027246358,-0.03322805070035243,0.040178174483384385
2,TX0610000,"Denton, TX",rape,-0.036816055652062446,-0.028726914979819988,0.04018859741461518
3,TX0610000,"Denton, TX",rape,-0.03844243170372693,-0.04534227365106241,0.040170302582864144
4,TX0610000,"Denton, TX",rape,9.843442890189009e-4,-0.014140844587216862,0.04021176477288903
5,TX0610000,"Denton, TX",rape,0.04975363918948855,0.04527558229897308,0.040170302582864144
6,TX0610000,"Denton, TX",rape,0.0540459096652648,0.06357532555884549,0.04018859741461518
7,TX0610000,"Denton, TX",rape,0.04279756554542923,0.05148425408335932,0.040178174483384385
8,TX0610000,"Denton, TX",rape,0.06016748517053278,0.0589710243425267,0.04018859741461518
9,TX0610000,"Denton, TX",rape,0.06286767594923165,0.057330179630762264,0.04017030258286415
10,TX0610000,"Denton, TX",rape,8.947043801548035e-5,-0.004115358795789991,0.04021176477288903
11,TX0610000,"Denton, TX",rape,-0.07310506870795891,-0.0755196916616798,0.040170302582864144
12,TX0610000,"Denton, TX",rape,-0.07847115391076953,-0.07556323153854537,0.04018859741461518
1,TX0610600,"Lewisville, TX",rape,-0.04387138027246358,-0.022971891164708148,0.03871589539118663
2,TX0610600,"Lewisville, TX",rape,-0.036816055652062446,-0.03804623159092141,0.03875865841574001
3,TX0610600,"Lewisville, TX",rape,-0.03844243170372693,-0.06280760320616838,0.03876733321029269
4,TX0610600,"Lewisville, TX",rape,9.843442890189009e-4,-0.012087706487852923,0.038735167889771986
5,TX0610600,"Lewisville, TX",rape,0.04975363918948855,0.06283961619574135,0.038767333210292694
6,TX0610600,"Lewisville, TX",rape,0.0540459096652648,0.06720681209628869,0.03875865841574001
7,TX0610600,"Lewisville, TX",rape,0.04279756554542923,0.03644013504682421,0.038715895391186625
8,TX0610600,"Lewisville, TX",rape,0.06016748517053278,0.04854460905555291,0.03875865841574001
9,TX0610600,"Lewisville, TX",rape,0.06286767594923165,0.05983773678868386,0.038767333210292694
10,TX0610600,"Lewisville, TX",rape,8.947043801548035e-5,-0.0013805373942631018,0.038735167889771986
11,TX0610600,"Lewisville, TX",rape,-0.07310506870795891,-0.07333799366037289,0.03876733321029269
12,TX0610600,"Lewisville, TX",rape,-0.07847115391076953,-0.0642369456788042,0.03875865841574001
1,TX0611200,"Flower Mound, TX",rape,-0.04387138027246358,-0.04343583438537693,0.04079164247568062
2,TX0611200,"Flower Mound, TX",rape,-0.036816055652062446,-0.02649602435979804,0.04079048177132947
3,TX0611200,"Flower Mound, TX",rape,-0.03844243170372693,-0.02702634835249939,0.04078853238748609
4,TX0611200,"Flower Mound, TX",rape,9.843442890189009e-4,-0.0011063537923546223,0.04077984844835391
5,TX0611200,"Flower Mound, TX",rape,0.04975363918948855,0.040786148552883955,0.040788532387486094
6,TX0611200,"Flower Mound, TX",rape,0.0540459096652648,0.05282529634131902,0.04079048177132947
7,TX0611200,"Flower Mound, TX",rape,0.04279756554542923,0.044211439971257,0.040791642475680616
8,TX0611200,"Flower Mound, TX",rape,0.06016748517053278,0.05156956412259629,0.04079048177132947
9,TX0611200,"Flower Mound, TX",rape,0.06286767594923165,0.05132428252941761,0.040788532387486094
10,TX0611200,"Flower Mound, TX",rape,8.947043801548035e-5,3.3074820647458543e-4,0.04077984844835391
11,TX0611200,"Flower Mound, TX",rape,-0.07310506870795891,-0.06585968831568223,0.04078853238748609
12,TX0611200,"Flower Mound, TX",rape,-0.07847115391076953,-0.07712323051823725,0.04079048177132947
1,TX0611300,"Little Elm, TX",rape,-0.04387138027246358,-0.04954524614447638,0.040102849707818085
2,TX0611300,"Little Elm, TX",rape,-0.036816055652062446,-0.006464511549731023,0.040082738353226406
3,TX0611300,"Little Elm, TX",rape,-0.03844243170372693,0.002231978041636181,0.04014338933286521
4,TX0611300,"Little Elm, TX",rape,9.843442890189009e-4,0.008990056454852778,0.040089874668107706
5,TX0611300,"Little Elm, TX",rape,0.04975363918948855,0.03576994780150734,0.040143389332865216
6,TX0611300,"Little Elm, TX",rape,0.0540459096652648,0.05308702455041194,0.040082738353226406
7,TX0611300,"Little Elm, TX",rape,0.04279756554542923,0.046215858558797895,0.04010284970781808
8,TX0611300,"Little Elm, TX",rape,0.06016748517053278,0.04052519091203992,0.040082738353226406
9,TX0611300,"Little Elm, TX",rape,0.06286767594923165,0.035158088906351234,0.04014338933286522
10,TX0611300,"Little Elm, TX",rape,8.947043801548035e-5,-0.0056606688691742645,0.040089874668107706
11,TX0611300,"Little Elm, TX",rape,-0.07310506870795891,-0.06983062716381624,0.04014338933286521
12,TX0611300,"Little Elm, TX",rape,-0.07847115391076953,-0.09047709149839936,0.040082738353226406
1,TX0680200,"Odessa, TX",rape,-0.04387138027246358,-0.04430917861865335,0.03797047031004597
2,TX0680200,"Odessa, TX",rape,-0.036816055652062446,-0.026337428829005256,0.038056469462090896
3,TX0680200,"Odessa, TX",rape,-0.03844243170372693,-0.034766215319849636,0.03802262737457658
4,TX0680200,"Odessa, TX",rape,9.843442890189009e-4,-0.012692069618228758,0.03805009388018029
5,TX0680200,"Odessa, TX",rape,0.04975363918948855,0.03110422726251203,0.03802262737457659
6,TX0680200,"Odessa, TX",rape,0.0540459096652648,0.04686923271848765,0.038056469462090896
7,TX0680200,"Odessa, TX",rape,0.04279756554542923,0.048381065459386884,0.03797047031004596
8,TX0680200,"Odessa, TX",rape,0.06016748517053278,0.07176247732136778,0.038056469462090896
9,TX0680200,"Odessa, TX",rape,0.06286767594923165,0.07611937697147869,0.03802262737457659
10,TX0680200,"Odessa, TX",rape,8.947043801548035e-5,0.008620182777495254,0.03805009388018029
11,TX0680200,"Odessa, TX",rape,-0.07310506870795891,-0.07652927575487459,0.03802262737457658
12,TX0680200,"Odessa, TX",rape,-0.07847115391076953,-0.0882223943701167,0.038056469462090896
1,TX0710000,"El Paso, TX",rape,-0.04387138027246358,-0.03644494721847681,0.03929187163764187
2,TX0710000,"El Paso, TX",rape,-0.036816055652062446,-0.012726524038580923,0.039361746493268776
3,TX0710000,"El Paso, TX",rape,-0.03844243170372693,-0.02095422008574803,0.03932543907906985
4,TX0710000,"El Paso, TX",rape,9.843442890189009e-4,0.002363175794622132,0.039365991716985245
5,TX0710000,"El Paso, TX",rape,0.04975363918948855,0.04918446046289765,0.03932543907906986
6,TX0710000,"El Paso, TX",rape,0.0540459096652648,0.05722152625473298,0.039361746493268776
7,TX0710000,"El Paso, TX",rape,0.04279756554542923,0.03733325485758881,0.03929187163764186
8,TX0710000,"El Paso, TX",rape,0.06016748517053278,0.044265931617783624,0.039361746493268776
9,TX0710000,"El Paso, TX",rape,0.06286767594923165,0.05160532002583877,0.03932543907906986
10,TX0710000,"El Paso, TX",rape,8.947043801548035e-5,-0.0032514834337340924,0.039365991716985245
11,TX0710000,"El Paso, TX",rape,-0.07310506870795891,-0.08072386804210037,0.03932543907906985
12,TX0710000,"El Paso, TX",rape,-0.07847115391076953,-0.08787262619482375,0.039361746493268776
1,TX0710200,"El Paso, TX",rape,-0.04387138027246358,-0.08700082042244918,0.03312566603652894
2,TX0710200,"El Paso, TX",rape,-0.036816055652062446,-0.07294703634362543,0.033329490776922994
3,TX0710200,"El Paso, TX",rape,-0.03844243170372693,-0.010004804647761037,0.03327319200160961
4,TX0710200,"El Paso, TX",rape,9.843442890189009e-4,0.06940725113346767,0.033424537540742004
5,TX0710200,"El Paso, TX",rape,0.04975363918948855,0.093399337329491,0.033273192001609615
6,TX0710200,"El Paso, TX",rape,0.0540459096652648,0.07355180315497145,0.033329490776922994
7,TX0710200,"El Paso, TX",rape,0.04279756554542923,0.07327418137502077,0.03312566603652893
8,TX0710200,"El Paso, TX",rape,0.06016748517053278,0.0796561497856916,0.033329490776922994
9,TX0710200,"El Paso, TX",rape,0.06286767594923165,0.030440557137255644,0.033273192001609615
10,TX0710200,"El Paso, TX",rape,8.947043801548035e-5,-0.05568061208603924,0.033424537540742004
11,TX0710200,"El Paso, TX",rape,-0.07310506870795891,-0.10010845077155721,0.03327319200160961
12,TX0710200,"El Paso, TX",rape,-0.07847115391076953,-0.09398755564446604,0.033329490776922994
1,TX0790000,"Fort Bend, TX",rape,-0.04387138027246358,-0.039809122114163105,0.03639624275202654
2,TX0790000,"Fort Bend, TX",rape,-0.036816055652062446,-0.03887839565732751,0.03648412062274064
3,TX0790000,"Fort Bend, TX",rape,-0.03844243170372693,-0.04362084409368765,0.03643851014741526
4,TX0790000,"Fort Bend, TX",rape,9.843442890189009e-4,3.0386599476006962e-5,0.036463493683737414
5,TX0790000,"Fort Bend, TX",rape,0.04975363918948855,0.057334337243609,0.03643851014741527
6,TX0790000,"Fort Bend, TX",rape,0.0540459096652648,0.06128679189376636,0.03648412062274064
7,TX0790000,"Fort Bend, TX",rape,0.04279756554542923,0.03630308828084896,0.036396242752026534
8,TX0790000,"Fort Bend, TX",rape,0.06016748517053278,0.04201055570813394,0.03648412062274064
9,TX0790000,"Fort Bend, TX",rape,0.06286767594923165,0.050259037977808244,0.03643851014741527
10,TX0790000,"Fort Bend, TX",rape,8.947043801548035e-5,0.003475647233838172,0.036463493683737414
11,TX0790000,"Fort Bend, TX",rape,-0.07310506870795891,-0.060466497294415444,0.03643851014741526
12,TX0790000,"Fort Bend, TX",rape,-0.07847115391076953,-0.06792498577788698,0.03648412062274064
1,TX0790100,"Missouri City, TX",rape,-0.04387138027246358,-0.030645305612907445,0.04053320631172399
2,TX0790100,"Missouri City, TX",rape,-0.036816055652062446,-0.0336283938837055,0.04054499695838873
3,TX0790100,"Missouri City, TX",rape,-0.03844243170372693,-0.04256951898565756,0.04053126293790922
4,TX0790100,"Missouri City, TX",rape,9.843442890189009e-4,-0.0033860213521684107,0.04053836650996696
5,TX0790100,"Missouri City, TX",rape,0.04975363918948855,0.04351443597252771,0.04053126293790922
6,TX0790100,"Missouri City, TX",rape,0.0540459096652648,0.044154800970841596,0.04054499695838873
7,TX0790100,"Missouri City, TX",rape,0.04279756554542923,0.03643102466603755,0.04053320631172399
8,TX0790100,"Missouri City, TX",rape,0.06016748517053278,0.0617050788816878,0.040544996958388736
9,TX0790100,"Missouri City, TX",rape,0.06286767594923165,0.06486048493050979,0.04053126293790923
10,TX0790100,"Missouri City, TX",rape,8.947043801548035e-5,-0.0023996977009616634,0.04053836650996696
11,TX0790100,"Missouri City, TX",rape,-0.07310506870795891,-0.07159112097051003,0.04053126293790922
12,TX0790100,"Missouri City, TX",rape,-0.07847115391076953,-0.06644576691569384,0.04054499695838873
1,TX0790500,"Sugar Land, TX",rape,-0.04387138027246358,-0.057784113707364707,0.04082428164020047
2,TX0790500,"Sugar Land, TX",rape,-0.036816055652062446,-0.04076284115364557,0.040829250427683046
3,TX0790500,"Sugar Land, TX",rape,-0.03844243170372693,-0.028991278388789263,0.04082065760432406
4,TX0790500,"Sugar Land, TX",rape,9.843442890189009e-4,0.010268105087383678,0.04082350623108359
5,TX0790500,"Sugar Land, TX",rape,0.04975363918948855,0.04916728053766454,0.04082065760432406
6,TX0790500,"Sugar Land, TX",rape,0.0540459096652648,0.05081022339578955,0.040829250427683046
7,TX0790500,"Sugar Land, TX",rape,0.04279756554542923,0.04586617480624798,0.04082428164020047
8,TX0790500,"Sugar Land, TX",rape,0.06016748517053278,0.06649517891263178,0.040829250427683046
9,TX0790500,"Sugar Land, TX",rape,0.06286767594923165,0.06664155504889223,0.040820657604324066
10,TX0790500,"Sugar Land, TX",rape,8.947043801548035e-5,0.001649833813733076,0.04082350623108359
11,TX0790500,"Sugar Land, TX",rape,-0.07310506870795891,-0.07489961829665076,0.04082065760432406
12,TX0790500,"Sugar Land, TX",rape,-0.07847115391076953,-0.08846050005589251,0.040829250427683046
1,TX0840400,"Galveston, TX",rape,-0.04387138027246358,-0.060315288648900525,0.03795545531126146
2,TX0840400,"Galveston, TX",rape,-0.036816055652062446,-0.07219040175975164,0.03806558966829362
3,TX0840400,"Galveston, TX",rape,-0.03844243170372693,-0.05229370797953771,0.03798797453088668
4,TX0840400,"Galveston, TX",rape,9.843442890189009e-4,0.018199599055455526,0.03801158159640141
5,TX0840400,"Galveston, TX",rape,0.04975363918948855,0.06871005034299969,0.03798797453088669
6,TX0840400,"Galveston, TX",rape,0.0540459096652648,0.057836527526820766,0.03806558966829362
7,TX0840400,"Galveston, TX",rape,0.04279756554542923,0.04286126741450617,0.03795545531126145
8,TX0840400,"Galveston, TX",rape,0.06016748517053278,0.062052377754023044,0.03806558966829362
9,TX0840400,"Galveston, TX",rape,0.06286767594923165,0.05960970520820348,0.03798797453088669
10,TX0840400,"Galveston, TX",rape,8.947043801548035e-5,-7.455778210611448e-4,0.03801158159640141
11,TX0840400,"Galveston, TX",rape,-0.07310506870795891,-0.05857202633727112,0.03798797453088668
12,TX0840400,"Galveston, TX",rape,-0.07847115391076953,-0.06515252475548655,0.03806558966829362
1,TX0840800,"League City, TX",rape,-0.04387138027246358,-0.013321573418363916,0.039754091572007336
2,TX0840800,"League City, TX",rape,-0.036816055652062446,-0.028806985104182153,0.03968058068208755
3,TX0840800,"League City, TX",rape,-0.03844243170372693,-0.06263081569694877,0.03976357291992776
4,TX0840800,"League City, TX",rape,9.843442890189009e-4,-0.009412381743519632,0.039689339058558176
5,TX0840800,"League City, TX",rape,0.04975363918948855,0.07019861294608702,0.03976357291992776
6,TX0840800,"League City, TX",rape,0.0540459096652648,0.06636603276947745,0.03968058068208755
7,TX0840800,"League City, TX",rape,0.04279756554542923,0.028693388552490845,0.03975409157200733
8,TX0840800,"League City, TX",rape,0.06016748517053278,0.05015299391512056,0.03968058068208755
9,TX0840800,"League City, TX",rape,0.06286767594923165,0.0686050093737603,0.03976357291992777
10,TX0840800,"League City, TX",rape,8.947043801548035e-5,-0.0059594333906072446,0.039689339058558176
11,TX0840800,"League City, TX",rape,-0.07310506870795891,-0.09154462175702545,0.03976357291992776
12,TX0840800,"League City, TX",rape,-0.07847115391076953,-0.07234022644628903,0.03968058068208755
1,TX0840900,"Texas City, TX",rape,-0.04387138027246358,-0.059532385640540295,0.03966537633151828
2,TX0840900,"Texas City, TX",rape,-0.036816055652062446,-0.03548131441237074,0.039636747062333125
3,TX0840900,"Texas City, TX",rape,-0.03844243170372693,-0.010108888614340906,0.03964431521011507
4,TX0840900,"Texas City, TX",rape,9.843442890189009e-4,0.038814792419498055,0.03975461416041085
5,TX0840900,"Texas City, TX",rape,0.04975363918948855,0.06836988632377149,0.03964431521011507
6,TX0840900,"Texas City, TX",rape,0.0540459096652648,0.0445218279206777,0.039636747062333125
7,TX0840900,"Texas City, TX",rape,0.04279756554542923,0.02062549656168416,0.03966537633151827
8,TX0840900,"Texas City, TX",rape,0.06016748517053278,0.04344010635551,0.039636747062333125
9,TX0840900,"Texas City, TX",rape,0.06286767594923165,0.056974569636336334,0.03964431521011508
10,TX0840900,"Texas City, TX",rape,8.947043801548035e-5,9.209665935810878e-5,0.03975461416041085
11,TX0840900,"Texas City, TX",rape,-0.07310506870795891,-0.07632867826691077,0.03964431521011507
12,TX0840900,"Texas City, TX",rape,-0.07847115391076953,-0.09138750894267315,0.039636747062333125
1,TX0920500,"Longview, TX",rape,-0.04387138027246358,-0.04310727968180863,0.03881927591181554
2,TX0920500,"Longview, TX",rape,-0.036816055652062446,-0.047380184842719344,0.03887834872143015
3,TX0920500,"Longview, TX",rape,-0.03844243170372693,-0.041045594201360794,0.038855835093184125
4,TX0920500,"Longview, TX",rape,9.843442890189009e-4,0.012648490371388883,0.03886111957083238
5,TX0920500,"Longview, TX",rape,0.04975363918948855,0.06158539860361448,0.038855835093184125
6,TX0920500,"Longview, TX",rape,0.0540459096652648,0.0563065926291203,0.03887834872143015
7,TX0920500,"Longview, TX",rape,0.04279756554542923,0.03941191794170343,0.03881927591181553
8,TX0920500,"Longview, TX",rape,0.06016748517053278,0.05312681807859026,0.03887834872143015
9,TX0920500,"Longview, TX",rape,0.06286767594923165,0.05048758917733694,0.038855835093184125
10,TX0920500,"Longview, TX",rape,8.947043801548035e-5,-0.008953128631283652,0.03886111957083238
11,TX0920500,"Longview, TX",rape,-0.07310506870795891,-0.06733203183948541,0.038855835093184125
12,TX0920500,"Longview, TX",rape,-0.07847115391076953,-0.06574858760509646,0.03887834872143015
1,TX1010100,"Baytown, TX",rape,-0.04387138027246358,-0.061559794809228054,0.039176570274741
2,TX1010100,"Baytown, TX",rape,-0.036816055652062446,-0.024271585516701895,0.03916270075120095
3,TX1010100,"Baytown, TX",rape,-0.03844243170372693,-0.010691944914491047,0.039121873742022154
4,TX1010100,"Baytown, TX",rape,9.843442890189009e-4,0.013817217011738898,0.03917747065887461
5,TX1010100,"Baytown, TX",rape,0.04975363918948855,0.05514695663824773,0.039121873742022154
6,TX1010100,"Baytown, TX",rape,0.0540459096652648,0.0608998707402596,0.03916270075120095
7,TX1010100,"Baytown, TX",rape,0.04279756554542923,0.026765434696776655,0.039176570274740995
8,TX1010100,"Baytown, TX",rape,0.06016748517053278,0.01594869565778742,0.03916270075120095
9,TX1010100,"Baytown, TX",rape,0.06286767594923165,0.037163415168027986,0.03912187374202216
10,TX1010100,"Baytown, TX",rape,8.947043801548035e-5,0.020977143100712525,0.03917747065887461
11,TX1010100,"Baytown, TX",rape,-0.07310506870795891,-0.04682406677933327,0.039121873742022154
12,TX1010100,"Baytown, TX",rape,-0.07847115391076953,-0.08737134099379655,0.03916270075120095
1,TX1011500,"Pasadena, TX",rape,-0.04387138027246358,-0.030312979958160177,0.03714224710409377
2,TX1011500,"Pasadena, TX",rape,-0.036816055652062446,-0.017825031278573465,0.03717541215015218
3,TX1011500,"Pasadena, TX",rape,-0.03844243170372693,-0.0020599047822840006,0.03713196911660714
4,TX1011500,"Pasadena, TX",rape,9.843442890189009e-4,0.040144222249572425,0.037174435991656804
5,TX1011500,"Pasadena, TX",rape,0.04975363918948855,0.05982771224532985,0.03713196911660714
6,TX1011500,"Pasadena, TX",rape,0.0540459096652648,0.030851273611755634,0.03717541215015218
7,TX1011500,"Pasadena, TX",rape,0.04279756554542923,0.01189324551946652,0.037142247104093765
8,TX1011500,"Pasadena, TX",rape,0.06016748517053278,0.03564062336604629,0.03717541215015218
9,TX1011500,"Pasadena, TX",rape,0.06286767594923165,0.038295231308450514,0.03713196911660715
10,TX1011500,"Pasadena, TX",rape,8.947043801548035e-5,-0.02172448781087873,0.037174435991656804
11,TX1011500,"Pasadena, TX",rape,-0.07310506870795891,-0.07764330433280268,0.03713196911660714
12,TX1011500,"Pasadena, TX",rape,-0.07847115391076953,-0.06708660013792218,0.03717541215015218
1,TX1050000,"Hays, TX",rape,-0.04387138027246358,-0.025445446214362726,0.039677375589839255
2,TX1050000,"Hays, TX",rape,-0.036816055652062446,-0.023939260109554685,0.03969633369817853
3,TX1050000,"Hays, TX",rape,-0.03844243170372693,-0.03203985075334313,0.03963290784304886
4,TX1050000,"Hays, TX",rape,9.843442890189009e-4,-0.0019684038879122677,0.039620714695654737
5,TX1050000,"Hays, TX",rape,0.04975363918948855,0.03079025869670082,0.03963290784304887
6,TX1050000,"Hays, TX",rape,0.0540459096652648,0.023449754986752506,0.03969633369817853
7,TX1050000,"Hays, TX",rape,0.04279756554542923,0.01926566758588289,0.03967737558983925
8,TX1050000,"Hays, TX",rape,0.06016748517053278,0.05562980013107698,0.03969633369817853
9,TX1050000,"Hays, TX",rape,0.06286767594923165,0.0699101694033453,0.03963290784304887
10,TX1050000,"Hays, TX",rape,8.947043801548035e-5,0.008148182516392145,0.039620714695654737
11,TX1050000,"Hays, TX",rape,-0.07310506870795891,-0.06248079871822314,0.03963290784304886
12,TX1050000,"Hays, TX",rape,-0.07847115391076953,-0.0613200736367547,0.03969633369817853
1,TX1050100,"San Marcos, TX",rape,-0.04387138027246358,-0.03317690616025579,0.03809883070647248
2,TX1050100,"San Marcos, TX",rape,-0.036816055652062446,-0.03175893400855557,0.038082630215582045
3,TX1050100,"San Marcos, TX",rape,-0.03844243170372693,-0.04626553697520768,0.03805338604102466
4,TX1050100,"San Marcos, TX",rape,9.843442890189009e-4,-0.0028484868811493123,0.03809468394599595
5,TX1050100,"San Marcos, TX",rape,0.04975363918948855,0.05204769940249875,0.03805338604102466
6,TX1050100,"San Marcos, TX",rape,0.0540459096652648,0.03728625426215925,0.038082630215582045
7,TX1050100,"San Marcos, TX",rape,0.04279756554542923,0.005351917771261723,0.03809883070647248
8,TX1050100,"San Marcos, TX",rape,0.06016748517053278,0.0414135010450701,0.038082630215582045
9,TX1050100,"San Marcos, TX",rape,0.06286767594923165,0.08374509240071631,0.038053386041024664
10,TX1050100,"San Marcos, TX",rape,8.947043801548035e-5,0.030673475270143434,0.03809468394599595
11,TX1050100,"San Marcos, TX",rape,-0.07310506870795891,-0.06170226643901329,0.03805338604102466
12,TX1050100,"San Marcos, TX",rape,-0.07847115391076953,-0.07476580968766793,0.038082630215582045
1,TX1050700,"Kyle, TX",rape,-0.04387138027246358,-0.03728570728001028,0.04021903347708361
2,TX1050700,"Kyle, TX",rape,-0.036816055652062446,-0.050942082068276245,0.04029903080877271
3,TX1050700,"Kyle, TX",rape,-0.03844243170372693,-0.046755636465885334,0.040251269891535685
4,TX1050700,"Kyle, TX",rape,9.843442890189009e-4,0.005791964684345648,0.040322975085439035
5,TX1050700,"Kyle, TX",rape,0.04975363918948855,0.04093362689084189,0.040251269891535685
6,TX1050700,"Kyle, TX",rape,0.0540459096652648,0.026287250392754584,0.04029903080877271
7,TX1050700,"Kyle, TX",rape,0.04279756554542923,0.02912538318823848,0.0402190334770836
8,TX1050700,"Kyle, TX",rape,0.06016748517053278,0.07464035555936493,0.04029903080877271
9,TX1050700,"Kyle, TX",rape,0.06286767594923165,0.07861423404874585,0.04025126989153569
10,TX1050700,"Kyle, TX",rape,8.947043801548035e-5,0.002368359407426174,0.040322975085439035
11,TX1050700,"Kyle, TX",rape,-0.07310506870795891,-0.06463190038193059,0.040251269891535685
12,TX1050700,"Kyle, TX",rape,-0.07847115391076953,-0.05814584797561512,0.04029903080877271
1,TX1080000,"Hidalgo, TX",rape,-0.04387138027246358,-0.04460916175717796,0.03646326366878538
2,TX1080000,"Hidalgo, TX",rape,-0.036816055652062446,-0.03859196802477671,0.036681343297149796
3,TX1080000,"Hidalgo, TX",rape,-0.03844243170372693,-0.0411723190398855,0.03659453929939322
4,TX1080000,"Hidalgo, TX",rape,9.843442890189009e-4,0.005010260913098108,0.03655807845749486
5,TX1080000,"Hidalgo, TX",rape,0.04975363918948855,0.07322498055621908,0.03659453929939322
6,TX1080000,"Hidalgo, TX",rape,0.0540459096652648,0.07921268910856581,0.036681343297149796
7,TX1080000,"Hidalgo, TX",rape,0.04279756554542923,0.03128878753259675,0.03646326366878537
8,TX1080000,"Hidalgo, TX",rape,0.06016748517053278,0.013151113648475536,0.036681343297149796
9,TX1080000,"Hidalgo, TX",rape,0.06286767594923165,0.02905183888816556,0.03659453929939322
10,TX1080000,"Hidalgo, TX",rape,8.947043801548035e-5,0.008310113311483132,0.03655807845749486
11,TX1080000,"Hidalgo, TX",rape,-0.07310506870795891,-0.04778412617991792,0.03659453929939322
12,TX1080000,"Hidalgo, TX",rape,-0.07847115391076953,-0.06709220895684588,0.036681343297149796
1,TX1080400,"Edinburg, TX",rape,-0.04387138027246358,-0.03596373264842171,0.03825157466689899
2,TX1080400,"Edinburg, TX",rape,-0.036816055652062446,-0.04620235964799786,0.0383010198493943
3,TX1080400,"Edinburg, TX",rape,-0.03844243170372693,-0.05397378518565863,0.038290144007622866
4,TX1080400,"Edinburg, TX",rape,9.843442890189009e-4,-0.0018000557817674965,0.0382941307124103
5,TX1080400,"Edinburg, TX",rape,0.04975363918948855,0.05407734497441188,0.038290144007622866
6,TX1080400,"Edinburg, TX",rape,0.0540459096652648,0.04902931626300761,0.0383010198493943
7,TX1080400,"Edinburg, TX",rape,0.04279756554542923,0.03336138386492591,0.03825157466689899
8,TX1080400,"Edinburg, TX",rape,0.06016748517053278,0.06188107978966867,0.0383010198493943
9,TX1080400,"Edinburg, TX",rape,0.06286767594923165,0.07225485411082527,0.03829014400762287
10,TX1080400,"Edinburg, TX",rape,8.947043801548035e-5,0.004402404565263332,0.0382941307124103
11,TX1080400,"Edinburg, TX",rape,-0.07310506870795891,-0.0697560651160827,0.038290144007622866
12,TX1080400,"Edinburg, TX",rape,-0.07847115391076953,-0.06731038518817428,0.0383010198493943
1,TX1080800,"McAllen, TX",rape,-0.04387138027246358,-0.043808261658498146,0.03929763227353673
2,TX1080800,"McAllen, TX",rape,-0.036816055652062446,-0.004885172537699893,0.039400121444812496
3,TX1080800,"McAllen, TX",rape,-0.03844243170372693,-0.01111638736062045,0.03938444387329685
4,TX1080800,"McAllen, TX",rape,9.843442890189009e-4,-0.005910971106999523,0.03935311192150052
5,TX1080800,"McAllen, TX",rape,0.04975363918948855,0.030105233278895284,0.03938444387329686
6,TX1080800,"McAllen, TX",rape,0.0540459096652648,0.0532534476303664,0.039400121444812496
7,TX1080800,"McAllen, TX",rape,0.04279756554542923,0.05379851625096912,0.03929763227353673
8,TX1080800,"McAllen, TX",rape,0.06016748517053278,0.06196596675993774,0.0394001214448125
9,TX1080800,"McAllen, TX",rape,0.06286767594923165,0.058206926990387375,0.03938444387329686
10,TX1080800,"McAllen, TX",rape,8.947043801548035e-5,-0.004079283485471418,0.03935311192150052
11,TX1080800,"McAllen, TX",rape,-0.07310506870795891,-0.08718602750113315,0.03938444387329685
12,TX1080800,"McAllen, TX",rape,-0.07847115391076953,-0.10034398726013333,0.039400121444812496
1,TX1081100,"Pharr, TX",rape,-0.04387138027246358,-0.022020894467927023,0.03947159412760251
2,TX1081100,"Pharr, TX",rape,-0.036816055652062446,1.8642195575367736e-4,0.03952327915190934
3,TX1081100,"Pharr, TX",rape,-0.03844243170372693,-0.0030525468384312573,0.03936478497802025
4,TX1081100,"Pharr, TX",rape,9.843442890189009e-4,0.005520737311180399,0.03921234636312459
5,TX1081100,"Pharr, TX",rape,0.04975363918948855,0.01298857566892795,0.039364784978020255
6,TX1081100,"Pharr, TX",rape,0.0540459096652648,3.687215884997936e-4,0.03952327915190934
7,TX1081100,"Pharr, TX",rape,0.04279756554542923,0.006685651243713912,0.039471594127602504
8,TX1081100,"Pharr, TX",rape,0.06016748517053278,0.05284108241723364,0.03952327915190934
9,TX1081100,"Pharr, TX",rape,0.06286767594923165,0.07141529443563173,0.039364784978020255
10,TX1081100,"Pharr, TX",rape,8.947043801548035e-5,0.009814505913032748,0.03921234636312459
11,TX1081100,"Pharr, TX",rape,-0.07310506870795891,-0.06601608004191528,0.03936478497802025
12,TX1081100,"Pharr, TX",rape,-0.07847115391076953,-0.06873146918570029,0.03952327915190934
1,TX1230100,"Beaumont, TX",rape,-0.04387138027246358,-0.04228436346689936,0.03732818085991404
2,TX1230100,"Beaumont, TX",rape,-0.036816055652062446,-0.0329094536070968,0.037401680827564274
3,TX1230100,"Beaumont, TX",rape,-0.03844243170372693,-0.0327841669992067,0.037376914126784615
4,TX1230100,"Beaumont, TX",rape,9.843442890189009e-4,0.013905185184107048,0.03740306260208169
5,TX1230100,"Beaumont, TX",rape,0.04975363918948855,0.06723063386314204,0.03737691412678462
6,TX1230100,"Beaumont, TX",rape,0.0540459096652648,0.06064840979124544,0.037401680827564274
7,TX1230100,"Beaumont, TX",rape,0.04279756554542923,0.03104551459280936,0.03732818085991403
8,TX1230100,"Beaumont, TX",rape,0.06016748517053278,0.0427229826641672,0.037401680827564274
9,TX1230100,"Beaumont, TX",rape,0.06286767594923165,0.05383654493036714,0.03737691412678462
10,TX1230100,"Beaumont, TX",rape,8.947043801548035e-5,-0.002666336310017009,0.03740306260208169
11,TX1230100,"Beaumont, TX",rape,-0.07310506870795891,-0.07704416292021246,0.037376914126784615
12,TX1230100,"Beaumont, TX",rape,-0.07847115391076953,-0.08170078772240591,0.037401680827564274
1,TX1230700,"Port Arthur, TX",rape,-0.04387138027246358,-0.04053980519894167,0.03973870536769117
2,TX1230700,"Port Arthur, TX",rape,-0.036816055652062446,-0.034480570915815016,0.03975323825189701
3,TX1230700,"Port Arthur, TX",rape,-0.03844243170372693,-0.035581764122669536,0.03974222844894031
4,TX1230700,"Port Arthur, TX",rape,9.843442890189009e-4,0.007925545296940867,0.03974480906415539
5,TX1230700,"Port Arthur, TX",rape,0.04975363918948855,0.052388227850719074,0.03974222844894032
6,TX1230700,"Port Arthur, TX",rape,0.0540459096652648,0.042953508856972494,0.03975323825189701
7,TX1230700,"Port Arthur, TX",rape,0.04279756554542923,0.027465246744730012,0.03973870536769116
8,TX1230700,"Port Arthur, TX",rape,0.06016748517053278,0.057798164174721056,0.03975323825189702
9,TX1230700,"Port Arthur, TX",rape,0.06286767594923165,0.07197391583578727,0.03974222844894032
10,TX1230700,"Port Arthur, TX",rape,8.947043801548035e-5,0.0051490131572708275,0.03974480906415539
11,TX1230700,"Port Arthur, TX",rape,-0.07310506870795891,-0.07570582110962515,0.03974222844894031
12,TX1230700,"Port Arthur, TX",rape,-0.07847115391076953,-0.07934566057009025,0.03975323825189701
1,TX1260200,"Burleson, TX",rape,-0.04387138027246358,-0.04936700045005664,0.04022039832034464
2,TX1260200,"Burleson, TX",rape,-0.036816055652062446,-0.04940076901915392,0.04022810432857865
3,TX1260200,"Burleson, TX",rape,-0.03844243170372693,-0.035342195720113996,0.04023012227392262
4,TX1260200,"Burleson, TX",rape,9.843442890189009e-4,0.0021741261659763474,0.04023550670960691
5,TX1260200,"Burleson, TX",rape,0.04975363918948855,0.03441790160879104,0.04023012227392262
6,TX1260200,"Burleson, TX",rape,0.0540459096652648,0.047981121841806806,0.04022810432857865
7,TX1260200,"Burleson, TX",rape,0.04279756554542923,0.06174190522366407,0.04022039832034464
8,TX1260200,"Burleson, TX",rape,0.06016748517053278,0.07225184661911163,0.04022810432857865
9,TX1260200,"Burleson, TX",rape,0.06286767594923165,0.0458183685464643,0.04023012227392263
10,TX1260200,"Burleson, TX",rape,8.947043801548035e-5,-0.014549030939583764,0.04023550670960691
11,TX1260200,"Burleson, TX",rape,-0.07310506870795891,-0.057268979208748766,0.04023012227392262
12,TX1260200,"Burleson, TX",rape,-0.07847115391076953,-0.05845729466815709,0.040228104328578644
1,TX1290000,"Kaufman, TX",rape,-0.04387138027246358,-0.06810246836448021,0.03995133102821931
2,TX1290000,"Kaufman, TX",rape,-0.036816055652062446,-0.04408389643811511,0.03996686222469211
3,TX1290000,"Kaufman, TX",rape,-0.03844243170372693,-0.037248942299518,0.03991922274295148
4,TX1290000,"Kaufman, TX",rape,9.843442890189009e-4,-0.002090624956313815,0.03993415922982667
5,TX1290000,"Kaufman, TX",rape,0.04975363918948855,0.051718127900971404,0.03991922274295149
6,TX1290000,"Kaufman, TX",rape,0.0540459096652648,0.06844189964633471,0.03996686222469211
7,TX1290000,"Kaufman, TX",rape,0.04279756554542923,0.05475746208959864,0.03995133102821931
8,TX1290000,"Kaufman, TX",rape,0.06016748517053278,0.060533565285401714,0.03996686222469211
9,TX1290000,"Kaufman, TX",rape,0.06286767594923165,0.0670436174216862,0.03991922274295149
10,TX1290000,"Kaufman, TX",rape,8.947043801548035e-5,0.015435631231195412,0.03993415922982667
11,TX1290000,"Kaufman, TX",rape,-0.07310506870795891,-0.06816779674825801,0.03991922274295148
12,TX1290000,"Kaufman, TX",rape,-0.07847115391076953,-0.09823657476850291,0.03996686222469211
1,TX1520200,"Lubbock, TX",rape,-0.04387138027246358,-0.03871579893867542,0.034419891271600736
2,TX1520200,"Lubbock, TX",rape,-0.036816055652062446,-0.03960363388553408,0.03444653276626784
3,TX1520200,"Lubbock, TX",rape,-0.03844243170372693,-0.058427788150996585,0.034406313299842124
4,TX1520200,"Lubbock, TX",rape,9.843442890189009e-4,-0.008585187048303059,0.03444427819780977
5,TX1520200,"Lubbock, TX",rape,0.04975363918948855,0.06805233914415261,0.03440631329984213
6,TX1520200,"Lubbock, TX",rape,0.0540459096652648,0.08180114786444537,0.03444653276626784
7,TX1520200,"Lubbock, TX",rape,0.04279756554542923,0.06154735236561459,0.034419891271600736
8,TX1520200,"Lubbock, TX",rape,0.06016748517053278,0.07350969154185336,0.03444653276626784
9,TX1520200,"Lubbock, TX",rape,0.06286767594923165,0.06950229238037674,0.03440631329984213
10,TX1520200,"Lubbock, TX",rape,8.947043801548035e-5,-0.014246366378636072,0.03444427819780977
11,TX1520200,"Lubbock, TX",rape,-0.07310506870795891,-0.1019583968004719,0.034406313299842124
12,TX1520200,"Lubbock, TX",rape,-0.07847115391076953,-0.09287565209382553,0.03444653276626784
1,TX1551200,"Waco, TX",rape,-0.04387138027246358,-0.04699358433621092,0.03681410587499706
2,TX1551200,"Waco, TX",rape,-0.036816055652062446,-0.058726857406877,0.03692767778222048
3,TX1551200,"Waco, TX",rape,-0.03844243170372693,-0.06402951754059014,0.03694991595236432
4,TX1551200,"Waco, TX",rape,9.843442890189009e-4,-0.017724361041923892,0.037006445898724795
5,TX1551200,"Waco, TX",rape,0.04975363918948855,0.038285803339979496,0.036949915952364326
6,TX1551200,"Waco, TX",rape,0.0540459096652648,0.04806612483765225,0.03692767778222048
7,TX1551200,"Waco, TX",rape,0.04279756554542923,0.04284077508754542,0.03681410587499706
8,TX1551200,"Waco, TX",rape,0.06016748517053278,0.06645688847085529,0.03692767778222048
9,TX1551200,"Waco, TX",rape,0.06286767594923165,0.07591235785323397,0.036949915952364326
10,TX1551200,"Waco, TX",rape,8.947043801548035e-5,0.02187717029058942,0.037006445898724795
11,TX1551200,"Waco, TX",rape,-0.07310506870795891,-0.046015834403957824,0.03694991595236432
12,TX1551200,"Waco, TX",rape,-0.07847115391076953,-0.059948965150296074,0.03692767778222048
1,TX1650100,"Midland, TX",rape,-0.04387138027246358,-0.04668475157831115,0.038001681059313175
2,TX1650100,"Midland, TX",rape,-0.036816055652062446,-0.03738264481313968,0.03807372650976938
3,TX1650100,"Midland, TX",rape,-0.03844243170372693,-0.05502982555771922,0.03804368665401215
4,TX1650100,"Midland, TX",rape,9.843442890189009e-4,-0.018920771876542695,0.0380737873139565
5,TX1650100,"Midland, TX",rape,0.04975363918948855,0.051228953098290245,0.03804368665401216
6,TX1650100,"Midland, TX",rape,0.0540459096652648,0.06703717857602544,0.03807372650976938
7,TX1650100,"Midland, TX",rape,0.04279756554542923,0.04230334591411887,0.03800168105931317
8,TX1650100,"Midland, TX",rape,0.06016748517053278,0.05484418001191674,0.03807372650976938
9,TX1650100,"Midland, TX",rape,0.06286767594923165,0.0768727664206886,0.03804368665401216
10,TX1650100,"Midland, TX",rape,8.947043801548035e-5,0.02330217754073502,0.0380737873139565
11,TX1650100,"Midland, TX",rape,-0.07310506870795891,-0.06869048829706732,0.03804368665401215
12,TX1650100,"Midland, TX",rape,-0.07847115391076953,-0.08888011943899483,0.03807372650976938
1,TX1700100,"Conroe, TX",rape,-0.04387138027246358,-0.059829311700671975,0.0388021093203604
2,TX1700100,"Conroe, TX",rape,-0.036816055652062446,-0.0551628360205941,0.03888471865622873
3,TX1700100,"Conroe, TX",rape,-0.03844243170372693,-0.03970353286698875,0.03889880457796573
4,TX1700100,"Conroe, TX",rape,9.843442890189009e-4,0.027705941978808588,0.03888853609946141
5,TX1700100,"Conroe, TX",rape,0.04975363918948855,0.09010648890175607,0.03889880457796574
6,TX1700100,"Conroe, TX",rape,0.0540459096652648,0.08315067606594136,0.03888471865622873
7,TX1700100,"Conroe, TX",rape,0.04279756554542923,0.04917224620581305,0.0388021093203604
8,TX1700100,"Conroe, TX",rape,0.06016748517053278,0.04880370454403127,0.03888471865622873
9,TX1700100,"Conroe, TX",rape,0.06286767594923165,0.04400146688528486,0.03889880457796574
10,TX1700100,"Conroe, TX",rape,8.947043801548035e-5,-0.01704887648394964,0.03888853609946141
11,TX1700100,"Conroe, TX",rape,-0.07310506870795891,-0.08374735742519325,0.03889880457796573
12,TX1700100,"Conroe, TX",rape,-0.07847115391076953,-0.08744861008423749,0.03888471865622873
1,TX1840000,"Parker, TX",rape,-0.04387138027246358,-0.03866713088411258,0.03973518983324876
2,TX1840000,"Parker, TX",rape,-0.036816055652062446,-0.04801690345743918,0.03974989546314797
3,TX1840000,"Parker, TX",rape,-0.03844243170372693,-0.05417369769450099,0.03972367830158201
4,TX1840000,"Parker, TX",rape,9.843442890189009e-4,-0.0029220632622506517,0.03975321359218821
5,TX1840000,"Parker, TX",rape,0.04975363918948855,0.05513861521523074,0.039723678301582015
6,TX1840000,"Parker, TX",rape,0.0540459096652648,0.06189363402376724,0.03974989546314797
7,TX1840000,"Parker, TX",rape,0.04279756554542923,0.05604657451025971,0.03973518983324876
8,TX1840000,"Parker, TX",rape,0.06016748517053278,0.07536022548277167,0.03974989546314797
9,TX1840000,"Parker, TX",rape,0.06286767594923165,0.06413757609368638,0.039723678301582015
10,TX1840000,"Parker, TX",rape,8.947043801548035e-5,-0.01445738036389645,0.03975321359218821
11,TX1840000,"Parker, TX",rape,-0.07310506870795891,-0.08248193724056324,0.03972367830158201
12,TX1840000,"Parker, TX",rape,-0.07847115391076953,-0.07185751242295264,0.03974989546314797
1,TX1990100,"Rockwall, TX",rape,-0.04387138027246358,-0.023992649390366782,0.04074535215546036
2,TX1990100,"Rockwall, TX",rape,-0.036816055652062446,-0.03807153832237629,0.04074623294630242
3,TX1990100,"Rockwall, TX",rape,-0.03844243170372693,-0.051607874588862526,0.040746342443989794
4,TX1990100,"Rockwall, TX",rape,9.843442890189009e-4,-0.004622924429311751,0.04075434608035012
5,TX1990100,"Rockwall, TX",rape,0.04975363918948855,0.04629569253718474,0.040746342443989794
6,TX1990100,"Rockwall, TX",rape,0.0540459096652648,0.04181027559243391,0.04074623294630242
7,TX1990100,"Rockwall, TX",rape,0.04279756554542923,0.03408445609504815,0.04074535215546035
8,TX1990100,"Rockwall, TX",rape,0.06016748517053278,0.06718860193853582,0.04074623294630242
9,TX1990100,"Rockwall, TX",rape,0.06286767594923165,0.07063313150034073,0.0407463424439898
10,TX1990100,"Rockwall, TX",rape,8.947043801548035e-5,-0.005468882275369579,0.04075434608035012
11,TX1990100,"Rockwall, TX",rape,-0.07310506870795891,-0.075412756153344293,0.040746342443989794
12,TX1990100,"Rockwall, TX",rape,-0.07847115391076953,-0.060835532503912146,0.04074623294630242
1,TX2120000,"Smith, TX",rape,-0.04387138027246358,-0.06354080160218933,0.039498694310288664
2,TX2120000,"Smith, TX",rape,-0.036816055652062446,-0.03203841870261691,0.03947680735522442
3,TX2120000,"Smith, TX",rape,-0.03844243170372693,-0.013083604619033185,0.03959877093422855
4,TX2120000,"Smith, TX",rape,9.843442890189009e-4,-0.0057947181707839685,0.039435053300645125
5,TX2120000,"Smith, TX",rape,0.04975363918948855,0.0051394233122018344,0.039598770934228554
6,TX2120000,"Smith, TX",rape,0.0540459096652648,0.030317460652426458,0.03947680735522442
7,TX2120000,"Smith, TX",rape,0.04279756554542923,0.06476839742359035,0.03949869431028866
8,TX2120000,"Smith, TX",rape,0.06016748517053278,0.08528336648035625,0.03947680735522442
9,TX2120000,"Smith, TX",rape,0.06286767594923165,0.06510095657537154,0.03959877093422856
10,TX2120000,"Smith, TX",rape,8.947043801548035e-5,0.004567122349382966,0.039435053300645125
11,TX2120000,"Smith, TX",rape,-0.07310506870795891,-0.058384371089941205,0.039598770934228554
12,TX2120000,"Smith, TX",rape,-0.07847115391076953,-0.08233481260876478,0.03947680735522442
1,TX2120400,"Tyler, TX",rape,-0.04387138027246358,-0.047938098445263345,0.03795033508428292
2,TX2120400,"Tyler, TX",rape,-0.036816055652062446,-0.04356583670928324,0.037999382827213525
3,TX2120400,"Tyler, TX",rape,-0.03844243170372693,-0.04427731371256251,0.0379666000607264
4,TX2120400,"Tyler, TX",rape,9.843442890189009e-4,0.001442334249797434,0.03799146405792651
5,TX2120400,"Tyler, TX",rape,0.04975363918948855,0.055632914044703254,0.037966600060726406
6,TX2120400,"Tyler, TX",rape,0.0540459096652648,0.05572691538608856,0.037999382827213525
7,TX2120400,"Tyler, TX",rape,0.04279756554542923,0.03530856644688849,0.037950335084282916
8,TX2120400,"Tyler, TX",rape,0.06016748517053278,0.052518865078099365,0.037999382827213525
9,TX2120400,"Tyler, TX",rape,0.06286767594923165,0.06585987407975352,0.037966600060726406
10,TX2120400,"Tyler, TX",rape,8.947043801548035e-5,0.011187197748577456,0.03799146405792651
11,TX2120400,"Tyler, TX",rape,-0.07310506870795891,-0.0645859424135194,0.0379666000607264
12,TX2120400,"Tyler, TX",rape,-0.07847115391076953,-0.07730947575327958,0.037999382827213525
1,TX2200100,"Arlington, TX",rape,-0.04387138027246358,-0.001937209315484782,0.03336785199247498
2,TX2200100,"Arlington, TX",rape,-0.036816055652062446,-0.04360309360945951,0.03352009219437104
3,TX2200100,"Arlington, TX",rape,-0.03844243170372693,-0.047315141710414114,0.03335366317852913
4,TX2200100,"Arlington, TX",rape,9.843442890189009e-4,0.02776055153246756,0.03335263276796309
5,TX2200100,"Arlington, TX",rape,0.04975363918948855,0.06898689423209238,0.033353663178529135
6,TX2200100,"Arlington, TX",rape,0.0540459096652648,0.023629718759129264,0.03352009219437104
7,TX2200100,"Arlington, TX",rape,0.04279756554542923,-0.0034964251302055755,0.033367851992474974
8,TX2200100,"Arlington, TX",rape,0.06016748517053278,0.038553341551084384,0.03352009219437105
9,TX2200100,"Arlington, TX",rape,0.06286767594923165,0.047699024097729366,0.033353663178529135
10,TX2200100,"Arlington, TX",rape,8.947043801548035e-5,-0.022326917086777164,0.03335263276796309
11,TX2200100,"Arlington, TX",rape,-0.07310506870795891,-0.06393714217371725,0.03335366317852913
12,TX2200100,"Arlington, TX",rape,-0.07847115391076953,-0.024013601146444557,0.03352009219437104
1,TX2200900,"Euless, TX",rape,-0.04387138027246358,-0.05746247865852982,0.04037613115199761
2,TX2200900,"Euless, TX",rape,-0.036816055652062446,-0.059291490691574966,0.040425516908482687
3,TX2200900,"Euless, TX",rape,-0.03844243170372693,-0.04455040875163767,0.04040387069289212
4,TX2200900,"Euless, TX",rape,9.843442890189009e-4,0.012319981195761137,0.04038518235785346
5,TX2200900,"Euless, TX",rape,0.04975363918948855,0.062077963730326396,0.04040387069289213
6,TX2200900,"Euless, TX",rape,0.0540459096652648,0.060681070039823704,0.040425516908482687
7,TX2200900,"Euless, TX",rape,0.04279756554542923,0.04563522849770702,0.040376131151997605
8,TX2200900,"Euless, TX",rape,0.06016748517053278,0.05601089178550371,0.040425516908482687
9,TX2200900,"Euless, TX",rape,0.06286767594923165,0.05309706000638924,0.04040387069289213
10,TX2200900,"Euless, TX",rape,8.947043801548035e-5,-4.927310349383149e-4,0.04038518235785346
11,TX2200900,"Euless, TX",rape,-0.07310506870795891,-0.05879736482425517,0.04040387069289212
12,TX2200900,"Euless, TX",rape,-0.07847115391076953,-0.06922772129457527,0.04042551690848268
1,TX2201200,"Fort Worth, TX",rape,-0.04387138027246358,0.04742065076283824,0.030932293052437516
2,TX2201200,"Fort Worth, TX",rape,-0.036816055652062446,-0.009749200832080954,0.030800373179510003
3,TX2201200,"Fort Worth, TX",rape,-0.03844243170372693,-0.09786397078224601,0.030913239124456406
4,TX2201200,"Fort Worth, TX",rape,9.843442890189009e-4,-0.04417917002429484,0.03087331835208557
5,TX2201200,"Fort Worth, TX",rape,0.04975363918948855,0.06599674475716356,0.03091323912445641
6,TX2201200,"Fort Worth, TX",rape,0.0540459096652648,0.06586686220561391,0.030800373179510003
7,TX2201200,"Fort Worth, TX",rape,0.04279756554542923,0.015293509673375545,0.03093229305243751
8,TX2201200,"Fort Worth, TX",rape,0.06016748517053278,0.04214816419879249,0.030800373179510006
9,TX2201200,"Fort Worth, TX",rape,0.06286767594923165,0.06754877371274381,0.030913239124456413
10,TX2201200,"Fort Worth, TX",rape,8.947043801548035e-5,-0.018534990411918882,0.03087331835208557
11,TX2201200,"Fort Worth, TX",rape,-0.07310506870795891,-0.0983957081238751,0.030913239124456406
12,TX2201200,"Fort Worth, TX",rape,-0.07847115391076953,-0.03555166513611179,0.030800373179510003
1,TX2201300,"Grapevine, TX",rape,-0.04387138027246358,-0.04973219873245287,0.04060041711302986
2,TX2201300,"Grapevine, TX",rape,-0.036816055652062446,-0.03808395613648919,0.04060760113500747
3,TX2201300,"Grapevine, TX",rape,-0.03844243170372693,-0.030739339414649604,0.04060874006065405
4,TX2201300,"Grapevine, TX",rape,9.843442890189009e-4,0.005827785480938471,0.04060737453504547
5,TX2201300,"Grapevine, TX",rape,0.04975363918948855,0.04673769986273252,0.040608740060654056
6,TX2201300,"Grapevine, TX",rape,0.0540459096652648,0.05431371691993062,0.04060760113500747
7,TX2201300,"Grapevine, TX",rape,0.04279756554542923,0.050211287368447176,0.040600417113029856
8,TX2201300,"Grapevine, TX",rape,0.06016748517053278,0.062069203571943295,0.04060760113500747
9,TX2201300,"Grapevine, TX",rape,0.06286767594923165,0.05424549821410944,0.040608740060654056
10,TX2201300,"Grapevine, TX",rape,8.947043801548035e-5,-0.00630687411693275,0.04060737453504547
11,TX2201300,"Grapevine, TX",rape,-0.07310506870795891,-0.07072294729818664,0.04060874006065405
12,TX2201300,"Grapevine, TX",rape,-0.07847115391076953,-0.07781987571939046,0.04060760113500747
1,TX2202000,"Mansfield, TX",rape,-0.04387138027246358,-0.0582922716195786,0.0404829453752037
2,TX2202000,"Mansfield, TX",rape,-0.036816055652062446,-0.044332384212209516,0.04048434106096942
3,TX2202000,"Mansfield, TX",rape,-0.03844243170372693,-0.038943754011331655,0.040525606595510175
4,TX2202000,"Mansfield, TX",rape,9.843442890189009e-4,-0.008294126665187111,0.04046890968233855
5,TX2202000,"Mansfield, TX",rape,0.04975363918948855,0.04161534068013349,0.04052560659551018
6,TX2202000,"Mansfield, TX",rape,0.0540459096652648,0.06236605535609478,0.04048434106096942
7,TX2202000,"Mansfield, TX",rape,0.04279756554542923,0.0495991426706618,0.040482945375203694
8,TX2202000,"Mansfield, TX",rape,0.06016748517053278,0.04496278380010176,0.04048434106096942
9,TX2202000,"Mansfield, TX",rape,0.06286767594923165,0.04826728254814072,0.04052560659551018
10,TX2202000,"Mansfield, TX",rape,8.947043801548035e-5,0.016987255614103934,0.04046890968233855
11,TX2202000,"Mansfield, TX",rape,-0.07310506870795891,-0.04224574026802576,0.040525606595510175
12,TX2202000,"Mansfield, TX",rape,-0.07847115391076953,-0.07168958389290384,0.04048434106096942
1,TX2202100,"North Richland Hills, TX",rape,-0.04387138027246358,-0.07063053804105879,0.04001491315188676
2,TX2202100,"North Richland Hills, TX",rape,-0.036816055652062446,-0.05333275607344078,0.03999385054450775
3,TX2202100,"North Richland Hills, TX",rape,-0.03844243170372693,-0.04608001347011094,0.039917982960476744
4,TX2202100,"North Richland Hills, TX",rape,9.843442890189009e-4,0.003132474501140418,0.03993249202646336
5,TX2202100,"North Richland Hills, TX",rape,0.04975363918948855,0.06091760205148716,0.03991798296047675
6,TX2202100,"North Richland Hills, TX",rape,0.0540459096652648,0.06427461903552376,0.03999385054450775
7,TX2202100,"North Richland Hills, TX",rape,0.04279756554542923,0.047428199535108524,0.04001491315188675
8,TX2202100,"North Richland Hills, TX",rape,0.06016748517053278,0.07090224525487812,0.03999385054450775
9,TX2202100,"North Richland Hills, TX",rape,0.06286767594923165,0.08685184115749858,0.03991798296047675
10,TX2202100,"North Richland Hills, TX",rape,8.947043801548035e-5,0.020069864004809892,0.03993249202646336
11,TX2202100,"North Richland Hills, TX",rape,-0.07310506870795891,-0.07848709123292455,0.039917982960476744
12,TX2202100,"North Richland Hills, TX",rape,-0.07847115391076953,-0.10504644672291141,0.03999385054450775
1,TX2210100,"Abilene, TX",rape,-0.04387138027246358,-0.07318510056718314,0.0370753408610057
2,TX2210100,"Abilene, TX",rape,-0.036816055652062446,-0.03895348632121499,0.037131379811783397
3,TX2210100,"Abilene, TX",rape,-0.03844243170372693,-0.03005164887601827,0.03705614101180499
4,TX2210100,"Abilene, TX",rape,9.843442890189009e-4,-4.161619958615655e-4,0.03706845107150006
5,TX2210100,"Abilene, TX",rape,0.04975363918948855,0.054243122199680825,0.03705614101180499
6,TX2210100,"Abilene, TX",rape,0.0540459096652648,0.07936735723664169,0.037131379811783397
7,TX2210100,"Abilene, TX",rape,0.04279756554542923,0.06684861692739444,0.037075340861005696
8,TX2210100,"Abilene, TX",rape,0.06016748517053278,0.06227353702579243,0.037131379811783397
9,TX2210100,"Abilene, TX",rape,0.06286767594923165,0.05970818322038443,0.03705614101180499
10,TX2210100,"Abilene, TX",rape,8.947043801548035e-5,0.006752645635650294,0.03706845107150006
11,TX2210100,"Abilene, TX",rape,-0.07310506870795891,-0.07756317290425828,0.03705614101180499
12,TX2210100,"Abilene, TX",rape,-0.07847115391076953,-0.10902389158100785,0.037131379811783397
1,TX2260100,"San Angelo, TX",rape,-0.04387138027246358,-0.026837290850244083,0.038575757070226126
2,TX2260100,"San Angelo, TX",rape,-0.036816055652062446,-0.04233464733376456,0.03865002627123241
3,TX2260100,"San Angelo, TX",rape,-0.03844243170372693,-0.046084772386740774,0.03859997550455895
4,TX2260100,"San Angelo, TX",rape,9.843442890189009e-4,0.008518453199131847,0.03866177814290703
5,TX2260100,"San Angelo, TX",rape,0.04975363918948855,0.056362914579596364,0.03859997550455896
6,TX2260100,"San Angelo, TX",rape,0.0540459096652648,0.04789892102498304,0.03865002627123241
7,TX2260100,"San Angelo, TX",rape,0.04279756554542923,0.03994817210171332,0.03857575707022612
8,TX2260100,"San Angelo, TX",rape,0.06016748517053278,0.06657195489943345,0.03865002627123241
9,TX2260100,"San Angelo, TX",rape,0.06286767594923165,0.05721119870094045,0.03859997550455896
10,TX2260100,"San Angelo, TX",rape,8.947043801548035e-5,-0.021629334450601057,0.03866177814290703
11,TX2260100,"San Angelo, TX",rape,-0.07310506870795891,-0.08060022214526527,0.03859997550455895
12,TX2260100,"San Angelo, TX",rape,-0.07847115391076953,-0.05902534733918274,0.0386500262712324
1,TX2270000,"Travis, TX",rape,-0.04387138027246358,-0.03522275890113016,0.03678820819434163
2,TX2270000,"Travis, TX",rape,-0.036816055652062446,-0.05076251907305999,0.036799454446613165
3,TX2270000,"Travis, TX",rape,-0.03844243170372693,-0.05881270260805008,0.03681893686722522
4,TX2270000,"Travis, TX",rape,9.843442890189009e-4,0.002151537064449109,0.03681365862987972
5,TX2270000,"Travis, TX",rape,0.04975363918948855,0.05913618719128064,0.036818936867225226
6,TX2270000,"Travis, TX",rape,0.0540459096652648,0.04040066252163635,0.036799454446613165
7,TX2270000,"Travis, TX",rape,0.04279756554542923,0.017139112007473183,0.03678820819434162
8,TX2270000,"Travis, TX",rape,0.06016748517053278,0.058675117748256574,0.036799454446613165
9,TX2270000,"Travis, TX",rape,0.06286767594923165,0.08480894817690368,0.036818936867225226
10,TX2270000,"Travis, TX",rape,8.947043801548035e-5,0.01593210982920792,0.03681365862987972
11,TX2270000,"Travis, TX",rape,-0.07310506870795891,-0.06704878586647724,0.03681893686722522
12,TX2270000,"Travis, TX",rape,-0.07847115391076953,-0.06639690809048998,0.036799454446613165
1,TX2270100,"Austin, TX",rape,-0.04387138027246358,-0.074209644201821,0.030182391348143742
2,TX2270100,"Austin, TX",rape,-0.036816055652062446,-0.052853172440449035,0.03017585714552096
3,TX2270100,"Austin, TX",rape,-0.03844243170372693,-0.024042421524337394,0.030224805212730858
4,TX2270100,"Austin, TX",rape,9.843442890189009e-4,7.751276797279309e-4,0.030205450134483607
5,TX2270100,"Austin, TX",rape,0.04975363918948855,0.02339477814431983,0.03022480521273086
6,TX2270100,"Austin, TX",rape,0.0540459096652648,0.04308448656318156,0.03017585714552096
7,TX2270100,"Austin, TX",rape,0.04279756554542923,0.05482115584811373,0.03018239134814374
8,TX2270100,"Austin, TX",rape,0.06016748517053278,0.057227760452018314,0.03017585714552096
9,TX2270100,"Austin, TX",rape,0.06286767594923165,0.04780549788961395,0.030224805212730865
10,TX2270100,"Austin, TX",rape,8.947043801548035e-5,0.018613360673979343,0.030205450134483607
11,TX2270100,"Austin, TX",rape,-0.07310506870795891,-0.027769366155889128,0.030224805212730858
12,TX2270100,"Austin, TX",rape,-0.07847115391076953,-0.06684756292845809,0.03017585714552096
1,TX2270900,"Pflugerville, TX",rape,-0.04387138027246358,-0.04518283356627744,0.04036149187856934
2,TX2270900,"Pflugerville, TX",rape,-0.036816055652062446,-0.035484691687095976,0.04037311430302705
3,TX2270900,"Pflugerville, TX",rape,-0.03844243170372693,-0.04060482026778889,0.040357021670876035
4,TX2270900,"Pflugerville, TX",rape,9.843442890189009e-4,-5.56694027741363e-4,0.040364111016411366
5,TX2270900,"Pflugerville, TX",rape,0.04975363918948855,0.055077220927674135,0.04035702167087604
6,TX2270900,"Pflugerville, TX",rape,0.0540459096652648,0.06466212363886417,0.04037311430302705
7,TX2270900,"Pflugerville, TX",rape,0.04279756554542923,0.053371092126702144,0.040361491878569335
8,TX2270900,"Pflugerville, TX",rape,0.06016748517053278,0.06796017689622358,0.04037311430302705
9,TX2270900,"Pflugerville, TX",rape,0.06286767594923165,0.06489204691649182,0.04035702167087604
10,TX2270900,"Pflugerville, TX",rape,8.947043801548035e-5,-0.007631564532683312,0.040364111016411366
11,TX2270900,"Pflugerville, TX",rape,-0.07310506870795891,-0.08755270613680176,0.040357021670876035
12,TX2270900,"Pflugerville, TX",rape,-0.07847115391076953,-0.08894935028756712,0.04037311430302705
1,TX2350100,"Victoria, TX",rape,-0.04387138027246358,-0.058182773439930835,0.03920181424216068
2,TX2350100,"Victoria, TX",rape,-0.036816055652062446,-0.046952482754276145,0.039282660424242534
3,TX2350100,"Victoria, TX",rape,-0.03844243170372693,-0.026781722243737607,0.03932002703110076
4,TX2350100,"Victoria, TX",rape,9.843442890189009e-4,0.025941083341749802,0.039300642001446666
5,TX2350100,"Victoria, TX",rape,0.04975363918948855,0.07357145146058999,0.03932002703110077
6,TX2350100,"Victoria, TX",rape,0.0540459096652648,0.0714273922696635,0.039282660424242534
7,TX2350100,"Victoria, TX",rape,0.04279756554542923,0.045382809206162826,0.039201814242160675
8,TX2350100,"Victoria, TX",rape,0.06016748517053278,0.03902091051672872,0.039282660424242534
9,TX2350100,"Victoria, TX",rape,0.06286767594923165,0.03165011423995823,0.03932002703110077
10,TX2350100,"Victoria, TX",rape,8.947043801548035e-5,-0.013141119107981767,0.039300642001446666
11,TX2350100,"Victoria, TX",rape,-0.07310506870795891,-0.0656398792230426,0.03932002703110076
12,TX2350100,"Victoria, TX",rape,-0.07847115391076953,-0.07629578426588413,0.039282660424242534
1,TX2400100,"Laredo, TX",rape,-0.04387138027246358,-0.05055922382543088,0.0369914643040785
2,TX2400100,"Laredo, TX",rape,-0.036816055652062446,-0.026798109238804615,0.037017125460769
3,TX2400100,"Laredo, TX",rape,-0.03844243170372693,-0.01830769842645238,0.03695835406315237
4,TX2400100,"Laredo, TX",rape,9.843442890189009e-4,0.013398007634814942,0.036991441043318925
5,TX2400100,"Laredo, TX",rape,0.04975363918948855,0.05006271001796217,0.03695835406315238
6,TX2400100,"Laredo, TX",rape,0.0540459096652648,0.04428453975094722,0.037017125460769
7,TX2400100,"Laredo, TX",rape,0.04279756554542923,0.021274787338684438,0.03699146430407849
8,TX2400100,"Laredo, TX",rape,0.06016748517053278,0.035495336625491175,0.037017125460769
9,TX2400100,"Laredo, TX",rape,0.06286767594923165,0.056289362299885404,0.03695835406315238
10,TX2400100,"Laredo, TX",rape,8.947043801548035e-5,0.015886428851931526,0.036991441043318925
11,TX2400100,"Laredo, TX",rape,-0.07310506870795891,-0.05875993740464874,0.03695835406315237
12,TX2400100,"Laredo, TX",rape,-0.07847115391076953,-0.08226620362438027,0.037017125460769
1,TX2430500,"Wichita Falls, TX",rape,-0.04387138027246358,-0.03531464540054162,0.037575760218354654
2,TX2430500,"Wichita Falls, TX",rape,-0.036816055652062446,-0.040294980561672376,0.037644910354530665
3,TX2430500,"Wichita Falls, TX",rape,-0.03844243170372693,-0.0573592313740271,0.03762795529300484
4,TX2430500,"Wichita Falls, TX",rape,9.843442890189009e-4,-0.012128024251446112,0.03764549219536261
5,TX2430500,"Wichita Falls, TX",rape,0.04975363918948855,0.05370208875025337,0.03762795529300484
6,TX2430500,"Wichita Falls, TX",rape,0.0540459096652648,0.05573154693151966,0.037644910354530665
7,TX2430500,"Wichita Falls, TX",rape,0.04279756554542923,0.028525156822839837,0.03757576021835465
8,TX2430500,"Wichita Falls, TX",rape,0.06016748517053278,0.04861840906404071,0.037644910354530665
9,TX2430500,"Wichita Falls, TX",rape,0.06286767594923165,0.07247214845409725,0.03762795529300485
10,TX2430500,"Wichita Falls, TX",rape,8.947043801548035e-5,0.01891751282914793,0.03764549219536261
11,TX2430500,"Wichita Falls, TX",rape,-0.07310506870795891,-0.06202551725262173,0.03762795529300484
12,TX2430500,"Wichita Falls, TX",rape,-0.07847115391076953,-0.07084446401158984,0.037644910354530665
1,TX2460000,"Williamson, TX",rape,-0.04387138027246358,-0.05790504106228054,0.03883961156466673
2,TX2460000,"Williamson, TX",rape,-0.036816055652062446,-0.05850101346487566,0.038889753445472394
3,TX2460000,"Williamson, TX",rape,-0.03844243170372693,-0.04742414178398078,0.03890923449568877
4,TX2460000,"Williamson, TX",rape,9.843442890189009e-4,-0.0018856468569007521,0.03882527460762652
5,TX2460000,"Williamson, TX",rape,0.04975363918948855,0.05153597387647175,0.038909234495688776
6,TX2460000,"Williamson, TX",rape,0.0540459096652648,0.07242950858067,0.038889753445472394
7,TX2460000,"Williamson, TX",rape,0.04279756554542923,0.06619763298137515,0.038839611564666726
8,TX2460000,"Williamson, TX",rape,0.06016748517053278,0.05757180550874127,0.038889753445472394
9,TX2460000,"Williamson, TX",rape,0.06286767594923165,0.03820234190875179,0.038909234495688776
10,TX2460000,"Williamson, TX",rape,8.947043801548035e-5,-0.006406945062193845,0.03882527460762652
11,TX2460000,"Williamson, TX",rape,-0.07310506870795891,-0.05060676592033737,0.03890923449568877
12,TX2460000,"Williamson, TX",rape,-0.07847115391076953,-0.06320770870544098,0.038889753445472394
1,TX2460200,"Georgetown, TX",rape,-0.04387138027246358,-0.04347415759011514,0.0396667751532865
2,TX2460200,"Georgetown, TX",rape,-0.036816055652062446,-0.026375987275832364,0.03970033302656627
3,TX2460200,"Georgetown, TX",rape,-0.03844243170372693,-0.03076871447594592,0.03966144625323193
4,TX2460200,"Georgetown, TX",rape,9.843442890189009e-4,0.003573327383603384,0.0396939472240568
5,TX2460200,"Georgetown, TX",rape,0.04975363918948855,0.054081949600361924,0.03966144625323193
6,TX2460200,"Georgetown, TX",rape,0.0540459096652648,0.05435788359873947,0.03970033302656627
7,TX2460200,"Georgetown, TX",rape,0.04279756554542923,0.029127730867049402,0.039666775153286496
8,TX2460200,"Georgetown, TX",rape,0.06016748517053278,0.04326857113063711,0.03970033302656627
9,TX2460200,"Georgetown, TX",rape,0.06286767594923165,0.062007725053816444,0.03966144625323194
10,TX2460200,"Georgetown, TX",rape,8.947043801548035e-5,0.010773099339462392,0.0396939472240568
11,TX2460200,"Georgetown, TX",rape,-0.07310506870795891,-0.07097453345516669,0.03966144625323193
12,TX2460200,"Georgetown, TX",rape,-0.07847115391076953,-0.08559689417661001,0.03970033302656627
1,TX2460900,"Cedar Park, TX",rape,-0.04387138027246358,-0.041335079011996734,0.03971534904352507
2,TX2460900,"Cedar Park, TX",rape,-0.036816055652062446,-0.0583850784327076,0.03979072417132405
3,TX2460900,"Cedar Park, TX",rape,-0.03844243170372693,-0.05545560368304197,0.03975802380232731
4,TX2460900,"Cedar Park, TX",rape,9.843442890189009e-4,0.0059033263174002905,0.03977897134170272
5,TX2460900,"Cedar Park, TX",rape,0.04975363918948855,0.057473967266338535,0.03975802380232731
6,TX2460900,"Cedar Park, TX",rape,0.0540459096652648,0.04744448954594663,0.03979072417132405
7,TX2460900,"Cedar Park, TX",rape,0.04279756554542923,0.034150210149928285,0.03971534904352506
8,TX2460900,"Cedar Park, TX",rape,0.06016748517053278,0.061776683055180005,0.03979072417132405
9,TX2460900,"Cedar Park, TX",rape,0.06286767594923165,0.06603207716758286,0.03975802380232731
10,TX2460900,"Cedar Park, TX",rape,8.947043801548035e-5,0.0012815425446681913,0.03977897134170272
11,TX2460900,"Cedar Park, TX",rape,-0.07310506870795891,-0.060865571888810976,0.03975802380232731
12,TX2460900,"Cedar Park, TX",rape,-0.07847115391076953,-0.05802096303048754,0.039790724171324045
1,TX2461700,"Leander, TX",rape,-0.04387138027246358,-0.026528855747955004,0.0400136447119581
2,TX2461700,"Leander, TX",rape,-0.036816055652062446,-0.021037542344698533,0.040016574531491315
3,TX2461700,"Leander, TX",rape,-0.03844243170372693,-0.0339008657530827,0.04002404312725445
4,TX2461700,"Leander, TX",rape,9.843442890189009e-4,0.0044305713595646995,0.03999215802262068
5,TX2461700,"Leander, TX",rape,0.04975363918948855,0.0524049468859413,0.04002404312725445
6,TX2461700,"Leander, TX",rape,0.0540459096652648,0.04414616193470545,0.040016574531491315
7,TX2461700,"Leander, TX",rape,0.04279756554542923,0.02630961861435228,0.04001364471195809
8,TX2461700,"Leander, TX",rape,0.06016748517053278,0.05677625437534635,0.040016574531491315
9,TX2461700,"Leander, TX",rape,0.06286767594923165,0.06985881491733328,0.04002404312725446
10,TX2461700,"Leander, TX",rape,8.947043801548035e-5,-0.0042113342259619295,0.03999215802262068
11,TX2461700,"Leander, TX",rape,-0.07310506870795891,-0.08814365891658914,0.04002404312725445
12,TX2461700,"Leander, TX",rape,-0.07847115391076953,-0.08010411109895607,0.040016574531491315
1,TXDPD0000,"Dallas, TX",rape,-0.04387138027246358,-0.016065485434854605,0.03066112830479025
2,TXDPD0000,"Dallas, TX",rape,-0.036816055652062446,-0.05283681883549036,0.030758139220036375
3,TXDPD0000,"Dallas, TX",rape,-0.03844243170372693,-0.06546040665834549,0.03072191754445324
4,TXDPD0000,"Dallas, TX",rape,9.843442890189009e-4,0.004097238376447922,0.030805414229509588
5,TXDPD0000,"Dallas, TX",rape,0.04975363918948855,0.06219131772774279,0.030721917544453248
6,TXDPD0000,"Dallas, TX",rape,0.0540459096652648,0.04851609753172337,0.030758139220036375
7,TXDPD0000,"Dallas, TX",rape,0.04279756554542923,0.042118277052044226,0.030661128304790244
8,TXDPD0000,"Dallas, TX",rape,0.06016748517053278,0.07991563576476793,0.030758139220036375
9,TXDPD0000,"Dallas, TX",rape,0.06286767594923165,0.06648643197043347,0.030721917544453248
10,TXDPD0000,"Dallas, TX",rape,8.947043801548035e-5,-0.03015002999363751,0.030805414229509588
11,TXDPD0000,"Dallas, TX",rape,-0.07310506870795891,-0.08927013465702038,0.03072191754445324
12,TXDPD0000,"Dallas, TX",rape,-0.07847115391076953,-0.04954212284381139,0.030758139220036375
1,TXHPD0000,"Houston, TX",rape,-0.04387138027246358,-0.06829198715625179,0.027961920590484402
2,TXHPD0000,"Houston, TX",rape,-0.036816055652062446,-0.046894401121744415,0.02799013169950699
3,TXHPD0000,"Houston, TX",rape,-0.03844243170372693,-0.016973772838473962,0.028007454927154722
4,TXHPD0000,"Houston, TX",rape,9.843442890189009e-4,0.035072397309635066,0.028029266171482083
5,TXHPD0000,"Houston, TX",rape,0.04975363918948855,0.0755411017652187,0.028007454927154726
6,TXHPD0000,"Houston, TX",rape,0.0540459096652648,0.06589080361685261,0.02799013169950699
7,TXHPD0000,"Houston, TX",rape,0.04279756554542923,0.034686690575291,0.0279619205904844
8,TXHPD0000,"Houston, TX",rape,0.06016748517053278,0.0302882520147087,0.02799013169950699
9,TXHPD0000,"Houston, TX",rape,0.06286767594923165,0.033972920312399055,0.028007454927154726
10,TXHPD0000,"Houston, TX",rape,8.947043801548035e-5,-0.0014671007286742417,0.028029266171482083
11,TXHPD0000,"Houston, TX",rape,-0.07310506870795891,-0.058934952658183,0.028007454927154722
12,TXHPD0000,"Houston, TX",rape,-0.07847115391076953,-0.08288995109077771,0.02799013169950699
1,TXSPD0000,"San Antonio, TX",rape,-0.04387138027246358,-0.05658678689377253,0.027976241193173962
2,TXSPD0000,"San Antonio, TX",rape,-0.036816055652062446,-0.036438902967596276,0.028046947874607733
3,TXSPD0000,"San Antonio, TX",rape,-0.03844243170372693,-0.05488894861280471,0.02804164571763658
4,TXSPD0000,"San Antonio, TX",rape,9.843442890189009e-4,-0.03788771737174254,0.028089292552896716
5,TXSPD0000,"San Antonio, TX",rape,0.04975363918948855,0.026288305257300866,0.028041645717636583
6,TXSPD0000,"San Antonio, TX",rape,0.0540459096652648,0.0666464577528977,0.028046947874607733
7,TXSPD0000,"San Antonio, TX",rape,0.04279756554542923,0.06743272114221648,0.02797624119317396
8,TXSPD0000,"San Antonio, TX",rape,0.06016748517053278,0.07826327740687923,0.028046947874607733
9,TXSPD0000,"San Antonio, TX",rape,0.06286767594923165,0.08586738880364375,0.028041645717636586
10,TXSPD0000,"San Antonio, TX",rape,8.947043801548035e-5,0.027041783123298628,0.028089292552896716
11,TXSPD0000,"San Antonio, TX",rape,-0.07310506870795891,-0.06811267969658384,0.02804164571763658
12,TXSPD0000,"San Antonio, TX",rape,-0.07847115391076953,-0.09762489794373673,0.028046947874607733
1,UT0030100,"Logan, UT",rape,-0.04387138027246358,-0.06267839061398264,0.039756684368109745
2,UT0030100,"Logan, UT",rape,-0.036816055652062446,-0.038510404656089806,0.03974242147401949
3,UT0030100,"Logan, UT",rape,-0.03844243170372693,-0.01675780668722788,0.03974460581886018
4,UT0030100,"Logan, UT",rape,9.843442890189009e-4,0.016979142281377767,0.03975122300702566
5,UT0030100,"Logan, UT",rape,0.04975363918948855,0.04249049474367498,0.03974460581886018
6,UT0030100,"Logan, UT",rape,0.0540459096652648,0.040991081514467204,0.03974242147401949
7,UT0030100,"Logan, UT",rape,0.04279756554542923,0.04046309729313151,0.039756684368109745
8,UT0030100,"Logan, UT",rape,0.06016748517053278,0.06112879962844377,0.03974242147401949
9,UT0030100,"Logan, UT",rape,0.06286767594923165,0.061591494980433016,0.03974460581886018
10,UT0030100,"Logan, UT",rape,8.947043801548035e-5,0.005236151039473395,0.03975122300702566
11,UT0030100,"Logan, UT",rape,-0.07310506870795891,-0.06510888971602896,0.03974460581886018
12,UT0030100,"Logan, UT",rape,-0.07847115391076953,-0.08582476980767234,0.03974242147401949
1,UT0060300,"Layton, UT",rape,-0.04387138027246358,-0.05267010443424463,0.039192724706734565
2,UT0060300,"Layton, UT",rape,-0.036816055652062446,-0.03550433569680912,0.03924940055928393
3,UT0060300,"Layton, UT",rape,-0.03844243170372693,-0.01215107506509811,0.03921676835026457
4,UT0060300,"Layton, UT",rape,9.843442890189009e-4,0.030681992073933514,0.03927366510022446
5,UT0060300,"Layton, UT",rape,0.04975363918948855,0.05277814902591471,0.03921676835026457
6,UT0060300,"Layton, UT",rape,0.0540459096652648,0.03714518499907999,0.03924940055928393
7,UT0060300,"Layton, UT",rape,0.04279756554542923,0.03255313239699376,0.03919272470673456
8,UT0060300,"Layton, UT",rape,0.06016748517053278,0.0586673141994921,0.03924940055928393
9,UT0060300,"Layton, UT",rape,0.06286767594923165,0.05543102560503199,0.03921676835026458
10,UT0060300,"Layton, UT",rape,8.947043801548035e-5,-0.010565020036682618,0.03927366510022446
11,UT0060300,"Layton, UT",rape,-0.07310506870795891,-0.07594112752859772,0.03921676835026457
12,UT0060300,"Layton, UT",rape,-0.07847115391076953,-0.08042513553901388,0.03924940055928393
1,UT0180500,"Sandy, UT",rape,-0.04387138027246358,-0.032341060999053046,0.03938084961078522
2,UT0180500,"Sandy, UT",rape,-0.036816055652062446,-0.04045228044279346,0.03942973651753557
3,UT0180500,"Sandy, UT",rape,-0.03844243170372693,-0.04474608380619766,0.03939100461705623
4,UT0180500,"Sandy, UT",rape,9.843442890189009e-4,-0.001505259610780486,0.03938998364452169
5,UT0180500,"Sandy, UT",rape,0.04975363918948855,0.045717949729713686,0.03939100461705624
6,UT0180500,"Sandy, UT",rape,0.0540459096652648,0.04519394284628908,0.03942973651753557
7,UT0180500,"Sandy, UT",rape,0.04279756554542923,0.032471713199052205,0.03938084961078522
8,UT0180500,"Sandy, UT",rape,0.06016748517053278,0.049988530485848025,0.03942973651753558
9,UT0180500,"Sandy, UT",rape,0.06286767594923165,0.054151681649253096,0.03939100461705625
10,UT0180500,"Sandy, UT",rape,8.947043801548035e-5,0.0013746074107813576,0.03938998364452169
11,UT0180500,"Sandy, UT",rape,-0.07310506870795891,-0.05525419977276827,0.03939100461705624
12,UT0180500,"Sandy, UT",rape,-0.07847115391076953,-0.05459954068934453,0.03942973651753557
1,UT0180600,"West Jordan, UT",rape,-0.04387138027246358,-0.03592107155332315,0.03842235387814967
2,UT0180600,"West Jordan, UT",rape,-0.036816055652062446,-0.019569561003389333,0.03847780695027038
3,UT0180600,"West Jordan, UT",rape,-0.03844243170372693,-0.033409339844339386,0.038454004706604566
4,UT0180600,"West Jordan, UT",rape,9.843442890189009e-4,-0.012331699250173637,0.03846141538685363
5,UT0180600,"West Jordan, UT",rape,0.04975363918948855,0.03375330371318792,0.03845400470660457
6,UT0180600,"West Jordan, UT",rape,0.0540459096652648,0.04657295505215826,0.03847780695027038
7,UT0180600,"West Jordan, UT",rape,0.04279756554542923,0.04068640377773684,0.038422353878149663
8,UT0180600,"West Jordan, UT",rape,0.06016748517053278,0.06185098856486971,0.03847780695027038
9,UT0180600,"West Jordan, UT",rape,0.06286767594923165,0.07092543518140611,0.03845400470660457
10,UT0180600,"West Jordan, UT",rape,8.947043801548035e-5,0.007566367025759976,0.03846141538685363
11,UT0180600,"West Jordan, UT",rape,-0.07310506870795891,-0.07603473127466831,0.038454004706604566
12,UT0180600,"West Jordan, UT",rape,-0.07847115391076953,-0.084089050389225,0.03847780695027038
1,UT0181200,"Draper, UT",rape,-0.04387138027246358,-0.0450519217996126,0.039954992037520724
2,UT0181200,"Draper, UT",rape,-0.036816055652062446,-0.04108575997117324,0.04000663285419937
3,UT0181200,"Draper, UT",rape,-0.03844243170372693,-0.031005818275529718,0.03997490681643851
4,UT0181200,"Draper, UT",rape,9.843442890189009e-4,0.01646922015156282,0.040015711257735925
5,UT0181200,"Draper, UT",rape,0.04975363918948855,0.0542936086600549,0.03997490681643852
6,UT0181200,"Draper, UT",rape,0.0540459096652648,0.04821278604618888,0.04000663285419937
7,UT0181200,"Draper, UT",rape,0.04279756554542923,0.044313804278049984,0.039954992037520724
8,UT0181200,"Draper, UT",rape,0.06016748517053278,0.06803110898429125,0.04000663285419937
9,UT0181200,"Draper, UT",rape,0.06286767594923165,0.05868928481021039,0.03997490681643852
10,UT0181200,"Draper, UT",rape,8.947043801548035e-5,-0.01573110263000017,0.040015711257735925
11,UT0181200,"Draper, UT",rape,-0.07310506870795891,-0.08123895767317293,0.03997490681643851
12,UT0181200,"Draper, UT",rape,-0.07847115391076953,-0.07589625258086957,0.04000663285419937
1,UT0181800,"South Jordan, UT",rape,-0.04387138027246358,-0.04467142556570014,0.04025701893858279
2,UT0181800,"South Jordan, UT",rape,-0.036816055652062446,-0.027403983005557745,0.040320316682182174
3,UT0181800,"South Jordan, UT",rape,-0.03844243170372693,-0.0422725670988235,0.04030203427254439
4,UT0181800,"South Jordan, UT",rape,9.843442890189009e-4,-0.021065373400603396,0.0403263048416215
5,UT0181800,"South Jordan, UT",rape,0.04975363918948855,0.032256691189633965,0.0403020342725444
6,UT0181800,"South Jordan, UT",rape,0.0540459096652648,0.05462759863903735,0.040320316682182174
7,UT0181800,"South Jordan, UT",rape,0.04279756554542923,0.051340019504965854,0.040257018938582786
8,UT0181800,"South Jordan, UT",rape,0.06016748517053278,0.06961240705929021,0.040320316682182174
9,UT0181800,"South Jordan, UT",rape,0.06286767594923165,0.0778123972132903,0.0403020342725444
10,UT0181800,"South Jordan, UT",rape,8.947043801548035e-5,0.014396779461337715,0.0403263048416215
11,UT0181800,"South Jordan, UT",rape,-0.07310506870795891,-0.07446511524336645,0.04030203427254439
12,UT0181800,"South Jordan, UT",rape,-0.07847115391076953,-0.09016742875350414,0.04032031668218217
1,UT0182500,"West Valley, UT",rape,-0.04387138027246358,-0.04227820021396862,0.03678651112016788
2,UT0182500,"West Valley, UT",rape,-0.036816055652062446,-0.04548669649610879,0.03690578895323669
3,UT0182500,"West Valley, UT",rape,-0.03844243170372693,-0.05364335335101761,0.03687971648522385
4,UT0182500,"West Valley, UT",rape,9.843442890189009e-4,0.002142337408939058,0.03685573583954557
5,UT0182500,"West Valley, UT",rape,0.04975363918948855,0.07453903974526378,0.036879716485223854
6,UT0182500,"West Valley, UT",rape,0.0540459096652648,0.0758043710616157,0.03690578895323669
7,UT0182500,"West Valley, UT",rape,0.04279756554542923,0.03793412711402743,0.03678651112016787
8,UT0182500,"West Valley, UT",rape,0.06016748517053278,0.04100939496654635,0.03690578895323669
9,UT0182500,"West Valley, UT",rape,0.06286767594923165,0.05351012492139638,0.036879716485223854
10,UT0182500,"West Valley, UT",rape,8.947043801548035e-5,0.002201735691002165,0.03685573583954557
11,UT0182500,"West Valley, UT",rape,-0.07310506870795891,-0.07006173821570134,0.03687971648522385
12,UT0182500,"West Valley, UT",rape,-0.07847115391076953,-0.07567114263199448,0.03690578895323669
1,UT0250300,"Orem, UT",rape,-0.04387138027246358,-0.04094778611937443,0.039179959675794185
2,UT0250300,"Orem, UT",rape,-0.036816055652062446,-0.024090039330843242,0.03920150146681681
3,UT0250300,"Orem, UT",rape,-0.03844243170372693,-0.02486983612835439,0.03917251467696546
4,UT0250300,"Orem, UT",rape,9.843442890189009e-4,-0.003616374270655109,0.039171419126935066
5,UT0250300,"Orem, UT",rape,0.04975363918948855,0.028856245332242056,0.03917251467696547
6,UT0250300,"Orem, UT",rape,0.0540459096652648,0.03665402172828948,0.03920150146681681
7,UT0250300,"Orem, UT",rape,0.04279756554542923,0.03664909698881269,0.03917995967579418
8,UT0250300,"Orem, UT",rape,0.06016748517053278,0.057609208871863396,0.03920150146681681
9,UT0250300,"Orem, UT",rape,0.06286767594923165,0.06268769479993631,0.03917251467696547
10,UT0250300,"Orem, UT",rape,8.947043801548035e-5,0.00791506340121688,0.039171419126935066
11,UT0250300,"Orem, UT",rape,-0.07310506870795891,-0.06237541487326223,0.03917251467696546
12,UT0250300,"Orem, UT",rape,-0.07847115391076953,-0.07447188039987142,0.0392015014668168
1,UT0252200,"Saratoga Springs, UT",rape,-0.04387138027246358,-0.039589821192853446,0.0405473634657458
2,UT0252200,"Saratoga Springs, UT",rape,-0.036816055652062446,-0.029108084715691408,0.04052386583509394
3,UT0252200,"Saratoga Springs, UT",rape,-0.03844243170372693,-0.03189499996094893,0.04053795255395325
4,UT0252200,"Saratoga Springs, UT",rape,9.843442890189009e-4,-0.0037400352159681956,0.040556365213394646
5,UT0252200,"Saratoga Springs, UT",rape,0.04975363918948855,0.04200510733077378,0.04053795255395326
6,UT0252200,"Saratoga Springs, UT",rape,0.0540459096652648,0.061215979261290014,0.04052386583509394
7,UT0252200,"Saratoga Springs, UT",rape,0.04279756554542923,0.05903274620726072,0.0405473634657458
8,UT0252200,"Saratoga Springs, UT",rape,0.06016748517053278,0.060790873638193986,0.04052386583509394
9,UT0252200,"Saratoga Springs, UT",rape,0.06286767594923165,0.04413486386904427,0.04053795255395326
10,UT0252200,"Saratoga Springs, UT",rape,8.947043801548035e-5,-0.015702889798439056,0.040556365213394646
11,UT0252200,"Saratoga Springs, UT",rape,-0.07310506870795891,-0.07368789625327637,0.04053795255395325
12,UT0252200,"Saratoga Springs, UT",rape,-0.07847115391076953,-0.07345584316938535,0.04052386583509394
1,UT0270100,"St. George, UT",rape,-0.04387138027246358,-0.03827210351397423,0.0389964359369832
2,UT0270100,"St. George, UT",rape,-0.036816055652062446,0.001218470467146846,0.039029549893132044
3,UT0270100,"St. George, UT",rape,-0.03844243170372693,-3.098491225196141e-5,0.03902287741725131
4,UT0270100,"St. George, UT",rape,9.843442890189009e-4,0.0016963809658980266,0.038970266945716155
5,UT0270100,"St. George, UT",rape,0.04975363918948855,0.027427138612303944,0.03902287741725131
6,UT0270100,"St. George, UT",rape,0.0540459096652648,0.044245746787958715,0.039029549893132044
7,UT0270100,"St. George, UT",rape,0.04279756554542923,0.04211186171631246,0.0389964359369832
8,UT0270100,"St. George, UT",rape,0.06016748517053278,0.046212812639619905,0.039029549893132044
9,UT0270100,"St. George, UT",rape,0.06286767594923165,0.043622509816680505,0.03902287741725131
10,UT0270100,"St. George, UT",rape,8.947043801548035e-5,-0.005536139168236226,0.038970266945716155
11,UT0270100,"St. George, UT",rape,-0.07310506870795891,-0.0748584217190707,0.03902287741725131
12,UT0270100,"St. George, UT",rape,-0.07847115391076953,-0.08783727169238727,0.039029549893132044
1,UT0290100,"Ogden, UT",rape,-0.04387138027246358,-0.05139002447135305,0.03786665356450652
2,UT0290100,"Ogden, UT",rape,-0.036816055652062446,-0.044040870793303176,0.03791424469637682
3,UT0290100,"Ogden, UT",rape,-0.03844243170372693,-0.038660189445401553,0.03788181951076932
4,UT0290100,"Ogden, UT",rape,9.843442890189009e-4,0.009233943615847085,0.037903664127775495
5,UT0290100,"Ogden, UT",rape,0.04975363918948855,0.06056136094730759,0.03788181951076933
6,UT0290100,"Ogden, UT",rape,0.0540459096652648,0.060029754110157166,0.03791424469637682
7,UT0290100,"Ogden, UT",rape,0.04279756554542923,0.041890215982430534,0.03786665356450651
8,UT0290100,"Ogden, UT",rape,0.06016748517053278,0.05601956080984113,0.03791424469637682
9,UT0290100,"Ogden, UT",rape,0.06286767594923165,0.06013868795086206,0.037881819510769334
10,UT0290100,"Ogden, UT",rape,8.947043801548035e-5,2.6586487307546976e-4,0.037903664127775495
11,UT0290100,"Ogden, UT",rape,-0.07310506870795891,-0.07254005096384557,0.03788181951076932
12,UT0290100,"Ogden, UT",rape,-0.07847115391076953,-0.08150825261561769,0.03791424469637682
1,VA0020300,"Albemarle, VA",rape,-0.04387138027246358,-0.02024121440410965,0.03966475478025454
2,VA0020300,"Albemarle, VA",rape,-0.036816055652062446,-0.03063156687792544,0.03964056315022259
3,VA0020300,"Albemarle, VA",rape,-0.03844243170372693,-0.05739788673480285,0.03966643287160736
4,VA0020300,"Albemarle, VA",rape,9.843442890189009e-4,-0.01537092617547735,0.03966916762274507
5,VA0020300,"Albemarle, VA",rape,0.04975363918948855,0.050657478229439994,0.039666432871607364
6,VA0020300,"Albemarle, VA",rape,0.0540459096652648,0.05692213015417736,0.03964056315022259
7,VA0020300,"Albemarle, VA",rape,0.04279756554542923,0.039976022003991744,0.03966475478025454
8,VA0020300,"Albemarle, VA",rape,0.06016748517053278,0.06320934754017955,0.03964056315022259
9,VA0020300,"Albemarle, VA",rape,0.06286767594923165,0.07024085979717491,0.039666432871607364
10,VA0020300,"Albemarle, VA",rape,8.947043801548035e-5,-0.004363881424404708,0.03966916762274507
11,VA0020300,"Albemarle, VA",rape,-0.07310506870795891,-0.08323525889169413,0.03966643287160736
12,VA0020300,"Albemarle, VA",rape,-0.07847115391076953,-0.06976510321654945,0.03964056315022259
1,VA0070100,"Arlington, VA",rape,-0.04387138027246358,-0.06985067739275144,0.03858091277915789
2,VA0070100,"Arlington, VA",rape,-0.036816055652062446,-0.05221285838219404,0.0386138187845997
3,VA0070100,"Arlington, VA",rape,-0.03844243170372693,-0.02724287512149213,0.03857492748778234
4,VA0070100,"Arlington, VA",rape,9.843442890189009e-4,0.01667284408838443,0.03859044514474929
5,VA0070100,"Arlington, VA",rape,0.04975363918948855,0.051426145821061295,0.03857492748778234
6,VA0070100,"Arlington, VA",rape,0.0540459096652648,0.055450120376207536,0.0386138187845997
7,VA0070100,"Arlington, VA",rape,0.04279756554542923,0.05536069030653628,0.038580912779157886
8,VA0070100,"Arlington, VA",rape,0.06016748517053278,0.06874031226780328,0.0386138187845997
9,VA0070100,"Arlington, VA",rape,0.06286767594923165,0.058260316093316576,0.03857492748778234
10,VA0070100,"Arlington, VA",rape,8.947043801548035e-5,-0.002182857002169229,0.03859044514474929
11,VA0070100,"Arlington, VA",rape,-0.07310506870795891,-0.06795359970667056,0.03857492748778234
12,VA0070100,"Arlington, VA",rape,-0.07847115391076953,-0.08646756134803198,0.0386138187845997
1,VA0210100,"Chesterfield, VA",rape,-0.04387138027246358,-0.00769556277616417,0.03712754434989238
2,VA0210100,"Chesterfield, VA",rape,-0.036816055652062446,-0.005944124942749869,0.03714918462260164
3,VA0210100,"Chesterfield, VA",rape,-0.03844243170372693,-0.03936170899324443,0.03711026052485585
4,VA0210100,"Chesterfield, VA",rape,9.843442890189009e-4,-0.02367019880181994,0.03710837794703616
5,VA0210100,"Chesterfield, VA",rape,0.04975363918948855,0.02443200865071347,0.03711026052485586
6,VA0210100,"Chesterfield, VA",rape,0.0540459096652648,0.03520340708179782,0.03714918462260164
7,VA0210100,"Chesterfield, VA",rape,0.04279756554542923,0.028945137232014573,0.03712754434989237
8,VA0210100,"Chesterfield, VA",rape,0.06016748517053278,0.056408772024676486,0.03714918462260164
9,VA0210100,"Chesterfield, VA",rape,0.06286767594923165,0.06857678161932068,0.03711026052485586
10,VA0210100,"Chesterfield, VA",rape,8.947043801548035e-5,0.0024206243459695773,0.03710837794703616
11,VA0210100,"Chesterfield, VA",rape,-0.07310506870795891,-0.0748966557326401,0.03711026052485585
12,VA0210100,"Chesterfield, VA",rape,-0.07847115391076953,-0.06441847970787411,0.03714918462260164
1,VA0420000,"Hanover, VA",rape,-0.04387138027246358,-0.04354163249489867,0.040041936867104576
2,VA0420000,"Hanover, VA",rape,-0.036816055652062446,-0.035932832043070066,0.04005396148755156
3,VA0420000,"Hanover, VA",rape,-0.03844243170372693,-0.042688003225370495,0.040045276625352046
4,VA0420000,"Hanover, VA",rape,9.843442890189009e-4,0.001747534704632585,0.040052210291050425
5,VA0420000,"Hanover, VA",rape,0.04975363918948855,0.05921512743048882,0.04004527662535205
6,VA0420000,"Hanover, VA",rape,0.0540459096652648,0.05806699697482437,0.04005396148755156
7,VA0420000,"Hanover, VA",rape,0.04279756554542923,0.03535481143203153,0.04004193686710457
8,VA0420000,"Hanover, VA",rape,0.06016748517053278,0.05641024997741443,0.04005396148755156
9,VA0420000,"Hanover, VA",rape,0.06286767594923165,0.07135224222258203,0.04004527662535205
10,VA0420000,"Hanover, VA",rape,8.947043801548035e-5,0.006439286358234596,0.040052210291050425
11,VA0420000,"Hanover, VA",rape,-0.07310506870795891,-0.07969254536483321,0.040045276625352046
12,VA0420000,"Hanover, VA",rape,-0.07847115391076953,-0.08673123597203594,0.04005396148755156
1,VA0430100,"Henrico, VA",rape,-0.04387138027246358,-0.04531869141323186,0.03955027791237569
2,VA0430100,"Henrico, VA",rape,-0.036816055652062446,-0.039516092836038394,0.03959486536685558
3,VA0430100,"Henrico, VA",rape,-0.03844243170372693,-0.0504453188695176,0.039577578391934966
4,VA0430100,"Henrico, VA",rape,9.843442890189009e-4,-0.016369342376530552,0.03959137262667541
5,VA0430100,"Henrico, VA",rape,0.04975363918948855,0.04771734524229371,0.03957757839193497
6,VA0430100,"Henrico, VA",rape,0.0540459096652648,0.0720039975475589,0.03959486536685558
7,VA0430100,"Henrico, VA",rape,0.04279756554542923,0.057542457403950045,0.039550277912375684
8,VA0430100,"Henrico, VA",rape,0.06016748517053278,0.05637224417808506,0.03959486536685558
9,VA0430100,"Henrico, VA",rape,0.06286767594923165,0.05507770422084611,0.03957757839193497
10,VA0430100,"Henrico, VA",rape,8.947043801548035e-5,0.004145576385812395,0.03959137262667541
11,VA0430100,"Henrico, VA",rape,-0.07310506870795891,-0.06457349658434039,0.039577578391934966
12,VA0430100,"Henrico, VA",rape,-0.07847115391076953,-0.07663638289888743,0.03959486536685558
1,VA0530000,"Loudoun, VA",rape,-0.04387138027246358,-0.014443919356431068,0.03692664406601913
2,VA0530000,"Loudoun, VA",rape,-0.036816055652062446,-0.020989645405048434,0.03692698552513703
3,VA0530000,"Loudoun, VA",rape,-0.03844243170372693,-0.038602627869695386,0.03689681364055471
4,VA0530000,"Loudoun, VA",rape,9.843442890189009e-4,0.006488920851450936,0.036846223908124746
5,VA0530000,"Loudoun, VA",rape,0.04975363918948855,0.05509390824320746,0.036896813640554714
6,VA0530000,"Loudoun, VA",rape,0.0540459096652648,0.03349717285794141,0.03692698552513703
7,VA0530000,"Loudoun, VA",rape,0.04279756554542923,0.0060336661303887025,0.03692664406601913
8,VA0530000,"Loudoun, VA",rape,0.06016748517053278,0.04383207317040208,0.03692698552513703
9,VA0530000,"Loudoun, VA",rape,0.06286767594923165,0.06985530886109144,0.036896813640554714
10,VA0530000,"Loudoun, VA",rape,8.947043801548035e-5,0.0019213323745914741,0.036846223908124746
11,VA0530000,"Loudoun, VA",rape,-0.07310506870795891,-0.07793633600856112,0.03689681364055471
12,VA0530000,"Loudoun, VA",rape,-0.07847115391076953,-0.06474985384933751,0.03692698552513703
1,VA0890000,"Stafford, VA",rape,-0.04387138027246358,-0.07950566746651486,0.03853263364550292
2,VA0890000,"Stafford, VA",rape,-0.036816055652062446,-0.03883639208559346,0.03852436050024775
3,VA0890000,"Stafford, VA",rape,-0.03844243170372693,-0.00984526522985751,0.038569323905936405
4,VA0890000,"Stafford, VA",rape,9.843442890189009e-4,0.02219452559144042,0.0385248564765071
5,VA0890000,"Stafford, VA",rape,0.04975363918948855,0.057158556322819125,0.03856932390593641
6,VA0890000,"Stafford, VA",rape,0.0540459096652648,0.07327530158875555,0.03852436050024775
7,VA0890000,"Stafford, VA",rape,0.04279756554542923,0.07097876379263567,0.03853263364550291
8,VA0890000,"Stafford, VA",rape,0.06016748517053278,0.06640830331949327,0.03852436050024775
9,VA0890000,"Stafford, VA",rape,0.06286767594923165,0.04594408013763654,0.03856932390593641
10,VA0890000,"Stafford, VA",rape,8.947043801548035e-5,-0.013667621917561204,0.0385248564765071
11,VA0890000,"Stafford, VA",rape,-0.07310506870795891,-0.08473046755671895,0.038569323905936405
12,VA0890000,"Stafford, VA",rape,-0.07847115391076953,-0.10937411649653456,0.03852436050024775
1,VA0990000,"Alexandria, VA",rape,-0.04387138027246358,-0.051919877863149604,0.04090074169294029
2,VA0990000,"Alexandria, VA",rape,-0.036816055652062446,-0.03961501994005753,0.04089930082548131
3,VA0990000,"Alexandria, VA",rape,-0.03844243170372693,-0.04075718898222239,0.040885009727581675
4,VA0990000,"Alexandria, VA",rape,9.843442890189009e-4,0.0023496124833078703,0.04091117936208827
5,VA0990000,"Alexandria, VA",rape,0.04975363918948855,0.056944063981508204,0.04088500972758168
6,VA0990000,"Alexandria, VA",rape,0.0540459096652648,0.056615010742778915,0.04089930082548131
7,VA0990000,"Alexandria, VA",rape,0.04279756554542923,0.03460612291699143,0.040900741692940286
8,VA0990000,"Alexandria, VA",rape,0.06016748517053278,0.054934553948001945,0.04089930082548131
9,VA0990000,"Alexandria, VA",rape,0.06286767594923165,0.07339047793632501,0.04088500972758168
10,VA0990000,"Alexandria, VA",rape,8.947043801548035e-5,0.014964142462850338,0.04091117936208827
11,VA0990000,"Alexandria, VA",rape,-0.07310506870795891,-0.07226359798945264,0.040885009727581675
12,VA0990000,"Alexandria, VA",rape,-0.07847115391076953,-0.08924829969688156,0.04089930082548131
1,VA1030000,"Chesapeake, VA",rape,-0.04387138027246358,-0.05481418279686522,0.03845096775092186
2,VA1030000,"Chesapeake, VA",rape,-0.036816055652062446,-0.04176247578955694,0.03848134793063257
3,VA1030000,"Chesapeake, VA",rape,-0.03844243170372693,-0.02296535502826241,0.03847689601372153
4,VA1030000,"Chesapeake, VA",rape,9.843442890189009e-4,0.007626795234065807,0.03848586745335231
5,VA1030000,"Chesapeake, VA",rape,0.04975363918948855,0.031852813155159504,0.03847689601372153
6,VA1030000,"Chesapeake, VA",rape,0.0540459096652648,0.04576685985416344,0.03848134793063257
7,VA1030000,"Chesapeake, VA",rape,0.04279756554542923,0.06537204426455522,0.038450967750921855
8,VA1030000,"Chesapeake, VA",rape,0.06016748517053278,0.07900522449237207,0.03848134793063258
9,VA1030000,"Chesapeake, VA",rape,0.06286767594923165,0.049650242263387594,0.03847689601372153
10,VA1030000,"Chesapeake, VA",rape,8.947043801548035e-5,-0.01818465670175578,0.03848586745335231
11,VA1030000,"Chesapeake, VA",rape,-0.07310506870795891,-0.06909556185797466,0.03847689601372153
12,VA1030000,"Chesapeake, VA",rape,-0.07847115391076953,-0.0724517470892886,0.03848134793063257
1,VA1120000,"Harrisonburg, VA",rape,-0.04387138027246358,-0.05765066400316611,0.040405557563470224
2,VA1120000,"Harrisonburg, VA",rape,-0.036816055652062446,-0.04305095605499885,0.040432412590787566
3,VA1120000,"Harrisonburg, VA",rape,-0.03844243170372693,-0.02747142101130023,0.040415417977780865
4,VA1120000,"Harrisonburg, VA",rape,9.843442890189009e-4,0.01890913220312223,0.04043084787572775
5,VA1120000,"Harrisonburg, VA",rape,0.04975363918948855,0.05795886316398209,0.04041541797778087
6,VA1120000,"Harrisonburg, VA",rape,0.0540459096652648,0.05496308267850232,0.040432412590787566
7,VA1120000,"Harrisonburg, VA",rape,0.04279756554542923,0.0492484937173973,0.04040555756347022
8,VA1120000,"Harrisonburg, VA",rape,0.06016748517053278,0.06967306886654717,0.040432412590787566
9,VA1120000,"Harrisonburg, VA",rape,0.06286767594923165,0.062495704108617406,0.04041541797778087
10,VA1120000,"Harrisonburg, VA",rape,8.947043801548035e-5,-0.010506961917353383,0.04043084787572775
11,VA1120000,"Harrisonburg, VA",rape,-0.07310506870795891,-0.08458097597553044,0.040415417977780865
12,VA1120000,"Harrisonburg, VA",rape,-0.07847115391076953,-0.0899873657758195,0.040432412590787566
1,VA1140000,"Lynchburg, VA",rape,-0.04387138027246358,-0.0463654216256388,0.03992930358026095
2,VA1140000,"Lynchburg, VA",rape,-0.036816055652062446,-0.041402742848259066,0.039961565913591235
3,VA1140000,"Lynchburg, VA",rape,-0.03844243170372693,-0.04274974260085538,0.03998699907852606
4,VA1140000,"Lynchburg, VA",rape,9.843442890189009e-4,-0.0073025918287662524,0.04002546320835734
5,VA1140000,"Lynchburg, VA",rape,0.04975363918948855,0.03267490171310617,0.03998699907852607
6,VA1140000,"Lynchburg, VA",rape,0.0540459096652648,0.03193798736903423,0.039961565913591235
7,VA1140000,"Lynchburg, VA",rape,0.04279756554542923,0.028279783927928674,0.03992930358026095
8,VA1140000,"Lynchburg, VA",rape,0.06016748517053278,0.06383312043434851,0.039961565913591235
9,VA1140000,"Lynchburg, VA",rape,0.06286767594923165,0.08326575788465497,0.03998699907852607
10,VA1140000,"Lynchburg, VA",rape,8.947043801548035e-5,0.025388229526476406,0.04002546320835734
11,VA1140000,"Lynchburg, VA",rape,-0.07310506870795891,-0.05510527929919564,0.03998699907852606
12,VA1140000,"Lynchburg, VA",rape,-0.07847115391076953,-0.07245400265283383,0.039961565913591235
1,VA1170000,"Norfolk, VA",rape,-0.04387138027246358,-0.04641340439561643,0.03759095653498878
2,VA1170000,"Norfolk, VA",rape,-0.036816055652062446,-0.030086201294968425,0.03769039399852069
3,VA1170000,"Norfolk, VA",rape,-0.03844243170372693,-0.041740327111563454,0.037676687271986566
4,VA1170000,"Norfolk, VA",rape,9.843442890189009e-4,-0.01580754235190632,0.037676367319134416
5,VA1170000,"Norfolk, VA",rape,0.04975363918948855,0.03304808625994849,0.037676687271986566
6,VA1170000,"Norfolk, VA",rape,0.0540459096652648,0.04575748153876444,0.03769039399852069
7,VA1170000,"Norfolk, VA",rape,0.04279756554542923,0.04398624588637543,0.03759095653498877
8,VA1170000,"Norfolk, VA",rape,0.06016748517053278,0.07507563309181334,0.03769039399852069
9,VA1170000,"Norfolk, VA",rape,0.06286767594923165,0.08915691741764942,0.037676687271986566
10,VA1170000,"Norfolk, VA",rape,8.947043801548035e-5,0.018234700861147354,0.037676367319134416
11,VA1170000,"Norfolk, VA",rape,-0.07310506870795891,-0.07803751805679343,0.037676687271986566
12,VA1170000,"Norfolk, VA",rape,-0.07847115391076953,-0.09317407184485041,0.03769039399852069
1,VA1200000,"Portsmouth, VA",rape,-0.04387138027246358,-0.040668757889725765,0.04002966967344459
2,VA1200000,"Portsmouth, VA",rape,-0.036816055652062446,-0.019324249373411134,0.040114225171575285
3,VA1200000,"Portsmouth, VA",rape,-0.03844243170372693,-0.02112044231319752,0.04010562659422941
4,VA1200000,"Portsmouth, VA",rape,9.843442890189009e-4,-0.002554752927250191,0.04005366898226952
5,VA1200000,"Portsmouth, VA",rape,0.04975363918948855,0.027651157538269775,0.040105626594229414
6,VA1200000,"Portsmouth, VA",rape,0.0540459096652648,0.040428261403885966,0.040114225171575285
7,VA1200000,"Portsmouth, VA",rape,0.04279756554542923,0.053462885149656546,0.04002966967344458
8,VA1200000,"Portsmouth, VA",rape,0.06016748517053278,0.07955481463646673,0.040114225171575285
9,VA1200000,"Portsmouth, VA",rape,0.06286767594923165,0.06855688031632237,0.04010562659422942
10,VA1200000,"Portsmouth, VA",rape,8.947043801548035e-5,-0.010239374332680561,0.04005366898226952
11,VA1200000,"Portsmouth, VA",rape,-0.07310506870795891,-0.08788172280132539,0.04010562659422941
12,VA1200000,"Portsmouth, VA",rape,-0.07847115391076953,-0.08786469940701082,0.04011422517157528
1,VA1220000,"Richmond, VA",rape,-0.04387138027246358,-0.058902983160860546,0.03802220855987197
2,VA1220000,"Richmond, VA",rape,-0.036816055652062446,-0.039544894838328404,0.038102773777911506
3,VA1220000,"Richmond, VA",rape,-0.03844243170372693,-0.03485910334460111,0.038038257815997546
4,VA1220000,"Richmond, VA",rape,9.843442890189009e-4,0.007315531231385433,0.038099011908098515
5,VA1220000,"Richmond, VA",rape,0.04975363918948855,0.06564698313997311,0.03803825781599755
6,VA1220000,"Richmond, VA",rape,0.0540459096652648,0.0722888247348957,0.038102773777911506
7,VA1220000,"Richmond, VA",rape,0.04279756554542923,0.04264405784573606,0.03802220855987197
8,VA1220000,"Richmond, VA",rape,0.06016748517053278,0.042823715737848246,0.038102773777911506
9,VA1220000,"Richmond, VA",rape,0.06286767594923165,0.054396849559245466,0.03803825781599755
10,VA1220000,"Richmond, VA",rape,8.947043801548035e-5,0.008943394083739087,0.038099011908098515
11,VA1220000,"Richmond, VA",rape,-0.07310506870795891,-0.06892580403949297,0.038038257815997546
12,VA1220000,"Richmond, VA",rape,-0.07847115391076953,-0.09182657094954005,0.038102773777911506
1,VA1230000,"Roanoke, VA",rape,-0.04387138027246358,-0.04739098332479118,0.03909364760181431
2,VA1230000,"Roanoke, VA",rape,-0.036816055652062446,-0.05354945194179461,0.03913358082751892
3,VA1230000,"Roanoke, VA",rape,-0.03844243170372693,-0.043697123040589834,0.039086290601267566
4,VA1230000,"Roanoke, VA",rape,9.843442890189009e-4,0.02005599035650038,0.03911574227047441
5,VA1230000,"Roanoke, VA",rape,0.04975363918948855,0.0643476621041025,0.03908629060126757
6,VA1230000,"Roanoke, VA",rape,0.0540459096652648,0.04515299281920562,0.03913358082751892
7,VA1230000,"Roanoke, VA",rape,0.04279756554542923,0.036319999646116,0.0390936476018143
8,VA1230000,"Roanoke, VA",rape,0.06016748517053278,0.07642471895040726,0.03913358082751893
9,VA1230000,"Roanoke, VA",rape,0.06286767594923165,0.0776433737278777,0.03908629060126757
10,VA1230000,"Roanoke, VA",rape,8.947043801548035e-5,-0.008985006677825163,0.03911574227047441
11,VA1230000,"Roanoke, VA",rape,-0.07310506870795891,-0.08722292911271518,0.039086290601267566
12,VA1230000,"Roanoke, VA",rape,-0.07847115391076953,-0.07909924350649351,0.03913358082751892
1,VA1270000,"Suffolk, VA",rape,-0.04387138027246358,-0.04772859787624044,0.04023949393198901
2,VA1270000,"Suffolk, VA",rape,-0.036816055652062446,-0.03216470552710009,0.04023532658525126
3,VA1270000,"Suffolk, VA",rape,-0.03844243170372693,-0.012854253066250413,0.040272513099251867
4,VA1270000,"Suffolk, VA",rape,9.843442890189009e-4,0.019816096597539554,0.04025582120785348
5,VA1270000,"Suffolk, VA",rape,0.04975363918948855,0.04451344999908112,0.040272513099251867
6,VA1270000,"Suffolk, VA",rape,0.0540459096652648,0.04795554623491002,0.04023532658525126
7,VA1270000,"Suffolk, VA",rape,0.04279756554542923,0.049334213995561926,0.040239493931989
8,VA1270000,"Suffolk, VA",rape,0.06016748517053278,0.05435696908387713,0.04023532658525126
9,VA1270000,"Suffolk, VA",rape,0.06286767594923165,0.033440900503706,0.04027251309925187
10,VA1270000,"Suffolk, VA",rape,8.947043801548035e-5,-0.02142171271686101,0.04025582120785348
11,VA1270000,"Suffolk, VA",rape,-0.07310506870795891,-0.06670571355585818,0.040272513099251867
12,VA1270000,"Suffolk, VA",rape,-0.07847115391076953,-0.06854219367236561,0.04023532658525126
1,VA1280000,"Virginia Beach, VA",rape,-0.04387138027246358,-0.05466591349232412,0.03867243896403992
2,VA1280000,"Virginia Beach, VA",rape,-0.036816055652062446,-0.04303750089731251,0.03870903672581138
3,VA1280000,"Virginia Beach, VA",rape,-0.03844243170372693,-0.05299116009343847,0.03863352222427045
4,VA1280000,"Virginia Beach, VA",rape,9.843442890189009e-4,-0.008392560055376473,0.0386433633142123
5,VA1280000,"Virginia Beach, VA",rape,0.04975363918948855,0.07010297788235631,0.03863352222427046
6,VA1280000,"Virginia Beach, VA",rape,0.0540459096652648,0.09445136785522498,0.03870903672581138
7,VA1280000,"Virginia Beach, VA",rape,0.04279756554542923,0.06829941809418423,0.038672438964039914
8,VA1280000,"Virginia Beach, VA",rape,0.06016748517053278,0.06067558325598435,0.03870903672581138
9,VA1280000,"Virginia Beach, VA",rape,0.06286767594923165,0.056995737850250236,0.03863352222427046
10,VA1280000,"Virginia Beach, VA",rape,8.947043801548035e-5,-0.005240944546483599,0.0386433633142123
11,VA1280000,"Virginia Beach, VA",rape,-0.07310506870795891,-0.08774106024102817,0.03863352222427045
12,VA1280000,"Virginia Beach, VA",rape,-0.07847115391076953,-0.09845594561203676,0.03870903672581138
1,VT0040100,"Burlington, VT",rape,-0.04387138027246358,-0.05862007288037212,0.040344382652617146
2,VT0040100,"Burlington, VT",rape,-0.036816055652062446,-0.04040583440985468,0.04035499898411674
3,VT0040100,"Burlington, VT",rape,-0.03844243170372693,-0.025560367077369688,0.04033750777171749
4,VT0040100,"Burlington, VT",rape,9.843442890189009e-4,0.016671594867097767,0.04035996256446538
5,VT0040100,"Burlington, VT",rape,0.04975363918948855,0.052330812903803134,0.0403375077717175
6,VT0040100,"Burlington, VT",rape,0.0540459096652648,0.04614651594663593,0.04035499898411674
7,VT0040100,"Burlington, VT",rape,0.04279756554542923,0.03872008515720895,0.04034438265261714
8,VT0040100,"Burlington, VT",rape,0.06016748517053278,0.06504124012032096,0.04035499898411674
9,VT0040100,"Burlington, VT",rape,0.06286767594923165,0.07009576051099918,0.0403375077717175
10,VT0040100,"Burlington, VT",rape,8.947043801548035e-5,0.0032283928560654413,0.04035996256446538
11,VT0040100,"Burlington, VT",rape,-0.07310506870795891,-0.07696621861426944,0.04033750777171749
12,VT0040100,"Burlington, VT",rape,-0.07847115391076953,-0.09068190938026544,0.04035499898411674
1,WA0030200,"Richland, WA",rape,-0.04387138027246358,-0.04854226372704494,0.03972269861508863
2,WA0030200,"Richland, WA",rape,-0.036816055652062446,-0.03936354856803258,0.03975888975416225
3,WA0030200,"Richland, WA",rape,-0.03844243170372693,-0.039314974242448196,0.03974774529633434
4,WA0030200,"Richland, WA",rape,9.843442890189009e-4,0.006018620188660215,0.039760495334529716
5,WA0030200,"Richland, WA",rape,0.04975363918948855,0.06443159220367228,0.03974774529633434
6,WA0030200,"Richland, WA",rape,0.0540459096652648,0.07148977237081189,0.03975888975416225
7,WA0030200,"Richland, WA",rape,0.04279756554542923,0.0503459793985161,0.03972269861508863
8,WA0030200,"Richland, WA",rape,0.06016748517053278,0.05478793053453184,0.03975888975416225
9,WA0030200,"Richland, WA",rape,0.06286767594923165,0.052935640537476326,0.03974774529633435
10,WA0030200,"Richland, WA",rape,8.947043801548035e-5,-0.007822335860131339,0.039760495334529716
11,WA0030200,"Richland, WA",rape,-0.07310506870795891,-0.07985597417017157,0.03974774529633434
12,WA0030200,"Richland, WA",rape,-0.07847115391076953,-0.08511043866584003,0.03975888975416225
1,WA0171200,"Redmond, WA",rape,-0.04387138027246358,-0.04823964769988719,0.04065504385721904
2,WA0171200,"Redmond, WA",rape,-0.036816055652062446,-0.03503979812700694,0.040675388593334576
3,WA0171200,"Redmond, WA",rape,-0.03844243170372693,-0.028574931006989546,0.04066849312404174
4,WA0171200,"Redmond, WA",rape,9.843442890189009e-4,0.011368486108777522,0.040676555338173014
5,WA0171200,"Redmond, WA",rape,0.04975363918948855,0.051902655924214655,0.04066849312404175
6,WA0171200,"Redmond, WA",rape,0.0540459096652648,0.05027492956249085,0.040675388593334576
7,WA0171200,"Redmond, WA",rape,0.04279756554542923,0.04159338461696163,0.040655043857219034
8,WA0171200,"Redmond, WA",rape,0.06016748517053278,0.06250848598234018,0.040675388593334576
9,WA0171200,"Redmond, WA",rape,0.06286767594923165,0.0626898819452484,0.04066849312404175
10,WA0171200,"Redmond, WA",rape,8.947043801548035e-5,-0.004722223025851925,0.040676555338173014
11,WA0171200,"Redmond, WA",rape,-0.07310506870795891,-0.07937134377954792,0.04066849312404174
12,WA0171200,"Redmond, WA",rape,-0.07847115391076953,-0.08438988050074972,0.040675388593334576
1,WA0310300,"Everett, WA",rape,-0.04387138027246358,-0.0502676001920945,0.040031772851350796
2,WA0310300,"Everett, WA",rape,-0.036816055652062446,-0.04088245599914337,0.04005140046931318
3,WA0310300,"Everett, WA",rape,-0.03844243170372693,-0.043194139202786946,0.04002423909104958
4,WA0310300,"Everett, WA",rape,9.843442890189009e-4,0.0020781639893224517,0.040027616011094676
5,WA0310300,"Everett, WA",rape,0.04975363918948855,0.06155848706733076,0.04002423909104959
6,WA0310300,"Everett, WA",rape,0.0540459096652648,0.06957239186295508,0.04005140046931318
7,WA0310300,"Everett, WA",rape,0.04279756554542923,0.05310423470560807,0.04003177285135079
8,WA0310300,"Everett, WA",rape,0.06016748517053278,0.06526509834722041,0.04005140046931318
9,WA0310300,"Everett, WA",rape,0.06286767594923165,0.06474014703735045,0.04002423909104959
10,WA0310300,"Everett, WA",rape,8.947043801548035e-5,-0.0049147985028359905,0.040027616011094676
11,WA0310300,"Everett, WA",rape,-0.07310506870795891,-0.08594112941540782,0.04002423909104958
12,WA0310300,"Everett, WA",rape,-0.07847115391076953,-0.0911183996975186,0.04005140046931318
1,WA0340000,"Thurston, WA",rape,-0.04387138027246358,-0.050259526058479054,0.04010634877426326
2,WA0340000,"Thurston, WA",rape,-0.036816055652062446,-0.033884768060867584,0.04013461084109021
3,WA0340000,"Thurston, WA",rape,-0.03844243170372693,-0.030541085821635797,0.04011994631151675
4,WA0340000,"Thurston, WA",rape,9.843442890189009e-4,0.009337029885171405,0.04013919293777757
5,WA0340000,"Thurston, WA",rape,0.04975363918948855,0.05675588083892616,0.04011994631151676
6,WA0340000,"Thurston, WA",rape,0.0540459096652648,0.05685479784636378,0.04013461084109021
7,WA0340000,"Thurston, WA",rape,0.04279756554542923,0.03998355262815817,0.04010634877426326
8,WA0340000,"Thurston, WA",rape,0.06016748517053278,0.056578875414140695,0.04013461084109021
9,WA0340000,"Thurston, WA",rape,0.06286767594923165,0.06351116660522983,0.04011994631151676
10,WA0340000,"Thurston, WA",rape,8.947043801548035e-5,9.389435451495144e-4,0.04013919293777757
11,WA0340000,"Thurston, WA",rape,-0.07310506870795891,-0.07944998819219928,0.04011994631151675
12,WA0340000,"Thurston, WA",rape,-0.07847115391076953,-0.08982487862995783,0.04013461084109021
1,WA0390500,"Yakima, WA",rape,-0.04387138027246358,-0.056098244459694545,0.03950636591309112
2,WA0390500,"Yakima, WA",rape,-0.036816055652062446,-0.037470655007799024,0.03957343940225801
3,WA0390500,"Yakima, WA",rape,-0.03844243170372693,-0.036796951017920236,0.03953267988517768
4,WA0390500,"Yakima, WA",rape,9.843442890189009e-4,-0.006696126981089381,0.039518982263836766
5,WA0390500,"Yakima, WA",rape,0.04975363918948855,0.03760071674638643,0.03953267988517768
6,WA0390500,"Yakima, WA",rape,0.0540459096652648,0.05290819035326373,0.03957343940225801
7,WA0390500,"Yakima, WA",rape,0.04279756554542923,0.05788259685012175,0.03950636591309111
8,WA0390500,"Yakima, WA",rape,0.06016748517053278,0.0818540160363222,0.03957343940225801
9,WA0390500,"Yakima, WA",rape,0.06286767594923165,0.07939595965601624,0.03953267988517769
10,WA0390500,"Yakima, WA",rape,8.947043801548035e-5,0.0049117745906622065,0.039518982263836766
11,WA0390500,"Yakima, WA",rape,-0.07310506870795891,-0.081984077774909625,0.03953267988517768
12,WA0390500,"Yakima, WA",rape,-0.07847115391076953,-0.09550719899135973,0.03957343940225801
1,WASPD0000,"Seattle, WA",rape,-0.04387138027246358,0.005867716521707327,0.03288181297543977
2,WASPD0000,"Seattle, WA",rape,-0.036816055652062446,-0.034424580045792304,0.03291270048701211
3,WASPD0000,"Seattle, WA",rape,-0.03844243170372693,-0.06999924624862927,0.03287946141429953
4,WASPD0000,"Seattle, WA",rape,9.843442890189009e-4,-0.032687236684814436,0.033050965553280465
5,WASPD0000,"Seattle, WA",rape,0.04975363918948855,0.024923971696496693,0.03287946141429953
6,WASPD0000,"Seattle, WA",rape,0.0540459096652648,0.04329689684118275,0.03291270048701211
7,WASPD0000,"Seattle, WA",rape,0.04279756554542923,0.053064010326069166,0.03288181297543976
8,WASPD0000,"Seattle, WA",rape,0.06016748517053278,0.0741383181586939,0.03291270048701211
9,WASPD0000,"Seattle, WA",rape,0.06286767594923165,0.05078125751375441,0.03287946141429954
10,WASPD0000,"Seattle, WA",rape,8.947043801548035e-5,-0.026244490162962035,0.033050965553280465
11,WASPD0000,"Seattle, WA",rape,-0.07310506870795891,-0.0646377098093983,0.03287946141429953
12,WASPD0000,"Seattle, WA",rape,-0.07847115391076953,-0.024078908106307913,0.03291270048701211
1,WI0050200,"Green Bay, WI",rape,-0.04387138027246358,-0.036086599004629585,0.03816428748113353
2,WI0050200,"Green Bay, WI",rape,-0.036816055652062446,-0.02564186299836335,0.03821092931701614
3,WI0050200,"Green Bay, WI",rape,-0.03844243170372693,-0.044992772493354476,0.0381992490886113
4,WI0050200,"Green Bay, WI",rape,9.843442890189009e-4,-0.0077164117149659695,0.038193902954178405
5,WI0050200,"Green Bay, WI",rape,0.04975363918948855,0.05597033014315075,0.03819924908861131
6,WI0050200,"Green Bay, WI",rape,0.0540459096652648,0.061281318123862796,0.03821092931701614
7,WI0050200,"Green Bay, WI",rape,0.04279756554542923,0.03934578290489921,0.03816428748113352
8,WI0050200,"Green Bay, WI",rape,0.06016748517053278,0.06256971323830302,0.03821092931701614
9,WI0050200,"Green Bay, WI",rape,0.06286767594923165,0.07866143883302457,0.03819924908861132
10,WI0050200,"Green Bay, WI",rape,8.947043801548035e-5,0.00445722781469639,0.038193902954178405
11,WI0050200,"Green Bay, WI",rape,-0.07310506870795891,-0.09289818038309043,0.0381992490886113
12,WI0050200,"Green Bay, WI",rape,-0.07847115391076953,-0.09494998446353292,0.03821092931701614
1,WI0130100,"Madison, WI",rape,-0.04387138027246358,-0.030575868105862908,0.03769295070669443
2,WI0130100,"Madison, WI",rape,-0.036816055652062446,-0.016123002472473995,0.03782878648337789
3,WI0130100,"Madison, WI",rape,-0.03844243170372693,-0.038741297122519065,0.037804827651121496
4,WI0130100,"Madison, WI",rape,9.843442890189009e-4,-0.021800977788963047,0.037799079659177164
5,WI0130100,"Madison, WI",rape,0.04975363918948855,0.023589201415715834,0.037804827651121496
6,WI0130100,"Madison, WI",rape,0.0540459096652648,0.03237121343902061,0.03782878648337789
7,WI0130100,"Madison, WI",rape,0.04279756554542923,0.027544534776049824,0.03769295070669442
8,WI0130100,"Madison, WI",rape,0.06016748517053278,0.0644077802730205,0.03782878648337789
9,WI0130100,"Madison, WI",rape,0.06286767594923165,0.0900574082528787,0.0378048276511215
10,WI0130100,"Madison, WI",rape,8.947043801548035e-5,0.02483231111877618,0.037799079659177164
11,WI0130100,"Madison, WI",rape,-0.07310506870795891,-0.07187397921626237,0.037804827651121496
12,WI0130100,"Madison, WI",rape,-0.07847115391076953,-0.08368732456938027,0.03782878648337789
1,WI0180100,"Eau Claire, WI",rape,-0.04387138027246358,-0.0662615732089364,0.03940893107534311
2,WI0180100,"Eau Claire, WI",rape,-0.036816055652062446,-0.021245997200330352,0.039490838813192826
3,WI0180100,"Eau Claire, WI",rape,-0.03844243170372693,-0.010172909645313912,0.03946228666135123
4,WI0180100,"Eau Claire, WI",rape,9.843442890189009e-4,0.009606245877843126,0.03944168238948206
5,WI0180100,"Eau Claire, WI",rape,0.04975363918948855,0.044197700044690244,0.03946228666135124
6,WI0180100,"Eau Claire, WI",rape,0.0540459096652648,0.05415233557627854,0.039490838813192826
7,WI0180100,"Eau Claire, WI",rape,0.04279756554542923,0.047645828272882815,0.0394089310753431
8,WI0180100,"Eau Claire, WI",rape,0.06016748517053278,0.06341579213888635,0.03949083881319283
9,WI0180100,"Eau Claire, WI",rape,0.06286767594923165,0.07095844951992353,0.03946228666135124
10,WI0180100,"Eau Claire, WI",rape,8.947043801548035e-5,0.009009499058210498,0.03944168238948206
11,WI0180100,"Eau Claire, WI",rape,-0.07310506870795891,-0.08636749498324625,0.03946228666135123
12,WI0180100,"Eau Claire, WI",rape,-0.07847115391076953,-0.11493787545088817,0.039490838813192826
1,WI0300100,"Kenosha, WI",rape,-0.04387138027246358,-0.04329399957185844,0.03903150125246714
2,WI0300100,"Kenosha, WI",rape,-0.036816055652062446,-0.06392165542709208,0.03900148039638548
3,WI0300100,"Kenosha, WI",rape,-0.03844243170372693,-0.06860103590819489,0.03902908038093303
4,WI0300100,"Kenosha, WI",rape,9.843442890189009e-4,0.006479034571465645,0.03898820846162346
5,WI0300100,"Kenosha, WI",rape,0.04975363918948855,0.07305488530143436,0.03902908038093303
6,WI0300100,"Kenosha, WI",rape,0.0540459096652648,0.0535469886730362,0.03900148039638548
7,WI0300100,"Kenosha, WI",rape,0.04279756554542923,0.02927614453659179,0.039031501252467134
8,WI0300100,"Kenosha, WI",rape,0.06016748517053278,0.07161717919772331,0.03900148039638548
9,WI0300100,"Kenosha, WI",rape,0.06286767594923165,0.09031441471409282,0.039029080380933036
10,WI0300100,"Kenosha, WI",rape,8.947043801548035e-5,0.007538820463801048,0.03898820846162346
11,WI0300100,"Kenosha, WI",rape,-0.07310506870795891,-0.08075040907206563,0.03902908038093303
12,WI0300100,"Kenosha, WI",rape,-0.07847115391076953,-0.07526036747893416,0.03900148039638547
1,WI0320100,"La Crosse, WI",rape,-0.04387138027246358,-0.05794218769431221,0.039639175500606194
2,WI0320100,"La Crosse, WI",rape,-0.036816055652062446,-0.040213237097905044,0.039663689239000766
3,WI0320100,"La Crosse, WI",rape,-0.03844243170372693,-0.037748165732023255,0.03964384621481442
4,WI0320100,"La Crosse, WI",rape,9.843442890189009e-4,-0.004428179611083425,0.03966587935994975
5,WI0320100,"La Crosse, WI",rape,0.04975363918948855,0.04628236254011223,0.03964384621481442
6,WI0320100,"La Crosse, WI",rape,0.0540459096652648,0.059490641534337474,0.039663689239000766
7,WI0320100,"La Crosse, WI",rape,0.04279756554542923,0.046028759789989,0.03963917550060619
8,WI0320100,"La Crosse, WI",rape,0.06016748517053278,0.05516940527827399,0.039663689239000766
9,WI0320100,"La Crosse, WI",rape,0.06286767594923165,0.06461776181671544,0.03964384621481443
10,WI0320100,"La Crosse, WI",rape,8.947043801548035e-5,0.016341607515406666,0.03966587935994975
11,WI0320100,"La Crosse, WI",rape,-0.07310506870795891,-0.0612385307204812,0.03964384621481442
12,WI0320100,"La Crosse, WI",rape,-0.07847115391076953,-0.08636023761902967,0.039663689239000766
1,WI0411600,"West Allis, WI",rape,-0.04387138027246358,-0.05302161863528722,0.040402032729883686
2,WI0411600,"West Allis, WI",rape,-0.036816055652062446,-0.0409527392436775,0.0403864907318319
3,WI0411600,"West Allis, WI",rape,-0.03844243170372693,-0.03760981286257347,0.04037890156899983
4,WI0411600,"West Allis, WI",rape,9.843442890189009e-4,-0.0018474317507319973,0.0403823579717902
5,WI0411600,"West Allis, WI",rape,0.04975363918948855,0.048656132080216644,0.040378901568999835
6,WI0411600,"West Allis, WI",rape,0.0540459096652648,0.0691451813406075,0.0403864907318319
7,WI0411600,"West Allis, WI",rape,0.04279756554542923,0.06767850424600008,0.04040203272988368
8,WI0411600,"West Allis, WI",rape,0.06016748517053278,0.07050761141183688,0.040386490731831905
9,WI0411600,"West Allis, WI",rape,0.06286767594923165,0.05250779942002001,0.040378901568999835
10,WI0411600,"West Allis, WI",rape,8.947043801548035e-5,-0.012809453859980847,0.0403823579717902
11,WI0411600,"West Allis, WI",rape,-0.07310506870795891,-0.07821100424837604,0.04037890156899983
12,WI0411600,"West Allis, WI",rape,-0.07847115391076953,-0.08404316789805404,0.0403864907318319
1,WI0450100,"Appleton, WI",rape,-0.04387138027246358,-0.06909124112786359,0.039641347596355174
2,WI0450100,"Appleton, WI",rape,-0.036816055652062446,-0.06224340521359459,0.039655481374640776
3,WI0450100,"Appleton, WI",rape,-0.03844243170372693,-0.04491239528900562,0.03961180800395114
4,WI0450100,"Appleton, WI",rape,9.843442890189009e-4,0.018029793361292876,0.0396263925786988
5,WI0450100,"Appleton, WI",rape,0.04975363918948855,0.07630099117255439,0.03961180800395115
6,WI0450100,"Appleton, WI",rape,0.0540459096652648,0.06968223430671039,0.039655481374640776
7,WI0450100,"Appleton, WI",rape,0.04279756554542923,0.03939869268591769,0.03964134759635517
8,WI0450100,"Appleton, WI",rape,0.06016748517053278,0.04903828730682111,0.039655481374640776
9,WI0450100,"Appleton, WI",rape,0.06286767594923165,0.06139982582417807,0.03961180800395116
10,WI0450100,"Appleton, WI",rape,8.947043801548035e-5,0.011662755080653064,0.0396263925786988
11,WI0450100,"Appleton, WI",rape,-0.07310506870795891,-0.06309587326578094,0.03961180800395114
12,WI0450100,"Appleton, WI",rape,-0.07847115391076953,-0.08616966484188285,0.039655481374640776
1,WI0520200,"Racine, WI",rape,-0.04387138027246358,-0.042567289771823585,0.0390572398226786
2,WI0520200,"Racine, WI",rape,-0.036816055652062446,-0.02673918064715507,0.03917585462348529
3,WI0520200,"Racine, WI",rape,-0.03844243170372693,-0.026128021283430298,0.039159112149747585
4,WI0520200,"Racine, WI",rape,9.843442890189009e-4,0.005075636967040631,0.03908566324547627
5,WI0520200,"Racine, WI",rape,0.04975363918948855,0.03398545270474404,0.03915911214974759
6,WI0520200,"Racine, WI",rape,0.0540459096652648,0.026609109427336505,0.03917585462348529
7,WI0520200,"Racine, WI",rape,0.04279756554542923,0.032763960037491574,0.03905723982267859
8,WI0520200,"Racine, WI",rape,0.06016748517053278,0.08063503973121817,0.03917585462348529
9,WI0520200,"Racine, WI",rape,0.06286767594923165,0.08982721010182546,0.03915911214974759
10,WI0520200,"Racine, WI",rape,8.947043801548035e-5,0.004727692767291417,0.03908566324547627
11,WI0520200,"Racine, WI",rape,-0.07310506870795891,-0.08788131178880718,0.039159112149747585
12,WI0520200,"Racine, WI",rape,-0.07847115391076953,-0.09030829824573168,0.03917585462348529
1,WI0540200,"Janesville, WI",rape,-0.04387138027246358,-0.06068195380028646,0.03981836240731445
2,WI0540200,"Janesville, WI",rape,-0.036816055652062446,-0.036850783861898946,0.03984242701279858
3,WI0540200,"Janesville, WI",rape,-0.03844243170372693,-0.025475720455659157,0.03983247572889045
4,WI0540200,"Janesville, WI",rape,9.843442890189009e-4,0.005870308216219073,0.03981133989902264
5,WI0540200,"Janesville, WI",rape,0.04975363918948855,0.04443120138233935,0.039832475728890454
6,WI0540200,"Janesville, WI",rape,0.0540459096652648,0.056817762529518236,0.03984242701279858
7,WI0540200,"Janesville, WI",rape,0.04279756554542923,0.05761041577251181,0.03981836240731445
8,WI0540200,"Janesville, WI",rape,0.06016748517053278,0.07077786759173631,0.03984242701279858
9,WI0540200,"Janesville, WI",rape,0.06286767594923165,0.06247434221327121,0.039832475728890454
10,WI0540200,"Janesville, WI",rape,8.947043801548035e-5,-0.002798770188444392,0.03981133989902264
11,WI0540200,"Janesville, WI",rape,-0.07310506870795891,-0.07835828511217674,0.03983247572889045
12,WI0540200,"Janesville, WI",rape,-0.07847115391076953,-0.09381638428713028,0.03984242701279858
1,WI0680500,"Waukesha, WI",rape,-0.04387138027246358,-0.03781811796151295,0.04000873159668118
2,WI0680500,"Waukesha, WI",rape,-0.036816055652062446,-0.028516869742644793,0.04004077948839763
3,WI0680500,"Waukesha, WI",rape,-0.03844243170372693,-0.03784779438522283,0.040026921250527085
4,WI0680500,"Waukesha, WI",rape,9.843442890189009e-4,-0.005953018311858822,0.04003633287718214
5,WI0680500,"Waukesha, WI",rape,0.04975363918948855,0.042578076996373095,0.04002692125052709
6,WI0680500,"Waukesha, WI",rape,0.0540459096652648,0.05036722679800633,0.04004077948839763
7,WI0680500,"Waukesha, WI",rape,0.04279756554542923,0.0426025689773866,0.040008731596681175
8,WI0680500,"Waukesha, WI",rape,0.06016748517053278,0.06398780365790904,0.04004077948839763
9,WI0680500,"Waukesha, WI",rape,0.06286767594923165,0.06853427728461348,0.0400269212505271
10,WI0680500,"Waukesha, WI",rape,8.947043801548035e-5,0.0011685672959852093,0.04003633287718214
11,WI0680500,"Waukesha, WI",rape,-0.07310506870795891,-0.07804901091163738,0.040026921250527085
12,WI0680500,"Waukesha, WI",rape,-0.07847115391076953,-0.08105370969739699,0.04004077948839763
1,WI0710300,"Oshkosh, WI",rape,-0.04387138027246358,-0.05234452541453605,0.03966846443966821
2,WI0710300,"Oshkosh, WI",rape,-0.036816055652062446,-0.03929761094292018,0.039712125961405116
3,WI0710300,"Oshkosh, WI",rape,-0.03844243170372693,-0.021949618589160495,0.039715926823965686
4,WI0710300,"Oshkosh, WI",rape,9.843442890189009e-4,0.022333286437133414,0.03974188626471232
5,WI0710300,"Oshkosh, WI",rape,0.04975363918948855,0.05716708291428699,0.03971592682396569
6,WI0710300,"Oshkosh, WI",rape,0.0540459096652648,0.053800738755164265,0.039712125961405116
7,WI0710300,"Oshkosh, WI",rape,0.04279756554542923,0.04734832345848391,0.039668464439668205
8,WI0710300,"Oshkosh, WI",rape,0.06016748517053278,0.06078483778234688,0.039712125961405116
9,WI0710300,"Oshkosh, WI",rape,0.06286767594923165,0.048433047384639376,0.03971592682396569
10,WI0710300,"Oshkosh, WI",rape,8.947043801548035e-5,-0.017337084481081243,0.03974188626471232
11,WI0710300,"Oshkosh, WI",rape,-0.07310506870795891,-0.07865430975371371,0.039715926823965686
12,WI0710300,"Oshkosh, WI",rape,-0.07847115391076953,-0.08028416755064315,0.039712125961405116
1,WIMPD0000,"Milwaukee, WI",rape,-0.04387138027246358,-0.05276370339421339,0.03189822647457951
2,WIMPD0000,"Milwaukee, WI",rape,-0.036816055652062446,-0.0313769798131729,0.03199692531177167
3,WIMPD0000,"Milwaukee, WI",rape,-0.03844243170372693,-0.037031180770978916,0.03195523341155218
4,WIMPD0000,"Milwaukee, WI",rape,9.843442890189009e-4,-0.01015940199585629,0.032007720754969674
5,WIMPD0000,"Milwaukee, WI",rape,0.04975363918948855,0.04969138332927156,0.03195523341155219
6,WIMPD0000,"Milwaukee, WI",rape,0.0540459096652648,0.07812073778884852,0.03199692531177167
7,WIMPD0000,"Milwaukee, WI",rape,0.04279756554542923,0.06504929852611568,0.0318982264745795
8,WIMPD0000,"Milwaukee, WI",rape,0.06016748517053278,0.05784617503786781,0.03199692531177167
9,WIMPD0000,"Milwaukee, WI",rape,0.06286767594923165,0.05121478086377156,0.03195523341155219
10,WIMPD0000,"Milwaukee, WI",rape,8.947043801548035e-5,-0.002126193136045974,0.032007720754969674
11,WIMPD0000,"Milwaukee, WI",rape,-0.07310506870795891,-0.07616057855396649,0.03195523341155218
12,WIMPD0000,"Milwaukee, WI",rape,-0.07847115391076953,-0.09230433788164118,0.03199692531177167
1,WY0110100,"Cheyenne, WY",rape,-0.04387138027246358,-0.057807502991041204,0.039273646398548745
2,WY0110100,"Cheyenne, WY",rape,-0.036816055652062446,-0.028766900822933768,0.03929618883340371
3,WY0110100,"Cheyenne, WY",rape,-0.03844243170372693,-0.020083168270983574,0.039311466311954875
4,WY0110100,"Cheyenne, WY",rape,9.843442890189009e-4,0.0013092633512617996,0.03926889127006544
5,WY0110100,"Cheyenne, WY",rape,0.04975363918948855,0.03578293828457685,0.039311466311954875
6,WY0110100,"Cheyenne, WY",rape,0.0540459096652648,0.05126845648344312,0.03929618883340371
7,WY0110100,"Cheyenne, WY",rape,0.04279756554542923,0.05214473492569231,0.03927364639854874
8,WY0110100,"Cheyenne, WY",rape,0.06016748517053278,0.06308189916503963,0.03929618883340371
9,WY0110100,"Cheyenne, WY",rape,0.06286767594923165,0.060060934678438364,0.039311466311954875
10,WY0110100,"Cheyenne, WY",rape,8.947043801548035e-5,0.004353504714087115,0.03926889127006544
11,WY0110100,"Cheyenne, WY",rape,-0.07310506870795891,-0.07009793662668273,0.039311466311954875
12,WY0110100,"Cheyenne, WY",rape,-0.07847115391076953,-0.0912462228908979,0.03929618883340371
