month,city_id,city_label,crime_type,global_season_centered,city_season_centered,city_season_se
1,AL0011200,"Hoover, AL",theft,-0.042789109977786455,0.0017608038347666367,0.0300722251075724
2,AL0011200,"Hoover, AL",theft,-0.09874831863054001,-0.09264859405001805,0.03002722356776228
3,AL0011200,"Hoover, AL",theft,-0.08630062783079621,-0.10450391569234158,0.030134780559483106
4,AL0011200,"Hoover, AL",theft,-0.033476003709148536,-0.03974399801233334,0.030069906564582066
5,AL0011200,"Hoover, AL",theft,0.00180993091596623,0.012313255692279087,0.030134780559483106
6,AL0011200,"Hoover, AL",theft,0.023230761582622765,0.027686570866299026,0.03002722356776228
7,AL0011200,"Hoover, AL",theft,0.05336929189175766,0.039845291637226665,0.030072225107572396
8,AL0011200,"Hoover, AL",theft,0.06714888840375174,0.040335186163330025,0.03002722356776228
9,AL0011200,"Hoover, AL",theft,0.044121015690036715,0.010584412333660212,0.03013478055948311
10,AL0011200,"Hoover, AL",theft,0.022895821795177324,-0.0018620974596599796,0.030069906564582066
11,AL0011200,"Hoover, AL",theft,0.029789499310822014,0.04000015219440893,0.030134780559483106
12,AL0011200,"Hoover, AL",theft,0.018948850558136773,0.06623293249238235,0.03002722356776228
1,AR0040100,"Bentonville, AR",theft,-0.042789109977786455,-0.07126469764931256,0.03282630742100922
2,AR0040100,"Bentonville, AR",theft,-0.09874831863054001,-0.12956809184491794,0.032863743373778675
3,AR0040100,"Bentonville, AR",theft,-0.08630062783079621,-0.10827758168431958,0.03284554351509967
4,AR0040100,"Bentonville, AR",theft,-0.033476003709148536,-0.006520690643296802,0.03286683515338414
5,AR0040100,"Bentonville, AR",theft,0.00180993091596623,0.08127176597363332,0.032845543515099676
6,AR0040100,"Bentonville, AR",theft,0.023230761582622765,0.08430513859250902,0.032863743373778675
7,AR0040100,"Bentonville, AR",theft,0.05336929189175766,0.039767185430073695,0.03282630742100922
8,AR0040100,"Bentonville, AR",theft,0.06714888840375174,0.018391436418900352,0.032863743373778675
9,AR0040100,"Bentonville, AR",theft,0.044121015690036715,0.028598438477540834,0.032845543515099676
10,AR0040100,"Bentonville, AR",theft,0.022895821795177324,0.038018202862535676,0.03286683515338414
11,AR0040100,"Bentonville, AR",theft,0.029789499310822014,0.029904889452384238,0.03284554351509967
12,AR0040100,"Bentonville, AR",theft,0.018948850558136773,-0.004625995385730256,0.032863743373778675
1,AR0230100,"Conway, AR",theft,-0.042789109977786455,-0.04672256682041798,0.028954820595513603
2,AR0230100,"Conway, AR",theft,-0.09874831863054001,-0.12649450238461774,0.028990093939086768
3,AR0230100,"Conway, AR",theft,-0.08630062783079621,-0.11294398075490814,0.0289950117111953
4,AR0230100,"Conway, AR",theft,-0.033476003709148536,-0.025740067760043946,0.029003310341397102
5,AR0230100,"Conway, AR",theft,0.00180993091596623,0.025104686801582385,0.028995011711195305
6,AR0230100,"Conway, AR",theft,0.023230761582622765,0.01779247856108531,0.028990093939086768
7,AR0230100,"Conway, AR",theft,0.05336929189175766,0.02475677091566834,0.0289548205955136
8,AR0230100,"Conway, AR",theft,0.06714888840375174,0.060345520113288524,0.028990093939086768
9,AR0230100,"Conway, AR",theft,0.044121015690036715,0.06876079438832852,0.028995011711195305
10,AR0230100,"Conway, AR",theft,0.022895821795177324,0.04770586366479358,0.029003310341397102
11,AR0230100,"Conway, AR",theft,0.029789499310822014,0.0410442954697468,0.0289950117111953
12,AR0230100,"Conway, AR",theft,0.018948850558136773,0.026390707805494316,0.028990093939086768
1,AR0600200,"Little Rock, AR",theft,-0.042789109977786455,-0.06447466333726999,0.02625101947576829
2,AR0600200,"Little Rock, AR",theft,-0.09874831863054001,-0.11407416805631089,0.026274980113676842
3,AR0600200,"Little Rock, AR",theft,-0.08630062783079621,-0.0991386584874395,0.026296577090209654
4,AR0600200,"Little Rock, AR",theft,-0.033476003709148536,-0.03809172960073661,0.02630603485742335
5,AR0600200,"Little Rock, AR",theft,0.00180993091596623,0.011812940153343823,0.026296577090209657
6,AR0600200,"Little Rock, AR",theft,0.023230761582622765,0.03624750638708106,0.026274980113676842
7,AR0600200,"Little Rock, AR",theft,0.05336929189175766,0.05694092420307484,0.026251019475768286
8,AR0600200,"Little Rock, AR",theft,0.06714888840375174,0.07206187734606337,0.026274980113676842
9,AR0600200,"Little Rock, AR",theft,0.044121015690036715,0.0646601069113871,0.02629657709020966
10,AR0600200,"Little Rock, AR",theft,0.022895821795177324,0.04562546873493176,0.02630603485742335
11,AR0600200,"Little Rock, AR",theft,0.029789499310822014,0.030199350556903662,0.026296577090209654
12,AR0600200,"Little Rock, AR",theft,0.018948850558136773,-0.0017689548110286287,0.026274980113676842
1,AR0600300,"North Little Rock, AR",theft,-0.042789109977786455,-0.05026583806826122,0.02840318755980705
2,AR0600300,"North Little Rock, AR",theft,-0.09874831863054001,-0.12903240030330448,0.02843902371663891
3,AR0600300,"North Little Rock, AR",theft,-0.08630062783079621,-0.12309041851491079,0.028462026638631815
4,AR0600300,"North Little Rock, AR",theft,-0.033476003709148536,-0.05703443357541203,0.028479786570773165
5,AR0600300,"North Little Rock, AR",theft,0.00180993091596623,0.0021800555347302746,0.02846202663863182
6,AR0600300,"North Little Rock, AR",theft,0.023230761582622765,0.043210619735565794,0.02843902371663891
7,AR0600300,"North Little Rock, AR",theft,0.05336929189175766,0.07630841332710497,0.028403187559807048
8,AR0600300,"North Little Rock, AR",theft,0.06714888840375174,0.07854861966320437,0.02843902371663891
9,AR0600300,"North Little Rock, AR",theft,0.044121015690036715,0.046564062615966906,0.028462026638631822
10,AR0600300,"North Little Rock, AR",theft,0.022895821795177324,0.03099185831656827,0.028479786570773165
11,AR0600300,"North Little Rock, AR",theft,0.029789499310822014,0.0483037251053698,0.028462026638631815
12,AR0600300,"North Little Rock, AR",theft,0.018948850558136773,0.03331573616337815,0.02843902371663891
1,AR0660100,"Fort Smith, AR",theft,-0.042789109977786455,-0.08172941023793692,0.0273246839398258
2,AR0660100,"Fort Smith, AR",theft,-0.09874831863054001,-0.137941725698902,0.027354089796038518
3,AR0660100,"Fort Smith, AR",theft,-0.08630062783079621,-0.08230233723340807,0.027376338680590813
4,AR0660100,"Fort Smith, AR",theft,-0.033476003709148536,-0.006920652442479535,0.027362710308311073
5,AR0660100,"Fort Smith, AR",theft,0.00180993091596623,0.014683257537798424,0.027376338680590816
6,AR0660100,"Fort Smith, AR",theft,0.023230761582622765,0.028086378108945702,0.027354089796038518
7,AR0660100,"Fort Smith, AR",theft,0.05336929189175766,0.06376079163095123,0.027324683939825796
8,AR0660100,"Fort Smith, AR",theft,0.06714888840375174,0.06735880305712029,0.027354089796038518
9,AR0660100,"Fort Smith, AR",theft,0.044121015690036715,0.02968803319861198,0.02737633868059082
10,AR0660100,"Fort Smith, AR",theft,0.022895821795177324,0.0248892710494652,0.027362710308311073
11,AR0660100,"Fort Smith, AR",theft,0.029789499310822014,0.055899665103983275,0.027376338680590813
12,AR0660100,"Fort Smith, AR",theft,0.018948850558136773,0.02452792592585045,0.027354089796038518
1,AR0720100,"Fayetteville, AR",theft,-0.042789109977786455,-0.049200530649454365,0.027593744288875878
2,AR0720100,"Fayetteville, AR",theft,-0.09874831863054001,-0.13389654514144217,0.027626394124205474
3,AR0720100,"Fayetteville, AR",theft,-0.08630062783079621,-0.11864194504228238,0.027645975517687355
4,AR0720100,"Fayetteville, AR",theft,-0.033476003709148536,-0.03072744542760435,0.027640608513876862
5,AR0720100,"Fayetteville, AR",theft,0.00180993091596623,0.021514387820801673,0.027645975517687358
6,AR0720100,"Fayetteville, AR",theft,0.023230761582622765,0.0207727373636192,0.027626394124205474
7,AR0720100,"Fayetteville, AR",theft,0.05336929189175766,0.0318551916518565,0.027593744288875875
8,AR0720100,"Fayetteville, AR",theft,0.06714888840375174,0.0614537110284841,0.027626394124205474
9,AR0720100,"Fayetteville, AR",theft,0.044121015690036715,0.06354444992692215,0.027645975517687358
10,AR0720100,"Fayetteville, AR",theft,0.022895821795177324,0.048072784425202214,0.027640608513876862
11,AR0720100,"Fayetteville, AR",theft,0.029789499310822014,0.05092844629215636,0.027645975517687355
12,AR0720100,"Fayetteville, AR",theft,0.018948850558136773,0.034324757751741056,0.027626394124205474
1,AZ0070100,"Avondale, AZ",theft,-0.042789109977786455,0.017766304561458498,0.028062105818891417
2,AZ0070100,"Avondale, AZ",theft,-0.09874831863054001,-0.039089799679436155,0.02809170814089748
3,AZ0070100,"Avondale, AZ",theft,-0.08630062783079621,-0.039895218660855096,0.028095312189136728
4,AZ0070100,"Avondale, AZ",theft,-0.033476003709148536,-0.0024318230586701955,0.028103267519399667
5,AZ0070100,"Avondale, AZ",theft,0.00180993091596623,-0.0031064554042961687,0.02809531218913673
6,AZ0070100,"Avondale, AZ",theft,0.023230761582622765,-0.0359300041275987,0.02809170814089748
7,AZ0070100,"Avondale, AZ",theft,0.05336929189175766,-0.03252584195192321,0.028062105818891413
8,AZ0070100,"Avondale, AZ",theft,0.06714888840375174,0.005787909871933905,0.02809170814089748
9,AZ0070100,"Avondale, AZ",theft,0.044121015690036715,0.02135286624381755,0.028095312189136735
10,AZ0070100,"Avondale, AZ",theft,0.022895821795177324,0.017191360449134923,0.028103267519399667
11,AZ0070100,"Avondale, AZ",theft,0.029789499310822014,0.03640834521179842,0.028095312189136728
12,AZ0070100,"Avondale, AZ",theft,0.018948850558136773,0.05447235654463623,0.02809170814089748
1,AZ0070300,"Buckeye, AZ",theft,-0.042789109977786455,0.024611682533762645,0.030955735689538112
2,AZ0070300,"Buckeye, AZ",theft,-0.09874831863054001,-0.04338632808321197,0.030956008133294584
3,AZ0070300,"Buckeye, AZ",theft,-0.08630062783079621,-0.07441784235465347,0.031076380113422977
4,AZ0070300,"Buckeye, AZ",theft,-0.033476003709148536,-0.03445815902366734,0.0310071348923265
5,AZ0070300,"Buckeye, AZ",theft,0.00180993091596623,0.007662485036543632,0.031076380113422983
6,AZ0070300,"Buckeye, AZ",theft,0.023230761582622765,0.022915138000307207,0.030956008133294584
7,AZ0070300,"Buckeye, AZ",theft,0.05336929189175766,0.047066846199157505,0.030955735689538105
8,AZ0070300,"Buckeye, AZ",theft,0.06714888840375174,0.06515277576829902,0.030956008133294587
9,AZ0070300,"Buckeye, AZ",theft,0.044121015690036715,0.024505761306820372,0.031076380113422983
10,AZ0070300,"Buckeye, AZ",theft,0.022895821795177324,-0.037220369709252805,0.0310071348923265
11,AZ0070300,"Buckeye, AZ",theft,0.029789499310822014,-0.02942893272163069,0.031076380113422977
12,AZ0070300,"Buckeye, AZ",theft,0.018948850558136773,0.02699694304752588,0.030956008133294584
1,AZ0070500,"Chandler, AZ",theft,-0.042789109977786455,0.02344644230908298,0.02702817282746848
2,AZ0070500,"Chandler, AZ",theft,-0.09874831863054001,-0.03418962702898992,0.027050934384912774
3,AZ0070500,"Chandler, AZ",theft,-0.08630062783079621,-0.04374610297477899,0.027065320009307642
4,AZ0070500,"Chandler, AZ",theft,-0.033476003709148536,-0.02198134500704546,0.0270760064107324
5,AZ0070500,"Chandler, AZ",theft,0.00180993091596623,-0.012287006117227172,0.027065320009307645
6,AZ0070500,"Chandler, AZ",theft,0.023230761582622765,-0.012893589898086803,0.027050934384912774
7,AZ0070500,"Chandler, AZ",theft,0.05336929189175766,-0.007036966764118323,0.027028172827468475
8,AZ0070500,"Chandler, AZ",theft,0.06714888840375174,-0.0066597857505962255,0.027050934384912774
9,AZ0070500,"Chandler, AZ",theft,0.044121015690036715,-0.013512785349771857,0.027065320009307645
10,AZ0070500,"Chandler, AZ",theft,0.022895821795177324,0.00557186946208079,0.0270760064107324
11,AZ0070500,"Chandler, AZ",theft,0.029789499310822014,0.05313641889681332,0.027065320009307642
12,AZ0070500,"Chandler, AZ",theft,0.018948850558136773,0.07015247822263766,0.027050934384912774
1,AZ0071100,"Gilbert, AZ",theft,-0.042789109977786455,-0.01173437598215445,0.027824956776599997
2,AZ0071100,"Gilbert, AZ",theft,-0.09874831863054001,-0.0639367154563629,0.027864610313343884
3,AZ0071100,"Gilbert, AZ",theft,-0.08630062783079621,-0.04781736138615997,0.027866145680966563
4,AZ0071100,"Gilbert, AZ",theft,-0.033476003709148536,-0.011348796467692539,0.027873056133101325
5,AZ0071100,"Gilbert, AZ",theft,0.00180993091596623,-0.014431210419372264,0.027866145680966566
6,AZ0071100,"Gilbert, AZ",theft,0.023230761582622765,-0.028363174603420676,0.027864610313343884
7,AZ0071100,"Gilbert, AZ",theft,0.05336929189175766,-0.007881185820806411,0.027824956776599994
8,AZ0071100,"Gilbert, AZ",theft,0.06714888840375174,0.020830919195485662,0.027864610313343887
9,AZ0071100,"Gilbert, AZ",theft,0.044121015690036715,0.024327126928243556,0.02786614568096657
10,AZ0071100,"Gilbert, AZ",theft,0.022895821795177324,0.030964358270653403,0.027873056133101325
11,AZ0071100,"Gilbert, AZ",theft,0.029789499310822014,0.05753700668024948,0.027866145680966566
12,AZ0071100,"Gilbert, AZ",theft,0.018948850558136773,0.05185340906133709,0.027864610313343884
1,AZ0071500,"Goodyear, AZ",theft,-0.042789109977786455,0.00595134903544772,0.02889533078844122
2,AZ0071500,"Goodyear, AZ",theft,-0.09874831863054001,-0.03659279816144457,0.028949022837576242
3,AZ0071500,"Goodyear, AZ",theft,-0.08630062783079621,-0.0595261311972338,0.028949380751724773
4,AZ0071500,"Goodyear, AZ",theft,-0.033476003709148536,-0.026993285553148175,0.028966651485125776
5,AZ0071500,"Goodyear, AZ",theft,0.00180993091596623,0.01399366250247985,0.028949380751724776
6,AZ0071500,"Goodyear, AZ",theft,0.023230761582622765,0.01166763528028687,0.028949022837576242
7,AZ0071500,"Goodyear, AZ",theft,0.05336929189175766,-0.00608026034491706,0.028895330788441212
8,AZ0071500,"Goodyear, AZ",theft,0.06714888840375174,0.006337352798735788,0.028949022837576242
9,AZ0071500,"Goodyear, AZ",theft,0.044121015690036715,0.029399597143994347,0.028949380751724776
10,AZ0071500,"Goodyear, AZ",theft,0.022895821795177324,0.02712219686261753,0.028966651485125776
11,AZ0071500,"Goodyear, AZ",theft,0.029789499310822014,0.016261782860228932,0.028949380751724773
12,AZ0071500,"Goodyear, AZ",theft,0.018948850558136773,0.01845889877295257,0.028949022837576242
1,AZ0072300,"Phoenix, AZ",theft,-0.042789109977786455,0.026716929653141614,0.025710720696136086
2,AZ0072300,"Phoenix, AZ",theft,-0.09874831863054001,-0.024329944368206412,0.02572863932738163
3,AZ0072300,"Phoenix, AZ",theft,-0.08630062783079621,-0.035257269364398845,0.02574673982954891
4,AZ0072300,"Phoenix, AZ",theft,-0.033476003709148536,-0.011111007261929429,0.025750597810554623
5,AZ0072300,"Phoenix, AZ",theft,0.00180993091596623,-0.004538610316490049,0.025746739829548913
6,AZ0072300,"Phoenix, AZ",theft,0.023230761582622765,-0.021779518523151995,0.02572863932738163
7,AZ0072300,"Phoenix, AZ",theft,0.05336929189175766,-0.025085873125896416,0.025710720696136082
8,AZ0072300,"Phoenix, AZ",theft,0.06714888840375174,-0.009690375661803068,0.02572863932738163
9,AZ0072300,"Phoenix, AZ",theft,0.044121015690036715,-3.9410719285587915e-4,0.025746739829548913
10,AZ0072300,"Phoenix, AZ",theft,0.022895821795177324,0.009479950734684238,0.025750597810554623
11,AZ0072300,"Phoenix, AZ",theft,0.029789499310822014,0.03855893034649955,0.02574673982954891
12,AZ0072300,"Phoenix, AZ",theft,0.018948850558136773,0.05743089508040669,0.025728639327381626
1,AZ0072500,"Scottsdale, AZ",theft,-0.042789109977786455,0.03179567683278413,0.02691151943103271
2,AZ0072500,"Scottsdale, AZ",theft,-0.09874831863054001,0.003935333037060814,0.026930862996759796
3,AZ0072500,"Scottsdale, AZ",theft,-0.08630062783079621,-0.014401404279492698,0.026956330681491864
4,AZ0072500,"Scottsdale, AZ",theft,-0.033476003709148536,-0.018893832573503435,0.02695965527617984
5,AZ0072500,"Scottsdale, AZ",theft,0.00180993091596623,-0.01719739131132309,0.026956330681491867
6,AZ0072500,"Scottsdale, AZ",theft,0.023230761582622765,-0.008331406170226761,0.026930862996759796
7,AZ0072500,"Scottsdale, AZ",theft,0.05336929189175766,0.002483313126319173,0.026911519431032704
8,AZ0072500,"Scottsdale, AZ",theft,0.06714888840375174,-0.001633244253600464,0.026930862996759796
9,AZ0072500,"Scottsdale, AZ",theft,0.044121015690036715,-0.017575496896150265,0.026956330681491867
10,AZ0072500,"Scottsdale, AZ",theft,0.022895821795177324,-0.015385157385599866,0.02695965527617984
11,AZ0072500,"Scottsdale, AZ",theft,0.029789499310822014,0.01489530252786275,0.026956330681491864
12,AZ0072500,"Scottsdale, AZ",theft,0.018948850558136773,0.040308307345869716,0.026930862996759796
1,AZ0072900,"Tempe, AZ",theft,-0.042789109977786455,0.0321615407353636,0.026606743036173486
2,AZ0072900,"Tempe, AZ",theft,-0.09874831863054001,-0.027991490033636705,0.02663330276799878
3,AZ0072900,"Tempe, AZ",theft,-0.08630062783079621,-0.044130444402622045,0.026637010176810676
4,AZ0072900,"Tempe, AZ",theft,-0.033476003709148536,-0.012904732443783967,0.026646468310745575
5,AZ0072900,"Tempe, AZ",theft,0.00180993091596623,-0.010693511424026489,0.02663701017681068
6,AZ0072900,"Tempe, AZ",theft,0.023230761582622765,-0.04756264419348537,0.02663330276799878
7,AZ0072900,"Tempe, AZ",theft,0.05336929189175766,-0.04966229911112775,0.026606743036173483
8,AZ0072900,"Tempe, AZ",theft,0.06714888840375174,-5.507852227593575e-4,0.02663330276799878
9,AZ0072900,"Tempe, AZ",theft,0.044121015690036715,0.03308892752199016,0.02663701017681068
10,AZ0072900,"Tempe, AZ",theft,0.022895821795177324,0.030405490819548152,0.026646468310745575
11,AZ0072900,"Tempe, AZ",theft,0.029789499310822014,0.03923578668042254,0.026637010176810676
12,AZ0072900,"Tempe, AZ",theft,0.018948850558136773,0.058604161074117235,0.02663330276799878
1,AZ0100000,"Pima, AZ",theft,-0.042789109977786455,-0.003197006878256786,0.026544230852228474
2,AZ0100000,"Pima, AZ",theft,-0.09874831863054001,-0.07241487379658376,0.026564802145455202
3,AZ0100000,"Pima, AZ",theft,-0.08630062783079621,-0.07388979651959485,0.026588407274278626
4,AZ0100000,"Pima, AZ",theft,-0.033476003709148536,-0.027758797879147305,0.026590377795770993
5,AZ0100000,"Pima, AZ",theft,0.00180993091596623,-0.002220957854670018,0.02658840727427863
6,AZ0100000,"Pima, AZ",theft,0.023230761582622765,-5.870822427067396e-4,0.026564802145455202
7,AZ0100000,"Pima, AZ",theft,0.05336929189175766,0.012235018302690536,0.026544230852228467
8,AZ0100000,"Pima, AZ",theft,0.06714888840375174,0.02596949269962517,0.026564802145455205
9,AZ0100000,"Pima, AZ",theft,0.044121015690036715,0.01840640399820247,0.026588407274278632
10,AZ0100000,"Pima, AZ",theft,0.022895821795177324,0.018720786454713558,0.026590377795770993
11,AZ0100000,"Pima, AZ",theft,0.029789499310822014,0.0486663389516286,0.026588407274278626
12,AZ0100000,"Pima, AZ",theft,0.018948850558136773,0.05607047476409911,0.026564802145455202
1,AZ0100300,"Tucson, AZ",theft,-0.042789109977786455,-0.017320500368074115,0.025879013015735877
2,AZ0100300,"Tucson, AZ",theft,-0.09874831863054001,-0.03958233252315415,0.025905303909284697
3,AZ0100300,"Tucson, AZ",theft,-0.08630062783079621,-0.03624866763738547,0.025924603901187452
4,AZ0100300,"Tucson, AZ",theft,-0.033476003709148536,-0.019323613730399744,0.02593044920664287
5,AZ0100300,"Tucson, AZ",theft,0.00180993091596623,-0.011856460673433319,0.025924603901187455
6,AZ0100300,"Tucson, AZ",theft,0.023230761582622765,-0.00924986658146519,0.025905303909284697
7,AZ0100300,"Tucson, AZ",theft,0.05336929189175766,0.005958173645773663,0.025879013015735874
8,AZ0100300,"Tucson, AZ",theft,0.06714888840375174,0.027253418621000607,0.025905303909284697
9,AZ0100300,"Tucson, AZ",theft,0.044121015690036715,0.03528208045753235,0.02592460390118746
10,AZ0100300,"Tucson, AZ",theft,0.022895821795177324,0.0306859404527002,0.02593044920664287
11,AZ0100300,"Tucson, AZ",theft,0.029789499310822014,0.02418537457558685,0.025924603901187452
12,AZ0100300,"Tucson, AZ",theft,0.018948850558136773,0.010216453761318304,0.025905303909284697
1,AZ0100900,"Marana, AZ",theft,-0.042789109977786455,0.019858753780386,0.030431021869432157
2,AZ0100900,"Marana, AZ",theft,-0.09874831863054001,-0.05872111731412984,0.030456805684449008
3,AZ0100900,"Marana, AZ",theft,-0.08630062783079621,-0.08586721923709806,0.03049645696860301
4,AZ0100900,"Marana, AZ",theft,-0.033476003709148536,-0.05782679225012417,0.030518628011128913
5,AZ0100900,"Marana, AZ",theft,0.00180993091596623,-0.02065636618942605,0.030496456968603015
6,AZ0100900,"Marana, AZ",theft,0.023230761582622765,0.009048687604346056,0.030456805684449008
7,AZ0100900,"Marana, AZ",theft,0.05336929189175766,0.0325371940276675,0.03043102186943215
8,AZ0100900,"Marana, AZ",theft,0.06714888840375174,0.030972764495250472,0.030456805684449008
9,AZ0100900,"Marana, AZ",theft,0.044121015690036715,0.005722918610165155,0.030496456968603015
10,AZ0100900,"Marana, AZ",theft,0.022895821795177324,0.005430844442070662,0.030518628011128913
11,AZ0100900,"Marana, AZ",theft,0.029789499310822014,0.04840471900830542,0.030496456968603012
12,AZ0100900,"Marana, AZ",theft,0.018948850558136773,0.07109561302258686,0.030456805684449008
1,AZ0110000,"Pinal, AZ",theft,-0.042789109977786455,-0.006608244643335377,0.030349824799331765
2,AZ0110000,"Pinal, AZ",theft,-0.09874831863054001,-0.028597448088075246,0.030412120789897662
3,AZ0110000,"Pinal, AZ",theft,-0.08630062783079621,-0.011358497362213525,0.030388371954167877
4,AZ0110000,"Pinal, AZ",theft,-0.033476003709148536,0.007579897533595253,0.030383766227198034
5,AZ0110000,"Pinal, AZ",theft,0.00180993091596623,-0.013978855690121245,0.03038837195416788
6,AZ0110000,"Pinal, AZ",theft,0.023230761582622765,-0.04375361029690325,0.030412120789897662
7,AZ0110000,"Pinal, AZ",theft,0.05336929189175766,-0.029743550516953127,0.030349824799331758
8,AZ0110000,"Pinal, AZ",theft,0.06714888840375174,0.011098523727270417,0.030412120789897662
9,AZ0110000,"Pinal, AZ",theft,0.044121015690036715,0.03021136816169718,0.030388371954167884
10,AZ0110000,"Pinal, AZ",theft,0.022895821795177324,0.028771897626693264,0.030383766227198034
11,AZ0110000,"Pinal, AZ",theft,0.029789499310822014,0.03147778005092608,0.030388371954167877
12,AZ0110000,"Pinal, AZ",theft,0.018948850558136773,0.024900739497419583,0.03041212078989766
1,AZ0110100,"Casa Grande, AZ",theft,-0.042789109977786455,-0.019871327281612238,0.030448287074048324
2,AZ0110100,"Casa Grande, AZ",theft,-0.09874831863054001,-0.06050317562727257,0.030521578118732923
3,AZ0110100,"Casa Grande, AZ",theft,-0.08630062783079621,-0.04199468330021246,0.03048549418387033
4,AZ0110100,"Casa Grande, AZ",theft,-0.033476003709148536,0.0015667133467959541,0.03051443167271055
5,AZ0110100,"Casa Grande, AZ",theft,0.00180993091596623,0.009921215661340648,0.030485494183870334
6,AZ0110100,"Casa Grande, AZ",theft,0.023230761582622765,-0.008469633681984948,0.030521578118732923
7,AZ0110100,"Casa Grande, AZ",theft,0.05336929189175766,-0.008231932721295802,0.03044828707404832
8,AZ0110100,"Casa Grande, AZ",theft,0.06714888840375174,0.010157009030235201,0.030521578118732923
9,AZ0110100,"Casa Grande, AZ",theft,0.044121015690036715,0.01975177670608309,0.030485494183870337
10,AZ0110100,"Casa Grande, AZ",theft,0.022895821795177324,0.026536546656112086,0.03051443167271055
11,AZ0110100,"Casa Grande, AZ",theft,0.029789499310822014,0.04042495093569672,0.03048549418387033
12,AZ0110100,"Casa Grande, AZ",theft,0.018948850558136773,0.03071254027611432,0.03052157811873292
1,AZ0111700,"Maricopa, AZ",theft,-0.042789109977786455,0.036525116801008964,0.03362286268042009
2,AZ0111700,"Maricopa, AZ",theft,-0.09874831863054001,0.0013865405929598127,0.033611170749751784
3,AZ0111700,"Maricopa, AZ",theft,-0.08630062783079621,0.00426636163421626,0.033639764549201395
4,AZ0111700,"Maricopa, AZ",theft,-0.033476003709148536,0.00445880179880124,0.03359921912068151
5,AZ0111700,"Maricopa, AZ",theft,0.00180993091596623,-0.039078835649271886,0.0336397645492014
6,AZ0111700,"Maricopa, AZ",theft,0.023230761582622765,-0.07083782935570812,0.033611170749751784
7,AZ0111700,"Maricopa, AZ",theft,0.05336929189175766,-0.03717182446515139,0.03362286268042009
8,AZ0111700,"Maricopa, AZ",theft,0.06714888840375174,0.009292265073764877,0.033611170749751784
9,AZ0111700,"Maricopa, AZ",theft,0.044121015690036715,0.007059151696650828,0.0336397645492014
10,AZ0111700,"Maricopa, AZ",theft,0.022895821795177324,-0.0038120941346588165,0.03359921912068151
11,AZ0111700,"Maricopa, AZ",theft,0.029789499310822014,0.028400029982547197,0.0336397645492014
12,AZ0111700,"Maricopa, AZ",theft,0.018948850558136773,0.05951231602484103,0.033611170749751784
1,AZ0130000,"Yavapai, AZ",theft,-0.042789109977786455,-0.038229496452458996,0.03391726930083653
2,AZ0130000,"Yavapai, AZ",theft,-0.09874831863054001,-0.08707343319615918,0.03400064837330012
3,AZ0130000,"Yavapai, AZ",theft,-0.08630062783079621,-0.07531933889372933,0.03399569891947834
4,AZ0130000,"Yavapai, AZ",theft,-0.033476003709148536,-0.01877593445263758,0.03400510243086631
5,AZ0130000,"Yavapai, AZ",theft,0.00180993091596623,0.010723814087061525,0.033995698919478345
6,AZ0130000,"Yavapai, AZ",theft,0.023230761582622765,0.014536952434781689,0.03400064837330012
7,AZ0130000,"Yavapai, AZ",theft,0.05336929189175766,0.04313183716848328,0.03391726930083652
8,AZ0130000,"Yavapai, AZ",theft,0.06714888840375174,0.0777906312684911,0.03400064837330012
9,AZ0130000,"Yavapai, AZ",theft,0.044121015690036715,0.06113419625003695,0.033995698919478345
10,AZ0130000,"Yavapai, AZ",theft,0.022895821795177324,0.01387359373661329,0.03400510243086631
11,AZ0130000,"Yavapai, AZ",theft,0.029789499310822014,-0.0014410121593934724,0.03399569891947834
12,AZ0130000,"Yavapai, AZ",theft,0.018948850558136773,-3.518097910892891e-4,0.034000648373300114
1,AZ0131100,"Prescott Valley, AZ",theft,-0.042789109977786455,-0.004369665162304308,0.03415731904138432
2,AZ0131100,"Prescott Valley, AZ",theft,-0.09874831863054001,-0.06838713479504491,0.03417985409050132
3,AZ0131100,"Prescott Valley, AZ",theft,-0.08630062783079621,-0.059839317198445194,0.03417475373244307
4,AZ0131100,"Prescott Valley, AZ",theft,-0.033476003709148536,-0.023555077638176734,0.03418782093969227
5,AZ0131100,"Prescott Valley, AZ",theft,0.00180993091596623,-0.027865661333284653,0.03417475373244307
6,AZ0131100,"Prescott Valley, AZ",theft,0.023230761582622765,-0.041807571800082315,0.03417985409050132
7,AZ0131100,"Prescott Valley, AZ",theft,0.05336929189175766,-0.010370795259302113,0.03415731904138431
8,AZ0131100,"Prescott Valley, AZ",theft,0.06714888840375174,0.033608113316427636,0.03417985409050132
9,AZ0131100,"Prescott Valley, AZ",theft,0.044121015690036715,0.039800756141434315,0.034174753732443074
10,AZ0131100,"Prescott Valley, AZ",theft,0.022895821795177324,0.038295538059783155,0.03418782093969227
11,AZ0131100,"Prescott Valley, AZ",theft,0.029789499310822014,0.0626446828119019,0.03417475373244307
12,AZ0131100,"Prescott Valley, AZ",theft,0.018948850558136773,0.0618461328570932,0.03417985409050132
1,AZ0140500,"Yuma, AZ",theft,-0.042789109977786455,0.013082972377671151,0.02957018745893952
2,AZ0140500,"Yuma, AZ",theft,-0.09874831863054001,-0.036038476529284685,0.029618554234134058
3,AZ0140500,"Yuma, AZ",theft,-0.08630062783079621,-0.03170186470433372,0.029636008938357505
4,AZ0140500,"Yuma, AZ",theft,-0.033476003709148536,0.011456718578442835,0.02962574328201715
5,AZ0140500,"Yuma, AZ",theft,0.00180993091596623,0.022071263646469386,0.029636008938357508
6,AZ0140500,"Yuma, AZ",theft,0.023230761582622765,-0.004487023364457541,0.029618554234134058
7,AZ0140500,"Yuma, AZ",theft,0.05336929189175766,-0.01562752908761338,0.029570187458939513
8,AZ0140500,"Yuma, AZ",theft,0.06714888840375174,-0.005649156528793162,0.02961855423413406
9,AZ0140500,"Yuma, AZ",theft,0.044121015690036715,-0.007441211643801936,0.029636008938357508
10,AZ0140500,"Yuma, AZ",theft,0.022895821795177324,-0.008912161868500598,0.02962574328201715
11,AZ0140500,"Yuma, AZ",theft,0.029789499310822014,0.019616369411608475,0.029636008938357505
12,AZ0140500,"Yuma, AZ",theft,0.018948850558136773,0.04363009971259317,0.029618554234134058
1,CA0010000,"Alameda, CA",theft,-0.042789109977786455,0.002637861020374791,0.02946979159814314
2,CA0010000,"Alameda, CA",theft,-0.09874831863054001,-0.06712441490593651,0.029528022190836174
3,CA0010000,"Alameda, CA",theft,-0.08630062783079621,-0.05650481082082294,0.02954364939056671
4,CA0010000,"Alameda, CA",theft,-0.033476003709148536,-0.013489861269465626,0.029562581130104244
5,CA0010000,"Alameda, CA",theft,0.00180993091596623,-0.007242419463878445,0.029543649390566713
6,CA0010000,"Alameda, CA",theft,0.023230761582622765,-0.001061433777601379,0.029528022190836174
7,CA0010000,"Alameda, CA",theft,0.05336929189175766,0.03902009581752504,0.029469791598143138
8,CA0010000,"Alameda, CA",theft,0.06714888840375174,0.048639436749628125,0.029528022190836174
9,CA0010000,"Alameda, CA",theft,0.044121015690036715,-0.003638124173385319,0.029543649390566716
10,CA0010000,"Alameda, CA",theft,0.022895821795177324,-0.02816809556843422,0.029562581130104244
11,CA0010000,"Alameda, CA",theft,0.029789499310822014,0.02572739762018683,0.02954364939056671
12,CA0010000,"Alameda, CA",theft,0.018948850558136773,0.06120436877180965,0.029528022190836174
1,CA0010100,"Alameda, CA",theft,-0.042789109977786455,0.014886735731120529,0.028204257977907838
2,CA0010100,"Alameda, CA",theft,-0.09874831863054001,-0.08504987654534259,0.028246763740839193
3,CA0010100,"Alameda, CA",theft,-0.08630062783079621,-0.09108753141378251,0.028244420119743267
4,CA0010100,"Alameda, CA",theft,-0.033476003709148536,-0.01545041459066543,0.02825907716060403
5,CA0010100,"Alameda, CA",theft,0.00180993091596623,0.01744588066437172,0.02824442011974327
6,CA0010100,"Alameda, CA",theft,0.023230761582622765,-0.011850512090184265,0.028246763740839193
7,CA0010100,"Alameda, CA",theft,0.05336929189175766,-0.015570123176498295,0.028204257977907835
8,CA0010100,"Alameda, CA",theft,0.06714888840375174,0.01817118205175124,0.028246763740839193
9,CA0010100,"Alameda, CA",theft,0.044121015690036715,0.024892224365568892,0.028244420119743274
10,CA0010100,"Alameda, CA",theft,0.022895821795177324,0.016133802036043213,0.02825907716060403
11,CA0010100,"Alameda, CA",theft,0.029789499310822014,0.04943281382921962,0.028244420119743267
12,CA0010100,"Alameda, CA",theft,0.018948850558136773,0.07804581913839785,0.028246763740839193
1,CA0010300,"Berkeley, CA",theft,-0.042789109977786455,0.007064161528655038,0.026889960132020302
2,CA0010300,"Berkeley, CA",theft,-0.09874831863054001,-0.0608196050074741,0.0269191105413587
3,CA0010300,"Berkeley, CA",theft,-0.08630062783079621,-0.071709565928293445,0.02694569418360699
4,CA0010300,"Berkeley, CA",theft,-0.033476003709148536,-0.04234867177929083,0.026950334831690344
5,CA0010300,"Berkeley, CA",theft,0.00180993091596623,-0.0375446463403057,0.026945694183606993
6,CA0010300,"Berkeley, CA",theft,0.023230761582622765,-0.030371321486023766,0.0269191105413587
7,CA0010300,"Berkeley, CA",theft,0.05336929189175766,0.029396631629594275,0.0268899601320203
8,CA0010300,"Berkeley, CA",theft,0.06714888840375174,0.08418545883579948,0.0269191105413587
9,CA0010300,"Berkeley, CA",theft,0.044121015690036715,0.058614626598369496,0.026945694183606997
10,CA0010300,"Berkeley, CA",theft,0.022895821795177324,0.005887878621041508,0.026950334831690344
11,CA0010300,"Berkeley, CA",theft,0.029789499310822014,0.0141787925119803,0.02694569418360699
12,CA0010300,"Berkeley, CA",theft,0.018948850558136773,0.04346626081594773,0.0269191105413587
1,CA0010600,"Hayward, CA",theft,-0.042789109977786455,0.0024564430446150105,0.02751265739725163
2,CA0010600,"Hayward, CA",theft,-0.09874831863054001,-0.017422867281241896,0.027555202037744562
3,CA0010600,"Hayward, CA",theft,-0.08630062783079621,0.0036626613322826313,0.027553535063552365
4,CA0010600,"Hayward, CA",theft,-0.033476003709148536,0.02167770371005243,0.027569744158184434
5,CA0010600,"Hayward, CA",theft,0.00180993091596623,-0.0028079469259393417,0.027553535063552365
6,CA0010600,"Hayward, CA",theft,0.023230761582622765,-0.029546404487686136,0.027555202037744562
7,CA0010600,"Hayward, CA",theft,0.05336929189175766,-0.01637425605403942,0.027512657397251627
8,CA0010600,"Hayward, CA",theft,0.06714888840375174,0.004586329192251258,0.027555202037744562
9,CA0010600,"Hayward, CA",theft,0.044121015690036715,-0.0025813864118488915,0.02755353506355237
10,CA0010600,"Hayward, CA",theft,0.022895821795177324,-0.0077598907006280245,0.027569744158184434
11,CA0010600,"Hayward, CA",theft,0.029789499310822014,0.015644485014929987,0.027553535063552365
12,CA0010600,"Hayward, CA",theft,0.018948850558136773,0.0284651295672524,0.027555202037744562
1,CA0011100,"Pleasanton, CA",theft,-0.042789109977786455,0.016164759963672153,0.030129867584637916
2,CA0011100,"Pleasanton, CA",theft,-0.09874831863054001,-0.0510749904265021,0.030221997903498207
3,CA0011100,"Pleasanton, CA",theft,-0.08630062783079621,-0.07467542871101064,0.03020055669561684
4,CA0011100,"Pleasanton, CA",theft,-0.033476003709148536,-0.0344888969218933,0.03023359834480753
5,CA0011100,"Pleasanton, CA",theft,0.00180993091596623,0.002757225732663123,0.03020055669561684
6,CA0011100,"Pleasanton, CA",theft,0.023230761582622765,0.003013009787773215,0.030221997903498207
7,CA0011100,"Pleasanton, CA",theft,0.05336929189175766,0.004397220126283758,0.03012986758463791
8,CA0011100,"Pleasanton, CA",theft,0.06714888840375174,0.023082612619208947,0.030221997903498207
9,CA0011100,"Pleasanton, CA",theft,0.044121015690036715,0.026121070813761544,0.030200556695616842
10,CA0011100,"Pleasanton, CA",theft,0.022895821795177324,0.013926916831937388,0.03023359834480753
11,CA0011100,"Pleasanton, CA",theft,0.029789499310822014,0.025235152074630035,0.03020055669561684
12,CA0011100,"Pleasanton, CA",theft,0.018948850558136773,0.04554134810947587,0.030221997903498207
1,CA0070100,"Antioch, CA",theft,-0.042789109977786455,0.004482244292976958,0.02856735876145319
2,CA0070100,"Antioch, CA",theft,-0.09874831863054001,-0.06335097608905993,0.028642217829552088
3,CA0070100,"Antioch, CA",theft,-0.08630062783079621,-0.06951144207121732,0.02864606870217406
4,CA0070100,"Antioch, CA",theft,-0.033476003709148536,-0.044369245963371134,0.028670186325620194
5,CA0070100,"Antioch, CA",theft,0.00180993091596623,-0.025863487477394757,0.028646068702174062
6,CA0070100,"Antioch, CA",theft,0.023230761582622765,0.004232750398678708,0.028642217829552088
7,CA0070100,"Antioch, CA",theft,0.05336929189175766,0.04288470332901172,0.028567358761453186
8,CA0070100,"Antioch, CA",theft,0.06714888840375174,0.03921258555705148,0.028642217829552088
9,CA0070100,"Antioch, CA",theft,0.044121015690036715,-0.001993896082779842,0.028646068702174066
10,CA0070100,"Antioch, CA",theft,0.022895821795177324,-0.0029977016586175595,0.028670186325620194
11,CA0070100,"Antioch, CA",theft,0.029789499310822014,0.0500018780094032,0.02864606870217406
12,CA0070100,"Antioch, CA",theft,0.018948850558136773,0.06727258775531848,0.028642217829552088
1,CA0070200,"Brentwood, CA",theft,-0.042789109977786455,0.009267827174682709,0.030142753642246015
2,CA0070200,"Brentwood, CA",theft,-0.09874831863054001,-0.06416307313314878,0.03016772113367776
3,CA0070200,"Brentwood, CA",theft,-0.08630062783079621,-0.05556713188021444,0.030177711449664472
4,CA0070200,"Brentwood, CA",theft,-0.033476003709148536,2.7027526310346024e-4,0.030196230484081224
5,CA0070200,"Brentwood, CA",theft,0.00180993091596623,-0.0061027308733459735,0.030177711449664475
6,CA0070200,"Brentwood, CA",theft,0.023230761582622765,-0.03978794645773401,0.03016772113367776
7,CA0070200,"Brentwood, CA",theft,0.05336929189175766,3.444115174043308e-5,0.03014275364224601
8,CA0070200,"Brentwood, CA",theft,0.06714888840375174,0.06609862684994086,0.03016772113367776
9,CA0070200,"Brentwood, CA",theft,0.044121015690036715,0.048200417270583384,0.03017771144966448
10,CA0070200,"Brentwood, CA",theft,0.022895821795177324,-0.0095725435895266,0.030196230484081224
11,CA0070200,"Brentwood, CA",theft,0.029789499310822014,0.004167177156553876,0.030177711449664475
12,CA0070200,"Brentwood, CA",theft,0.018948850558136773,0.047154661067365086,0.03016772113367776
1,CA0070400,"Concord, CA",theft,-0.042789109977786455,-0.01972204726638513,0.02761535164860416
2,CA0070400,"Concord, CA",theft,-0.09874831863054001,-0.036381691018014,0.027643365533389565
3,CA0070400,"Concord, CA",theft,-0.08630062783079621,-0.026146103488217547,0.027664896993061624
4,CA0070400,"Concord, CA",theft,-0.033476003709148536,-0.007297913064862785,0.027670880807148225
5,CA0070400,"Concord, CA",theft,0.00180993091596623,0.00995199944999655,0.027664896993061624
6,CA0070400,"Concord, CA",theft,0.023230761582622765,0.024360271155474036,0.027643365533389565
7,CA0070400,"Concord, CA",theft,0.05336929189175766,0.023633701949874568,0.027615351648604156
8,CA0070400,"Concord, CA",theft,0.06714888840375174,0.0031564732531167146,0.027643365533389565
9,CA0070400,"Concord, CA",theft,0.044121015690036715,-0.010990768960169199,0.027664896993061627
10,CA0070400,"Concord, CA",theft,0.022895821795177324,0.003386258381373342,0.027670880807148225
11,CA0070400,"Concord, CA",theft,0.029789499310822014,0.02327321831490073,0.027664896993061624
12,CA0070400,"Concord, CA",theft,0.018948850558136773,0.012776601292912724,0.027643365533389565
1,CA0071000,"Richmond, CA",theft,-0.042789109977786455,0.022923828568191043,0.028339254323937222
2,CA0071000,"Richmond, CA",theft,-0.09874831863054001,-0.029322969729088377,0.028385530311123144
3,CA0071000,"Richmond, CA",theft,-0.08630062783079621,-0.058683701834277804,0.028420730704196633
4,CA0071000,"Richmond, CA",theft,-0.033476003709148536,-0.06457891376299274,0.028444722252269114
5,CA0071000,"Richmond, CA",theft,0.00180993091596623,-0.04950889947035115,0.028420730704196637
6,CA0071000,"Richmond, CA",theft,0.023230761582622765,-0.002196411763475976,0.028385530311123144
7,CA0071000,"Richmond, CA",theft,0.05336929189175766,0.05007075915131333,0.028339254323937215
8,CA0071000,"Richmond, CA",theft,0.06714888840375174,0.05125454824011362,0.028385530311123144
9,CA0071000,"Richmond, CA",theft,0.044121015690036715,0.007620692625798654,0.028420730704196637
10,CA0071000,"Richmond, CA",theft,0.022895821795177324,-0.00841567395651164,0.028444722252269114
11,CA0071000,"Richmond, CA",theft,0.029789499310822014,0.0275773209593259,0.028420730704196633
12,CA0071000,"Richmond, CA",theft,0.018948850558136773,0.05325942097195514,0.028385530311123144
1,CA0071200,"Walnut Creek, CA",theft,-0.042789109977786455,0.0025085160784209014,0.028721959798456733
2,CA0071200,"Walnut Creek, CA",theft,-0.09874831863054001,-0.04652358941737149,0.028777863289793367
3,CA0071200,"Walnut Creek, CA",theft,-0.08630062783079621,-0.0506675773275422,0.028793805520487305
4,CA0071200,"Walnut Creek, CA",theft,-0.033476003709148536,-0.0330281956330499,0.028813589325702174
5,CA0071200,"Walnut Creek, CA",theft,0.00180993091596623,-0.025808650661781396,0.028793805520487308
6,CA0071200,"Walnut Creek, CA",theft,0.023230761582622765,-0.002732941411636501,0.028777863289793367
7,CA0071200,"Walnut Creek, CA",theft,0.05336929189175766,0.04434011840521296,0.02872195979845673
8,CA0071200,"Walnut Creek, CA",theft,0.06714888840375174,0.057439077825086934,0.028777863289793367
9,CA0071200,"Walnut Creek, CA",theft,0.044121015690036715,0.01473443125162377,0.02879380552048731
10,CA0071200,"Walnut Creek, CA",theft,0.022895821795177324,-0.013820438850583965,0.028813589325702174
11,CA0071200,"Walnut Creek, CA",theft,0.029789499310822014,0.014893162254065938,0.028793805520487305
12,CA0071200,"Walnut Creek, CA",theft,0.018948850558136773,0.03866608748755496,0.028777863289793364
1,CA0090000,"El Dorado, CA",theft,-0.042789109977786455,-0.019064789882472632,0.030317378280459346
2,CA0090000,"El Dorado, CA",theft,-0.09874831863054001,-0.029311760818528893,0.030350791505069582
3,CA0090000,"El Dorado, CA",theft,-0.08630062783079621,-0.028663796810046115,0.03037686279963614
4,CA0090000,"El Dorado, CA",theft,-0.033476003709148536,-0.04120965813322221,0.03036185327560664
5,CA0090000,"El Dorado, CA",theft,0.00180993091596623,-0.046470001533243065,0.030376862799636146
6,CA0090000,"El Dorado, CA",theft,0.023230761582622765,-0.01564486473765429,0.030350791505069582
7,CA0090000,"El Dorado, CA",theft,0.05336929189175766,0.026604196287195136,0.03031737828045934
8,CA0090000,"El Dorado, CA",theft,0.06714888840375174,0.03880650797863169,0.030350791505069582
9,CA0090000,"El Dorado, CA",theft,0.044121015690036715,0.03061913756542636,0.030376862799636146
10,CA0090000,"El Dorado, CA",theft,0.022895821795177324,0.033670251728499696,0.03036185327560664
11,CA0090000,"El Dorado, CA",theft,0.029789499310822014,0.03697525437314027,0.03037686279963614
12,CA0090000,"El Dorado, CA",theft,0.018948850558136773,0.01368952398227406,0.030350791505069582
1,CA0100100,"Clovis, CA",theft,-0.042789109977786455,0.07387818632741334,0.028510659778993138
2,CA0100100,"Clovis, CA",theft,-0.09874831863054001,-0.002100073124303887,0.02852981332524619
3,CA0100100,"Clovis, CA",theft,-0.08630062783079621,-0.053636985235707486,0.02856587612272809
4,CA0100100,"Clovis, CA",theft,-0.033476003709148536,-0.03948216976037081,0.02855792736165552
5,CA0100100,"Clovis, CA",theft,0.00180993091596623,-0.019006589589888538,0.028565876122728092
6,CA0100100,"Clovis, CA",theft,0.023230761582622765,-0.024863762108986998,0.02852981332524619
7,CA0100100,"Clovis, CA",theft,0.05336929189175766,-0.01952625479031332,0.02851065977899313
8,CA0100100,"Clovis, CA",theft,0.06714888840375174,0.002848666116654471,0.02852981332524619
9,CA0100100,"Clovis, CA",theft,0.044121015690036715,3.364669095805324e-5,0.028565876122728092
10,CA0100100,"Clovis, CA",theft,0.022895821795177324,-0.014869761776729204,0.02855792736165552
11,CA0100100,"Clovis, CA",theft,0.029789499310822014,0.018257996597537966,0.02856587612272809
12,CA0100100,"Clovis, CA",theft,0.018948850558136773,0.07846710065373642,0.02852981332524619
1,CA0100500,"Fresno, CA",theft,-0.042789109977786455,0.0239043495182639,0.026054406599829154
2,CA0100500,"Fresno, CA",theft,-0.09874831863054001,-0.04664753883884027,0.026076258991521512
3,CA0100500,"Fresno, CA",theft,-0.08630062783079621,-0.05922006003406309,0.02609091730273935
4,CA0100500,"Fresno, CA",theft,-0.033476003709148536,-0.024019033098913862,0.026097597800982263
5,CA0100500,"Fresno, CA",theft,0.00180993091596623,-0.008314296137755282,0.026090917302739353
6,CA0100500,"Fresno, CA",theft,0.023230761582622765,-0.02036311959051487,0.026076258991521512
7,CA0100500,"Fresno, CA",theft,0.05336929189175766,-0.018647305884231,0.02605440659982915
8,CA0100500,"Fresno, CA",theft,0.06714888840375174,-0.001501618580882059,0.026076258991521512
9,CA0100500,"Fresno, CA",theft,0.044121015690036715,0.005813858980307821,0.026090917302739353
10,CA0100500,"Fresno, CA",theft,0.022895821795177324,0.018761989464880967,0.026097597800982263
11,CA0100500,"Fresno, CA",theft,0.029789499310822014,0.05646345355747762,0.02609091730273935
12,CA0100500,"Fresno, CA",theft,0.018948850558136773,0.07376932064427012,0.026076258991521512
1,CA0150200,"Bakersfield, CA",theft,-0.042789109977786455,0.04858021265997823,0.026348704465364935
2,CA0150200,"Bakersfield, CA",theft,-0.09874831863054001,-0.0025154799352014134,0.026371097561547926
3,CA0150200,"Bakersfield, CA",theft,-0.08630062783079621,-0.01453240899774556,0.026377163399290564
4,CA0150200,"Bakersfield, CA",theft,-0.033476003709148536,-5.755739792544402e-4,0.026384508693058667
5,CA0150200,"Bakersfield, CA",theft,0.00180993091596623,-0.009405959382602403,0.02637716339929057
6,CA0150200,"Bakersfield, CA",theft,0.023230761582622765,-0.0350560032589252,0.026371097561547926
7,CA0150200,"Bakersfield, CA",theft,0.05336929189175766,-0.04109483294562112,0.02634870446536493
8,CA0150200,"Bakersfield, CA",theft,0.06714888840375174,-0.032245655348519815,0.026371097561547926
9,CA0150200,"Bakersfield, CA",theft,0.044121015690036715,-0.027714106000332823,0.02637716339929057
10,CA0150200,"Bakersfield, CA",theft,0.022895821795177324,-0.00690980573510266,0.026384508693058667
11,CA0150200,"Bakersfield, CA",theft,0.029789499310822014,0.04416709466632366,0.026377163399290564
12,CA0150200,"Bakersfield, CA",theft,0.018948850558136773,0.07730251825700356,0.026371097561547926
1,CA0190000,"Los Angeles, CA",theft,-0.042789109977786455,0.016846445788182552,0.025708411518753742
2,CA0190000,"Los Angeles, CA",theft,-0.09874831863054001,-0.034886571974090216,0.025727183498442677
3,CA0190000,"Los Angeles, CA",theft,-0.08630062783079621,-0.03639764081788841,0.025749072642195038
4,CA0190000,"Los Angeles, CA",theft,-0.033476003709148536,-0.009608643606471722,0.02575281299503759
5,CA0190000,"Los Angeles, CA",theft,0.00180993091596623,-0.002541182526504658,0.02574907264219504
6,CA0190000,"Los Angeles, CA",theft,0.023230761582622765,-0.00725605978085205,0.025727183498442677
7,CA0190000,"Los Angeles, CA",theft,0.05336929189175766,-2.2437150413865328e-4,0.02570841151875374
8,CA0190000,"Los Angeles, CA",theft,0.06714888840375174,7.527273708600062e-4,0.025727183498442677
9,CA0190000,"Los Angeles, CA",theft,0.044121015690036715,-0.014358278069385727,0.02574907264219504
10,CA0190000,"Los Angeles, CA",theft,0.022895821795177324,-0.007013430677572182,0.02575281299503759
11,CA0190000,"Los Angeles, CA",theft,0.029789499310822014,0.03667502712973487,0.025749072642195038
12,CA0190000,"Los Angeles, CA",theft,0.018948850558136773,0.058011978668126185,0.025727183498442677
1,CA0190100,"Alhambra, CA",theft,-0.042789109977786455,0.037540610013877485,0.029403965002617986
2,CA0190100,"Alhambra, CA",theft,-0.09874831863054001,-0.010764101611602416,0.02943702986399316
3,CA0190100,"Alhambra, CA",theft,-0.08630062783079621,-0.03808394909149511,0.029453531677033046
4,CA0190100,"Alhambra, CA",theft,-0.033476003709148536,-0.024436783409136537,0.02945738075178503
5,CA0190100,"Alhambra, CA",theft,0.00180993091596623,-0.008758091379751788,0.029453531677033046
6,CA0190100,"Alhambra, CA",theft,0.023230761582622765,-0.013107062363315911,0.02943702986399316
7,CA0190100,"Alhambra, CA",theft,0.05336929189175766,-0.014623995083658862,0.029403965002617983
8,CA0190100,"Alhambra, CA",theft,0.06714888840375174,-0.0034323953842729906,0.02943702986399316
9,CA0190100,"Alhambra, CA",theft,0.044121015690036715,9.70837165401024e-4,0.02945353167703305
10,CA0190100,"Alhambra, CA",theft,0.022895821795177324,0.0015201684789179172,0.02945738075178503
11,CA0190100,"Alhambra, CA",theft,0.029789499310822014,0.022954588375627225,0.029453531677033046
12,CA0190100,"Alhambra, CA",theft,0.018948850558136773,0.05022017428940996,0.02943702986399316
1,CA0190200,"Arcadia, CA",theft,-0.042789109977786455,-4.9711072598347356e-5,0.0303822998947168
2,CA0190200,"Arcadia, CA",theft,-0.09874831863054001,-0.06234761961729629,0.030399347169367444
3,CA0190200,"Arcadia, CA",theft,-0.08630062783079621,-0.050224035226712975,0.030422334495698845
4,CA0190200,"Arcadia, CA",theft,-0.033476003709148536,-0.008435509907164076,0.03041262770436422
5,CA0190200,"Arcadia, CA",theft,0.00180993091596623,-0.020279800694218593,0.03042233449569885
6,CA0190200,"Arcadia, CA",theft,0.023230761582622765,-0.04484446420743589,0.030399347169367444
7,CA0190200,"Arcadia, CA",theft,0.05336929189175766,-0.005269257707650038,0.030382299894716795
8,CA0190200,"Arcadia, CA",theft,0.06714888840375174,0.05204977664960374,0.030399347169367444
9,CA0190200,"Arcadia, CA",theft,0.044121015690036715,0.04524516103926878,0.03042233449569885
10,CA0190200,"Arcadia, CA",theft,0.022895821795177324,0.013754478687412464,0.03041262770436422
11,CA0190200,"Arcadia, CA",theft,0.029789499310822014,0.030577643661911142,0.030422334495698845
12,CA0190200,"Arcadia, CA",theft,0.018948850558136773,0.049823338394880096,0.030399347169367444
1,CA0190600,"Baldwin Park, CA",theft,-0.042789109977786455,-0.02946495136877586,0.03228520947982296
2,CA0190600,"Baldwin Park, CA",theft,-0.09874831863054001,-0.036532019251713704,0.03237028265071924
3,CA0190600,"Baldwin Park, CA",theft,-0.08630062783079621,-0.04056870856720952,0.03233238542960624
4,CA0190600,"Baldwin Park, CA",theft,-0.033476003709148536,-0.017795702885501776,0.03239408799144188
5,CA0190600,"Baldwin Park, CA",theft,0.00180993091596623,0.023947861037099883,0.03233238542960624
6,CA0190600,"Baldwin Park, CA",theft,0.023230761582622765,0.04056009105525127,0.03237028265071924
7,CA0190600,"Baldwin Park, CA",theft,0.05336929189175766,0.02188301429072851,0.032285209479822954
8,CA0190600,"Baldwin Park, CA",theft,0.06714888840375174,0.008613057863106262,0.03237028265071924
9,CA0190600,"Baldwin Park, CA",theft,0.044121015690036715,0.020231684256649396,0.032332385429606245
10,CA0190600,"Baldwin Park, CA",theft,0.022895821795177324,0.025377639963549137,0.03239408799144188
11,CA0190600,"Baldwin Park, CA",theft,0.029789499310822014,0.003971100351507555,0.03233238542960624
12,CA0190600,"Baldwin Park, CA",theft,0.018948850558136773,-0.020223066744691164,0.03237028265071924
1,CA0191200,"Burbank, CA",theft,-0.042789109977786455,0.034996596806217695,0.02803294148841876
2,CA0191200,"Burbank, CA",theft,-0.09874831863054001,-0.016508638036791798,0.02804829695446734
3,CA0191200,"Burbank, CA",theft,-0.08630062783079621,-0.037819257047800627,0.02809074668764944
4,CA0191200,"Burbank, CA",theft,-0.033476003709148536,-0.022220655874399045,0.02809607793505841
5,CA0191200,"Burbank, CA",theft,0.00180993091596623,-0.01125502724985871,0.028090746687649448
6,CA0191200,"Burbank, CA",theft,0.023230761582622765,-0.005951251491858087,0.02804829695446734
7,CA0191200,"Burbank, CA",theft,0.05336929189175766,0.014447928858005887,0.028032941488418756
8,CA0191200,"Burbank, CA",theft,0.06714888840375174,0.024469266410786235,0.028048296954467342
9,CA0191200,"Burbank, CA",theft,0.044121015690036715,-0.0036646402424285536,0.028090746687649448
10,CA0191200,"Burbank, CA",theft,0.022895821795177324,-0.027223869789824537,0.02809607793505841
11,CA0191200,"Burbank, CA",theft,0.029789499310822014,0.003294398875864291,0.028090746687649444
12,CA0191200,"Burbank, CA",theft,0.018948850558136773,0.04743514878208725,0.02804829695446734
1,CA0192200,"El Monte, CA",theft,-0.042789109977786455,-0.023320928053715825,0.029752395305160644
2,CA0192200,"El Monte, CA",theft,-0.09874831863054001,-0.06256508341041539,0.029787764987610037
3,CA0192200,"El Monte, CA",theft,-0.08630062783079621,-0.08898847360134253,0.029809069282899375
4,CA0192200,"El Monte, CA",theft,-0.033476003709148536,-0.06825421316171223,0.02980427010453317
5,CA0192200,"El Monte, CA",theft,0.00180993091596623,-0.0017303922477383859,0.029809069282899378
6,CA0192200,"El Monte, CA",theft,0.023230761582622765,0.04216749751068001,0.029787764987610037
7,CA0192200,"El Monte, CA",theft,0.05336929189175766,0.023932013049895656,0.02975239530516064
8,CA0192200,"El Monte, CA",theft,0.06714888840375174,-0.0011838473891401522,0.029787764987610037
9,CA0192200,"El Monte, CA",theft,0.044121015690036715,0.024628457805607122,0.02980906928289938
10,CA0192200,"El Monte, CA",theft,0.022895821795177324,0.0676431281655324,0.02980427010453317
11,CA0192200,"El Monte, CA",theft,0.029789499310822014,0.06547932304729391,0.029809069282899375
12,CA0192200,"El Monte, CA",theft,0.018948850558136773,0.02219251828505541,0.029787764987610037
1,CA0192400,"Gardena, CA",theft,-0.042789109977786455,-0.0027473985349226156,0.030794762511199638
2,CA0192400,"Gardena, CA",theft,-0.09874831863054001,-0.039758812777293734,0.0308224079040937
3,CA0192400,"Gardena, CA",theft,-0.08630062783079621,-0.03458508229509377,0.03081772979566026
4,CA0192400,"Gardena, CA",theft,-0.033476003709148536,-0.0049469266840419775,0.03080980802905915
5,CA0192400,"Gardena, CA",theft,0.00180993091596623,-0.0026773849133820324,0.030817729795660262
6,CA0192400,"Gardena, CA",theft,0.023230761582622765,-0.025923070993152015,0.0308224079040937
7,CA0192400,"Gardena, CA",theft,0.05336929189175766,-0.02740146710113402,0.03079476251119963
8,CA0192400,"Gardena, CA",theft,0.06714888840375174,0.0018573046493805421,0.0308224079040937
9,CA0192400,"Gardena, CA",theft,0.044121015690036715,0.026832439803237185,0.030817729795660262
10,CA0192400,"Gardena, CA",theft,0.022895821795177324,0.03509579232009862,0.03080980802905915
11,CA0192400,"Gardena, CA",theft,0.029789499310822014,0.04057889304129522,0.03081772979566026
12,CA0192400,"Gardena, CA",theft,0.018948850558136773,0.033675713485008585,0.030822407904093695
1,CA0194100,"Long Beach, CA",theft,-0.042789109977786455,0.03263891244944154,0.02636061651872274
2,CA0194100,"Long Beach, CA",theft,-0.09874831863054001,-0.030655458712491323,0.02638284296327913
3,CA0194100,"Long Beach, CA",theft,-0.08630062783079621,-0.05389070469275516,0.026397894339020865
4,CA0194100,"Long Beach, CA",theft,-0.033476003709148536,-0.01932870369837955,0.026397816136672254
5,CA0194100,"Long Beach, CA",theft,0.00180993091596623,0.012304834689520868,0.02639789433902087
6,CA0194100,"Long Beach, CA",theft,0.023230761582622765,-0.0024399277497774486,0.02638284296327913
7,CA0194100,"Long Beach, CA",theft,0.05336929189175766,-0.031884741125062774,0.026360616518722735
8,CA0194100,"Long Beach, CA",theft,0.06714888840375174,-0.03344228017872384,0.02638284296327913
9,CA0194100,"Long Beach, CA",theft,0.044121015690036715,-0.010961205522838803,0.02639789433902087
10,CA0194100,"Long Beach, CA",theft,0.022895821795177324,0.018574532374000783,0.026397816136672254
11,CA0194100,"Long Beach, CA",theft,0.029789499310822014,0.051792904201694315,0.026397894339020865
12,CA0194100,"Long Beach, CA",theft,0.018948850558136773,0.0672918379653714,0.02638284296327913
1,CA0194200,"Los Angeles, CA",theft,-0.042789109977786455,0.00768333313181444,0.025610592970924908
2,CA0194200,"Los Angeles, CA",theft,-0.09874831863054001,-0.03256876274110847,0.02562995239914904
3,CA0194200,"Los Angeles, CA",theft,-0.08630062783079621,-0.03805937554658652,0.025652880626054697
4,CA0194200,"Los Angeles, CA",theft,-0.033476003709148536,-0.01868166569238233,0.02565800538559143
5,CA0194200,"Los Angeles, CA",theft,0.00180993091596623,-0.0089069647720022415,0.0256528806260547
6,CA0194200,"Los Angeles, CA",theft,0.023230761582622765,-0.004993996921740745,0.02562995239914904
7,CA0194200,"Los Angeles, CA",theft,0.05336929189175766,0.009861887946705351,0.025610592970924904
8,CA0194200,"Los Angeles, CA",theft,0.06714888840375174,0.01889767176865674,0.02562995239914904
9,CA0194200,"Los Angeles, CA",theft,0.044121015690036715,0.006843063495614967,0.025652880626054704
10,CA0194200,"Los Angeles, CA",theft,0.022895821795177324,0.0011364446138625256,0.02565800538559143
11,CA0194200,"Los Angeles, CA",theft,0.029789499310822014,0.022578055744453974,0.025652880626054697
12,CA0194200,"Los Angeles, CA",theft,0.018948850558136773,0.03621030897271231,0.02562995239914904
1,CA0194800,"Monterey Park, CA",theft,-0.042789109977786455,0.03407057654986679,0.031213980729306152
2,CA0194800,"Monterey Park, CA",theft,-0.09874831863054001,-0.027853779400407546,0.031246925316226377
3,CA0194800,"Monterey Park, CA",theft,-0.08630062783079621,-0.04590041291347674,0.03125698399061846
4,CA0194800,"Monterey Park, CA",theft,-0.033476003709148536,-0.012545901413399079,0.031271863007747744
5,CA0194800,"Monterey Park, CA",theft,0.00180993091596623,-0.002027019873884619,0.031256983990618464
6,CA0194800,"Monterey Park, CA",theft,0.023230761582622765,-0.025029401469891095,0.031246925316226377
7,CA0194800,"Monterey Park, CA",theft,0.05336929189175766,-0.020307146703553897,0.03121398072930615
8,CA0194800,"Monterey Park, CA",theft,0.06714888840375174,0.013703762468243721,0.031246925316226377
9,CA0194800,"Monterey Park, CA",theft,0.044121015690036715,0.017986966134999987,0.031256983990618464
10,CA0194800,"Monterey Park, CA",theft,0.022895821795177324,-0.0012175284329138136,0.031271863007747744
11,CA0194800,"Monterey Park, CA",theft,0.029789499310822014,0.01617703680604846,0.03125698399061846
12,CA0194800,"Monterey Park, CA",theft,0.018948850558136773,0.052942848248367834,0.031246925316226377
1,CA0195300,"Pasadena, CA",theft,-0.042789109977786455,0.005400352997448333,0.02805011443653481
2,CA0195300,"Pasadena, CA",theft,-0.09874831863054001,-0.05159742047214508,0.028086936130389657
3,CA0195300,"Pasadena, CA",theft,-0.08630062783079621,-0.03808324837612103,0.028080648242826522
4,CA0195300,"Pasadena, CA",theft,-0.033476003709148536,0.005259637226128083,0.028095523099347305
5,CA0195300,"Pasadena, CA",theft,0.00180993091596623,0.0011823715531974375,0.028080648242826526
6,CA0195300,"Pasadena, CA",theft,0.023230761582622765,-0.029082819153109726,0.028086936130389657
7,CA0195300,"Pasadena, CA",theft,0.05336929189175766,-0.02246685058823603,0.028050114436534806
8,CA0195300,"Pasadena, CA",theft,0.06714888840375174,0.005364579288150862,0.02808693613038966
9,CA0195300,"Pasadena, CA",theft,0.044121015690036715,0.008916904782914448,0.028080648242826526
10,CA0195300,"Pasadena, CA",theft,0.022895821795177324,0.011806860364659609,0.028095523099347305
11,CA0195300,"Pasadena, CA",theft,0.029789499310822014,0.045050469630796786,0.028080648242826522
12,CA0195300,"Pasadena, CA",theft,0.018948850558136773,0.058249162746316294,0.028086936130389657
1,CA0195500,"Pomona, CA",theft,-0.042789109977786455,0.03682465394638556,0.027661354284525368
2,CA0195500,"Pomona, CA",theft,-0.09874831863054001,-0.017415216700952498,0.02769601234134051
3,CA0195500,"Pomona, CA",theft,-0.08630062783079621,-0.06207040160011904,0.027701342394198216
4,CA0195500,"Pomona, CA",theft,-0.033476003709148536,-0.041457236237774066,0.027725658371137458
5,CA0195500,"Pomona, CA",theft,0.00180993091596623,0.0068264852043757145,0.02770134239419822
6,CA0195500,"Pomona, CA",theft,0.023230761582622765,0.013224735931977186,0.02769601234134051
7,CA0195500,"Pomona, CA",theft,0.05336929189175766,-0.013382792607590555,0.027661354284525364
8,CA0195500,"Pomona, CA",theft,0.06714888840375174,-0.017828508765193648,0.02769601234134051
9,CA0195500,"Pomona, CA",theft,0.044121015690036715,0.003384814795177858,0.02770134239419822
10,CA0195500,"Pomona, CA",theft,0.022895821795177324,0.01801537489897908,0.027725658371137458
11,CA0195500,"Pomona, CA",theft,0.029789499310822014,0.028417240261770452,0.027701342394198216
12,CA0195500,"Pomona, CA",theft,0.018948850558136773,0.04546085087296397,0.027696012341340507
1,CA0196500,"Santa Monica, CA",theft,-0.042789109977786455,-0.05163693580408096,0.02743449956633282
2,CA0196500,"Santa Monica, CA",theft,-0.09874831863054001,-0.07000909416134261,0.027468896288783518
3,CA0196500,"Santa Monica, CA",theft,-0.08630062783079621,-0.05932156057286625,0.027492406955462782
4,CA0196500,"Santa Monica, CA",theft,-0.033476003709148536,-0.03463916871340924,0.02748783885350893
5,CA0196500,"Santa Monica, CA",theft,0.00180993091596623,-0.022461987503356918,0.027492406955462786
6,CA0196500,"Santa Monica, CA",theft,0.023230761582622765,-0.0023754345073031253,0.027468896288783518
7,CA0196500,"Santa Monica, CA",theft,0.05336929189175766,0.05161069280538596,0.02743449956633281
8,CA0196500,"Santa Monica, CA",theft,0.06714888840375174,0.10136301251625837,0.027468896288783518
9,CA0196500,"Santa Monica, CA",theft,0.044121015690036715,0.09070172192647699,0.027492406955462786
10,CA0196500,"Santa Monica, CA",theft,0.022895821795177324,0.034665411712104244,0.02748783885350893
11,CA0196500,"Santa Monica, CA",theft,0.029789499310822014,-0.008891930851558868,0.027492406955462782
12,CA0196500,"Santa Monica, CA",theft,0.018948850558136773,-0.02900472684630759,0.027468896288783518
1,CA0197200,"Torrance, CA",theft,-0.042789109977786455,0.03501900630128292,0.027919783843534662
2,CA0197200,"Torrance, CA",theft,-0.09874831863054001,-0.03573991048177806,0.02794438761833163
3,CA0197200,"Torrance, CA",theft,-0.08630062783079621,-0.06101270507694679,0.027958039453760897
4,CA0197200,"Torrance, CA",theft,-0.033476003709148536,-0.034890401976985605,0.02797253745375487
5,CA0197200,"Torrance, CA",theft,0.00180993091596623,-0.009419352501192762,0.0279580394537609
6,CA0197200,"Torrance, CA",theft,0.023230761582622765,-0.0077705640644650945,0.02794438761833163
7,CA0197200,"Torrance, CA",theft,0.05336929189175766,-0.0112484602769314,0.02791978384353466
8,CA0197200,"Torrance, CA",theft,0.06714888840375174,-0.011275705086356873,0.02794438761833163
9,CA0197200,"Torrance, CA",theft,0.044121015690036715,-0.009773456515539725,0.0279580394537609
10,CA0197200,"Torrance, CA",theft,0.022895821795177324,0.011119855952634065,0.02797253745375487
11,CA0197200,"Torrance, CA",theft,0.029789499310822014,0.05643496806932771,0.027958039453760897
12,CA0197200,"Torrance, CA",theft,0.018948850558136773,0.0785567256569516,0.027944387618331627
1,CA0197500,"West Covina, CA",theft,-0.042789109977786455,-0.023006627079165513,0.02884486407771897
2,CA0197500,"West Covina, CA",theft,-0.09874831863054001,-0.05764407016122901,0.02884630760903414
3,CA0197500,"West Covina, CA",theft,-0.08630062783079621,-0.03207521221447934,0.028853109117069814
4,CA0197500,"West Covina, CA",theft,-0.033476003709148536,-0.01742080394355,0.02885151748965137
5,CA0197500,"West Covina, CA",theft,0.00180993091596623,-0.03337305865064206,0.028853109117069817
6,CA0197500,"West Covina, CA",theft,0.023230761582622765,-0.033086925979956924,0.02884630760903414
7,CA0197500,"West Covina, CA",theft,0.05336929189175766,-0.010359564163555691,0.028844864077718968
8,CA0197500,"West Covina, CA",theft,0.06714888840375174,-0.001638534413444859,0.02884630760903414
9,CA0197500,"West Covina, CA",theft,0.044121015690036715,0.006158798882526607,0.02885310911706982
10,CA0197500,"West Covina, CA",theft,0.022895821795177324,0.05078699518627118,0.02885151748965137
11,CA0197500,"West Covina, CA",theft,0.029789499310822014,0.09265566322531593,0.028853109117069814
12,CA0197500,"West Covina, CA",theft,0.018948850558136773,0.05900333931190968,0.02884630760903414
1,CA0200200,"Madera, CA",theft,-0.042789109977786455,-0.021499510212261392,0.03175052568561666
2,CA0200200,"Madera, CA",theft,-0.09874831863054001,-0.10658403227921025,0.031821924319945426
3,CA0200200,"Madera, CA",theft,-0.08630062783079621,-0.0976773634193166,0.03178999335160738
4,CA0200200,"Madera, CA",theft,-0.033476003709148536,-0.014650858054661368,0.03183073849090908
5,CA0200200,"Madera, CA",theft,0.00180993091596623,0.024972040728847945,0.031789993351607385
6,CA0200200,"Madera, CA",theft,0.023230761582622765,0.004596007360151365,0.031821924319945426
7,CA0200200,"Madera, CA",theft,0.05336929189175766,0.006854548162150457,0.03175052568561666
8,CA0200200,"Madera, CA",theft,0.06714888840375174,0.04248131893891508,0.031821924319945426
9,CA0200200,"Madera, CA",theft,0.044121015690036715,0.04821961212913234,0.031789993351607385
10,CA0200200,"Madera, CA",theft,0.022895821795177324,0.02929582010477231,0.03183073849090908
11,CA0200200,"Madera, CA",theft,0.029789499310822014,0.039130672611447204,0.03178999335160738
12,CA0200200,"Madera, CA",theft,0.018948850558136773,0.044861743930032894,0.031821924319945426
1,CA0210600,"Novato, CA",theft,-0.042789109977786455,0.002207556415572125,0.03289227207790876
2,CA0210600,"Novato, CA",theft,-0.09874831863054001,-0.05475823692809165,0.03288155813932401
3,CA0210600,"Novato, CA",theft,-0.08630062783079621,-0.008763744152425576,0.03294348367255131
4,CA0210600,"Novato, CA",theft,-0.033476003709148536,0.05349553609281997,0.032890388087059054
5,CA0210600,"Novato, CA",theft,0.00180993091596623,0.01667191293176974,0.032943483672551316
6,CA0210600,"Novato, CA",theft,0.023230761582622765,-0.04067746400177607,0.03288155813932401
7,CA0210600,"Novato, CA",theft,0.05336929189175766,-0.008059551503168012,0.03289227207790876
8,CA0210600,"Novato, CA",theft,0.06714888840375174,0.03923739643427589,0.03288155813932401
9,CA0210600,"Novato, CA",theft,0.044121015690036715,-9.051012537943101e-4,0.032943483672551316
10,CA0210600,"Novato, CA",theft,0.022895821795177324,-0.047643541005224097,0.032890388087059054
11,CA0210600,"Novato, CA",theft,0.029789499310822014,-0.0011510724379539745,0.03294348367255131
12,CA0210600,"Novato, CA",theft,0.018948850558136773,0.05034630940799596,0.03288155813932401
1,CA0210900,"San Rafael, CA",theft,-0.042789109977786455,0.031249297221271857,0.030094629459878387
2,CA0210900,"San Rafael, CA",theft,-0.09874831863054001,-0.023651869504975,0.030152216884681667
3,CA0210900,"San Rafael, CA",theft,-0.08630062783079621,-0.01993554594000954,0.030164827268025697
4,CA0210900,"San Rafael, CA",theft,-0.033476003709148536,-0.008878266969136708,0.030186517175181105
5,CA0210900,"San Rafael, CA",theft,0.00180993091596623,-0.029332387984537696,0.0301648272680257
6,CA0210900,"San Rafael, CA",theft,0.023230761582622765,-0.026379990770830655,0.030152216884681667
7,CA0210900,"San Rafael, CA",theft,0.05336929189175766,0.016687732137259763,0.030094629459878383
8,CA0210900,"San Rafael, CA",theft,0.06714888840375174,0.021347395632063733,0.030152216884681667
9,CA0210900,"San Rafael, CA",theft,0.044121015690036715,-0.03030595729143335,0.030164827268025704
10,CA0210900,"San Rafael, CA",theft,0.022895821795177324,-0.039058762389394916,0.030186517175181105
11,CA0210900,"San Rafael, CA",theft,0.029789499310822014,0.031636861857448954,0.0301648272680257
12,CA0210900,"San Rafael, CA",theft,0.018948850558136773,0.07662149400227357,0.030152216884681667
1,CA0240600,"Merced, CA",theft,-0.042789109977786455,-0.04649458759584584,0.0288601072047449
2,CA0240600,"Merced, CA",theft,-0.09874831863054001,-0.10222174799396466,0.028887518479185383
3,CA0240600,"Merced, CA",theft,-0.08630062783079621,-0.07897977912991504,0.02891604854683363
4,CA0240600,"Merced, CA",theft,-0.033476003709148536,-0.019067508057451263,0.028922451610055668
5,CA0240600,"Merced, CA",theft,0.00180993091596623,0.0089330353731448,0.028916048546833634
6,CA0240600,"Merced, CA",theft,0.023230761582622765,0.02339415615301387,0.028887518479185383
7,CA0240600,"Merced, CA",theft,0.05336929189175766,0.058411550436489434,0.028860107204744898
8,CA0240600,"Merced, CA",theft,0.06714888840375174,0.0743653965776399,0.028887518479185383
9,CA0240600,"Merced, CA",theft,0.044121015690036715,0.039206464872946656,0.028916048546833637
10,CA0240600,"Merced, CA",theft,0.022895821795177324,0.0071505452168076555,0.028922451610055668
11,CA0240600,"Merced, CA",theft,0.029789499310822014,0.018923316043179945,0.02891604854683363
12,CA0240600,"Merced, CA",theft,0.018948850558136773,0.016379158103954555,0.028887518479185383
1,CA0270000,"Monterey, CA",theft,-0.042789109977786455,-0.04842759322209157,0.03205406648874477
2,CA0270000,"Monterey, CA",theft,-0.09874831863054001,-0.1058551578524611,0.03209818542884052
3,CA0270000,"Monterey, CA",theft,-0.08630062783079621,-0.06017233852826223,0.032115776784027786
4,CA0270000,"Monterey, CA",theft,-0.033476003709148536,0.009951462403083089,0.032129422344829614
5,CA0270000,"Monterey, CA",theft,0.00180993091596623,0.0055887535093513485,0.032115776784027786
6,CA0270000,"Monterey, CA",theft,0.023230761582622765,-0.0050126253640181565,0.03209818542884052
7,CA0270000,"Monterey, CA",theft,0.05336929189175766,0.05819927591054863,0.032054066488744766
8,CA0270000,"Monterey, CA",theft,0.06714888840375174,0.10763133981224812,0.03209818542884052
9,CA0270000,"Monterey, CA",theft,0.044121015690036715,0.05217683779959219,0.032115776784027786
10,CA0270000,"Monterey, CA",theft,0.022895821795177324,-0.019723145091540148,0.032129422344829614
11,CA0270000,"Monterey, CA",theft,0.029789499310822014,-0.007364935469138409,0.032115776784027786
12,CA0270000,"Monterey, CA",theft,0.018948850558136773,0.013008126092688236,0.03209818542884051
1,CA0280200,"Napa, CA",theft,-0.042789109977786455,0.015712702462694166,0.030909147926032218
2,CA0280200,"Napa, CA",theft,-0.09874831863054001,-0.0669187867990101,0.030935507867641755
3,CA0280200,"Napa, CA",theft,-0.08630062783079621,-0.06448358713153644,0.030952939139840648
4,CA0280200,"Napa, CA",theft,-0.033476003709148536,0.0235720236619081,0.030930033302332904
5,CA0280200,"Napa, CA",theft,0.00180993091596623,0.045718021709689693,0.03095293913984065
6,CA0280200,"Napa, CA",theft,0.023230761582622765,-0.020150804536196793,0.030935507867641755
7,CA0280200,"Napa, CA",theft,0.05336929189175766,-0.03599170821270449,0.03090914792603221
8,CA0280200,"Napa, CA",theft,0.06714888840375174,0.02603370855118146,0.030935507867641755
9,CA0280200,"Napa, CA",theft,0.044121015690036715,0.04387751463371813,0.030952939139840655
10,CA0280200,"Napa, CA",theft,0.022895821795177324,-0.003293017911897745,0.030930033302332904
11,CA0280200,"Napa, CA",theft,0.029789499310822014,-0.004832943461861057,0.030952939139840648
12,CA0280200,"Napa, CA",theft,0.018948850558136773,0.040756877034015086,0.030935507867641755
1,CA0300100,"Anaheim, CA",theft,-0.042789109977786455,0.02826779573314834,0.026591852635893348
2,CA0300100,"Anaheim, CA",theft,-0.09874831863054001,-0.025982997697849612,0.026614911227293196
3,CA0300100,"Anaheim, CA",theft,-0.08630062783079621,-0.0424110919486132,0.026631313952611785
4,CA0300100,"Anaheim, CA",theft,-0.033476003709148536,-0.016452887409677708,0.026644886587927845
5,CA0300100,"Anaheim, CA",theft,0.00180993091596623,-0.005500446100691426,0.02663131395261179
6,CA0300100,"Anaheim, CA",theft,0.023230761582622765,-0.017089112276534174,0.026614911227293196
7,CA0300100,"Anaheim, CA",theft,0.05336929189175766,-0.009123404923179848,0.026591852635893344
8,CA0300100,"Anaheim, CA",theft,0.06714888840375174,0.013855584181459558,0.026614911227293196
9,CA0300100,"Anaheim, CA",theft,0.044121015690036715,0.011139287622254633,0.026631313952611792
10,CA0300100,"Anaheim, CA",theft,0.022895821795177324,-0.0026915034002907784,0.026644886587927845
11,CA0300100,"Anaheim, CA",theft,0.029789499310822014,0.01762785961708149,0.02663131395261179
12,CA0300100,"Anaheim, CA",theft,0.018948850558136773,0.04836091660289273,0.026614911227293193
1,CA0300300,"Buena Park, CA",theft,-0.042789109977786455,-0.0059181480915045815,0.028748439576331292
2,CA0300300,"Buena Park, CA",theft,-0.09874831863054001,-0.026953596400091345,0.028789065435226045
3,CA0300300,"Buena Park, CA",theft,-0.08630062783079621,-0.025074435122728576,0.028810705521712776
4,CA0300300,"Buena Park, CA",theft,-0.033476003709148536,-0.02980251877756397,0.02880769478005588
5,CA0300300,"Buena Park, CA",theft,0.00180993091596623,-0.031949460813967566,0.02881070552171278
6,CA0300300,"Buena Park, CA",theft,0.023230761582622765,-0.00562226249699215,0.028789065435226045
7,CA0300300,"Buena Park, CA",theft,0.05336929189175766,0.02391522831478378,0.02874843957633129
8,CA0300300,"Buena Park, CA",theft,0.06714888840375174,0.016843348906140053,0.028789065435226045
9,CA0300300,"Buena Park, CA",theft,0.044121015690036715,-0.003032892594501924,0.02881070552171278
10,CA0300300,"Buena Park, CA",theft,0.022895821795177324,0.011805438554284764,0.02880769478005588
11,CA0300300,"Buena Park, CA",theft,0.029789499310822014,0.042059708307918844,0.028810705521712776
12,CA0300300,"Buena Park, CA",theft,0.018948850558136773,0.033729590214222685,0.028789065435226045
1,CA0300700,"Fountain Valley, CA",theft,-0.042789109977786455,-0.03557272448672456,0.030695717998562633
2,CA0300700,"Fountain Valley, CA",theft,-0.09874831863054001,-0.0667315780686123,0.03073053322888972
3,CA0300700,"Fountain Valley, CA",theft,-0.08630062783079621,-0.0388390068592421,0.030767775104788564
4,CA0300700,"Fountain Valley, CA",theft,-0.033476003709148536,-0.007907612063581189,0.030746147338442956
5,CA0300700,"Fountain Valley, CA",theft,0.00180993091596623,-0.0017007248449987555,0.030767775104788567
6,CA0300700,"Fountain Valley, CA",theft,0.023230761582622765,0.015449367102302316,0.03073053322888972
7,CA0300700,"Fountain Valley, CA",theft,0.05336929189175766,0.044095192903481475,0.03069571799856263
8,CA0300700,"Fountain Valley, CA",theft,0.06714888840375174,0.03611084400157932,0.03073053322888972
9,CA0300700,"Fountain Valley, CA",theft,0.044121015690036715,-3.041956245478183e-4,0.030767775104788567
10,CA0300700,"Fountain Valley, CA",theft,0.022895821795177324,-6.148563531757341e-4,0.030746147338442956
11,CA0300700,"Fountain Valley, CA",theft,0.029789499310822014,0.03232145891203172,0.030767775104788564
12,CA0300700,"Fountain Valley, CA",theft,0.018948850558136773,0.023693835381487637,0.03073053322888972
1,CA0300800,"Fullerton, CA",theft,-0.042789109977786455,0.016996156646182408,0.027874049210381332
2,CA0300800,"Fullerton, CA",theft,-0.09874831863054001,-0.03110587239263928,0.027904617844825994
3,CA0300800,"Fullerton, CA",theft,-0.08630062783079621,-0.02910135617938466,0.02790069708193074
4,CA0300800,"Fullerton, CA",theft,-0.033476003709148536,0.00964795713775476,0.02791317417622498
5,CA0300800,"Fullerton, CA",theft,0.00180993091596623,0.004038653403043574,0.027900697081930742
6,CA0300800,"Fullerton, CA",theft,0.023230761582622765,-0.04107094774303022,0.027904617844825994
7,CA0300800,"Fullerton, CA",theft,0.05336929189175766,-0.04287149529376276,0.02787404921038133
8,CA0300800,"Fullerton, CA",theft,0.06714888840375174,0.005235186054867004,0.027904617844825994
9,CA0300800,"Fullerton, CA",theft,0.044121015690036715,0.029106008489192706,0.027900697081930742
10,CA0300800,"Fullerton, CA",theft,0.022895821795177324,0.016227381509825615,0.02791317417622498
11,CA0300800,"Fullerton, CA",theft,0.029789499310822014,0.021832032934728716,0.02790069708193074
12,CA0300800,"Fullerton, CA",theft,0.018948850558136773,0.041066295433222134,0.027904617844825994
1,CA0301400,"Newport Beach, CA",theft,-0.042789109977786455,-0.04074232827841037,0.029522271187187664
2,CA0301400,"Newport Beach, CA",theft,-0.09874831863054001,-0.10178628676580262,0.029581441664034175
3,CA0301400,"Newport Beach, CA",theft,-0.08630062783079621,-0.084118540938616,0.02959461849785332
4,CA0301400,"Newport Beach, CA",theft,-0.033476003709148536,-0.037989853976050786,0.029615745471843948
5,CA0301400,"Newport Beach, CA",theft,0.00180993091596623,-0.014757816618428947,0.029594618497853324
6,CA0301400,"Newport Beach, CA",theft,0.023230761582622765,0.016599949527625515,0.029581441664034175
7,CA0301400,"Newport Beach, CA",theft,0.05336929189175766,0.06831645199091071,0.02952227118718766
8,CA0301400,"Newport Beach, CA",theft,0.06714888840375174,0.07919408189327692,0.029581441664034175
9,CA0301400,"Newport Beach, CA",theft,0.044121015690036715,0.033952212353589944,0.029594618497853324
10,CA0301400,"Newport Beach, CA",theft,0.022895821795177324,0.01041573026355043,0.029615745471843948
11,CA0301400,"Newport Beach, CA",theft,0.029789499310822014,0.037350021490954614,0.02959461849785332
12,CA0301400,"Newport Beach, CA",theft,0.018948850558136773,0.0335663790574006,0.029581441664034175
1,CA0302200,"Tustin, CA",theft,-0.042789109977786455,0.029348660223060596,0.02912643516726572
2,CA0302200,"Tustin, CA",theft,-0.09874831863054001,-0.021334717242149845,0.029180954122275372
3,CA0302200,"Tustin, CA",theft,-0.08630062783079621,-0.028516244384808986,0.029210306917680336
4,CA0302200,"Tustin, CA",theft,-0.033476003709148536,0.01373862373591174,0.02923000460026639
5,CA0302200,"Tustin, CA",theft,0.00180993091596623,0.0283125539519045,0.02921030691768034
6,CA0302200,"Tustin, CA",theft,0.023230761582622765,0.009502942155336055,0.029180954122275372
7,CA0302200,"Tustin, CA",theft,0.05336929189175766,0.0143594387187213,0.029126435167265718
8,CA0302200,"Tustin, CA",theft,0.06714888840375174,0.027380006021951238,0.029180954122275376
9,CA0302200,"Tustin, CA",theft,0.044121015690036715,-0.00914656577717151,0.02921030691768034
10,CA0302200,"Tustin, CA",theft,0.022895821795177324,-0.05744672267769363,0.02923000460026639
11,CA0302200,"Tustin, CA",theft,0.029789499310822014,-0.034357842731705876,0.029210306917680336
12,CA0302200,"Tustin, CA",theft,0.018948850558136773,0.02815986800664442,0.029180954122275372
1,CA0302400,"Westminster, CA",theft,-0.042789109977786455,-0.018341794883648566,0.02848563804977325
2,CA0302400,"Westminster, CA",theft,-0.09874831863054001,-0.04494912486557143,0.02851384982024096
3,CA0302400,"Westminster, CA",theft,-0.08630062783079621,-0.02808345509906846,0.028548116780226156
4,CA0302400,"Westminster, CA",theft,-0.033476003709148536,-0.007535237985075856,0.02854411685424536
5,CA0302400,"Westminster, CA",theft,0.00180993091596623,-0.0023793298752675914,0.02854811678022616
6,CA0302400,"Westminster, CA",theft,0.023230761582622765,0.01618865641118269,0.02851384982024096
7,CA0302400,"Westminster, CA",theft,0.05336929189175766,0.04274487401068004,0.028485638049773245
8,CA0302400,"Westminster, CA",theft,0.06714888840375174,0.031055550377260207,0.02851384982024096
9,CA0302400,"Westminster, CA",theft,0.044121015690036715,-0.010213198516274289,0.02854811678022616
10,CA0302400,"Westminster, CA",theft,0.022895821795177324,-0.016867841141955647,0.02854411685424536
11,CA0302400,"Westminster, CA",theft,0.029789499310822014,0.016272904363578814,0.028548116780226156
12,CA0302400,"Westminster, CA",theft,0.018948850558136773,0.022107997204160075,0.02851384982024096
1,CA0302500,"Yorba Linda, CA",theft,-0.042789109977786455,0.0017034074390067985,0.034036388571705316
2,CA0302500,"Yorba Linda, CA",theft,-0.09874831863054001,-0.016166993483723975,0.034160675176920056
3,CA0302500,"Yorba Linda, CA",theft,-0.08630062783079621,-0.014772526218296592,0.03410376792221856
4,CA0302500,"Yorba Linda, CA",theft,-0.033476003709148536,0.016968135169531946,0.0341302153732719
5,CA0302500,"Yorba Linda, CA",theft,0.00180993091596623,0.02528403000424604,0.034103767922218566
6,CA0302500,"Yorba Linda, CA",theft,0.023230761582622765,-0.005656004117143109,0.034160675176920056
7,CA0302500,"Yorba Linda, CA",theft,0.05336929189175766,-0.018350300851379564,0.03403638857170531
8,CA0302500,"Yorba Linda, CA",theft,0.06714888840375174,0.010298677340661642,0.03416067517692006
9,CA0302500,"Yorba Linda, CA",theft,0.044121015690036715,0.02555110348760703,0.034103767922218566
10,CA0302500,"Yorba Linda, CA",theft,0.022895821795177324,-3.212417571591495e-4,0.0341302153732719
11,CA0302500,"Yorba Linda, CA",theft,0.029789499310822014,-0.01941571386118371,0.03410376792221856
12,CA0302500,"Yorba Linda, CA",theft,0.018948850558136773,-0.005122573152167359,0.034160675176920056
1,CA0302600,"Irvine, CA",theft,-0.042789109977786455,0.002133614349256248,0.027281272811086124
2,CA0302600,"Irvine, CA",theft,-0.09874831863054001,-0.06704992336654585,0.02730222439940112
3,CA0302600,"Irvine, CA",theft,-0.08630062783079621,-0.056883100384812556,0.02732491447437659
4,CA0302600,"Irvine, CA",theft,-0.033476003709148536,-0.010920088347952862,0.027324172220810048
5,CA0302600,"Irvine, CA",theft,0.00180993091596623,-0.004080981198631985,0.02732491447437659
6,CA0302600,"Irvine, CA",theft,0.023230761582622765,-0.01242100895600777,0.02730222439940112
7,CA0302600,"Irvine, CA",theft,0.05336929189175766,0.00956441993079682,0.02728127281108612
8,CA0302600,"Irvine, CA",theft,0.06714888840375174,0.025925246607017477,0.027302224399401123
9,CA0302600,"Irvine, CA",theft,0.044121015690036715,0.004060389345231077,0.027324914474376596
10,CA0302600,"Irvine, CA",theft,0.022895821795177324,-7.779459321002115e-4,0.027324172220810048
11,CA0302600,"Irvine, CA",theft,0.029789499310822014,0.04520565795816035,0.02732491447437659
12,CA0302600,"Irvine, CA",theft,0.018948850558136773,0.06524371999558926,0.02730222439940112
1,CA030350X,"Mission Viejo, CA",theft,-0.042789109977786455,-0.029113928119832082,0.03151421325119759
2,CA030350X,"Mission Viejo, CA",theft,-0.09874831863054001,-0.05046509663945837,0.03154232946338745
3,CA030350X,"Mission Viejo, CA",theft,-0.08630062783079621,-0.024037208401232902,0.0315102845548757
4,CA030350X,"Mission Viejo, CA",theft,-0.033476003709148536,0.02738429791653472,0.03150535307658952
5,CA030350X,"Mission Viejo, CA",theft,0.00180993091596623,0.03066733756347797,0.03151028455487571
6,CA030350X,"Mission Viejo, CA",theft,0.023230761582622765,-0.01705134950280236,0.03154232946338745
7,CA030350X,"Mission Viejo, CA",theft,0.05336929189175766,-0.03708795466864899,0.03151421325119759
8,CA030350X,"Mission Viejo, CA",theft,0.06714888840375174,0.0021414573384131905,0.03154232946338745
9,CA030350X,"Mission Viejo, CA",theft,0.044121015690036715,0.04191545188866877,0.03151028455487571
10,CA030350X,"Mission Viejo, CA",theft,0.022895821795177324,0.038817584871946385,0.03150535307658952
11,CA030350X,"Mission Viejo, CA",theft,0.029789499310822014,0.017656301737567204,0.0315102845548757
12,CA030350X,"Mission Viejo, CA",theft,0.018948850558136773,-8.268939846335354e-4,0.03154232946338745
1,CA030390X,"Laguna Niguel, CA",theft,-0.042789109977786455,0.004039888678119186,0.0339313645614059
2,CA030390X,"Laguna Niguel, CA",theft,-0.09874831863054001,-0.04943559463642711,0.0340180508827407
3,CA030390X,"Laguna Niguel, CA",theft,-0.08630062783079621,-0.045685992206641705,0.03405344517668532
4,CA030390X,"Laguna Niguel, CA",theft,-0.033476003709148536,0.02135599209504269,0.034048069917208615
5,CA030390X,"Laguna Niguel, CA",theft,0.00180993091596623,0.057376537468665015,0.03405344517668532
6,CA030390X,"Laguna Niguel, CA",theft,0.023230761582622765,0.03799543516292015,0.0340180508827407
7,CA030390X,"Laguna Niguel, CA",theft,0.05336929189175766,0.026076071144883136,0.0339313645614059
8,CA030390X,"Laguna Niguel, CA",theft,0.06714888840375174,0.028517555730423767,0.03401805088274071
9,CA030390X,"Laguna Niguel, CA",theft,0.044121015690036715,-0.005348006522363972,0.03405344517668533
10,CA030390X,"Laguna Niguel, CA",theft,0.022895821795177324,-0.05147195191804499,0.034048069917208615
11,CA030390X,"Laguna Niguel, CA",theft,0.029789499310822014,-0.03645849856266167,0.03405344517668532
12,CA030390X,"Laguna Niguel, CA",theft,0.018948850558136773,0.0130385635660855,0.0340180508827407
1,CA030490X,"Aliso Viejo, CA",theft,-0.042789109977786455,-0.015392659134849022,0.036089331916839495
2,CA030490X,"Aliso Viejo, CA",theft,-0.09874831863054001,-0.060899578931241725,0.03615181427825034
3,CA030490X,"Aliso Viejo, CA",theft,-0.08630062783079621,-0.030408598598904244,0.036153600180664804
4,CA030490X,"Aliso Viejo, CA",theft,-0.033476003709148536,-0.01069892016944239,0.03615438253978768
5,CA030490X,"Aliso Viejo, CA",theft,0.00180993091596623,-0.02510369833893712,0.036153600180664804
6,CA030490X,"Aliso Viejo, CA",theft,0.023230761582622765,-0.0068692976048033245,0.03615181427825034
7,CA030490X,"Aliso Viejo, CA",theft,0.05336929189175766,0.03447166784314688,0.03608933191683949
8,CA030490X,"Aliso Viejo, CA",theft,0.06714888840375174,0.017964631007631324,0.03615181427825034
9,CA030490X,"Aliso Viejo, CA",theft,0.044121015690036715,-0.03160535803300408,0.036153600180664804
10,CA030490X,"Aliso Viejo, CA",theft,0.022895821795177324,-0.008380088538855511,0.03615438253978768
11,CA030490X,"Aliso Viejo, CA",theft,0.029789499310822014,0.06803864626254752,0.036153600180664804
12,CA030490X,"Aliso Viejo, CA",theft,0.018948850558136773,0.0688832542367117,0.03615181427825034
1,CA0310300,"Lincoln, CA",theft,-0.042789109977786455,-0.017304134576980417,0.03534614180769929
2,CA0310300,"Lincoln, CA",theft,-0.09874831863054001,-0.08434087730460776,0.03536451411037104
3,CA0310300,"Lincoln, CA",theft,-0.08630062783079621,-0.06179924758975179,0.03539070743353149
4,CA0310300,"Lincoln, CA",theft,-0.033476003709148536,0.0017433384850292658,0.0353784348802604
5,CA0310300,"Lincoln, CA",theft,0.00180993091596623,0.01687675416205252,0.03539070743353149
6,CA0310300,"Lincoln, CA",theft,0.023230761582622765,0.0010125899259232232,0.03536451411037104
7,CA0310300,"Lincoln, CA",theft,0.05336929189175766,0.011748319685045807,0.03534614180769928
8,CA0310300,"Lincoln, CA",theft,0.06714888840375174,0.026774305715488524,0.03536451411037104
9,CA0310300,"Lincoln, CA",theft,0.044121015690036715,0.009788490892567116,0.03539070743353149
10,CA0310300,"Lincoln, CA",theft,0.022895821795177324,0.0038124764069053367,0.0353784348802604
11,CA0310300,"Lincoln, CA",theft,0.029789499310822014,0.04068981742706672,0.03539070743353149
12,CA0310300,"Lincoln, CA",theft,0.018948850558136773,0.050998166771261455,0.03536451411037103
1,CA0310400,"Rocklin, CA",theft,-0.042789109977786455,0.06068857124013919,0.03175382011022209
2,CA0310400,"Rocklin, CA",theft,-0.09874831863054001,-0.028150157913396905,0.03177668108222007
3,CA0310400,"Rocklin, CA",theft,-0.08630062783079621,-0.07953435518019554,0.03184435620593882
4,CA0310400,"Rocklin, CA",theft,-0.033476003709148536,-0.05563974290045726,0.03181268468591378
5,CA0310400,"Rocklin, CA",theft,0.00180993091596623,-0.01660030913493423,0.03184435620593882
6,CA0310400,"Rocklin, CA",theft,0.023230761582622765,-0.005186399479489598,0.03177668108222007
7,CA0310400,"Rocklin, CA",theft,0.05336929189175766,-8.728329274064148e-4,0.031753820110222084
8,CA0310400,"Rocklin, CA",theft,0.06714888840375174,0.005600254924027531,0.03177668108222007
9,CA0310400,"Rocklin, CA",theft,0.044121015690036715,-0.002831286121906628,0.031844356205938826
10,CA0310400,"Rocklin, CA",theft,0.022895821795177324,-0.004175995412275513,0.03181268468591378
11,CA0310400,"Rocklin, CA",theft,0.029789499310822014,0.039150212124303606,0.03184435620593882
12,CA0310400,"Rocklin, CA",theft,0.018948850558136773,0.08755204078159176,0.03177668108222007
1,CA0310500,"Roseville, CA",theft,-0.042789109977786455,0.040765608194053,0.028081366587774527
2,CA0310500,"Roseville, CA",theft,-0.09874831863054001,-0.049093840341283314,0.02809365187349498
3,CA0310500,"Roseville, CA",theft,-0.08630062783079621,-0.051995243523318226,0.028135277358642633
4,CA0310500,"Roseville, CA",theft,-0.033476003709148536,-0.016236537954073777,0.028126063435506127
5,CA0310500,"Roseville, CA",theft,0.00180993091596623,-0.022421622650859008,0.028135277358642637
6,CA0310500,"Roseville, CA",theft,0.023230761582622765,-0.02948380699263831,0.02809365187349498
7,CA0310500,"Roseville, CA",theft,0.05336929189175766,0.007982565367604295,0.028081366587774523
8,CA0310500,"Roseville, CA",theft,0.06714888840375174,0.022685938129544798,0.02809365187349498
9,CA0310500,"Roseville, CA",theft,0.044121015690036715,-0.023160832250077607,0.028135277358642637
10,CA0310500,"Roseville, CA",theft,0.022895821795177324,-0.03251163560758353,0.028126063435506127
11,CA0310500,"Roseville, CA",theft,0.029789499310822014,0.04882952486259753,0.028135277358642633
12,CA0310500,"Roseville, CA",theft,0.018948850558136773,0.10463988276603416,0.028093651873494975
1,CA0330200,"Beaumont, CA",theft,-0.042789109977786455,0.013213655028713227,0.03323374302670565
2,CA0330200,"Beaumont, CA",theft,-0.09874831863054001,-0.06157889933400291,0.03330563856806343
3,CA0330200,"Beaumont, CA",theft,-0.08630062783079621,-0.07788911092003645,0.03332925238599837
4,CA0330200,"Beaumont, CA",theft,-0.033476003709148536,-0.03043330058298846,0.03333621807393728
5,CA0330200,"Beaumont, CA",theft,0.00180993091596623,-0.005425661441514517,0.033329252385998376
6,CA0330200,"Beaumont, CA",theft,0.023230761582622765,-0.006435603537794707,0.03330563856806343
7,CA0330200,"Beaumont, CA",theft,0.05336929189175766,0.028926356440410556,0.03323374302670565
8,CA0330200,"Beaumont, CA",theft,0.06714888840375174,0.07262932849030594,0.03330563856806343
9,CA0330200,"Beaumont, CA",theft,0.044121015690036715,0.04679952860721568,0.033329252385998376
10,CA0330200,"Beaumont, CA",theft,0.022895821795177324,-0.011706710886135317,0.03333621807393728
11,CA0330200,"Beaumont, CA",theft,0.029789499310822014,-0.005624767714788524,0.03332925238599837
12,CA0330200,"Beaumont, CA",theft,0.018948850558136773,0.03752518585061546,0.03330563856806343
1,CA0331300,"Riverside, CA",theft,-0.042789109977786455,0.030738974001568192,0.02645874030897964
2,CA0331300,"Riverside, CA",theft,-0.09874831863054001,-0.0082134396602129,0.026471833371684773
3,CA0331300,"Riverside, CA",theft,-0.08630062783079621,-0.021137934013668078,0.026495676556099575
4,CA0331300,"Riverside, CA",theft,-0.033476003709148536,-0.017962966156856372,0.026489198173886848
5,CA0331300,"Riverside, CA",theft,0.00180993091596623,-0.036464739272388656,0.026495676556099575
6,CA0331300,"Riverside, CA",theft,0.023230761582622765,-0.05271511024158861,0.026471833371684773
7,CA0331300,"Riverside, CA",theft,0.05336929189175766,-0.022771563713718572,0.026458740308979635
8,CA0331300,"Riverside, CA",theft,0.06714888840375174,0.023455668679002957,0.026471833371684777
9,CA0331300,"Riverside, CA",theft,0.044121015690036715,0.028412752744608475,0.02649567655609958
10,CA0331300,"Riverside, CA",theft,0.022895821795177324,0.009995555869006748,0.026489198173886848
11,CA0331300,"Riverside, CA",theft,0.029789499310822014,0.02122251025359861,0.026495676556099575
12,CA0331300,"Riverside, CA",theft,0.018948850558136773,0.0454402915106482,0.026471833371684773
1,CA0331500,"Corona, CA",theft,-0.042789109977786455,-7.17506323600476e-4,0.028010639157334746
2,CA0331500,"Corona, CA",theft,-0.09874831863054001,-0.03347223672874086,0.028067652103047694
3,CA0331500,"Corona, CA",theft,-0.08630062783079621,-0.02318147049895759,0.028055222545502054
4,CA0331500,"Corona, CA",theft,-0.033476003709148536,0.015772402700267866,0.02807796930980573
5,CA0331500,"Corona, CA",theft,0.00180993091596623,0.02090559302500038,0.028055222545502058
6,CA0331500,"Corona, CA",theft,0.023230761582622765,-0.008653298459218393,0.028067652103047694
7,CA0331500,"Corona, CA",theft,0.05336929189175766,-0.017420017198231042,0.02801063915733474
8,CA0331500,"Corona, CA",theft,0.06714888840375174,0.0030892311174308164,0.028067652103047694
9,CA0331500,"Corona, CA",theft,0.044121015690036715,0.010935988409479045,0.02805522254550206
10,CA0331500,"Corona, CA",theft,0.022895821795177324,0.002365120821563659,0.02807796930980573
11,CA0331500,"Corona, CA",theft,0.029789499310822014,0.009477412586309672,0.028055222545502054
12,CA0331500,"Corona, CA",theft,0.018948850558136773,0.02089878054869692,0.028067652103047694
1,CA0334200,"Murrieta, CA",theft,-0.042789109977786455,0.028654595410061514,0.03078736797160187
2,CA0334200,"Murrieta, CA",theft,-0.09874831863054001,-0.017005725776783057,0.03081551716898965
3,CA0334200,"Murrieta, CA",theft,-0.08630062783079621,-0.04729417550599113,0.030884609242142445
4,CA0334200,"Murrieta, CA",theft,-0.033476003709148536,-0.06051722597473766,0.03088971504983304
5,CA0334200,"Murrieta, CA",theft,0.00180993091596623,-0.04989038804623114,0.030884609242142452
6,CA0334200,"Murrieta, CA",theft,0.023230761582622765,-0.0017845229632924002,0.03081551716898965
7,CA0334200,"Murrieta, CA",theft,0.05336929189175766,0.0492195105934968,0.030787367971601864
8,CA0334200,"Murrieta, CA",theft,0.06714888840375174,0.04447473052934156,0.03081551716898965
9,CA0334200,"Murrieta, CA",theft,0.044121015690036715,-0.003110925745008711,0.030884609242142452
10,CA0334200,"Murrieta, CA",theft,0.022895821795177324,-0.017356880028820677,0.03088971504983304
11,CA0334200,"Murrieta, CA",theft,0.029789499310822014,0.022421383293672645,0.03088460924214245
12,CA0334200,"Murrieta, CA",theft,0.018948850558136773,0.05218962421429227,0.030815517168989646
1,CA0340000,"Sacramento, CA",theft,-0.042789109977786455,0.024975476262611096,0.026522056242419094
2,CA0340000,"Sacramento, CA",theft,-0.09874831863054001,-0.038293732928270416,0.026558730717471536
3,CA0340000,"Sacramento, CA",theft,-0.08630062783079621,-0.0499663238098137,0.026567075536484182
4,CA0340000,"Sacramento, CA",theft,-0.033476003709148536,-0.041480577272706716,0.026585991176781287
5,CA0340000,"Sacramento, CA",theft,0.00180993091596623,-0.04422091993705991,0.026567075536484186
6,CA0340000,"Sacramento, CA",theft,0.023230761582622765,-0.026430125164862213,0.026558730717471536
7,CA0340000,"Sacramento, CA",theft,0.05336929189175766,0.017240388527509122,0.02652205624241909
8,CA0340000,"Sacramento, CA",theft,0.06714888840375174,0.028614109273104878,0.026558730717471536
9,CA0340000,"Sacramento, CA",theft,0.044121015690036715,-0.0019291646354720896,0.026567075536484186
10,CA0340000,"Sacramento, CA",theft,0.022895821795177324,-7.352875174135133e-4,0.026585991176781287
11,CA0340000,"Sacramento, CA",theft,0.029789499310822014,0.05390054359222546,0.026567075536484182
12,CA0340000,"Sacramento, CA",theft,0.018948850558136773,0.07832561361014802,0.026558730717471533
1,CA0340100,"Folsom, CA",theft,-0.042789109977786455,0.09874401504327293,0.030338562135792595
2,CA0340100,"Folsom, CA",theft,-0.09874831863054001,0.015733327022404528,0.030354082925648077
3,CA0340100,"Folsom, CA",theft,-0.08630062783079621,-0.061850754476115724,0.030412909465596515
4,CA0340100,"Folsom, CA",theft,-0.033476003709148536,-0.07360297963370863,0.03043554470973414
5,CA0340100,"Folsom, CA",theft,0.00180993091596623,-0.050199155299011484,0.030412909465596518
6,CA0340100,"Folsom, CA",theft,0.023230761582622765,-0.02110341416825178,0.030354082925648077
7,CA0340100,"Folsom, CA",theft,0.05336929189175766,0.01463634017711154,0.030338562135792592
8,CA0340100,"Folsom, CA",theft,0.06714888840375174,0.029136675987733132,0.03035408292564808
9,CA0340100,"Folsom, CA",theft,0.044121015690036715,-0.006659597734131098,0.03041290946559652
10,CA0340100,"Folsom, CA",theft,0.022895821795177324,-0.03977737558667585,0.03043554470973414
11,CA0340100,"Folsom, CA",theft,0.029789499310822014,0.0053291522888738296,0.030412909465596515
12,CA0340100,"Folsom, CA",theft,0.018948850558136773,0.08961376637849859,0.030354082925648077
1,CA0340400,"Sacramento, CA",theft,-0.042789109977786455,0.029929637130623257,0.026176211756457398
2,CA0340400,"Sacramento, CA",theft,-0.09874831863054001,-0.037866642030519565,0.0261978765013558
3,CA0340400,"Sacramento, CA",theft,-0.08630062783079621,-0.07315343702459155,0.026220410886877925
4,CA0340400,"Sacramento, CA",theft,-0.033476003709148536,-0.052966662809831505,0.026227750423614277
5,CA0340400,"Sacramento, CA",theft,0.00180993091596623,-0.022861236325727768,0.02622041088687793
6,CA0340400,"Sacramento, CA",theft,0.023230761582622765,-0.0069141831256931295,0.0261978765013558
7,CA0340400,"Sacramento, CA",theft,0.05336929189175766,0.012657958095928283,0.026176211756457395
8,CA0340400,"Sacramento, CA",theft,0.06714888840375174,0.031033007004851176,0.0261978765013558
9,CA0340400,"Sacramento, CA",theft,0.044121015690036715,0.023732206772371575,0.02622041088687793
10,CA0340400,"Sacramento, CA",theft,0.022895821795177324,0.010379067583279947,0.026227750423614277
11,CA0340400,"Sacramento, CA",theft,0.029789499310822014,0.029694871351396167,0.026220410886877925
12,CA0340400,"Sacramento, CA",theft,0.018948850558136773,0.056335413377913104,0.0261978765013558
1,CA0340H00,"Elk Grove, CA",theft,-0.042789109977786455,-0.01594093573790329,0.028372106215859335
2,CA0340H00,"Elk Grove, CA",theft,-0.09874831863054001,-0.08018660354069489,0.02839936322883838
3,CA0340H00,"Elk Grove, CA",theft,-0.08630062783079621,-0.08983392477343571,0.028429994232189202
4,CA0340H00,"Elk Grove, CA",theft,-0.033476003709148536,-0.07041901493861832,0.02843921601683114
5,CA0340H00,"Elk Grove, CA",theft,0.00180993091596623,-0.03518866753207348,0.028429994232189205
6,CA0340H00,"Elk Grove, CA",theft,0.023230761582622765,0.020157369787769434,0.02839936322883838
7,CA0340H00,"Elk Grove, CA",theft,0.05336929189175766,0.05877462480660746,0.02837210621585933
8,CA0340H00,"Elk Grove, CA",theft,0.06714888840375174,0.04089722141306459,0.02839936322883838
9,CA0340H00,"Elk Grove, CA",theft,0.044121015690036715,0.007710853577101188,0.028429994232189205
10,CA0340H00,"Elk Grove, CA",theft,0.022895821795177324,0.02758532586991412,0.02843921601683114
11,CA0340H00,"Elk Grove, CA",theft,0.029789499310822014,0.07447804965970378,0.028429994232189202
12,CA0340H00,"Elk Grove, CA",theft,0.018948850558136773,0.06196570140856514,0.02839936322883838
1,CA0349600,"Citrus Heights, CA",theft,-0.042789109977786455,0.016208005944180707,0.029076888586996336
2,CA0349600,"Citrus Heights, CA",theft,-0.09874831863054001,-0.06293430858315766,0.029134928391867605
3,CA0349600,"Citrus Heights, CA",theft,-0.08630062783079621,-0.05706227687624457,0.029138535778066382
4,CA0349600,"Citrus Heights, CA",theft,-0.033476003709148536,-0.01610191401325452,0.029153511118622053
5,CA0349600,"Citrus Heights, CA",theft,0.00180993091596623,-0.007302257083832397,0.029138535778066382
6,CA0349600,"Citrus Heights, CA",theft,0.023230761582622765,-0.006642326804930628,0.029134928391867605
7,CA0349600,"Citrus Heights, CA",theft,0.05336929189175766,0.010298841693810618,0.029076888586996332
8,CA0349600,"Citrus Heights, CA",theft,0.06714888840375174,0.002900856133608578,0.029134928391867605
9,CA0349600,"Citrus Heights, CA",theft,0.044121015690036715,-0.029478023211295865,0.029138535778066386
10,CA0349600,"Citrus Heights, CA",theft,0.022895821795177324,-0.010404933624736814,0.029153511118622053
11,CA0349600,"Citrus Heights, CA",theft,0.029789499310822014,0.06733570953338147,0.029138535778066382
12,CA0349600,"Citrus Heights, CA",theft,0.018948850558136773,0.09318262689247107,0.029134928391867602
1,CA0360200,"Chino, CA",theft,-0.042789109977786455,0.001121459604743698,0.028720452080637802
2,CA0360200,"Chino, CA",theft,-0.09874831863054001,-0.023799234752301363,0.028764934574109672
3,CA0360200,"Chino, CA",theft,-0.08630062783079621,9.968929210527752e-4,0.02878364314422178
4,CA0360200,"Chino, CA",theft,-0.033476003709148536,0.009309220942305005,0.02877723955411081
5,CA0360200,"Chino, CA",theft,0.00180993091596623,-0.02186794647884011,0.028783643144221785
6,CA0360200,"Chino, CA",theft,0.023230761582622765,-0.024759098493638283,0.028764934574109672
7,CA0360200,"Chino, CA",theft,0.05336929189175766,0.015844121865952035,0.0287204520806378
8,CA0360200,"Chino, CA",theft,0.06714888840375174,0.023430666670267983,0.028764934574109672
9,CA0360200,"Chino, CA",theft,0.044121015690036715,-0.018331042473781915,0.02878364314422179
10,CA0360200,"Chino, CA",theft,0.022895821795177324,-0.026274802413000765,0.02877723955411081
11,CA0360200,"Chino, CA",theft,0.029789499310822014,0.022236514560873485,0.02878364314422178
12,CA0360200,"Chino, CA",theft,0.018948850558136773,0.04209324804636745,0.028764934574109672
1,CA0360400,"Fontana, CA",theft,-0.042789109977786455,-0.013616735621834393,0.02853627785910331
2,CA0360400,"Fontana, CA",theft,-0.09874831863054001,-0.087847551334827,0.028595951034115552
3,CA0360400,"Fontana, CA",theft,-0.08630062783079621,-0.10151452667622954,0.028611211371500325
4,CA0360400,"Fontana, CA",theft,-0.033476003709148536,-0.05005023843618181,0.02864160014941709
5,CA0360400,"Fontana, CA",theft,0.00180993091596623,-0.004386538522739418,0.028611211371500328
6,CA0360400,"Fontana, CA",theft,0.023230761582622765,0.019479322188769785,0.028595951034115552
7,CA0360400,"Fontana, CA",theft,0.05336929189175766,0.05448089239130917,0.028536277859103308
8,CA0360400,"Fontana, CA",theft,0.06714888840375174,0.08004390949353346,0.028595951034115552
9,CA0360400,"Fontana, CA",theft,0.044121015690036715,0.05284672806546123,0.02861121137150033
10,CA0360400,"Fontana, CA",theft,0.022895821795177324,0.009186081666707032,0.02864160014941709
11,CA0360400,"Fontana, CA",theft,0.029789499310822014,0.012190180364032919,0.028611211371500325
12,CA0360400,"Fontana, CA",theft,0.018948850558136773,0.02918847642199855,0.028595951034115552
1,CA0370000,"San Diego, CA",theft,-0.042789109977786455,-0.012113782333372191,0.026662424922721507
2,CA0370000,"San Diego, CA",theft,-0.09874831863054001,-0.04786649157588777,0.02668815520088845
3,CA0370000,"San Diego, CA",theft,-0.08630062783079621,-0.044490573638861344,0.026705490325624515
4,CA0370000,"San Diego, CA",theft,-0.033476003709148536,-0.022491432334620032,0.026720435944030542
5,CA0370000,"San Diego, CA",theft,0.00180993091596623,-0.007529987438385559,0.02670549032562452
6,CA0370000,"San Diego, CA",theft,0.023230761582622765,0.006507417026211441,0.02668815520088845
7,CA0370000,"San Diego, CA",theft,0.05336929189175766,0.022387155619040856,0.026662424922721504
8,CA0370000,"San Diego, CA",theft,0.06714888840375174,0.021971386549103543,0.02668815520088845
9,CA0370000,"San Diego, CA",theft,0.044121015690036715,0.008322095326408409,0.02670549032562452
10,CA0370000,"San Diego, CA",theft,0.022895821795177324,0.01221805904895135,0.026720435944030542
11,CA0370000,"San Diego, CA",theft,0.029789499310822014,0.03342509246516979,0.026705490325624515
12,CA0370000,"San Diego, CA",theft,0.018948850558136773,0.029661061286241512,0.02668815520088845
1,CA0370100,"Carlsbad, CA",theft,-0.042789109977786455,0.057894101958384535,0.029129946857163858
2,CA0370100,"Carlsbad, CA",theft,-0.09874831863054001,-0.019638320859331617,0.02919802349321679
3,CA0370100,"Carlsbad, CA",theft,-0.08630062783079621,-0.068836850669022,0.029208902841370805
4,CA0370100,"Carlsbad, CA",theft,-0.033476003709148536,-0.04367099297871036,0.02922322000148353
5,CA0370100,"Carlsbad, CA",theft,0.00180993091596623,-0.013304934706927013,0.029208902841370805
6,CA0370100,"Carlsbad, CA",theft,0.023230761582622765,-0.014805031115153692,0.02919802349321679
7,CA0370100,"Carlsbad, CA",theft,0.05336929189175766,-0.0019187309818883725,0.029129946857163854
8,CA0370100,"Carlsbad, CA",theft,0.06714888840375174,0.03034247868532079,0.029198023493216794
9,CA0370100,"Carlsbad, CA",theft,0.044121015690036715,0.02356563751851498,0.029208902841370808
10,CA0370100,"Carlsbad, CA",theft,0.022895821795177324,-0.01230437799778578,0.02922322000148353
11,CA0370100,"Carlsbad, CA",theft,0.029789499310822014,0.0026007768809378573,0.029208902841370805
12,CA0370100,"Carlsbad, CA",theft,0.018948850558136773,0.06007624426566067,0.02919802349321679
1,CA0370200,"Chula Vista, CA",theft,-0.042789109977786455,0.0396582731673225,0.028055801195706248
2,CA0370200,"Chula Vista, CA",theft,-0.09874831863054001,-0.0015706311492649067,0.028053111787470466
3,CA0370200,"Chula Vista, CA",theft,-0.08630062783079621,-0.03382919066822064,0.028117186041875963
4,CA0370200,"Chula Vista, CA",theft,-0.033476003709148536,-0.028842996238688762,0.028095732404842706
5,CA0370200,"Chula Vista, CA",theft,0.00180993091596623,-0.010630315243011126,0.028117186041875967
6,CA0370200,"Chula Vista, CA",theft,0.023230761582622765,0.0016185939525307455,0.028053111787470466
7,CA0370200,"Chula Vista, CA",theft,0.05336929189175766,0.013256342166199137,0.028055801195706245
8,CA0370200,"Chula Vista, CA",theft,0.06714888840375174,0.016106695920358512,0.028053111787470466
9,CA0370200,"Chula Vista, CA",theft,0.044121015690036715,-0.0045493598942074245,0.02811718604187597
10,CA0370200,"Chula Vista, CA",theft,0.022895821795177324,-0.02407161909483287,0.028095732404842706
11,CA0370200,"Chula Vista, CA",theft,0.029789499310822014,-0.003905749528082461,0.028117186041875963
12,CA0370200,"Chula Vista, CA",theft,0.018948850558136773,0.036759956609897296,0.028053111787470466
1,CA0370500,"El Cajon, CA",theft,-0.042789109977786455,0.021781890240819515,0.029615644261154022
2,CA0370500,"El Cajon, CA",theft,-0.09874831863054001,0.01178728166263536,0.029658087681263486
3,CA0370500,"El Cajon, CA",theft,-0.08630062783079621,0.012634135137439398,0.02965270982649759
4,CA0370500,"El Cajon, CA",theft,-0.033476003709148536,0.0037846128263360835,0.029676440372365158
5,CA0370500,"El Cajon, CA",theft,0.00180993091596623,-0.01476695349965011,0.029652709826497592
6,CA0370500,"El Cajon, CA",theft,0.023230761582622765,-0.022089788939299873,0.029658087681263486
7,CA0370500,"El Cajon, CA",theft,0.05336929189175766,-0.019156749655664197,0.029615644261154015
8,CA0370500,"El Cajon, CA",theft,0.06714888840375174,-0.023674506984673244,0.029658087681263486
9,CA0370500,"El Cajon, CA",theft,0.044121015690036715,-0.02714650104463264,0.029652709826497592
10,CA0370500,"El Cajon, CA",theft,0.022895821795177324,-0.00640975341149141,0.029676440372365158
11,CA0370500,"El Cajon, CA",theft,0.029789499310822014,0.026654178821688003,0.02965270982649759
12,CA0370500,"El Cajon, CA",theft,0.018948850558136773,0.03660215484649311,0.029658087681263486
1,CA0370600,"Escondido, CA",theft,-0.042789109977786455,-0.0017696292500616545,0.02856313364854899
2,CA0370600,"Escondido, CA",theft,-0.09874831863054001,-0.08056446083206405,0.028604806986001614
3,CA0370600,"Escondido, CA",theft,-0.08630062783079621,-0.06982855030015928,0.028623752595636022
4,CA0370600,"Escondido, CA",theft,-0.033476003709148536,-0.026747896570468367,0.028624115937203178
5,CA0370600,"Escondido, CA",theft,0.00180993091596623,-0.01879479688763991,0.028623752595636025
6,CA0370600,"Escondido, CA",theft,0.023230761582622765,-0.010625695627792246,0.028604806986001614
7,CA0370600,"Escondido, CA",theft,0.05336929189175766,0.025850445428827105,0.028563133648548986
8,CA0370600,"Escondido, CA",theft,0.06714888840375174,0.034571101016582166,0.028604806986001614
9,CA0370600,"Escondido, CA",theft,0.044121015690036715,-2.456256940880997e-4,0.028623752595636025
10,CA0370600,"Escondido, CA",theft,0.022895821795177324,0.0026670803917028902,0.028624115937203178
11,CA0370600,"Escondido, CA",theft,0.029789499310822014,0.06478815670312178,0.028623752595636022
12,CA0370600,"Escondido, CA",theft,0.018948850558136773,0.08069987162203966,0.028604806986001614
1,CA0370800,"La Mesa, CA",theft,-0.042789109977786455,0.02205213577075064,0.03166929856441513
2,CA0370800,"La Mesa, CA",theft,-0.09874831863054001,0.024829886702780548,0.03169257549090681
3,CA0370800,"La Mesa, CA",theft,-0.08630062783079621,0.019016071233776115,0.03173288656926123
4,CA0370800,"La Mesa, CA",theft,-0.033476003709148536,-4.051262562565104e-5,0.03174946812249881
5,CA0370800,"La Mesa, CA",theft,0.00180993091596623,-0.015931301798567627,0.03173288656926124
6,CA0370800,"La Mesa, CA",theft,0.023230761582622765,-0.008196629295701214,0.03169257549090681
7,CA0370800,"La Mesa, CA",theft,0.05336929189175766,0.008572117760604629,0.031669298564415124
8,CA0370800,"La Mesa, CA",theft,0.06714888840375174,0.002470769510754142,0.03169257549090681
9,CA0370800,"La Mesa, CA",theft,0.044121015690036715,-0.022339668551596716,0.03173288656926124
10,CA0370800,"La Mesa, CA",theft,0.022895821795177324,-0.030583740905729632,0.03174946812249881
11,CA0370800,"La Mesa, CA",theft,0.029789499310822014,-0.011369354414967045,0.03173288656926123
12,CA0370800,"La Mesa, CA",theft,0.018948850558136773,0.011520226613521806,0.03169257549090681
1,CA0370900,"National City, CA",theft,-0.042789109977786455,0.01642029731321073,0.03153029427141243
2,CA0370900,"National City, CA",theft,-0.09874831863054001,-0.053756065069905254,0.03158402009875755
3,CA0370900,"National City, CA",theft,-0.08630062783079621,-0.04881969456554084,0.03163329213257626
4,CA0370900,"National City, CA",theft,-0.033476003709148536,-0.010614966538201523,0.03162918290580485
5,CA0370900,"National City, CA",theft,0.00180993091596623,-0.008994579231320505,0.03163329213257627
6,CA0370900,"National City, CA",theft,0.023230761582622765,-0.0036435901096636496,0.03158402009875755
7,CA0370900,"National City, CA",theft,0.05336929189175766,0.04233975360269851,0.03153029427141242
8,CA0370900,"National City, CA",theft,0.06714888840375174,0.054377456724327526,0.03158402009875755
9,CA0370900,"National City, CA",theft,0.044121015690036715,-0.009318964695946156,0.03163329213257627
10,CA0370900,"National City, CA",theft,0.022895821795177324,-0.04814508437770773,0.03162918290580485
11,CA0370900,"National City, CA",theft,0.029789499310822014,0.008373187576898236,0.03163329213257626
12,CA0370900,"National City, CA",theft,0.018948850558136773,0.06178224937115066,0.03158402009875755
1,CA0371000,"Oceanside, CA",theft,-0.042789109977786455,-0.010698153082749238,0.027779310474718353
2,CA0371000,"Oceanside, CA",theft,-0.09874831863054001,-0.056127978036745955,0.027818496534182183
3,CA0371000,"Oceanside, CA",theft,-0.08630062783079621,-0.054965835421827716,0.02783286844929527
4,CA0371000,"Oceanside, CA",theft,-0.033476003709148536,-0.012920301827234025,0.027844198942081927
5,CA0371000,"Oceanside, CA",theft,0.00180993091596623,0.001119986308463359,0.027832868449295275
6,CA0371000,"Oceanside, CA",theft,0.023230761582622765,-0.009215011471804672,0.027818496534182183
7,CA0371000,"Oceanside, CA",theft,0.05336929189175766,0.016381237525819693,0.02777931047471835
8,CA0371000,"Oceanside, CA",theft,0.06714888840375174,0.061578042364749966,0.027818496534182183
9,CA0371000,"Oceanside, CA",theft,0.044121015690036715,0.05473281530676127,0.027832868449295275
10,CA0371000,"Oceanside, CA",theft,0.022895821795177324,0.007237217384163578,0.027844198942081927
11,CA0371000,"Oceanside, CA",theft,0.029789499310822014,-0.006570050636467388,0.02783286844929527
12,CA0371000,"Oceanside, CA",theft,0.018948850558136773,0.00944803158687112,0.02781849653418218
1,CA0371100,"San Diego, CA",theft,-0.042789109977786455,0.028419947854773035,0.025878384927910617
2,CA0371100,"San Diego, CA",theft,-0.09874831863054001,-0.03784941535072491,0.02589515341020021
3,CA0371100,"San Diego, CA",theft,-0.08630062783079621,-0.07399185971519409,0.025923102851098254
4,CA0371100,"San Diego, CA",theft,-0.033476003709148536,-0.03950382967168657,0.025926043628401323
5,CA0371100,"San Diego, CA",theft,0.00180993091596623,0.006589367910831588,0.025923102851098258
6,CA0371100,"San Diego, CA",theft,0.023230761582622765,0.015315520948707239,0.02589515341020021
7,CA0371100,"San Diego, CA",theft,0.05336929189175766,0.013115384008321403,0.025878384927910614
8,CA0371100,"San Diego, CA",theft,0.06714888840375174,0.02199707240442794,0.02589515341020021
9,CA0371100,"San Diego, CA",theft,0.044121015690036715,0.016604184905802656,0.02592310285109826
10,CA0371100,"San Diego, CA",theft,0.022895821795177324,-0.0020315021914078554,0.025926043628401323
11,CA0371100,"San Diego, CA",theft,0.029789499310822014,0.00926297503546539,0.025923102851098254
12,CA0371100,"San Diego, CA",theft,0.018948850558136773,0.042072153860684185,0.02589515341020021
1,CA0380100,"San Francisco, CA",theft,-0.042789109977786455,-0.025789951135550354,0.02573104319457173
2,CA0380100,"San Francisco, CA",theft,-0.09874831863054001,-0.07843691517049425,0.025754506941684303
3,CA0380100,"San Francisco, CA",theft,-0.08630062783079621,-0.09697759069603026,0.025778931945687162
4,CA0380100,"San Francisco, CA",theft,-0.033476003709148536,-0.08286896729201157,0.02578787708814243
5,CA0380100,"San Francisco, CA",theft,0.00180993091596623,-0.040870249037303734,0.02577893194568717
6,CA0380100,"San Francisco, CA",theft,0.023230761582622765,0.01849569070223581,0.025754506941684303
7,CA0380100,"San Francisco, CA",theft,0.05336929189175766,0.061526003727047376,0.025731043194571725
8,CA0380100,"San Francisco, CA",theft,0.06714888840375174,0.06287980005897602,0.025754506941684303
9,CA0380100,"San Francisco, CA",theft,0.044121015690036715,0.04568442299301495,0.02577893194568717
10,CA0380100,"San Francisco, CA",theft,0.022895821795177324,0.04713291470051453,0.02578787708814243
11,CA0380100,"San Francisco, CA",theft,0.029789499310822014,0.05642736414882197,0.025778931945687162
12,CA0380100,"San Francisco, CA",theft,0.018948850558136773,0.03279747700077955,0.025754506941684303
1,CA0390300,"Manteca, CA",theft,-0.042789109977786455,-0.0022648569929250113,0.029723770803592165
2,CA0390300,"Manteca, CA",theft,-0.09874831863054001,-0.06551859233866106,0.029764621425623503
3,CA0390300,"Manteca, CA",theft,-0.08630062783079621,-0.07228278657361378,0.02979175303490117
4,CA0390300,"Manteca, CA",theft,-0.033476003709148536,-0.04265378978284133,0.02982068544376132
5,CA0390300,"Manteca, CA",theft,0.00180993091596623,-0.018656267545444607,0.029791753034901173
6,CA0390300,"Manteca, CA",theft,0.023230761582622765,0.010118423541451224,0.029764621425623503
7,CA0390300,"Manteca, CA",theft,0.05336929189175766,0.0481723639305261,0.02972377080359216
8,CA0390300,"Manteca, CA",theft,0.06714888840375174,0.051666957155399894,0.029764621425623507
9,CA0390300,"Manteca, CA",theft,0.044121015690036715,0.012523644452751493,0.029791753034901176
10,CA0390300,"Manteca, CA",theft,0.022895821795177324,-0.0032537171547597768,0.02982068544376132
11,CA0390300,"Manteca, CA",theft,0.029789499310822014,0.032507902728705775,0.02979175303490117
12,CA0390300,"Manteca, CA",theft,0.018948850558136773,0.049640718579411096,0.029764621425623503
1,CA0390600,"Tracy, CA",theft,-0.042789109977786455,0.02678006474162531,0.029484732685364185
2,CA0390600,"Tracy, CA",theft,-0.09874831863054001,-0.05126271161989454,0.0295173211419059
3,CA0390600,"Tracy, CA",theft,-0.08630062783079621,-0.07121394208699328,0.02954663820701692
4,CA0390600,"Tracy, CA",theft,-0.033476003709148536,-0.02952391623142242,0.029539885856550104
5,CA0390600,"Tracy, CA",theft,0.00180993091596623,0.007857509705893249,0.029546638207016925
6,CA0390600,"Tracy, CA",theft,0.023230761582622765,0.012237674183642118,0.0295173211419059
7,CA0390600,"Tracy, CA",theft,0.05336929189175766,0.0050857288636157825,0.02948473268536418
8,CA0390600,"Tracy, CA",theft,0.06714888840375174,-0.004669319603158957,0.029517321141905903
9,CA0390600,"Tracy, CA",theft,0.044121015690036715,-0.016583882741301355,0.029546638207016928
10,CA0390600,"Tracy, CA",theft,0.022895821795177324,-0.002341877373818682,0.029539885856550104
11,CA0390600,"Tracy, CA",theft,0.029789499310822014,0.04807452151716026,0.02954663820701692
12,CA0390600,"Tracy, CA",theft,0.018948850558136773,0.0755601506446525,0.0295173211419059
1,CA0410000,"San Mateo, CA",theft,-0.042789109977786455,0.02278894829411378,0.028727816008322925
2,CA0410000,"San Mateo, CA",theft,-0.09874831863054001,-0.0542681893162479,0.028804682233273444
3,CA0410000,"San Mateo, CA",theft,-0.08630062783079621,-0.07635741139214901,0.028808697081316014
4,CA0410000,"San Mateo, CA",theft,-0.033476003709148536,-0.042313682472120674,0.028852893530251895
5,CA0410000,"San Mateo, CA",theft,0.00180993091596623,-0.012677598143407073,0.028808697081316018
6,CA0410000,"San Mateo, CA",theft,0.023230761582622765,0.007908734035789823,0.028804682233273444
7,CA0410000,"San Mateo, CA",theft,0.05336929189175766,0.04066659250474741,0.028727816008322922
8,CA0410000,"San Mateo, CA",theft,0.06714888840375174,0.0502933382931751,0.028804682233273444
9,CA0410000,"San Mateo, CA",theft,0.044121015690036715,0.008927019570214988,0.028808697081316018
10,CA0410000,"San Mateo, CA",theft,0.022895821795177324,-0.02114185832674053,0.028852893530251895
11,CA0410000,"San Mateo, CA",theft,0.029789499310822014,0.016652449166479875,0.028808697081316014
12,CA0410000,"San Mateo, CA",theft,0.018948850558136773,0.0595216577861442,0.028804682233273444
1,CA0410600,"Daly City, CA",theft,-0.042789109977786455,0.02399876750031263,0.02941240861531262
2,CA0410600,"Daly City, CA",theft,-0.09874831863054001,-0.05236682779577807,0.029437907054502607
3,CA0410600,"Daly City, CA",theft,-0.08630062783079621,-0.09498845639710647,0.02947418891623871
4,CA0410600,"Daly City, CA",theft,-0.033476003709148536,-0.08093782014926783,0.02950237043547451
5,CA0410600,"Daly City, CA",theft,0.00180993091596623,-0.03168340866392475,0.029474188916238712
6,CA0410600,"Daly City, CA",theft,0.023230761582622765,0.019741535415274458,0.029437907054502607
7,CA0410600,"Daly City, CA",theft,0.05336929189175766,0.044032503659326726,0.029412408615312614
8,CA0410600,"Daly City, CA",theft,0.06714888840375174,0.029615140110173153,0.02943790705450261
9,CA0410600,"Daly City, CA",theft,0.044121015690036715,0.004205497551862156,0.029474188916238712
10,CA0410600,"Daly City, CA",theft,0.022895821795177324,0.012906548989628456,0.02950237043547451
11,CA0410600,"Daly City, CA",theft,0.029789499310822014,0.05443509634952967,0.02947418891623871
12,CA0410600,"Daly City, CA",theft,0.018948850558136773,0.07104142342996987,0.029437907054502607
1,CA0411300,"Redwood City, CA",theft,-0.042789109977786455,0.01822348830597477,0.030226380468599205
2,CA0411300,"Redwood City, CA",theft,-0.09874831863054001,-0.058736022829816464,0.030286954921335586
3,CA0411300,"Redwood City, CA",theft,-0.08630062783079621,-0.06874726957919103,0.030310689988610147
4,CA0411300,"Redwood City, CA",theft,-0.033476003709148536,-0.04247037625736939,0.030332640724118468
5,CA0411300,"Redwood City, CA",theft,0.00180993091596623,-0.037450925007569205,0.03031068998861015
6,CA0411300,"Redwood City, CA",theft,0.023230761582622765,-0.020432254801445872,0.030286954921335586
7,CA0411300,"Redwood City, CA",theft,0.05336929189175766,0.03595755581093292,0.0302263804685992
8,CA0411300,"Redwood City, CA",theft,0.06714888840375174,0.06217564512710691,0.030286954921335586
9,CA0411300,"Redwood City, CA",theft,0.044121015690036715,0.018005847759573756,0.03031068998861015
10,CA0411300,"Redwood City, CA",theft,0.022895821795177324,-0.011710667859538315,0.030332640724118468
11,CA0411300,"Redwood City, CA",theft,0.029789499310822014,0.03401130271027874,0.030310689988610147
12,CA0411300,"Redwood City, CA",theft,0.018948850558136773,0.07117367662106316,0.030286954921335586
1,CA0420400,"Santa Maria, CA",theft,-0.042789109977786455,-0.006156493681068596,0.029611927434756925
2,CA0420400,"Santa Maria, CA",theft,-0.09874831863054001,-0.05768562007574061,0.029617666009925575
3,CA0420400,"Santa Maria, CA",theft,-0.08630062783079621,-0.027048622313985332,0.029625552950857698
4,CA0420400,"Santa Maria, CA",theft,-0.033476003709148536,0.012875642495499405,0.02961749778836466
5,CA0420400,"Santa Maria, CA",theft,0.00180993091596623,-0.013846549320510495,0.0296255529508577
6,CA0420400,"Santa Maria, CA",theft,0.023230761582622765,-0.05050223357843112,0.029617666009925575
7,CA0420400,"Santa Maria, CA",theft,0.05336929189175766,-0.025546370349676488,0.02961192743475692
8,CA0420400,"Santa Maria, CA",theft,0.06714888840375174,0.0163854161086692,0.029617666009925575
9,CA0420400,"Santa Maria, CA",theft,0.044121015690036715,0.01745128237765895,0.029625552950857705
10,CA0420400,"Santa Maria, CA",theft,0.022895821795177324,0.018827221535245676,0.02961749778836466
11,CA0420400,"Santa Maria, CA",theft,0.029789499310822014,0.0551467532875819,0.029625552950857698
12,CA0420400,"Santa Maria, CA",theft,0.018948850558136773,0.060099573514757504,0.029617666009925575
1,CA0430400,"Gilroy, CA",theft,-0.042789109977786455,0.06622396180755653,0.03051884513290899
2,CA0430400,"Gilroy, CA",theft,-0.09874831863054001,-2.7290076978058603e-5,0.030603991189702258
3,CA0430400,"Gilroy, CA",theft,-0.08630062783079621,-0.06350124971412162,0.030599083098152208
4,CA0430400,"Gilroy, CA",theft,-0.033476003709148536,-0.07621288027908156,0.030613290187106616
5,CA0430400,"Gilroy, CA",theft,0.00180993091596623,-0.04479855652099736,0.03059908309815221
6,CA0430400,"Gilroy, CA",theft,0.023230761582622765,-0.015050227104728201,0.030603991189702258
7,CA0430400,"Gilroy, CA",theft,0.05336929189175766,-0.011371241472753094,0.030518845132908982
8,CA0430400,"Gilroy, CA",theft,0.06714888840375174,-0.017450363980235983,0.030603991189702258
9,CA0430400,"Gilroy, CA",theft,0.044121015690036715,-0.008829124677895903,0.030599083098152215
10,CA0430400,"Gilroy, CA",theft,0.022895821795177324,0.02136015994427812,0.030613290187106616
11,CA0430400,"Gilroy, CA",theft,0.029789499310822014,0.06227621057821142,0.030599083098152208
12,CA0430400,"Gilroy, CA",theft,0.018948850558136773,0.08738060149674569,0.030603991189702254
1,CA0430800,"Milpitas, CA",theft,-0.042789109977786455,0.0010800621217755878,0.028632062827513214
2,CA0430800,"Milpitas, CA",theft,-0.09874831863054001,-0.04954268359636472,0.028664853414172752
3,CA0430800,"Milpitas, CA",theft,-0.08630062783079621,-0.04944401507211016,0.028685855550328158
4,CA0430800,"Milpitas, CA",theft,-0.033476003709148536,-0.03131069083322431,0.02869954948910627
5,CA0430800,"Milpitas, CA",theft,0.00180993091596623,-0.026979688629131953,0.028685855550328165
6,CA0430800,"Milpitas, CA",theft,0.023230761582622765,-0.00738780465246998,0.028664853414172752
7,CA0430800,"Milpitas, CA",theft,0.05336929189175766,0.033939003946672416,0.02863206282751321
8,CA0430800,"Milpitas, CA",theft,0.06714888840375174,0.042885692030174866,0.028664853414172752
9,CA0430800,"Milpitas, CA",theft,0.044121015690036715,0.007767957437472278,0.028685855550328165
10,CA0430800,"Milpitas, CA",theft,0.022895821795177324,-0.003708375235223696,0.02869954948910627
11,CA0430800,"Milpitas, CA",theft,0.029789499310822014,0.0336366801953218,0.028685855550328158
12,CA0430800,"Milpitas, CA",theft,0.018948850558136773,0.04906386228710788,0.028664853414172752
1,CA0431100,"Mountain View, CA",theft,-0.042789109977786455,0.015336963989543774,0.028620400203789535
2,CA0431100,"Mountain View, CA",theft,-0.09874831863054001,-0.031708773459155265,0.02864159982703697
3,CA0431100,"Mountain View, CA",theft,-0.08630062783079621,-0.04050255241659337,0.02866619274746831
4,CA0431100,"Mountain View, CA",theft,-0.033476003709148536,-0.041071277534623106,0.028658367900254254
5,CA0431100,"Mountain View, CA",theft,0.00180993091596623,-0.04342435664746513,0.028666192747468313
6,CA0431100,"Mountain View, CA",theft,0.023230761582622765,-0.01960721823863682,0.02864159982703697
7,CA0431100,"Mountain View, CA",theft,0.05336929189175766,0.01719390335193808,0.02862040020378953
8,CA0431100,"Mountain View, CA",theft,0.06714888840375174,0.017886987590911577,0.02864159982703697
9,CA0431100,"Mountain View, CA",theft,0.044121015690036715,-0.0058501007931322044,0.028666192747468313
10,CA0431100,"Mountain View, CA",theft,0.022895821795177324,0.008540410193141236,0.028658367900254254
11,CA0431100,"Mountain View, CA",theft,0.029789499310822014,0.05724614251570882,0.02866619274746831
12,CA0431100,"Mountain View, CA",theft,0.018948850558136773,0.06595987144836242,0.028641599827036967
1,CA0431200,"Palo Alto, CA",theft,-0.042789109977786455,0.05157035488839977,0.028929410195101677
2,CA0431200,"Palo Alto, CA",theft,-0.09874831863054001,-0.010565532721501151,0.028939089783682054
3,CA0431200,"Palo Alto, CA",theft,-0.08630062783079621,-0.07206119200601806,0.02896977932920147
4,CA0431200,"Palo Alto, CA",theft,-0.033476003709148536,-0.0819136062214882,0.02898881211127203
5,CA0431200,"Palo Alto, CA",theft,0.00180993091596623,-0.05051653512715915,0.028969779329201473
6,CA0431200,"Palo Alto, CA",theft,0.023230761582622765,-0.018044374247048568,0.028939089783682054
7,CA0431200,"Palo Alto, CA",theft,0.05336929189175766,0.002725690287620266,0.028929410195101674
8,CA0431200,"Palo Alto, CA",theft,0.06714888840375174,0.018116180278179492,0.028939089783682054
9,CA0431200,"Palo Alto, CA",theft,0.044121015690036715,0.025315794386676325,0.028969779329201476
10,CA0431200,"Palo Alto, CA",theft,0.022895821795177324,0.027617561045468156,0.02898881211127203
11,CA0431200,"Palo Alto, CA",theft,0.029789499310822014,0.042965887570480824,0.02896977932920147
12,CA0431200,"Palo Alto, CA",theft,0.018948850558136773,0.06478977186639029,0.028939089783682054
1,CA0431400,"Santa Clara, CA",theft,-0.042789109977786455,0.060901695216947466,0.027569825663689106
2,CA0431400,"Santa Clara, CA",theft,-0.09874831863054001,-0.042099853894508696,0.027603962327032924
3,CA0431400,"Santa Clara, CA",theft,-0.08630062783079621,-0.07860136343485245,0.027614287026085982
4,CA0431400,"Santa Clara, CA",theft,-0.033476003709148536,-0.07887821422229505,0.02763066910883036
5,CA0431400,"Santa Clara, CA",theft,0.00180993091596623,-0.08760174211342735,0.02761428702608599
6,CA0431400,"Santa Clara, CA",theft,0.023230761582622765,-0.06710541420688237,0.027603962327032924
7,CA0431400,"Santa Clara, CA",theft,0.05336929189175766,-0.0037730740251603247,0.027569825663689103
8,CA0431400,"Santa Clara, CA",theft,0.06714888840375174,0.029185831738113517,0.027603962327032924
9,CA0431400,"Santa Clara, CA",theft,0.044121015690036715,0.008558720086670095,0.02761428702608599
10,CA0431400,"Santa Clara, CA",theft,0.022895821795177324,0.021749593030507892,0.02763066910883036
11,CA0431400,"Santa Clara, CA",theft,0.029789499310822014,0.10051576426982252,0.027614287026085982
12,CA0431400,"Santa Clara, CA",theft,0.018948850558136773,0.13714805755506473,0.02760396232703292
1,CA0431600,"Sunnyvale, CA",theft,-0.042789109977786455,0.03207209994985824,0.028064033095186416
2,CA0431600,"Sunnyvale, CA",theft,-0.09874831863054001,-0.02871619840012893,0.028109717833653302
3,CA0431600,"Sunnyvale, CA",theft,-0.08630062783079621,-0.05516315701413137,0.028111414513222487
4,CA0431600,"Sunnyvale, CA",theft,-0.033476003709148536,-0.051611306388290284,0.02814353515410843
5,CA0431600,"Sunnyvale, CA",theft,0.00180993091596623,-0.04703144421614494,0.02811141451322249
6,CA0431600,"Sunnyvale, CA",theft,0.023230761582622765,-0.02925560680266548,0.028109717833653302
7,CA0431600,"Sunnyvale, CA",theft,0.05336929189175766,0.011126605514903359,0.028064033095186413
8,CA0431600,"Sunnyvale, CA",theft,0.06714888840375174,0.03408785388128056,0.028109717833653302
9,CA0431600,"Sunnyvale, CA",theft,0.044121015690036715,0.017336107030521367,0.02811141451322249
10,CA0431600,"Sunnyvale, CA",theft,0.022895821795177324,0.008412600923528685,0.02814353515410843
11,CA0431600,"Sunnyvale, CA",theft,0.029789499310822014,0.04165978873499331,0.028111414513222487
12,CA0431600,"Sunnyvale, CA",theft,0.018948850558136773,0.0670826567862755,0.028109717833653302
1,CA0440000,"Santa Cruz, CA",theft,-0.042789109977786455,0.004889716478009379,0.03045124803028731
2,CA0440000,"Santa Cruz, CA",theft,-0.09874831863054001,-0.05552403185742674,0.030548509419633003
3,CA0440000,"Santa Cruz, CA",theft,-0.08630062783079621,-0.0500171676887247,0.030532682705748
4,CA0440000,"Santa Cruz, CA",theft,-0.033476003709148536,0.00300550711201872,0.030599508691029224
5,CA0440000,"Santa Cruz, CA",theft,0.00180993091596623,0.019650656664001415,0.030532682705748004
6,CA0440000,"Santa Cruz, CA",theft,0.023230761582622765,0.010414787802971507,0.030548509419633003
7,CA0440000,"Santa Cruz, CA",theft,0.05336929189175766,0.03198780615687495,0.030451248030287304
8,CA0440000,"Santa Cruz, CA",theft,0.06714888840375174,0.05013456755038119,0.030548509419633003
9,CA0440000,"Santa Cruz, CA",theft,0.044121015690036715,0.007750180746794804,0.030532682705748004
10,CA0440000,"Santa Cruz, CA",theft,0.022895821795177324,-0.03988302974690307,0.030599508691029224
11,CA0440000,"Santa Cruz, CA",theft,0.029789499310822014,-0.014261192356955861,0.030532682705748
12,CA0440000,"Santa Cruz, CA",theft,0.018948850558136773,0.03185219913895839,0.030548509419633003
1,CA0440200,"Santa Cruz, CA",theft,-0.042789109977786455,-0.047787281314513916,0.028590161525241593
2,CA0440200,"Santa Cruz, CA",theft,-0.09874831863054001,-0.07034065503258294,0.028670720085746497
3,CA0440200,"Santa Cruz, CA",theft,-0.08630062783079621,-0.048147035676229584,0.028642423209438255
4,CA0440200,"Santa Cruz, CA",theft,-0.033476003709148536,-0.005816000573684566,0.02867325477386453
5,CA0440200,"Santa Cruz, CA",theft,0.00180993091596623,0.008305491011445936,0.02864242320943826
6,CA0440200,"Santa Cruz, CA",theft,0.023230761582622765,0.006125259192992589,0.028670720085746497
7,CA0440200,"Santa Cruz, CA",theft,0.05336929189175766,0.02910055273007482,0.02859016152524159
8,CA0440200,"Santa Cruz, CA",theft,0.06714888840375174,0.0622233152691038,0.028670720085746497
9,CA0440200,"Santa Cruz, CA",theft,0.044121015690036715,0.05871642449718954,0.028642423209438262
10,CA0440200,"Santa Cruz, CA",theft,0.022895821795177324,0.02450272915812367,0.02867325477386453
11,CA0440200,"Santa Cruz, CA",theft,0.029789499310822014,-1.881512479668315e-4,0.028642423209438255
12,CA0440200,"Santa Cruz, CA",theft,0.018948850558136773,-0.01669464801395253,0.028670720085746497
1,CA0480300,"Fairfield, CA",theft,-0.042789109977786455,0.019203004310540107,0.028288886195467287
2,CA0480300,"Fairfield, CA",theft,-0.09874831863054001,-0.06165017655900913,0.0283154815961475
3,CA0480300,"Fairfield, CA",theft,-0.08630062783079621,-0.07997142466544431,0.02833672686822239
4,CA0480300,"Fairfield, CA",theft,-0.033476003709148536,-0.03830558928976052,0.028342228966007285
5,CA0480300,"Fairfield, CA",theft,0.00180993091596623,-0.015399017431626475,0.028336726868222393
6,CA0480300,"Fairfield, CA",theft,0.023230761582622765,-0.01930596404262142,0.0283154815961475
7,CA0480300,"Fairfield, CA",theft,0.05336929189175766,0.0016128516177760879,0.028288886195467284
8,CA0480300,"Fairfield, CA",theft,0.06714888840375174,0.03604957523629325,0.0283154815961475
9,CA0480300,"Fairfield, CA",theft,0.044121015690036715,0.033554967414412204,0.028336726868222393
10,CA0480300,"Fairfield, CA",theft,0.022895821795177324,0.01748973336144433,0.028342228966007285
11,CA0480300,"Fairfield, CA",theft,0.029789499310822014,0.04099961875434235,0.02833672686822239
12,CA0480300,"Fairfield, CA",theft,0.018948850558136773,0.06572242129365352,0.0283154815961475
1,CA0480600,"Vacaville, CA",theft,-0.042789109977786455,0.049038767241010486,0.02888885635917832
2,CA0480600,"Vacaville, CA",theft,-0.09874831863054001,-0.03257568183778657,0.028927335577405074
3,CA0480600,"Vacaville, CA",theft,-0.08630062783079621,-0.06953628236472002,0.028947411398249287
4,CA0480600,"Vacaville, CA",theft,-0.033476003709148536,-0.06720961385588545,0.028966443544616863
5,CA0480600,"Vacaville, CA",theft,0.00180993091596623,-0.0609080776148583,0.02894741139824929
6,CA0480600,"Vacaville, CA",theft,0.023230761582622765,-0.03585584639367173,0.028927335577405074
7,CA0480600,"Vacaville, CA",theft,0.05336929189175766,0.014032000152501745,0.028888856359178317
8,CA0480600,"Vacaville, CA",theft,0.06714888840375174,0.03583823193245702,0.028927335577405074
9,CA0480600,"Vacaville, CA",theft,0.044121015690036715,0.009728065065878215,0.02894741139824929
10,CA0480600,"Vacaville, CA",theft,0.022895821795177324,0.004138846462373199,0.028966443544616863
11,CA0480600,"Vacaville, CA",theft,0.029789499310822014,0.05764552752018784,0.028947411398249287
12,CA0480600,"Vacaville, CA",theft,0.018948850558136773,0.09566406369251355,0.028927335577405074
1,CA0480700,"Vallejo, CA",theft,-0.042789109977786455,0.013291843967175119,0.028294724617113673
2,CA0480700,"Vallejo, CA",theft,-0.09874831863054001,-0.026759733215014136,0.028323912725978458
3,CA0480700,"Vallejo, CA",theft,-0.08630062783079621,-0.04503149758913762,0.028341087338035743
4,CA0480700,"Vallejo, CA",theft,-0.033476003709148536,-0.02858711966846732,0.028369364525262734
5,CA0480700,"Vallejo, CA",theft,0.00180993091596623,-0.010805718779691918,0.028341087338035746
6,CA0480700,"Vallejo, CA",theft,0.023230761582622765,-0.001100673170191046,0.028323912725978458
7,CA0480700,"Vallejo, CA",theft,0.05336929189175766,0.01861372832683716,0.02829472461711367
8,CA0480700,"Vallejo, CA",theft,0.06714888840375174,0.03602564400804999,0.028323912725978458
9,CA0480700,"Vallejo, CA",theft,0.044121015690036715,0.02239183608816118,0.028341087338035746
10,CA0480700,"Vallejo, CA",theft,0.022895821795177324,-0.0033184526255449496,0.028369364525262734
11,CA0480700,"Vallejo, CA",theft,0.029789499310822014,0.0015398079866560587,0.028341087338035743
12,CA0480700,"Vallejo, CA",theft,0.018948850558136773,0.02374033467116748,0.028323912725978458
1,CA0490000,"Sonoma, CA",theft,-0.042789109977786455,-0.054223332395242095,0.03358243650987061
2,CA0490000,"Sonoma, CA",theft,-0.09874831863054001,-0.1086893020359094,0.033661512338733095
3,CA0490000,"Sonoma, CA",theft,-0.08630062783079621,-0.07696226380918983,0.03367238738346432
4,CA0490000,"Sonoma, CA",theft,-0.033476003709148536,-0.021265178391820665,0.0336927095628333
5,CA0490000,"Sonoma, CA",theft,0.00180993091596623,0.00226673196103092,0.03367238738346432
6,CA0490000,"Sonoma, CA",theft,0.023230761582622765,0.033234388128797254,0.033661512338733095
7,CA0490000,"Sonoma, CA",theft,0.05336929189175766,0.08534463012720339,0.03358243650987061
8,CA0490000,"Sonoma, CA",theft,0.06714888840375174,0.08733709787190885,0.033661512338733095
9,CA0490000,"Sonoma, CA",theft,0.044121015690036715,0.024488761913227967,0.03367238738346432
10,CA0490000,"Sonoma, CA",theft,0.022895821795177324,-0.009856119340140652,0.0336927095628333
11,CA0490000,"Sonoma, CA",theft,0.029789499310822014,0.019085472202969595,0.03367238738346432
12,CA0490000,"Sonoma, CA",theft,0.018948850558136773,0.019239113767164678,0.033661512338733095
1,CA0490500,"Santa Rosa, CA",theft,-0.042789109977786455,0.027436869136366882,0.028313712834579986
2,CA0490500,"Santa Rosa, CA",theft,-0.09874831863054001,-0.03442747620270823,0.02834501516052741
3,CA0490500,"Santa Rosa, CA",theft,-0.08630062783079621,-0.05901700924049751,0.02836893549848089
4,CA0490500,"Santa Rosa, CA",theft,-0.033476003709148536,-0.0283634316559923,0.028383843945515973
5,CA0490500,"Santa Rosa, CA",theft,0.00180993091596623,0.0032055911805600546,0.02836893549848089
6,CA0490500,"Santa Rosa, CA",theft,0.023230761582622765,0.007887146764138327,0.02834501516052741
7,CA0490500,"Santa Rosa, CA",theft,0.05336929189175766,0.009175395567578421,0.028313712834579983
8,CA0490500,"Santa Rosa, CA",theft,0.06714888840375174,0.012668151722751344,0.028345015160527412
9,CA0490500,"Santa Rosa, CA",theft,0.044121015690036715,6.454200565953092e-4,0.028368935498480893
10,CA0490500,"Santa Rosa, CA",theft,0.022895821795177324,-0.008248833047953007,0.028383843945515973
11,CA0490500,"Santa Rosa, CA",theft,0.029789499310822014,0.018553733299396833,0.02836893549848089
12,CA0490500,"Santa Rosa, CA",theft,0.018948850558136773,0.05048444241976389,0.02834501516052741
1,CA0490800,"Petaluma, CA",theft,-0.042789109977786455,0.01014703323141092,0.032405470719083104
2,CA0490800,"Petaluma, CA",theft,-0.09874831863054001,-0.023131987487706687,0.03247960088799906
3,CA0490800,"Petaluma, CA",theft,-0.08630062783079621,-0.04255180314388625,0.0324882256300152
4,CA0490800,"Petaluma, CA",theft,-0.033476003709148536,-0.01302765480634697,0.032501983988947526
5,CA0490800,"Petaluma, CA",theft,0.00180993091596623,0.0430921539451471,0.0324882256300152
6,CA0490800,"Petaluma, CA",theft,0.023230761582622765,0.057630015511832895,0.03247960088799906
7,CA0490800,"Petaluma, CA",theft,0.05336929189175766,0.010361934977142212,0.0324054707190831
8,CA0490800,"Petaluma, CA",theft,0.06714888840375174,-0.04041309685721195,0.03247960088799906
9,CA0490800,"Petaluma, CA",theft,0.044121015690036715,-0.04150224940958556,0.0324882256300152
10,CA0490800,"Petaluma, CA",theft,0.022895821795177324,-0.007481313402206163,0.032501983988947526
11,CA0490800,"Petaluma, CA",theft,0.029789499310822014,0.020452930399771557,0.0324882256300152
12,CA0490800,"Petaluma, CA",theft,0.018948850558136773,0.026424037041638884,0.03247960088799906
1,CA0540000,"Tulare, CA",theft,-0.042789109977786455,-0.004074089810321479,0.029512522803162237
2,CA0540000,"Tulare, CA",theft,-0.09874831863054001,-0.028201705172057986,0.029541374754742066
3,CA0540000,"Tulare, CA",theft,-0.08630062783079621,-0.029592598071339307,0.02958473497227335
4,CA0540000,"Tulare, CA",theft,-0.033476003709148536,-0.007688119787725572,0.02957142008904674
5,CA0540000,"Tulare, CA",theft,0.00180993091596623,0.010425167584553158,0.029584734972273354
6,CA0540000,"Tulare, CA",theft,0.023230761582622765,0.018414294734786396,0.029541374754742066
7,CA0540000,"Tulare, CA",theft,0.05336929189175766,0.026026974385698294,0.029512522803162234
8,CA0540000,"Tulare, CA",theft,0.06714888840375174,0.024667610318690338,0.029541374754742066
9,CA0540000,"Tulare, CA",theft,0.044121015690036715,0.004105618642594824,0.029584734972273357
10,CA0540000,"Tulare, CA",theft,0.022895821795177324,-0.014264764787651247,0.02957142008904674
11,CA0540000,"Tulare, CA",theft,0.029789499310822014,-0.006891072731185516,0.02958473497227335
12,CA0540000,"Tulare, CA",theft,0.018948850558136773,0.007072684693958091,0.029541374754742066
1,CA0540500,"Porterville, CA",theft,-0.042789109977786455,0.022664349489260053,0.03161212036654661
2,CA0540500,"Porterville, CA",theft,-0.09874831863054001,-0.052287586983015034,0.03165445314801433
3,CA0540500,"Porterville, CA",theft,-0.08630062783079621,-0.07098373940204797,0.03164866497095822
4,CA0540500,"Porterville, CA",theft,-0.033476003709148536,-0.024395243755830257,0.03165262383265783
5,CA0540500,"Porterville, CA",theft,0.00180993091596623,0.004754735227070861,0.03164866497095822
6,CA0540500,"Porterville, CA",theft,0.023230761582622765,-0.0156786476714911,0.03165445314801433
7,CA0540500,"Porterville, CA",theft,0.05336929189175766,-0.02825063388174791,0.031612120366546606
8,CA0540500,"Porterville, CA",theft,0.06714888840375174,-0.00321371596069694,0.03165445314801433
9,CA0540500,"Porterville, CA",theft,0.044121015690036715,0.021068720850823782,0.031648664970958224
10,CA0540500,"Porterville, CA",theft,0.022895821795177324,0.02998152814831811,0.03165262383265783
11,CA0540500,"Porterville, CA",theft,0.029789499310822014,0.050746567716641135,0.03164866497095822
12,CA0540500,"Porterville, CA",theft,0.018948850558136773,0.06559366622271526,0.03165445314801433
1,CA0540600,"Tulare, CA",theft,-0.042789109977786455,0.022024678672079405,0.03084588401544617
2,CA0540600,"Tulare, CA",theft,-0.09874831863054001,-0.05299801517540601,0.03089031376530022
3,CA0540600,"Tulare, CA",theft,-0.08630062783079621,-0.07436710615866962,0.03089788189448739
4,CA0540600,"Tulare, CA",theft,-0.033476003709148536,-0.03236680373785094,0.030926320705331054
5,CA0540600,"Tulare, CA",theft,0.00180993091596623,-0.008009478282109992,0.030897881894487392
6,CA0540600,"Tulare, CA",theft,0.023230761582622765,-0.016315351826209468,0.03089031376530022
7,CA0540600,"Tulare, CA",theft,0.05336929189175766,0.0015623593827578097,0.030845884015446162
8,CA0540600,"Tulare, CA",theft,0.06714888840375174,0.040693578284846474,0.03089031376530022
9,CA0540600,"Tulare, CA",theft,0.044121015690036715,0.03847563121327286,0.030897881894487396
10,CA0540600,"Tulare, CA",theft,0.022895821795177324,0.008779765683013743,0.030926320705331054
11,CA0540600,"Tulare, CA",theft,0.029789499310822014,0.020313915172669526,0.03089788189448739
12,CA0540600,"Tulare, CA",theft,0.018948850558136773,0.052206826771606214,0.03089031376530022
1,CA0540700,"Visalia, CA",theft,-0.042789109977786455,0.0064356964539360895,0.027893025472733233
2,CA0540700,"Visalia, CA",theft,-0.09874831863054001,-0.048126026193147715,0.027914887594397354
3,CA0540700,"Visalia, CA",theft,-0.08630062783079621,-0.03389045386231849,0.027928967707046934
4,CA0540700,"Visalia, CA",theft,-0.033476003709148536,-0.012327838867607964,0.02793453647190279
5,CA0540700,"Visalia, CA",theft,0.00180993091596623,-0.022777577296309866,0.027928967707046937
6,CA0540700,"Visalia, CA",theft,0.023230761582622765,-0.02339839387977903,0.027914887594397354
7,CA0540700,"Visalia, CA",theft,0.05336929189175766,-0.0010486077352004127,0.02789302547273323
8,CA0540700,"Visalia, CA",theft,0.06714888840375174,-0.002729913630077933,0.027914887594397354
9,CA0540700,"Visalia, CA",theft,0.044121015690036715,-0.022352574679642905,0.02792896770704694
10,CA0540700,"Visalia, CA",theft,0.022895821795177324,0.0069407501488722625,0.02793453647190279
11,CA0540700,"Visalia, CA",theft,0.029789499310822014,0.07363351711953552,0.027928967707046934
12,CA0540700,"Visalia, CA",theft,0.018948850558136773,0.07964142242174044,0.027914887594397354
1,CA0560100,"Camarillo, CA",theft,-0.042789109977786455,-0.04985088607512672,0.031665036413682374
2,CA0560100,"Camarillo, CA",theft,-0.09874831863054001,-0.07974028435483065,0.03166398145395036
3,CA0560100,"Camarillo, CA",theft,-0.08630062783079621,-0.03185223977438957,0.031669493923198844
4,CA0560100,"Camarillo, CA",theft,-0.033476003709148536,0.009779795697736564,0.03169014400508408
5,CA0560100,"Camarillo, CA",theft,0.00180993091596623,-0.0070105914011157665,0.03166949392319885
6,CA0560100,"Camarillo, CA",theft,0.023230761582622765,-0.017115975854688346,0.03166398145395036
7,CA0560100,"Camarillo, CA",theft,0.05336929189175766,0.02257335126779146,0.03166503641368237
8,CA0560100,"Camarillo, CA",theft,0.06714888840375174,0.050798482955304786,0.03166398145395036
9,CA0560100,"Camarillo, CA",theft,0.044121015690036715,0.03018797318219893,0.03166949392319885
10,CA0560100,"Camarillo, CA",theft,0.022895821795177324,0.017497739109598683,0.03169014400508408
11,CA0560100,"Camarillo, CA",theft,0.029789499310822014,0.03595239280064161,0.031669493923198844
12,CA0560100,"Camarillo, CA",theft,0.018948850558136773,0.018780242446879026,0.03166398145395036
1,CA0560400,"Oxnard, CA",theft,-0.042789109977786455,0.032336477695841526,0.02757418582714202
2,CA0560400,"Oxnard, CA",theft,-0.09874831863054001,-0.009356221301809046,0.027609756583556442
3,CA0560400,"Oxnard, CA",theft,-0.08630062783079621,-0.023195700126307534,0.027635991173423143
4,CA0560400,"Oxnard, CA",theft,-0.033476003709148536,5.305593808576865e-4,0.027634703492329923
5,CA0560400,"Oxnard, CA",theft,0.00180993091596623,1.492895050737641e-4,0.027635991173423146
6,CA0560400,"Oxnard, CA",theft,0.023230761582622765,-0.021978299911974142,0.027609756583556442
7,CA0560400,"Oxnard, CA",theft,0.05336929189175766,-0.005988165321097991,0.027574185827142016
8,CA0560400,"Oxnard, CA",theft,0.06714888840375174,0.03193194906483752,0.027609756583556442
9,CA0560400,"Oxnard, CA",theft,0.044121015690036715,0.01942311551459246,0.027635991173423146
10,CA0560400,"Oxnard, CA",theft,0.022895821795177324,-0.026878871755601205,0.027634703492329923
11,CA0560400,"Oxnard, CA",theft,0.029789499310822014,-0.022725017268102225,0.027635991173423143
12,CA0560400,"Oxnard, CA",theft,0.018948850558136773,0.02575088452368918,0.02760975658355644
1,CA0560700,"Thousand Oaks, CA",theft,-0.042789109977786455,0.002098429643659057,0.02990001719064568
2,CA0560700,"Thousand Oaks, CA",theft,-0.09874831863054001,-0.06492629740265482,0.029925256291738513
3,CA0560700,"Thousand Oaks, CA",theft,-0.08630062783079621,-0.062333506434574956,0.029959651852957767
4,CA0560700,"Thousand Oaks, CA",theft,-0.033476003709148536,-0.010625365907450007,0.029979803051387817
5,CA0560700,"Thousand Oaks, CA",theft,0.00180993091596623,0.0077455628946817776,0.029959651852957767
6,CA0560700,"Thousand Oaks, CA",theft,0.023230761582622765,0.0030962101930825394,0.029925256291738513
7,CA0560700,"Thousand Oaks, CA",theft,0.05336929189175766,0.02923347395852331,0.029900017190645677
8,CA0560700,"Thousand Oaks, CA",theft,0.06714888840375174,0.05244621704736818,0.029925256291738513
9,CA0560700,"Thousand Oaks, CA",theft,0.044121015690036715,0.018521522477105944,0.02995965185295777
10,CA0560700,"Thousand Oaks, CA",theft,0.022895821795177324,-0.02070653769473236,0.029979803051387817
11,CA0560700,"Thousand Oaks, CA",theft,0.029789499310822014,0.004734517460604845,0.029959651852957767
12,CA0560700,"Thousand Oaks, CA",theft,0.018948850558136773,0.04071577376438648,0.029925256291738513
1,CA0560800,"Ventura, CA",theft,-0.042789109977786455,-0.005749081194503868,0.028090532399044837
2,CA0560800,"Ventura, CA",theft,-0.09874831863054001,-0.05437398389102621,0.02814383010347111
3,CA0560800,"Ventura, CA",theft,-0.08630062783079621,-0.06499805050759093,0.028157361082130048
4,CA0560800,"Ventura, CA",theft,-0.033476003709148536,-0.027904800756636122,0.0281875609915411
5,CA0560800,"Ventura, CA",theft,0.00180993091596623,0.009527742103849478,0.028157361082130055
6,CA0560800,"Ventura, CA",theft,0.023230761582622765,0.029855880175114254,0.02814383010347111
7,CA0560800,"Ventura, CA",theft,0.05336929189175766,0.048778026930975646,0.028090532399044833
8,CA0560800,"Ventura, CA",theft,0.06714888840375174,0.05288799946016788,0.02814383010347111
9,CA0560800,"Ventura, CA",theft,0.044121015690036715,0.02048312034026081,0.028157361082130055
10,CA0560800,"Ventura, CA",theft,0.022895821795177324,-0.015124144979835651,0.0281875609915411
11,CA0560800,"Ventura, CA",theft,0.029789499310822014,-0.008041757672991158,0.028157361082130048
12,CA0560800,"Ventura, CA",theft,0.018948850558136773,0.014659049992215876,0.02814383010347111
1,CA0560900,"Simi Valley, CA",theft,-0.042789109977786455,0.014497112317777257,0.03054464370406607
2,CA0560900,"Simi Valley, CA",theft,-0.09874831863054001,-0.045682715402445555,0.030584451380883965
3,CA0560900,"Simi Valley, CA",theft,-0.08630062783079621,-0.05377702442129101,0.030645799451636157
4,CA0560900,"Simi Valley, CA",theft,-0.033476003709148536,1.8073000751287158e-4,0.030626341428726757
5,CA0560900,"Simi Valley, CA",theft,0.00180993091596623,0.03733424636374203,0.03064579945163616
6,CA0560900,"Simi Valley, CA",theft,0.023230761582622765,0.030762284552349212,0.030584451380883965
7,CA0560900,"Simi Valley, CA",theft,0.05336929189175766,0.023535100840796616,0.030544643704066066
8,CA0560900,"Simi Valley, CA",theft,0.06714888840375174,0.020634442481382593,0.030584451380883965
9,CA0560900,"Simi Valley, CA",theft,0.044121015690036715,-0.00930346165834584,0.030645799451636164
10,CA0560900,"Simi Valley, CA",theft,0.022895821795177324,-0.038212943166086734,0.030626341428726757
11,CA0560900,"Simi Valley, CA",theft,0.029789499310822014,-0.012285973442679074,0.030645799451636157
12,CA0560900,"Simi Valley, CA",theft,0.018948850558136773,0.03231820152728762,0.030584451380883965
1,CA0570100,"Davis, CA",theft,-0.042789109977786455,-0.026337105925992955,0.029091136474694818
2,CA0570100,"Davis, CA",theft,-0.09874831863054001,-0.05442498458582186,0.029123963302212848
3,CA0570100,"Davis, CA",theft,-0.08630062783079621,-0.07859069955717897,0.029140972150172518
4,CA0570100,"Davis, CA",theft,-0.033476003709148536,-0.0848299258078149,0.029110087813179707
5,CA0570100,"Davis, CA",theft,0.00180993091596623,-0.05243938544303422,0.029140972150172518
6,CA0570100,"Davis, CA",theft,0.023230761582622765,-0.014049171039989539,0.029123963302212848
7,CA0570100,"Davis, CA",theft,0.05336929189175766,-0.004216081326522014,0.029091136474694815
8,CA0570100,"Davis, CA",theft,0.06714888840375174,0.00955943139454729,0.029123963302212848
9,CA0570100,"Davis, CA",theft,0.044121015690036715,0.06427833361841934,0.02914097215017252
10,CA0570100,"Davis, CA",theft,0.022895821795177324,0.11538311306032986,0.029110087813179707
11,CA0570100,"Davis, CA",theft,0.029789499310822014,0.09730493863430877,0.029140972150172518
12,CA0570100,"Davis, CA",theft,0.018948850558136773,0.028361536978749203,0.029123963302212848
1,CO0010000,"Adams, CO",theft,-0.042789109977786455,-0.014002567278699422,0.029054269198444813
2,CO0010000,"Adams, CO",theft,-0.09874831863054001,-0.08193018683714136,0.029122260652978963
3,CO0010000,"Adams, CO",theft,-0.08630062783079621,-0.08983364021831233,0.02915959253016526
4,CO0010000,"Adams, CO",theft,-0.033476003709148536,0.0037501280146865668,0.02916483940473909
5,CO0010000,"Adams, CO",theft,0.00180993091596623,0.07628367114671356,0.029159592530165264
6,CO0010000,"Adams, CO",theft,0.023230761582622765,0.06881559412189381,0.029122260652978963
7,CO0010000,"Adams, CO",theft,0.05336929189175766,0.06278305628988474,0.02905426919844481
8,CO0010000,"Adams, CO",theft,0.06714888840375174,0.08146366385344224,0.029122260652978963
9,CO0010000,"Adams, CO",theft,0.044121015690036715,0.04058662822342791,0.029159592530165267
10,CO0010000,"Adams, CO",theft,0.022895821795177324,-0.052530617025871855,0.02916483940473909
11,CO0010000,"Adams, CO",theft,0.029789499310822014,-0.07581714816301445,0.029159592530165264
12,CO0010000,"Adams, CO",theft,0.018948850558136773,-0.019568582127009425,0.02912226065297896
1,CO0010100,"Aurora, CO",theft,-0.042789109977786455,-0.0428854814372377,0.02629525680642819
2,CO0010100,"Aurora, CO",theft,-0.09874831863054001,-0.06259349538025122,0.026304750007623386
3,CO0010100,"Aurora, CO",theft,-0.08630062783079621,-0.031697602449966895,0.02633596789661632
4,CO0010100,"Aurora, CO",theft,-0.033476003709148536,-1.5382275257097206e-4,0.02633868592815713
5,CO0010100,"Aurora, CO",theft,0.00180993091596623,0.005991433652729495,0.026335967896616325
6,CO0010100,"Aurora, CO",theft,0.023230761582622765,0.015425891578062696,0.026304750007623386
7,CO0010100,"Aurora, CO",theft,0.05336929189175766,0.03482358504408072,0.026295256806428188
8,CO0010100,"Aurora, CO",theft,0.06714888840375174,0.0316034353309006,0.026304750007623386
9,CO0010100,"Aurora, CO",theft,0.044121015690036715,0.008769438793773222,0.026335967896616325
10,CO0010100,"Aurora, CO",theft,0.022895821795177324,0.008215719145727942,0.02633868592815713
11,CO0010100,"Aurora, CO",theft,0.029789499310822014,0.024998626396621117,0.02633596789661632
12,CO0010100,"Aurora, CO",theft,0.018948850558136773,0.007502272078131011,0.026304750007623386
1,CO0010400,"Thornton, CO",theft,-0.042789109977786455,1.5149429140353104e-4,0.027262709400893672
2,CO0010400,"Thornton, CO",theft,-0.09874831863054001,-0.07327700844636752,0.027290974174656694
3,CO0010400,"Thornton, CO",theft,-0.08630062783079621,-0.0638153151094834,0.0273093306792272
4,CO0010400,"Thornton, CO",theft,-0.033476003709148536,-0.008317473390653207,0.027322673643222384
5,CO0010400,"Thornton, CO",theft,0.00180993091596623,0.0011957402394916507,0.027309330679227202
6,CO0010400,"Thornton, CO",theft,0.023230761582622765,-0.013001203689869099,0.027290974174656694
7,CO0010400,"Thornton, CO",theft,0.05336929189175766,0.01500353661162292,0.02726270940089367
8,CO0010400,"Thornton, CO",theft,0.06714888840375174,0.047335458851492,0.027290974174656694
9,CO0010400,"Thornton, CO",theft,0.044121015690036715,0.022718734611581422,0.027309330679227205
10,CO0010400,"Thornton, CO",theft,0.022895821795177324,-0.006837557512373253,0.027322673643222384
11,CO0010400,"Thornton, CO",theft,0.029789499310822014,0.02474580935538385,0.0273093306792272
12,CO0010400,"Thornton, CO",theft,0.018948850558136773,0.0540977841877711,0.027290974174656694
1,CO0030000,"Arapahoe, CO",theft,-0.042789109977786455,-0.056963350290385066,0.02890893310644784
2,CO0030000,"Arapahoe, CO",theft,-0.09874831863054001,-0.11849511649770317,0.0289202537477658
3,CO0030000,"Arapahoe, CO",theft,-0.08630062783079621,-0.052062225295893494,0.02893672981800669
4,CO0030000,"Arapahoe, CO",theft,-0.033476003709148536,0.023895489370079348,0.028940267211683007
5,CO0030000,"Arapahoe, CO",theft,0.00180993091596623,0.018311511591829328,0.02893672981800669
6,CO0030000,"Arapahoe, CO",theft,0.023230761582622765,0.006845973079034192,0.0289202537477658
7,CO0030000,"Arapahoe, CO",theft,0.05336929189175766,0.042209691949937386,0.028908933106447838
8,CO0030000,"Arapahoe, CO",theft,0.06714888840375174,0.04616329266963688,0.0289202537477658
9,CO0030000,"Arapahoe, CO",theft,0.044121015690036715,-0.005515940191725148,0.028936729818006695
10,CO0030000,"Arapahoe, CO",theft,0.022895821795177324,-0.00914183102963169,0.028940267211683007
11,CO0030000,"Arapahoe, CO",theft,0.029789499310822014,0.054020312236236934,0.02893672981800669
12,CO0030000,"Arapahoe, CO",theft,0.018948850558136773,0.05073219240858451,0.0289202537477658
1,CO0031100,"Centennial, CO",theft,-0.042789109977786455,-0.06433184012117588,0.02880205218339101
2,CO0031100,"Centennial, CO",theft,-0.09874831863054001,-0.08320881444835548,0.028852806279547245
3,CO0031100,"Centennial, CO",theft,-0.08630062783079621,-0.03136579346803073,0.028868759527813176
4,CO0031100,"Centennial, CO",theft,-0.033476003709148536,0.02133444155190416,0.028885108487976124
5,CO0031100,"Centennial, CO",theft,0.00180993091596623,0.029862585392566282,0.02886875952781318
6,CO0031100,"Centennial, CO",theft,0.023230761582622765,0.04112355523179994,0.028852806279547245
7,CO0031100,"Centennial, CO",theft,0.05336929189175766,0.07303958722110673,0.028802052183391005
8,CO0031100,"Centennial, CO",theft,0.06714888840375174,0.06468152328215497,0.028852806279547245
9,CO0031100,"Centennial, CO",theft,0.044121015690036715,0.004130755201899334,0.028868759527813183
10,CO0031100,"Centennial, CO",theft,0.022895821795177324,-0.03004218865183503,0.028885108487976124
11,CO0031100,"Centennial, CO",theft,0.029789499310822014,-0.01133529422636579,0.02886875952781318
12,CO0031100,"Centennial, CO",theft,0.018948850558136773,-0.0138885169656685,0.028852806279547245
1,CO0070100,"Boulder, CO",theft,-0.042789109977786455,-0.06554425832898143,0.027821167305127795
2,CO0070100,"Boulder, CO",theft,-0.09874831863054001,-0.13139455631199193,0.027900342754999686
3,CO0070100,"Boulder, CO",theft,-0.08630062783079621,-0.1442990662668046,0.02790906975623226
4,CO0070100,"Boulder, CO",theft,-0.033476003709148536,-0.051027619461211024,0.027909095333923002
5,CO0070100,"Boulder, CO",theft,0.00180993091596623,0.05301725657874303,0.027909069756232262
6,CO0070100,"Boulder, CO",theft,0.023230761582622765,0.08676780648744276,0.027900342754999686
7,CO0070100,"Boulder, CO",theft,0.05336929189175766,0.09675177376774982,0.027821167305127792
8,CO0070100,"Boulder, CO",theft,0.06714888840375174,0.12206023386417601,0.027900342754999686
9,CO0070100,"Boulder, CO",theft,0.044121015690036715,0.1037572283802203,0.027909069756232262
10,CO0070100,"Boulder, CO",theft,0.022895821795177324,0.019820104022442636,0.027909095333923002
11,CO0070100,"Boulder, CO",theft,0.029789499310822014,-0.04368293413092715,0.02790906975623226
12,CO0070100,"Boulder, CO",theft,0.018948850558136773,-0.04622596860085844,0.027900342754999686
1,CO0180000,"Douglas, CO",theft,-0.042789109977786455,-0.01489471758000937,0.02836610842864129
2,CO0180000,"Douglas, CO",theft,-0.09874831863054001,-0.09053711989042389,0.028395129163868722
3,CO0180000,"Douglas, CO",theft,-0.08630062783079621,-0.08997110225720653,0.02842561438942007
4,CO0180000,"Douglas, CO",theft,-0.033476003709148536,-0.052282783734013225,0.028434378074537702
5,CO0180000,"Douglas, CO",theft,0.00180993091596623,-0.03240880146987066,0.028425614389420074
6,CO0180000,"Douglas, CO",theft,0.023230761582622765,-0.0045565301795734234,0.028395129163868722
7,CO0180000,"Douglas, CO",theft,0.05336929189175766,0.04852351332859821,0.028366108428641287
8,CO0180000,"Douglas, CO",theft,0.06714888840375174,0.06918173793648646,0.028395129163868722
9,CO0180000,"Douglas, CO",theft,0.044121015690036715,0.034986924554680235,0.028425614389420074
10,CO0180000,"Douglas, CO",theft,0.022895821795177324,0.01865398798542437,0.028434378074537702
11,CO0180000,"Douglas, CO",theft,0.029789499310822014,0.053764183423808065,0.02842561438942007
12,CO0180000,"Douglas, CO",theft,0.018948850558136773,0.059540707882099767,0.028395129163868722
1,CO0180500,"Parker, CO",theft,-0.042789109977786455,-0.020437092629013102,0.03133146278970558
2,CO0180500,"Parker, CO",theft,-0.09874831863054001,-0.1242024920996903,0.03135499630595602
3,CO0180500,"Parker, CO",theft,-0.08630062783079621,-0.12419375074466021,0.03136166084659685
4,CO0180500,"Parker, CO",theft,-0.033476003709148536,-0.03284068679357136,0.031369497164724376
5,CO0180500,"Parker, CO",theft,0.00180993091596623,0.02076077139112918,0.031361660846596855
6,CO0180500,"Parker, CO",theft,0.023230761582622765,0.006313536640164641,0.03135499630595602
7,CO0180500,"Parker, CO",theft,0.05336929189175766,0.008363740390509564,0.03133146278970558
8,CO0180500,"Parker, CO",theft,0.06714888840375174,0.046715805566625586,0.03135499630595602
9,CO0180500,"Parker, CO",theft,0.044121015690036715,0.05878041645009901,0.031361660846596855
10,CO0180500,"Parker, CO",theft,0.022895821795177324,0.04491403903207491,0.031369497164724376
11,CO0180500,"Parker, CO",theft,0.029789499310822014,0.056725915141935514,0.03136166084659685
12,CO0180500,"Parker, CO",theft,0.018948850558136773,0.05909979765439657,0.03135499630595602
1,CO0210000,"El Paso, CO",theft,-0.042789109977786455,-0.03468480810904574,0.02858584650057646
2,CO0210000,"El Paso, CO",theft,-0.09874831863054001,-0.08869822000923101,0.028669227119950565
3,CO0210000,"El Paso, CO",theft,-0.08630062783079621,-0.06894790055156873,0.02864147453889713
4,CO0210000,"El Paso, CO",theft,-0.033476003709148536,-0.009828577696057411,0.02866347073705024
5,CO0210000,"El Paso, CO",theft,0.00180993091596623,0.017633898271095256,0.028641474538897132
6,CO0210000,"El Paso, CO",theft,0.023230761582622765,0.012951339306298392,0.028669227119950565
7,CO0210000,"El Paso, CO",theft,0.05336929189175766,0.01685660018114659,0.028585846500576457
8,CO0210000,"El Paso, CO",theft,0.06714888840375174,0.027958486189586934,0.028669227119950565
9,CO0210000,"El Paso, CO",theft,0.044121015690036715,0.026036374659823756,0.028641474538897132
10,CO0210000,"El Paso, CO",theft,0.022895821795177324,0.027656785623956553,0.02866347073705024
11,CO0210000,"El Paso, CO",theft,0.029789499310822014,0.04310583554854881,0.02864147453889713
12,CO0210000,"El Paso, CO",theft,0.018948850558136773,0.029960186585446594,0.028669227119950565
1,CO0210100,"Colorado Springs, CO",theft,-0.042789109977786455,9.85964324638534e-4,0.026014734800921074
2,CO0210100,"Colorado Springs, CO",theft,-0.09874831863054001,-0.06271760320899708,0.026045685112442957
3,CO0210100,"Colorado Springs, CO",theft,-0.08630062783079621,-0.06770235449887736,0.026062032227508664
4,CO0210100,"Colorado Springs, CO",theft,-0.033476003709148536,-0.01988167220760858,0.0260717386893098
5,CO0210100,"Colorado Springs, CO",theft,0.00180993091596623,-0.0030350873534479164,0.026062032227508667
6,CO0210100,"Colorado Springs, CO",theft,0.023230761582622765,-0.01607049201288509,0.026045685112442957
7,CO0210100,"Colorado Springs, CO",theft,0.05336929189175766,0.009858648119023383,0.02601473480092107
8,CO0210100,"Colorado Springs, CO",theft,0.06714888840375174,0.05822910050451725,0.026045685112442957
9,CO0210100,"Colorado Springs, CO",theft,0.044121015690036715,0.05236923935073561,0.02606203222750867
10,CO0210100,"Colorado Springs, CO",theft,0.022895821795177324,0.009037059763946672,0.0260717386893098
11,CO0210100,"Colorado Springs, CO",theft,0.029789499310822014,0.007523590057927725,0.026062032227508667
12,CO0210100,"Colorado Springs, CO",theft,0.018948850558136773,0.03140360716102685,0.026045685112442957
1,CO0300000,"Jefferson, CO",theft,-0.042789109977786455,-0.004662258947100532,0.028207985529333904
2,CO0300000,"Jefferson, CO",theft,-0.09874831863054001,-0.08755097899366954,0.02826566147931817
3,CO0300000,"Jefferson, CO",theft,-0.08630062783079621,-0.08802470700019546,0.028294621081090935
4,CO0300000,"Jefferson, CO",theft,-0.033476003709148536,-0.030621238498206936,0.028301408245881326
5,CO0300000,"Jefferson, CO",theft,0.00180993091596623,-0.005219025479948774,0.028294621081090935
6,CO0300000,"Jefferson, CO",theft,0.023230761582622765,0.009742955637023749,0.02826566147931817
7,CO0300000,"Jefferson, CO",theft,0.05336929189175766,0.06600330674807006,0.0282079855293339
8,CO0300000,"Jefferson, CO",theft,0.06714888840375174,0.0976672043705333,0.02826566147931817
9,CO0300000,"Jefferson, CO",theft,0.044121015690036715,0.0367998845760897,0.02829462108109094
10,CO0300000,"Jefferson, CO",theft,0.022895821795177324,-0.030719809302762593,0.028301408245881326
11,CO0300000,"Jefferson, CO",theft,0.029789499310822014,-0.004897199896915023,0.028294621081090935
12,CO0300000,"Jefferson, CO",theft,0.018948850558136773,0.04148186678708204,0.02826566147931817
1,CO0300100,"Arvada, CO",theft,-0.042789109977786455,-0.03339708900629744,0.027685999216261963
2,CO0300100,"Arvada, CO",theft,-0.09874831863054001,-0.09894390344689362,0.027734875866184654
3,CO0300100,"Arvada, CO",theft,-0.08630062783079621,-0.08154093450233053,0.02773755130775377
4,CO0300100,"Arvada, CO",theft,-0.033476003709148536,-0.011725465742470095,0.027746468785871232
5,CO0300100,"Arvada, CO",theft,0.00180993091596623,0.021211770035175423,0.02773755130775377
6,CO0300100,"Arvada, CO",theft,0.023230761582622765,0.01431324966936868,0.027734875866184654
7,CO0300100,"Arvada, CO",theft,0.05336929189175766,0.023593378143411878,0.02768599921626196
8,CO0300100,"Arvada, CO",theft,0.06714888840375174,0.0442859771879055,0.027734875866184654
9,CO0300100,"Arvada, CO",theft,0.044121015690036715,0.03668671910622794,0.027737551307753773
10,CO0300100,"Arvada, CO",theft,0.022895821795177324,0.02152917660535565,0.027746468785871232
11,CO0300100,"Arvada, CO",theft,0.029789499310822014,0.033446156223812674,0.02773755130775377
12,CO0300100,"Arvada, CO",theft,0.018948850558136773,0.03054096572673392,0.027734875866184654
1,CO0350300,"Fort Collins, CO",theft,-0.042789109977786455,-0.0990029053168622,0.027386019082693627
2,CO0350300,"Fort Collins, CO",theft,-0.09874831863054001,-0.16709837439254843,0.027413548393880875
3,CO0350300,"Fort Collins, CO",theft,-0.08630062783079621,-0.11143883962991247,0.02742054887021467
4,CO0350300,"Fort Collins, CO",theft,-0.033476003709148536,-0.009361259555533546,0.027425213756076306
5,CO0350300,"Fort Collins, CO",theft,0.00180993091596623,0.012212840164173872,0.027420548870214674
6,CO0350300,"Fort Collins, CO",theft,0.023230761582622765,0.0036647277989955464,0.027413548393880875
7,CO0350300,"Fort Collins, CO",theft,0.05336929189175766,0.07088547660358206,0.027386019082693624
8,CO0350300,"Fort Collins, CO",theft,0.06714888840375174,0.14999300355217793,0.027413548393880875
9,CO0350300,"Fort Collins, CO",theft,0.044121015690036715,0.12245089750282209,0.027420548870214674
10,CO0350300,"Fort Collins, CO",theft,0.022895821795177324,0.03747868826881369,0.027425213756076306
11,CO0350300,"Fort Collins, CO",theft,0.029789499310822014,0.004892530676196584,0.02742054887021467
12,CO0350300,"Fort Collins, CO",theft,0.018948850558136773,-0.014676785671905099,0.027413548393880875
1,CO0350400,"Loveland, CO",theft,-0.042789109977786455,-0.026632362654639377,0.029300541907044703
2,CO0350400,"Loveland, CO",theft,-0.09874831863054001,-0.09989536724659623,0.02932088714302986
3,CO0350400,"Loveland, CO",theft,-0.08630062783079621,-0.11171603469511804,0.029346975489630136
4,CO0350400,"Loveland, CO",theft,-0.033476003709148536,-0.05262875740969608,0.029348767878784425
5,CO0350400,"Loveland, CO",theft,0.00180993091596623,-0.0046191902858222465,0.02934697548963014
6,CO0350400,"Loveland, CO",theft,0.023230761582622765,0.005751914021688216,0.02932088714302986
7,CO0350400,"Loveland, CO",theft,0.05336929189175766,0.032362982198958494,0.0293005419070447
8,CO0350400,"Loveland, CO",theft,0.06714888840375174,0.0796826756005207,0.02932088714302986
9,CO0350400,"Loveland, CO",theft,0.044121015690036715,0.08577272350472338,0.029346975489630143
10,CO0350400,"Loveland, CO",theft,0.022895821795177324,0.04689813786537697,0.029348767878784425
11,CO0350400,"Loveland, CO",theft,0.029789499310822014,0.024831881931897743,0.029346975489630136
12,CO0350400,"Loveland, CO",theft,0.018948850558136773,0.02019139716870646,0.02932088714302986
1,CO0390100,"Grand Junction, CO",theft,-0.042789109977786455,-0.056960452371437945,0.028272276862048293
2,CO0390100,"Grand Junction, CO",theft,-0.09874831863054001,-0.10552722008506882,0.028316238832455886
3,CO0390100,"Grand Junction, CO",theft,-0.08630062783079621,-0.11007857961013354,0.028328618368278418
4,CO0390100,"Grand Junction, CO",theft,-0.033476003709148536,-0.03850943030783273,0.02832245439170223
5,CO0390100,"Grand Junction, CO",theft,0.00180993091596623,0.027623736476596442,0.02832861836827842
6,CO0390100,"Grand Junction, CO",theft,0.023230761582622765,0.031768155378489045,0.028316238832455886
7,CO0390100,"Grand Junction, CO",theft,0.05336929189175766,0.03520800676925714,0.02827227686204829
8,CO0390100,"Grand Junction, CO",theft,0.06714888840375174,0.08381596966336308,0.028316238832455886
9,CO0390100,"Grand Junction, CO",theft,0.044121015690036715,0.11011977479060861,0.02832861836827842
10,CO0390100,"Grand Junction, CO",theft,0.022895821795177324,0.06026187591001355,0.02832245439170223
11,CO0390100,"Grand Junction, CO",theft,0.029789499310822014,-0.005912486054890741,0.028328618368278418
12,CO0390100,"Grand Junction, CO",theft,0.018948850558136773,-0.03180935055896411,0.028316238832455886
1,CO0640100,"Broomfield, CO",theft,-0.042789109977786455,-0.034870420855244166,0.029041359088585444
2,CO0640100,"Broomfield, CO",theft,-0.09874831863054001,-0.1048243041137146,0.029051501832508864
3,CO0640100,"Broomfield, CO",theft,-0.08630062783079621,-0.07965043719011641,0.029089735742669886
4,CO0640100,"Broomfield, CO",theft,-0.033476003709148536,-0.020674903638188982,0.029083130261145167
5,CO0640100,"Broomfield, CO",theft,0.00180993091596623,-0.009131143063895297,0.02908973574266989
6,CO0640100,"Broomfield, CO",theft,0.023230761582622765,-0.003146716959685072,0.029051501832508864
7,CO0640100,"Broomfield, CO",theft,0.05336929189175766,0.047037279713617444,0.02904135908858544
8,CO0640100,"Broomfield, CO",theft,0.06714888840375174,0.07855512631695996,0.029051501832508864
9,CO0640100,"Broomfield, CO",theft,0.044121015690036715,0.04121440053498847,0.02908973574266989
10,CO0640100,"Broomfield, CO",theft,0.022895821795177324,0.008508044779815689,0.029083130261145167
11,CO0640100,"Broomfield, CO",theft,0.029789499310822014,0.035400320860649905,0.029089735742669886
12,CO0640100,"Broomfield, CO",theft,0.018948850558136773,0.04158275361481306,0.029051501832508864
1,CODPD0000,"Denver, CO",theft,-0.042789109977786455,-0.04672361078534381,0.02580407199802836
2,CODPD0000,"Denver, CO",theft,-0.09874831863054001,-0.10791809820158366,0.025826249801343612
3,CODPD0000,"Denver, CO",theft,-0.08630062783079621,-0.09843862664811091,0.02585070541907883
4,CODPD0000,"Denver, CO",theft,-0.033476003709148536,-0.03619607941050774,0.025857011748407936
5,CODPD0000,"Denver, CO",theft,0.00180993091596623,0.010495622940172636,0.025850705419078832
6,CODPD0000,"Denver, CO",theft,0.023230761582622765,0.0386234417875234,0.025826249801343612
7,CODPD0000,"Denver, CO",theft,0.05336929189175766,0.07577879451667469,0.025804071998028356
8,CODPD0000,"Denver, CO",theft,0.06714888840375174,0.09187303369037328,0.025826249801343612
9,CODPD0000,"Denver, CO",theft,0.044121015690036715,0.05333837840556963,0.025850705419078836
10,CODPD0000,"Denver, CO",theft,0.022895821795177324,0.007140895679176848,0.025857011748407936
11,CODPD0000,"Denver, CO",theft,0.029789499310822014,0.005549441571037716,0.02585070541907883
12,CODPD0000,"Denver, CO",theft,0.018948850558136773,0.006476806455017919,0.02582624980134361
1,CT0001500,"Bridgeport, CT",theft,-0.042789109977786455,-0.040557685294254804,0.02947801728324389
2,CT0001500,"Bridgeport, CT",theft,-0.09874831863054001,-0.09871136877563172,0.02956301252995504
3,CT0001500,"Bridgeport, CT",theft,-0.08630062783079621,-0.08809397601359184,0.02955967465085403
4,CT0001500,"Bridgeport, CT",theft,-0.033476003709148536,-0.039952327027203194,0.029601323057685605
5,CT0001500,"Bridgeport, CT",theft,0.00180993091596623,0.019630155641303652,0.029559674650854035
6,CT0001500,"Bridgeport, CT",theft,0.023230761582622765,0.07188500337724692,0.02956301252995504
7,CT0001500,"Bridgeport, CT",theft,0.05336929189175766,0.07293739388754379,0.029478017283243885
8,CT0001500,"Bridgeport, CT",theft,0.06714888840375174,0.013456934573171101,0.02956301252995504
9,CT0001500,"Bridgeport, CT",theft,0.044121015690036715,-0.029540166782157814,0.02955967465085404
10,CT0001500,"Bridgeport, CT",theft,0.022895821795177324,0.00757261843391418,0.029601323057685605
11,CT0001500,"Bridgeport, CT",theft,0.029789499310822014,0.06562427856115696,0.02955967465085403
12,CT0001500,"Bridgeport, CT",theft,0.018948850558136773,0.04574913941850279,0.02956301252995504
1,CT0001700,"Bristol, CT",theft,-0.042789109977786455,-0.06552757328319639,0.03332485096582783
2,CT0001700,"Bristol, CT",theft,-0.09874831863054001,-0.12082707014820165,0.03338310702385458
3,CT0001700,"Bristol, CT",theft,-0.08630062783079621,-0.14993400374361182,0.033417429460701184
4,CT0001700,"Bristol, CT",theft,-0.033476003709148536,-0.10259909298362002,0.033423874836769535
5,CT0001700,"Bristol, CT",theft,0.00180993091596623,-0.002458470674985244,0.033417429460701184
6,CT0001700,"Bristol, CT",theft,0.023230761582622765,0.07919601198390272,0.03338310702385458
7,CT0001700,"Bristol, CT",theft,0.05336929189175766,0.11230646916195122,0.03332485096582783
8,CT0001700,"Bristol, CT",theft,0.06714888840375174,0.1153379686659067,0.03338310702385458
9,CT0001700,"Bristol, CT",theft,0.044121015690036715,0.09766600638256207,0.033417429460701184
10,CT0001700,"Bristol, CT",theft,0.022895821795177324,0.0558201971048652,0.033423874836769535
11,CT0001700,"Bristol, CT",theft,0.029789499310822014,0.007947572157280147,0.033417429460701184
12,CT0001700,"Bristol, CT",theft,0.018948850558136773,-0.0269280146228529,0.03338310702385458
1,CT0003400,"Danbury, CT",theft,-0.042789109977786455,-0.04865160518237962,0.03112184765133693
2,CT0003400,"Danbury, CT",theft,-0.09874831863054001,-0.07531740396386574,0.031163750199051047
3,CT0003400,"Danbury, CT",theft,-0.08630062783079621,-0.08604218334199498,0.03121284790689175
4,CT0003400,"Danbury, CT",theft,-0.033476003709148536,-0.061307666007666066,0.031215636664544306
5,CT0003400,"Danbury, CT",theft,0.00180993091596623,-0.0018232360990006295,0.031212847906891758
6,CT0003400,"Danbury, CT",theft,0.023230761582622765,0.06877990883598437,0.031163750199051047
7,CT0003400,"Danbury, CT",theft,0.05336929189175766,0.11158314850910067,0.031121847651336923
8,CT0003400,"Danbury, CT",theft,0.06714888840375174,0.09977523845132456,0.031163750199051047
9,CT0003400,"Danbury, CT",theft,0.044121015690036715,0.047568474502732716,0.031212847906891758
10,CT0003400,"Danbury, CT",theft,0.022895821795177324,-0.0016238773190550009,0.031215636664544306
11,CT0003400,"Danbury, CT",theft,0.029789499310822014,-0.02263459838845821,0.03121284790689175
12,CT0003400,"Danbury, CT",theft,0.018948850558136773,-0.030306199996722058,0.031163750199051047
1,CT0004300,"East Hartford, CT",theft,-0.042789109977786455,-0.06228711519497264,0.031194135194444382
2,CT0004300,"East Hartford, CT",theft,-0.09874831863054001,-0.11057863757301084,0.03128525817231085
3,CT0004300,"East Hartford, CT",theft,-0.08630062783079621,-0.0732568330503532,0.03130982704999259
4,CT0004300,"East Hartford, CT",theft,-0.033476003709148536,-0.061632360966815,0.03135805773231331
5,CT0004300,"East Hartford, CT",theft,0.00180993091596623,-0.06713023213020318,0.0313098270499926
6,CT0004300,"East Hartford, CT",theft,0.023230761582622765,0.020964964616053166,0.03128525817231085
7,CT0004300,"East Hartford, CT",theft,0.05336929189175766,0.1450112496800524,0.031194135194444375
8,CT0004300,"East Hartford, CT",theft,0.06714888840375174,0.13224912540894512,0.03128525817231085
9,CT0004300,"East Hartford, CT",theft,0.044121015690036715,0.012203186401207643,0.0313098270499926
10,CT0004300,"East Hartford, CT",theft,0.022895821795177324,-0.021091773518264845,0.03135805773231331
11,CT0004300,"East Hartford, CT",theft,0.029789499310822014,0.04545974429426887,0.03130982704999259
12,CT0004300,"East Hartford, CT",theft,0.018948850558136773,0.0400886820330925,0.03128525817231085
1,CT0005100,"Fairfield, CT",theft,-0.042789109977786455,-0.1011884429860842,0.031108116975405005
2,CT0005100,"Fairfield, CT",theft,-0.09874831863054001,-0.12159499007451108,0.03111269405029701
3,CT0005100,"Fairfield, CT",theft,-0.08630062783079621,-0.10387682934037179,0.031132595110154402
4,CT0005100,"Fairfield, CT",theft,-0.033476003709148536,-0.05350049591075459,0.03111678594767351
5,CT0005100,"Fairfield, CT",theft,0.00180993091596623,0.018296627319428025,0.03113259511015441
6,CT0005100,"Fairfield, CT",theft,0.023230761582622765,0.07786394948098194,0.03111269405029701
7,CT0005100,"Fairfield, CT",theft,0.05336929189175766,0.0943507361851949,0.031108116975405
8,CT0005100,"Fairfield, CT",theft,0.06714888840375174,0.08025475032243307,0.03111269405029701
9,CT0005100,"Fairfield, CT",theft,0.044121015690036715,0.06937429638918305,0.03113259511015441
10,CT0005100,"Fairfield, CT",theft,0.022895821795177324,0.06033820271164389,0.03111678594767351
11,CT0005100,"Fairfield, CT",theft,0.029789499310822014,0.023043612432649952,0.031132595110154405
12,CT0005100,"Fairfield, CT",theft,0.018948850558136773,-0.043361416529793126,0.03111269405029701
1,CT0006400,"Hartford, CT",theft,-0.042789109977786455,-0.12205343597879555,0.027899914381299847
2,CT0006400,"Hartford, CT",theft,-0.09874831863054001,-0.12487621460798476,0.027942538808923233
3,CT0006400,"Hartford, CT",theft,-0.08630062783079621,-0.06336521998651026,0.027957232136044487
4,CT0006400,"Hartford, CT",theft,-0.033476003709148536,-0.021467667092116716,0.02795317234364131
5,CT0006400,"Hartford, CT",theft,0.00180993091596623,0.004313484509476453,0.02795723213604449
6,CT0006400,"Hartford, CT",theft,0.023230761582622765,0.06876903229658578,0.027942538808923233
7,CT0006400,"Hartford, CT",theft,0.05336929189175766,0.13090006135569052,0.027899914381299844
8,CT0006400,"Hartford, CT",theft,0.06714888840375174,0.1091216867698736,0.027942538808923233
9,CT0006400,"Hartford, CT",theft,0.044121015690036715,0.03876406677150413,0.02795723213604449
10,CT0006400,"Hartford, CT",theft,0.022895821795177324,0.012621041715221718,0.02795317234364131
11,CT0006400,"Hartford, CT",theft,0.029789499310822014,0.011441043328634637,0.027957232136044487
12,CT0006400,"Hartford, CT",theft,0.018948850558136773,-0.04416787908157956,0.027942538808923233
1,CT0007700,"Manchester, CT",theft,-0.042789109977786455,-0.007235265442489853,0.02987049687774942
2,CT0007700,"Manchester, CT",theft,-0.09874831863054001,-0.06044121379435962,0.02992742593687867
3,CT0007700,"Manchester, CT",theft,-0.08630062783079621,-0.08213424078622895,0.02992752595946703
4,CT0007700,"Manchester, CT",theft,-0.033476003709148536,-0.06534453408426161,0.029991411327053106
5,CT0007700,"Manchester, CT",theft,0.00180993091596623,-0.04114253220208751,0.029927525959467034
6,CT0007700,"Manchester, CT",theft,0.023230761582622765,-0.010329873583831235,0.02992742593687867
7,CT0007700,"Manchester, CT",theft,0.05336929189175766,0.04018783796198597,0.029870496877749418
8,CT0007700,"Manchester, CT",theft,0.06714888840375174,0.07912967534558904,0.029927425936878672
9,CT0007700,"Manchester, CT",theft,0.044121015690036715,0.06787012981796225,0.029927525959467034
10,CT0007700,"Manchester, CT",theft,0.022895821795177324,0.03239196156476548,0.029991411327053106
11,CT0007700,"Manchester, CT",theft,0.029789499310822014,0.022454070650858065,0.02992752595946703
12,CT0007700,"Manchester, CT",theft,0.018948850558136773,0.024593984552097957,0.02992742593687867
1,CT0008000,"Meriden, CT",theft,-0.042789109977786455,-0.06021273115837361,0.030803877431760912
2,CT0008000,"Meriden, CT",theft,-0.09874831863054001,-0.12564470188009794,0.030845555298572143
3,CT0008000,"Meriden, CT",theft,-0.08630062783079621,-0.08990313782485611,0.030863396417963512
4,CT0008000,"Meriden, CT",theft,-0.033476003709148536,-0.06456934670129968,0.0308842208809344
5,CT0008000,"Meriden, CT",theft,0.00180993091596623,-0.06647753151447158,0.030863396417963516
6,CT0008000,"Meriden, CT",theft,0.023230761582622765,-0.012616069799607008,0.030845555298572143
7,CT0008000,"Meriden, CT",theft,0.05336929189175766,0.06966507927210523,0.03080387743176091
8,CT0008000,"Meriden, CT",theft,0.06714888840375174,0.07235862283448939,0.030845555298572146
9,CT0008000,"Meriden, CT",theft,0.044121015690036715,0.027164710665515852,0.03086339641796352
10,CT0008000,"Meriden, CT",theft,0.022895821795177324,0.055116998587567995,0.0308842208809344
11,CT0008000,"Meriden, CT",theft,0.029789499310822014,0.11976361056008009,0.030863396417963512
12,CT0008000,"Meriden, CT",theft,0.018948850558136773,0.07535449695894735,0.030845555298572143
1,CT0008400,"Milford, CT",theft,-0.042789109977786455,-0.014844566527072254,0.030679966074554466
2,CT0008400,"Milford, CT",theft,-0.09874831863054001,-0.10582766129987217,0.0307253894242119
3,CT0008400,"Milford, CT",theft,-0.08630062783079621,-0.11399722809778078,0.030769285302485384
4,CT0008400,"Milford, CT",theft,-0.033476003709148536,-0.06947219960383744,0.030790734090911834
5,CT0008400,"Milford, CT",theft,0.00180993091596623,-0.029470411770889715,0.030769285302485388
6,CT0008400,"Milford, CT",theft,0.023230761582622765,0.022514582004887762,0.0307253894242119
7,CT0008400,"Milford, CT",theft,0.05336929189175766,0.08652200399620233,0.03067996607455446
8,CT0008400,"Milford, CT",theft,0.06714888840375174,0.09194046082954636,0.0307253894242119
9,CT0008400,"Milford, CT",theft,0.044121015690036715,0.02843259015832484,0.030769285302485388
10,CT0008400,"Milford, CT",theft,0.022895821795177324,-0.002205237865292669,0.030790734090911834
11,CT0008400,"Milford, CT",theft,0.029789499310822014,0.043357612241215523,0.030769285302485384
12,CT0008400,"Milford, CT",theft,0.018948850558136773,0.06305005593456822,0.0307253894242119
1,CT0008900,"New Britain, CT",theft,-0.042789109977786455,-0.05248288034770383,0.029855738268934336
2,CT0008900,"New Britain, CT",theft,-0.09874831863054001,-0.1488026651816105,0.029883183378024644
3,CT0008900,"New Britain, CT",theft,-0.08630062783079621,-0.15700844803032504,0.02992460919685165
4,CT0008900,"New Britain, CT",theft,-0.033476003709148536,-0.11615044920970885,0.02996654568041258
5,CT0008900,"New Britain, CT",theft,0.00180993091596623,-0.05964984561785895,0.029924609196851654
6,CT0008900,"New Britain, CT",theft,0.023230761582622765,0.018417539609299937,0.029883183378024644
7,CT0008900,"New Britain, CT",theft,0.05336929189175766,0.08684428903154093,0.029855738268934333
8,CT0008900,"New Britain, CT",theft,0.06714888840375174,0.09365489394400199,0.029883183378024644
9,CT0008900,"New Britain, CT",theft,0.044121015690036715,0.06749926810887934,0.029924609196851658
10,CT0008900,"New Britain, CT",theft,0.022895821795177324,0.08178904052587171,0.02996654568041258
11,CT0008900,"New Britain, CT",theft,0.029789499310822014,0.11479761685546745,0.029924609196851654
12,CT0008900,"New Britain, CT",theft,0.018948850558136773,0.07109164031214585,0.029883183378024644
1,CT0013500,"Stamford, CT",theft,-0.042789109977786455,-0.036400098855704395,0.029256233464467034
2,CT0013500,"Stamford, CT",theft,-0.09874831863054001,-0.07012700987688764,0.02931384176769192
3,CT0013500,"Stamford, CT",theft,-0.08630062783079621,-0.06818330722442184,0.02934434831554242
4,CT0013500,"Stamford, CT",theft,-0.033476003709148536,-0.0592968520202172,0.029354523996037198
5,CT0013500,"Stamford, CT",theft,0.00180993091596623,-0.051274059102652425,0.029344348315542425
6,CT0013500,"Stamford, CT",theft,0.023230761582622765,-6.670514720339843e-5,0.02931384176769192
7,CT0013500,"Stamford, CT",theft,0.05336929189175766,0.08590160493970639,0.02925623346446703
8,CT0013500,"Stamford, CT",theft,0.06714888840375174,0.11927899893545889,0.02931384176769192
9,CT0013500,"Stamford, CT",theft,0.044121015690036715,0.0678337901989911,0.029344348315542425
10,CT0013500,"Stamford, CT",theft,0.022895821795177324,0.009795345936215206,0.029354523996037198
11,CT0013500,"Stamford, CT",theft,0.029789499310822014,0.0021220700440811387,0.02934434831554242
12,CT0013500,"Stamford, CT",theft,0.018948850558136773,4.162221726341896e-4,0.02931384176769192
1,CT0013800,"Stratford, CT",theft,-0.042789109977786455,-0.014974017642754777,0.03146232011915088
2,CT0013800,"Stratford, CT",theft,-0.09874831863054001,-0.09672231584333582,0.03147196771126644
3,CT0013800,"Stratford, CT",theft,-0.08630062783079621,-0.12988016557458998,0.031547362621379235
4,CT0013800,"Stratford, CT",theft,-0.033476003709148536,-0.07086893946214178,0.031530846144609256
5,CT0013800,"Stratford, CT",theft,0.00180993091596623,0.006757898510628803,0.03154736262137924
6,CT0013800,"Stratford, CT",theft,0.023230761582622765,0.03956330351821728,0.03147196771126644
7,CT0013800,"Stratford, CT",theft,0.05336929189175766,0.05419842857161483,0.03146232011915087
8,CT0013800,"Stratford, CT",theft,0.06714888840375174,0.0750216691629115,0.03147196771126644
9,CT0013800,"Stratford, CT",theft,0.044121015690036715,0.0689551079653056,0.03154736262137924
10,CT0013800,"Stratford, CT",theft,0.022895821795177324,0.03164452853328173,0.031530846144609256
11,CT0013800,"Stratford, CT",theft,0.029789499310822014,0.014942748169795484,0.031547362621379235
12,CT0013800,"Stratford, CT",theft,0.018948850558136773,0.021361754091067102,0.03147196771126644
1,CT0015100,"Waterbury, CT",theft,-0.042789109977786455,-0.02115600253087977,0.027858712639216677
2,CT0015100,"Waterbury, CT",theft,-0.09874831863054001,-0.0890239984331605,0.027897920057661396
3,CT0015100,"Waterbury, CT",theft,-0.08630062783079621,-0.1044297817363494,0.027933985464595603
4,CT0015100,"Waterbury, CT",theft,-0.033476003709148536,-0.058912832816762704,0.02792791342868268
5,CT0015100,"Waterbury, CT",theft,0.00180993091596623,-0.0165021594964598,0.027933985464595606
6,CT0015100,"Waterbury, CT",theft,0.023230761582622765,0.012093126591292615,0.027897920057661396
7,CT0015100,"Waterbury, CT",theft,0.05336929189175766,0.061327337213499776,0.027858712639216673
8,CT0015100,"Waterbury, CT",theft,0.06714888840375174,0.10264968236282321,0.0278979200576614
9,CT0015100,"Waterbury, CT",theft,0.044121015690036715,0.07788413098339209,0.02793398546459561
10,CT0015100,"Waterbury, CT",theft,0.022895821795177324,0.0187414981341427,0.02792791342868268
11,CT0015100,"Waterbury, CT",theft,0.029789499310822014,0.0028764755667970675,0.027933985464595603
12,CT0015100,"Waterbury, CT",theft,0.018948850558136773,0.014452524161664721,0.027897920057661396
1,CT0015500,"West Hartford, CT",theft,-0.042789109977786455,-0.07160189638399769,0.029184133555444955
2,CT0015500,"West Hartford, CT",theft,-0.09874831863054001,-0.14924012615121152,0.029232631427212094
3,CT0015500,"West Hartford, CT",theft,-0.08630062783079621,-0.14603387878102542,0.029276321425869344
4,CT0015500,"West Hartford, CT",theft,-0.033476003709148536,-0.1111651653493004,0.02928883313793405
5,CT0015500,"West Hartford, CT",theft,0.00180993091596623,-0.06260862603116181,0.029276321425869348
6,CT0015500,"West Hartford, CT",theft,0.023230761582622765,0.029055064481025822,0.029232631427212094
7,CT0015500,"West Hartford, CT",theft,0.05336929189175766,0.12313937544778727,0.02918413355544495
8,CT0015500,"West Hartford, CT",theft,0.06714888840375174,0.13314045433560406,0.029232631427212094
9,CT0015500,"West Hartford, CT",theft,0.044121015690036715,0.07839672790162833,0.029276321425869348
10,CT0015500,"West Hartford, CT",theft,0.022895821795177324,0.05962768628551078,0.02928883313793405
11,CT0015500,"West Hartford, CT",theft,0.029789499310822014,0.07870829784676925,0.029276321425869344
12,CT0015500,"West Hartford, CT",theft,0.018948850558136773,0.03858208639837137,0.029232631427212094
1,DCMPD0000,"Washington, DC",theft,-0.042789109977786455,-0.04985492320603703,0.02580550066064278
2,DCMPD0000,"Washington, DC",theft,-0.09874831863054001,-0.12015809999739807,0.025828630120535
3,DCMPD0000,"Washington, DC",theft,-0.08630062783079621,-0.1314910552616426,0.02585493466241517
4,DCMPD0000,"Washington, DC",theft,-0.033476003709148536,-0.08299101173830298,0.025864385372668625
5,DCMPD0000,"Washington, DC",theft,0.00180993091596623,-0.022146722124827396,0.025854934662415174
6,DCMPD0000,"Washington, DC",theft,0.023230761582622765,0.024682140980739967,0.025828630120535
7,DCMPD0000,"Washington, DC",theft,0.05336929189175766,0.06256019954471795,0.02580550066064277
8,DCMPD0000,"Washington, DC",theft,0.06714888840375174,0.08674409879403958,0.025828630120535004
9,DCMPD0000,"Washington, DC",theft,0.044121015690036715,0.08537177771960314,0.025854934662415174
10,DCMPD0000,"Washington, DC",theft,0.022895821795177324,0.07028573539962205,0.025864385372668625
11,DCMPD0000,"Washington, DC",theft,0.029789499310822014,0.055560723328185874,0.02585493466241517
12,DCMPD0000,"Washington, DC",theft,0.018948850558136773,0.021437136561299537,0.025828630120535
1,FL0130600,"Miami, FL",theft,-0.042789109977786455,0.02418436080826486,0.026080070869414877
2,FL0130600,"Miami, FL",theft,-0.09874831863054001,-0.01542833360373985,0.026106480885591053
3,FL0130600,"Miami, FL",theft,-0.08630062783079621,-0.019524938543307516,0.02612643258756679
4,FL0130600,"Miami, FL",theft,-0.033476003709148536,-0.004593272967319954,0.02613379177188385
5,FL0130600,"Miami, FL",theft,0.00180993091596623,-0.009685871449884814,0.026126432587566795
6,FL0130600,"Miami, FL",theft,0.023230761582622765,-0.01630583776193858,0.026106480885591053
7,FL0130600,"Miami, FL",theft,0.05336929189175766,0.0022451974631293808,0.026080070869414874
8,FL0130600,"Miami, FL",theft,0.06714888840375174,0.014190271001585155,0.026106480885591053
9,FL0130600,"Miami, FL",theft,0.044121015690036715,-0.008142682330241421,0.026126432587566795
10,FL0130600,"Miami, FL",theft,0.022895821795177324,-0.021836285304074277,0.02613379177188385
11,FL0130600,"Miami, FL",theft,0.029789499310822014,0.0109239340520395,0.02612643258756679
12,FL0130600,"Miami, FL",theft,0.018948850558136773,0.04397345863548751,0.02610648088559105
1,FL0130700,"Miami Beach, FL",theft,-0.042789109977786455,-0.03340317469292616,0.02668396316022882
2,FL0130700,"Miami Beach, FL",theft,-0.09874831863054001,-0.03720064085427607,0.0267292840581096
3,FL0130700,"Miami Beach, FL",theft,-0.08630062783079621,-0.005481228118899067,0.026760536103833103
4,FL0130700,"Miami Beach, FL",theft,-0.033476003709148536,-0.0017681176026406022,0.026779547778810153
5,FL0130700,"Miami Beach, FL",theft,0.00180993091596623,-0.020456909819034308,0.026760536103833107
6,FL0130700,"Miami Beach, FL",theft,0.023230761582622765,0.02313341193235998,0.0267292840581096
7,FL0130700,"Miami Beach, FL",theft,0.05336929189175766,0.10805020288423736,0.026683963160228818
8,FL0130700,"Miami Beach, FL",theft,0.06714888840375174,0.10454399892362251,0.0267292840581096
9,FL0130700,"Miami Beach, FL",theft,0.044121015690036715,-0.0018224420030657064,0.026760536103833107
10,FL0130700,"Miami Beach, FL",theft,0.022895821795177324,-0.07287891058867062,0.026779547778810153
11,FL0130700,"Miami Beach, FL",theft,0.029789499310822014,-0.04688644825031215,0.026760536103833103
12,FL0130700,"Miami Beach, FL",theft,0.018948850558136773,-0.015829741810395166,0.0267292840581096
1,FL0580000,"Sarasota, FL",theft,-0.042789109977786455,-0.005696165744269897,0.027520703416364825
2,FL0580000,"Sarasota, FL",theft,-0.09874831863054001,-0.04066405015342639,0.027556189806631697
3,FL0580000,"Sarasota, FL",theft,-0.08630062783079621,-0.014995605085657447,0.02758897210366834
4,FL0580000,"Sarasota, FL",theft,-0.033476003709148536,0.01282397679115726,0.02758848122896009
5,FL0580000,"Sarasota, FL",theft,0.00180993091596623,0.010051153837079748,0.027588972103668345
6,FL0580000,"Sarasota, FL",theft,0.023230761582622765,0.017241499522706715,0.027556189806631697
7,FL0580000,"Sarasota, FL",theft,0.05336929189175766,0.03517347419915769,0.02752070341636482
8,FL0580000,"Sarasota, FL",theft,0.06714888840375174,0.008440178204206459,0.027556189806631697
9,FL0580000,"Sarasota, FL",theft,0.044121015690036715,-0.046705575318450314,0.027588972103668345
10,FL0580000,"Sarasota, FL",theft,0.022895821795177324,-0.04230128524604507,0.02758848122896009
11,FL0580000,"Sarasota, FL",theft,0.029789499310822014,0.02217271811214018,0.02758897210366834
12,FL0580000,"Sarasota, FL",theft,0.018948850558136773,0.04445968088140106,0.027556189806631697
1,GA0447100,"Dunwoody, GA",theft,-0.042789109977786455,0.01080384913047607,0.02905094081954458
2,GA0447100,"Dunwoody, GA",theft,-0.09874831863054001,-0.06451453439588581,0.029067327441977375
3,GA0447100,"Dunwoody, GA",theft,-0.08630062783079621,-0.0776711326088389,0.029100363774277868
4,GA0447100,"Dunwoody, GA",theft,-0.033476003709148536,-0.06051447581262143,0.029117534571501843
5,GA0447100,"Dunwoody, GA",theft,0.00180993091596623,-0.04315744700516615,0.02910036377427787
6,GA0447100,"Dunwoody, GA",theft,0.023230761582622765,-0.00799931797057542,0.029067327441977375
7,GA0447100,"Dunwoody, GA",theft,0.05336929189175766,0.03219435466469652,0.029050940819544575
8,GA0447100,"Dunwoody, GA",theft,0.06714888840375174,0.028663743803195165,0.029067327441977375
9,GA0447100,"Dunwoody, GA",theft,0.044121015690036715,-0.0011778617790243913,0.02910036377427787
10,GA0447100,"Dunwoody, GA",theft,0.022895821795177324,0.017516272017448816,0.029117534571501843
11,GA0447100,"Dunwoody, GA",theft,0.029789499310822014,0.07900823759785679,0.029100363774277868
12,GA0447100,"Dunwoody, GA",theft,0.018948850558136773,0.08684831235843875,0.029067327441977375
1,GA0470100,"Albany, GA",theft,-0.042789109977786455,-0.08500470488483387,0.027903608327079273
2,GA0470100,"Albany, GA",theft,-0.09874831863054001,-0.13462764076901695,0.027929445707501353
3,GA0470100,"Albany, GA",theft,-0.08630062783079621,-0.11209692464114653,0.027952615702263428
4,GA0470100,"Albany, GA",theft,-0.033476003709148536,-0.043646556649024046,0.02794909935817235
5,GA0470100,"Albany, GA",theft,0.00180993091596623,0.0191719062198198,0.02795261570226343
6,GA0470100,"Albany, GA",theft,0.023230761582622765,0.06279376395531892,0.027929445707501353
7,GA0470100,"Albany, GA",theft,0.05336929189175766,0.0899875915080248,0.02790360832707927
8,GA0470100,"Albany, GA",theft,0.06714888840375174,0.0883755052724082,0.027929445707501353
9,GA0470100,"Albany, GA",theft,0.044121015690036715,0.0608619025213468,0.027952615702263435
10,GA0470100,"Albany, GA",theft,0.022895821795177324,0.038663670025833104,0.02794909935817235
11,GA0470100,"Albany, GA",theft,0.029789499310822014,0.027080229276788933,0.027952615702263428
12,GA0470100,"Albany, GA",theft,0.018948850558136773,-0.011558741835519144,0.027929445707501353
1,GA0580000,"Forsyth, GA",theft,-0.042789109977786455,-0.045584081297518224,0.030459000010488527
2,GA0580000,"Forsyth, GA",theft,-0.09874831863054001,-0.1164313687689085,0.030424349992670918
3,GA0580000,"Forsyth, GA",theft,-0.08630062783079621,-0.11481740421083196,0.03046705570705574
4,GA0580000,"Forsyth, GA",theft,-0.033476003709148536,-0.031542017672531376,0.03045044155980389
5,GA0580000,"Forsyth, GA",theft,0.00180993091596623,0.04013225800701653,0.030467055707055744
6,GA0580000,"Forsyth, GA",theft,0.023230761582622765,0.03971958921570052,0.030424349992670918
7,GA0580000,"Forsyth, GA",theft,0.05336929189175766,0.017068718717112682,0.030459000010488523
8,GA0580000,"Forsyth, GA",theft,0.06714888840375174,0.029967045397454994,0.030424349992670918
9,GA0580000,"Forsyth, GA",theft,0.044121015690036715,0.056868443419783976,0.030467055707055747
10,GA0580000,"Forsyth, GA",theft,0.022895821795177324,0.06005738025293694,0.03045044155980389
11,GA0580000,"Forsyth, GA",theft,0.029789499310822014,0.04633206536443696,0.03046705570705574
12,GA0580000,"Forsyth, GA",theft,0.018948850558136773,0.018229371575347472,0.030424349992670914
1,GA0600400,"Alpharetta, GA",theft,-0.042789109977786455,0.0335237082897661,0.0313405848930847
2,GA0600400,"Alpharetta, GA",theft,-0.09874831863054001,-0.03889598318061288,0.03141978062976059
3,GA0600400,"Alpharetta, GA",theft,-0.08630062783079621,-0.09223125765663853,0.03142319651984924
4,GA0600400,"Alpharetta, GA",theft,-0.033476003709148536,-0.07640518762797538,0.03146934926796712
5,GA0600400,"Alpharetta, GA",theft,0.00180993091596623,-0.02313375555879436,0.03142319651984924
6,GA0600400,"Alpharetta, GA",theft,0.023230761582622765,0.012735382260040827,0.03141978062976059
7,GA0600400,"Alpharetta, GA",theft,0.05336929189175766,0.02343159566705768,0.031340584893084694
8,GA0600400,"Alpharetta, GA",theft,0.06714888840375174,0.0258153738775906,0.03141978062976059
9,GA0600400,"Alpharetta, GA",theft,0.044121015690036715,0.02219534439679246,0.03142319651984925
10,GA0600400,"Alpharetta, GA",theft,0.022895821795177324,0.019449883671151594,0.03146934926796712
11,GA0600400,"Alpharetta, GA",theft,0.029789499310822014,0.036214364861816624,0.03142319651984924
12,GA0600400,"Alpharetta, GA",theft,0.018948850558136773,0.057300530999805255,0.03141978062976059
1,GA0600500,"Roswell, GA",theft,-0.042789109977786455,-0.00764669610288567,0.03064005982234056
2,GA0600500,"Roswell, GA",theft,-0.09874831863054001,-0.04938536874232005,0.030680550624561386
3,GA0600500,"Roswell, GA",theft,-0.08630062783079621,-0.04714993796803163,0.030748062462892488
4,GA0600500,"Roswell, GA",theft,-0.033476003709148536,-0.022482036407730034,0.03074222100636039
5,GA0600500,"Roswell, GA",theft,0.00180993091596623,-0.00656039245565988,0.030748062462892495
6,GA0600500,"Roswell, GA",theft,0.023230761582622765,0.026589390315661397,0.030680550624561386
7,GA0600500,"Roswell, GA",theft,0.05336929189175766,0.07668280584216715,0.030640059822340557
8,GA0600500,"Roswell, GA",theft,0.06714888840375174,0.0747878058777707,0.030680550624561386
9,GA0600500,"Roswell, GA",theft,0.044121015690036715,0.003516265364200789,0.030748062462892495
10,GA0600500,"Roswell, GA",theft,0.022895821795177324,-0.046554073331551454,0.03074222100636039
11,GA0600500,"Roswell, GA",theft,0.029789499310822014,-0.018842044679790775,0.03074806246289249
12,GA0600500,"Roswell, GA",theft,0.018948850558136773,0.017044282288169472,0.030680550624561386
1,GA0605800,"Johns Creek, GA",theft,-0.042789109977786455,3.60483472751249e-4,0.03504727229548921
2,GA0605800,"Johns Creek, GA",theft,-0.09874831863054001,-0.09432856160637001,0.03517372892684572
3,GA0605800,"Johns Creek, GA",theft,-0.08630062783079621,-0.11903650041222964,0.03515371125671324
4,GA0605800,"Johns Creek, GA",theft,-0.033476003709148536,-0.0477215055145483,0.03519775809566171
5,GA0605800,"Johns Creek, GA",theft,0.00180993091596623,0.04412675178199023,0.035153711256713245
6,GA0605800,"Johns Creek, GA",theft,0.023230761582622765,0.07457476256158038,0.03517372892684572
7,GA0605800,"Johns Creek, GA",theft,0.05336929189175766,0.039392715036035086,0.0350472722954892
8,GA0605800,"Johns Creek, GA",theft,0.06714888840375174,-0.009220227561011637,0.03517372892684572
9,GA0605800,"Johns Creek, GA",theft,0.044121015690036715,-0.024265487263938394,0.035153711256713245
10,GA0605800,"Johns Creek, GA",theft,0.022895821795177324,0.007968307005761947,0.03519775809566171
11,GA0605800,"Johns Creek, GA",theft,0.029789499310822014,0.059422037385391424,0.03515371125671324
12,GA0605800,"Johns Creek, GA",theft,0.018948850558136773,0.06872722511458768,0.03517372892684572
1,GA0690000,"Hall, GA",theft,-0.042789109977786455,-0.07571593193358545,0.03045691153212984
2,GA0690000,"Hall, GA",theft,-0.09874831863054001,-0.118687388407845,0.030517356286857335
3,GA0690000,"Hall, GA",theft,-0.08630062783079621,-0.1048640003972348,0.030518758405533395
4,GA0690000,"Hall, GA",theft,-0.033476003709148536,-0.03682475437763565,0.03053620872111979
5,GA0690000,"Hall, GA",theft,0.00180993091596623,0.03637192425203622,0.030518758405533402
6,GA0690000,"Hall, GA",theft,0.023230761582622765,0.07835546311587119,0.030517356286857335
7,GA0690000,"Hall, GA",theft,0.05336929189175766,0.0884208472319064,0.030456911532129833
8,GA0690000,"Hall, GA",theft,0.06714888840375174,0.07597832475107495,0.03051735628685734
9,GA0690000,"Hall, GA",theft,0.044121015690036715,0.04945002144214378,0.030518758405533402
10,GA0690000,"Hall, GA",theft,0.022895821795177324,0.024119839079314705,0.03053620872111979
11,GA0690000,"Hall, GA",theft,0.029789499310822014,0.006337139404733802,0.030518758405533395
12,GA0690000,"Hall, GA",theft,0.018948850558136773,-0.022941484160780123,0.030517356286857335
1,GA1100000,"Paulding, GA",theft,-0.042789109977786455,-0.07008656583330365,0.0302153166854311
2,GA1100000,"Paulding, GA",theft,-0.09874831863054001,-0.09741691980596554,0.03026983225056129
3,GA1100000,"Paulding, GA",theft,-0.08630062783079621,-0.06150837098047407,0.030255921352169073
4,GA1100000,"Paulding, GA",theft,-0.033476003709148536,-0.0010155187180270898,0.030262367046127146
5,GA1100000,"Paulding, GA",theft,0.00180993091596623,0.03006558748837333,0.030255921352169077
6,GA1100000,"Paulding, GA",theft,0.023230761582622765,0.031378821693494784,0.03026983225056129
7,GA1100000,"Paulding, GA",theft,0.05336929189175766,0.0329070781034492,0.030215316685431096
8,GA1100000,"Paulding, GA",theft,0.06714888840375174,0.039877467293541705,0.03026983225056129
9,GA1100000,"Paulding, GA",theft,0.044121015690036715,0.04114840619790464,0.03025592135216908
10,GA1100000,"Paulding, GA",theft,0.022895821795177324,0.038195006447881534,0.030262367046127146
11,GA1100000,"Paulding, GA",theft,0.029789499310822014,0.02747386502405049,0.030255921352169073
12,GA1100000,"Paulding, GA",theft,0.018948850558136773,-0.011018856910925332,0.030269832250561287
1,GAAPD0000,"Atlanta, GA",theft,-0.042789109977786455,-0.026096072650161097,0.02594272714993243
2,GAAPD0000,"Atlanta, GA",theft,-0.09874831863054001,-0.12495364340981426,0.02596528094331616
3,GAAPD0000,"Atlanta, GA",theft,-0.08630062783079621,-0.13924563911194549,0.02599517728696179
4,GAAPD0000,"Atlanta, GA",theft,-0.033476003709148536,-0.08850967510254251,0.026003405326425005
5,GAAPD0000,"Atlanta, GA",theft,0.00180993091596623,-0.03505584870591136,0.025995177286961792
6,GAAPD0000,"Atlanta, GA",theft,0.023230761582622765,0.009090193639864201,0.02596528094331616
7,GAAPD0000,"Atlanta, GA",theft,0.05336929189175766,0.05072887864427858,0.025942727149932426
8,GAAPD0000,"Atlanta, GA",theft,0.06714888840375174,0.06738965834891765,0.02596528094331616
9,GAAPD0000,"Atlanta, GA",theft,0.044121015690036715,0.057048848056931355,0.025995177286961796
10,GAAPD0000,"Atlanta, GA",theft,0.022895821795177324,0.06387686910842502,0.026003405326425005
11,GAAPD0000,"Atlanta, GA",theft,0.029789499310822014,0.09261983376680794,0.02599517728696179
12,GAAPD0000,"Atlanta, GA",theft,0.018948850558136773,0.07310659741514998,0.02596528094331616
1,HI0020000,"Honolulu, HI",theft,-0.042789109977786455,-0.005195883324736318,0.02587972489069537
2,HI0020000,"Honolulu, HI",theft,-0.09874831863054001,-0.03504047950573587,0.025904028844798466
3,HI0020000,"Honolulu, HI",theft,-0.08630062783079621,-0.02372916108547668,0.025924578444685053
4,HI0020000,"Honolulu, HI",theft,-0.033476003709148536,-0.006618819978914279,0.025930467722532886
5,HI0020000,"Honolulu, HI",theft,0.00180993091596623,-0.014852064758939371,0.025924578444685056
6,HI0020000,"Honolulu, HI",theft,0.023230761582622765,-0.016261247394280295,0.025904028844798466
7,HI0020000,"Honolulu, HI",theft,0.05336929189175766,0.011439374894843661,0.025879724890695368
8,HI0020000,"Honolulu, HI",theft,0.06714888840375174,0.02858060947187279,0.025904028844798466
9,HI0020000,"Honolulu, HI",theft,0.044121015690036715,0.011025799481506221,0.02592457844468506
10,HI0020000,"Honolulu, HI",theft,0.022895821795177324,3.753284088069251e-4,0.025930467722532886
11,HI0020000,"Honolulu, HI",theft,0.029789499310822014,0.021311934792802446,0.025924578444685056
12,HI0020000,"Honolulu, HI",theft,0.018948850558136773,0.02896460899825076,0.025904028844798466
1,IA0070300,"Waterloo, IA",theft,-0.042789109977786455,-0.06564514315330597,0.029823605956729882
2,IA0070300,"Waterloo, IA",theft,-0.09874831863054001,-0.12292219653459037,0.029899511725712872
3,IA0070300,"Waterloo, IA",theft,-0.08630062783079621,-0.11870223103541233,0.02988672987955439
4,IA0070300,"Waterloo, IA",theft,-0.033476003709148536,-0.06576058502659421,0.029926990682609796
5,IA0070300,"Waterloo, IA",theft,0.00180993091596623,-0.014185319505598516,0.029886729879554392
6,IA0070300,"Waterloo, IA",theft,0.023230761582622765,0.030859936701327077,0.029899511725712872
7,IA0070300,"Waterloo, IA",theft,0.05336929189175766,0.08363449382644615,0.02982360595672988
8,IA0070300,"Waterloo, IA",theft,0.06714888840375174,0.11475697064369327,0.029899511725712872
9,IA0070300,"Waterloo, IA",theft,0.044121015690036715,0.09254765447137503,0.029886729879554395
10,IA0070300,"Waterloo, IA",theft,0.022895821795177324,0.047771234353454026,0.029926990682609796
11,IA0070300,"Waterloo, IA",theft,0.029789499310822014,0.022350545396495575,0.02988672987955439
12,IA0070300,"Waterloo, IA",theft,0.018948850558136773,-0.004705360137289721,0.029899511725712872
1,IA0310100,"Dubuque, IA",theft,-0.042789109977786455,-0.06989766950015353,0.030922054305501278
2,IA0310100,"Dubuque, IA",theft,-0.09874831863054001,-0.12290125984617717,0.030968845732149246
3,IA0310100,"Dubuque, IA",theft,-0.08630062783079621,-0.10514309002104776,0.031008309338286362
4,IA0310100,"Dubuque, IA",theft,-0.033476003709148536,-0.05160338304525297,0.03098798378810464
5,IA0310100,"Dubuque, IA",theft,0.00180993091596623,-0.009167372441435714,0.031008309338286365
6,IA0310100,"Dubuque, IA",theft,0.023230761582622765,0.039186387067612655,0.030968845732149246
7,IA0310100,"Dubuque, IA",theft,0.05336929189175766,0.10014117128497801,0.03092205430550127
8,IA0310100,"Dubuque, IA",theft,0.06714888840375174,0.11790216500365838,0.030968845732149246
9,IA0310100,"Dubuque, IA",theft,0.044121015690036715,0.06990049339370447,0.03100830933828637
10,IA0310100,"Dubuque, IA",theft,0.022895821795177324,0.02135988126042847,0.03098798378810464
11,IA0310100,"Dubuque, IA",theft,0.029789499310822014,0.014166467283954454,0.031008309338286362
12,IA0310100,"Dubuque, IA",theft,0.018948850558136773,-0.003943790440269294,0.030968845732149246
1,IA0520200,"Iowa City, IA",theft,-0.042789109977786455,-0.13010271605185375,0.030197707951770906
2,IA0520200,"Iowa City, IA",theft,-0.09874831863054001,-0.15207809150432336,0.030246096784696367
3,IA0520200,"Iowa City, IA",theft,-0.08630062783079621,-0.10218162752488702,0.030228110096894786
4,IA0520200,"Iowa City, IA",theft,-0.033476003709148536,-0.04426153926715175,0.0302324292449911
5,IA0520200,"Iowa City, IA",theft,0.00180993091596623,-0.022596755465016154,0.03022811009689479
6,IA0520200,"Iowa City, IA",theft,0.023230761582622765,0.01743181601953855,0.030246096784696367
7,IA0520200,"Iowa City, IA",theft,0.05336929189175766,0.11085035017388853,0.030197707951770902
8,IA0520200,"Iowa City, IA",theft,0.06714888840375174,0.17925012774556873,0.030246096784696367
9,IA0520200,"Iowa City, IA",theft,0.044121015690036715,0.1486060296440976,0.030228110096894793
10,IA0520200,"Iowa City, IA",theft,0.022895821795177324,0.06351390514511698,0.0302324292449911
11,IA0520200,"Iowa City, IA",theft,0.029789499310822014,-0.00457528077622929,0.030228110096894786
12,IA0520200,"Iowa City, IA",theft,0.018948850558136773,-0.06385621813874905,0.030246096784696364
1,IA0570100,"Cedar Rapids, IA",theft,-0.042789109977786455,-0.0840275172383383,0.027394580791106554
2,IA0570100,"Cedar Rapids, IA",theft,-0.09874831863054001,-0.15675662938659446,0.027424464724904025
3,IA0570100,"Cedar Rapids, IA",theft,-0.08630062783079621,-0.1153783932101606,0.027439666822758342
4,IA0570100,"Cedar Rapids, IA",theft,-0.033476003709148536,-0.01799769105073191,0.027446537791564207
5,IA0570100,"Cedar Rapids, IA",theft,0.00180993091596623,0.035259507510858774,0.027439666822758346
6,IA0570100,"Cedar Rapids, IA",theft,0.023230761582622765,0.05203790309679724,0.027424464724904025
7,IA0570100,"Cedar Rapids, IA",theft,0.05336929189175766,0.07871606154655864,0.027394580791106547
8,IA0570100,"Cedar Rapids, IA",theft,0.06714888840375174,0.08817479559433886,0.027424464724904025
9,IA0570100,"Cedar Rapids, IA",theft,0.044121015690036715,0.05210801510968465,0.027439666822758346
10,IA0570100,"Cedar Rapids, IA",theft,0.022895821795177324,0.023309146742511562,0.027446537791564207
11,IA0570100,"Cedar Rapids, IA",theft,0.029789499310822014,0.03332232628139677,0.027439666822758342
12,IA0570100,"Cedar Rapids, IA",theft,0.018948850558136773,0.011232475003678778,0.027424464724904025
1,IA0770100,"Ankeny, IA",theft,-0.042789109977786455,-0.031191931648430246,0.03191617515434183
2,IA0770100,"Ankeny, IA",theft,-0.09874831863054001,-0.08072995159930485,0.031935323875748475
3,IA0770100,"Ankeny, IA",theft,-0.08630062783079621,-0.06389955540901492,0.031937480564071
4,IA0770100,"Ankeny, IA",theft,-0.033476003709148536,-0.002894549375794226,0.031965239518970213
5,IA0770100,"Ankeny, IA",theft,0.00180993091596623,0.01605363812423356,0.031937480564071
6,IA0770100,"Ankeny, IA",theft,0.023230761582622765,-5.273743962386301e-4,0.031935323875748475
7,IA0770100,"Ankeny, IA",theft,0.05336929189175766,0.019785988148368166,0.03191617515434182
8,IA0770100,"Ankeny, IA",theft,0.06714888840375174,0.06412087169245985,0.031935323875748475
9,IA0770100,"Ankeny, IA",theft,0.044121015690036715,0.058696419002232006,0.031937480564071
10,IA0770100,"Ankeny, IA",theft,0.022895821795177324,0.014300492875856323,0.031965239518970213
11,IA0770100,"Ankeny, IA",theft,0.029789499310822014,5.554417826114092e-4,0.031937480564071
12,IA0770100,"Ankeny, IA",theft,0.018948850558136773,0.005730510803021547,0.031935323875748475
1,IA0770300,"Des Moines, IA",theft,-0.042789109977786455,-0.08581640758257635,0.02672423517827212
2,IA0770300,"Des Moines, IA",theft,-0.09874831863054001,-0.12199557964503067,0.026751502675103678
3,IA0770300,"Des Moines, IA",theft,-0.08630062783079621,-0.09660350659982428,0.026772657053287855
4,IA0770300,"Des Moines, IA",theft,-0.033476003709148536,-0.056090465368222216,0.026779951718435314
5,IA0770300,"Des Moines, IA",theft,0.00180993091596623,-0.022837813141586037,0.026772657053287862
6,IA0770300,"Des Moines, IA",theft,0.023230761582622765,0.03458974464231986,0.026751502675103678
7,IA0770300,"Des Moines, IA",theft,0.05336929189175766,0.1057376166042898,0.026724235178272115
8,IA0770300,"Des Moines, IA",theft,0.06714888840375174,0.12390480346031861,0.026751502675103678
9,IA0770300,"Des Moines, IA",theft,0.044121015690036715,0.07859152139339871,0.026772657053287862
10,IA0770300,"Des Moines, IA",theft,0.022895821795177324,0.036169256346508714,0.026779951718435314
11,IA0770300,"Des Moines, IA",theft,0.029789499310822014,0.02092858932629805,0.02677265705328786
12,IA0770300,"Des Moines, IA",theft,0.018948850558136773,-0.01657775943589424,0.026751502675103678
1,IA0770500,"West Des Moines, IA",theft,-0.042789109977786455,-0.04966290507891174,0.03007027746495832
2,IA0770500,"West Des Moines, IA",theft,-0.09874831863054001,-0.09736162255725728,0.030081394358601212
3,IA0770500,"West Des Moines, IA",theft,-0.08630062783079621,-0.08493139104824607,0.03013138749231455
4,IA0770500,"West Des Moines, IA",theft,-0.033476003709148536,-0.08731072690020125,0.030153572900774504
5,IA0770500,"West Des Moines, IA",theft,0.00180993091596623,-0.0771269177434913,0.030131387492314553
6,IA0770500,"West Des Moines, IA",theft,0.023230761582622765,0.009066455579812472,0.030081394358601212
7,IA0770500,"West Des Moines, IA",theft,0.05336929189175766,0.0982294899507008,0.030070277464958318
8,IA0770500,"West Des Moines, IA",theft,0.06714888840375174,0.08251925587931629,0.030081394358601212
9,IA0770500,"West Des Moines, IA",theft,0.044121015690036715,0.021522439498515955,0.030131387492314553
10,IA0770500,"West Des Moines, IA",theft,0.022895821795177324,0.03874414202841213,0.030153572900774504
11,IA0770500,"West Des Moines, IA",theft,0.029789499310822014,0.09196928442143223,0.03013138749231455
12,IA0770500,"West Des Moines, IA",theft,0.018948850558136773,0.05434249596991773,0.030081394358601212
1,IA0780100,"Council Bluffs, IA",theft,-0.042789109977786455,-0.08880717644960373,0.02895586972826229
2,IA0780100,"Council Bluffs, IA",theft,-0.09874831863054001,-0.09270355110608798,0.02902593525511734
3,IA0780100,"Council Bluffs, IA",theft,-0.08630062783079621,-0.11939183878833268,0.02901274981435607
4,IA0780100,"Council Bluffs, IA",theft,-0.033476003709148536,-0.08416056707384537,0.02903202954034074
5,IA0780100,"Council Bluffs, IA",theft,0.00180993091596623,0.0021480466383620726,0.029012749814356073
6,IA0780100,"Council Bluffs, IA",theft,0.023230761582622765,0.05625697176364799,0.02902593525511734
7,IA0780100,"Council Bluffs, IA",theft,0.05336929189175766,0.08417496077056533,0.028955869728262286
8,IA0780100,"Council Bluffs, IA",theft,0.06714888840375174,0.14026762690535238,0.02902593525511734
9,IA0780100,"Council Bluffs, IA",theft,0.044121015690036715,0.1715881302666355,0.029012749814356073
10,IA0780100,"Council Bluffs, IA",theft,0.022895821795177324,0.08879278275288378,0.02903202954034074
11,IA0780100,"Council Bluffs, IA",theft,0.029789499310822014,-0.04971212243762653,0.02901274981435607
12,IA0780100,"Council Bluffs, IA",theft,0.018948850558136773,-0.10845326324195079,0.02902593525511734
1,IA0820200,"Davenport, IA",theft,-0.042789109977786455,-0.11816940720545246,0.02762587558960666
2,IA0820200,"Davenport, IA",theft,-0.09874831863054001,-0.15185101537427276,0.02765144448712894
3,IA0820200,"Davenport, IA",theft,-0.08630062783079621,-0.10019320717087093,0.027661888556489052
4,IA0820200,"Davenport, IA",theft,-0.033476003709148536,-0.030489666209585615,0.027669599828096397
5,IA0820200,"Davenport, IA",theft,0.00180993091596623,0.012036494730184817,0.027661888556489055
6,IA0820200,"Davenport, IA",theft,0.023230761582622765,0.059834805634744435,0.02765144448712894
7,IA0820200,"Davenport, IA",theft,0.05336929189175766,0.11733985499390498,0.027625875589606653
8,IA0820200,"Davenport, IA",theft,0.06714888840375174,0.1256024679870481,0.02765144448712894
9,IA0820200,"Davenport, IA",theft,0.044121015690036715,0.07477421199519374,0.02766188855648906
10,IA0820200,"Davenport, IA",theft,0.022895821795177324,0.03131921842113308,0.027669599828096397
11,IA0820200,"Davenport, IA",theft,0.029789499310822014,0.014212052657039795,0.027661888556489052
12,IA0820200,"Davenport, IA",theft,0.018948850558136773,-0.03441581045906716,0.02765144448712894
1,IA0850100,"Ames, IA",theft,-0.042789109977786455,-0.10263399356412659,0.031154691168686025
2,IA0850100,"Ames, IA",theft,-0.09874831863054001,-0.14181195254264695,0.031203243722093935
3,IA0850100,"Ames, IA",theft,-0.08630062783079621,-0.10855944998693173,0.03116741585213716
4,IA0850100,"Ames, IA",theft,-0.033476003709148536,-0.04710029580395829,0.031194259584586485
5,IA0850100,"Ames, IA",theft,0.00180993091596623,-0.01606214198151302,0.031167415852137163
6,IA0850100,"Ames, IA",theft,0.023230761582622765,0.00205413125210065,0.031203243722093935
7,IA0850100,"Ames, IA",theft,0.05336929189175766,0.05316342758214611,0.031154691168686018
8,IA0850100,"Ames, IA",theft,0.06714888840375174,0.11586276819729024,0.031203243722093935
9,IA0850100,"Ames, IA",theft,0.044121015690036715,0.1320808316235555,0.031167415852137167
10,IA0850100,"Ames, IA",theft,0.022895821795177324,0.09657086178593877,0.031194259584586485
11,IA0850100,"Ames, IA",theft,0.029789499310822014,0.04201132632686967,0.03116741585213716
12,IA0850100,"Ames, IA",theft,0.018948850558136773,-0.02557551288872434,0.031203243722093935
1,IA0970100,"Sioux City, IA",theft,-0.042789109977786455,-0.08020537350010487,0.02807409071545511
2,IA0970100,"Sioux City, IA",theft,-0.09874831863054001,-0.13155224200416188,0.02811247623279349
3,IA0970100,"Sioux City, IA",theft,-0.08630062783079621,-0.10591159026626534,0.028129709355536634
4,IA0970100,"Sioux City, IA",theft,-0.033476003709148536,-0.037223362845135465,0.02813632239932327
5,IA0970100,"Sioux City, IA",theft,0.00180993091596623,0.0160646264836422,0.028129709355536638
6,IA0970100,"Sioux City, IA",theft,0.023230761582622765,0.05119024285207438,0.02811247623279349
7,IA0970100,"Sioux City, IA",theft,0.05336929189175766,0.08242046930100463,0.028074090715455108
8,IA0970100,"Sioux City, IA",theft,0.06714888840375174,0.08906007170012464,0.02811247623279349
9,IA0970100,"Sioux City, IA",theft,0.044121015690036715,0.061204324161328316,0.028129709355536638
10,IA0970100,"Sioux City, IA",theft,0.022895821795177324,0.03500826704423569,0.02813632239932327
11,IA0970100,"Sioux City, IA",theft,0.029789499310822014,0.026427543820395,0.028129709355536634
12,IA0970100,"Sioux City, IA",theft,0.018948850558136773,-0.006482976747137283,0.02811247623279349
1,ID0010000,"Ada, ID",theft,-0.042789109977786455,-0.08996486355196714,0.033850508692606196
2,ID0010000,"Ada, ID",theft,-0.09874831863054001,-0.1476336520188397,0.033832460211423665
3,ID0010000,"Ada, ID",theft,-0.08630062783079621,-0.12728880950980442,0.03387000919471062
4,ID0010000,"Ada, ID",theft,-0.033476003709148536,-0.048607701373491574,0.033853438552843125
5,ID0010000,"Ada, ID",theft,0.00180993091596623,0.016539980005599052,0.03387000919471063
6,ID0010000,"Ada, ID",theft,0.023230761582622765,0.05420228930160305,0.033832460211423665
7,ID0010000,"Ada, ID",theft,0.05336929189175766,0.09317730209773378,0.03385050869260619
8,ID0010000,"Ada, ID",theft,0.06714888840375174,0.11834153778600558,0.033832460211423665
9,ID0010000,"Ada, ID",theft,0.044121015690036715,0.09478425673120366,0.03387000919471063
10,ID0010000,"Ada, ID",theft,0.022895821795177324,0.04539526282772495,0.033853438552843125
11,ID0010000,"Ada, ID",theft,0.029789499310822014,0.012752134227235028,0.03387000919471062
12,ID0010000,"Ada, ID",theft,0.018948850558136773,-0.021697736523002227,0.033832460211423665
1,ID0010300,"Meridian, ID",theft,-0.042789109977786455,-0.041432757792122514,0.0316877285008967
2,ID0010300,"Meridian, ID",theft,-0.09874831863054001,-0.06814656880270922,0.03172578640594558
3,ID0010300,"Meridian, ID",theft,-0.08630062783079621,-0.0838817503516175,0.031745602836310435
4,ID0010300,"Meridian, ID",theft,-0.033476003709148536,-0.06892316491460387,0.03176335267497369
5,ID0010300,"Meridian, ID",theft,0.00180993091596623,-0.015966865635223235,0.031745602836310435
6,ID0010300,"Meridian, ID",theft,0.023230761582622765,0.03971836800387665,0.03172578640594558
7,ID0010300,"Meridian, ID",theft,0.05336929189175766,0.05965101602681314,0.03168772850089669
8,ID0010300,"Meridian, ID",theft,0.06714888840375174,0.05290097802282181,0.03172578640594558
9,ID0010300,"Meridian, ID",theft,0.044121015690036715,0.050417901337039425,0.03174560283631044
10,ID0010300,"Meridian, ID",theft,0.022895821795177324,0.05070490667991323,0.03176335267497369
11,ID0010300,"Meridian, ID",theft,0.029789499310822014,0.031212456415110643,0.031745602836310435
12,ID0010300,"Meridian, ID",theft,0.018948850558136773,-0.006254518989298528,0.03172578640594558
1,ID0030200,"Pocatello, ID",theft,-0.042789109977786455,-0.07323945091795644,0.031107940830581705
2,ID0030200,"Pocatello, ID",theft,-0.09874831863054001,-0.09994284183755055,0.03118381814896472
3,ID0030200,"Pocatello, ID",theft,-0.08630062783079621,-0.09944137845713746,0.031168344492350578
4,ID0030200,"Pocatello, ID",theft,-0.033476003709148536,-0.06471493153834432,0.03119172829924541
5,ID0030200,"Pocatello, ID",theft,0.00180993091596623,-0.019587522227463405,0.031168344492350585
6,ID0030200,"Pocatello, ID",theft,0.023230761582622765,0.026485438943801284,0.03118381814896472
7,ID0030200,"Pocatello, ID",theft,0.05336929189175766,0.08219193768658095,0.031107940830581698
8,ID0030200,"Pocatello, ID",theft,0.06714888840375174,0.1266921827155667,0.03118381814896472
9,ID0030200,"Pocatello, ID",theft,0.044121015690036715,0.11723823256652915,0.031168344492350585
10,ID0030200,"Pocatello, ID",theft,0.022895821795177324,0.055762444769719824,0.03119172829924541
11,ID0030200,"Pocatello, ID",theft,0.029789499310822014,-0.007161818650552814,0.031168344492350578
12,ID0030200,"Pocatello, ID",theft,0.018948850558136773,-0.0442822930531929,0.03118381814896472
1,ID0100200,"Idaho Falls, ID",theft,-0.042789109977786455,-0.08773549857330941,0.03248724161723371
2,ID0100200,"Idaho Falls, ID",theft,-0.09874831863054001,-0.11315749815336894,0.032539554519827985
3,ID0100200,"Idaho Falls, ID",theft,-0.08630062783079621,-0.0694372041992867,0.03253490994909209
4,ID0100200,"Idaho Falls, ID",theft,-0.033476003709148536,-0.015755547613951496,0.03254581407978268
5,ID0100200,"Idaho Falls, ID",theft,0.00180993091596623,0.0015377486282027713,0.0325349099490921
6,ID0100200,"Idaho Falls, ID",theft,0.023230761582622765,0.026822009369136184,0.032539554519827985
7,ID0100200,"Idaho Falls, ID",theft,0.05336929189175766,0.087076317122355,0.03248724161723371
8,ID0100200,"Idaho Falls, ID",theft,0.06714888840375174,0.11738380633712336,0.032539554519827985
9,ID0100200,"Idaho Falls, ID",theft,0.044121015690036715,0.07432269383399553,0.0325349099490921
10,ID0100200,"Idaho Falls, ID",theft,0.022895821795177324,0.016414729064905896,0.03254581407978268
11,ID0100200,"Idaho Falls, ID",theft,0.029789499310822014,-0.005764056811957252,0.03253490994909209
12,ID0100200,"Idaho Falls, ID",theft,0.018948850558136773,-0.03170749900384495,0.032539554519827985
1,ID0280100,"Coeur D Alene, ID",theft,-0.042789109977786455,-0.10915150012946548,0.032718060666525065
2,ID0280100,"Coeur D Alene, ID",theft,-0.09874831863054001,-0.11203302521476818,0.03278888957348878
3,ID0280100,"Coeur D Alene, ID",theft,-0.08630062783079621,-0.06705217143000393,0.03275969552350586
4,ID0280100,"Coeur D Alene, ID",theft,-0.033476003709148536,-0.021328605862512198,0.032779970149702
5,ID0280100,"Coeur D Alene, ID",theft,0.00180993091596623,0.012425842390857405,0.03275969552350587
6,ID0280100,"Coeur D Alene, ID",theft,0.023230761582622765,0.05361831211998489,0.03278888957348878
7,ID0280100,"Coeur D Alene, ID",theft,0.05336929189175766,0.09151243074718532,0.032718060666525065
8,ID0280100,"Coeur D Alene, ID",theft,0.06714888840375174,0.09395923134111363,0.03278888957348878
9,ID0280100,"Coeur D Alene, ID",theft,0.044121015690036715,0.0666174469386295,0.03275969552350587
10,ID0280100,"Coeur D Alene, ID",theft,0.022895821795177324,0.038967675244792346,0.032779970149702
11,ID0280100,"Coeur D Alene, ID",theft,0.029789499310822014,0.005647951482797112,0.03275969552350586
12,ID0280100,"Coeur D Alene, ID",theft,0.018948850558136773,-0.0531835876286104,0.03278888957348878
1,ID0420200,"Twin Falls, ID",theft,-0.042789109977786455,-0.05858153075749592,0.03159550592288032
2,ID0420200,"Twin Falls, ID",theft,-0.09874831863054001,-0.09278005527093429,0.03163283817671776
3,ID0420200,"Twin Falls, ID",theft,-0.08630062783079621,-0.07650547930014845,0.031575862430120435
4,ID0420200,"Twin Falls, ID",theft,-0.033476003709148536,-0.022174582866235925,0.03163429524662772
5,ID0420200,"Twin Falls, ID",theft,0.00180993091596623,0.010656641339311372,0.03157586243012044
6,ID0420200,"Twin Falls, ID",theft,0.023230761582622765,-1.7327950270640963e-4,0.03163283817671776
7,ID0420200,"Twin Falls, ID",theft,0.05336929189175766,-0.004935829781403955,0.03159550592288031
8,ID0420200,"Twin Falls, ID",theft,0.06714888840375174,0.034258452349679336,0.03163283817671777
9,ID0420200,"Twin Falls, ID",theft,0.044121015690036715,0.08150123691779335,0.03157586243012044
10,ID0420200,"Twin Falls, ID",theft,0.022895821795177324,0.0856919434051358,0.03163429524662772
11,ID0420200,"Twin Falls, ID",theft,0.029789499310822014,0.047864961581943546,0.031575862430120435
12,ID0420200,"Twin Falls, ID",theft,0.018948850558136773,-0.00482247811493847,0.03163283817671776
1,IL0100100,"Champaign, IL",theft,-0.042789109977786455,-0.07740972240247887,0.02911023915728688
2,IL0100100,"Champaign, IL",theft,-0.09874831863054001,-0.15237582821838955,0.029158856142230846
3,IL0100100,"Champaign, IL",theft,-0.08630062783079621,-0.1484513954732436,0.029151671536036563
4,IL0100100,"Champaign, IL",theft,-0.033476003709148536,-0.07395608254075052,0.029190579199274994
5,IL0100100,"Champaign, IL",theft,0.00180993091596623,-0.014915013945156251,0.029151671536036566
6,IL0100100,"Champaign, IL",theft,0.023230761582622765,0.014001863020419794,0.029158856142230846
7,IL0100100,"Champaign, IL",theft,0.05336929189175766,0.06831961859464845,0.029110239157286878
8,IL0100100,"Champaign, IL",theft,0.06714888840375174,0.13566100359610722,0.029158856142230846
9,IL0100100,"Champaign, IL",theft,0.044121015690036715,0.14082667465879165,0.02915167153603657
10,IL0100100,"Champaign, IL",theft,0.022895821795177324,0.08304618634858094,0.029190579199274994
11,IL0100100,"Champaign, IL",theft,0.029789499310822014,0.03162983856743854,0.029151671536036563
12,IL0100100,"Champaign, IL",theft,0.018948850558136773,-0.006377142205967801,0.029158856142230846
1,IL0160200,"Arlington Heights, IL",theft,-0.042789109977786455,-8.99565520492952e-4,0.03281816049578932
2,IL0160200,"Arlington Heights, IL",theft,-0.09874831863054001,-0.09119610514825471,0.032886214107114876
3,IL0160200,"Arlington Heights, IL",theft,-0.08630062783079621,-0.11159210413973641,0.0329135271768355
4,IL0160200,"Arlington Heights, IL",theft,-0.033476003709148536,-0.06261637215446275,0.03291783217400264
5,IL0160200,"Arlington Heights, IL",theft,0.00180993091596623,-0.023900910967233995,0.0329135271768355
6,IL0160200,"Arlington Heights, IL",theft,0.023230761582622765,-0.003527621156554333,0.032886214107114876
7,IL0160200,"Arlington Heights, IL",theft,0.05336929189175766,0.041127143907120675,0.03281816049578931
8,IL0160200,"Arlington Heights, IL",theft,0.06714888840375174,0.08108198438333017,0.03288621410711488
9,IL0160200,"Arlington Heights, IL",theft,0.044121015690036715,0.061250404988184126,0.03291352717683551
10,IL0160200,"Arlington Heights, IL",theft,0.022895821795177324,0.022388793767835015,0.03291783217400264
11,IL0160200,"Arlington Heights, IL",theft,0.029789499310822014,0.03401503173215852,0.0329135271768355
12,IL0160200,"Arlington Heights, IL",theft,0.018948850558136773,0.05386932030810665,0.032886214107114876
1,IL0162100,"Cicero, IL",theft,-0.042789109977786455,-0.07868427916965234,0.03157450104484815
2,IL0162100,"Cicero, IL",theft,-0.09874831863054001,-0.1420250979804435,0.03161873606243796
3,IL0162100,"Cicero, IL",theft,-0.08630062783079621,-0.1039664523117841,0.031624252803928075
4,IL0162100,"Cicero, IL",theft,-0.033476003709148536,-0.018553588641970948,0.03165143292927777
5,IL0162100,"Cicero, IL",theft,0.00180993091596623,0.038715239618655126,0.03162425280392808
6,IL0162100,"Cicero, IL",theft,0.023230761582622765,0.06884748979704514,0.03161873606243796
7,IL0162100,"Cicero, IL",theft,0.05336929189175766,0.08615269569041431,0.031574501044848144
8,IL0162100,"Cicero, IL",theft,0.06714888840375174,0.06690771757127555,0.03161873606243796
9,IL0162100,"Cicero, IL",theft,0.044121015690036715,0.021380655381854147,0.03162425280392808
10,IL0162100,"Cicero, IL",theft,0.022895821795177324,0.01108517212120897,0.03165143292927777
11,IL0162100,"Cicero, IL",theft,0.029789499310822014,0.036402140790512794,0.031624252803928075
12,IL0162100,"Cicero, IL",theft,0.018948850558136773,0.013738307132884878,0.03161873606243796
1,IL0162A00,"Schaumburg, IL",theft,-0.042789109977786455,-0.007728199320593439,0.02942865849689561
2,IL0162A00,"Schaumburg, IL",theft,-0.09874831863054001,-0.10798973157077947,0.02944102501755522
3,IL0162A00,"Schaumburg, IL",theft,-0.08630062783079621,-0.08245074003332867,0.029472228061934416
4,IL0162A00,"Schaumburg, IL",theft,-0.033476003709148536,-0.010757399979450834,0.029468724644749106
5,IL0162A00,"Schaumburg, IL",theft,0.00180993091596623,0.009442177221014241,0.02947222806193442
6,IL0162A00,"Schaumburg, IL",theft,0.023230761582622765,0.009528787391436288,0.02944102501755522
7,IL0162A00,"Schaumburg, IL",theft,0.05336929189175766,0.02542859927447999,0.029428658496895608
8,IL0162A00,"Schaumburg, IL",theft,0.06714888840375174,0.009609218854325287,0.02944102501755522
9,IL0162A00,"Schaumburg, IL",theft,0.044121015690036715,-0.03363017263701213,0.02947222806193442
10,IL0162A00,"Schaumburg, IL",theft,0.022895821795177324,-0.006942999974435753,0.029468724644749106
11,IL0162A00,"Schaumburg, IL",theft,0.029789499310822014,0.08893833549543993,0.029472228061934416
12,IL0162A00,"Schaumburg, IL",theft,0.018948850558136773,0.10655212527890455,0.02944102501755522
1,IL0163200,"Evanston, IL",theft,-0.042789109977786455,-0.11447250719618852,0.029153979763606917
2,IL0163200,"Evanston, IL",theft,-0.09874831863054001,-0.1606154990405314,0.029175718531097797
3,IL0163200,"Evanston, IL",theft,-0.08630062783079621,-0.15483887834951277,0.029198732218548275
4,IL0163200,"Evanston, IL",theft,-0.033476003709148536,-0.09134676724443996,0.029191721804963745
5,IL0163200,"Evanston, IL",theft,0.00180993091596623,-0.011685482873005476,0.029198732218548275
6,IL0163200,"Evanston, IL",theft,0.023230761582622765,0.07024989785705077,0.029175718531097797
7,IL0163200,"Evanston, IL",theft,0.05336929189175766,0.1564628130713647,0.029153979763606914
8,IL0163200,"Evanston, IL",theft,0.06714888840375174,0.20103296319052294,0.029175718531097797
9,IL0163200,"Evanston, IL",theft,0.044121015690036715,0.15326603662432814,0.029198732218548278
10,IL0163200,"Evanston, IL",theft,0.022895821795177324,0.049356461369263804,0.029191721804963745
11,IL0163200,"Evanston, IL",theft,0.029789499310822014,-0.02873198127698615,0.029198732218548275
12,IL0163200,"Evanston, IL",theft,0.018948850558136773,-0.06867705613186607,0.029175718531097794
1,IL0164A00,"Skokie, IL",theft,-0.042789109977786455,-0.06643443843733833,0.02940685461364643
2,IL0164A00,"Skokie, IL",theft,-0.09874831863054001,-0.15664432249720195,0.0294689654158367
3,IL0164A00,"Skokie, IL",theft,-0.08630062783079621,-0.11054668352770404,0.02947570333400433
4,IL0164A00,"Skokie, IL",theft,-0.033476003709148536,-0.06769266231581605,0.029503102081148577
5,IL0164A00,"Skokie, IL",theft,0.00180993091596623,-0.06631840599432001,0.029475703334004334
6,IL0164A00,"Skokie, IL",theft,0.023230761582622765,-0.00606838724750347,0.0294689654158367
7,IL0164A00,"Skokie, IL",theft,0.05336929189175766,0.08895005258820587,0.029406854613646425
8,IL0164A00,"Skokie, IL",theft,0.06714888840375174,0.08431175434448804,0.0294689654158367
9,IL0164A00,"Skokie, IL",theft,0.044121015690036715,0.01569850122412248,0.029475703334004337
10,IL0164A00,"Skokie, IL",theft,0.022895821795177324,0.04517704816494845,0.029503102081148577
11,IL0164A00,"Skokie, IL",theft,0.029789499310822014,0.13865097414703392,0.02947570333400433
12,IL0164A00,"Skokie, IL",theft,0.018948850558136773,0.10091656955108515,0.029468965415836698
1,IL0165M00,"Tinley Park, IL",theft,-0.042789109977786455,-0.04030781514641304,0.03324120528701992
2,IL0165M00,"Tinley Park, IL",theft,-0.09874831863054001,-0.13383291625380206,0.03326726177622198
3,IL0165M00,"Tinley Park, IL",theft,-0.08630062783079621,-0.11466194428442661,0.033334271275178295
4,IL0165M00,"Tinley Park, IL",theft,-0.033476003709148536,-0.059310815195208755,0.033370373113549616
5,IL0165M00,"Tinley Park, IL",theft,0.00180993091596623,-0.03777064173160509,0.033334271275178295
6,IL0165M00,"Tinley Park, IL",theft,0.023230761582622765,0.019339425452895617,0.03326726177622198
7,IL0165M00,"Tinley Park, IL",theft,0.05336929189175766,0.12474420179611448,0.03324120528701992
8,IL0165M00,"Tinley Park, IL",theft,0.06714888840375174,0.14414217865003706,0.03326726177622198
9,IL0165M00,"Tinley Park, IL",theft,0.044121015690036715,0.04053482003096013,0.033334271275178295
10,IL0165M00,"Tinley Park, IL",theft,0.022895821795177324,-0.02512557145449272,0.033370373113549616
11,IL0165M00,"Tinley Park, IL",theft,0.029789499310822014,0.027461379335370052,0.033334271275178295
12,IL0165M00,"Tinley Park, IL",theft,0.018948850558136773,0.054787698800570946,0.03326726177622198
1,IL0167200,"Mount Prospect, IL",theft,-0.042789109977786455,-0.07496677108176132,0.034220649952483
2,IL0167200,"Mount Prospect, IL",theft,-0.09874831863054001,-0.12166042699415232,0.03426777623403792
3,IL0167200,"Mount Prospect, IL",theft,-0.08630062783079621,-0.10909052983160203,0.034279982659798834
4,IL0167200,"Mount Prospect, IL",theft,-0.033476003709148536,-0.08052457360392386,0.034307107265565996
5,IL0167200,"Mount Prospect, IL",theft,0.00180993091596623,-0.030999595660768122,0.03427998265979884
6,IL0167200,"Mount Prospect, IL",theft,0.023230761582622765,0.04786763116306354,0.03426777623403792
7,IL0167200,"Mount Prospect, IL",theft,0.05336929189175766,0.09628024241978587,0.034220649952482994
8,IL0167200,"Mount Prospect, IL",theft,0.06714888840375174,0.07181144105689383,0.03426777623403792
9,IL0167200,"Mount Prospect, IL",theft,0.044121015690036715,0.037928072556318936,0.03427998265979885
10,IL0167200,"Mount Prospect, IL",theft,0.022895821795177324,0.059211102265899256,0.034307107265565996
11,IL0167200,"Mount Prospect, IL",theft,0.029789499310822014,0.08084858159802655,0.03427998265979884
12,IL0167200,"Mount Prospect, IL",theft,0.018948850558136773,0.023294826112219627,0.03426777623403792
1,IL0168000,"Oak Lawn, IL",theft,-0.042789109977786455,-0.026510820982164302,0.032132145859078066
2,IL0168000,"Oak Lawn, IL",theft,-0.09874831863054001,-0.0909758072173727,0.03214326403844747
3,IL0168000,"Oak Lawn, IL",theft,-0.08630062783079621,-0.11200987258028855,0.03219770381290378
4,IL0168000,"Oak Lawn, IL",theft,-0.033476003709148536,-0.08398414909932159,0.03221034530168268
5,IL0168000,"Oak Lawn, IL",theft,0.00180993091596623,-0.025407048761376005,0.03219770381290379
6,IL0168000,"Oak Lawn, IL",theft,0.023230761582622765,0.03335779122494063,0.03214326403844747
7,IL0168000,"Oak Lawn, IL",theft,0.05336929189175766,0.06046140272840311,0.03213214585907806
8,IL0168000,"Oak Lawn, IL",theft,0.06714888840375174,0.05088257002040648,0.03214326403844747
9,IL0168000,"Oak Lawn, IL",theft,0.044121015690036715,0.037966053637083476,0.03219770381290379
10,IL0168000,"Oak Lawn, IL",theft,0.022895821795177324,0.05003356735308275,0.03221034530168268
11,IL0168000,"Oak Lawn, IL",theft,0.029789499310822014,0.06550028595834222,0.03219770381290378
12,IL0168000,"Oak Lawn, IL",theft,0.018948850558136773,0.04068602771826447,0.03214326403844747
1,IL0168400,"Palatine, IL",theft,-0.042789109977786455,-0.039521629122923736,0.03434419112769727
2,IL0168400,"Palatine, IL",theft,-0.09874831863054001,-0.10001860821751274,0.03438595476461326
3,IL0168400,"Palatine, IL",theft,-0.08630062783079621,-0.09984179797480869,0.0343506609447801
4,IL0168400,"Palatine, IL",theft,-0.033476003709148536,-0.03701121834212356,0.03437305147930342
5,IL0168400,"Palatine, IL",theft,0.00180993091596623,0.015394580233015964,0.034350660944780106
6,IL0168400,"Palatine, IL",theft,0.023230761582622765,0.012748976989231,0.03438595476461326
7,IL0168400,"Palatine, IL",theft,0.05336929189175766,-0.0015279703599600685,0.034344191127697266
8,IL0168400,"Palatine, IL",theft,0.06714888840375174,0.02199896027841444,0.03438595476461326
9,IL0168400,"Palatine, IL",theft,0.044121015690036715,0.06287174951859416,0.034350660944780106
10,IL0168400,"Palatine, IL",theft,0.022895821795177324,0.07806081782500737,0.03437305147930342
11,IL0168400,"Palatine, IL",theft,0.029789499310822014,0.06262506770608231,0.0343506609447801
12,IL0168400,"Palatine, IL",theft,0.018948850558136773,0.024221071466983532,0.03438595476461326
1,IL0580200,"Decatur, IL",theft,-0.042789109977786455,-0.12071314594388091,0.029686799820578702
2,IL0580200,"Decatur, IL",theft,-0.09874831863054001,-0.15241102569731207,0.029741706929922784
3,IL0580200,"Decatur, IL",theft,-0.08630062783079621,-0.1376616597366368,0.02973818094334032
4,IL0580200,"Decatur, IL",theft,-0.033476003709148536,-0.07445224265421117,0.029748599356217542
5,IL0580200,"Decatur, IL",theft,0.00180993091596623,0.015529488236459454,0.029738180943340322
6,IL0580200,"Decatur, IL",theft,0.023230761582622765,0.09630566317234739,0.029741706929922784
7,IL0580200,"Decatur, IL",theft,0.05336929189175766,0.1385514663886578,0.0296867998205787
8,IL0580200,"Decatur, IL",theft,0.06714888840375174,0.13628522822365863,0.029741706929922784
9,IL0580200,"Decatur, IL",theft,0.044121015690036715,0.10369754181820644,0.029738180943340325
10,IL0580200,"Decatur, IL",theft,0.022895821795177324,0.056613922209434266,0.029748599356217542
11,IL0580200,"Decatur, IL",theft,0.029789499310822014,5.963092371939429e-4,0.02973818094334032
12,IL0580200,"Decatur, IL",theft,0.018948850558136773,-0.06234154525391695,0.029741706929922784
1,IL0840200,"Springfield, IL",theft,-0.042789109977786455,-0.11746602552729617,0.027261116137862248
2,IL0840200,"Springfield, IL",theft,-0.09874831863054001,-0.17611077889612808,0.0272808817085761
3,IL0840200,"Springfield, IL",theft,-0.08630062783079621,-0.12953634782116502,0.02729473163559421
4,IL0840200,"Springfield, IL",theft,-0.033476003709148536,-0.039728143440748896,0.027299665382688573
5,IL0840200,"Springfield, IL",theft,0.00180993091596623,0.01772870492400136,0.027294731635594212
6,IL0840200,"Springfield, IL",theft,0.023230761582622765,0.07189552389943676,0.0272808817085761
7,IL0840200,"Springfield, IL",theft,0.05336929189175766,0.1447454880754643,0.027261116137862244
8,IL0840200,"Springfield, IL",theft,0.06714888840375174,0.1623166893429424,0.0272808817085761
9,IL0840200,"Springfield, IL",theft,0.044121015690036715,0.08846279571981122,0.027294731635594212
10,IL0840200,"Springfield, IL",theft,0.022895821795177324,0.012448680892580742,0.027299665382688573
11,IL0840200,"Springfield, IL",theft,0.029789499310822014,-0.003934615370815751,0.02729473163559421
12,IL0840200,"Springfield, IL",theft,0.018948850558136773,-0.030821971798082843,0.027280881708576097
1,IL0990000,"Will, IL",theft,-0.042789109977786455,-0.07545032673824761,0.03459038927429537
2,IL0990000,"Will, IL",theft,-0.09874831863054001,-0.11123700733294278,0.03463474534895283
3,IL0990000,"Will, IL",theft,-0.08630062783079621,-0.09795066397553494,0.03466094259189392
4,IL0990000,"Will, IL",theft,-0.033476003709148536,-0.04323630414343277,0.034656518033598656
5,IL0990000,"Will, IL",theft,0.00180993091596623,0.0181690559329514,0.03466094259189392
6,IL0990000,"Will, IL",theft,0.023230761582622765,0.06685902966792956,0.03463474534895283
7,IL0990000,"Will, IL",theft,0.05336929189175766,0.0954905004846072,0.03459038927429537
8,IL0990000,"Will, IL",theft,0.06714888840375174,0.09200934615439751,0.03463474534895283
9,IL0990000,"Will, IL",theft,0.044121015690036715,0.05868282905063006,0.03466094259189393
10,IL0990000,"Will, IL",theft,0.022895821795177324,0.023196130397073172,0.034656518033598656
11,IL0990000,"Will, IL",theft,0.029789499310822014,0.0010586052455938413,0.03466094259189392
12,IL0990000,"Will, IL",theft,0.018948850558136773,-0.027591194743024614,0.03463474534895283
1,IL0990200,"Bolingbrook, IL",theft,-0.042789109977786455,-0.04825479837237205,0.03415284998286963
2,IL0990200,"Bolingbrook, IL",theft,-0.09874831863054001,-0.1320108681583675,0.03417051608682366
3,IL0990200,"Bolingbrook, IL",theft,-0.08630062783079621,-0.12521014425433627,0.034216399259379963
4,IL0990200,"Bolingbrook, IL",theft,-0.033476003709148536,-0.07277769888750632,0.03417856742615719
5,IL0990200,"Bolingbrook, IL",theft,0.00180993091596623,-0.04230188760208448,0.034216399259379963
6,IL0990200,"Bolingbrook, IL",theft,0.023230761582622765,-0.019884511904949352,0.03417051608682366
7,IL0990200,"Bolingbrook, IL",theft,0.05336929189175766,0.02827960619085245,0.03415284998286963
8,IL0990200,"Bolingbrook, IL",theft,0.06714888840375174,0.07453219040557271,0.034170516086823664
9,IL0990200,"Bolingbrook, IL",theft,0.044121015690036715,0.08770665868306107,0.034216399259379963
10,IL0990200,"Bolingbrook, IL",theft,0.022895821795177324,0.0927528910690259,0.03417856742615719
11,IL0990200,"Bolingbrook, IL",theft,0.029789499310822014,0.09978056535487921,0.034216399259379963
12,IL0990200,"Bolingbrook, IL",theft,0.018948850558136773,0.05738799747622461,0.03417051608682366
1,IL1010400,"Rockford, IL",theft,-0.042789109977786455,-0.09314497615699506,0.02746024861174903
2,IL1010400,"Rockford, IL",theft,-0.09874831863054001,-0.12869131407786105,0.027484977178135857
3,IL1010400,"Rockford, IL",theft,-0.08630062783079621,-0.09329102361918613,0.02750192376305517
4,IL1010400,"Rockford, IL",theft,-0.033476003709148536,-0.017419707187037257,0.02750639474769934
5,IL1010400,"Rockford, IL",theft,0.00180993091596623,0.03781368836289728,0.027501923763055176
6,IL1010400,"Rockford, IL",theft,0.023230761582622765,0.06777978539939235,0.027484977178135857
7,IL1010400,"Rockford, IL",theft,0.05336929189175766,0.09407010396610357,0.027460248611749026
8,IL1010400,"Rockford, IL",theft,0.06714888840375174,0.09913118805283412,0.02748497717813586
9,IL1010400,"Rockford, IL",theft,0.044121015690036715,0.06280576978505067,0.027501923763055176
10,IL1010400,"Rockford, IL",theft,0.022895821795177324,0.016494579377928743,0.02750639474769934
11,IL1010400,"Rockford, IL",theft,0.029789499310822014,-0.008253562337870389,0.02750192376305517
12,IL1010400,"Rockford, IL",theft,0.018948850558136773,-0.03729453156525683,0.027484977178135857
1,ILCPD0000,"Chicago, IL",theft,-0.042789109977786455,-0.08939731203585866,0.025626876839740447
2,ILCPD0000,"Chicago, IL",theft,-0.09874831863054001,-0.14164122769945348,0.025645811032320498
3,ILCPD0000,"Chicago, IL",theft,-0.08630062783079621,-0.12268959790262493,0.02566879186976533
4,ILCPD0000,"Chicago, IL",theft,-0.033476003709148536,-0.0660917663036189,0.025674287803556982
5,ILCPD0000,"Chicago, IL",theft,0.00180993091596623,-0.006824296265408164,0.025668791869765333
6,ILCPD0000,"Chicago, IL",theft,0.023230761582622765,0.05988735479528113,0.025645811032320498
7,ILCPD0000,"Chicago, IL",theft,0.05336929189175766,0.11777577802845096,0.025626876839740444
8,ILCPD0000,"Chicago, IL",theft,0.06714888840375174,0.12028736438649298,0.025645811032320498
9,ILCPD0000,"Chicago, IL",theft,0.044121015690036715,0.0729572685970721,0.025668791869765333
10,ILCPD0000,"Chicago, IL",theft,0.022895821795177324,0.037713300311026585,0.025674287803556982
11,ILCPD0000,"Chicago, IL",theft,0.029789499310822014,0.028178159578368608,0.02566879186976533
12,ILCPD0000,"Chicago, IL",theft,0.018948850558136773,-0.010155025489728223,0.025645811032320494
1,IN0020100,"Fort Wayne, IN",theft,-0.042789109977786455,-0.09438402723991571,0.02668616196321532
2,IN0020100,"Fort Wayne, IN",theft,-0.09874831863054001,-0.16366027505074235,0.026716611475599495
3,IN0020100,"Fort Wayne, IN",theft,-0.08630062783079621,-0.13775045376833464,0.026727985797808957
4,IN0020100,"Fort Wayne, IN",theft,-0.033476003709148536,-0.035870268235645486,0.026737311463464114
5,IN0020100,"Fort Wayne, IN",theft,0.00180993091596623,0.047492893591894215,0.026727985797808964
6,IN0020100,"Fort Wayne, IN",theft,0.023230761582622765,0.08474454616194377,0.026716611475599495
7,IN0020100,"Fort Wayne, IN",theft,0.05336929189175766,0.10988681631969315,0.026686161963215316
8,IN0020100,"Fort Wayne, IN",theft,0.06714888840375174,0.11576583210992443,0.026716611475599495
9,IN0020100,"Fort Wayne, IN",theft,0.044121015690036715,0.07435322174773927,0.026727985797808964
10,IN0020100,"Fort Wayne, IN",theft,0.022895821795177324,0.020367479155868035,0.026737311463464114
11,IN0020100,"Fort Wayne, IN",theft,0.029789499310822014,4.0154934892365203e-4,0.026727985797808957
12,IN0020100,"Fort Wayne, IN",theft,0.018948850558136773,-0.02134731414134834,0.026716611475599495
1,IN0180100,"Muncie, IN",theft,-0.042789109977786455,-0.14091195559204078,0.030055384388353302
2,IN0180100,"Muncie, IN",theft,-0.09874831863054001,-0.18841789718658006,0.03007660295097769
3,IN0180100,"Muncie, IN",theft,-0.08630062783079621,-0.10742631797302818,0.030078109952326442
4,IN0180100,"Muncie, IN",theft,-0.033476003709148536,0.005000644751332018,0.030057151638347736
5,IN0180100,"Muncie, IN",theft,0.00180993091596623,0.05619734490160841,0.030078109952326446
6,IN0180100,"Muncie, IN",theft,0.023230761582622765,0.0766839426457687,0.03007660295097769
7,IN0180100,"Muncie, IN",theft,0.05336929189175766,0.10539124931197222,0.0300553843883533
8,IN0180100,"Muncie, IN",theft,0.06714888840375174,0.10339037149263533,0.030076602950977693
9,IN0180100,"Muncie, IN",theft,0.044121015690036715,0.057919498559151975,0.03007810995232645
10,IN0180100,"Muncie, IN",theft,0.022895821795177324,0.030520061528736528,0.030057151638347736
11,IN0180100,"Muncie, IN",theft,0.029789499310822014,0.028830180792336263,0.030078109952326446
12,IN0180100,"Muncie, IN",theft,0.018948850558136773,-0.027177123231892385,0.03007660295097769
1,IN0290100,"Carmel, IN",theft,-0.042789109977786455,-0.0838600630902631,0.0322279347247731
2,IN0290100,"Carmel, IN",theft,-0.09874831863054001,-0.12773574280872785,0.032192924566728044
3,IN0290100,"Carmel, IN",theft,-0.08630062783079621,-0.06489337652586777,0.03222984844181847
4,IN0290100,"Carmel, IN",theft,-0.033476003709148536,-0.00585381171130225,0.03224527136590188
5,IN0290100,"Carmel, IN",theft,0.00180993091596623,-0.006456138441244418,0.032229848441818476
6,IN0290100,"Carmel, IN",theft,0.023230761582622765,0.013915089437036482,0.032192924566728044
7,IN0290100,"Carmel, IN",theft,0.05336929189175766,0.07853996302144828,0.032227934724773095
8,IN0290100,"Carmel, IN",theft,0.06714888840375174,0.09159553820808305,0.032192924566728044
9,IN0290100,"Carmel, IN",theft,0.044121015690036715,0.034073271994037785,0.032229848441818476
10,IN0290100,"Carmel, IN",theft,0.022895821795177324,0.011173911780117046,0.03224527136590188
11,IN0290100,"Carmel, IN",theft,0.029789499310822014,0.04259634304188917,0.03222984844181847
12,IN0290100,"Carmel, IN",theft,0.018948850558136773,0.016905015094793596,0.032192924566728044
1,IN0290200,"Noblesville, IN",theft,-0.042789109977786455,-0.03337800271375177,0.034006450872801394
2,IN0290200,"Noblesville, IN",theft,-0.09874831863054001,-0.08960370659855861,0.033992718573659604
3,IN0290200,"Noblesville, IN",theft,-0.08630062783079621,-0.07616278012021815,0.03405707971789521
4,IN0290200,"Noblesville, IN",theft,-0.033476003709148536,-0.025205773622494855,0.03403155647726829
5,IN0290200,"Noblesville, IN",theft,0.00180993091596623,0.002238981094194057,0.03405707971789521
6,IN0290200,"Noblesville, IN",theft,0.023230761582622765,0.014867807392040846,0.033992718573659604
7,IN0290200,"Noblesville, IN",theft,0.05336929189175766,0.04127999345038444,0.03400645087280139
8,IN0290200,"Noblesville, IN",theft,0.06714888840375174,0.055455962769475065,0.033992718573659604
9,IN0290200,"Noblesville, IN",theft,0.044121015690036715,0.034113045554501904,0.03405707971789521
10,IN0290200,"Noblesville, IN",theft,0.022895821795177324,0.017303782885862175,0.03403155647726829
11,IN0290200,"Noblesville, IN",theft,0.029789499310822014,0.03190876273488947,0.03405707971789521
12,IN0290200,"Noblesville, IN",theft,0.018948850558136773,0.027181927173675433,0.033992718573659604
1,IN0290400,"Westfield, IN",theft,-0.042789109977786455,-0.04385148751875135,0.03535228176607342
2,IN0290400,"Westfield, IN",theft,-0.09874831863054001,-0.09644665004303962,0.03539592852956483
3,IN0290400,"Westfield, IN",theft,-0.08630062783079621,-0.06434329656574472,0.03542094680453141
4,IN0290400,"Westfield, IN",theft,-0.033476003709148536,-0.0031690284816924706,0.03544324058005175
5,IN0290400,"Westfield, IN",theft,0.00180993091596623,0.02162830088908453,0.03542094680453141
6,IN0290400,"Westfield, IN",theft,0.023230761582622765,0.03901482164344814,0.03539592852956483
7,IN0290400,"Westfield, IN",theft,0.05336929189175766,0.07175845050129764,0.03535228176607341
8,IN0290400,"Westfield, IN",theft,0.06714888840375174,0.06526034668261399,0.03539592852956483
9,IN0290400,"Westfield, IN",theft,0.044121015690036715,0.0052500302227727865,0.035420946804531415
10,IN0290400,"Westfield, IN",theft,0.022895821795177324,-0.024737934500853844,0.03544324058005175
11,IN0290400,"Westfield, IN",theft,0.029789499310822014,0.00955800247134108,0.03542094680453141
12,IN0290400,"Westfield, IN",theft,0.018948850558136773,0.02007844469952385,0.03539592852956483
1,IN0290700,"Fishers, IN",theft,-0.042789109977786455,-0.12906574015550099,0.03254997259706546
2,IN0290700,"Fishers, IN",theft,-0.09874831863054001,-0.16731462474702696,0.03257781214922799
3,IN0290700,"Fishers, IN",theft,-0.08630062783079621,-0.05111702831960817,0.032556706162322147
4,IN0290700,"Fishers, IN",theft,-0.033476003709148536,0.028342306677936985,0.03256445807340212
5,IN0290700,"Fishers, IN",theft,0.00180993091596623,-0.006067849898937937,0.032556706162322147
6,IN0290700,"Fishers, IN",theft,0.023230761582622765,-0.00216843097458697,0.03257781214922799
7,IN0290700,"Fishers, IN",theft,0.05336929189175766,0.09149641375246836,0.032549972597065456
8,IN0290700,"Fishers, IN",theft,0.06714888840375174,0.12062169923556273,0.03257781214922799
9,IN0290700,"Fishers, IN",theft,0.044121015690036715,0.041993429211176485,0.032556706162322153
10,IN0290700,"Fishers, IN",theft,0.022895821795177324,0.009227019725095586,0.03256445807340212
11,IN0290700,"Fishers, IN",theft,0.029789499310822014,0.05276077541040212,0.032556706162322147
12,IN0290700,"Fishers, IN",theft,0.018948850558136773,0.011292030083018762,0.03257781214922799
1,IN0410300,"Greenwood, IN",theft,-0.042789109977786455,-0.03275111183093577,0.029793361139900613
2,IN0410300,"Greenwood, IN",theft,-0.09874831863054001,-0.11936670726138414,0.029869191317433215
3,IN0410300,"Greenwood, IN",theft,-0.08630062783079621,-0.1003705108973293,0.029887903995207625
4,IN0410300,"Greenwood, IN",theft,-0.033476003709148536,-0.03688377533931771,0.029926661041423053
5,IN0410300,"Greenwood, IN",theft,0.00180993091596623,0.012611707810404235,0.02988790399520763
6,IN0410300,"Greenwood, IN",theft,0.023230761582622765,0.0640214210974069,0.029869191317433215
7,IN0410300,"Greenwood, IN",theft,0.05336929189175766,0.09528739668632877,0.02979336113990061
8,IN0410300,"Greenwood, IN",theft,0.06714888840375174,0.045974315467646715,0.029869191317433215
9,IN0410300,"Greenwood, IN",theft,0.044121015690036715,-0.03555816575180118,0.02988790399520763
10,IN0410300,"Greenwood, IN",theft,0.022895821795177324,-0.025652509516075336,0.029926661041423053
11,IN0410300,"Greenwood, IN",theft,0.029789499310822014,0.060780683983333174,0.029887903995207625
12,IN0410300,"Greenwood, IN",theft,0.018948850558136773,0.07190725555172366,0.029869191317433215
1,IN0710000,"St Joseph, IN",theft,-0.042789109977786455,-0.08933152881441592,0.03269327248358058
2,IN0710000,"St Joseph, IN",theft,-0.09874831863054001,-0.1829556234387139,0.03273918187242613
3,IN0710000,"St Joseph, IN",theft,-0.08630062783079621,-0.1835482520845513,0.03277721713466449
4,IN0710000,"St Joseph, IN",theft,-0.033476003709148536,-0.09544410560688549,0.032784954341129734
5,IN0710000,"St Joseph, IN",theft,0.00180993091596623,0.008036429868583678,0.0327772171346645
6,IN0710000,"St Joseph, IN",theft,0.023230761582622765,0.08879612938997375,0.03273918187242613
7,IN0710000,"St Joseph, IN",theft,0.05336929189175766,0.1410975755112714,0.032693272483580574
8,IN0710000,"St Joseph, IN",theft,0.06714888840375174,0.14234864887564508,0.03273918187242613
9,IN0710000,"St Joseph, IN",theft,0.044121015690036715,0.09117523082462693,0.0327772171346645
10,IN0710000,"St Joseph, IN",theft,0.022895821795177324,0.043678058910029974,0.032784954341129734
11,IN0710000,"St Joseph, IN",theft,0.029789499310822014,0.03257054469448513,0.03277721713466449
12,IN0710000,"St Joseph, IN",theft,0.018948850558136773,0.003576891869950715,0.03273918187242613
1,IN0710200,"South Bend, IN",theft,-0.042789109977786455,-0.14316213128272953,0.027870798271400266
2,IN0710200,"South Bend, IN",theft,-0.09874831863054001,-0.1889578523500418,0.02790946029994142
3,IN0710200,"South Bend, IN",theft,-0.08630062783079621,-0.14411038477433458,0.02789895340233618
4,IN0710200,"South Bend, IN",theft,-0.033476003709148536,-0.05425507634532303,0.0279101620175439
5,IN0710200,"South Bend, IN",theft,0.00180993091596623,0.023569604344319903,0.02789895340233618
6,IN0710200,"South Bend, IN",theft,0.023230761582622765,0.08230430861531073,0.02790946029994142
7,IN0710200,"South Bend, IN",theft,0.05336929189175766,0.12572907808310652,0.027870798271400262
8,IN0710200,"South Bend, IN",theft,0.06714888840375174,0.13479550951117514,0.02790946029994142
9,IN0710200,"South Bend, IN",theft,0.044121015690036715,0.10738109513509085,0.027898953402336182
10,IN0710200,"South Bend, IN",theft,0.022895821795177324,0.07168812954494602,0.0279101620175439
11,IN0710200,"South Bend, IN",theft,0.029789499310822014,0.03059273849454674,0.02789895340233618
12,IN0710200,"South Bend, IN",theft,0.018948850558136773,-0.045575018976066924,0.02790946029994142
1,IN0820100,"Evansville, IN",theft,-0.042789109977786455,-0.07330043087105115,0.027196061421244238
2,IN0820100,"Evansville, IN",theft,-0.09874831863054001,-0.13442757965348967,0.027223128711843767
3,IN0820100,"Evansville, IN",theft,-0.08630062783079621,-0.1072091471840686,0.02725126450638423
4,IN0820100,"Evansville, IN",theft,-0.033476003709148536,-0.03658801156509595,0.027244052008012668
5,IN0820100,"Evansville, IN",theft,0.00180993091596623,0.010657168911294817,0.027251264506384234
6,IN0820100,"Evansville, IN",theft,0.023230761582622765,0.045252026205603396,0.027223128711843767
7,IN0820100,"Evansville, IN",theft,0.05336929189175766,0.08663654172888385,0.027196061421244234
8,IN0820100,"Evansville, IN",theft,0.06714888840375174,0.0954554726904566,0.02722312871184377
9,IN0820100,"Evansville, IN",theft,0.044121015690036715,0.054900929363202795,0.027251264506384234
10,IN0820100,"Evansville, IN",theft,0.022895821795177324,0.023251900707263247,0.027244052008012668
11,IN0820100,"Evansville, IN",theft,0.029789499310822014,0.028314938051738226,0.02725126450638423
12,IN0820100,"Evansville, IN",theft,0.018948850558136773,0.007056191615262453,0.027223128711843767
1,INIPD0000,"Indianapolis, IN",theft,-0.042789109977786455,-0.0636311697435838,0.025808593046137543
2,INIPD0000,"Indianapolis, IN",theft,-0.09874831863054001,-0.12975837709178262,0.025833004025268228
3,INIPD0000,"Indianapolis, IN",theft,-0.08630062783079621,-0.10348768472723019,0.02585577943625607
4,INIPD0000,"Indianapolis, IN",theft,-0.033476003709148536,-0.03615481733468347,0.025862097520788375
5,INIPD0000,"Indianapolis, IN",theft,0.00180993091596623,-0.007023319177005971,0.025855779436256072
6,INIPD0000,"Indianapolis, IN",theft,0.023230761582622765,0.013283802604009153,0.025833004025268228
7,INIPD0000,"Indianapolis, IN",theft,0.05336929189175766,0.07080680392985439,0.02580859304613754
8,INIPD0000,"Indianapolis, IN",theft,0.06714888840375174,0.1103232243847509,0.025833004025268228
9,INIPD0000,"Indianapolis, IN",theft,0.044121015690036715,0.07687689783392787,0.025855779436256075
10,INIPD0000,"Indianapolis, IN",theft,0.022895821795177324,0.028979183148412857,0.025862097520788375
11,INIPD0000,"Indianapolis, IN",theft,0.029789499310822014,0.02645847188403764,0.02585577943625607
12,INIPD0000,"Indianapolis, IN",theft,0.018948850558136773,0.013326984289293235,0.025833004025268228
1,KS0460900,"Shawnee, KS",theft,-0.042789109977786455,-0.04092475603714233,0.03145111447566067
2,KS0460900,"Shawnee, KS",theft,-0.09874831863054001,-0.1414128551634987,0.0314608335215104
3,KS0460900,"Shawnee, KS",theft,-0.08630062783079621,-0.12153402557299446,0.03150761964034413
4,KS0460900,"Shawnee, KS",theft,-0.033476003709148536,-0.025953087255594434,0.03147223673028756
5,KS0460900,"Shawnee, KS",theft,0.00180993091596623,0.026554942895612024,0.03150761964034414
6,KS0460900,"Shawnee, KS",theft,0.023230761582622765,0.028166085452002415,0.0314608335215104
7,KS0460900,"Shawnee, KS",theft,0.05336929189175766,0.03916436628683613,0.031451114475660666
8,KS0460900,"Shawnee, KS",theft,0.06714888840375174,0.05100164745492042,0.0314608335215104
9,KS0460900,"Shawnee, KS",theft,0.044121015690036715,0.03288320761472234,0.03150761964034414
10,KS0460900,"Shawnee, KS",theft,0.022895821795177324,0.027713477005900624,0.03147223673028756
11,KS0460900,"Shawnee, KS",theft,0.029789499310822014,0.06385626481296622,0.03150761964034413
12,KS0460900,"Shawnee, KS",theft,0.018948850558136773,0.060484732506269734,0.03146083352151039
1,KS0461000,"Lenexa, KS",theft,-0.042789109977786455,-0.0439512151988327,0.03214348042990722
2,KS0461000,"Lenexa, KS",theft,-0.09874831863054001,-0.0790580963514341,0.032199752203949265
3,KS0461000,"Lenexa, KS",theft,-0.08630062783079621,-0.0680161417169794,0.0322055036427278
4,KS0461000,"Lenexa, KS",theft,-0.033476003709148536,-0.0601202709460695,0.03222766339747428
5,KS0461000,"Lenexa, KS",theft,0.00180993091596623,-0.051761545603730516,0.0322055036427278
6,KS0461000,"Lenexa, KS",theft,0.023230761582622765,-0.0027438864055963808,0.032199752203949265
7,KS0461000,"Lenexa, KS",theft,0.05336929189175766,0.05875487458251199,0.032143480429907216
8,KS0461000,"Lenexa, KS",theft,0.06714888840375174,0.06840188562531863,0.032199752203949265
9,KS0461000,"Lenexa, KS",theft,0.044121015690036715,0.042556271607184566,0.032205503642727805
10,KS0461000,"Lenexa, KS",theft,0.022895821795177324,0.04531661156239016,0.03222766339747428
11,KS0461000,"Lenexa, KS",theft,0.029789499310822014,0.06241775632984597,0.0322055036427278
12,KS0461000,"Lenexa, KS",theft,0.018948850558136773,0.02820375651539127,0.03219975220394926
1,KY0080000,"Boone, KY",theft,-0.042789109977786455,-0.06409683350018364,0.03330465744338475
2,KY0080000,"Boone, KY",theft,-0.09874831863054001,-0.1340753692380562,0.03332029550589888
3,KY0080000,"Boone, KY",theft,-0.08630062783079621,-0.09505161290339043,0.03337403464019529
4,KY0080000,"Boone, KY",theft,-0.033476003709148536,-0.015508564175834775,0.03335344775412156
5,KY0080000,"Boone, KY",theft,0.00180993091596623,0.021413036284400756,0.033374034640195296
6,KY0080000,"Boone, KY",theft,0.023230761582622765,0.04270140774348068,0.03332029550589888
7,KY0080000,"Boone, KY",theft,0.05336929189175766,0.0781796436046272,0.03330465744338475
8,KY0080000,"Boone, KY",theft,0.06714888840375174,0.07630538067231768,0.03332029550589888
9,KY0080000,"Boone, KY",theft,0.044121015690036715,0.023198814233208267,0.033374034640195296
10,KY0080000,"Boone, KY",theft,0.022895821795177324,0.0014257540713911731,0.03335344775412156
11,KY0080000,"Boone, KY",theft,0.029789499310822014,0.036356952281337764,0.03337403464019529
12,KY0080000,"Boone, KY",theft,0.018948850558136773,0.029151390926701545,0.03332029550589888
1,KY0300100,"Owensboro, KY",theft,-0.042789109977786455,-0.12453260106689679,0.028896161370401276
2,KY0300100,"Owensboro, KY",theft,-0.09874831863054001,-0.1652352287617673,0.028907196806200363
3,KY0300100,"Owensboro, KY",theft,-0.08630062783079621,-0.11684857137045994,0.028926145987453283
4,KY0300100,"Owensboro, KY",theft,-0.033476003709148536,-0.03709272119231939,0.028903202708821747
5,KY0300100,"Owensboro, KY",theft,0.00180993091596623,0.02999783886489724,0.028926145987453286
6,KY0300100,"Owensboro, KY",theft,0.023230761582622765,0.08150825460455904,0.028907196806200363
7,KY0300100,"Owensboro, KY",theft,0.05336929189175766,0.10408993481948695,0.02889616137040127
8,KY0300100,"Owensboro, KY",theft,0.06714888840375174,0.08411266450954002,0.028907196806200363
9,KY0300100,"Owensboro, KY",theft,0.044121015690036715,0.056168673365642456,0.02892614598745329
10,KY0300100,"Owensboro, KY",theft,0.022895821795177324,0.057535387439729205,0.028903202708821747
11,KY0300100,"Owensboro, KY",theft,0.029789499310822014,0.05112472538732999,0.028926145987453283
12,KY0300100,"Owensboro, KY",theft,0.018948850558136773,-0.02082835659974147,0.02890719680620036
1,KY0340200,"Lexington, KY",theft,-0.042789109977786455,-0.06984706600544799,0.02636157775960996
2,KY0340200,"Lexington, KY",theft,-0.09874831863054001,-0.12510013957580643,0.02638899428163887
3,KY0340200,"Lexington, KY",theft,-0.08630062783079621,-0.09742274761097572,0.02640607263355527
4,KY0340200,"Lexington, KY",theft,-0.033476003709148536,-0.033283230011927775,0.026416845087515253
5,KY0340200,"Lexington, KY",theft,0.00180993091596623,0.0013309824742888654,0.026406072633555277
6,KY0340200,"Lexington, KY",theft,0.023230761582622765,0.01924208240069233,0.02638899428163887
7,KY0340200,"Lexington, KY",theft,0.05336929189175766,0.053485639363106866,0.026361577759609955
8,KY0340200,"Lexington, KY",theft,0.06714888840375174,0.0787777748853977,0.02638899428163887
9,KY0340200,"Lexington, KY",theft,0.044121015690036715,0.06746180956290808,0.026406072633555277
10,KY0340200,"Lexington, KY",theft,0.022895821795177324,0.049644656654268884,0.026416845087515253
11,KY0340200,"Lexington, KY",theft,0.029789499310822014,0.044991382216119834,0.026406072633555273
12,KY0340200,"Lexington, KY",theft,0.018948850558136773,0.010718855647375366,0.02638899428163887
1,KY0568000,"Louisville, KY",theft,-0.042789109977786455,-0.0827133388733586,0.025856905598739956
2,KY0568000,"Louisville, KY",theft,-0.09874831863054001,-0.12316830036093641,0.025877367048145236
3,KY0568000,"Louisville, KY",theft,-0.08630062783079621,-0.09498161296404051,0.025901273880705393
4,KY0568000,"Louisville, KY",theft,-0.033476003709148536,-0.03557441020637663,0.025906791194716002
5,KY0568000,"Louisville, KY",theft,0.00180993091596623,0.018035494408033106,0.025901273880705393
6,KY0568000,"Louisville, KY",theft,0.023230761582622765,0.06487310669473814,0.025877367048145236
7,KY0568000,"Louisville, KY",theft,0.05336929189175766,0.09317865812624707,0.02585690559873995
8,KY0568000,"Louisville, KY",theft,0.06714888840375174,0.07814738988660808,0.025877367048145236
9,KY0568000,"Louisville, KY",theft,0.044121015690036715,0.039495383236823674,0.025901273880705396
10,KY0568000,"Louisville, KY",theft,0.022895821795177324,0.02510909095348815,0.025906791194716002
11,KY0568000,"Louisville, KY",theft,0.029789499310822014,0.0269854160662952,0.025901273880705393
12,KY0568000,"Louisville, KY",theft,0.018948850558136773,-0.00938687696752123,0.025877367048145236
1,KY1140100,"Bowling Green, KY",theft,-0.042789109977786455,-0.035925811751574485,0.028115289124272528
2,KY1140100,"Bowling Green, KY",theft,-0.09874831863054001,-0.091652037885107,0.02814634665338968
3,KY1140100,"Bowling Green, KY",theft,-0.08630062783079621,-0.06692883047794707,0.028178657746949616
4,KY1140100,"Bowling Green, KY",theft,-0.033476003709148536,-0.0034478166981618498,0.02817757581284418
5,KY1140100,"Bowling Green, KY",theft,0.00180993091596623,0.02623035442215537,0.02817865774694962
6,KY1140100,"Bowling Green, KY",theft,0.023230761582622765,0.03430401915784835,0.02814634665338968
7,KY1140100,"Bowling Green, KY",theft,0.05336929189175766,0.05299614657279885,0.028115289124272524
8,KY1140100,"Bowling Green, KY",theft,0.06714888840375174,0.050899441766311754,0.028146346653389682
9,KY1140100,"Bowling Green, KY",theft,0.044121015690036715,0.009105899537927443,0.02817865774694962
10,KY1140100,"Bowling Green, KY",theft,0.022895821795177324,-0.013622518123062522,0.02817757581284418
11,KY1140100,"Bowling Green, KY",theft,0.029789499310822014,0.014522241696639846,0.028178657746949616
12,KY1140100,"Bowling Green, KY",theft,0.018948850558136773,0.023518911782171314,0.02814634665338968
1,LA0080100,"Bossier City, LA",theft,-0.042789109977786455,-0.04441824290331596,0.028009859972436192
2,LA0080100,"Bossier City, LA",theft,-0.09874831863054001,-0.0924850922113318,0.028061807630114614
3,LA0080100,"Bossier City, LA",theft,-0.08630062783079621,-0.07698023531071141,0.02806978267207286
4,LA0080100,"Bossier City, LA",theft,-0.033476003709148536,-0.011587679576189048,0.028089160208705933
5,LA0080100,"Bossier City, LA",theft,0.00180993091596623,0.03796730703047097,0.028069782672072864
6,LA0080100,"Bossier City, LA",theft,0.023230761582622765,0.050131151591485915,0.028061807630114614
7,LA0080100,"Bossier City, LA",theft,0.05336929189175766,0.05000002531532659,0.02800985997243619
8,LA0080100,"Bossier City, LA",theft,0.06714888840375174,0.043841343496196554,0.028061807630114614
9,LA0080100,"Bossier City, LA",theft,0.044121015690036715,0.022754704183565507,0.028069782672072864
10,LA0080100,"Bossier City, LA",theft,0.022895821795177324,0.0060058971641784205,0.028089160208705933
11,LA0080100,"Bossier City, LA",theft,0.029789499310822014,0.010676441684664254,0.02806978267207286
12,LA0080100,"Bossier City, LA",theft,0.018948850558136773,0.004094379535660008,0.028061807630114614
1,LA0090100,"Shreveport, LA",theft,-0.042789109977786455,-0.043380801849923746,0.02662016160647479
2,LA0090100,"Shreveport, LA",theft,-0.09874831863054001,-0.08849990065484699,0.026654372594514145
3,LA0090100,"Shreveport, LA",theft,-0.08630062783079621,-0.08433690702590109,0.02667372735917711
4,LA0090100,"Shreveport, LA",theft,-0.033476003709148536,-0.029419208041878583,0.026681036859542585
5,LA0090100,"Shreveport, LA",theft,0.00180993091596623,0.02362814860977512,0.026673727359177116
6,LA0090100,"Shreveport, LA",theft,0.023230761582622765,0.046713567414896566,0.026654372594514145
7,LA0090100,"Shreveport, LA",theft,0.05336929189175766,0.055745803488205126,0.026620161606474787
8,LA0090100,"Shreveport, LA",theft,0.06714888840375174,0.05765637088931059,0.026654372594514145
9,LA0090100,"Shreveport, LA",theft,0.044121015690036715,0.041128375622083296,0.026673727359177116
10,LA0090100,"Shreveport, LA",theft,0.022895821795177324,0.017054206403597207,0.026681036859542585
11,LA0090100,"Shreveport, LA",theft,0.029789499310822014,0.007215381155761256,0.026673727359177113
12,LA0090100,"Shreveport, LA",theft,0.018948850558136773,-0.0035050360110787395,0.026654372594514142
1,LA0100200,"Lake Charles, LA",theft,-0.042789109977786455,-0.045190928435347465,0.029000544033611967
2,LA0100200,"Lake Charles, LA",theft,-0.09874831863054001,-0.08171955595976076,0.029032779790396465
3,LA0100200,"Lake Charles, LA",theft,-0.08630062783079621,-0.052312046109514926,0.02907476495333978
4,LA0100200,"Lake Charles, LA",theft,-0.033476003709148536,-0.0024252209337193883,0.02905975026138171
5,LA0100200,"Lake Charles, LA",theft,0.00180993091596623,0.01492540144321359,0.029074764953339785
6,LA0100200,"Lake Charles, LA",theft,0.023230761582622765,0.028259292978924894,0.029032779790396465
7,LA0100200,"Lake Charles, LA",theft,0.05336929189175766,0.06279862225017,0.029000544033611964
8,LA0100200,"Lake Charles, LA",theft,0.06714888840375174,0.06967518342160563,0.029032779790396465
9,LA0100200,"Lake Charles, LA",theft,0.044121015690036715,0.02265997975653725,0.029074764953339785
10,LA0100200,"Lake Charles, LA",theft,0.022895821795177324,-0.01518247288110314,0.02905975026138171
11,LA0100200,"Lake Charles, LA",theft,0.029789499310822014,-0.00288102890505848,0.02907476495333978
12,LA0100200,"Lake Charles, LA",theft,0.018948850558136773,0.0013927733740528134,0.029032779790396465
1,LA0170200,"Baton Rouge, LA",theft,-0.042789109977786455,-0.062193759901929435,0.026275788801716604
2,LA0170200,"Baton Rouge, LA",theft,-0.09874831863054001,-0.11682144667036642,0.026301194973645577
3,LA0170200,"Baton Rouge, LA",theft,-0.08630062783079621,-0.10161960167285011,0.02632337849152168
4,LA0170200,"Baton Rouge, LA",theft,-0.033476003709148536,-0.04567537151712993,0.026332531544517163
5,LA0170200,"Baton Rouge, LA",theft,0.00180993091596623,0.008803193329820755,0.026323378491521682
6,LA0170200,"Baton Rouge, LA",theft,0.023230761582622765,0.050405130844901835,0.026301194973645577
7,LA0170200,"Baton Rouge, LA",theft,0.05336929189175766,0.07037809939172714,0.0262757888017166
8,LA0170200,"Baton Rouge, LA",theft,0.06714888840375174,0.05718815657881376,0.026301194973645577
9,LA0170200,"Baton Rouge, LA",theft,0.044121015690036715,0.033801972091499696,0.026323378491521686
10,LA0170200,"Baton Rouge, LA",theft,0.022895821795177324,0.03749103202733221,0.026332531544517163
11,LA0170200,"Baton Rouge, LA",theft,0.029789499310822014,0.05083009676173189,0.02632337849152168
12,LA0170200,"Baton Rouge, LA",theft,0.018948850558136773,0.017412498736448626,0.026301194973645577
1,LA0260000,"Jefferson, LA",theft,-0.042789109977786455,-0.010007212210475848,0.0264310982603353
2,LA0260000,"Jefferson, LA",theft,-0.09874831863054001,-0.07253538757719774,0.02645632986371333
3,LA0260000,"Jefferson, LA",theft,-0.08630062783079621,-0.08018366518932726,0.026480485672083838
4,LA0260000,"Jefferson, LA",theft,-0.033476003709148536,-0.05061896637900948,0.026488529878356117
5,LA0260000,"Jefferson, LA",theft,0.00180993091596623,-0.028949048436731923,0.026480485672083838
6,LA0260000,"Jefferson, LA",theft,0.023230761582622765,-0.003504241650485592,0.02645632986371333
7,LA0260000,"Jefferson, LA",theft,0.05336929189175766,0.04209745146997235,0.02643109826033529
8,LA0260000,"Jefferson, LA",theft,0.06714888840375174,0.06641514457233602,0.02645632986371333
9,LA0260000,"Jefferson, LA",theft,0.044121015690036715,0.04197318292496902,0.02648048567208384
10,LA0260000,"Jefferson, LA",theft,0.022895821795177324,0.018528727119512978,0.026488529878356117
11,LA0260000,"Jefferson, LA",theft,0.029789499310822014,0.035069291441593625,0.026480485672083838
12,LA0260000,"Jefferson, LA",theft,0.018948850558136773,0.04171472391484386,0.02645632986371333
1,LA0280300,"Lafayette, LA",theft,-0.042789109977786455,-0.014310175696285716,0.027021794309737727
2,LA0280300,"Lafayette, LA",theft,-0.09874831863054001,-0.07221424888919274,0.027068649959305
3,LA0280300,"Lafayette, LA",theft,-0.08630062783079621,-0.07915936281728753,0.02708930730639277
4,LA0280300,"Lafayette, LA",theft,-0.033476003709148536,-0.043540395162846295,0.027092507051575187
5,LA0280300,"Lafayette, LA",theft,0.00180993091596623,-0.01748944975039424,0.027089307306392772
6,LA0280300,"Lafayette, LA",theft,0.023230761582622765,7.181915046413377e-4,0.027068649959305
7,LA0280300,"Lafayette, LA",theft,0.05336929189175766,0.03841726240925812,0.027021794309737723
8,LA0280300,"Lafayette, LA",theft,0.06714888840375174,0.06797747334107183,0.027068649959305
9,LA0280300,"Lafayette, LA",theft,0.044121015690036715,0.0508155005561942,0.027089307306392772
10,LA0280300,"Lafayette, LA",theft,0.022895821795177324,0.019433308449873885,0.027092507051575187
11,LA0280300,"Lafayette, LA",theft,0.029789499310822014,0.021726225298515128,0.02708930730639277
12,LA0280300,"Lafayette, LA",theft,0.018948850558136773,0.027625670756452007,0.027068649959305
1,LA0320000,"Livingston, LA",theft,-0.042789109977786455,-0.046704846529418566,0.028753050139866215
2,LA0320000,"Livingston, LA",theft,-0.09874831863054001,-0.09076366805168068,0.02880798326106053
3,LA0320000,"Livingston, LA",theft,-0.08630062783079621,-0.061575874377454,0.028812278739786874
4,LA0320000,"Livingston, LA",theft,-0.033476003709148536,-0.030385818159027824,0.02884389648912153
5,LA0320000,"Livingston, LA",theft,0.00180993091596623,-0.02902324658779107,0.028812278739786878
6,LA0320000,"Livingston, LA",theft,0.023230761582622765,9.659386398277794e-4,0.02880798326106053
7,LA0320000,"Livingston, LA",theft,0.05336929189175766,0.06406133282050637,0.02875305013986621
8,LA0320000,"Livingston, LA",theft,0.06714888840375174,0.07818446287872015,0.02880798326106053
9,LA0320000,"Livingston, LA",theft,0.044121015690036715,0.03164018291340562,0.02881227873978688
10,LA0320000,"Livingston, LA",theft,0.022895821795177324,0.013029331867939998,0.02884389648912153
11,LA0320000,"Livingston, LA",theft,0.029789499310822014,0.04160245176075158,0.028812278739786874
12,LA0320000,"Livingston, LA",theft,0.018948850558136773,0.028969752824220655,0.02880798326106053
1,MA0031100,"New Bedford, MA",theft,-0.042789109977786455,-0.08561243249151473,0.02947587686487906
2,MA0031100,"New Bedford, MA",theft,-0.09874831863054001,-0.12851858082141035,0.029510592097698345
3,MA0031100,"New Bedford, MA",theft,-0.08630062783079621,-0.10753362617711901,0.029550168851354565
4,MA0031100,"New Bedford, MA",theft,-0.033476003709148536,-0.025863859627140665,0.029516597278697394
5,MA0031100,"New Bedford, MA",theft,0.00180993091596623,0.03875120026770794,0.02955016885135457
6,MA0031100,"New Bedford, MA",theft,0.023230761582622765,0.06685640514405705,0.029510592097698345
7,MA0031100,"New Bedford, MA",theft,0.05336929189175766,0.10130741254456704,0.029475876864879055
8,MA0031100,"New Bedford, MA",theft,0.06714888840375174,0.12926993669218212,0.029510592097698348
9,MA0031100,"New Bedford, MA",theft,0.044121015690036715,0.09259000199483847,0.029550168851354572
10,MA0031100,"New Bedford, MA",theft,0.022895821795177324,0.010168879574088359,0.029516597278697394
11,MA0031100,"New Bedford, MA",theft,0.029789499310822014,-0.039502556138479736,0.029550168851354565
12,MA0031100,"New Bedford, MA",theft,0.018948850558136773,-0.051912780961776456,0.029510592097698345
1,MA0031900,"Taunton, MA",theft,-0.042789109977786455,-0.10992451097358713,0.03530648631288739
2,MA0031900,"Taunton, MA",theft,-0.09874831863054001,-0.1842364169675939,0.03532310782303651
3,MA0031900,"Taunton, MA",theft,-0.08630062783079621,-0.13316182448541986,0.03528110028934747
4,MA0031900,"Taunton, MA",theft,-0.033476003709148536,-0.007229797668018661,0.03528478605497985
5,MA0031900,"Taunton, MA",theft,0.00180993091596623,0.06300726179473076,0.03528110028934748
6,MA0031900,"Taunton, MA",theft,0.023230761582622765,0.05941152869872423,0.03532310782303651
7,MA0031900,"Taunton, MA",theft,0.05336929189175766,0.06136718009410343,0.03530648631288739
8,MA0031900,"Taunton, MA",theft,0.06714888840375174,0.08544127925298114,0.03532310782303651
9,MA0031900,"Taunton, MA",theft,0.044121015690036715,0.08292401765029073,0.03528110028934748
10,MA0031900,"Taunton, MA",theft,0.022895821795177324,0.05578712854750235,0.03528478605497985
11,MA0031900,"Taunton, MA",theft,0.029789499310822014,0.03578787591988199,0.03528110028934747
12,MA0031900,"Taunton, MA",theft,0.018948850558136773,-0.009173721863595066,0.03532310782303651
1,MA0051100,"Haverhill, MA",theft,-0.042789109977786455,-0.039917976323002785,0.03347526931370446
2,MA0051100,"Haverhill, MA",theft,-0.09874831863054001,-0.08020090605840977,0.03355848384730289
3,MA0051100,"Haverhill, MA",theft,-0.08630062783079621,-0.12491790009971157,0.03358653925806526
4,MA0051100,"Haverhill, MA",theft,-0.033476003709148536,-0.10450342966719779,0.033641575000631405
5,MA0051100,"Haverhill, MA",theft,0.00180993091596623,-0.012734289232231624,0.03358653925806527
6,MA0051100,"Haverhill, MA",theft,0.023230761582622765,0.08373063419886137,0.03355848384730289
7,MA0051100,"Haverhill, MA",theft,0.05336929189175766,0.12992116779949733,0.03347526931370446
8,MA0051100,"Haverhill, MA",theft,0.06714888840375174,0.12258656082802957,0.03355848384730289
9,MA0051100,"Haverhill, MA",theft,0.044121015690036715,0.07730036339283683,0.03358653925806527
10,MA0051100,"Haverhill, MA",theft,0.022895821795177324,0.01450023819070326,0.033641575000631405
11,MA0051100,"Haverhill, MA",theft,0.029789499310822014,-0.029651365537388206,0.03358653925806526
12,MA0051100,"Haverhill, MA",theft,0.018948850558136773,-0.03611309749198658,0.03355848384730289
1,MA0051300,"Lawrence, MA",theft,-0.042789109977786455,-0.1280110368665071,0.03213533454409156
2,MA0051300,"Lawrence, MA",theft,-0.09874831863054001,-0.16755159246315665,0.03219891605474776
3,MA0051300,"Lawrence, MA",theft,-0.08630062783079621,-0.11230192331699415,0.03216541625902668
4,MA0051300,"Lawrence, MA",theft,-0.033476003709148536,-0.051824417592877335,0.03216527251369282
5,MA0051300,"Lawrence, MA",theft,0.00180993091596623,-0.025974417074817208,0.032165416259026684
6,MA0051300,"Lawrence, MA",theft,0.023230761582622765,0.015120483357072095,0.03219891605474776
7,MA0051300,"Lawrence, MA",theft,0.05336929189175766,0.08271828648053424,0.03213533454409156
8,MA0051300,"Lawrence, MA",theft,0.06714888840375174,0.11848562090400898,0.03219891605474776
9,MA0051300,"Lawrence, MA",theft,0.044121015690036715,0.1085287021438193,0.032165416259026684
10,MA0051300,"Lawrence, MA",theft,0.022895821795177324,0.09711716797885019,0.03216527251369282
11,MA0051300,"Lawrence, MA",theft,0.029789499310822014,0.07504038863396484,0.03216541625902668
12,MA0051300,"Lawrence, MA",theft,0.018948850558136773,-0.011347262183897141,0.03219891605474776
1,MA0051400,"Lynn, MA",theft,-0.042789109977786455,-0.09979556375391331,0.03110662848504706
2,MA0051400,"Lynn, MA",theft,-0.09874831863054001,-0.09777935892900458,0.031227346700495758
3,MA0051400,"Lynn, MA",theft,-0.08630062783079621,-0.0840169394433002,0.031208655169486996
4,MA0051400,"Lynn, MA",theft,-0.033476003709148536,-0.09631772754147676,0.031231012763310598
5,MA0051400,"Lynn, MA",theft,0.00180993091596623,-0.06634605422739036,0.031208655169487
6,MA0051400,"Lynn, MA",theft,0.023230761582622765,0.03999689868371054,0.031227346700495758
7,MA0051400,"Lynn, MA",theft,0.05336929189175766,0.12716642157952487,0.031106628485047055
8,MA0051400,"Lynn, MA",theft,0.06714888840375174,0.11965737806289675,0.031227346700495758
9,MA0051400,"Lynn, MA",theft,0.044121015690036715,0.07852410075158077,0.031208655169487003
10,MA0051400,"Lynn, MA",theft,0.022895821795177324,0.06894686971586514,0.031231012763310598
11,MA0051400,"Lynn, MA",theft,0.029789499310822014,0.044468035093498115,0.031208655169486996
12,MA0051400,"Lynn, MA",theft,0.018948850558136773,-0.03450405999199103,0.031227346700495758
1,MA0051900,"Methuen, MA",theft,-0.042789109977786455,-0.036921722581638665,0.03459140769595121
2,MA0051900,"Methuen, MA",theft,-0.09874831863054001,-0.04533815880487284,0.03467976419064406
3,MA0051900,"Methuen, MA",theft,-0.08630062783079621,-0.04605482481485229,0.03467182124128977
4,MA0051900,"Methuen, MA",theft,-0.033476003709148536,-0.05003967135340931,0.0346898379618173
5,MA0051900,"Methuen, MA",theft,0.00180993091596623,-0.04639864658130306,0.03467182124128978
6,MA0051900,"Methuen, MA",theft,0.023230761582622765,-0.009997848321433262,0.03467976419064406
7,MA0051900,"Methuen, MA",theft,0.05336929189175766,0.04981361454417353,0.034591407695951204
8,MA0051900,"Methuen, MA",theft,0.06714888840375174,0.086181037057013965,0.03467976419064406
9,MA0051900,"Methuen, MA",theft,0.044121015690036715,0.07400581110445853,0.03467182124128978
10,MA0051900,"Methuen, MA",theft,0.022895821795177324,0.03714777939087445,0.0346898379618173
11,MA0051900,"Methuen, MA",theft,0.029789499310822014,0.005555768329161926,0.03467182124128977
12,MA0051900,"Methuen, MA",theft,0.018948850558136773,-0.017953137968172946,0.03467976419064405
1,MA0070500,"Chicopee, MA",theft,-0.042789109977786455,-0.05653548233428954,0.031168226985333995
2,MA0070500,"Chicopee, MA",theft,-0.09874831863054001,-0.11268679515085199,0.031216800776622804
3,MA0070500,"Chicopee, MA",theft,-0.08630062783079621,-0.14219369116418945,0.03124079704070738
4,MA0070500,"Chicopee, MA",theft,-0.033476003709148536,-0.08146663825538014,0.03128515736890102
5,MA0070500,"Chicopee, MA",theft,0.00180993091596623,0.02463887820059574,0.031240797040707386
6,MA0070500,"Chicopee, MA",theft,0.023230761582622765,0.09695987839456019,0.031216800776622804
7,MA0070500,"Chicopee, MA",theft,0.05336929189175766,0.12470210465660969,0.031168226985333992
8,MA0070500,"Chicopee, MA",theft,0.06714888840375174,0.12621342676575045,0.031216800776622804
9,MA0070500,"Chicopee, MA",theft,0.044121015690036715,0.08755370045676775,0.031240797040707386
10,MA0070500,"Chicopee, MA",theft,0.022895821795177324,0.013300015933059996,0.03128515736890102
11,MA0070500,"Chicopee, MA",theft,0.029789499310822014,-0.03816550981549423,0.03124079704070738
12,MA0070500,"Chicopee, MA",theft,0.018948850558136773,-0.042319887687138444,0.031216800776622804
1,MA0071800,"Springfield, MA",theft,-0.042789109977786455,-0.07357072604749962,0.027583033184391464
2,MA0071800,"Springfield, MA",theft,-0.09874831863054001,-0.1331878689714519,0.02761860114341326
3,MA0071800,"Springfield, MA",theft,-0.08630062783079621,-0.10569774962923331,0.027639319468557737
4,MA0071800,"Springfield, MA",theft,-0.033476003709148536,-0.022940997943241868,0.027642488165412708
5,MA0071800,"Springfield, MA",theft,0.00180993091596623,0.029157150334947875,0.02763931946855774
6,MA0071800,"Springfield, MA",theft,0.023230761582622765,0.053437685499420066,0.02761860114341326
7,MA0071800,"Springfield, MA",theft,0.05336929189175766,0.09253123367675808,0.027583033184391457
8,MA0071800,"Springfield, MA",theft,0.06714888840375174,0.11222203569023795,0.02761860114341326
9,MA0071800,"Springfield, MA",theft,0.044121015690036715,0.06577140871876087,0.027639319468557744
10,MA0071800,"Springfield, MA",theft,0.022895821795177324,0.003980490313983397,0.027642488165412708
11,MA0071800,"Springfield, MA",theft,0.029789499310822014,-0.008191317053733944,0.027639319468557737
12,MA0071800,"Springfield, MA",theft,0.018948850558136773,-0.013511344588947573,0.02761860114341326
1,MA0091100,"Cambridge, MA",theft,-0.042789109977786455,-0.12974174959767304,0.028146101751031466
2,MA0091100,"Cambridge, MA",theft,-0.09874831863054001,-0.18404288040167138,0.028140643222466243
3,MA0091100,"Cambridge, MA",theft,-0.08630062783079621,-0.1491594391306802,0.028168694934186955
4,MA0091100,"Cambridge, MA",theft,-0.033476003709148536,-0.06766431476149898,0.02815718298647834
5,MA0091100,"Cambridge, MA",theft,0.00180993091596623,0.006053136849054658,0.028168694934186958
6,MA0091100,"Cambridge, MA",theft,0.023230761582622765,0.0667018015829498,0.028140643222466243
7,MA0091100,"Cambridge, MA",theft,0.05336929189175766,0.11662156215444716,0.028146101751031462
8,MA0091100,"Cambridge, MA",theft,0.06714888840375174,0.13277736342959623,0.028140643222466243
9,MA0091100,"Cambridge, MA",theft,0.044121015690036715,0.11101410960183089,0.028168694934186958
10,MA0091100,"Cambridge, MA",theft,0.022895821795177324,0.08078450220472486,0.02815718298647834
11,MA0091100,"Cambridge, MA",theft,0.029789499310822014,0.045212380123020444,0.028168694934186955
12,MA0091100,"Cambridge, MA",theft,0.018948850558136773,-0.0285564720541004,0.028140643222466243
1,MA0091700,"Everett, MA",theft,-0.042789109977786455,-0.0012391822330297536,0.033278637103215034
2,MA0091700,"Everett, MA",theft,-0.09874831863054001,-0.0817690963585901,0.03332922221891751
3,MA0091700,"Everett, MA",theft,-0.08630062783079621,-0.09951019755610481,0.03336373331494854
4,MA0091700,"Everett, MA",theft,-0.033476003709148536,-0.05115425117616003,0.033406444962959456
5,MA0091700,"Everett, MA",theft,0.00180993091596623,-0.007841274899408994,0.03336373331494854
6,MA0091700,"Everett, MA",theft,0.023230761582622765,0.020743565138635015,0.03332922221891751
7,MA0091700,"Everett, MA",theft,0.05336929189175766,0.06299492583523525,0.03327863710321503
8,MA0091700,"Everett, MA",theft,0.06714888840375174,0.08306690734498573,0.0333292222189175
9,MA0091700,"Everett, MA",theft,0.044121015690036715,0.039052264940294935,0.033363733314948546
10,MA0091700,"Everett, MA",theft,0.022895821795177324,-0.010601492426045467,0.033406444962959456
11,MA0091700,"Everett, MA",theft,0.029789499310822014,0.006543463913013341,0.03336373331494854
12,MA0091700,"Everett, MA",theft,0.018948850558136773,0.03971436747717488,0.0333292222189175
1,MA0094700,"Waltham, MA",theft,-0.042789109977786455,-0.10198650536508033,0.03491995728421477
2,MA0094700,"Waltham, MA",theft,-0.09874831863054001,-0.1711211908423137,0.034958638297889685
3,MA0094700,"Waltham, MA",theft,-0.08630062783079621,-0.12277060788856861,0.034959636516837346
4,MA0094700,"Waltham, MA",theft,-0.033476003709148536,-0.031563920651713824,0.03494049452069334
5,MA0094700,"Waltham, MA",theft,0.00180993091596623,0.016681899680783943,0.034959636516837346
6,MA0094700,"Waltham, MA",theft,0.023230761582622765,0.04879539590450298,0.034958638297889685
7,MA0094700,"Waltham, MA",theft,0.05336929189175766,0.09733490605420647,0.034919957284214764
8,MA0094700,"Waltham, MA",theft,0.06714888840375174,0.11124093970843714,0.034958638297889685
9,MA0094700,"Waltham, MA",theft,0.044121015690036715,0.06754195606556591,0.03495963651683735
10,MA0094700,"Waltham, MA",theft,0.022895821795177324,0.03621551996258767,0.03494049452069334
11,MA0094700,"Waltham, MA",theft,0.029789499310822014,0.04319835145309255,0.034959636516837346
12,MA0094700,"Waltham, MA",theft,0.018948850558136773,0.006433255918499806,0.034958638297889685
1,MA0112000,"Quincy, MA",theft,-0.042789109977786455,-0.0453157077163315,0.030572350747443352
2,MA0112000,"Quincy, MA",theft,-0.09874831863054001,-0.1130666304865818,0.030617828880109988
3,MA0112000,"Quincy, MA",theft,-0.08630062783079621,-0.09530838753623046,0.030629571609270927
4,MA0112000,"Quincy, MA",theft,-0.033476003709148536,-0.05528632916024629,0.030644609694616232
5,MA0112000,"Quincy, MA",theft,0.00180993091596623,-0.04659150694040978,0.030629571609270934
6,MA0112000,"Quincy, MA",theft,0.023230761582622765,-0.022744544071601935,0.030617828880109988
7,MA0112000,"Quincy, MA",theft,0.05336929189175766,0.04366006838035223,0.030572350747443345
8,MA0112000,"Quincy, MA",theft,0.06714888840375174,0.08662612679446693,0.030617828880109988
9,MA0112000,"Quincy, MA",theft,0.044121015690036715,0.07052352318009482,0.030629571609270934
10,MA0112000,"Quincy, MA",theft,0.022895821795177324,0.056941968496225535,0.030644609694616232
11,MA0112000,"Quincy, MA",theft,0.029789499310822014,0.07303201063252462,0.03062957160927093
12,MA0112000,"Quincy, MA",theft,0.018948850558136773,0.04752940842773765,0.030617828880109985
1,MA0112700,"Weymouth, MA",theft,-0.042789109977786455,-0.014035503267564068,0.034536404792486916
2,MA0112700,"Weymouth, MA",theft,-0.09874831863054001,-0.05926937213764527,0.034608657498467005
3,MA0112700,"Weymouth, MA",theft,-0.08630062783079621,-0.03197372492208206,0.03462532085205176
4,MA0112700,"Weymouth, MA",theft,-0.033476003709148536,-0.0012390277907475568,0.034679084314422674
5,MA0112700,"Weymouth, MA",theft,0.00180993091596623,-0.011073048678479695,0.034625320852051764
6,MA0112700,"Weymouth, MA",theft,0.023230761582622765,0.00593735929754612,0.034608657498467005
7,MA0112700,"Weymouth, MA",theft,0.05336929189175766,0.06525908054564585,0.03453640479248691
8,MA0112700,"Weymouth, MA",theft,0.06714888840375174,0.06746964827966787,0.034608657498467005
9,MA0112700,"Weymouth, MA",theft,0.044121015690036715,-0.011049576213977156,0.034625320852051764
10,MA0112700,"Weymouth, MA",theft,0.022895821795177324,-0.04998454948733426,0.034679084314422674
11,MA0112700,"Weymouth, MA",theft,0.029789499310822014,0.0028727725364571044,0.03462532085205176
12,MA0112700,"Weymouth, MA",theft,0.018948850558136773,0.037085941838513145,0.034608657498467005
1,MA0130100,"Boston, MA",theft,-0.042789109977786455,-0.08066081085790988,0.026091548602262676
2,MA0130100,"Boston, MA",theft,-0.09874831863054001,-0.14979758415041783,0.026115814084421197
3,MA0130100,"Boston, MA",theft,-0.08630062783079621,-0.1269522993146991,0.026139198968850568
4,MA0130100,"Boston, MA",theft,-0.033476003709148536,-0.05678394281290085,0.026145387283770933
5,MA0130100,"Boston, MA",theft,0.00180993091596623,-0.01644133458459543,0.02613919896885057
6,MA0130100,"Boston, MA",theft,0.023230761582622765,0.016664071787721467,0.026115814084421197
7,MA0130100,"Boston, MA",theft,0.05336929189175766,0.08520601834845513,0.026091548602262673
8,MA0130100,"Boston, MA",theft,0.06714888840375174,0.1357567687491452,0.0261158140844212
9,MA0130100,"Boston, MA",theft,0.044121015690036715,0.10836627642288121,0.02613919896885057
10,MA0130100,"Boston, MA",theft,0.022895821795177324,0.052238735322355595,0.026145387283770933
11,MA0130100,"Boston, MA",theft,0.029789499310822014,0.030482149985868,0.026139198968850568
12,MA0130100,"Boston, MA",theft,0.018948850558136773,0.0019219511040964882,0.026115814084421197
1,MA0130400,"Revere, MA",theft,-0.042789109977786455,-0.07630826887255661,0.03248699204215961
2,MA0130400,"Revere, MA",theft,-0.09874831863054001,-0.12186888633901267,0.0325353223914698
3,MA0130400,"Revere, MA",theft,-0.08630062783079621,-0.05241279679127424,0.03251211766593447
4,MA0130400,"Revere, MA",theft,-0.033476003709148536,0.0012098862524779737,0.032520168415508956
5,MA0130400,"Revere, MA",theft,0.00180993091596623,-0.030533167980160848,0.032512117665934474
6,MA0130400,"Revere, MA",theft,0.023230761582622765,-0.040180500971398435,0.0325353223914698
7,MA0130400,"Revere, MA",theft,0.05336929189175766,0.03269657041265292,0.03248699204215961
8,MA0130400,"Revere, MA",theft,0.06714888840375174,0.08557775051554353,0.0325353223914698
9,MA0130400,"Revere, MA",theft,0.044121015690036715,0.05973335942770874,0.032512117665934474
10,MA0130400,"Revere, MA",theft,0.022895821795177324,0.042401812207425685,0.032520168415508956
11,MA0130400,"Revere, MA",theft,0.029789499310822014,0.06682430380362996,0.03251211766593447
12,MA0130400,"Revere, MA",theft,0.018948850558136773,0.03285993833496402,0.0325353223914698
1,MD0030100,"Baltimore, MD",theft,-0.042789109977786455,-0.06476730556466684,0.025915775599705426
2,MD0030100,"Baltimore, MD",theft,-0.09874831863054001,-0.11643839033973527,0.02593660790359767
3,MD0030100,"Baltimore, MD",theft,-0.08630062783079621,-0.1049826186942976,0.025961908334173833
4,MD0030100,"Baltimore, MD",theft,-0.033476003709148536,-0.048722414861269374,0.02596800410999049
5,MD0030100,"Baltimore, MD",theft,0.00180993091596623,0.00766527098338452,0.025961908334173837
6,MD0030100,"Baltimore, MD",theft,0.023230761582622765,0.04919133226526032,0.02593660790359767
7,MD0030100,"Baltimore, MD",theft,0.05336929189175766,0.07533133433467987,0.025915775599705423
8,MD0030100,"Baltimore, MD",theft,0.06714888840375174,0.07509445354012895,0.02593660790359767
9,MD0030100,"Baltimore, MD",theft,0.044121015690036715,0.053074653124678225,0.025961908334173837
10,MD0030100,"Baltimore, MD",theft,0.022895821795177324,0.03815838609125634,0.02596800410999049
11,MD0030100,"Baltimore, MD",theft,0.029789499310822014,0.033678665816221774,0.025961908334173833
12,MD0030100,"Baltimore, MD",theft,0.018948850558136773,0.0027166333043591156,0.02593660790359767
1,MD0140100,"Howard, MD",theft,-0.042789109977786455,-0.050455782400225045,0.027107458768267565
2,MD0140100,"Howard, MD",theft,-0.09874831863054001,-0.11911093384584132,0.02712331823313599
3,MD0140100,"Howard, MD",theft,-0.08630062783079621,-0.10197671985072079,0.027156046305459036
4,MD0140100,"Howard, MD",theft,-0.033476003709148536,-0.03874069726477822,0.027149151284030785
5,MD0140100,"Howard, MD",theft,0.00180993091596623,0.002486618511146082,0.02715604630545904
6,MD0140100,"Howard, MD",theft,0.023230761582622765,0.02190790166767181,0.02712331823313599
7,MD0140100,"Howard, MD",theft,0.05336929189175766,0.04400126773271972,0.02710745876826756
8,MD0140100,"Howard, MD",theft,0.06714888840375174,0.0539598332895999,0.02712331823313599
9,MD0140100,"Howard, MD",theft,0.044121015690036715,0.04328013396198464,0.027156046305459043
10,MD0140100,"Howard, MD",theft,0.022895821795177324,0.045195211932283534,0.027149151284030785
11,MD0140100,"Howard, MD",theft,0.029789499310822014,0.06266448204509531,0.02715604630545904
12,MD0140100,"Howard, MD",theft,0.018948850558136773,0.03678868422106436,0.02712331823313599
1,MD0160400,"Montgomery, MD",theft,-0.042789109977786455,-0.04965778751278541,0.025973446709409244
2,MD0160400,"Montgomery, MD",theft,-0.09874831863054001,-0.110416966207237,0.025995344784348475
3,MD0160400,"Montgomery, MD",theft,-0.08630062783079621,-0.09431183114348762,0.026018588775613624
4,MD0160400,"Montgomery, MD",theft,-0.033476003709148536,-0.03795544369897348,0.026026990341570515
5,MD0160400,"Montgomery, MD",theft,0.00180993091596623,-0.0059774902013898686,0.026018588775613628
6,MD0160400,"Montgomery, MD",theft,0.023230761582622765,0.010580016483279112,0.025995344784348475
7,MD0160400,"Montgomery, MD",theft,0.05336929189175766,0.0440799312359637,0.02597344670940924
8,MD0160400,"Montgomery, MD",theft,0.06714888840375174,0.07006116209885255,0.025995344784348475
9,MD0160400,"Montgomery, MD",theft,0.044121015690036715,0.05953388331192486,0.02601858877561363
10,MD0160400,"Montgomery, MD",theft,0.022895821795177324,0.043533299975795185,0.026026990341570515
11,MD0160400,"Montgomery, MD",theft,0.029789499310822014,0.04633329430977429,0.026018588775613624
12,MD0160400,"Montgomery, MD",theft,0.018948850558136773,0.024197931348283692,0.025995344784348475
1,MD0172100,"Prince George's, MD",theft,-0.042789109977786455,-0.0217127153562546,0.026294405964172096
2,MD0172100,"Prince George's, MD",theft,-0.09874831863054001,-0.10479916187393055,0.026318904688500143
3,MD0172100,"Prince George's, MD",theft,-0.08630062783079621,-0.11929241876658378,0.0263458916448899
4,MD0172100,"Prince George's, MD",theft,-0.033476003709148536,-0.05145356543204764,0.026348181067420227
5,MD0172100,"Prince George's, MD",theft,0.00180993091596623,0.01861698696083023,0.02634589164488991
6,MD0172100,"Prince George's, MD",theft,0.023230761582622765,0.039043080126146185,0.026318904688500143
7,MD0172100,"Prince George's, MD",theft,0.05336929189175766,0.03731750751156887,0.026294405964172093
8,MD0172100,"Prince George's, MD",theft,0.06714888840375174,0.04129169491506386,0.026318904688500146
9,MD0172100,"Prince George's, MD",theft,0.044121015690036715,0.040180159652402785,0.02634589164488991
10,MD0172100,"Prince George's, MD",theft,0.022895821795177324,0.035848773276733366,0.026348181067420227
11,MD0172100,"Prince George's, MD",theft,0.029789499310822014,0.04489047999803644,0.026345891644889905
12,MD0172100,"Prince George's, MD",theft,0.018948850558136773,0.04006917898803482,0.026318904688500143
1,MD0220000,"Washington, MD",theft,-0.042789109977786455,-0.03438228376198632,0.0320007482137369
2,MD0220000,"Washington, MD",theft,-0.09874831863054001,-0.06270320202185117,0.03209112472921763
3,MD0220000,"Washington, MD",theft,-0.08630062783079621,-0.10119656713834982,0.03209229324254741
4,MD0220000,"Washington, MD",theft,-0.033476003709148536,-0.0966887177280105,0.032147541530418905
5,MD0220000,"Washington, MD",theft,0.00180993091596623,-0.0243498077756813,0.032092293242547414
6,MD0220000,"Washington, MD",theft,0.023230761582622765,0.05835587449287607,0.03209112472921763
7,MD0220000,"Washington, MD",theft,0.05336929189175766,0.08828001017174858,0.03200074821373689
8,MD0220000,"Washington, MD",theft,0.06714888840375174,0.0757576499220741,0.03209112472921763
9,MD0220000,"Washington, MD",theft,0.044121015690036715,0.06035328862881046,0.032092293242547414
10,MD0220000,"Washington, MD",theft,0.022895821795177324,0.04279099131824825,0.032147541530418905
11,MD0220000,"Washington, MD",theft,0.029789499310822014,0.011295359875458367,0.03209229324254741
12,MD0220000,"Washington, MD",theft,0.018948850558136773,-0.01751259598333669,0.03209112472921763
1,MDBPD0000,"Baltimore, MD",theft,-0.042789109977786455,-0.08143330827877152,0.02593102218686516
2,MDBPD0000,"Baltimore, MD",theft,-0.09874831863054001,-0.14675689540790962,0.025953098298926062
3,MDBPD0000,"Baltimore, MD",theft,-0.08630062783079621,-0.12857985340108707,0.025975056506036726
4,MDBPD0000,"Baltimore, MD",theft,-0.033476003709148536,-0.049294349086929215,0.025982107954009407
5,MDBPD0000,"Baltimore, MD",theft,0.00180993091596623,0.015253101674601288,0.025975056506036726
6,MDBPD0000,"Baltimore, MD",theft,0.023230761582622765,0.04389863773898106,0.025953098298926062
7,MDBPD0000,"Baltimore, MD",theft,0.05336929189175766,0.06733793691266782,0.025931022186865157
8,MDBPD0000,"Baltimore, MD",theft,0.06714888840375174,0.0883181457461742,0.025953098298926062
9,MDBPD0000,"Baltimore, MD",theft,0.044121015690036715,0.08423647510545533,0.02597505650603673
10,MDBPD0000,"Baltimore, MD",theft,0.022895821795177324,0.06338972045303291,0.025982107954009407
11,MDBPD0000,"Baltimore, MD",theft,0.029789499310822014,0.04318564798713408,0.025975056506036726
12,MDBPD0000,"Baltimore, MD",theft,0.018948850558136773,4.447405566507247e-4,0.025953098298926062
1,MI1323700,"Battle Creek, MI",theft,-0.042789109977786455,-0.11397375372944696,0.029662183832696375
2,MI1323700,"Battle Creek, MI",theft,-0.09874831863054001,-0.15154449502730621,0.029656309157113845
3,MI1323700,"Battle Creek, MI",theft,-0.08630062783079621,-0.09021556738511764,0.0296887347296746
4,MI1323700,"Battle Creek, MI",theft,-0.033476003709148536,-0.013760626230500719,0.029668808640323893
5,MI1323700,"Battle Creek, MI",theft,0.00180993091596623,0.009932540633607703,0.029688734729674603
6,MI1323700,"Battle Creek, MI",theft,0.023230761582622765,0.035366064357506895,0.029656309157113845
7,MI1323700,"Battle Creek, MI",theft,0.05336929189175766,0.10128227995810715,0.029662183832696372
8,MI1323700,"Battle Creek, MI",theft,0.06714888840375174,0.13381369643121332,0.029656309157113845
9,MI1323700,"Battle Creek, MI",theft,0.044121015690036715,0.08517624256036456,0.029688734729674603
10,MI1323700,"Battle Creek, MI",theft,0.022895821795177324,0.02645210000184051,0.029668808640323893
11,MI1323700,"Battle Creek, MI",theft,0.029789499310822014,0.0077982579624851205,0.0296887347296746
12,MI1323700,"Battle Creek, MI",theft,0.018948850558136773,-0.030326739532753718,0.029656309157113845
1,MI3351900,"Lansing, MI",theft,-0.042789109977786455,-0.11439174809507519,0.028439852004167442
2,MI3351900,"Lansing, MI",theft,-0.09874831863054001,-0.15183296305865798,0.028494712290480374
3,MI3351900,"Lansing, MI",theft,-0.08630062783079621,-0.09922804473123187,0.028481042331165315
4,MI3351900,"Lansing, MI",theft,-0.033476003709148536,-0.02311100613519389,0.028505813110097474
5,MI3351900,"Lansing, MI",theft,0.00180993091596623,0.01497364527959813,0.02848104233116532
6,MI3351900,"Lansing, MI",theft,0.023230761582622765,0.053887706344293344,0.028494712290480374
7,MI3351900,"Lansing, MI",theft,0.05336929189175766,0.11921554340661678,0.028439852004167435
8,MI3351900,"Lansing, MI",theft,0.06714888840375174,0.14262043523400306,0.028494712290480374
9,MI3351900,"Lansing, MI",theft,0.044121015690036715,0.08519172159503535,0.028481042331165322
10,MI3351900,"Lansing, MI",theft,0.022895821795177324,0.018287210823652304,0.028505813110097474
11,MI3351900,"Lansing, MI",theft,0.029789499310822014,-0.005761117454943254,0.028481042331165315
12,MI3351900,"Lansing, MI",theft,0.018948850558136773,-0.03985138320809676,0.02849471229048037
1,MI3913900,"Kalamazoo, MI",theft,-0.042789109977786455,-0.10923295602315417,0.028818130688533006
2,MI3913900,"Kalamazoo, MI",theft,-0.09874831863054001,-0.2138500394941098,0.02884122067697458
3,MI3913900,"Kalamazoo, MI",theft,-0.08630062783079621,-0.1598997963512349,0.028842381430306936
4,MI3913900,"Kalamazoo, MI",theft,-0.033476003709148536,-0.015455303447075127,0.02882607241125847
5,MI3913900,"Kalamazoo, MI",theft,0.00180993091596623,0.0482838054374079,0.028842381430306936
6,MI3913900,"Kalamazoo, MI",theft,0.023230761582622765,0.036039751667344334,0.02884122067697458
7,MI3913900,"Kalamazoo, MI",theft,0.05336929189175766,0.06716940698575309,0.028818130688533002
8,MI3913900,"Kalamazoo, MI",theft,0.06714888840375174,0.126926868793422,0.028841220676974585
9,MI3913900,"Kalamazoo, MI",theft,0.044121015690036715,0.11504017468794817,0.02884238143030694
10,MI3913900,"Kalamazoo, MI",theft,0.022895821795177324,0.0575188524844762,0.02882607241125847
11,MI3913900,"Kalamazoo, MI",theft,0.029789499310822014,0.03863936526327984,0.028842381430306936
12,MI3913900,"Kalamazoo, MI",theft,0.018948850558136773,0.008819869995942475,0.02884122067697458
1,MI4114100,"Kent, MI",theft,-0.042789109977786455,-0.050094973457212935,0.02832432153811238
2,MI4114100,"Kent, MI",theft,-0.09874831863054001,-0.13872690680446706,0.02834805212655467
3,MI4114100,"Kent, MI",theft,-0.08630062783079621,-0.15757332814538236,0.028386933887793106
4,MI4114100,"Kent, MI",theft,-0.033476003709148536,-0.06937772353611205,0.028392577847722755
5,MI4114100,"Kent, MI",theft,0.00180993091596623,0.03985155968328755,0.02838693388779311
6,MI4114100,"Kent, MI",theft,0.023230761582622765,0.09461161320253161,0.02834805212655467
7,MI4114100,"Kent, MI",theft,0.05336929189175766,0.10754820823714828,0.028324321538112377
8,MI4114100,"Kent, MI",theft,0.06714888840375174,0.10040066121757218,0.02834805212655467
9,MI4114100,"Kent, MI",theft,0.044121015690036715,0.06179384777855208,0.02838693388779311
10,MI4114100,"Kent, MI",theft,0.022895821795177324,0.011924488756176707,0.028392577847722755
11,MI4114100,"Kent, MI",theft,0.029789499310822014,-0.0015253140963926899,0.028386933887793106
12,MI4114100,"Kent, MI",theft,0.018948850558136773,0.0011678671642986773,0.02834805212655467
1,MI4143600,"Grand Rapids, MI",theft,-0.042789109977786455,-0.12049024222440714,0.02726971039099279
2,MI4143600,"Grand Rapids, MI",theft,-0.09874831863054001,-0.13746164691754814,0.027279837796699426
3,MI4143600,"Grand Rapids, MI",theft,-0.08630062783079621,-0.08639307657522549,0.027323488544665007
4,MI4143600,"Grand Rapids, MI",theft,-0.033476003709148536,-0.02722703958474654,0.027307728863180135
5,MI4143600,"Grand Rapids, MI",theft,0.00180993091596623,0.028103989874175422,0.02732348854466501
6,MI4143600,"Grand Rapids, MI",theft,0.023230761582622765,0.10814948848339632,0.027279837796699426
7,MI4143600,"Grand Rapids, MI",theft,0.05336929189175766,0.1674635449285185,0.027269710390992782
8,MI4143600,"Grand Rapids, MI",theft,0.06714888840375174,0.12958420225413994,0.027279837796699426
9,MI4143600,"Grand Rapids, MI",theft,0.044121015690036715,0.031542329207705895,0.02732348854466501
10,MI4143600,"Grand Rapids, MI",theft,0.022895821795177324,-0.019746263119364862,0.027307728863180135
11,MI4143600,"Grand Rapids, MI",theft,0.029789499310822014,-0.02022654521076727,0.027323488544665007
12,MI4143600,"Grand Rapids, MI",theft,0.018948850558136773,-0.05329874111587662,0.027279837796699426
1,MI4183400,"Wyoming, MI",theft,-0.042789109977786455,-0.03321296584734486,0.030113706879546263
2,MI4183400,"Wyoming, MI",theft,-0.09874831863054001,-0.08898636313609587,0.03016280063031913
3,MI4183400,"Wyoming, MI",theft,-0.08630062783079621,-0.11616953929907997,0.030176770170958857
4,MI4183400,"Wyoming, MI",theft,-0.033476003709148536,-0.046740982243548314,0.030185147875465623
5,MI4183400,"Wyoming, MI",theft,0.00180993091596623,0.05220005476526083,0.03017677017095886
6,MI4183400,"Wyoming, MI",theft,0.023230761582622765,0.07737011563791127,0.03016280063031913
7,MI4183400,"Wyoming, MI",theft,0.05336929189175766,0.048786161866935636,0.03011370687954626
8,MI4183400,"Wyoming, MI",theft,0.06714888840375174,0.04517934054509861,0.03016280063031913
9,MI4183400,"Wyoming, MI",theft,0.044121015690036715,0.05678932068849193,0.030176770170958864
10,MI4183400,"Wyoming, MI",theft,0.022895821795177324,0.031167786223957553,0.030185147875465623
11,MI4183400,"Wyoming, MI",theft,0.029789499310822014,-0.0083930321742636,0.030176770170958857
12,MI4183400,"Wyoming, MI",theft,0.018948850558136773,-0.01798989702732323,0.03016280063031913
1,MI5015000,"Macomb, MI",theft,-0.042789109977786455,-0.10491880820101158,0.031922354182777155
2,MI5015000,"Macomb, MI",theft,-0.09874831863054001,-0.14633482664941724,0.031969466956681784
3,MI5015000,"Macomb, MI",theft,-0.08630062783079621,-0.13851298921484495,0.03197480991677926
4,MI5015000,"Macomb, MI",theft,-0.033476003709148536,-0.08209797105498598,0.0319805876577811
5,MI5015000,"Macomb, MI",theft,0.00180993091596623,-0.004972385660231263,0.031974809916779263
6,MI5015000,"Macomb, MI",theft,0.023230761582622765,0.06377061899839337,0.031969466956681784
7,MI5015000,"Macomb, MI",theft,0.05336929189175766,0.10973762582259304,0.03192235418277715
8,MI5015000,"Macomb, MI",theft,0.06714888840375174,0.12727541243836857,0.031969466956681784
9,MI5015000,"Macomb, MI",theft,0.044121015690036715,0.11463475738221482,0.031974809916779263
10,MI5015000,"Macomb, MI",theft,0.022895821795177324,0.07727915343340452,0.0319805876577811
11,MI5015000,"Macomb, MI",theft,0.029789499310822014,0.02403179987127988,0.03197480991677926
12,MI5015000,"Macomb, MI",theft,0.018948850558136773,-0.039892387165763134,0.031969466956681784
1,MI5072200,"St. Clair Shores, MI",theft,-0.042789109977786455,-0.10439059213704226,0.03450779187032628
2,MI5072200,"St. Clair Shores, MI",theft,-0.09874831863054001,-0.14322666417799276,0.03458240592888355
3,MI5072200,"St. Clair Shores, MI",theft,-0.08630062783079621,-0.13548007068377857,0.034577727004844065
4,MI5072200,"St. Clair Shores, MI",theft,-0.033476003709148536,-0.09431140915219376,0.034590119697169255
5,MI5072200,"St. Clair Shores, MI",theft,0.00180993091596623,-0.022480027842905526,0.03457772700484407
6,MI5072200,"St. Clair Shores, MI",theft,0.023230761582622765,0.060829700498798295,0.03458240592888355
7,MI5072200,"St. Clair Shores, MI",theft,0.05336929189175766,0.11142598969851054,0.03450779187032628
8,MI5072200,"St. Clair Shores, MI",theft,0.06714888840375174,0.11311368282418852,0.03458240592888355
9,MI5072200,"St. Clair Shores, MI",theft,0.044121015690036715,0.09833169176850594,0.03457772700484407
10,MI5072200,"St. Clair Shores, MI",theft,0.022895821795177324,0.08727601159072543,0.034590119697169255
11,MI5072200,"St. Clair Shores, MI",theft,0.029789499310822014,0.052593009196709735,0.03457772700484407
12,MI5072200,"St. Clair Shores, MI",theft,0.018948850558136773,-0.023681321583525605,0.03458240592888355
1,MI5074000,"Shelby Township, MI",theft,-0.042789109977786455,-0.045637687216465855,0.03490130531216291
2,MI5074000,"Shelby Township, MI",theft,-0.09874831863054001,-0.1422819264931794,0.034972519583315834
3,MI5074000,"Shelby Township, MI",theft,-0.08630062783079621,-0.14001793765011794,0.03499557670098935
4,MI5074000,"Shelby Township, MI",theft,-0.033476003709148536,-0.048024922740688425,0.03497568010826882
5,MI5074000,"Shelby Township, MI",theft,0.00180993091596623,0.026635054084730814,0.03499557670098936
6,MI5074000,"Shelby Township, MI",theft,0.023230761582622765,0.05008802826450523,0.034972519583315834
7,MI5074000,"Shelby Township, MI",theft,0.05336929189175766,0.06787978093371008,0.0349013053121629
8,MI5074000,"Shelby Township, MI",theft,0.06714888840375174,0.08097073906316932,0.034972519583315834
9,MI5074000,"Shelby Township, MI",theft,0.044121015690036715,0.05646465650286362,0.03499557670098936
10,MI5074000,"Shelby Township, MI",theft,0.022895821795177324,0.0257828290234442,0.03497568010826882
11,MI5074000,"Shelby Township, MI",theft,0.029789499310822014,0.03467613334527921,0.03499557670098935
12,MI5074000,"Shelby Township, MI",theft,0.018948850558136773,0.03346525288274911,0.034972519583315834
1,MI5076500,"Sterling Heights, MI",theft,-0.042789109977786455,-0.016725280214569028,0.03004713102964274
2,MI5076500,"Sterling Heights, MI",theft,-0.09874831863054001,-0.08262778309735005,0.030094176149495753
3,MI5076500,"Sterling Heights, MI",theft,-0.08630062783079621,-0.10642452243072086,0.030106593549630172
4,MI5076500,"Sterling Heights, MI",theft,-0.033476003709148536,-0.05439186625372487,0.030121184062161657
5,MI5076500,"Sterling Heights, MI",theft,0.00180993091596623,0.005709355182396131,0.030106593549630172
6,MI5076500,"Sterling Heights, MI",theft,0.023230761582622765,0.02031673377859113,0.030094176149495753
7,MI5076500,"Sterling Heights, MI",theft,0.05336929189175766,0.02587493186732413,0.030047131029642737
8,MI5076500,"Sterling Heights, MI",theft,0.06714888840375174,0.0550039641697787,0.030094176149495756
9,MI5076500,"Sterling Heights, MI",theft,0.044121015690036715,0.06965105185039439,0.030106593549630176
10,MI5076500,"Sterling Heights, MI",theft,0.022895821795177324,0.04524221460096978,0.030121184062161657
11,MI5076500,"Sterling Heights, MI",theft,0.029789499310822014,0.02191446374517521,0.030106593549630172
12,MI5076500,"Sterling Heights, MI",theft,0.018948850558136773,0.01645673680173534,0.030094176149495753
1,MI5080600,"Warren, MI",theft,-0.042789109977786455,-0.048291194490605885,0.029074849362593132
2,MI5080600,"Warren, MI",theft,-0.09874831863054001,-0.1728702317904385,0.029108847831682577
3,MI5080600,"Warren, MI",theft,-0.08630062783079621,-0.15991535202828364,0.02915907487381361
4,MI5080600,"Warren, MI",theft,-0.033476003709148536,-0.05740292828503742,0.029151424670322126
5,MI5080600,"Warren, MI",theft,0.00180993091596623,-0.0036748991824804584,0.029159074873813612
6,MI5080600,"Warren, MI",theft,0.023230761582622765,0.022328130477451528,0.029108847831682577
7,MI5080600,"Warren, MI",theft,0.05336929189175766,0.09746447222172583,0.02907484936259313
8,MI5080600,"Warren, MI",theft,0.06714888840375174,0.1481469579137878,0.02910884783168258
9,MI5080600,"Warren, MI",theft,0.044121015690036715,0.08601880042051294,0.029159074873813612
10,MI5080600,"Warren, MI",theft,0.022895821795177324,0.00822965055391746,0.029151424670322126
11,MI5080600,"Warren, MI",theft,0.029789499310822014,0.028398173059131136,0.02915907487381361
12,MI5080600,"Warren, MI",theft,0.018948850558136773,0.05156842113031923,0.029108847831682577
1,MI631910X,"Rochester Hills, MI",theft,-0.042789109977786455,-0.07256438498677573,0.03464824095060056
2,MI631910X,"Rochester Hills, MI",theft,-0.09874831863054001,-0.151468800525224,0.03467214621773243
3,MI631910X,"Rochester Hills, MI",theft,-0.08630062783079621,-0.12125304112195537,0.034710397866259166
4,MI631910X,"Rochester Hills, MI",theft,-0.033476003709148536,-0.04809826698581864,0.03467802941517705
5,MI631910X,"Rochester Hills, MI",theft,0.00180993091596623,-0.008854434197840743,0.03471039786625917
6,MI631910X,"Rochester Hills, MI",theft,0.023230761582622765,0.023525227213472517,0.03467214621773243
7,MI631910X,"Rochester Hills, MI",theft,0.05336929189175766,0.07587740753240735,0.03464824095060055
8,MI631910X,"Rochester Hills, MI",theft,0.06714888840375174,0.09539960863055019,0.03467214621773243
9,MI631910X,"Rochester Hills, MI",theft,0.044121015690036715,0.061870826681649886,0.03471039786625917
10,MI631910X,"Rochester Hills, MI",theft,0.022895821795177324,0.04478524444018699,0.03467802941517705
11,MI631910X,"Rochester Hills, MI",theft,0.029789499310822014,0.06492362609251452,0.034710397866259166
12,MI631910X,"Rochester Hills, MI",theft,0.018948850558136773,0.035856987226833024,0.03467214621773243
1,MI6338900,"Farmington Hills, MI",theft,-0.042789109977786455,-0.055172237704589136,0.032883698994136644
2,MI6338900,"Farmington Hills, MI",theft,-0.09874831863054001,-0.11680737701711208,0.03289537364842204
3,MI6338900,"Farmington Hills, MI",theft,-0.08630062783079621,-0.12058211859066277,0.03294235406216455
4,MI6338900,"Farmington Hills, MI",theft,-0.033476003709148536,-0.07259963780840908,0.03293436191481494
5,MI6338900,"Farmington Hills, MI",theft,0.00180993091596623,-0.0237517848478536,0.03294235406216455
6,MI6338900,"Farmington Hills, MI",theft,0.023230761582622765,0.014504939381952202,0.03289537364842204
7,MI6338900,"Farmington Hills, MI",theft,0.05336929189175766,0.06198034646564139,0.032883698994136644
8,MI6338900,"Farmington Hills, MI",theft,0.06714888840375174,0.10182925681280466,0.03289537364842204
9,MI6338900,"Farmington Hills, MI",theft,0.044121015690036715,0.09879588962530308,0.03294235406216456
10,MI6338900,"Farmington Hills, MI",theft,0.022895821795177324,0.06579152904735683,0.03293436191481494
11,MI6338900,"Farmington Hills, MI",theft,0.029789499310822014,0.03872990505216098,0.03294235406216455
12,MI6338900,"Farmington Hills, MI",theft,0.018948850558136773,0.007281289583407527,0.03289537364842203
1,MI6362700,"Novi, MI",theft,-0.042789109977786455,0.006528441558289212,0.034111632731365034
2,MI6362700,"Novi, MI",theft,-0.09874831863054001,-0.07488578909261889,0.03418913736482547
3,MI6362700,"Novi, MI",theft,-0.08630062783079621,-0.09427364444848076,0.034218538736340245
4,MI6362700,"Novi, MI",theft,-0.033476003709148536,-0.0788697066056872,0.034297206526252864
5,MI6362700,"Novi, MI",theft,0.00180993091596623,-0.04662832291500203,0.034218538736340245
6,MI6362700,"Novi, MI",theft,0.023230761582622765,0.020737024180026816,0.03418913736482547
7,MI6362700,"Novi, MI",theft,0.05336929189175766,0.08133755873424206,0.03411163273136503
8,MI6362700,"Novi, MI",theft,0.06714888840375174,0.059848657937717105,0.03418913736482547
9,MI6362700,"Novi, MI",theft,0.044121015690036715,-0.008629486998952347,0.03421853873634025
10,MI6362700,"Novi, MI",theft,0.022895821795177324,-0.008996293686844101,0.034297206526252864
11,MI6362700,"Novi, MI",theft,0.029789499310822014,0.061665454069903806,0.034218538736340245
12,MI6362700,"Novi, MI",theft,0.018948850558136773,0.08216610726740635,0.03418913736482547
1,MI6367300,"Pontiac, MI",theft,-0.042789109977786455,-0.10397754567109797,0.03163260045180494
2,MI6367300,"Pontiac, MI",theft,-0.09874831863054001,-0.17547025413938647,0.0316923725606087
3,MI6367300,"Pontiac, MI",theft,-0.08630062783079621,-0.12866696119274393,0.03169034884765731
4,MI6367300,"Pontiac, MI",theft,-0.033476003709148536,-0.03265057337460744,0.03167903024717425
5,MI6367300,"Pontiac, MI",theft,0.00180993091596623,0.013528175145299562,0.03169034884765732
6,MI6367300,"Pontiac, MI",theft,0.023230761582622765,0.04352580151095848,0.0316923725606087
7,MI6367300,"Pontiac, MI",theft,0.05336929189175766,0.1099351321003106,0.03163260045180494
8,MI6367300,"Pontiac, MI",theft,0.06714888840375174,0.1467511369163441,0.0316923725606087
9,MI6367300,"Pontiac, MI",theft,0.044121015690036715,0.09399025754048893,0.03169034884765732
10,MI6367300,"Pontiac, MI",theft,0.022895821795177324,0.026692986945394803,0.03167903024717425
11,MI6367300,"Pontiac, MI",theft,0.029789499310822014,0.015190942077742764,0.03169034884765731
12,MI6367300,"Pontiac, MI",theft,0.018948850558136773,-0.008849097858703392,0.0316923725606087
1,MI6371400,"Royal Oak, MI",theft,-0.042789109977786455,-0.044860864276318545,0.0347230848626403
2,MI6371400,"Royal Oak, MI",theft,-0.09874831863054001,-0.1302349412766646,0.034773245896140205
3,MI6371400,"Royal Oak, MI",theft,-0.08630062783079621,-0.15892827316019403,0.034810033294889665
4,MI6371400,"Royal Oak, MI",theft,-0.033476003709148536,-0.11195729918563613,0.034842986407439464
5,MI6371400,"Royal Oak, MI",theft,0.00180993091596623,-0.03547599252335223,0.034810033294889665
6,MI6371400,"Royal Oak, MI",theft,0.023230761582622765,0.029281427845062196,0.034773245896140205
7,MI6371400,"Royal Oak, MI",theft,0.05336929189175766,0.07723553949455786,0.034723084862640294
8,MI6371400,"Royal Oak, MI",theft,0.06714888840375174,0.10442823799111406,0.034773245896140205
9,MI6371400,"Royal Oak, MI",theft,0.044121015690036715,0.10074689465640416,0.034810033294889665
10,MI6371400,"Royal Oak, MI",theft,0.022895821795177324,0.07958262396739682,0.034842986407439464
11,MI6371400,"Royal Oak, MI",theft,0.029789499310822014,0.061282695808902735,0.034810033294889665
12,MI6371400,"Royal Oak, MI",theft,0.018948850558136773,0.02889995065872773,0.034773245896140205
1,MI6375100,"Southfield, MI",theft,-0.042789109977786455,-0.04537483719121939,0.02995823240407939
2,MI6375100,"Southfield, MI",theft,-0.09874831863054001,-0.10932650962382479,0.029998505109417938
3,MI6375100,"Southfield, MI",theft,-0.08630062783079621,-0.10621114250826634,0.030054216833607917
4,MI6375100,"Southfield, MI",theft,-0.033476003709148536,-0.05148355608940373,0.030050397424165414
5,MI6375100,"Southfield, MI",theft,0.00180993091596623,-9.423714957215585e-6,0.03005421683360792
6,MI6375100,"Southfield, MI",theft,0.023230761582622765,0.04975395374476639,0.029998505109417938
7,MI6375100,"Southfield, MI",theft,0.05336929189175766,0.10394932198877788,0.029958232404079386
8,MI6375100,"Southfield, MI",theft,0.06714888840375174,0.11128017508257666,0.029998505109417938
9,MI6375100,"Southfield, MI",theft,0.044121015690036715,0.049590323169459716,0.030054216833607924
10,MI6375100,"Southfield, MI",theft,0.022895821795177324,-0.007090928708154771,0.030050397424165414
11,MI6375100,"Southfield, MI",theft,0.029789499310822014,-0.0019442417437946845,0.030054216833607917
12,MI6375100,"Southfield, MI",theft,0.018948850558136773,0.006866865594040291,0.029998505109417938
1,MI6378400,"Troy, MI",theft,-0.042789109977786455,0.0019609708134084715,0.030727253886597337
2,MI6378400,"Troy, MI",theft,-0.09874831863054001,-0.12475240870925593,0.03076551172695577
3,MI6378400,"Troy, MI",theft,-0.08630062783079621,-0.11685667585252693,0.030794614887034052
4,MI6378400,"Troy, MI",theft,-0.033476003709148536,-0.06186333225910044,0.030814837371673072
5,MI6378400,"Troy, MI",theft,0.00180993091596623,-0.05527692714273814,0.030794614887034055
6,MI6378400,"Troy, MI",theft,0.023230761582622765,-0.03699167963689211,0.03076551172695577
7,MI6378400,"Troy, MI",theft,0.05336929189175766,0.032663383349736064,0.03072725388659733
8,MI6378400,"Troy, MI",theft,0.06714888840375174,0.06048024792929872,0.03076551172695577
9,MI6378400,"Troy, MI",theft,0.044121015690036715,0.017960160909425142,0.03079461488703406
10,MI6378400,"Troy, MI",theft,0.022895821795177324,0.027238978095955872,0.030814837371673072
11,MI6378400,"Troy, MI",theft,0.029789499310822014,0.11954908792269532,0.030794614887034052
12,MI6378400,"Troy, MI",theft,0.018948850558136773,0.13588819457999396,0.03076551172695577
1,MI6380800,"Waterford Township, MI",theft,-0.042789109977786455,-0.09149415606363534,0.034231083714763015
2,MI6380800,"Waterford Township, MI",theft,-0.09874831863054001,-0.15525583592813463,0.034269506134698605
3,MI6380800,"Waterford Township, MI",theft,-0.08630062783079621,-0.10754702504069755,0.03423796824341161
4,MI6380800,"Waterford Township, MI",theft,-0.033476003709148536,-0.02496843244236463,0.03424950386517631
5,MI6380800,"Waterford Township, MI",theft,0.00180993091596623,7.653758145836152e-4,0.03423796824341162
6,MI6380800,"Waterford Township, MI",theft,0.023230761582622765,0.005255211322407415,0.034269506134698605
7,MI6380800,"Waterford Township, MI",theft,0.05336929189175766,0.050550965891908516,0.03423108371476301
8,MI6380800,"Waterford Township, MI",theft,0.06714888840375174,0.0970057616475734,0.034269506134698605
9,MI6380800,"Waterford Township, MI",theft,0.044121015690036715,0.09024014093186308,0.03423796824341162
10,MI6380800,"Waterford Township, MI",theft,0.022895821795177324,0.06591162261409145,0.03424950386517631
11,MI6380800,"Waterford Township, MI",theft,0.029789499310822014,0.05748469846597758,0.03423796824341161
12,MI6380800,"Waterford Township, MI",theft,0.018948850558136773,0.01205167278642711,0.034269506134698605
1,MI6381500,"West Bloomfield Township, MI",theft,-0.042789109977786455,-0.05298589450418824,0.03647360651078918
2,MI6381500,"West Bloomfield Township, MI",theft,-0.09874831863054001,-0.13758928212666954,0.03649684662766057
3,MI6381500,"West Bloomfield Township, MI",theft,-0.08630062783079621,-0.1404370292161115,0.03656031027562957
4,MI6381500,"West Bloomfield Township, MI",theft,-0.033476003709148536,-0.0600931748150611,0.03650142723914841
5,MI6381500,"West Bloomfield Township, MI",theft,0.00180993091596623,0.0076964166489869815,0.03656031027562957
6,MI6381500,"West Bloomfield Township, MI",theft,0.023230761582622765,0.03758603075839475,0.03649684662766057
7,MI6381500,"West Bloomfield Township, MI",theft,0.05336929189175766,0.07955204017369759,0.03647360651078918
8,MI6381500,"West Bloomfield Township, MI",theft,0.06714888840375174,0.11980735049644062,0.03649684662766057
9,MI6381500,"West Bloomfield Township, MI",theft,0.044121015690036715,0.0960889519163732,0.03656031027562958
10,MI6381500,"West Bloomfield Township, MI",theft,0.022895821795177324,0.033527029145551744,0.03650142723914841
11,MI6381500,"West Bloomfield Township, MI",theft,0.029789499310822014,0.010085514981241906,0.03656031027562957
12,MI6381500,"West Bloomfield Township, MI",theft,0.018948850558136773,0.0067620465413435835,0.03649684662766057
1,MI8118100,"Washtenaw, MI",theft,-0.042789109977786455,-0.10308953795728537,0.030897417973380772
2,MI8118100,"Washtenaw, MI",theft,-0.09874831863054001,-0.17315883479938704,0.03094587437619777
3,MI8118100,"Washtenaw, MI",theft,-0.08630062783079621,-0.12572064698228794,0.030939272260748416
4,MI8118100,"Washtenaw, MI",theft,-0.033476003709148536,-0.03006605105436269,0.03094194841420457
5,MI8118100,"Washtenaw, MI",theft,0.00180993091596623,0.005305734617902343,0.030939272260748423
6,MI8118100,"Washtenaw, MI",theft,0.023230761582622765,0.022114130131822566,0.03094587437619777
7,MI8118100,"Washtenaw, MI",theft,0.05336929189175766,0.09595325576153205,0.03089741797338077
8,MI8118100,"Washtenaw, MI",theft,0.06714888840375174,0.15845277649390488,0.03094587437619777
9,MI8118100,"Washtenaw, MI",theft,0.044121015690036715,0.1181508708725591,0.030939272260748423
10,MI8118100,"Washtenaw, MI",theft,0.022895821795177324,0.037202333250116,0.03094194841420457
11,MI8118100,"Washtenaw, MI",theft,0.029789499310822014,0.009400323687579759,0.03093927226074842
12,MI8118100,"Washtenaw, MI",theft,0.018948850558136773,-0.014544354022093635,0.03094587437619777
1,MI8121800,"Ann Arbor, MI",theft,-0.042789109977786455,-0.0940863861286544,0.028701590247823386
2,MI8121800,"Ann Arbor, MI",theft,-0.09874831863054001,-0.14439284037063813,0.02874678550223878
3,MI8121800,"Ann Arbor, MI",theft,-0.08630062783079621,-0.13962822309349293,0.028746666507407103
4,MI8121800,"Ann Arbor, MI",theft,-0.033476003709148536,-0.09468568061998231,0.028779048489597968
5,MI8121800,"Ann Arbor, MI",theft,0.00180993091596623,-0.030707894174235428,0.028746666507407106
6,MI8121800,"Ann Arbor, MI",theft,0.023230761582622765,0.04380688518420621,0.02874678550223878
7,MI8121800,"Ann Arbor, MI",theft,0.05336929189175766,0.10794742690031384,0.028701590247823382
8,MI8121800,"Ann Arbor, MI",theft,0.06714888840375174,0.13080928642171552,0.02874678550223878
9,MI8121800,"Ann Arbor, MI",theft,0.044121015690036715,0.11218362837291085,0.028746666507407106
10,MI8121800,"Ann Arbor, MI",theft,0.022895821795177324,0.08082463984832289,0.028779048489597968
11,MI8121800,"Ann Arbor, MI",theft,0.029789499310822014,0.044291448123157995,0.028746666507407103
12,MI8121800,"Ann Arbor, MI",theft,0.018948850558136773,-0.016362290463624054,0.02874678550223878
1,MI8234300,"Dearborn, MI",theft,-0.042789109977786455,-0.09847726927592032,0.02904110663741401
2,MI8234300,"Dearborn, MI",theft,-0.09874831863054001,-0.14609148720752263,0.02904384818337828
3,MI8234300,"Dearborn, MI",theft,-0.08630062783079621,-0.1082249400353503,0.029060459659366843
4,MI8234300,"Dearborn, MI",theft,-0.033476003709148536,-0.03818281753358909,0.02906928348085295
5,MI8234300,"Dearborn, MI",theft,0.00180993091596623,3.5251423932674105e-4,0.029060459659366846
6,MI8234300,"Dearborn, MI",theft,0.023230761582622765,0.026212859049720344,0.02904384818337828
7,MI8234300,"Dearborn, MI",theft,0.05336929189175766,0.07278577105383995,0.029041106637414008
8,MI8234300,"Dearborn, MI",theft,0.06714888840375174,0.10783850230663894,0.02904384818337828
9,MI8234300,"Dearborn, MI",theft,0.044121015690036715,0.09566345335654697,0.029060459659366846
10,MI8234300,"Dearborn, MI",theft,0.022895821795177324,0.06387431575566947,0.02906928348085295
11,MI8234300,"Dearborn, MI",theft,0.029789499310822014,0.0379004706615569,0.029060459659366843
12,MI8234300,"Dearborn, MI",theft,0.018948850558136773,-0.01365137237091695,0.029043848183378275
1,MI8234400,"Dearborn Heights, MI",theft,-0.042789109977786455,-0.10816125113491121,0.032902453950327544
2,MI8234400,"Dearborn Heights, MI",theft,-0.09874831863054001,-0.14350109170008651,0.03289249459940214
3,MI8234400,"Dearborn Heights, MI",theft,-0.08630062783079621,-0.12279978531514739,0.03295117036790451
4,MI8234400,"Dearborn Heights, MI",theft,-0.033476003709148536,-0.06001218020677375,0.032909019957655834
5,MI8234400,"Dearborn Heights, MI",theft,0.00180993091596623,0.020431186955084682,0.03295117036790451
6,MI8234400,"Dearborn Heights, MI",theft,0.023230761582622765,0.09584465144917512,0.03289249459940214
7,MI8234400,"Dearborn Heights, MI",theft,0.05336929189175766,0.13446219280520882,0.032902453950327544
8,MI8234400,"Dearborn Heights, MI",theft,0.06714888840375174,0.11744038866217218,0.03289249459940215
9,MI8234400,"Dearborn Heights, MI",theft,0.044121015690036715,0.07043814060693544,0.03295117036790451
10,MI8234400,"Dearborn Heights, MI",theft,0.022895821795177324,0.03371123853647612,0.032909019957655834
11,MI8234400,"Dearborn Heights, MI",theft,0.029789499310822014,0.005629516082829588,0.03295117036790451
12,MI8234400,"Dearborn Heights, MI",theft,0.018948850558136773,-0.04348300674096308,0.03289249459940214
1,MI8234900,"Detroit, MI",theft,-0.042789109977786455,-0.06058531483319204,0.025944024456735427
2,MI8234900,"Detroit, MI",theft,-0.09874831863054001,-0.14119847662968318,0.025967032683490408
3,MI8234900,"Detroit, MI",theft,-0.08630062783079621,-0.1284190247401259,0.025993648167371698
4,MI8234900,"Detroit, MI",theft,-0.033476003709148536,-0.06263234357927139,0.025999753079489006
5,MI8234900,"Detroit, MI",theft,0.00180993091596623,-0.012712559755547158,0.0259936481673717
6,MI8234900,"Detroit, MI",theft,0.023230761582622765,0.028510169243365656,0.025967032683490408
7,MI8234900,"Detroit, MI",theft,0.05336929189175766,0.07832747230969837,0.025944024456735423
8,MI8234900,"Detroit, MI",theft,0.06714888840375174,0.09635095468916352,0.025967032683490408
9,MI8234900,"Detroit, MI",theft,0.044121015690036715,0.06582934532309985,0.0259936481673717
10,MI8234900,"Detroit, MI",theft,0.022895821795177324,0.04489018610276503,0.025999753079489006
11,MI8234900,"Detroit, MI",theft,0.029789499310822014,0.05756008169606679,0.025993648167371698
12,MI8234900,"Detroit, MI",theft,0.018948850558136773,0.03407951017366045,0.025967032683490408
1,MI8253800,"Livonia, MI",theft,-0.042789109977786455,-0.054582652252049724,0.030068171069530133
2,MI8253800,"Livonia, MI",theft,-0.09874831863054001,-0.1564086211259631,0.030095907734275684
3,MI8253800,"Livonia, MI",theft,-0.08630062783079621,-0.1252786953178669,0.030137543094728058
4,MI8253800,"Livonia, MI",theft,-0.033476003709148536,-0.024681383521911723,0.03010276865028012
5,MI8253800,"Livonia, MI",theft,0.00180993091596623,0.020086407173521944,0.03013754309472806
6,MI8253800,"Livonia, MI",theft,0.023230761582622765,0.02683254811192185,0.030095907734275684
7,MI8253800,"Livonia, MI",theft,0.05336929189175766,0.06348790182998765,0.03006817106953013
8,MI8253800,"Livonia, MI",theft,0.06714888840375174,0.08716778362086597,0.030095907734275687
9,MI8253800,"Livonia, MI",theft,0.044121015690036715,0.0471326082348318,0.03013754309472806
10,MI8253800,"Livonia, MI",theft,0.022895821795177324,0.015776133943973772,0.03010276865028012
11,MI8253800,"Livonia, MI",theft,0.029789499310822014,0.049154430331575155,0.030137543094728058
12,MI8253800,"Livonia, MI",theft,0.018948850558136773,0.05131353897111329,0.030095907734275684
1,MI8277500,"Taylor, MI",theft,-0.042789109977786455,-0.047896682270217435,0.030835795153390144
2,MI8277500,"Taylor, MI",theft,-0.09874831863054001,-0.099343035034198085,0.030874461551570226
3,MI8277500,"Taylor, MI",theft,-0.08630062783079621,-0.09834246166080897,0.030899057854870144
4,MI8277500,"Taylor, MI",theft,-0.033476003709148536,-0.06948534324291775,0.030910653516564694
5,MI8277500,"Taylor, MI",theft,0.00180993091596623,-0.026821133293245255,0.03089905785487015
6,MI8277500,"Taylor, MI",theft,0.023230761582622765,0.02954712909888367,0.030874461551570226
7,MI8277500,"Taylor, MI",theft,0.05336929189175766,0.06981623543316812,0.03083579515339014
8,MI8277500,"Taylor, MI",theft,0.06714888840375174,0.0638441963777684,0.03087446155157023
9,MI8277500,"Taylor, MI",theft,0.044121015690036715,0.04092406984142859,0.03089905785487015
10,MI8277500,"Taylor, MI",theft,0.022895821795177324,0.04756579007996705,0.030910653516564694
11,MI8277500,"Taylor, MI",theft,0.029789499310822014,0.06231997194967491,0.030899057854870144
12,MI8277500,"Taylor, MI",theft,0.018948850558136773,0.02787126272049677,0.030874461551570226
1,MI8281700,"Westland, MI",theft,-0.042789109977786455,-0.05265061223557776,0.031095436368774005
2,MI8281700,"Westland, MI",theft,-0.09874831863054001,-0.12677925627545644,0.031140947874557182
3,MI8281700,"Westland, MI",theft,-0.08630062783079621,-0.12354267950652684,0.031176987468153266
4,MI8281700,"Westland, MI",theft,-0.033476003709148536,-0.06276248544899633,0.031180304621622263
5,MI8281700,"Westland, MI",theft,0.00180993091596623,-0.014295078942569966,0.03117698746815327
6,MI8281700,"Westland, MI",theft,0.023230761582622765,0.028313989877081527,0.031140947874557182
7,MI8281700,"Westland, MI",theft,0.05336929189175766,0.09295317972502432,0.031095436368773998
8,MI8281700,"Westland, MI",theft,0.06714888840375174,0.12810945604626892,0.031140947874557182
9,MI8281700,"Westland, MI",theft,0.044121015690036715,0.08457031178789276,0.03117698746815327
10,MI8281700,"Westland, MI",theft,0.022895821795177324,0.02245991795954978,0.031180304621622263
11,MI8281700,"Westland, MI",theft,0.029789499310822014,0.012964879171757437,0.031176987468153266
12,MI8281700,"Westland, MI",theft,0.018948850558136773,0.010658377841552609,0.031140947874557182
1,MI8290800,"Canton Township, MI",theft,-0.042789109977786455,-0.06165185691668969,0.03092828274295629
2,MI8290800,"Canton Township, MI",theft,-0.09874831863054001,-0.13915623519891493,0.030940022203116577
3,MI8290800,"Canton Township, MI",theft,-0.08630062783079621,-0.09563584124521723,0.03094088057169787
4,MI8290800,"Canton Township, MI",theft,-0.033476003709148536,-0.02605133214499914,0.030939281948057586
5,MI8290800,"Canton Township, MI",theft,0.00180993091596623,-0.025859185176976843,0.030940880571697874
6,MI8290800,"Canton Township, MI",theft,0.023230761582622765,-0.03639824895057307,0.030940022203116577
7,MI8290800,"Canton Township, MI",theft,0.05336929189175766,0.014601598570508778,0.030928282742956288
8,MI8290800,"Canton Township, MI",theft,0.06714888840375174,0.07198394222272061,0.030940022203116577
9,MI8290800,"Canton Township, MI",theft,0.044121015690036715,0.0755138066152038,0.030940880571697877
10,MI8290800,"Canton Township, MI",theft,0.022895821795177324,0.07310159049118004,0.030939281948057586
11,MI8290800,"Canton Township, MI",theft,0.029789499310822014,0.09303147815317112,0.03094088057169787
12,MI8290800,"Canton Township, MI",theft,0.018948850558136773,0.05652028358058658,0.030940022203116577
1,MN0020200,"Blaine, MN",theft,-0.042789109977786455,-0.06715849687152353,0.029800132505597807
2,MN0020200,"Blaine, MN",theft,-0.09874831863054001,-0.1346058254904279,0.029842588943762512
3,MN0020200,"Blaine, MN",theft,-0.08630062783079621,-0.1134097236301156,0.029832503259317595
4,MN0020200,"Blaine, MN",theft,-0.033476003709148536,-0.04341708662767467,0.029855840350209006
5,MN0020200,"Blaine, MN",theft,0.00180993091596623,0.008661428794111298,0.0298325032593176
6,MN0020200,"Blaine, MN",theft,0.023230761582622765,0.031729707444466605,0.029842588943762512
7,MN0020200,"Blaine, MN",theft,0.05336929189175766,0.04453459548782765,0.029800132505597803
8,MN0020200,"Blaine, MN",theft,0.06714888840375174,0.049067675193448006,0.029842588943762512
9,MN0020200,"Blaine, MN",theft,0.044121015690036715,0.05049547471683152,0.0298325032593176
10,MN0020200,"Blaine, MN",theft,0.022895821795177324,0.06604098801137054,0.029855840350209006
11,MN0020200,"Blaine, MN",theft,0.029789499310822014,0.07687672150286856,0.029832503259317595
12,MN0020200,"Blaine, MN",theft,0.018948850558136773,0.03118454146881752,0.029842588943762512
1,MN0020500,"Coon Rapids, MN",theft,-0.042789109977786455,-0.08837220695505162,0.030356178212594884
2,MN0020500,"Coon Rapids, MN",theft,-0.09874831863054001,-0.1588237621586374,0.030402233588772642
3,MN0020500,"Coon Rapids, MN",theft,-0.08630062783079621,-0.12204847262573446,0.03041079662471669
4,MN0020500,"Coon Rapids, MN",theft,-0.033476003709148536,-0.004771408665849705,0.03040993869805163
5,MN0020500,"Coon Rapids, MN",theft,0.00180993091596623,0.06432773681660509,0.030410796624716692
6,MN0020500,"Coon Rapids, MN",theft,0.023230761582622765,0.0730371574003481,0.030402233588772642
7,MN0020500,"Coon Rapids, MN",theft,0.05336929189175766,0.10106483684808376,0.030356178212594877
8,MN0020500,"Coon Rapids, MN",theft,0.06714888840375174,0.12995170229596698,0.030402233588772642
9,MN0020500,"Coon Rapids, MN",theft,0.044121015690036715,0.08048378287003191,0.030410796624716695
10,MN0020500,"Coon Rapids, MN",theft,0.022895821795177324,-0.007921221227182437,0.03040993869805163
11,MN0020500,"Coon Rapids, MN",theft,0.029789499310822014,-0.035455676953934714,0.03041079662471669
12,MN0020500,"Coon Rapids, MN",theft,0.018948850558136773,-0.031472467644645494,0.030402233588772642
1,MN0190100,"Burnsville, MN",theft,-0.042789109977786455,-0.00201201825529157,0.029628635908434686
2,MN0190100,"Burnsville, MN",theft,-0.09874831863054001,-0.07113653365001055,0.029672583333145038
3,MN0190100,"Burnsville, MN",theft,-0.08630062783079621,-0.07959560602382415,0.029696627748101823
4,MN0190100,"Burnsville, MN",theft,-0.033476003709148536,-0.04344412840064037,0.029721997161256775
5,MN0190100,"Burnsville, MN",theft,0.00180993091596623,-0.018257535457264447,0.029696627748101827
6,MN0190100,"Burnsville, MN",theft,0.023230761582622765,0.0031178214398335236,0.029672583333145038
7,MN0190100,"Burnsville, MN",theft,0.05336929189175766,0.0418443456382281,0.029628635908434682
8,MN0190100,"Burnsville, MN",theft,0.06714888840375174,0.05906327666648304,0.029672583333145038
9,MN0190100,"Burnsville, MN",theft,0.044121015690036715,0.027690021657360103,0.02969662774810183
10,MN0190100,"Burnsville, MN",theft,0.022895821795177324,0.0036118010177038293,0.029721997161256775
11,MN0190100,"Burnsville, MN",theft,0.029789499310822014,0.030330792440791936,0.029696627748101823
12,MN0190100,"Burnsville, MN",theft,0.018948850558136773,0.04878776292663055,0.029672583333145038
1,MN0191000,"Apple Valley, MN",theft,-0.042789109977786455,-0.08861302854133968,0.0308307123862396
2,MN0191000,"Apple Valley, MN",theft,-0.09874831863054001,-0.11392902086670112,0.030861278795622976
3,MN0191000,"Apple Valley, MN",theft,-0.08630062783079621,-0.07832091475140916,0.030867293297430598
4,MN0191000,"Apple Valley, MN",theft,-0.033476003709148536,-0.02675066102948471,0.03088992225151982
5,MN0191000,"Apple Valley, MN",theft,0.00180993091596623,0.0027150113540702985,0.030867293297430605
6,MN0191000,"Apple Valley, MN",theft,0.023230761582622765,0.037251086630748116,0.030861278795622976
7,MN0191000,"Apple Valley, MN",theft,0.05336929189175766,0.09072766248043268,0.030830712386239596
8,MN0191000,"Apple Valley, MN",theft,0.06714888840375174,0.11297143649770086,0.030861278795622976
9,MN0191000,"Apple Valley, MN",theft,0.044121015690036715,0.07524869644331589,0.030867293297430605
10,MN0191000,"Apple Valley, MN",theft,0.022895821795177324,0.024636027090391685,0.03088992225151982
11,MN0191000,"Apple Valley, MN",theft,0.029789499310822014,-0.001757426985070085,0.030867293297430598
12,MN0191000,"Apple Valley, MN",theft,0.018948850558136773,-0.034178868322654765,0.030861278795622976
1,MN0191100,"Lakeville, MN",theft,-0.042789109977786455,-0.0770165250389306,0.033841612668722
2,MN0191100,"Lakeville, MN",theft,-0.09874831863054001,-0.14701384215484842,0.033891684178685634
3,MN0191100,"Lakeville, MN",theft,-0.08630062783079621,-0.1327856948677503,0.03389131941934482
4,MN0191100,"Lakeville, MN",theft,-0.033476003709148536,-0.058254985806463,0.033912325521395045
5,MN0191100,"Lakeville, MN",theft,0.00180993091596623,0.0073982750190238755,0.03389131941934482
6,MN0191100,"Lakeville, MN",theft,0.023230761582622765,0.0506411623325258,0.033891684178685634
7,MN0191100,"Lakeville, MN",theft,0.05336929189175766,0.08874994662199925,0.033841612668721995
8,MN0191100,"Lakeville, MN",theft,0.06714888840375174,0.10315986659735786,0.033891684178685634
9,MN0191100,"Lakeville, MN",theft,0.044121015690036715,0.07719829772719107,0.033891319419344826
10,MN0191100,"Lakeville, MN",theft,0.022895821795177324,0.046521564223394346,0.033912325521395045
11,MN0191100,"Lakeville, MN",theft,0.029789499310822014,0.036455700538466626,0.03389131941934482
12,MN0191100,"Lakeville, MN",theft,0.018948850558136773,0.004946234808033485,0.033891684178685634
1,MN0270100,"Bloomington, MN",theft,-0.042789109977786455,-0.01848625506712657,0.027704718600901228
2,MN0270100,"Bloomington, MN",theft,-0.09874831863054001,-0.05529515515571293,0.027716163459318512
3,MN0270100,"Bloomington, MN",theft,-0.08630062783079621,-0.057507025053407004,0.02776102561020372
4,MN0270100,"Bloomington, MN",theft,-0.033476003709148536,-0.04147793085313716,0.0277590543732136
5,MN0270100,"Bloomington, MN",theft,0.00180993091596623,-0.027490114965848494,0.027761025610203723
6,MN0270100,"Bloomington, MN",theft,0.023230761582622765,0.005555421030816776,0.027716163459318512
7,MN0270100,"Bloomington, MN",theft,0.05336929189175766,0.05816593038490662,0.027704718600901224
8,MN0270100,"Bloomington, MN",theft,0.06714888840375174,0.07687367802814492,0.027716163459318512
9,MN0270100,"Bloomington, MN",theft,0.044121015690036715,0.03940587260805893,0.027761025610203723
10,MN0270100,"Bloomington, MN",theft,0.022895821795177324,0.001798255535357106,0.0277590543732136
11,MN0270100,"Bloomington, MN",theft,0.029789499310822014,0.005911592093416488,0.02776102561020372
12,MN0270100,"Bloomington, MN",theft,0.018948850558136773,0.012545731414531332,0.027716163459318512
1,MN0270300,"Brooklyn Park, MN",theft,-0.042789109977786455,-0.060048858715745966,0.028581659431975444
2,MN0270300,"Brooklyn Park, MN",theft,-0.09874831863054001,-0.13112230784241005,0.02861158840782373
3,MN0270300,"Brooklyn Park, MN",theft,-0.08630062783079621,-0.11466601905487606,0.02865070740500592
4,MN0270300,"Brooklyn Park, MN",theft,-0.033476003709148536,-0.04869127217870866,0.02862955407192161
5,MN0270300,"Brooklyn Park, MN",theft,0.00180993091596623,0.004090355229441687,0.02865070740500592
6,MN0270300,"Brooklyn Park, MN",theft,0.023230761582622765,0.042192646635483874,0.02861158840782373
7,MN0270300,"Brooklyn Park, MN",theft,0.05336929189175766,0.07428410634635373,0.02858165943197544
8,MN0270300,"Brooklyn Park, MN",theft,0.06714888840375174,0.07389881348150007,0.02861158840782373
9,MN0270300,"Brooklyn Park, MN",theft,0.044121015690036715,0.043207277063358265,0.028650707405005922
10,MN0270300,"Brooklyn Park, MN",theft,0.022895821795177324,0.034456024548100886,0.02862955407192161
11,MN0270300,"Brooklyn Park, MN",theft,0.029789499310822014,0.05313313913146828,0.02865070740500592
12,MN0270300,"Brooklyn Park, MN",theft,0.018948850558136773,0.029266095356033976,0.02861158840782373
1,MN0270600,"Edina, MN",theft,-0.042789109977786455,-0.09020332679735654,0.03159572970944866
2,MN0270600,"Edina, MN",theft,-0.09874831863054001,-0.13402109395360118,0.03162217420636378
3,MN0270600,"Edina, MN",theft,-0.08630062783079621,-0.09589685262518902,0.031637073782849114
4,MN0270600,"Edina, MN",theft,-0.033476003709148536,-0.03937037279750852,0.03162323043673589
5,MN0270600,"Edina, MN",theft,0.00180993091596623,-0.015307054145710262,0.03163707378284912
6,MN0270600,"Edina, MN",theft,0.023230761582622765,0.013143956350787947,0.03162217420636378
7,MN0270600,"Edina, MN",theft,0.05336929189175766,0.07105966464158237,0.031595729709448656
8,MN0270600,"Edina, MN",theft,0.06714888840375174,0.10663007031101411,0.03162217420636378
9,MN0270600,"Edina, MN",theft,0.044121015690036715,0.08764949113837608,0.03163707378284912
10,MN0270600,"Edina, MN",theft,0.022895821795177324,0.058514034953282675,0.03162323043673589
11,MN0270600,"Edina, MN",theft,0.029789499310822014,0.04269807778829728,0.031637073782849114
12,MN0270600,"Edina, MN",theft,0.018948850558136773,-0.004896594863974944,0.03162217420636378
1,MN0271100,"Minneapolis, MN",theft,-0.042789109977786455,-0.1352216980389041,0.02601980737830892
2,MN0271100,"Minneapolis, MN",theft,-0.09874831863054001,-0.17731696897021804,0.02603805688047832
3,MN0271100,"Minneapolis, MN",theft,-0.08630062783079621,-0.1431807494290574,0.026052893721686232
4,MN0271100,"Minneapolis, MN",theft,-0.033476003709148536,-0.06377509112554045,0.026055014191183057
5,MN0271100,"Minneapolis, MN",theft,0.00180993091596623,0.012783535647840261,0.026052893721686236
6,MN0271100,"Minneapolis, MN",theft,0.023230761582622765,0.07666360639683292,0.02603805688047832
7,MN0271100,"Minneapolis, MN",theft,0.05336929189175766,0.12880425988928118,0.026019807378308918
8,MN0271100,"Minneapolis, MN",theft,0.06714888840375174,0.14690109779571875,0.02603805688047832
9,MN0271100,"Minneapolis, MN",theft,0.044121015690036715,0.11918231640418105,0.02605289372168624
10,MN0271100,"Minneapolis, MN",theft,0.022895821795177324,0.07019252927516334,0.026055014191183057
11,MN0271100,"Minneapolis, MN",theft,0.029789499310822014,0.01763233552665896,0.026052893721686236
12,MN0271100,"Minneapolis, MN",theft,0.018948850558136773,-0.05266517337195647,0.02603805688047832
1,MN0271700,"Plymouth, MN",theft,-0.042789109977786455,-0.09855754666070056,0.03171597521072983
2,MN0271700,"Plymouth, MN",theft,-0.09874831863054001,-0.14272914000525241,0.03178816990733934
3,MN0271700,"Plymouth, MN",theft,-0.08630062783079621,-0.103395522478009,0.03177637329731452
4,MN0271700,"Plymouth, MN",theft,-0.033476003709148536,-0.04490592764836634,0.03180809087962765
5,MN0271700,"Plymouth, MN",theft,0.00180993091596623,0.0021420531508354974,0.03177637329731452
6,MN0271700,"Plymouth, MN",theft,0.023230761582622765,0.06326057773715771,0.03178816990733934
7,MN0271700,"Plymouth, MN",theft,0.05336929189175766,0.11521140644591873,0.03171597521072982
8,MN0271700,"Plymouth, MN",theft,0.06714888840375174,0.09985999464780251,0.03178816990733934
9,MN0271700,"Plymouth, MN",theft,0.044121015690036715,0.04387251733534087,0.031776373297314524
10,MN0271700,"Plymouth, MN",theft,0.022895821795177324,0.02825206786314813,0.03180809087962765
11,MN0271700,"Plymouth, MN",theft,0.029789499310822014,0.04072709220661437,0.03177637329731452
12,MN0271700,"Plymouth, MN",theft,0.018948850558136773,-0.003737572594489483,0.03178816990733934
1,MN0272600,"Eden Prairie, MN",theft,-0.042789109977786455,-0.031115314516760927,0.031618676913193026
2,MN0272600,"Eden Prairie, MN",theft,-0.09874831863054001,-0.09356540139093873,0.03160918587095462
3,MN0272600,"Eden Prairie, MN",theft,-0.08630062783079621,-0.12258430441340933,0.03168614124315869
4,MN0272600,"Eden Prairie, MN",theft,-0.033476003709148536,-0.12652004650986604,0.03172047714582223
5,MN0272600,"Eden Prairie, MN",theft,0.00180993091596623,-0.09030040649258514,0.031686141243158696
6,MN0272600,"Eden Prairie, MN",theft,0.023230761582622765,-0.0046631734127780475,0.03160918587095462
7,MN0272600,"Eden Prairie, MN",theft,0.05336929189175766,0.07881273507784166,0.03161867691319302
8,MN0272600,"Eden Prairie, MN",theft,0.06714888840375174,0.10133431484984753,0.03160918587095462
9,MN0272600,"Eden Prairie, MN",theft,0.044121015690036715,0.08265579731123734,0.031686141243158696
10,MN0272600,"Eden Prairie, MN",theft,0.022895821795177324,0.07882262594878528,0.03172047714582223
11,MN0272600,"Eden Prairie, MN",theft,0.029789499310822014,0.08253149303367632,0.03168614124315869
12,MN0272600,"Eden Prairie, MN",theft,0.018948850558136773,0.0445916805149501,0.03160918587095462
1,MN0272700,"Maple Grove, MN",theft,-0.042789109977786455,-0.037220681614956716,0.030078686045767727
2,MN0272700,"Maple Grove, MN",theft,-0.09874831863054001,-0.15471963012719495,0.030094385777385987
3,MN0272700,"Maple Grove, MN",theft,-0.08630062783079621,-0.13846434321593948,0.0301333883724058
4,MN0272700,"Maple Grove, MN",theft,-0.033476003709148536,-0.06041691929977058,0.030130988129665495
5,MN0272700,"Maple Grove, MN",theft,0.00180993091596623,-0.02675615712929487,0.030133388372405805
6,MN0272700,"Maple Grove, MN",theft,0.023230761582622765,-0.00767889351050047,0.030094385777385987
7,MN0272700,"Maple Grove, MN",theft,0.05336929189175766,0.04524727972067366,0.030078686045767723
8,MN0272700,"Maple Grove, MN",theft,0.06714888840375174,0.0760803611415975,0.030094385777385987
9,MN0272700,"Maple Grove, MN",theft,0.044121015690036715,0.051798476124625036,0.030133388372405808
10,MN0272700,"Maple Grove, MN",theft,0.022895821795177324,0.05239032119405361,0.030130988129665495
11,MN0272700,"Maple Grove, MN",theft,0.029789499310822014,0.10539542611489228,0.0301333883724058
12,MN0272700,"Maple Grove, MN",theft,0.018948850558136773,0.09434476060181497,0.030094385777385983
1,MN0550100,"Rochester, MN",theft,-0.042789109977786455,-0.058567153411835174,0.0286226573706765
2,MN0550100,"Rochester, MN",theft,-0.09874831863054001,-0.12006336238847716,0.028638473742747955
3,MN0550100,"Rochester, MN",theft,-0.08630062783079621,-0.1115127145254847,0.028664053496295097
4,MN0550100,"Rochester, MN",theft,-0.033476003709148536,-0.06279532674816847,0.02866759516261206
5,MN0550100,"Rochester, MN",theft,0.00180993091596623,-0.032225694405884256,0.028664053496295104
6,MN0550100,"Rochester, MN",theft,0.023230761582622765,-0.005856535765531077,0.028638473742747955
7,MN0550100,"Rochester, MN",theft,0.05336929189175766,0.051605001725765536,0.028622657370676496
8,MN0550100,"Rochester, MN",theft,0.06714888840375174,0.10517207985133192,0.028638473742747955
9,MN0550100,"Rochester, MN",theft,0.044121015690036715,0.10358358367440906,0.028664053496295104
10,MN0550100,"Rochester, MN",theft,0.022895821795177324,0.0697574784342381,0.02866759516261206
11,MN0550100,"Rochester, MN",theft,0.029789499310822014,0.047116976943029465,0.028664053496295097
12,MN0550100,"Rochester, MN",theft,0.018948850558136773,0.013785666616606766,0.02863847374274795
1,MN0620900,"St. Paul, MN",theft,-0.042789109977786455,-0.05390677603845919,0.026420405858184847
2,MN0620900,"St. Paul, MN",theft,-0.09874831863054001,-0.12111256508281137,0.02644255282803033
3,MN0620900,"St. Paul, MN",theft,-0.08630062783079621,-0.09788849870729094,0.026469592497384335
4,MN0620900,"St. Paul, MN",theft,-0.033476003709148536,-0.047559667027570626,0.026480400157439216
5,MN0620900,"St. Paul, MN",theft,0.00180993091596623,-0.025166572369016912,0.02646959249738434
6,MN0620900,"St. Paul, MN",theft,0.023230761582622765,0.018864722753640418,0.02644255282803033
7,MN0620900,"St. Paul, MN",theft,0.05336929189175766,0.09699247087219791,0.026420405858184844
8,MN0620900,"St. Paul, MN",theft,0.06714888840375174,0.1169377970079104,0.02644255282803033
9,MN0620900,"St. Paul, MN",theft,0.044121015690036715,0.05062803579865125,0.026469592497384342
10,MN0620900,"St. Paul, MN",theft,0.022895821795177324,0.004473972193831891,0.026480400157439216
11,MN0620900,"St. Paul, MN",theft,0.029789499310822014,0.029341340443917837,0.026469592497384335
12,MN0620900,"St. Paul, MN",theft,0.018948850558136773,0.028395740154999353,0.02644255282803033
1,MN0690600,"Duluth, MN",theft,-0.042789109977786455,-0.10616499185923763,0.02772468033043739
2,MN0690600,"Duluth, MN",theft,-0.09874831863054001,-0.14835926014200246,0.027755103221101834
3,MN0690600,"Duluth, MN",theft,-0.08630062783079621,-0.13111233621359866,0.027771475582806064
4,MN0690600,"Duluth, MN",theft,-0.033476003709148536,-0.06959614657484552,0.027766903062354506
5,MN0690600,"Duluth, MN",theft,0.00180993091596623,-0.005110204097110313,0.027771475582806068
6,MN0690600,"Duluth, MN",theft,0.023230761582622765,0.05325608688525056,0.027755103221101834
7,MN0690600,"Duluth, MN",theft,0.05336929189175766,0.1106698555401625,0.027724680330437387
8,MN0690600,"Duluth, MN",theft,0.06714888840375174,0.14190868249859778,0.027755103221101834
9,MN0690600,"Duluth, MN",theft,0.044121015690036715,0.12015689488926906,0.027771475582806068
10,MN0690600,"Duluth, MN",theft,0.022895821795177324,0.06509128289392063,0.027766903062354506
11,MN0690600,"Duluth, MN",theft,0.029789499310822014,0.011560781740514956,0.027771475582806064
12,MN0690600,"Duluth, MN",theft,0.018948850558136773,-0.04230064556092089,0.027755103221101834
1,MN0730400,"St. Cloud, MN",theft,-0.042789109977786455,-0.08380734755706616,0.02824363035394135
2,MN0730400,"St. Cloud, MN",theft,-0.09874831863054001,-0.1321018677918412,0.02827248490370322
3,MN0730400,"St. Cloud, MN",theft,-0.08630062783079621,-0.11867089030749527,0.028295932044793193
4,MN0730400,"St. Cloud, MN",theft,-0.033476003709148536,-0.036189381874193474,0.028274375810895556
5,MN0730400,"St. Cloud, MN",theft,0.00180993091596623,0.03326395601165452,0.028295932044793196
6,MN0730400,"St. Cloud, MN",theft,0.023230761582622765,0.05523953472144793,0.02827248490370322
7,MN0730400,"St. Cloud, MN",theft,0.05336929189175766,0.08022304087746757,0.028243630353941344
8,MN0730400,"St. Cloud, MN",theft,0.06714888840375174,0.11867173431123948,0.02827248490370322
9,MN0730400,"St. Cloud, MN",theft,0.044121015690036715,0.10882506350649213,0.0282959320447932
10,MN0730400,"St. Cloud, MN",theft,0.022895821795177324,0.039773688553792076,0.028274375810895556
11,MN0730400,"St. Cloud, MN",theft,0.029789499310822014,-0.01983382253105285,0.028295932044793193
12,MN0730400,"St. Cloud, MN",theft,0.018948850558136773,-0.04539370792044474,0.02827248490370322
1,MN0821100,"Woodbury, MN",theft,-0.042789109977786455,-0.04393398819438543,0.030280341267628363
2,MN0821100,"Woodbury, MN",theft,-0.09874831863054001,-0.04824765270103148,0.03033425530726123
3,MN0821100,"Woodbury, MN",theft,-0.08630062783079621,-0.06353249965033672,0.03035654018169332
4,MN0821100,"Woodbury, MN",theft,-0.033476003709148536,-0.07883359960043515,0.030349189142689383
5,MN0821100,"Woodbury, MN",theft,0.00180993091596623,-0.05439805295248249,0.030356540181693325
6,MN0821100,"Woodbury, MN",theft,0.023230761582622765,0.005523271294791269,0.03033425530726123
7,MN0821100,"Woodbury, MN",theft,0.05336929189175766,0.054507375247939784,0.030280341267628356
8,MN0821100,"Woodbury, MN",theft,0.06714888840375174,0.07326226355290652,0.03033425530726123
9,MN0821100,"Woodbury, MN",theft,0.044121015690036715,0.0779737234486574,0.030356540181693325
10,MN0821100,"Woodbury, MN",theft,0.022895821795177324,0.0682602125468808,0.030349189142689383
11,MN0821100,"Woodbury, MN",theft,0.029789499310822014,0.029383442100607417,0.03035654018169332
12,MN0821100,"Woodbury, MN",theft,0.018948850558136773,-0.019964495093111906,0.03033425530726123
1,MN0860000,"Wright, MN",theft,-0.042789109977786455,-0.06094096625008628,0.03176866124449372
2,MN0860000,"Wright, MN",theft,-0.09874831863054001,-0.09307852082740026,0.03186350828012089
3,MN0860000,"Wright, MN",theft,-0.08630062783079621,-0.0922508977176297,0.03185493409066897
4,MN0860000,"Wright, MN",theft,-0.033476003709148536,-0.04094795965185384,0.03189204188180807
5,MN0860000,"Wright, MN",theft,0.00180993091596623,0.02317222697086068,0.031854934090668974
6,MN0860000,"Wright, MN",theft,0.023230761582622765,0.06801480177853725,0.03186350828012089
7,MN0860000,"Wright, MN",theft,0.05336929189175766,0.09560557960470306,0.031768661244493714
8,MN0860000,"Wright, MN",theft,0.06714888840375174,0.10077741286002301,0.03186350828012089
9,MN0860000,"Wright, MN",theft,0.044121015690036715,0.06528517639563566,0.031854934090668974
10,MN0860000,"Wright, MN",theft,0.022895821795177324,0.0062833462972370635,0.03189204188180807
11,MN0860000,"Wright, MN",theft,0.029789499310822014,-0.030871119003483452,0.03185493409066897
12,MN0860000,"Wright, MN",theft,0.018948850558136773,-0.041049080456543166,0.03186350828012089
1,MO0100200,"Columbia, MO",theft,-0.042789109977786455,-0.10119368233421056,0.02785360857198941
2,MO0100200,"Columbia, MO",theft,-0.09874831863054001,-0.17185671458478613,0.0278781642519491
3,MO0100200,"Columbia, MO",theft,-0.08630062783079621,-0.14939529970549098,0.027895716510009907
4,MO0100200,"Columbia, MO",theft,-0.033476003709148536,-0.06780556994231655,0.02790152472840631
5,MO0100200,"Columbia, MO",theft,0.00180993091596623,-0.008135229248551737,0.027895716510009914
6,MO0100200,"Columbia, MO",theft,0.023230761582622765,0.026894389000146273,0.0278781642519491
7,MO0100200,"Columbia, MO",theft,0.05336929189175766,0.08009518617021491,0.027853608571989406
8,MO0100200,"Columbia, MO",theft,0.06714888840375174,0.1316673509755864,0.0278781642519491
9,MO0100200,"Columbia, MO",theft,0.044121015690036715,0.13030443226028693,0.027895716510009914
10,MO0100200,"Columbia, MO",theft,0.022895821795177324,0.0889040661063122,0.02790152472840631
11,MO0100200,"Columbia, MO",theft,0.029789499310822014,0.04832459285775138,0.027895716510009907
12,MO0100200,"Columbia, MO",theft,0.018948850558136773,-0.007803521554942114,0.0278781642519491
1,MO0110100,"St Joseph, MO",theft,-0.042789109977786455,-0.03271231041967524,0.027838285801466238
2,MO0110100,"St Joseph, MO",theft,-0.09874831863054001,-0.06488673501709746,0.027889007352215167
3,MO0110100,"St Joseph, MO",theft,-0.08630062783079621,-0.056606759101635803,0.027905894232034253
4,MO0110100,"St Joseph, MO",theft,-0.033476003709148536,-0.021289805419555503,0.02789536728730801
5,MO0110100,"St Joseph, MO",theft,0.00180993091596623,-0.009179940365490873,0.027905894232034257
6,MO0110100,"St Joseph, MO",theft,0.023230761582622765,-0.004744265043279155,0.027889007352215167
7,MO0110100,"St Joseph, MO",theft,0.05336929189175766,0.03745322463464066,0.027838285801466234
8,MO0110100,"St Joseph, MO",theft,0.06714888840375174,0.08559272288876009,0.027889007352215167
9,MO0110100,"St Joseph, MO",theft,0.044121015690036715,0.07257183275833301,0.02790589423203426
10,MO0110100,"St Joseph, MO",theft,0.022895821795177324,0.01654889120459009,0.02789536728730801
11,MO0110100,"St Joseph, MO",theft,0.029789499310822014,-0.011526047506171784,0.027905894232034253
12,MO0110100,"St Joseph, MO",theft,0.018948850558136773,-0.011220808613418036,0.027889007352215167
1,MO0390300,"Springfield, MO",theft,-0.042789109977786455,-0.07752119348283232,0.026401604473586072
2,MO0390300,"Springfield, MO",theft,-0.09874831863054001,-0.12538565831319018,0.026433563951798397
3,MO0390300,"Springfield, MO",theft,-0.08630062783079621,-0.09463762695843811,0.02645170583151028
4,MO0390300,"Springfield, MO",theft,-0.033476003709148536,-0.0324794820472313,0.026459052534522187
5,MO0390300,"Springfield, MO",theft,0.00180993091596623,-0.001105102169472032,0.02645170583151028
6,MO0390300,"Springfield, MO",theft,0.023230761582622765,0.020390403924274866,0.026433563951798397
7,MO0390300,"Springfield, MO",theft,0.05336929189175766,0.06625709231415752,0.02640160447358607
8,MO0390300,"Springfield, MO",theft,0.06714888840375174,0.09901633706444202,0.026433563951798397
9,MO0390300,"Springfield, MO",theft,0.044121015690036715,0.07953240687836471,0.026451705831510283
10,MO0390300,"Springfield, MO",theft,0.022895821795177324,0.04374358321590608,0.026459052534522187
11,MO0390300,"Springfield, MO",theft,0.029789499310822014,0.02747442341822015,0.02645170583151028
12,MO0390300,"Springfield, MO",theft,0.018948850558136773,-0.00528518384420141,0.026433563951798397
1,MO0480100,"Blue Springs, MO",theft,-0.042789109977786455,-0.06096317568609982,0.030008056313876146
2,MO0480100,"Blue Springs, MO",theft,-0.09874831863054001,-0.11085992510617304,0.0300453350750659
3,MO0480100,"Blue Springs, MO",theft,-0.08630062783079621,-0.0499935988073832,0.03004999362003386
4,MO0480100,"Blue Springs, MO",theft,-0.033476003709148536,0.009263647749373521,0.03004721896773284
5,MO0480100,"Blue Springs, MO",theft,0.00180993091596623,-0.0088237422531233,0.030049993620033865
6,MO0480100,"Blue Springs, MO",theft,0.023230761582622765,-0.021339555771413832,0.0300453350750659
7,MO0480100,"Blue Springs, MO",theft,0.05336929189175766,0.02873163608814508,0.030008056313876142
8,MO0480100,"Blue Springs, MO",theft,0.06714888840375174,0.06170114869955231,0.030045335075065904
9,MO0480100,"Blue Springs, MO",theft,0.044121015690036715,0.03306636199871717,0.03004999362003387
10,MO0480100,"Blue Springs, MO",theft,0.022895821795177324,0.022967891848581196,0.03004721896773284
11,MO0480100,"Blue Springs, MO",theft,0.029789499310822014,0.057982518659744006,0.03004999362003386
12,MO0480100,"Blue Springs, MO",theft,0.018948850558136773,0.038266792580079916,0.0300453350750659
1,MO0480600,"Independence, MO",theft,-0.042789109977786455,-0.06386725373171126,0.027509718069733836
2,MO0480600,"Independence, MO",theft,-0.09874831863054001,-0.0953155418127428,0.02750410518416727
3,MO0480600,"Independence, MO",theft,-0.08630062783079621,-0.02784963463329321,0.027576478628046075
4,MO0480600,"Independence, MO",theft,-0.033476003709148536,0.01775549132378722,0.02754285946721236
5,MO0480600,"Independence, MO",theft,0.00180993091596623,0.001360585383825327,0.02757647862804608
6,MO0480600,"Independence, MO",theft,0.023230761582622765,0.024202714913716963,0.02750410518416727
7,MO0480600,"Independence, MO",theft,0.05336929189175766,0.09194873328626815,0.027509718069733832
8,MO0480600,"Independence, MO",theft,0.06714888840375174,0.07932354913500994,0.02750410518416727
9,MO0480600,"Independence, MO",theft,0.044121015690036715,-0.016223837598996562,0.027576478628046082
10,MO0480600,"Independence, MO",theft,0.022895821795177324,-0.045836970878344145,0.02754285946721236
11,MO0480600,"Independence, MO",theft,0.029789499310822014,0.014631407293907503,0.027576478628046075
12,MO0480600,"Independence, MO",theft,0.018948850558136773,0.01987075731857289,0.02750410518416727
1,MO0490700,"Joplin, MO",theft,-0.042789109977786455,-0.045581110190802,0.027987358384716835
2,MO0490700,"Joplin, MO",theft,-0.09874831863054001,-0.06134667614955859,0.028036014199752584
3,MO0490700,"Joplin, MO",theft,-0.08630062783079621,-0.06123150085185581,0.028065997246531235
4,MO0490700,"Joplin, MO",theft,-0.033476003709148536,-0.015187114676285859,0.028048087763701227
5,MO0490700,"Joplin, MO",theft,0.00180993091596623,0.034779006890797555,0.02806599724653124
6,MO0490700,"Joplin, MO",theft,0.023230761582622765,0.045357428001577854,0.028036014199752584
7,MO0490700,"Joplin, MO",theft,0.05336929189175766,0.04408827945435252,0.02798735838471683
8,MO0490700,"Joplin, MO",theft,0.06714888840375174,0.061779096475517874,0.028036014199752587
9,MO0490700,"Joplin, MO",theft,0.044121015690036715,0.06315675191426456,0.02806599724653124
10,MO0490700,"Joplin, MO",theft,0.022895821795177324,0.016679945412735354,0.028048087763701227
11,MO0490700,"Joplin, MO",theft,0.029789499310822014,-0.03521142721675685,0.028065997246531235
12,MO0490700,"Joplin, MO",theft,0.018948850558136773,-0.0472826790639866,0.028036014199752584
1,MO0500000,"Jefferson, MO",theft,-0.042789109977786455,-0.08509771165801068,0.029786307433269085
2,MO0500000,"Jefferson, MO",theft,-0.09874831863054001,-0.12498615229412202,0.02984303029352029
3,MO0500000,"Jefferson, MO",theft,-0.08630062783079621,-0.09204216216205457,0.02982986323703338
4,MO0500000,"Jefferson, MO",theft,-0.033476003709148536,-0.018414930295717634,0.029845397111524084
5,MO0500000,"Jefferson, MO",theft,0.00180993091596623,0.028498425270880198,0.029829863237033384
6,MO0500000,"Jefferson, MO",theft,0.023230761582622765,0.04447941342351844,0.02984303029352029
7,MO0500000,"Jefferson, MO",theft,0.05336929189175766,0.06522035181218724,0.029786307433269082
8,MO0500000,"Jefferson, MO",theft,0.06714888840375174,0.08408743678503186,0.02984303029352029
9,MO0500000,"Jefferson, MO",theft,0.044121015690036715,0.07102080649878782,0.029829863237033384
10,MO0500000,"Jefferson, MO",theft,0.022895821795177324,0.03829229014154108,0.029845397111524084
11,MO0500000,"Jefferson, MO",theft,0.029789499310822014,0.01240029023820993,0.02982986323703338
12,MO0500000,"Jefferson, MO",theft,0.018948850558136773,-0.023458057760251647,0.02984303029352029
1,MO0920100,"O'Fallon, MO",theft,-0.042789109977786455,-0.03375469478319226,0.03202867279398268
2,MO0920100,"O'Fallon, MO",theft,-0.09874831863054001,-0.08494322614281868,0.0320826430688059
3,MO0920100,"O'Fallon, MO",theft,-0.08630062783079621,-0.07652267724496871,0.03211175667081347
4,MO0920100,"O'Fallon, MO",theft,-0.033476003709148536,-0.03403235190633581,0.032140378670093867
5,MO0920100,"O'Fallon, MO",theft,0.00180993091596623,-0.005442504335616751,0.03211175667081348
6,MO0920100,"O'Fallon, MO",theft,0.023230761582622765,0.02611549758528381,0.0320826430688059
7,MO0920100,"O'Fallon, MO",theft,0.05336929189175766,0.0749415261427293,0.03202867279398267
8,MO0920100,"O'Fallon, MO",theft,0.06714888840375174,0.08834800114975888,0.0320826430688059
9,MO0920100,"O'Fallon, MO",theft,0.044121015690036715,0.03874062089237184,0.03211175667081348
10,MO0920100,"O'Fallon, MO",theft,0.022895821795177324,-0.007154479453201236,0.032140378670093867
11,MO0920100,"O'Fallon, MO",theft,0.029789499310822014,0.002037729328676542,0.03211175667081347
12,MO0920100,"O'Fallon, MO",theft,0.018948850558136773,0.011666558767313094,0.0320826430688059
1,MO0920300,"St Charles, MO",theft,-0.042789109977786455,-0.08687477917920441,0.0312717876532001
2,MO0920300,"St Charles, MO",theft,-0.09874831863054001,-0.14652842577850428,0.0313244142688047
3,MO0920300,"St Charles, MO",theft,-0.08630062783079621,-0.056087883251535776,0.03133420859191771
4,MO0920300,"St Charles, MO",theft,-0.033476003709148536,-0.0017039664182844985,0.03136621319569659
5,MO0920300,"St Charles, MO",theft,0.00180993091596623,-0.03517082272157778,0.03133420859191771
6,MO0920300,"St Charles, MO",theft,0.023230761582622765,-0.003287179807639068,0.0313244142688047
7,MO0920300,"St Charles, MO",theft,0.05336929189175766,0.10010112059063475,0.031271787653200094
8,MO0920300,"St Charles, MO",theft,0.06714888840375174,0.09821623468488969,0.03132441426880471
9,MO0920300,"St Charles, MO",theft,0.044121015690036715,-0.005450649253509229,0.03133420859191772
10,MO0920300,"St Charles, MO",theft,0.022895821795177324,-0.011522374993145894,0.03136621319569659
11,MO0920300,"St Charles, MO",theft,0.029789499310822014,0.08348301381519235,0.03133420859191771
12,MO0920300,"St Charles, MO",theft,0.018948850558136773,0.06482571231268419,0.0313244142688047
1,MO0920400,"St Peters, MO",theft,-0.042789109977786455,-0.010698991792559924,0.031302774388021724
2,MO0920400,"St Peters, MO",theft,-0.09874831863054001,-0.11217735140683284,0.03137184349069472
3,MO0920400,"St Peters, MO",theft,-0.08630062783079621,-0.09591124764012515,0.03138518345551624
4,MO0920400,"St Peters, MO",theft,-0.033476003709148536,-0.020854888347846285,0.031377415554854834
5,MO0920400,"St Peters, MO",theft,0.00180993091596623,-0.001517125623065454,0.03138518345551625
6,MO0920400,"St Peters, MO",theft,0.023230761582622765,-0.011357283495388474,0.03137184349069472
7,MO0920400,"St Peters, MO",theft,0.05336929189175766,0.020278876020438253,0.031302774388021724
8,MO0920400,"St Peters, MO",theft,0.06714888840375174,0.04968577466188569,0.03137184349069472
9,MO0920400,"St Peters, MO",theft,0.044121015690036715,0.02383978666729963,0.03138518345551625
10,MO0920400,"St Peters, MO",theft,0.022895821795177324,0.011275004119967945,0.031377415554854834
11,MO0920400,"St Peters, MO",theft,0.029789499310822014,0.06400870236801258,0.03138518345551624
12,MO0920400,"St Peters, MO",theft,0.018948850558136773,0.08342874446821402,0.03137184349069472
1,MO0950000,"St Louis, MO",theft,-0.042789109977786455,-0.046225952748521974,0.026752431939442954
2,MO0950000,"St Louis, MO",theft,-0.09874831863054001,-0.11172263707634904,0.026779053940175896
3,MO0950000,"St Louis, MO",theft,-0.08630062783079621,-0.10267725289386334,0.026807828332199145
4,MO0950000,"St Louis, MO",theft,-0.033476003709148536,-0.047007734088725384,0.026810493244887386
5,MO0950000,"St Louis, MO",theft,0.00180993091596623,-0.007721155909433971,0.02680782833219915
6,MO0950000,"St Louis, MO",theft,0.023230761582622765,0.024805458745133877,0.026779053940175896
7,MO0950000,"St Louis, MO",theft,0.05336929189175766,0.07431964927090885,0.02675243193944295
8,MO0950000,"St Louis, MO",theft,0.06714888840375174,0.09712133769157857,0.026779053940175896
9,MO0950000,"St Louis, MO",theft,0.044121015690036715,0.05998225698670598,0.026807828332199152
10,MO0950000,"St Louis, MO",theft,0.022895821795177324,0.018914037566338495,0.026810493244887386
11,MO0950000,"St Louis, MO",theft,0.029789499310822014,0.022322455294204412,0.026807828332199145
12,MO0950000,"St Louis, MO",theft,0.018948850558136773,0.01788953716202354,0.026779053940175896
1,MOKPD0000,"Kansas City, MO",theft,-0.042789109977786455,-0.08674331862146285,0.02597202045462913
2,MOKPD0000,"Kansas City, MO",theft,-0.09874831863054001,-0.14874401002095594,0.02599797929545512
3,MOKPD0000,"Kansas City, MO",theft,-0.08630062783079621,-0.10296331979093931,0.02601878244475784
4,MOKPD0000,"Kansas City, MO",theft,-0.033476003709148536,-0.03519106825242806,0.026027594829636045
5,MOKPD0000,"Kansas City, MO",theft,0.00180993091596623,-0.014268502766580354,0.026018782444757842
6,MOKPD0000,"Kansas City, MO",theft,0.023230761582622765,0.015378048559369493,0.02599797929545512
7,MOKPD0000,"Kansas City, MO",theft,0.05336929189175766,0.08484010363770278,0.025972020454629128
8,MOKPD0000,"Kansas City, MO",theft,0.06714888840375174,0.11502212952020757,0.02599797929545512
9,MOKPD0000,"Kansas City, MO",theft,0.044121015690036715,0.071144654273951,0.026018782444757842
10,MOKPD0000,"Kansas City, MO",theft,0.022895821795177324,0.03709428323618812,0.026027594829636045
11,MOKPD0000,"Kansas City, MO",theft,0.029789499310822014,0.04799038326732867,0.02601878244475784
12,MOKPD0000,"Kansas City, MO",theft,0.018948850558136773,0.016440616957618896,0.02599797929545512
1,MOSPD0000,"St Louis, MO",theft,-0.042789109977786455,-0.08650013603055767,0.026070808144415824
2,MOSPD0000,"St Louis, MO",theft,-0.09874831863054001,-0.15995705848008357,0.02609345224769076
3,MOSPD0000,"St Louis, MO",theft,-0.08630062783079621,-0.1348711449973047,0.026115722864935336
4,MOSPD0000,"St Louis, MO",theft,-0.033476003709148536,-0.05014179504321107,0.026121439498595172
5,MOSPD0000,"St Louis, MO",theft,0.00180993091596623,0.019317689527437336,0.026115722864935336
6,MOSPD0000,"St Louis, MO",theft,0.023230761582622765,0.06568749545029695,0.02609345224769076
7,MOSPD0000,"St Louis, MO",theft,0.05336929189175766,0.10177585921790808,0.02607080814441582
8,MOSPD0000,"St Louis, MO",theft,0.06714888840375174,0.10152983062178596,0.02609345224769076
9,MOSPD0000,"St Louis, MO",theft,0.044121015690036715,0.06116819395165667,0.02611572286493534
10,MOSPD0000,"St Louis, MO",theft,0.022895821795177324,0.03486607185586065,0.026121439498595172
11,MOSPD0000,"St Louis, MO",theft,0.029789499310822014,0.03910953833086023,0.026115722864935336
12,MOSPD0000,"St Louis, MO",theft,0.018948850558136773,0.008015455595351164,0.02609345224769076
1,MS0170100,"Southaven, MS",theft,-0.042789109977786455,-0.08906457417687369,0.02971102586047184
2,MS0170100,"Southaven, MS",theft,-0.09874831863054001,-0.11662110159472536,0.02970667637773361
3,MS0170100,"Southaven, MS",theft,-0.08630062783079621,-0.07196968279181004,0.029746783396988215
4,MS0170100,"Southaven, MS",theft,-0.033476003709148536,-0.022809825860107023,0.0297241952669888
5,MS0170100,"Southaven, MS",theft,0.00180993091596623,0.007459163880744345,0.02974678339698822
6,MS0170100,"Southaven, MS",theft,0.023230761582622765,0.043213138769495056,0.02970667637773361
7,MS0170100,"Southaven, MS",theft,0.05336929189175766,0.069142136844791,0.029711025860471838
8,MS0170100,"Southaven, MS",theft,0.06714888840375174,0.05310421848513624,0.02970667637773361
9,MS0170100,"Southaven, MS",theft,0.044121015690036715,0.02837523701430358,0.029746783396988222
10,MS0170100,"Southaven, MS",theft,0.022895821795177324,0.042732263192189694,0.0297241952669888
11,MS0170100,"Southaven, MS",theft,0.029789499310822014,0.056057719228844734,0.029746783396988215
12,MS0170100,"Southaven, MS",theft,0.018948850558136773,3.8130700801147386e-4,0.02970667637773361
1,MT0070100,"Great Falls, MT",theft,-0.042789109977786455,-0.137421956452444,0.02797709110521078
2,MT0070100,"Great Falls, MT",theft,-0.09874831863054001,-0.15847862772397878,0.02798540594916384
3,MT0070100,"Great Falls, MT",theft,-0.08630062783079621,-0.11027369567948601,0.02798791708736694
4,MT0070100,"Great Falls, MT",theft,-0.033476003709148536,-0.061415750003207946,0.02800703627114559
5,MT0070100,"Great Falls, MT",theft,0.00180993091596623,-0.021808680194510783,0.027987917087366948
6,MT0070100,"Great Falls, MT",theft,0.023230761582622765,0.040080919147114334,0.02798540594916384
7,MT0070100,"Great Falls, MT",theft,0.05336929189175766,0.10339201575345404,0.027977091105210777
8,MT0070100,"Great Falls, MT",theft,0.06714888840375174,0.12147018743170693,0.02798540594916384
9,MT0070100,"Great Falls, MT",theft,0.044121015690036715,0.1072951960862041,0.027987917087366948
10,MT0070100,"Great Falls, MT",theft,0.022895821795177324,0.09544569070219788,0.02800703627114559
11,MT0070100,"Great Falls, MT",theft,0.029789499310822014,0.058817120486782566,0.02798791708736694
12,MT0070100,"Great Falls, MT",theft,0.018948850558136773,-0.03710241955383233,0.02798540594916384
1,MT0160100,"Bozeman, MT",theft,-0.042789109977786455,-0.06994070967558774,0.0311375833622707
2,MT0160100,"Bozeman, MT",theft,-0.09874831863054001,-0.11767566956832652,0.031191666191270898
3,MT0160100,"Bozeman, MT",theft,-0.08630062783079621,-0.10232793939469906,0.031201811671748476
4,MT0160100,"Bozeman, MT",theft,-0.033476003709148536,-0.04000354566104195,0.031185506869203055
5,MT0160100,"Bozeman, MT",theft,0.00180993091596623,-0.01733879479279737,0.03120181167174848
6,MT0160100,"Bozeman, MT",theft,0.023230761582622765,-0.011769907312411653,0.031191666191270898
7,MT0160100,"Bozeman, MT",theft,0.05336929189175766,0.06397444451568401,0.031137583362270696
8,MT0160100,"Bozeman, MT",theft,0.06714888840375174,0.16314564623281913,0.031191666191270898
9,MT0160100,"Bozeman, MT",theft,0.044121015690036715,0.15376418121909544,0.031201811671748483
10,MT0160100,"Bozeman, MT",theft,0.022895821795177324,0.04596981082094569,0.031185506869203055
11,MT0160100,"Bozeman, MT",theft,0.029789499310822014,-0.028131181871695318,0.031201811671748476
12,MT0160100,"Bozeman, MT",theft,0.018948850558136773,-0.039666334511984674,0.031191666191270898
1,MT0320100,"Missoula, MT",theft,-0.042789109977786455,-0.1443931951114541,0.027886042465986464
2,MT0320100,"Missoula, MT",theft,-0.09874831863054001,-0.17690743530597947,0.027898856165254525
3,MT0320100,"Missoula, MT",theft,-0.08630062783079621,-0.11598377902214274,0.02790613780239903
4,MT0320100,"Missoula, MT",theft,-0.033476003709148536,-0.03662362863632531,0.027903559566315156
5,MT0320100,"Missoula, MT",theft,0.00180993091596623,0.014961811293965331,0.027906137802399034
6,MT0320100,"Missoula, MT",theft,0.023230761582622765,0.0690655406086502,0.027898856165254525
7,MT0320100,"Missoula, MT",theft,0.05336929189175766,0.12768951520022606,0.02788604246598646
8,MT0320100,"Missoula, MT",theft,0.06714888840375174,0.1371241827935244,0.027898856165254525
9,MT0320100,"Missoula, MT",theft,0.044121015690036715,0.09290420642091567,0.027906137802399034
10,MT0320100,"Missoula, MT",theft,0.022895821795177324,0.05332730854755332,0.027903559566315156
11,MT0320100,"Missoula, MT",theft,0.029789499310822014,0.024821441218489695,0.02790613780239903
12,MT0320100,"Missoula, MT",theft,0.018948850558136773,-0.045985968007423,0.027898856165254525
1,MT0560100,"Billings, MT",theft,-0.042789109977786455,-0.07259203856736811,0.027237011224736124
2,MT0560100,"Billings, MT",theft,-0.09874831863054001,-0.13074760619398024,0.02727142443868201
3,MT0560100,"Billings, MT",theft,-0.08630062783079621,-0.10910990237435056,0.027282338908840627
4,MT0560100,"Billings, MT",theft,-0.033476003709148536,-0.04892127599799738,0.027297762095349294
5,MT0560100,"Billings, MT",theft,0.00180993091596623,-0.01427314807672772,0.02728233890884063
6,MT0560100,"Billings, MT",theft,0.023230761582622765,0.00854006860906051,0.02727142443868201
7,MT0560100,"Billings, MT",theft,0.05336929189175766,0.05525887714956311,0.02723701122473612
8,MT0560100,"Billings, MT",theft,0.06714888840375174,0.0967198628164647,0.02727142443868201
9,MT0560100,"Billings, MT",theft,0.044121015690036715,0.09241532041463998,0.02728233890884063
10,MT0560100,"Billings, MT",theft,0.022895821795177324,0.06625443741580238,0.027297762095349294
11,MT0560100,"Billings, MT",theft,0.029789499310822014,0.048300891454243225,0.027282338908840627
12,MT0560100,"Billings, MT",theft,0.018948850558136773,0.008154513350650113,0.027271424438682006
1,NB0280000,"Douglas, NE",theft,-0.042789109977786455,-0.12108311734964798,0.03454613363476661
2,NB0280000,"Douglas, NE",theft,-0.09874831863054001,-0.2127323902900241,0.03457696741157003
3,NB0280000,"Douglas, NE",theft,-0.08630062783079621,-0.17332216005237944,0.0345823607716986
4,NB0280000,"Douglas, NE",theft,-0.033476003709148536,-0.08261467876377501,0.034607367844143935
5,NB0280000,"Douglas, NE",theft,0.00180993091596623,-0.014796643539076566,0.03458236077169861
6,NB0280000,"Douglas, NE",theft,0.023230761582622765,0.057554079985365596,0.03457696741157003
7,NB0280000,"Douglas, NE",theft,0.05336929189175766,0.1359008261512421,0.03454613363476661
8,NB0280000,"Douglas, NE",theft,0.06714888840375174,0.14823306761216362,0.03457696741157003
9,NB0280000,"Douglas, NE",theft,0.044121015690036715,0.09400512857292481,0.034582360771698614
10,NB0280000,"Douglas, NE",theft,0.022895821795177324,0.06779696996218086,0.034607367844143935
11,NB0280000,"Douglas, NE",theft,0.029789499310822014,0.07929596621693696,0.03458236077169861
12,NB0280000,"Douglas, NE",theft,0.018948850558136773,0.021762951494089158,0.03457696741157003
1,NB0280200,"Omaha, NE",theft,-0.042789109977786455,-0.07443631901378898,0.02603619819084467
2,NB0280200,"Omaha, NE",theft,-0.09874831863054001,-0.12601385203880405,0.02605581814433168
3,NB0280200,"Omaha, NE",theft,-0.08630062783079621,-0.09381933097055808,0.026079399444183384
4,NB0280200,"Omaha, NE",theft,-0.033476003709148536,-0.0229356507804727,0.02608362528496209
5,NB0280200,"Omaha, NE",theft,0.00180993091596623,0.00807562763468329,0.026079399444183388
6,NB0280200,"Omaha, NE",theft,0.023230761582622765,0.015435044526519462,0.02605581814433168
7,NB0280200,"Omaha, NE",theft,0.05336929189175766,0.05275023279050438,0.026036198190844666
8,NB0280200,"Omaha, NE",theft,0.06714888840375174,0.09343028907306268,0.02605581814433168
9,NB0280200,"Omaha, NE",theft,0.044121015690036715,0.0829218542281013,0.02607939944418339
10,NB0280200,"Omaha, NE",theft,0.022895821795177324,0.04462173700375731,0.02608362528496209
11,NB0280200,"Omaha, NE",theft,0.029789499310822014,0.024507935331058037,0.026079399444183384
12,NB0280200,"Omaha, NE",theft,0.018948850558136773,-0.004537567784062634,0.02605581814433168
1,NB0400100,"Grand Island, NE",theft,-0.042789109977786455,-0.15307415264357008,0.03058413749406108
2,NB0400100,"Grand Island, NE",theft,-0.09874831863054001,-0.15405540008649465,0.030582542647363445
3,NB0400100,"Grand Island, NE",theft,-0.08630062783079621,-0.07931875915362925,0.03057575878409613
4,NB0400100,"Grand Island, NE",theft,-0.033476003709148536,-0.007455018992582274,0.03055808860821332
5,NB0400100,"Grand Island, NE",theft,0.00180993091596623,0.03011913458195127,0.030575758784096133
6,NB0400100,"Grand Island, NE",theft,0.023230761582622765,0.06287876420017079,0.030582542647363445
7,NB0400100,"Grand Island, NE",theft,0.05336929189175766,0.09605509280716817,0.030584137494061078
8,NB0400100,"Grand Island, NE",theft,0.06714888840375174,0.10208594760811851,0.030582542647363445
9,NB0400100,"Grand Island, NE",theft,0.044121015690036715,0.08436836651165497,0.030575758784096133
10,NB0400100,"Grand Island, NE",theft,0.022895821795177324,0.06447407882898418,0.03055808860821332
11,NB0400100,"Grand Island, NE",theft,0.029789499310822014,0.021850317896424824,0.03057575878409613
12,NB0400100,"Grand Island, NE",theft,0.018948850558136773,-0.06792837155819642,0.030582542647363445
1,NB0550100,"Lincoln, NE",theft,-0.042789109977786455,-0.10109955573773091,0.02649705734098344
2,NB0550100,"Lincoln, NE",theft,-0.09874831863054001,-0.1574947261739716,0.026516475359183465
3,NB0550100,"Lincoln, NE",theft,-0.08630062783079621,-0.10858119657745123,0.026530817172214203
4,NB0550100,"Lincoln, NE",theft,-0.033476003709148536,3.707266663699422e-4,0.026532061279880517
5,NB0550100,"Lincoln, NE",theft,0.00180993091596623,0.053028143483121196,0.026530817172214206
6,NB0550100,"Lincoln, NE",theft,0.023230761582622765,0.0408326055910274,0.026516475359183465
7,NB0550100,"Lincoln, NE",theft,0.05336929189175766,0.047278272920828056,0.026497057340983437
8,NB0550100,"Lincoln, NE",theft,0.06714888840375174,0.08478692686229447,0.026516475359183465
9,NB0550100,"Lincoln, NE",theft,0.044121015690036715,0.08969468008267693,0.026530817172214206
10,NB0550100,"Lincoln, NE",theft,0.022895821795177324,0.053450556150532916,0.026532061279880517
11,NB0550100,"Lincoln, NE",theft,0.029789499310822014,0.019679655828555877,0.026530817172214203
12,NB0550100,"Lincoln, NE",theft,0.018948850558136773,-0.021946089096253077,0.026516475359183462
1,NB0770000,"Sarpy, NE",theft,-0.042789109977786455,-0.14790115495899842,0.03304896639201133
2,NB0770000,"Sarpy, NE",theft,-0.09874831863054001,-0.21008251537417838,0.033044040152091225
3,NB0770000,"Sarpy, NE",theft,-0.08630062783079621,-0.17589025147227016,0.0330322104388995
4,NB0770000,"Sarpy, NE",theft,-0.033476003709148536,-0.06868739633071497,0.033008729919255304
5,NB0770000,"Sarpy, NE",theft,0.00180993091596623,0.04114978256345646,0.033032210438899506
6,NB0770000,"Sarpy, NE",theft,0.023230761582622765,0.09970552863747487,0.033044040152091225
7,NB0770000,"Sarpy, NE",theft,0.05336929189175766,0.10862945068986246,0.03304896639201133
8,NB0770000,"Sarpy, NE",theft,0.06714888840375174,0.10438980561494063,0.03304404015209123
9,NB0770000,"Sarpy, NE",theft,0.044121015690036715,0.10946924598216834,0.033032210438899506
10,NB0770000,"Sarpy, NE",theft,0.022895821795177324,0.10795910059985092,0.033008729919255304
11,NB0770000,"Sarpy, NE",theft,0.029789499310822014,0.06454292719578122,0.0330322104388995
12,NB0770000,"Sarpy, NE",theft,0.018948850558136773,-0.033284523147372985,0.033044040152091225
1,NB0770100,"Bellevue, NE",theft,-0.042789109977786455,-0.11110726284411478,0.0320064463794998
2,NB0770100,"Bellevue, NE",theft,-0.09874831863054001,-0.1386192929989953,0.03199271188802128
3,NB0770100,"Bellevue, NE",theft,-0.08630062783079621,-0.07833660743467774,0.03202227025534288
4,NB0770100,"Bellevue, NE",theft,-0.033476003709148536,-0.017042759432238912,0.03200306350535941
5,NB0770100,"Bellevue, NE",theft,0.00180993091596623,0.0025856972996207597,0.03202227025534288
6,NB0770100,"Bellevue, NE",theft,0.023230761582622765,0.03326277785764091,0.03199271188802128
7,NB0770100,"Bellevue, NE",theft,0.05336929189175766,0.08860169670810764,0.032006446379499794
8,NB0770100,"Bellevue, NE",theft,0.06714888840375174,0.1040385999406458,0.03199271188802128
9,NB0770100,"Bellevue, NE",theft,0.044121015690036715,0.06626148051233535,0.032022270255342884
10,NB0770100,"Bellevue, NE",theft,0.022895821795177324,0.039548325568246036,0.03200306350535941
11,NB0770100,"Bellevue, NE",theft,0.029789499310822014,0.031994995758728696,0.03202227025534288
12,NB0770100,"Bellevue, NE",theft,0.018948850558136773,-0.021187650935298428,0.03199271188802128
1,NC0010100,"Burlington, NC",theft,-0.042789109977786455,-0.010734980340694488,0.028850844427089427
2,NC0010100,"Burlington, NC",theft,-0.09874831863054001,-0.0775283346723575,0.028859476321643176
3,NC0010100,"Burlington, NC",theft,-0.08630062783079621,-0.113324769893627,0.028897728719163084
4,NC0010100,"Burlington, NC",theft,-0.033476003709148536,-0.046952614869406724,0.0288970215676612
5,NC0010100,"Burlington, NC",theft,0.00180993091596623,0.03941787271454354,0.028897728719163088
6,NC0010100,"Burlington, NC",theft,0.023230761582622765,0.04909184365118502,0.028859476321643176
7,NC0010100,"Burlington, NC",theft,0.05336929189175766,0.026222375820200476,0.028850844427089423
8,NC0010100,"Burlington, NC",theft,0.06714888840375174,0.044820491283313446,0.028859476321643176
9,NC0010100,"Burlington, NC",theft,0.044121015690036715,0.06512953102507696,0.028897728719163088
10,NC0010100,"Burlington, NC",theft,0.022895821795177324,0.03146521938990075,0.0288970215676612
11,NC0010100,"Burlington, NC",theft,0.029789499310822014,-0.0067100293254995155,0.028897728719163084
12,NC0010100,"Burlington, NC",theft,0.018948850558136773,-8.96604782635001e-4,0.028859476321643176
1,NC0110000,"Buncombe, NC",theft,-0.042789109977786455,-0.0024136332369152596,0.030927529608969172
2,NC0110000,"Buncombe, NC",theft,-0.09874831863054001,-0.074297788581175,0.03093345526071823
3,NC0110000,"Buncombe, NC",theft,-0.08630062783079621,-0.08436598833420181,0.030970464114133383
4,NC0110000,"Buncombe, NC",theft,-0.033476003709148536,-0.04529914031651422,0.030972952873849165
5,NC0110000,"Buncombe, NC",theft,0.00180993091596623,-0.028469480588171302,0.030970464114133386
6,NC0110000,"Buncombe, NC",theft,0.023230761582622765,-0.02546736756556076,0.03093345526071823
7,NC0110000,"Buncombe, NC",theft,0.05336929189175766,0.01627422388770199,0.030927529608969162
8,NC0110000,"Buncombe, NC",theft,0.06714888840375174,0.06757820444456807,0.03093345526071823
9,NC0110000,"Buncombe, NC",theft,0.044121015690036715,0.06378581354680811,0.03097046411413339
10,NC0110000,"Buncombe, NC",theft,0.022895821795177324,0.03143854966572749,0.030972952873849165
11,NC0110000,"Buncombe, NC",theft,0.029789499310822014,0.03518906472477822,0.030970464114133383
12,NC0110000,"Buncombe, NC",theft,0.018948850558136773,0.04604754235295447,0.03093345526071823
1,NC0110100,"Asheville, NC",theft,-0.042789109977786455,-0.05936473747032658,0.02713092201144539
2,NC0110100,"Asheville, NC",theft,-0.09874831863054001,-0.10188875816285968,0.027143949149765267
3,NC0110100,"Asheville, NC",theft,-0.08630062783079621,-0.06991158814104997,0.027183528221136163
4,NC0110100,"Asheville, NC",theft,-0.033476003709148536,-0.010787785885039081,0.027186202090169243
5,NC0110100,"Asheville, NC",theft,0.00180993091596623,0.020663261685315716,0.027183528221136163
6,NC0110100,"Asheville, NC",theft,0.023230761582622765,0.05294285002219128,0.027143949149765267
7,NC0110100,"Asheville, NC",theft,0.05336929189175766,0.09974205430549189,0.027130922011445385
8,NC0110100,"Asheville, NC",theft,0.06714888840375174,0.09681336359299827,0.027143949149765267
9,NC0110100,"Asheville, NC",theft,0.044121015690036715,0.02445887673602324,0.027183528221136167
10,NC0110100,"Asheville, NC",theft,0.022895821795177324,-0.02958953095012624,0.027186202090169243
11,NC0110100,"Asheville, NC",theft,0.029789499310822014,-0.015587867115454339,0.027183528221136163
12,NC0110100,"Asheville, NC",theft,0.018948850558136773,-0.007490138617164501,0.027143949149765267
1,NC0130100,"Concord, NC",theft,-0.042789109977786455,-0.005281234678497713,0.030059587219588953
2,NC0130100,"Concord, NC",theft,-0.09874831863054001,-0.08945071918507318,0.030134522549351395
3,NC0130100,"Concord, NC",theft,-0.08630062783079621,-0.0842585721685235,0.030130031865698126
4,NC0130100,"Concord, NC",theft,-0.033476003709148536,-0.02812115435657234,0.030179078166092506
5,NC0130100,"Concord, NC",theft,0.00180993091596623,-0.012390603635201478,0.03013003186569813
6,NC0130100,"Concord, NC",theft,0.023230761582622765,-0.007669749965796926,0.030134522549351395
7,NC0130100,"Concord, NC",theft,0.05336929189175766,0.043635143976992787,0.03005958721958895
8,NC0130100,"Concord, NC",theft,0.06714888840375174,0.08012630975483738,0.030134522549351395
9,NC0130100,"Concord, NC",theft,0.044121015690036715,0.03658025343979261,0.03013003186569813
10,NC0130100,"Concord, NC",theft,0.022895821795177324,-0.010232754941922745,0.030179078166092506
11,NC0130100,"Concord, NC",theft,0.029789499310822014,0.021715013065437258,0.030130031865698126
12,NC0130100,"Concord, NC",theft,0.018948850558136773,0.05534806869452785,0.030134522549351395
1,NC0130200,"Kannapolis, NC",theft,-0.042789109977786455,-0.03262788490220657,0.03105466497251928
2,NC0130200,"Kannapolis, NC",theft,-0.09874831863054001,-0.09564659180893306,0.031073965133194936
3,NC0130200,"Kannapolis, NC",theft,-0.08630062783079621,-0.09317148395038184,0.031115673305048927
4,NC0130200,"Kannapolis, NC",theft,-0.033476003709148536,-0.04242398084137007,0.031117355329761398
5,NC0130200,"Kannapolis, NC",theft,0.00180993091596623,-0.0015359289486533173,0.03111567330504893
6,NC0130200,"Kannapolis, NC",theft,0.023230761582622765,0.02819682112567616,0.031073965133194936
7,NC0130200,"Kannapolis, NC",theft,0.05336929189175766,0.06470303189241378,0.031054664972519273
8,NC0130200,"Kannapolis, NC",theft,0.06714888840375174,0.07680050514671315,0.031073965133194936
9,NC0130200,"Kannapolis, NC",theft,0.044121015690036715,0.0422502502979547,0.03111567330504893
10,NC0130200,"Kannapolis, NC",theft,0.022895821795177324,0.010348833851162864,0.031117355329761398
11,NC0130200,"Kannapolis, NC",theft,0.029789499310822014,0.02038201561087321,0.031115673305048927
12,NC0130200,"Kannapolis, NC",theft,0.018948850558136773,0.022724412526751017,0.031073965133194936
1,NC0320100,"Durham, NC",theft,-0.042789109977786455,-0.06567185583314387,0.026289898469720487
2,NC0320100,"Durham, NC",theft,-0.09874831863054001,-0.12495895161386526,0.0263144299567425
3,NC0320100,"Durham, NC",theft,-0.08630062783079621,-0.11324408513752637,0.026339104926396694
4,NC0320100,"Durham, NC",theft,-0.033476003709148536,-0.05724262678455566,0.02634414206717199
5,NC0320100,"Durham, NC",theft,0.00180993091596623,-0.007439282817276748,0.026339104926396694
6,NC0320100,"Durham, NC",theft,0.023230761582622765,0.04012164086015966,0.0263144299567425
7,NC0320100,"Durham, NC",theft,0.05336929189175766,0.09219231179895027,0.026289898469720484
8,NC0320100,"Durham, NC",theft,0.06714888840375174,0.10781281527601677,0.0263144299567425
9,NC0320100,"Durham, NC",theft,0.044121015690036715,0.06957749283387148,0.026339104926396698
10,NC0320100,"Durham, NC",theft,0.022895821795177324,0.03072217081874926,0.02634414206717199
11,NC0320100,"Durham, NC",theft,0.029789499310822014,0.02458541915512521,0.026339104926396694
12,NC0320100,"Durham, NC",theft,0.018948850558136773,0.003544951443495306,0.0263144299567425
1,NC0330100,"Rocky Mount, NC",theft,-0.042789109977786455,-0.072253999531315255,0.029708381345603205
2,NC0330100,"Rocky Mount, NC",theft,-0.09874831863054001,-0.09713053032017661,0.02975190511518831
3,NC0330100,"Rocky Mount, NC",theft,-0.08630062783079621,-0.07585549330536816,0.029754259250895525
4,NC0330100,"Rocky Mount, NC",theft,-0.033476003709148536,-0.0334091632610733,0.029778439965550383
5,NC0330100,"Rocky Mount, NC",theft,0.00180993091596623,-0.002241139366019223,0.029754259250895528
6,NC0330100,"Rocky Mount, NC",theft,0.023230761582622765,0.03088242888371982,0.02975190511518831
7,NC0330100,"Rocky Mount, NC",theft,0.05336929189175766,0.07826699126775537,0.0297083813456032
8,NC0330100,"Rocky Mount, NC",theft,0.06714888840375174,0.1034296874970207,0.02975190511518831
9,NC0330100,"Rocky Mount, NC",theft,0.044121015690036715,0.07614165874577211,0.02975425925089553
10,NC0330100,"Rocky Mount, NC",theft,0.022895821795177324,0.02739617152463319,0.029778439965550383
11,NC0330100,"Rocky Mount, NC",theft,0.029789499310822014,-0.00405801781082489,0.029754259250895525
12,NC0330100,"Rocky Mount, NC",theft,0.018948850558136773,-0.03116859432412373,0.02975190511518831
1,NC0340000,"Forsyth, NC",theft,-0.042789109977786455,-0.08677027897231528,0.029958003850208536
2,NC0340000,"Forsyth, NC",theft,-0.09874831863054001,-0.1303082623039719,0.02997045631511449
3,NC0340000,"Forsyth, NC",theft,-0.08630062783079621,-0.08288565577386918,0.029994735848799896
4,NC0340000,"Forsyth, NC",theft,-0.033476003709148536,-0.011619938333346366,0.02997292584809724
5,NC0340000,"Forsyth, NC",theft,0.00180993091596623,0.025923350822443146,0.0299947358487999
6,NC0340000,"Forsyth, NC",theft,0.023230761582622765,0.04492604804852561,0.02997045631511449
7,NC0340000,"Forsyth, NC",theft,0.05336929189175766,0.05955772889504529,0.029958003850208532
8,NC0340000,"Forsyth, NC",theft,0.06714888840375174,0.05061680055977624,0.02997045631511449
9,NC0340000,"Forsyth, NC",theft,0.044121015690036715,0.03040674410694344,0.029994735848799903
10,NC0340000,"Forsyth, NC",theft,0.022895821795177324,0.03883248841061634,0.02997292584809724
11,NC0340000,"Forsyth, NC",theft,0.029789499310822014,0.0537681109217525,0.0299947358487999
12,NC0340000,"Forsyth, NC",theft,0.018948850558136773,0.007552863618400179,0.02997045631511449
1,NC0360600,"Gastonia, NC",theft,-0.042789109977786455,-0.014351974139600676,0.027808887976822655
2,NC0360600,"Gastonia, NC",theft,-0.09874831863054001,-0.0718485718699316,0.02783708889236136
3,NC0360600,"Gastonia, NC",theft,-0.08630062783079621,-0.08403715793708028,0.027862834812352598
4,NC0360600,"Gastonia, NC",theft,-0.033476003709148536,-0.04030990665602957,0.027877702418962383
5,NC0360600,"Gastonia, NC",theft,0.00180993091596623,0.011092377640533994,0.027862834812352598
6,NC0360600,"Gastonia, NC",theft,0.023230761582622765,0.03951239738722965,0.02783708889236136
7,NC0360600,"Gastonia, NC",theft,0.05336929189175766,0.05092888297538929,0.02780888797682265
8,NC0360600,"Gastonia, NC",theft,0.06714888840375174,0.0457788154844596,0.02783708889236136
9,NC0360600,"Gastonia, NC",theft,0.044121015690036715,0.021390492715819626,0.0278628348123526
10,NC0360600,"Gastonia, NC",theft,0.022895821795177324,0.003732997820240955,0.027877702418962383
11,NC0360600,"Gastonia, NC",theft,0.029789499310822014,0.014977378744938005,0.027862834812352598
12,NC0360600,"Gastonia, NC",theft,0.018948850558136773,0.02313426783403101,0.02783708889236136
1,NC0410000,"Guilford, NC",theft,-0.042789109977786455,-0.032092633597943496,0.03225144024907231
2,NC0410000,"Guilford, NC",theft,-0.09874831863054001,-0.1280243507329802,0.03229330270552267
3,NC0410000,"Guilford, NC",theft,-0.08630062783079621,-0.12365709943230961,0.0323272582945702
4,NC0410000,"Guilford, NC",theft,-0.033476003709148536,-0.031714713041667876,0.032334771421856034
5,NC0410000,"Guilford, NC",theft,0.00180993091596623,0.03528455121561653,0.032327258294570206
6,NC0410000,"Guilford, NC",theft,0.023230761582622765,0.05026064186579787,0.03229330270552267
7,NC0410000,"Guilford, NC",theft,0.05336929189175766,0.06452920338892082,0.032251440249072304
8,NC0410000,"Guilford, NC",theft,0.06714888840375174,0.07152203041511337,0.03229330270552267
9,NC0410000,"Guilford, NC",theft,0.044121015690036715,0.03471820932346541,0.032327258294570206
10,NC0410000,"Guilford, NC",theft,0.022895821795177324,-7.21856749309455e-4,0.032334771421856034
11,NC0410000,"Guilford, NC",theft,0.029789499310822014,0.021217769102250292,0.0323272582945702
12,NC0410000,"Guilford, NC",theft,0.018948850558136773,0.03867824824304636,0.03229330270552267
1,NC0410300,"High Point, NC",theft,-0.042789109977786455,-0.024544902068469335,0.027912283647440157
2,NC0410300,"High Point, NC",theft,-0.09874831863054001,-0.109892576492683,0.02793886669968475
3,NC0410300,"High Point, NC",theft,-0.08630062783079621,-0.10134227532249596,0.02797865820158206
4,NC0410300,"High Point, NC",theft,-0.033476003709148536,-0.02732346351515676,0.02798232948965151
5,NC0410300,"High Point, NC",theft,0.00180993091596623,0.019151206605390627,0.027978658201582064
6,NC0410300,"High Point, NC",theft,0.023230761582622765,0.03924305290529604,0.02793886669968475
7,NC0410300,"High Point, NC",theft,0.05336929189175766,0.07116094607059387,0.027912283647440153
8,NC0410300,"High Point, NC",theft,0.06714888840375174,0.07567568788137577,0.027938866699684754
9,NC0410300,"High Point, NC",theft,0.044121015690036715,0.02050934270906416,0.027978658201582067
10,NC0410300,"High Point, NC",theft,0.022895821795177324,-0.019292580486967796,0.02798232948965151
11,NC0410300,"High Point, NC",theft,0.029789499310822014,0.015065682005916584,0.02797865820158206
12,NC0410300,"High Point, NC",theft,0.018948850558136773,0.04158987970813578,0.02793886669968475
1,NC0490000,"Iredell, NC",theft,-0.042789109977786455,-0.11538403266997642,0.03385459482407962
2,NC0490000,"Iredell, NC",theft,-0.09874831863054001,-0.16295208990860416,0.03388334954725559
3,NC0490000,"Iredell, NC",theft,-0.08630062783079621,-0.08786055387629291,0.033851479254606576
4,NC0490000,"Iredell, NC",theft,-0.033476003709148536,0.03671217450929447,0.03384326543972163
5,NC0490000,"Iredell, NC",theft,0.00180993091596623,0.08234774488771182,0.03385147925460658
6,NC0490000,"Iredell, NC",theft,0.023230761582622765,0.05452404443118243,0.03388334954725559
7,NC0490000,"Iredell, NC",theft,0.05336929189175766,0.045839047718114326,0.03385459482407962
8,NC0490000,"Iredell, NC",theft,0.06714888840375174,0.06636922240097529,0.03388334954725559
9,NC0490000,"Iredell, NC",theft,0.044121015690036715,0.06082267132052607,0.03385147925460658
10,NC0490000,"Iredell, NC",theft,0.022895821795177324,0.032832810442567605,0.03384326543972163
11,NC0490000,"Iredell, NC",theft,0.029789499310822014,0.014235122619917015,0.033851479254606576
12,NC0490000,"Iredell, NC",theft,0.018948850558136773,-0.02748616187541556,0.03388334954725558
1,NC0490100,"Mooresville, NC",theft,-0.042789109977786455,-0.011859915926022906,0.030609416992266034
2,NC0490100,"Mooresville, NC",theft,-0.09874831863054001,-0.06518518863356972,0.030627060485848234
3,NC0490100,"Mooresville, NC",theft,-0.08630062783079621,-0.08002156440434102,0.030660461626899442
4,NC0490100,"Mooresville, NC",theft,-0.033476003709148536,-0.05347824111715148,0.030653341226993983
5,NC0490100,"Mooresville, NC",theft,0.00180993091596623,-0.011319638622871333,0.030660461626899446
6,NC0490100,"Mooresville, NC",theft,0.023230761582622765,0.020048939477521857,0.030627060485848234
7,NC0490100,"Mooresville, NC",theft,0.05336929189175766,0.02856605985489144,0.03060941699226603
8,NC0490100,"Mooresville, NC",theft,0.06714888840375174,0.020943634013648106,0.030627060485848234
9,NC0490100,"Mooresville, NC",theft,0.044121015690036715,0.019073865855550848,0.03066046162689945
10,NC0490100,"Mooresville, NC",theft,0.022895821795177324,0.036772097188282934,0.030653341226993983
11,NC0490100,"Mooresville, NC",theft,0.029789499310822014,0.05556119324279293,0.030660461626899442
12,NC0490100,"Mooresville, NC",theft,0.018948850558136773,0.040898759071268345,0.030627060485848234
1,NC0510000,"Johnston, NC",theft,-0.042789109977786455,-0.07445901104090527,0.030299664459598124
2,NC0510000,"Johnston, NC",theft,-0.09874831863054001,-0.1285608880682713,0.03032705860200849
3,NC0510000,"Johnston, NC",theft,-0.08630062783079621,-0.09679219418820548,0.03034898641625329
4,NC0510000,"Johnston, NC",theft,-0.033476003709148536,-0.023837496979914666,0.030345140018707525
5,NC0510000,"Johnston, NC",theft,0.00180993091596623,0.027743305571300614,0.030348986416253294
6,NC0510000,"Johnston, NC",theft,0.023230761582622765,0.058133690016176236,0.03032705860200849
7,NC0510000,"Johnston, NC",theft,0.05336929189175766,0.07854067112043045,0.030299664459598117
8,NC0510000,"Johnston, NC",theft,0.06714888840375174,0.06799771255921909,0.03032705860200849
9,NC0510000,"Johnston, NC",theft,0.044121015690036715,0.03214735859962804,0.030348986416253297
10,NC0510000,"Johnston, NC",theft,0.022895821795177324,0.01975583690038947,0.030345140018707525
11,NC0510000,"Johnston, NC",theft,0.029789499310822014,0.03281986993775157,0.03034898641625329
12,NC0510000,"Johnston, NC",theft,0.018948850558136773,0.006511145572401247,0.030327058602008485
1,NC0600100,"Charlotte, NC",theft,-0.042789109977786455,-0.043697675588756785,0.025740014593250392
2,NC0600100,"Charlotte, NC",theft,-0.09874831863054001,-0.10474672363123197,0.025761311995979006
3,NC0600100,"Charlotte, NC",theft,-0.08630062783079621,-0.11133490069857369,0.025786753878257896
4,NC0600100,"Charlotte, NC",theft,-0.033476003709148536,-0.05987745795365232,0.025792677314931175
5,NC0600100,"Charlotte, NC",theft,0.00180993091596623,5.875255547748538e-4,0.025786753878257903
6,NC0600100,"Charlotte, NC",theft,0.023230761582622765,0.04105146635264255,0.025761311995979006
7,NC0600100,"Charlotte, NC",theft,0.05336929189175766,0.06656468777293092,0.02574001459325039
8,NC0600100,"Charlotte, NC",theft,0.06714888840375174,0.0747280753443225,0.02576131199597901
9,NC0600100,"Charlotte, NC",theft,0.044121015690036715,0.05844924022749007,0.025786753878257903
10,NC0600100,"Charlotte, NC",theft,0.022895821795177324,0.037010445769478185,0.025792677314931175
11,NC0600100,"Charlotte, NC",theft,0.029789499310822014,0.029431122732134576,0.025786753878257896
12,NC0600100,"Charlotte, NC",theft,0.018948850558136773,0.011834194118441102,0.025761311995979006
1,NC0600600,"Huntersville, NC",theft,-0.042789109977786455,-0.07474643729617181,0.0318581918955921
2,NC0600600,"Huntersville, NC",theft,-0.09874831863054001,-0.09861572986947141,0.031907229385345216
3,NC0600600,"Huntersville, NC",theft,-0.08630062783079621,-0.06904834265039603,0.03190911962785416
4,NC0600600,"Huntersville, NC",theft,-0.033476003709148536,-0.022031380064356745,0.03191445239841779
5,NC0600600,"Huntersville, NC",theft,0.00180993091596623,0.015309578504642603,0.031909119627854164
6,NC0600600,"Huntersville, NC",theft,0.023230761582622765,0.0468249134974726,0.031907229385345216
7,NC0600600,"Huntersville, NC",theft,0.05336929189175766,0.0671641584827013,0.031858191895592095
8,NC0600600,"Huntersville, NC",theft,0.06714888840375174,0.059796875722146814,0.031907229385345216
9,NC0600600,"Huntersville, NC",theft,0.044121015690036715,0.03781176731654191,0.031909119627854164
10,NC0600600,"Huntersville, NC",theft,0.022895821795177324,0.02961365887782724,0.03191445239841779
11,NC0600600,"Huntersville, NC",theft,0.029789499310822014,0.02350927564268197,0.03190911962785416
12,NC0600600,"Huntersville, NC",theft,0.018948850558136773,-0.015588338163618425,0.031907229385345216
1,NC0650000,"New Hanover, NC",theft,-0.042789109977786455,-0.030898641031421255,0.030117614807928173
2,NC0650000,"New Hanover, NC",theft,-0.09874831863054001,-0.08834495231639665,0.030152172626776372
3,NC0650000,"New Hanover, NC",theft,-0.08630062783079621,-0.08627859594734141,0.030186005777813527
4,NC0650000,"New Hanover, NC",theft,-0.033476003709148536,-0.03296575141782554,0.030178827594879627
5,NC0650000,"New Hanover, NC",theft,0.00180993091596623,0.023693381547665846,0.03018600577781353
6,NC0650000,"New Hanover, NC",theft,0.023230761582622765,0.053737678954243834,0.030152172626776372
7,NC0650000,"New Hanover, NC",theft,0.05336929189175766,0.05237801067008035,0.03011761480792817
8,NC0650000,"New Hanover, NC",theft,0.06714888840375174,0.02689605884180386,0.030152172626776375
9,NC0650000,"New Hanover, NC",theft,0.044121015690036715,0.00335033283408948,0.03018600577781353
10,NC0650000,"New Hanover, NC",theft,0.022895821795177324,0.011486381779166437,0.030178827594879627
11,NC0650000,"New Hanover, NC",theft,0.029789499310822014,0.037755511926926943,0.030186005777813527
12,NC0650000,"New Hanover, NC",theft,0.018948850558136773,0.02919058415900812,0.030152172626776372
1,NC0650200,"Wilmington, NC",theft,-0.042789109977786455,-0.05837308696929021,0.02750335759479769
2,NC0650200,"Wilmington, NC",theft,-0.09874831863054001,-0.11607420949526061,0.02749749024970965
3,NC0650200,"Wilmington, NC",theft,-0.08630062783079621,-0.09152219290992283,0.027541346313679115
4,NC0650200,"Wilmington, NC",theft,-0.033476003709148536,-0.025473694023520316,0.027525181792072115
5,NC0650200,"Wilmington, NC",theft,0.00180993091596623,0.006997287724828299,0.027541346313679115
6,NC0650200,"Wilmington, NC",theft,0.023230761582622765,0.013721421032497884,0.02749749024970965
7,NC0650200,"Wilmington, NC",theft,0.05336929189175766,0.039525361776039686,0.027503357594797682
8,NC0650200,"Wilmington, NC",theft,0.06714888840375174,0.06786246906166829,0.027497490249709655
9,NC0650200,"Wilmington, NC",theft,0.044121015690036715,0.06215817766958101,0.02754134631367912
10,NC0650200,"Wilmington, NC",theft,0.022895821795177324,0.04432141921677083,0.027525181792072115
11,NC0650200,"Wilmington, NC",theft,0.029789499310822014,0.041214452708763984,0.027541346313679115
12,NC0650200,"Wilmington, NC",theft,0.018948850558136773,0.015642594207843977,0.02749749024970965
1,NC0670000,"Onslow, NC",theft,-0.042789109977786455,-0.05465046554244978,0.030097780447091372
2,NC0670000,"Onslow, NC",theft,-0.09874831863054001,-0.12479467518844896,0.030147617313328903
3,NC0670000,"Onslow, NC",theft,-0.08630062783079621,-0.10745597848817239,0.030165947467935807
4,NC0670000,"Onslow, NC",theft,-0.033476003709148536,-0.03836041278826198,0.030158232833209658
5,NC0670000,"Onslow, NC",theft,0.00180993091596623,-0.0018983209911083566,0.030165947467935807
6,NC0670000,"Onslow, NC",theft,0.023230761582622765,0.012419290093590775,0.030147617313328903
7,NC0670000,"Onslow, NC",theft,0.05336929189175766,0.05550011163154467,0.030097780447091365
8,NC0670000,"Onslow, NC",theft,0.06714888840375174,0.09523069898785554,0.030147617313328903
9,NC0670000,"Onslow, NC",theft,0.044121015690036715,0.07704235619848404,0.03016594746793581
10,NC0670000,"Onslow, NC",theft,0.022895821795177324,0.037510766699167086,0.030158232833209658
11,NC0670000,"Onslow, NC",theft,0.029789499310822014,0.031462297191701745,0.030165947467935807
12,NC0670000,"Onslow, NC",theft,0.018948850558136773,0.017994332196097602,0.0301476173133289
1,NC0680100,"Chapel Hill, NC",theft,-0.042789109977786455,-0.06385285798596291,0.030364383573976892
2,NC0680100,"Chapel Hill, NC",theft,-0.09874831863054001,-0.1011361872595319,0.03043231686615416
3,NC0680100,"Chapel Hill, NC",theft,-0.08630062783079621,-0.09862414012938034,0.03043085177471546
4,NC0680100,"Chapel Hill, NC",theft,-0.033476003709148536,-0.03978572286022073,0.03045076754729817
5,NC0680100,"Chapel Hill, NC",theft,0.00180993091596623,0.021598686015171294,0.030430851774715464
6,NC0680100,"Chapel Hill, NC",theft,0.023230761582622765,0.05155779409931744,0.03043231686615416
7,NC0680100,"Chapel Hill, NC",theft,0.05336929189175766,0.07549729871917873,0.03036438357397689
8,NC0680100,"Chapel Hill, NC",theft,0.06714888840375174,0.10026385743489824,0.030432316866154163
9,NC0680100,"Chapel Hill, NC",theft,0.044121015690036715,0.08610736957153084,0.030430851774715467
10,NC0680100,"Chapel Hill, NC",theft,0.022895821795177324,0.02814128212700491,0.03045076754729817
11,NC0680100,"Chapel Hill, NC",theft,0.029789499310822014,-0.020726356190537656,0.03043085177471546
12,NC0680100,"Chapel Hill, NC",theft,0.018948850558136773,-0.03904102354146791,0.03043231686615416
1,NC0740300,"Greenville, NC",theft,-0.042789109977786455,-0.044460587875341115,0.028060667401630452
2,NC0740300,"Greenville, NC",theft,-0.09874831863054001,-0.11092117693434994,0.028074208933486267
3,NC0740300,"Greenville, NC",theft,-0.08630062783079621,-0.10586803176012922,0.028106448343809622
4,NC0740300,"Greenville, NC",theft,-0.033476003709148536,-0.047604790740703395,0.028093776859010433
5,NC0740300,"Greenville, NC",theft,0.00180993091596623,-0.005779391556611419,0.028106448343809626
6,NC0740300,"Greenville, NC",theft,0.023230761582622765,0.008876213083779796,0.028074208933486267
7,NC0740300,"Greenville, NC",theft,0.05336929189175766,0.033872427673448474,0.02806066740163045
8,NC0740300,"Greenville, NC",theft,0.06714888840375174,0.06591194308637016,0.028074208933486267
9,NC0740300,"Greenville, NC",theft,0.044121015690036715,0.07144695811404206,0.028106448343809626
10,NC0740300,"Greenville, NC",theft,0.022895821795177324,0.05819295094259603,0.028093776859010433
11,NC0740300,"Greenville, NC",theft,0.029789499310822014,0.05078862540459117,0.028106448343809622
12,NC0740300,"Greenville, NC",theft,0.018948850558136773,0.025544860562307398,0.028074208933486267
1,NC0920000,"Wake, NC",theft,-0.042789109977786455,-0.05613456942085992,0.031223558334181434
2,NC0920000,"Wake, NC",theft,-0.09874831863054001,-0.13386946217102136,0.031239473365317957
3,NC0920000,"Wake, NC",theft,-0.08630062783079621,-0.12808108306148222,0.03128416999678243
4,NC0920000,"Wake, NC",theft,-0.033476003709148536,-0.02642769118419543,0.031264473428945276
5,NC0920000,"Wake, NC",theft,0.00180993091596623,0.07524159578433642,0.031284169996782435
6,NC0920000,"Wake, NC",theft,0.023230761582622765,0.0979610224598629,0.031239473365317957
7,NC0920000,"Wake, NC",theft,0.05336929189175766,0.06366643606687016,0.03122355833418143
8,NC0920000,"Wake, NC",theft,0.06714888840375174,0.03051374084974778,0.031239473365317957
9,NC0920000,"Wake, NC",theft,0.044121015690036715,0.017193495094198385,0.031284169996782435
10,NC0920000,"Wake, NC",theft,0.022895821795177324,0.01889582453818521,0.031264473428945276
11,NC0920000,"Wake, NC",theft,0.029789499310822014,0.028114125536937137,0.03128416999678243
12,NC0920000,"Wake, NC",theft,0.018948850558136773,0.012926565507420912,0.031239473365317957
1,NC0920100,"Raleigh, NC",theft,-0.042789109977786455,-0.05533349830638676,0.02623062045633707
2,NC0920100,"Raleigh, NC",theft,-0.09874831863054001,-0.11610922125526708,0.026255136437965402
3,NC0920100,"Raleigh, NC",theft,-0.08630062783079621,-0.09445643395126964,0.026279097656694898
4,NC0920100,"Raleigh, NC",theft,-0.033476003709148536,-0.02899323111422934,0.026286132599323015
5,NC0920100,"Raleigh, NC",theft,0.00180993091596623,0.015244022312536397,0.0262790976566949
6,NC0920100,"Raleigh, NC",theft,0.023230761582622765,0.03943645874515848,0.026255136437965402
7,NC0920100,"Raleigh, NC",theft,0.05336929189175766,0.062274811077330836,0.026230620456337065
8,NC0920100,"Raleigh, NC",theft,0.06714888840375174,0.06206439568820799,0.026255136437965402
9,NC0920100,"Raleigh, NC",theft,0.044121015690036715,0.033470295613266435,0.026279097656694905
10,NC0920100,"Raleigh, NC",theft,0.022895821795177324,0.022051918343285248,0.026286132599323015
11,NC0920100,"Raleigh, NC",theft,0.029789499310822014,0.038800803254522676,0.026279097656694898
12,NC0920100,"Raleigh, NC",theft,0.018948850558136773,0.021549679592844775,0.026255136437965402
1,NC0920200,"Apex, NC",theft,-0.042789109977786455,-0.08203674741931313,0.033113962339942286
2,NC0920200,"Apex, NC",theft,-0.09874831863054001,-0.09682935419645182,0.033105106091030026
3,NC0920200,"Apex, NC",theft,-0.08630062783079621,-0.031608050562232606,0.033135517937250225
4,NC0920200,"Apex, NC",theft,-0.033476003709148536,0.01854596411557776,0.03309968860006491
5,NC0920200,"Apex, NC",theft,0.00180993091596623,0.004951058753367244,0.033135517937250225
6,NC0920200,"Apex, NC",theft,0.023230761582622765,5.332131078747962e-4,0.033105106091030026
7,NC0920200,"Apex, NC",theft,0.05336929189175766,0.04643006948721317,0.03311396233994228
8,NC0920200,"Apex, NC",theft,0.06714888840375174,0.07409331511317371,0.033105106091030026
9,NC0920200,"Apex, NC",theft,0.044121015690036715,0.04447868941105445,0.03313551793725023
10,NC0920200,"Apex, NC",theft,0.022895821795177324,0.017060713816522195,0.03309968860006491
11,NC0920200,"Apex, NC",theft,0.029789499310822014,0.017784980329910827,0.033135517937250225
12,NC0920200,"Apex, NC",theft,0.018948850558136773,-0.013403851956696588,0.03310510609103002
1,NC0920300,"Cary, NC",theft,-0.042789109977786455,-0.02750333461299561,0.028971663648152363
2,NC0920300,"Cary, NC",theft,-0.09874831863054001,-0.07986835472488776,0.028983081067792623
3,NC0920300,"Cary, NC",theft,-0.08630062783079621,-0.06816268665247154,0.029027275738563504
4,NC0920300,"Cary, NC",theft,-0.033476003709148536,-0.020091263581471345,0.02903102047034199
5,NC0920300,"Cary, NC",theft,0.00180993091596623,0.008613048625748625,0.029027275738563507
6,NC0920300,"Cary, NC",theft,0.023230761582622765,0.027893217203811348,0.028983081067792623
7,NC0920300,"Cary, NC",theft,0.05336929189175766,0.057515825104147704,0.02897166364815236
8,NC0920300,"Cary, NC",theft,0.06714888840375174,0.06092392000171995,0.028983081067792623
9,NC0920300,"Cary, NC",theft,0.044121015690036715,0.01920576143815161,0.029027275738563507
10,NC0920300,"Cary, NC",theft,0.022895821795177324,-0.009921226909680754,0.02903102047034199
11,NC0920300,"Cary, NC",theft,0.029789499310822014,0.010331386097419173,0.029027275738563504
12,NC0920300,"Cary, NC",theft,0.018948850558136773,0.02106370801050861,0.02898308106779262
1,NC0920700,"Wake Forest, NC",theft,-0.042789109977786455,-0.009827874506522134,0.032830587324794366
2,NC0920700,"Wake Forest, NC",theft,-0.09874831863054001,-0.08390653647770649,0.03285979783905648
3,NC0920700,"Wake Forest, NC",theft,-0.08630062783079621,-0.11341835251507326,0.03291077673552075
4,NC0920700,"Wake Forest, NC",theft,-0.033476003709148536,-0.048966998787752194,0.03293383224278316
5,NC0920700,"Wake Forest, NC",theft,0.00180993091596623,0.0452340850666692,0.03291077673552076
6,NC0920700,"Wake Forest, NC",theft,0.023230761582622765,0.08103209370946303,0.03285979783905648
7,NC0920700,"Wake Forest, NC",theft,0.05336929189175766,0.05706551149833931,0.03283058732479436
8,NC0920700,"Wake Forest, NC",theft,0.06714888840375174,0.025377690622149517,0.03285979783905648
9,NC0920700,"Wake Forest, NC",theft,0.044121015690036715,0.007651869667699099,0.03291077673552076
10,NC0920700,"Wake Forest, NC",theft,0.022895821795177324,0.001729361795935031,0.03293383224278316
11,NC0920700,"Wake Forest, NC",theft,0.029789499310822014,0.01329476078888776,0.03291077673552075
12,NC0920700,"Wake Forest, NC",theft,0.018948850558136773,0.024734389137911126,0.03285979783905648
1,ND0080100,"Bismarck, ND",theft,-0.042789109977786455,-0.11049895636091722,0.028646767373705626
2,ND0080100,"Bismarck, ND",theft,-0.09874831863054001,-0.17323797057953705,0.028671540951117666
3,ND0080100,"Bismarck, ND",theft,-0.08630062783079621,-0.1301118571981998,0.02866007242877269
4,ND0080100,"Bismarck, ND",theft,-0.033476003709148536,-0.004204901335186904,0.028683719969923013
5,ND0080100,"Bismarck, ND",theft,0.00180993091596623,0.08072688711954673,0.02866007242877269
6,ND0080100,"Bismarck, ND",theft,0.023230761582622765,0.0815442516274484,0.028671540951117666
7,ND0080100,"Bismarck, ND",theft,0.05336929189175766,0.07070323681423495,0.028646767373705622
8,ND0080100,"Bismarck, ND",theft,0.06714888840375174,0.08605678057058345,0.028671540951117666
9,ND0080100,"Bismarck, ND",theft,0.044121015690036715,0.08272638673592847,0.028660072428772693
10,ND0080100,"Bismarck, ND",theft,0.022895821795177324,0.044000620881869186,0.028683719969923013
11,ND0080100,"Bismarck, ND",theft,0.029789499310822014,0.006454302889406806,0.02866007242877269
12,ND0080100,"Bismarck, ND",theft,0.018948850558136773,-0.034158781165177024,0.028671540951117666
1,ND0090200,"Fargo, ND",theft,-0.042789109977786455,-0.08189320201866403,0.02725762833965144
2,ND0090200,"Fargo, ND",theft,-0.09874831863054001,-0.14499654139949125,0.02728612569396069
3,ND0090200,"Fargo, ND",theft,-0.08630062783079621,-0.1491912198539065,0.027303135928470702
4,ND0090200,"Fargo, ND",theft,-0.033476003709148536,-0.09257858050768422,0.02732532151829659
5,ND0090200,"Fargo, ND",theft,0.00180993091596623,-0.013025447979045673,0.027303135928470706
6,ND0090200,"Fargo, ND",theft,0.023230761582622765,0.063455718208904055,0.02728612569396069
7,ND0090200,"Fargo, ND",theft,0.05336929189175766,0.12087827291184455,0.027257628339651438
8,ND0090200,"Fargo, ND",theft,0.06714888840375174,0.13428262456124013,0.02728612569396069
9,ND0090200,"Fargo, ND",theft,0.044121015690036715,0.09949223212247486,0.02730313592847071
10,ND0090200,"Fargo, ND",theft,0.022895821795177324,0.0535935096145037,0.02732532151829659
11,ND0090200,"Fargo, ND",theft,0.029789499310822014,0.023739364817296722,0.027303135928470702
12,ND0090200,"Fargo, ND",theft,0.018948850558136773,-0.013756730477472346,0.02728612569396069
1,ND0180100,"Grand Forks, ND",theft,-0.042789109977786455,-0.12189373139029688,0.029892916792895362
2,ND0180100,"Grand Forks, ND",theft,-0.09874831863054001,-0.18034885278834412,0.02994386583739206
3,ND0180100,"Grand Forks, ND",theft,-0.08630062783079621,-0.1513960318089686,0.029936363086796054
4,ND0180100,"Grand Forks, ND",theft,-0.033476003709148536,-0.05746184113503853,0.029936724184721344
5,ND0180100,"Grand Forks, ND",theft,0.00180993091596623,0.03009814109926796,0.029936363086796057
6,ND0180100,"Grand Forks, ND",theft,0.023230761582622765,0.09023330901281315,0.02994386583739206
7,ND0180100,"Grand Forks, ND",theft,0.05336929189175766,0.13570392997833597,0.02989291679289536
8,ND0180100,"Grand Forks, ND",theft,0.06714888840375174,0.14686028366642462,0.02994386583739206
9,ND0180100,"Grand Forks, ND",theft,0.044121015690036715,0.10409726409901002,0.029936363086796057
10,ND0180100,"Grand Forks, ND",theft,0.022895821795177324,0.04365164254699945,0.029936724184721344
11,ND0180100,"Grand Forks, ND",theft,0.029789499310822014,0.0033904280226514775,0.029936363086796054
12,ND0180100,"Grand Forks, ND",theft,0.018948850558136773,-0.0429345413028545,0.029943865837392055
1,NH0063400,"Manchester, NH",theft,-0.042789109977786455,-0.2059640034411203,0.028317099245481932
2,NH0063400,"Manchester, NH",theft,-0.09874831863054001,-0.22640900969476654,0.028324144330569435
3,NH0063400,"Manchester, NH",theft,-0.08630062783079621,-0.12289094673169673,0.028305560650449195
4,NH0063400,"Manchester, NH",theft,-0.033476003709148536,-0.02011457719711008,0.02829722562219337
5,NH0063400,"Manchester, NH",theft,0.00180993091596623,0.031273662105320905,0.0283055606504492
6,NH0063400,"Manchester, NH",theft,0.023230761582622765,0.0828880384000653,0.028324144330569435
7,NH0063400,"Manchester, NH",theft,0.05336929189175766,0.137486969865329,0.02831709924548193
8,NH0063400,"Manchester, NH",theft,0.06714888840375174,0.14012134632591944,0.028324144330569435
9,NH0063400,"Manchester, NH",theft,0.044121015690036715,0.1050803169386409,0.0283055606504492
10,NH0063400,"Manchester, NH",theft,0.022895821795177324,0.08859161077290138,0.02829722562219337
11,NH0063400,"Manchester, NH",theft,0.029789499310822014,0.055014001263526124,0.028305560650449195
12,NH0063400,"Manchester, NH",theft,0.018948850558136773,-0.06507740860700932,0.028324144330569435
1,NJ0041200,"Cherry Hill Township, NJ",theft,-0.042789109977786455,-0.024346969539705058,0.028389293429510406
2,NJ0041200,"Cherry Hill Township, NJ",theft,-0.09874831863054001,-0.1110607887794663,0.028411843085769106
3,NJ0041200,"Cherry Hill Township, NJ",theft,-0.08630062783079621,-0.09307267626281296,0.02843467953042533
4,NJ0041200,"Cherry Hill Township, NJ",theft,-0.033476003709148536,-0.04296742235938409,0.028431861062849544
5,NJ0041200,"Cherry Hill Township, NJ",theft,0.00180993091596623,-0.03374055135136594,0.028434679530425333
6,NJ0041200,"Cherry Hill Township, NJ",theft,0.023230761582622765,-0.023604755618738475,0.028411843085769106
7,NJ0041200,"Cherry Hill Township, NJ",theft,0.05336929189175766,0.02174213444476141,0.028389293429510402
8,NJ0041200,"Cherry Hill Township, NJ",theft,0.06714888840375174,0.04684325182949012,0.028411843085769106
9,NJ0041200,"Cherry Hill Township, NJ",theft,0.044121015690036715,0.03145997440778037,0.028434679530425333
10,NJ0041200,"Cherry Hill Township, NJ",theft,0.022895821795177324,0.045572257454327705,0.028431861062849544
11,NJ0041200,"Cherry Hill Township, NJ",theft,0.029789499310822014,0.0979580883013421,0.02843467953042533
12,NJ0041200,"Cherry Hill Township, NJ",theft,0.018948850558136773,0.08521745747377112,0.028411843085769103
1,NJ0070200,"Bloomfield, NJ",theft,-0.042789109977786455,-0.07157133924245754,0.03304894595811213
2,NJ0070200,"Bloomfield, NJ",theft,-0.09874831863054001,-0.13474926756631936,0.033061292234740844
3,NJ0070200,"Bloomfield, NJ",theft,-0.08630062783079621,-0.1227319873826495,0.03312749360108325
4,NJ0070200,"Bloomfield, NJ",theft,-0.033476003709148536,-0.0770503516098765,0.03311757283837639
5,NJ0070200,"Bloomfield, NJ",theft,0.00180993091596623,-0.039214660878972046,0.03312749360108325
6,NJ0070200,"Bloomfield, NJ",theft,0.023230761582622765,0.020895835168807067,0.033061292234740844
7,NJ0070200,"Bloomfield, NJ",theft,0.05336929189175766,0.10584679432736613,0.03304894595811213
8,NJ0070200,"Bloomfield, NJ",theft,0.06714888840375174,0.14007119527140838,0.033061292234740844
9,NJ0070200,"Bloomfield, NJ",theft,0.044121015690036715,0.0937784600028299,0.03312749360108325
10,NJ0070200,"Bloomfield, NJ",theft,0.022895821795177324,0.04277489652496791,0.03311757283837639
11,NJ0070200,"Bloomfield, NJ",theft,0.029789499310822014,0.03389273317388298,0.03312749360108325
12,NJ0070200,"Bloomfield, NJ",theft,0.018948850558136773,0.008057692211012603,0.033061292234740844
1,NJ0090500,"Hoboken, NJ",theft,-0.042789109977786455,-0.08681947094608002,0.031801266480374485
2,NJ0090500,"Hoboken, NJ",theft,-0.09874831863054001,-0.13549771629267104,0.031800389386219916
3,NJ0090500,"Hoboken, NJ",theft,-0.08630062783079621,-0.13737218692411138,0.031862811826910586
4,NJ0090500,"Hoboken, NJ",theft,-0.033476003709148536,-0.07151779610176226,0.03181750531421325
5,NJ0090500,"Hoboken, NJ",theft,0.00180993091596623,0.027136658487021598,0.031862811826910586
6,NJ0090500,"Hoboken, NJ",theft,0.023230761582622765,0.09537160112762272,0.031800389386219916
7,NJ0090500,"Hoboken, NJ",theft,0.05336929189175766,0.10805250177758847,0.03180126648037448
8,NJ0090500,"Hoboken, NJ",theft,0.06714888840375174,0.09079488894261115,0.031800389386219916
9,NJ0090500,"Hoboken, NJ",theft,0.044121015690036715,0.07143632874254299,0.031862811826910586
10,NJ0090500,"Hoboken, NJ",theft,0.022895821795177324,0.05028476527025379,0.03181750531421325
11,NJ0090500,"Hoboken, NJ",theft,0.029789499310822014,0.017566168863038273,0.031862811826910586
12,NJ0090500,"Hoboken, NJ",theft,0.018948850558136773,-0.029435742946054264,0.031800389386219916
1,NJ0090600,"Jersey City, NJ",theft,-0.042789109977786455,-0.0714181179513116,0.02716334252166888
2,NJ0090600,"Jersey City, NJ",theft,-0.09874831863054001,-0.1130343576198619,0.027177591525068774
3,NJ0090600,"Jersey City, NJ",theft,-0.08630062783079621,-0.09093902316071428,0.027213076965610195
4,NJ0090600,"Jersey City, NJ",theft,-0.033476003709148536,-0.03316434752726851,0.027208933540670523
5,NJ0090600,"Jersey City, NJ",theft,0.00180993091596623,0.005672039536290551,0.0272130769656102
6,NJ0090600,"Jersey City, NJ",theft,0.023230761582622765,0.04174765224159637,0.027177591525068774
7,NJ0090600,"Jersey City, NJ",theft,0.05336929189175766,0.09893355078387522,0.027163342521668875
8,NJ0090600,"Jersey City, NJ",theft,0.06714888840375174,0.12525177965517625,0.027177591525068774
9,NJ0090600,"Jersey City, NJ",theft,0.044121015690036715,0.07564101236346502,0.0272130769656102
10,NJ0090600,"Jersey City, NJ",theft,0.022895821795177324,0.00564891469470488,0.027208933540670523
11,NJ0090600,"Jersey City, NJ",theft,0.029789499310822014,-0.017889461571604943,0.027213076965610195
12,NJ0090600,"Jersey City, NJ",theft,0.018948850558136773,-0.026449641444347045,0.027177591525068774
1,NJ0090800,"North Bergen Township, NJ",theft,-0.042789109977786455,-0.08368420319447477,0.035390032129622113
2,NJ0090800,"North Bergen Township, NJ",theft,-0.09874831863054001,-0.1214728981833719,0.03543586055606682
3,NJ0090800,"North Bergen Township, NJ",theft,-0.08630062783079621,-0.10412734606401783,0.03543630124760673
4,NJ0090800,"North Bergen Township, NJ",theft,-0.033476003709148536,-0.040873035923127826,0.03543684229633427
5,NJ0090800,"North Bergen Township, NJ",theft,0.00180993091596623,0.016550100602845834,0.03543630124760674
6,NJ0090800,"North Bergen Township, NJ",theft,0.023230761582622765,0.053767681419174755,0.03543586055606682
7,NJ0090800,"North Bergen Township, NJ",theft,0.05336929189175766,0.08979566456327429,0.03539003212962211
8,NJ0090800,"North Bergen Township, NJ",theft,0.06714888840375174,0.11173132996726487,0.03543586055606682
9,NJ0090800,"North Bergen Township, NJ",theft,0.044121015690036715,0.08827431647911127,0.03543630124760674
10,NJ0090800,"North Bergen Township, NJ",theft,0.022895821795177324,0.03476157455432831,0.03543684229633427
11,NJ0090800,"North Bergen Township, NJ",theft,0.029789499310822014,-0.006808532386738836,0.03543630124760673
12,NJ0090800,"North Bergen Township, NJ",theft,0.018948850558136773,-0.03791465183426814,0.03543586055606682
1,NJ0091200,"West New York, NJ",theft,-0.042789109977786455,-0.041759823952523825,0.03316048455650903
2,NJ0091200,"West New York, NJ",theft,-0.09874831863054001,-0.127552296466776,0.033193626793815115
3,NJ0091200,"West New York, NJ",theft,-0.08630062783079621,-0.12319780357830193,0.03322765786504676
4,NJ0091200,"West New York, NJ",theft,-0.033476003709148536,-0.026425461018767322,0.03323542616437608
5,NJ0091200,"West New York, NJ",theft,0.00180993091596623,0.03484055962373167,0.033227657865046764
6,NJ0091200,"West New York, NJ",theft,0.023230761582622765,0.04413863759642017,0.033193626793815115
7,NJ0091200,"West New York, NJ",theft,0.05336929189175766,0.08758903324987125,0.03316048455650902
8,NJ0091200,"West New York, NJ",theft,0.06714888840375174,0.13682003331789583,0.033193626793815115
9,NJ0091200,"West New York, NJ",theft,0.044121015690036715,0.08663633113207433,0.033227657865046764
10,NJ0091200,"West New York, NJ",theft,0.022895821795177324,-0.019403748278580088,0.03323542616437608
11,NJ0091200,"West New York, NJ",theft,0.029789499310822014,-0.04410829647485154,0.03322765786504676
12,NJ0091200,"West New York, NJ",theft,0.018948850558136773,-0.007577165150192576,0.033193626793815115
1,NJ0160200,"Clifton, NJ",theft,-0.042789109977786455,0.010747890154258685,0.029488135328149992
2,NJ0160200,"Clifton, NJ",theft,-0.09874831863054001,-0.049446200283494106,0.029519816651339598
3,NJ0160200,"Clifton, NJ",theft,-0.08630062783079621,-0.09974140647144833,0.029557314314477477
4,NJ0160200,"Clifton, NJ",theft,-0.033476003709148536,-0.07830935870023614,0.02959790942599631
5,NJ0160200,"Clifton, NJ",theft,0.00180993091596623,-0.004260558458495522,0.029557314314477483
6,NJ0160200,"Clifton, NJ",theft,0.023230761582622765,0.05309344640941775,0.029519816651339598
7,NJ0160200,"Clifton, NJ",theft,0.05336929189175766,0.06346886035060195,0.02948813532814999
8,NJ0160200,"Clifton, NJ",theft,0.06714888840375174,0.04639061512635566,0.029519816651339598
9,NJ0160200,"Clifton, NJ",theft,0.044121015690036715,0.02246907080944922,0.029557314314477483
10,NJ0160200,"Clifton, NJ",theft,0.022895821795177324,0.0040926081953755016,0.02959790942599631
11,NJ0160200,"Clifton, NJ",theft,0.029789499310822014,0.007316143615633968,0.029557314314477477
12,NJ0160200,"Clifton, NJ",theft,0.018948850558136773,0.02417888925258136,0.029519816651339598
1,NJ0160800,"Paterson, NJ",theft,-0.042789109977786455,-0.06093636464813192,0.028199007141886372
2,NJ0160800,"Paterson, NJ",theft,-0.09874831863054001,-0.09144985817564691,0.028241139092302598
3,NJ0160800,"Paterson, NJ",theft,-0.08630062783079621,-0.058576006171632757,0.028242454626589465
4,NJ0160800,"Paterson, NJ",theft,-0.033476003709148536,0.0038029393770326763,0.028247012164401057
5,NJ0160800,"Paterson, NJ",theft,0.00180993091596623,0.026437469066481402,0.028242454626589468
6,NJ0160800,"Paterson, NJ",theft,0.023230761582622765,0.017860999462726464,0.028241139092302598
7,NJ0160800,"Paterson, NJ",theft,0.05336929189175766,0.03274870142825447,0.02819900714188637
8,NJ0160800,"Paterson, NJ",theft,0.06714888840375174,0.06283050753868336,0.028241139092302598
9,NJ0160800,"Paterson, NJ",theft,0.044121015690036715,0.05814431875454664,0.028242454626589468
10,NJ0160800,"Paterson, NJ",theft,0.022895821795177324,0.024384723842844774,0.028247012164401057
11,NJ0160800,"Paterson, NJ",theft,0.029789499310822014,0.002181881570482115,0.028242454626589465
12,NJ0160800,"Paterson, NJ",theft,0.018948850558136773,-0.01742931204564032,0.028241139092302598
1,NJ0161400,"Wayne Township, NJ",theft,-0.042789109977786455,-0.005326074880595699,0.0312242426957907
2,NJ0161400,"Wayne Township, NJ",theft,-0.09874831863054001,-0.12256105603013576,0.031242229586163833
3,NJ0161400,"Wayne Township, NJ",theft,-0.08630062783079621,-0.1224486258408779,0.031282338562669355
4,NJ0161400,"Wayne Township, NJ",theft,-0.033476003709148536,-0.04299254925733208,0.031267398509077025
5,NJ0161400,"Wayne Township, NJ",theft,0.00180993091596623,-0.0013685758962250403,0.03128233856266936
6,NJ0161400,"Wayne Township, NJ",theft,0.023230761582622765,-0.00162943271250055,0.031242229586163833
7,NJ0161400,"Wayne Township, NJ",theft,0.05336929189175766,0.01702498145400131,0.03122424269579069
8,NJ0161400,"Wayne Township, NJ",theft,0.06714888840375174,0.038213751296784115,0.031242229586163833
9,NJ0161400,"Wayne Township, NJ",theft,0.044121015690036715,0.026402414534120587,0.03128233856266936
10,NJ0161400,"Wayne Township, NJ",theft,0.022895821795177324,0.031293642683926454,0.031267398509077025
11,NJ0161400,"Wayne Township, NJ",theft,0.029789499310822014,0.08571588062957666,0.031282338562669355
12,NJ0161400,"Wayne Township, NJ",theft,0.018948850558136773,0.09767564401925788,0.03124222958616383
1,NJ0200400,"Elizabeth, NJ",theft,-0.042789109977786455,-0.07822767821134263,0.02775712560221871
2,NJ0200400,"Elizabeth, NJ",theft,-0.09874831863054001,-0.1450228335795981,0.027782964245855104
3,NJ0200400,"Elizabeth, NJ",theft,-0.08630062783079621,-0.12228098564125685,0.027804165257579568
4,NJ0200400,"Elizabeth, NJ",theft,-0.033476003709148536,-0.05775511205591019,0.027820919233384443
5,NJ0200400,"Elizabeth, NJ",theft,0.00180993091596623,-0.0133662043624933,0.02780416525757957
6,NJ0200400,"Elizabeth, NJ",theft,0.023230761582622765,0.032965738292197656,0.027782964245855104
7,NJ0200400,"Elizabeth, NJ",theft,0.05336929189175766,0.0983915944721112,0.027757125602218706
8,NJ0200400,"Elizabeth, NJ",theft,0.06714888840375174,0.12402608043594696,0.027782964245855104
9,NJ0200400,"Elizabeth, NJ",theft,0.044121015690036715,0.0811203162368371,0.02780416525757957
10,NJ0200400,"Elizabeth, NJ",theft,0.022895821795177324,0.03759119579514163,0.027820919233384443
11,NJ0200400,"Elizabeth, NJ",theft,0.029789499310822014,0.03436295750614442,0.027804165257579568
12,NJ0200400,"Elizabeth, NJ",theft,0.018948850558136773,0.008194931112222158,0.0277829642458551
1,NJNPD0000,"Newark, NJ",theft,-0.042789109977786455,-0.10914968649029844,0.02771520470382605
2,NJNPD0000,"Newark, NJ",theft,-0.09874831863054001,-0.20175544318399047,0.027736139143237918
3,NJNPD0000,"Newark, NJ",theft,-0.08630062783079621,-0.17558208140415688,0.02775269421964541
4,NJNPD0000,"Newark, NJ",theft,-0.033476003709148536,-0.06580594815763532,0.02775631353214162
5,NJNPD0000,"Newark, NJ",theft,0.00180993091596623,0.02837383649450487,0.02775269421964541
6,NJNPD0000,"Newark, NJ",theft,0.023230761582622765,0.08040035769239025,0.027736139143237918
7,NJNPD0000,"Newark, NJ",theft,0.05336929189175766,0.11462793376209088,0.027715204703826046
8,NJNPD0000,"Newark, NJ",theft,0.06714888840375174,0.12120165328616254,0.02773613914323792
9,NJNPD0000,"Newark, NJ",theft,0.044121015690036715,0.08955004423453647,0.027752694219645414
10,NJNPD0000,"Newark, NJ",theft,0.022895821795177324,0.06032770088584287,0.02775631353214162
11,NJNPD0000,"Newark, NJ",theft,0.029789499310822014,0.05217995340332301,0.02775269421964541
12,NJNPD0000,"Newark, NJ",theft,0.018948850558136773,0.0056316794772302515,0.027736139143237918
1,NV0020100,"Las Vegas, NV",theft,-0.042789109977786455,0.03331118188422552,0.025751502791692485
2,NV0020100,"Las Vegas, NV",theft,-0.09874831863054001,-0.014047405328753064,0.025768503038267533
3,NV0020100,"Las Vegas, NV",theft,-0.08630062783079621,-0.03441736918022105,0.025793141638673887
4,NV0020100,"Las Vegas, NV",theft,-0.033476003709148536,-0.016892290437468156,0.025795665812182258
5,NV0020100,"Las Vegas, NV",theft,0.00180993091596623,-0.005002001380273488,0.02579314163867389
6,NV0020100,"Las Vegas, NV",theft,0.023230761582622765,-0.010258501727160549,0.025768503038267533
7,NV0020100,"Las Vegas, NV",theft,0.05336929189175766,-0.005482882053129305,0.02575150279169248
8,NV0020100,"Las Vegas, NV",theft,0.06714888840375174,0.006185375892369618,0.025768503038267533
9,NV0020100,"Las Vegas, NV",theft,0.044121015690036715,-0.001272960087258632,0.02579314163867389
10,NV0020100,"Las Vegas, NV",theft,0.022895821795177324,-0.010936009393628049,0.025795665812182258
11,NV0020100,"Las Vegas, NV",theft,0.029789499310822014,0.012864030816656944,0.025793141638673887
12,NV0020100,"Las Vegas, NV",theft,0.018948850558136773,0.0459488309946402,0.025768503038267533
1,NV0020300,"Henderson, NV",theft,-0.042789109977786455,-0.014714538217783466,0.026979287399276575
2,NV0020300,"Henderson, NV",theft,-0.09874831863054001,-0.07237410818396468,0.026991505952891237
3,NV0020300,"Henderson, NV",theft,-0.08630062783079621,-0.06777778457021559,0.02701282255328338
4,NV0020300,"Henderson, NV",theft,-0.033476003709148536,-0.014415450511527544,0.027019448288224154
5,NV0020300,"Henderson, NV",theft,0.00180993091596623,0.023364883763912034,0.027012822553283387
6,NV0020300,"Henderson, NV",theft,0.023230761582622765,0.020425062294796507,0.026991505952891237
7,NV0020300,"Henderson, NV",theft,0.05336929189175766,0.004183722147817851,0.02697928739927657
8,NV0020300,"Henderson, NV",theft,0.06714888840375174,-0.002137790594028173,0.026991505952891237
9,NV0020300,"Henderson, NV",theft,0.044121015690036715,0.003796701862188287,0.027012822553283387
10,NV0020300,"Henderson, NV",theft,0.022895821795177324,0.024946266581493147,0.027019448288224154
11,NV0020300,"Henderson, NV",theft,0.029789499310822014,0.051147015014080824,0.02701282255328338
12,NV0020300,"Henderson, NV",theft,0.018948850558136773,0.0435560204132308,0.026991505952891234
1,NV0160000,"Washoe, NV",theft,-0.042789109977786455,-0.04583384690584431,0.033551411315730605
2,NV0160000,"Washoe, NV",theft,-0.09874831863054001,-0.09716464177135671,0.03359787609946567
3,NV0160000,"Washoe, NV",theft,-0.08630062783079621,-0.1208246337443898,0.033611874826777084
4,NV0160000,"Washoe, NV",theft,-0.033476003709148536,-0.05232003872566319,0.03365199821596075
5,NV0160000,"Washoe, NV",theft,0.00180993091596623,0.060113173771136556,0.03361187482677709
6,NV0160000,"Washoe, NV",theft,0.023230761582622765,0.10644592285019111,0.03359787609946567
7,NV0160000,"Washoe, NV",theft,0.05336929189175766,0.07259848346269981,0.0335514113157306
8,NV0160000,"Washoe, NV",theft,0.06714888840375174,0.03774640516039974,0.03359787609946567
9,NV0160000,"Washoe, NV",theft,0.044121015690036715,0.034641760576577314,0.03361187482677709
10,NV0160000,"Washoe, NV",theft,0.022895821795177324,0.025555402168807695,0.03365199821596075
11,NV0160000,"Washoe, NV",theft,0.029789499310822014,-6.949371601796001e-4,0.03361187482677709
12,NV0160000,"Washoe, NV",theft,0.018948850558136773,-0.02026304968237861,0.03359787609946567
1,NV0160200,"Sparks, NV",theft,-0.042789109977786455,-0.02007881204404078,0.02858917273023602
2,NV0160200,"Sparks, NV",theft,-0.09874831863054001,-0.08236873660062957,0.028622065246012136
3,NV0160200,"Sparks, NV",theft,-0.08630062783079621,-0.09077841739713222,0.02865240600461834
4,NV0160200,"Sparks, NV",theft,-0.033476003709148536,-0.05767543284915111,0.028651678225573417
5,NV0160200,"Sparks, NV",theft,0.00180993091596623,-0.027225419024889824,0.028652406004618346
6,NV0160200,"Sparks, NV",theft,0.023230761582622765,-2.146576857094852e-4,0.028622065246012136
7,NV0160200,"Sparks, NV",theft,0.05336929189175766,0.0377125066445084,0.028589172730236017
8,NV0160200,"Sparks, NV",theft,0.06714888840375174,0.06256636587356573,0.028622065246012136
9,NV0160200,"Sparks, NV",theft,0.044121015690036715,0.05334235206960074,0.028652406004618346
10,NV0160200,"Sparks, NV",theft,0.022895821795177324,0.04004173824868348,0.028651678225573417
11,NV0160200,"Sparks, NV",theft,0.029789499310822014,0.04702778975195364,0.02865240600461834
12,NV0160200,"Sparks, NV",theft,0.018948850558136773,0.037650723013240996,0.028622065246012136
1,NY0010100,"Albany, NY",theft,-0.042789109977786455,-0.06473673323477148,0.027831345592030744
2,NY0010100,"Albany, NY",theft,-0.09874831863054001,-0.13607973638740406,0.027882031665873087
3,NY0010100,"Albany, NY",theft,-0.08630062783079621,-0.14272880672634825,0.02789740021038262
4,NY0010100,"Albany, NY",theft,-0.033476003709148536,-0.07983023951840765,0.02790661374667006
5,NY0010100,"Albany, NY",theft,0.00180993091596623,-0.010876347444702858,0.027897400210382624
6,NY0010100,"Albany, NY",theft,0.023230761582622765,0.040318217617923445,0.027882031665873087
7,NY0010100,"Albany, NY",theft,0.05336929189175766,0.09377825169908871,0.02783134559203074
8,NY0010100,"Albany, NY",theft,0.06714888840375174,0.1298877604977004,0.027882031665873087
9,NY0010100,"Albany, NY",theft,0.044121015690036715,0.10749531237232735,0.027897400210382624
10,NY0010100,"Albany, NY",theft,0.022895821795177324,0.050788721054090415,0.02790661374667006
11,NY0010100,"Albany, NY",theft,0.029789499310822014,0.0170683233344065,0.02789740021038262
12,NY0010100,"Albany, NY",theft,0.018948850558136773,-0.005084723263902476,0.027882031665873087
1,NY0270100,"Rochester, NY",theft,-0.042789109977786455,-0.09675741992837394,0.026791516641071923
2,NY0270100,"Rochester, NY",theft,-0.09874831863054001,-0.17107305586932703,0.026822168197537806
3,NY0270100,"Rochester, NY",theft,-0.08630062783079621,-0.14449942819502642,0.02683894122750174
4,NY0270100,"Rochester, NY",theft,-0.033476003709148536,-0.07438766358244994,0.026851323230569192
5,NY0270100,"Rochester, NY",theft,0.00180993091596623,-0.029457093057239116,0.026838941227501745
6,NY0270100,"Rochester, NY",theft,0.023230761582622765,0.02378605124611437,0.026822168197537806
7,NY0270100,"Rochester, NY",theft,0.05336929189175766,0.11107118414959155,0.02679151664107192
8,NY0270100,"Rochester, NY",theft,0.06714888840375174,0.15823824549850812,0.02682216819753781
9,NY0270100,"Rochester, NY",theft,0.044121015690036715,0.11735085360298989,0.026838941227501745
10,NY0270100,"Rochester, NY",theft,0.022895821795177324,0.060073899361232315,0.026851323230569192
11,NY0270100,"Rochester, NY",theft,0.029789499310822014,0.04229190342805796,0.02683894122750174
12,NY0270100,"Rochester, NY",theft,0.018948850558136773,0.0033625233459222627,0.026822168197537806
1,NY0290600,"Hempstead Village, NY",theft,-0.042789109977786455,-0.05839066365295846,0.03461427439379954
2,NY0290600,"Hempstead Village, NY",theft,-0.09874831863054001,-0.1029030336499209,0.03471292836089049
3,NY0290600,"Hempstead Village, NY",theft,-0.08630062783079621,-0.0986625070189252,0.03465376214089377
4,NY0290600,"Hempstead Village, NY",theft,-0.033476003709148536,-0.03577680876437006,0.03471458339788153
5,NY0290600,"Hempstead Village, NY",theft,0.00180993091596623,0.03650674102924083,0.03465376214089377
6,NY0290600,"Hempstead Village, NY",theft,0.023230761582622765,0.0627302203384377,0.03471292836089049
7,NY0290600,"Hempstead Village, NY",theft,0.05336929189175766,0.047272620695685955,0.034614274393799535
8,NY0290600,"Hempstead Village, NY",theft,0.06714888840375174,0.03443488283512993,0.03471292836089049
9,NY0290600,"Hempstead Village, NY",theft,0.044121015690036715,0.041312399161406714,0.03465376214089377
10,NY0290600,"Hempstead Village, NY",theft,0.022895821795177324,0.046894851721642566,0.03471458339788153
11,NY0290600,"Hempstead Village, NY",theft,0.029789499310822014,0.031961409785550114,0.03465376214089377
12,NY0290600,"Hempstead Village, NY",theft,0.018948850558136773,-0.005380112480919188,0.03471292836089049
1,NY0303000,"New York City, NY",theft,-0.042789109977786455,-0.04715885048705005,0.02564193445107409
2,NY0303000,"New York City, NY",theft,-0.09874831863054001,-0.1075756790184163,0.02566355727953405
3,NY0303000,"New York City, NY",theft,-0.08630062783079621,-0.10472426878165556,0.025690034115061728
4,NY0303000,"New York City, NY",theft,-0.033476003709148536,-0.07096195251166204,0.025698301241105538
5,NY0303000,"New York City, NY",theft,0.00180993091596623,-0.040109103875239756,0.025690034115061735
6,NY0303000,"New York City, NY",theft,0.023230761582622765,0.0029713658835133386,0.02566355727953405
7,NY0303000,"New York City, NY",theft,0.05336929189175766,0.058990111023334804,0.025641934451074086
8,NY0303000,"New York City, NY",theft,0.06714888840375174,0.08520232747570117,0.02566355727953405
9,NY0303000,"New York City, NY",theft,0.044121015690036715,0.07051965670265563,0.025690034115061735
10,NY0303000,"New York City, NY",theft,0.022895821795177324,0.05913069197537727,0.025698301241105538
11,NY0303000,"New York City, NY",theft,0.029789499310822014,0.06248245541795486,0.025690034115061728
12,NY0303000,"New York City, NY",theft,0.018948850558136773,0.03123324619548664,0.02566355727953405
1,NY0320200,"Utica, NY",theft,-0.042789109977786455,-0.14401578845455837,0.028847803659432788
2,NY0320200,"Utica, NY",theft,-0.09874831863054001,-0.1967699823226327,0.02888656261499858
3,NY0320200,"Utica, NY",theft,-0.08630062783079621,-0.13624755231061925,0.028865278022004035
4,NY0320200,"Utica, NY",theft,-0.033476003709148536,-0.04763730821853823,0.028894227637610622
5,NY0320200,"Utica, NY",theft,0.00180993091596623,0.012954127110967993,0.028865278022004035
6,NY0320200,"Utica, NY",theft,0.023230761582622765,0.07647892098768355,0.02888656261499858
7,NY0320200,"Utica, NY",theft,0.05336929189175766,0.13851015669730568,0.028847803659432784
8,NY0320200,"Utica, NY",theft,0.06714888840375174,0.13725422233840562,0.028886562614998584
9,NY0320200,"Utica, NY",theft,0.044121015690036715,0.08223742408364482,0.02886527802200404
10,NY0320200,"Utica, NY",theft,0.022895821795177324,0.053142939975790913,0.028894227637610622
11,NY0320200,"Utica, NY",theft,0.029789499310822014,0.04656163287325905,0.028865278022004035
12,NY0320200,"Utica, NY",theft,0.018948850558136773,-0.02246879276070902,0.02888656261499858
1,NY0450000,"Saratoga, NY",theft,-0.042789109977786455,-0.04495356474687521,0.030592622796978407
2,NY0450000,"Saratoga, NY",theft,-0.09874831863054001,-0.17029802535879562,0.030683988352733522
3,NY0450000,"Saratoga, NY",theft,-0.08630062783079621,-0.12561989199557155,0.03067733037821879
4,NY0450000,"Saratoga, NY",theft,-0.033476003709148536,-0.006542509727238896,0.030704834937377343
5,NY0450000,"Saratoga, NY",theft,0.00180993091596623,0.010259314908925678,0.030677330378218792
6,NY0450000,"Saratoga, NY",theft,0.023230761582622765,-0.0049660678748814635,0.030683988352733522
7,NY0450000,"Saratoga, NY",theft,0.05336929189175766,0.07626633128679416,0.030592622796978403
8,NY0450000,"Saratoga, NY",theft,0.06714888840375174,0.1459787030681315,0.030683988352733525
9,NY0450000,"Saratoga, NY",theft,0.044121015690036715,0.06998780316498843,0.030677330378218796
10,NY0450000,"Saratoga, NY",theft,0.022895821795177324,-0.024770256812680063,0.030704834937377343
11,NY0450000,"Saratoga, NY",theft,0.029789499310822014,0.014060007381738415,0.03067733037821879
12,NY0450000,"Saratoga, NY",theft,0.018948850558136773,0.060598156705464624,0.030683988352733522
1,NY0460100,"Schenectady, NY",theft,-0.042789109977786455,-0.095077795574877,0.02892087712072141
2,NY0460100,"Schenectady, NY",theft,-0.09874831863054001,-0.15367642467382858,0.028961645819803993
3,NY0460100,"Schenectady, NY",theft,-0.08630062783079621,-0.11617163370694607,0.02895219801384973
4,NY0460100,"Schenectady, NY",theft,-0.033476003709148536,-0.027560125976552108,0.028969901355327343
5,NY0460100,"Schenectady, NY",theft,0.00180993091596623,0.03170319382695534,0.02895219801384973
6,NY0460100,"Schenectady, NY",theft,0.023230761582622765,0.05327465113717157,0.028961645819803993
7,NY0460100,"Schenectady, NY",theft,0.05336929189175766,0.06989266938902033,0.028920877120721406
8,NY0460100,"Schenectady, NY",theft,0.06714888840375174,0.07878697587792101,0.028961645819803993
9,NY0460100,"Schenectady, NY",theft,0.044121015690036715,0.06646731109689512,0.028952198013849732
10,NY0460100,"Schenectady, NY",theft,0.022895821795177324,0.05274525216240877,0.028969901355327343
11,NY0460100,"Schenectady, NY",theft,0.029789499310822014,0.043186254968952204,0.02895219801384973
12,NY0460100,"Schenectady, NY",theft,0.018948850558136773,-0.003570328527120567,0.028961645819803993
1,NY0590400,"New Rochelle, NY",theft,-0.042789109977786455,-0.06697398062994239,0.030962185303195045
2,NY0590400,"New Rochelle, NY",theft,-0.09874831863054001,-0.06978994516623584,0.030999290964373257
3,NY0590400,"New Rochelle, NY",theft,-0.08630062783079621,-0.05520593390239535,0.030986299644714256
4,NY0590400,"New Rochelle, NY",theft,-0.033476003709148536,0.009037855197970634,0.031028533208246632
5,NY0590400,"New Rochelle, NY",theft,0.00180993091596623,0.06858023026709317,0.03098629964471426
6,NY0590400,"New Rochelle, NY",theft,0.023230761582622765,0.06943409326005885,0.030999290964373257
7,NY0590400,"New Rochelle, NY",theft,0.05336929189175766,0.05209768441367509,0.030962185303195038
8,NY0590400,"New Rochelle, NY",theft,0.06714888840375174,0.06469414953707348,0.030999290964373257
9,NY0590400,"New Rochelle, NY",theft,0.044121015690036715,0.06498643448950028,0.030986299644714263
10,NY0590400,"New Rochelle, NY",theft,0.022895821795177324,0.005838441018296679,0.031028533208246632
11,NY0590400,"New Rochelle, NY",theft,0.029789499310822014,-0.06348443463793084,0.030986299644714256
12,NY0590400,"New Rochelle, NY",theft,0.018948850558136773,-0.0792145938471638,0.030999290964373257
1,OH0090200,"Hamilton, OH",theft,-0.042789109977786455,-0.08651837541955582,0.02928588586853337
2,OH0090200,"Hamilton, OH",theft,-0.09874831863054001,-0.11985662047390297,0.029358695126799478
3,OH0090200,"Hamilton, OH",theft,-0.08630062783079621,-0.11933480643226622,0.029360597964198445
4,OH0090200,"Hamilton, OH",theft,-0.033476003709148536,-0.06220583385654054,0.02937096560030964
5,OH0090200,"Hamilton, OH",theft,0.00180993091596623,0.03368201764403653,0.02936059796419845
6,OH0090200,"Hamilton, OH",theft,0.023230761582622765,0.10744053928555064,0.029358695126799478
7,OH0090200,"Hamilton, OH",theft,0.05336929189175766,0.11801136189143155,0.029285885868533368
8,OH0090200,"Hamilton, OH",theft,0.06714888840375174,0.08622994540173425,0.02935869512679948
9,OH0090200,"Hamilton, OH",theft,0.044121015690036715,0.05421514488822173,0.02936059796419845
10,OH0090200,"Hamilton, OH",theft,0.022895821795177324,0.0307128473846648,0.02937096560030964
11,OH0090200,"Hamilton, OH",theft,0.029789499310822014,-5.534257186784146e-5,0.029360597964198445
12,OH0090200,"Hamilton, OH",theft,0.018948850558136773,-0.04232087774150609,0.029358695126799478
1,OH0091500,"West Chester Township, OH",theft,-0.042789109977786455,-0.05989450453640514,0.030662393339862728
2,OH0091500,"West Chester Township, OH",theft,-0.09874831863054001,-0.09862356513457196,0.03066158630880313
3,OH0091500,"West Chester Township, OH",theft,-0.08630062783079621,-0.05781843285855395,0.030694842187456255
4,OH0091500,"West Chester Township, OH",theft,-0.033476003709148536,0.012914491139162631,0.030707909366921183
5,OH0091500,"West Chester Township, OH",theft,0.00180993091596623,0.042043665644851756,0.03069484218745626
6,OH0091500,"West Chester Township, OH",theft,0.023230761582622765,0.04571245530145934,0.03066158630880313
7,OH0091500,"West Chester Township, OH",theft,0.05336929189175766,0.06055175601247529,0.030662393339862724
8,OH0091500,"West Chester Township, OH",theft,0.06714888840375174,0.05839631497129336,0.03066158630880313
9,OH0091500,"West Chester Township, OH",theft,0.044121015690036715,0.016933931219205178,0.030694842187456262
10,OH0091500,"West Chester Township, OH",theft,0.022895821795177324,-0.013571742615232788,0.030707909366921183
11,OH0091500,"West Chester Township, OH",theft,0.029789499310822014,-0.0018164154815731774,0.030694842187456255
12,OH0091500,"West Chester Township, OH",theft,0.018948850558136773,-0.004827953662110531,0.03066158630880313
1,OH0250300,"Dublin, OH",theft,-0.042789109977786455,-0.04769742444285735,0.03504335180692217
2,OH0250300,"Dublin, OH",theft,-0.09874831863054001,-0.09728943210987832,0.03508410257200059
3,OH0250300,"Dublin, OH",theft,-0.08630062783079621,-0.07897347513324084,0.03507258771029184
4,OH0250300,"Dublin, OH",theft,-0.033476003709148536,-0.01733827916642942,0.03511301430409107
5,OH0250300,"Dublin, OH",theft,0.00180993091596623,0.015312225238387111,0.03507258771029185
6,OH0250300,"Dublin, OH",theft,0.023230761582622765,0.02051305999825176,0.03508410257200059
7,OH0250300,"Dublin, OH",theft,0.05336929189175766,0.044450624791869585,0.03504335180692217
8,OH0250300,"Dublin, OH",theft,0.06714888840375174,0.0716155814125007,0.03508410257200059
9,OH0250300,"Dublin, OH",theft,0.044121015690036715,0.05654642408685096,0.03507258771029185
10,OH0250300,"Dublin, OH",theft,0.022895821795177324,0.02058507881741719,0.03511301430409107
11,OH0250300,"Dublin, OH",theft,0.029789499310822014,0.010361625458990487,0.03507258771029184
12,OH0250300,"Dublin, OH",theft,0.018948850558136773,0.0019139910481381429,0.03508410257200059
1,OH0314200,"Colerain Township, OH",theft,-0.042789109977786455,-0.0021460066138966976,0.030358337674276675
2,OH0314200,"Colerain Township, OH",theft,-0.09874831863054001,-0.06451040195863539,0.03039244211772275
3,OH0314200,"Colerain Township, OH",theft,-0.08630062783079621,-0.08377652594467978,0.030456652806840033
4,OH0314200,"Colerain Township, OH",theft,-0.033476003709148536,-0.04262132161726984,0.030484931142940555
5,OH0314200,"Colerain Township, OH",theft,0.00180993091596623,0.005662171648246629,0.030456652806840036
6,OH0314200,"Colerain Township, OH",theft,0.023230761582622765,0.0468153169529001,0.03039244211772275
7,OH0314200,"Colerain Township, OH",theft,0.05336929189175766,0.09055599637690549,0.03035833767427667
8,OH0314200,"Colerain Township, OH",theft,0.06714888840375174,0.09412474186134963,0.03039244211772275
9,OH0314200,"Colerain Township, OH",theft,0.044121015690036715,0.02498087608438524,0.030456652806840036
10,OH0314200,"Colerain Township, OH",theft,0.022895821795177324,-0.04578866814573897,0.030484931142940555
11,OH0314200,"Colerain Township, OH",theft,0.029789499310822014,-0.03527651155096087,0.030456652806840033
12,OH0314200,"Colerain Township, OH",theft,0.018948850558136773,0.01198033290739447,0.03039244211772275
1,OH0314400,"Green Township, OH",theft,-0.042789109977786455,-0.04361187304807936,0.03149981004924327
2,OH0314400,"Green Township, OH",theft,-0.09874831863054001,-0.09951932731407591,0.03152172269620091
3,OH0314400,"Green Township, OH",theft,-0.08630062783079621,-0.08995121998061968,0.03155774869227696
4,OH0314400,"Green Township, OH",theft,-0.033476003709148536,-0.039373303955573376,0.03156666803865916
5,OH0314400,"Green Township, OH",theft,0.00180993091596623,-0.004649627506554135,0.03155774869227697
6,OH0314400,"Green Township, OH",theft,0.023230761582622765,0.019144063220370728,0.03152172269620091
7,OH0314400,"Green Township, OH",theft,0.05336929189175766,0.056538850883732956,0.031499810049243265
8,OH0314400,"Green Township, OH",theft,0.06714888840375174,0.0785547951293069,0.03152172269620091
9,OH0314400,"Green Township, OH",theft,0.044121015690036715,0.05605970996019705,0.03155774869227697
10,OH0314400,"Green Township, OH",theft,0.022895821795177324,0.02644632611991977,0.03156666803865916
11,OH0314400,"Green Township, OH",theft,0.029789499310822014,0.025614159691323125,0.03155774869227696
12,OH0314400,"Green Township, OH",theft,0.018948850558136773,0.014747446800051946,0.03152172269620091
1,OH0470400,"Elyria, OH",theft,-0.042789109977786455,0.0016467068227876138,0.03245168804236857
2,OH0470400,"Elyria, OH",theft,-0.09874831863054001,-0.02121921121585065,0.03252932064957224
3,OH0470400,"Elyria, OH",theft,-0.08630062783079621,-0.03084347270333962,0.03258697771558394
4,OH0470400,"Elyria, OH",theft,-0.033476003709148536,-0.04032474537931901,0.032596595833764605
5,OH0470400,"Elyria, OH",theft,0.00180993091596623,-0.028523399042826813,0.03258697771558395
6,OH0470400,"Elyria, OH",theft,0.023230761582622765,0.027414873145768348,0.03252932064957224
7,OH0470400,"Elyria, OH",theft,0.05336929189175766,0.07586870338839671,0.03245168804236857
8,OH0470400,"Elyria, OH",theft,0.06714888840375174,0.049465849619191815,0.03252932064957224
9,OH0470400,"Elyria, OH",theft,0.044121015690036715,-0.018425299104503565,0.03258697771558395
10,OH0470400,"Elyria, OH",theft,0.022895821795177324,-0.03719066483186534,0.032596595833764605
11,OH0470400,"Elyria, OH",theft,0.029789499310822014,2.7676063948564963e-4,0.03258697771558394
12,OH0470400,"Elyria, OH",theft,0.018948850558136773,0.02185389866207486,0.03252932064957224
1,OH0470500,"Lorain, OH",theft,-0.042789109977786455,-0.04252951136709824,0.0308776689555023
2,OH0470500,"Lorain, OH",theft,-0.09874831863054001,-0.07853634844297666,0.03091339405675192
3,OH0470500,"Lorain, OH",theft,-0.08630062783079621,-0.07327381017846307,0.0309727217293469
4,OH0470500,"Lorain, OH",theft,-0.033476003709148536,-0.04753113818050967,0.030948220579863246
5,OH0470500,"Lorain, OH",theft,0.00180993091596623,-0.04412847003881427,0.030972721729346907
6,OH0470500,"Lorain, OH",theft,0.023230761582622765,-0.014343290630659497,0.03091339405675192
7,OH0470500,"Lorain, OH",theft,0.05336929189175766,0.08461620444040065,0.030877668955502292
8,OH0470500,"Lorain, OH",theft,0.06714888840375174,0.16119484225718111,0.03091339405675192
9,OH0470500,"Lorain, OH",theft,0.044121015690036715,0.11384561091936513,0.030972721729346907
10,OH0470500,"Lorain, OH",theft,0.022895821795177324,0.005444445107207255,0.030948220579863246
11,OH0470500,"Lorain, OH",theft,0.029789499310822014,-0.038530023775390214,0.0309727217293469
12,OH0470500,"Lorain, OH",theft,0.018948850558136773,-0.026228510110242506,0.03091339405675192
1,OH0570200,"Dayton, OH",theft,-0.042789109977786455,-0.10558658262960476,0.02732297749524923
2,OH0570200,"Dayton, OH",theft,-0.09874831863054001,-0.156340608158695,0.027349533940609624
3,OH0570200,"Dayton, OH",theft,-0.08630062783079621,-0.12699848372575356,0.02736486515499269
4,OH0570200,"Dayton, OH",theft,-0.033476003709148536,-0.0489600393138258,0.02736832693400568
5,OH0570200,"Dayton, OH",theft,0.00180993091596623,0.023088731980924607,0.027364865154992694
6,OH0570200,"Dayton, OH",theft,0.023230761582622765,0.07999517658924485,0.027349533940609624
7,OH0570200,"Dayton, OH",theft,0.05336929189175766,0.12119057942260963,0.027322977495249225
8,OH0570200,"Dayton, OH",theft,0.06714888840375174,0.11977244981830337,0.027349533940609624
9,OH0570200,"Dayton, OH",theft,0.044121015690036715,0.07482632859235706,0.027364865154992694
10,OH0570200,"Dayton, OH",theft,0.022895821795177324,0.03335604252082091,0.02736832693400568
11,OH0570200,"Dayton, OH",theft,0.029789499310822014,0.013479426359466964,0.02736486515499269
12,OH0570200,"Dayton, OH",theft,0.018948850558136773,-0.02782302145584825,0.027349533940609624
1,OH0760000,"Stark, OH",theft,-0.042789109977786455,-0.08235280497169863,0.030239468449717144
2,OH0760000,"Stark, OH",theft,-0.09874831863054001,-0.10891254063100878,0.030297466186585954
3,OH0760000,"Stark, OH",theft,-0.08630062783079621,-0.10765079632831069,0.03031375895798279
4,OH0760000,"Stark, OH",theft,-0.033476003709148536,-0.08455428832208628,0.030327496889986448
5,OH0760000,"Stark, OH",theft,0.00180993091596623,-0.03076162600468719,0.030313758957982793
6,OH0760000,"Stark, OH",theft,0.023230761582622765,0.05650198171080867,0.030297466186585954
7,OH0760000,"Stark, OH",theft,0.05336929189175766,0.1321258866395215,0.03023946844971714
8,OH0760000,"Stark, OH",theft,0.06714888840375174,0.14044002069866496,0.030297466186585954
9,OH0760000,"Stark, OH",theft,0.044121015690036715,0.08940519472814402,0.030313758957982793
10,OH0760000,"Stark, OH",theft,0.022895821795177324,0.03478120665426341,0.030327496889986448
11,OH0760000,"Stark, OH",theft,0.029789499310822014,-7.658540629690511e-4,0.03031375895798279
12,OH0760000,"Stark, OH",theft,0.018948850558136773,-0.03825638011064191,0.030297466186585954
1,OH0760400,"Canton, OH",theft,-0.042789109977786455,-0.04107356146060477,0.027966880820349517
2,OH0760400,"Canton, OH",theft,-0.09874831863054001,-0.10384814330288913,0.027988781738065068
3,OH0760400,"Canton, OH",theft,-0.08630062783079621,-0.10076474439156852,0.028019102775981006
4,OH0760400,"Canton, OH",theft,-0.033476003709148536,-0.040277980386615134,0.028020043684130583
5,OH0760400,"Canton, OH",theft,0.00180993091596623,0.011593337109888078,0.02801910277598101
6,OH0760400,"Canton, OH",theft,0.023230761582622765,0.03583210689386748,0.027988781738065068
7,OH0760400,"Canton, OH",theft,0.05336929189175766,0.05713094641604142,0.027966880820349514
8,OH0760400,"Canton, OH",theft,0.06714888840375174,0.06902366158523482,0.027988781738065068
9,OH0760400,"Canton, OH",theft,0.044121015690036715,0.049882877718477533,0.028019102775981013
10,OH0760400,"Canton, OH",theft,0.022895821795177324,0.024220595431178483,0.028020043684130583
11,OH0760400,"Canton, OH",theft,0.029789499310822014,0.023231144607766208,0.028019102775981006
12,OH0760400,"Canton, OH",theft,0.018948850558136773,0.015049759779223529,0.027988781738065068
1,OH0770100,"Akron, OH",theft,-0.042789109977786455,-0.08408222746491154,0.026790584199290247
2,OH0770100,"Akron, OH",theft,-0.09874831863054001,-0.13983537558168524,0.02682082433459527
3,OH0770100,"Akron, OH",theft,-0.08630062783079621,-0.10654897698877866,0.026842173944431464
4,OH0770100,"Akron, OH",theft,-0.033476003709148536,-0.041272390066812166,0.026835970081212208
5,OH0770100,"Akron, OH",theft,0.00180993091596623,-0.013893575676538534,0.026842173944431464
6,OH0770100,"Akron, OH",theft,0.023230761582622765,0.011158724136096216,0.02682082433459527
7,OH0770100,"Akron, OH",theft,0.05336929189175766,0.07695482334863828,0.026790584199290243
8,OH0770100,"Akron, OH",theft,0.06714888840375174,0.12556613212191356,0.02682082433459527
9,OH0770100,"Akron, OH",theft,0.044121015690036715,0.0994071376452802,0.026842173944431467
10,OH0770100,"Akron, OH",theft,0.022895821795177324,0.048399794183085404,0.026835970081212208
11,OH0770100,"Akron, OH",theft,0.029789499310822014,0.02816281913631017,0.026842173944431464
12,OH0770100,"Akron, OH",theft,0.018948850558136773,-0.004016884792597684,0.02682082433459527
1,OHCIP0000,"Cincinnati, OH",theft,-0.042789109977786455,-0.08622014038238732,0.026253362399197393
2,OHCIP0000,"Cincinnati, OH",theft,-0.09874831863054001,-0.1254149089235052,0.026275833901823607
3,OHCIP0000,"Cincinnati, OH",theft,-0.08630062783079621,-0.09567176517694906,0.026297938508939564
4,OHCIP0000,"Cincinnati, OH",theft,-0.033476003709148536,-0.039029245528099665,0.026302141935986706
5,OHCIP0000,"Cincinnati, OH",theft,0.00180993091596623,0.003177807786863507,0.026297938508939564
6,OHCIP0000,"Cincinnati, OH",theft,0.023230761582622765,0.038166005993145596,0.026275833901823607
7,OHCIP0000,"Cincinnati, OH",theft,0.05336929189175766,0.0722780469072978,0.02625336239919739
8,OHCIP0000,"Cincinnati, OH",theft,0.06714888840375174,0.08295084003216895,0.026275833901823607
9,OHCIP0000,"Cincinnati, OH",theft,0.044121015690036715,0.06714978976070228,0.026297938508939567
10,OHCIP0000,"Cincinnati, OH",theft,0.022895821795177324,0.05297133900318916,0.026302141935986706
11,OHCIP0000,"Cincinnati, OH",theft,0.029789499310822014,0.03928626110447272,0.026297938508939564
12,OHCIP0000,"Cincinnati, OH",theft,0.018948850558136773,-0.009644030576898744,0.026275833901823607
1,OHCLP0000,"Cleveland, OH",theft,-0.042789109977786455,-0.07423315117944264,0.026144410298805258
2,OHCLP0000,"Cleveland, OH",theft,-0.09874831863054001,-0.1323934862129978,0.02617209769956526
3,OHCLP0000,"Cleveland, OH",theft,-0.08630062783079621,-0.1015749588782993,0.026190604115259107
4,OHCLP0000,"Cleveland, OH",theft,-0.033476003709148536,-0.03407598000651458,0.02619891759088584
5,OHCLP0000,"Cleveland, OH",theft,0.00180993091596623,-0.0030886767566924937,0.02619060411525911
6,OHCLP0000,"Cleveland, OH",theft,0.023230761582622765,0.026025463107225567,0.02617209769956526
7,OHCLP0000,"Cleveland, OH",theft,0.05336929189175766,0.09270933189247188,0.02614441029880525
8,OHCLP0000,"Cleveland, OH",theft,0.06714888840375174,0.12939075418650942,0.026172097699565265
9,OHCLP0000,"Cleveland, OH",theft,0.044121015690036715,0.0800960461387817,0.02619060411525911
10,OHCLP0000,"Cleveland, OH",theft,0.022895821795177324,0.015599799293485334,0.02619891759088584
11,OHCLP0000,"Cleveland, OH",theft,0.029789499310822014,0.006091408783180804,0.026190604115259107
12,OHCLP0000,"Cleveland, OH",theft,0.018948850558136773,-0.004546550367707893,0.02617209769956526
1,OHCOP0000,"Columbus, OH",theft,-0.042789109977786455,-0.048732666916450645,0.025839790415740145
2,OHCOP0000,"Columbus, OH",theft,-0.09874831863054001,-0.0888941032694127,0.02586346909250135
3,OHCOP0000,"Columbus, OH",theft,-0.08630062783079621,-0.0698569574512636,0.025887408150832653
4,OHCOP0000,"Columbus, OH",theft,-0.033476003709148536,-0.021793640035798305,0.02589235223225745
5,OHCOP0000,"Columbus, OH",theft,0.00180993091596623,9.46086458336493e-4,0.025887408150832656
6,OHCOP0000,"Columbus, OH",theft,0.023230761582622765,0.0161212903415195,0.02586346909250135
7,OHCOP0000,"Columbus, OH",theft,0.05336929189175766,0.05692072360076003,0.02583979041574014
8,OHCOP0000,"Columbus, OH",theft,0.06714888840375174,0.08556301462792631,0.025863469092501354
9,OHCOP0000,"Columbus, OH",theft,0.044121015690036715,0.05833781212546779,0.025887408150832656
10,OHCOP0000,"Columbus, OH",theft,0.022895821795177324,0.013605583351488914,0.02589235223225745
11,OHCOP0000,"Columbus, OH",theft,0.029789499310822014,0.0023850021831498735,0.025887408150832653
12,OHCOP0000,"Columbus, OH",theft,0.018948850558136773,-0.004602145015723665,0.02586346909250135
1,OK0140100,"Moore, OK",theft,-0.042789109977786455,-0.03239237215926356,0.030860121926053856
2,OK0140100,"Moore, OK",theft,-0.09874831863054001,-0.11236425128342566,0.030932999156193446
3,OK0140100,"Moore, OK",theft,-0.08630062783079621,-0.11963511871955923,0.030937443848098507
4,OK0140100,"Moore, OK",theft,-0.033476003709148536,-0.055994867516684026,0.030967528899503678
5,OK0140100,"Moore, OK",theft,0.00180993091596623,0.007180830155364526,0.03093744384809851
6,OK0140100,"Moore, OK",theft,0.023230761582622765,0.04252088891994825,0.030932999156193446
7,OK0140100,"Moore, OK",theft,0.05336929189175766,0.06775451858824239,0.03086012192605385
8,OK0140100,"Moore, OK",theft,0.06714888840375174,0.07362015274731029,0.030932999156193446
9,OK0140100,"Moore, OK",theft,0.044121015690036715,0.045528873754465,0.030937443848098514
10,OK0140100,"Moore, OK",theft,0.022895821795177324,0.020632721087705197,0.030967528899503678
11,OK0140100,"Moore, OK",theft,0.029789499310822014,0.03156326838075082,0.030937443848098507
12,OK0140100,"Moore, OK",theft,0.018948850558136773,0.03158535604514601,0.030932999156193446
1,OK0550300,"Edmond, OK",theft,-0.042789109977786455,-0.02183393494915087,0.02989837144463378
2,OK0550300,"Edmond, OK",theft,-0.09874831863054001,-0.048735788959716544,0.029917471427059517
3,OK0550300,"Edmond, OK",theft,-0.08630062783079621,-0.05354901869469058,0.02992351865129844
4,OK0550300,"Edmond, OK",theft,-0.033476003709148536,-0.03860244331769855,0.029940232402080342
5,OK0550300,"Edmond, OK",theft,0.00180993091596623,-0.012638740898133568,0.029923518651298442
6,OK0550300,"Edmond, OK",theft,0.023230761582622765,0.008537807411964618,0.029917471427059517
7,OK0550300,"Edmond, OK",theft,0.05336929189175766,0.014287175350874176,0.029898371444633774
8,OK0550300,"Edmond, OK",theft,0.06714888840375174,0.014678458207793593,0.029917471427059517
9,OK0550300,"Edmond, OK",theft,0.044121015690036715,0.027038447541044286,0.029923518651298445
10,OK0550300,"Edmond, OK",theft,0.022895821795177324,0.04614920291597524,0.029940232402080342
11,OK0550300,"Edmond, OK",theft,0.029789499310822014,0.04669607165005651,0.029923518651298442
12,OK0550300,"Edmond, OK",theft,0.018948850558136773,0.017972763741681684,0.029917471427059514
1,OK0550400,"Midwest City, OK",theft,-0.042789109977786455,-0.09023886425501935,0.029755617167316756
2,OK0550400,"Midwest City, OK",theft,-0.09874831863054001,-0.1245272631574163,0.0297921504241881
3,OK0550400,"Midwest City, OK",theft,-0.08630062783079621,-0.05901702122055172,0.029794089205846763
4,OK0550400,"Midwest City, OK",theft,-0.033476003709148536,0.018267025594071774,0.029792111198465046
5,OK0550400,"Midwest City, OK",theft,0.00180993091596623,0.040476132864108574,0.029794089205846766
6,OK0550400,"Midwest City, OK",theft,0.023230761582622765,0.043404027487754376,0.0297921504241881
7,OK0550400,"Midwest City, OK",theft,0.05336929189175766,0.05615537250360035,0.029755617167316752
8,OK0550400,"Midwest City, OK",theft,0.06714888840375174,0.04604423988711853,0.0297921504241881
9,OK0550400,"Midwest City, OK",theft,0.044121015690036715,0.014617489701672901,0.029794089205846766
10,OK0550400,"Midwest City, OK",theft,0.022895821795177324,0.01581646615734721,0.029792111198465046
11,OK0550400,"Midwest City, OK",theft,0.029789499310822014,0.03800689040618917,0.029794089205846763
12,OK0550400,"Midwest City, OK",theft,0.018948850558136773,9.955040311244966e-4,0.0297921504241881
1,OK0550600,"Oklahoma City, OK",theft,-0.042789109977786455,-0.056301715837048676,0.02591417939899261
2,OK0550600,"Oklahoma City, OK",theft,-0.09874831863054001,-0.11514345239053617,0.025935789176748922
3,OK0550600,"Oklahoma City, OK",theft,-0.08630062783079621,-0.09860076157881681,0.025958428197098888
4,OK0550600,"Oklahoma City, OK",theft,-0.033476003709148536,-0.027558308733359134,0.02596642099585652
5,OK0550600,"Oklahoma City, OK",theft,0.00180993091596623,0.027017411044917738,0.025958428197098888
6,OK0550600,"Oklahoma City, OK",theft,0.023230761582622765,0.043899516096544425,0.025935789176748922
7,OK0550600,"Oklahoma City, OK",theft,0.05336929189175766,0.04981431459267324,0.025914179398992605
8,OK0550600,"Oklahoma City, OK",theft,0.06714888840375174,0.05215485633139079,0.025935789176748922
9,OK0550600,"Oklahoma City, OK",theft,0.044121015690036715,0.04209956676404682,0.02595842819709889
10,OK0550600,"Oklahoma City, OK",theft,0.022895821795177324,0.03404570997773457,0.02596642099585652
11,OK0550600,"Oklahoma City, OK",theft,0.029789499310822014,0.03597118501422763,0.025958428197098888
12,OK0550600,"Oklahoma City, OK",theft,0.018948850558136773,0.012601678718225586,0.025935789176748922
1,OK0720100,"Broken Arrow, OK",theft,-0.042789109977786455,-0.04849555809895115,0.029169043735473823
2,OK0720100,"Broken Arrow, OK",theft,-0.09874831863054001,-0.11150978112421941,0.029197549862766282
3,OK0720100,"Broken Arrow, OK",theft,-0.08630062783079621,-0.09336986965552932,0.029230338198005093
4,OK0720100,"Broken Arrow, OK",theft,-0.033476003709148536,-0.03101861604063274,0.029217198824415844
5,OK0720100,"Broken Arrow, OK",theft,0.00180993091596623,0.01600940166907261,0.029230338198005097
6,OK0720100,"Broken Arrow, OK",theft,0.023230761582622765,0.04147031352779647,0.029197549862766282
7,OK0720100,"Broken Arrow, OK",theft,0.05336929189175766,0.053728969092708925,0.02916904373547382
8,OK0720100,"Broken Arrow, OK",theft,0.06714888840375174,0.04122786071157859,0.029197549862766285
9,OK0720100,"Broken Arrow, OK",theft,0.044121015690036715,0.01785453824913067,0.029230338198005097
10,OK0720100,"Broken Arrow, OK",theft,0.022895821795177324,0.02578520504687494,0.029217198824415844
11,OK0720100,"Broken Arrow, OK",theft,0.029789499310822014,0.0542725187435682,0.029230338198005093
12,OK0720100,"Broken Arrow, OK",theft,0.018948850558136773,0.03404501787860222,0.029197549862766282
1,OR0020100,"Corvallis, OR",theft,-0.042789109977786455,-0.06200169219855551,0.029082105733525546
2,OR0020100,"Corvallis, OR",theft,-0.09874831863054001,-0.13970532380223732,0.02910201208318847
3,OR0020100,"Corvallis, OR",theft,-0.08630062783079621,-0.11262070845219188,0.02910658452960605
4,OR0020100,"Corvallis, OR",theft,-0.033476003709148536,-0.036504445462581005,0.02908951027805746
5,OR0020100,"Corvallis, OR",theft,0.00180993091596623,-0.01521080420810983,0.029106584529606055
6,OR0020100,"Corvallis, OR",theft,0.023230761582622765,-0.03399889262913386,0.02910201208318847
7,OR0020100,"Corvallis, OR",theft,0.05336929189175766,-0.007125839275756339,0.029082105733525543
8,OR0020100,"Corvallis, OR",theft,0.06714888840375174,0.06306366949063519,0.029102012083188473
9,OR0020100,"Corvallis, OR",theft,0.044121015690036715,0.10510658561490158,0.029106584529606055
10,OR0020100,"Corvallis, OR",theft,0.022895821795177324,0.10563197693689286,0.02908951027805746
11,OR0020100,"Corvallis, OR",theft,0.029789499310822014,0.09185245851971191,0.02910658452960605
12,OR0020100,"Corvallis, OR",theft,0.018948850558136773,0.0415130154664242,0.02910201208318847
1,OR0030000,"Clackamas, OR",theft,-0.042789109977786455,-0.0075222804005906875,0.02710171611237501
2,OR0030000,"Clackamas, OR",theft,-0.09874831863054001,-0.07406789260585182,0.027128021902391178
3,OR0030000,"Clackamas, OR",theft,-0.08630062783079621,-0.06321776985286476,0.027155827654345006
4,OR0030000,"Clackamas, OR",theft,-0.033476003709148536,-0.028986871765088598,0.027156292010808915
5,OR0030000,"Clackamas, OR",theft,0.00180993091596623,-0.021189887605563534,0.027155827654345013
6,OR0030000,"Clackamas, OR",theft,0.023230761582622765,-0.004988150429107367,0.027128021902391178
7,OR0030000,"Clackamas, OR",theft,0.05336929189175766,0.03257126499547147,0.027101716112375007
8,OR0030000,"Clackamas, OR",theft,0.06714888840375174,0.035327916382115514,0.027128021902391178
9,OR0030000,"Clackamas, OR",theft,0.044121015690036715,-5.711909657524031e-4,0.027155827654345013
10,OR0030000,"Clackamas, OR",theft,0.022895821795177324,0.00393788717020778,0.027156292010808915
11,OR0030000,"Clackamas, OR",theft,0.029789499310822014,0.05992986382929985,0.027155827654345006
12,OR0030000,"Clackamas, OR",theft,0.018948850558136773,0.06877711124772456,0.027128021902391174
1,OR0090100,"Bend, OR",theft,-0.042789109977786455,-0.032531123738513745,0.028884372029167476
2,OR0090100,"Bend, OR",theft,-0.09874831863054001,-0.07825748224402126,0.028944454508489068
3,OR0090100,"Bend, OR",theft,-0.08630062783079621,-0.0722816044444074,0.028965860947819264
4,OR0090100,"Bend, OR",theft,-0.033476003709148536,-0.050009104442759654,0.02897559016333766
5,OR0090100,"Bend, OR",theft,0.00180993091596623,-0.034767770217390366,0.028965860947819267
6,OR0090100,"Bend, OR",theft,0.023230761582622765,0.01000096178132844,0.028944454508489068
7,OR0090100,"Bend, OR",theft,0.05336929189175766,0.07935909334739973,0.028884372029167472
8,OR0090100,"Bend, OR",theft,0.06714888840375174,0.09693947590777686,0.028944454508489068
9,OR0090100,"Bend, OR",theft,0.044121015690036715,0.04413562849927699,0.028965860947819267
10,OR0090100,"Bend, OR",theft,0.022895821795177324,0.0031811348338736532,0.02897559016333766
11,OR0090100,"Bend, OR",theft,0.029789499310822014,0.016085776553634752,0.028965860947819264
12,OR0090100,"Bend, OR",theft,0.018948850558136773,0.018145014163802025,0.028944454508489068
1,OR0150400,"Medford, OR",theft,-0.042789109977786455,-0.03946907012073269,0.02734244441577525
2,OR0150400,"Medford, OR",theft,-0.09874831863054001,-0.024443512993818056,0.027407414208987308
3,OR0150400,"Medford, OR",theft,-0.08630062783079621,-0.03999284952308528,0.027421638241098823
4,OR0150400,"Medford, OR",theft,-0.033476003709148536,-0.01441512882570303,0.027443162498389604
5,OR0150400,"Medford, OR",theft,0.00180993091596623,0.05051247639408682,0.02742163824109883
6,OR0150400,"Medford, OR",theft,0.023230761582622765,0.0858608087166794,0.027407414208987308
7,OR0150400,"Medford, OR",theft,0.05336929189175766,0.07871910496988353,0.027342444415775248
8,OR0150400,"Medford, OR",theft,0.06714888840375174,0.06816632708549734,0.027407414208987308
9,OR0150400,"Medford, OR",theft,0.044121015690036715,0.044465628765613746,0.02742163824109883
10,OR0150400,"Medford, OR",theft,0.022895821795177324,-0.02483490602344779,0.027443162498389604
11,OR0150400,"Medford, OR",theft,0.029789499310822014,-0.09423529048576611,0.027421638241098823
12,OR0150400,"Medford, OR",theft,0.018948850558136773,-0.09033358795920789,0.027407414208987305
1,OR0220100,"Albany, OR",theft,-0.042789109977786455,-0.03381423637886921,0.029963263838611687
2,OR0220100,"Albany, OR",theft,-0.09874831863054001,-0.11868587352622925,0.02999382127597358
3,OR0220100,"Albany, OR",theft,-0.08630062783079621,-0.07058736817290068,0.030010922983705668
4,OR0220100,"Albany, OR",theft,-0.033476003709148536,0.010082695036441096,0.03001637348114766
5,OR0220100,"Albany, OR",theft,0.00180993091596623,0.001862669104865168,0.03001092298370567
6,OR0220100,"Albany, OR",theft,0.023230761582622765,-0.019426872850438495,0.02999382127597358
7,OR0220100,"Albany, OR",theft,0.05336929189175766,0.03678483406332313,0.029963263838611684
8,OR0220100,"Albany, OR",theft,0.06714888840375174,0.08073057034943809,0.02999382127597358
9,OR0220100,"Albany, OR",theft,0.044121015690036715,0.02966146731165557,0.03001092298370567
10,OR0220100,"Albany, OR",theft,0.022895821795177324,-0.013053292720895032,0.03001637348114766
11,OR0220100,"Albany, OR",theft,0.029789499310822014,0.03609263407192597,0.030010922983705668
12,OR0220100,"Albany, OR",theft,0.018948850558136773,0.060352773711683655,0.02999382127597358
1,OR0240200,"Salem, OR",theft,-0.042789109977786455,-0.01599337568295366,0.026802282890780425
2,OR0240200,"Salem, OR",theft,-0.09874831863054001,-0.05610570383582929,0.026837518418820223
3,OR0240200,"Salem, OR",theft,-0.08630062783079621,-0.04975738438391061,0.02684929775828658
4,OR0240200,"Salem, OR",theft,-0.033476003709148536,-0.01676762247105212,0.026855137184093953
5,OR0240200,"Salem, OR",theft,0.00180993091596623,0.0112170045061181,0.026849297758286584
6,OR0240200,"Salem, OR",theft,0.023230761582622765,0.019924600699083327,0.026837518418820223
7,OR0240200,"Salem, OR",theft,0.05336929189175766,0.00789980633809724,0.026802282890780422
8,OR0240200,"Salem, OR",theft,0.06714888840375174,-0.011899455001657414,0.026837518418820223
9,OR0240200,"Salem, OR",theft,0.044121015690036715,-0.010154205108719713,0.026849297758286587
10,OR0240200,"Salem, OR",theft,0.022895821795177324,0.024861191815908533,0.026855137184093953
11,OR0240200,"Salem, OR",theft,0.029789499310822014,0.05678815433136859,0.02684929775828658
12,OR0240200,"Salem, OR",theft,0.018948850558136773,0.03998698879354701,0.026837518418820223
1,OR0260100,"Gresham, OR",theft,-0.042789109977786455,0.042741966300740286,0.02840252169453443
2,OR0260100,"Gresham, OR",theft,-0.09874831863054001,-0.03893175348392581,0.02844358021550166
3,OR0260100,"Gresham, OR",theft,-0.08630062783079621,-0.03790841352700898,0.028441309261857003
4,OR0260100,"Gresham, OR",theft,-0.033476003709148536,-0.0018400682562915015,0.02844904438782255
5,OR0260100,"Gresham, OR",theft,0.00180993091596623,-0.023115875567577195,0.028441309261857006
6,OR0260100,"Gresham, OR",theft,0.023230761582622765,-0.05990045128126848,0.02844358021550166
7,OR0260100,"Gresham, OR",theft,0.05336929189175766,-0.034040854583115086,0.028402521694534427
8,OR0260100,"Gresham, OR",theft,0.06714888840375174,0.00821447975298268,0.02844358021550166
9,OR0260100,"Gresham, OR",theft,0.044121015690036715,-0.0015099719215594034,0.02844130926185701
10,OR0260100,"Gresham, OR",theft,0.022895821795177324,-0.006861043461333718,0.02844904438782255
11,OR0260100,"Gresham, OR",theft,0.029789499310822014,0.05383314929852034,0.028441309261857006
12,OR0260100,"Gresham, OR",theft,0.018948850558136773,0.09931883672983687,0.02844358021550166
1,OR0260200,"Portland, OR",theft,-0.042789109977786455,-0.02208105312780199,0.025756943486426105
2,OR0260200,"Portland, OR",theft,-0.09874831863054001,-0.07120509754568434,0.025777811431792735
3,OR0260200,"Portland, OR",theft,-0.08630062783079621,-0.05912396243671589,0.025800478309506193
4,OR0260200,"Portland, OR",theft,-0.033476003709148536,-0.028396046467459662,0.025805560641417456
5,OR0260200,"Portland, OR",theft,0.00180993091596623,-0.031579519397420236,0.025800478309506197
6,OR0260200,"Portland, OR",theft,0.023230761582622765,-0.034155128819517384,0.025777811431792735
7,OR0260200,"Portland, OR",theft,0.05336929189175766,0.008286162697272519,0.0257569434864261
8,OR0260200,"Portland, OR",theft,0.06714888840375174,0.05575528229891753,0.025777811431792735
9,OR0260200,"Portland, OR",theft,0.044121015690036715,0.05746903762047852,0.0258004783095062
10,OR0260200,"Portland, OR",theft,0.022895821795177324,0.042190936897989126,0.025805560641417456
11,OR0260200,"Portland, OR",theft,0.029789499310822014,0.047029334644187015,0.025800478309506193
12,OR0260200,"Portland, OR",theft,0.018948850558136773,0.03581005363575477,0.025777811431792735
1,OR0340000,"Washington, OR",theft,-0.042789109977786455,0.0048730622931194454,0.028524415708831477
2,OR0340000,"Washington, OR",theft,-0.09874831863054001,-0.06526660060703739,0.028548583504589744
3,OR0340000,"Washington, OR",theft,-0.08630062783079621,-0.05486194694379834,0.028570918443323077
4,OR0340000,"Washington, OR",theft,-0.033476003709148536,-0.008149944233762257,0.028543245341916216
5,OR0340000,"Washington, OR",theft,0.00180993091596623,-0.0111551467155728,0.02857091844332308
6,OR0340000,"Washington, OR",theft,0.023230761582622765,-0.03821372086242848,0.028548583504589744
7,OR0340000,"Washington, OR",theft,0.05336929189175766,-0.01972244021806641,0.028524415708831474
8,OR0340000,"Washington, OR",theft,0.06714888840375174,0.019940629104057483,0.028548583504589744
9,OR0340000,"Washington, OR",theft,0.044121015690036715,0.024385353365765357,0.028570918443323084
10,OR0340000,"Washington, OR",theft,0.022895821795177324,0.02299932215870922,0.028543245341916216
11,OR0340000,"Washington, OR",theft,0.029789499310822014,0.0564811182185527,0.028570918443323077
12,OR0340000,"Washington, OR",theft,0.018948850558136773,0.06869031444046146,0.028548583504589744
1,OR0340100,"Beaverton, OR",theft,-0.042789109977786455,-0.024246787542119723,0.028526383868681643
2,OR0340100,"Beaverton, OR",theft,-0.09874831863054001,-0.08992751149399664,0.028552501600684888
3,OR0340100,"Beaverton, OR",theft,-0.08630062783079621,-0.057154444444099464,0.028560878482224186
4,OR0340100,"Beaverton, OR",theft,-0.033476003709148536,0.007579758490431141,0.028583703392949345
5,OR0340100,"Beaverton, OR",theft,0.00180993091596623,0.012632838043121354,0.02856087848222419
6,OR0340100,"Beaverton, OR",theft,0.023230761582622765,-0.004324537007485004,0.028552501600684888
7,OR0340100,"Beaverton, OR",theft,0.05336929189175766,0.01884047645255672,0.02852638386868164
8,OR0340100,"Beaverton, OR",theft,0.06714888840375174,0.038875041609536545,0.028552501600684888
9,OR0340100,"Beaverton, OR",theft,0.044121015690036715,0.011508285649202346,0.028560878482224192
10,OR0340100,"Beaverton, OR",theft,0.022895821795177324,-0.0021734474008681375,0.028583703392949345
11,OR0340100,"Beaverton, OR",theft,0.029789499310822014,0.03841963184133872,0.028560878482224186
12,OR0340100,"Beaverton, OR",theft,0.018948850558136773,0.049970695802382135,0.028552501600684888
1,OR0340300,"Hillsboro, OR",theft,-0.042789109977786455,-1.4421997303822707e-4,0.028336748676660486
2,OR0340300,"Hillsboro, OR",theft,-0.09874831863054001,-0.06730244269614712,0.02837630397249586
3,OR0340300,"Hillsboro, OR",theft,-0.08630062783079621,-0.06481145123782847,0.028388341825659445
4,OR0340300,"Hillsboro, OR",theft,-0.033476003709148536,-0.027765082848437077,0.02840240257263643
5,OR0340300,"Hillsboro, OR",theft,0.00180993091596623,-0.016734427216703304,0.028388341825659448
6,OR0340300,"Hillsboro, OR",theft,0.023230761582622765,-0.011527608787393374,0.02837630397249586
7,OR0340300,"Hillsboro, OR",theft,0.05336929189175766,0.01894452011483709,0.028336748676660483
8,OR0340300,"Hillsboro, OR",theft,0.06714888840375174,0.036488058884565217,0.02837630397249586
9,OR0340300,"Hillsboro, OR",theft,0.044121015690036715,0.015196767284447667,0.02838834182565945
10,OR0340300,"Hillsboro, OR",theft,0.022895821795177324,0.008964782706638197,0.02840240257263643
11,OR0340300,"Hillsboro, OR",theft,0.029789499310822014,0.047548811028285204,0.028388341825659445
12,OR0340300,"Hillsboro, OR",theft,0.018948850558136773,0.06114229274077419,0.02837630397249586
1,OR0340400,"Tigard, OR",theft,-0.042789109977786455,-0.004918506827521847,0.029212345820400346
2,OR0340400,"Tigard, OR",theft,-0.09874831863054001,-0.06396001348802322,0.029232154854484993
3,OR0340400,"Tigard, OR",theft,-0.08630062783079621,-0.028465561294799366,0.029241418497729193
4,OR0340400,"Tigard, OR",theft,-0.033476003709148536,-0.0025180689885016274,0.029276017022305482
5,OR0340400,"Tigard, OR",theft,0.00180993091596623,-0.033883182663093224,0.029241418497729193
6,OR0340400,"Tigard, OR",theft,0.023230761582622765,-0.03337037587371909,0.029232154854484993
7,OR0340400,"Tigard, OR",theft,0.05336929189175766,0.020285377340531187,0.029212345820400342
8,OR0340400,"Tigard, OR",theft,0.06714888840375174,0.026296126686950368,0.029232154854484993
9,OR0340400,"Tigard, OR",theft,0.044121015690036715,-0.024565196019282858,0.029241418497729196
10,OR0340400,"Tigard, OR",theft,0.022895821795177324,-0.012848801524507751,0.029276017022305482
11,OR0340400,"Tigard, OR",theft,0.029789499310822014,0.07154706946416606,0.029241418497729193
12,OR0340400,"Tigard, OR",theft,0.018948850558136773,0.08640113318780138,0.029232154854484993
1,PA0061400,"Reading, PA",theft,-0.042789109977786455,-0.020083430304118563,0.03010413395044116
2,PA0061400,"Reading, PA",theft,-0.09874831863054001,-0.08972071213380732,0.030126855520140324
3,PA0061400,"Reading, PA",theft,-0.08630062783079621,-0.129689898413782,0.030198038849013054
4,PA0061400,"Reading, PA",theft,-0.033476003709148536,-0.11733009620980726,0.03019730269928207
5,PA0061400,"Reading, PA",theft,0.00180993091596623,-0.04522731107939754,0.030198038849013058
6,PA0061400,"Reading, PA",theft,0.023230761582622765,0.043532263769396,0.030126855520140324
7,PA0061400,"Reading, PA",theft,0.05336929189175766,0.0805077968853936,0.030104133950441158
8,PA0061400,"Reading, PA",theft,0.06714888840375174,0.05744118101444669,0.030126855520140324
9,PA0061400,"Reading, PA",theft,0.044121015690036715,0.03698600071314628,0.030198038849013058
10,PA0061400,"Reading, PA",theft,0.022895821795177324,0.05690572962853222,0.03019730269928207
11,PA0061400,"Reading, PA",theft,0.029789499310822014,0.07750684219875816,0.030198038849013054
12,PA0061400,"Reading, PA",theft,0.018948850558136773,0.04917163393123977,0.030126855520140324
1,PA0090100,"Bensalem, PA",theft,-0.042789109977786455,-0.013518345895017998,0.029298927000236195
2,PA0090100,"Bensalem, PA",theft,-0.09874831863054001,-0.07685776095738237,0.029349585458634957
3,PA0090100,"Bensalem, PA",theft,-0.08630062783079621,-0.09679676404429095,0.029345787454348883
4,PA0090100,"Bensalem, PA",theft,-0.033476003709148536,-0.05661534063182235,0.029403467466494474
5,PA0090100,"Bensalem, PA",theft,0.00180993091596623,-0.0050018502045585875,0.029345787454348887
6,PA0090100,"Bensalem, PA",theft,0.023230761582622765,0.02498933293824251,0.029349585458634957
7,PA0090100,"Bensalem, PA",theft,0.05336929189175766,0.044175405815744966,0.029298927000236192
8,PA0090100,"Bensalem, PA",theft,0.06714888840375174,0.055418794178890673,0.02934958545863496
9,PA0090100,"Bensalem, PA",theft,0.044121015690036715,0.04470073734507227,0.029345787454348887
10,PA0090100,"Bensalem, PA",theft,0.022895821795177324,0.025958280711095384,0.029403467466494474
11,PA0090100,"Bensalem, PA",theft,0.029789499310822014,0.026440816983050265,0.029345787454348883
12,PA0090100,"Bensalem, PA",theft,0.018948850558136773,0.027106693760976186,0.029349585458634957
1,PA0140300,"State College, PA",theft,-0.042789109977786455,-0.08079877565301744,0.033951916246855646
2,PA0140300,"State College, PA",theft,-0.09874831863054001,-0.08929645968886298,0.03398692761547484
3,PA0140300,"State College, PA",theft,-0.08630062783079621,-0.06298465203945519,0.033924020539322315
4,PA0140300,"State College, PA",theft,-0.033476003709148536,-0.04402651105403849,0.03393282563134986
5,PA0140300,"State College, PA",theft,0.00180993091596623,-0.06093040423777269,0.03392402053932232
6,PA0140300,"State College, PA",theft,0.023230761582622765,-0.07441853347315061,0.03398692761547484
7,PA0140300,"State College, PA",theft,0.05336929189175766,-0.02067189165904811,0.033951916246855646
8,PA0140300,"State College, PA",theft,0.06714888840375174,0.08830058031975295,0.03398692761547484
9,PA0140300,"State College, PA",theft,0.044121015690036715,0.16345943998241066,0.03392402053932232
10,PA0140300,"State College, PA",theft,0.022895821795177324,0.14549717836610404,0.03393282563134986
11,PA0140300,"State College, PA",theft,0.029789499310822014,0.061926283606882654,0.033924020539322315
12,PA0140300,"State College, PA",theft,0.018948850558136773,-0.026056254469804835,0.03398692761547483
1,PA0220200,"Harrisburg, PA",theft,-0.042789109977786455,-0.09628078172762963,0.032025996772090753
2,PA0220200,"Harrisburg, PA",theft,-0.09874831863054001,-0.15270379706074338,0.03207374550631649
3,PA0220200,"Harrisburg, PA",theft,-0.08630062783079621,-0.11776263469761197,0.03208276812093836
4,PA0220200,"Harrisburg, PA",theft,-0.033476003709148536,-0.05757978344855565,0.03210070885610735
5,PA0220200,"Harrisburg, PA",theft,0.00180993091596623,-0.02478616803859588,0.03208276812093837
6,PA0220200,"Harrisburg, PA",theft,0.023230761582622765,0.021429987223749225,0.03207374550631649
7,PA0220200,"Harrisburg, PA",theft,0.05336929189175766,0.09756045291514015,0.032025996772090747
8,PA0220200,"Harrisburg, PA",theft,0.06714888840375174,0.13313894161356632,0.03207374550631649
9,PA0220200,"Harrisburg, PA",theft,0.044121015690036715,0.09691810806292436,0.03208276812093837
10,PA0220200,"Harrisburg, PA",theft,0.022895821795177324,0.056300112261045115,0.03210070885610735
11,PA0220200,"Harrisburg, PA",theft,0.029789499310822014,0.0443510234857729,0.03208276812093836
12,PA0220200,"Harrisburg, PA",theft,0.018948850558136773,-5.854605890615287e-4,0.03207374550631649
1,PA0220400,"Lower Paxton, PA",theft,-0.042789109977786455,-0.07695038067206747,0.0331809782743937
2,PA0220400,"Lower Paxton, PA",theft,-0.09874831863054001,-0.1344982638986896,0.033219825504448956
3,PA0220400,"Lower Paxton, PA",theft,-0.08630062783079621,-0.10210914962029038,0.03323064805136036
4,PA0220400,"Lower Paxton, PA",theft,-0.033476003709148536,-0.02997294425059983,0.03325754565833195
5,PA0220400,"Lower Paxton, PA",theft,0.00180993091596623,0.026060477826437257,0.03323064805136037
6,PA0220400,"Lower Paxton, PA",theft,0.023230761582622765,0.06999543865755439,0.033219825504448956
7,PA0220400,"Lower Paxton, PA",theft,0.05336929189175766,0.09681635056805638,0.0331809782743937
8,PA0220400,"Lower Paxton, PA",theft,0.06714888840375174,0.07304668997708143,0.033219825504448956
9,PA0220400,"Lower Paxton, PA",theft,0.044121015690036715,0.020791605802693257,0.03323064805136037
10,PA0220400,"Lower Paxton, PA",theft,0.022895821795177324,0.010106974354610903,0.03325754565833195
11,PA0220400,"Lower Paxton, PA",theft,0.029789499310822014,0.035391096095170896,0.03323064805136036
12,PA0220400,"Lower Paxton, PA",theft,0.018948850558136773,0.01132210516004281,0.033219825504448956
1,PA0231400,"Haverford, PA",theft,-0.042789109977786455,-0.07251716666781746,0.03359723421989474
2,PA0231400,"Haverford, PA",theft,-0.09874831863054001,-0.09731406987503927,0.03361658566432795
3,PA0231400,"Haverford, PA",theft,-0.08630062783079621,-0.08005278708789582,0.033572214305954966
4,PA0231400,"Haverford, PA",theft,-0.033476003709148536,-0.010150982155557218,0.03362943561080058
5,PA0231400,"Haverford, PA",theft,0.00180993091596623,0.045708957713314076,0.03357221430595497
6,PA0231400,"Haverford, PA",theft,0.023230761582622765,0.04275824528255773,0.03361658566432795
7,PA0231400,"Haverford, PA",theft,0.05336929189175766,0.03051862956792461,0.03359723421989473
8,PA0231400,"Haverford, PA",theft,0.06714888840375174,0.05744339867520727,0.03361658566432795
9,PA0231400,"Haverford, PA",theft,0.044121015690036715,0.08218065298795668,0.03357221430595497
10,PA0231400,"Haverford, PA",theft,0.022895821795177324,0.05214951925545008,0.03362943561080058
11,PA0231400,"Haverford, PA",theft,0.029789499310822014,-0.0058382865134821325,0.033572214305954966
12,PA0231400,"Haverford, PA",theft,0.018948850558136773,-0.044886111182618565,0.03361658566432795
1,PA0233700,"Upper Darby, PA",theft,-0.042789109977786455,-0.045128375413786274,0.029846806106276803
2,PA0233700,"Upper Darby, PA",theft,-0.09874831863054001,-0.1168113164392936,0.0298607771745182
3,PA0233700,"Upper Darby, PA",theft,-0.08630062783079621,-0.0876748856954554,0.029856480233707575
4,PA0233700,"Upper Darby, PA",theft,-0.033476003709148536,0.022333493827232733,0.029856368270167077
5,PA0233700,"Upper Darby, PA",theft,0.00180993091596623,0.07690137566133032,0.02985648023370758
6,PA0233700,"Upper Darby, PA",theft,0.023230761582622765,0.03487174246183645,0.0298607771745182
7,PA0233700,"Upper Darby, PA",theft,0.05336929189175766,-0.0057214272927909775,0.0298468061062768
8,PA0233700,"Upper Darby, PA",theft,0.06714888840375174,0.011146690494331488,0.0298607771745182
9,PA0233700,"Upper Darby, PA",theft,0.044121015690036715,0.0328600624570705,0.02985648023370758
10,PA0233700,"Upper Darby, PA",theft,0.022895821795177324,0.028516308879344525,0.029856368270167077
11,PA0233700,"Upper Darby, PA",theft,0.029789499310822014,0.028763250283631782,0.029856480233707575
12,PA0233700,"Upper Darby, PA",theft,0.018948850558136773,0.019943080776548442,0.0298607771745182
1,PA0250200,"Erie, PA",theft,-0.042789109977786455,-0.10538538307712793,0.029046463867039275
2,PA0250200,"Erie, PA",theft,-0.09874831863054001,-0.17180509951308587,0.029082739082791548
3,PA0250200,"Erie, PA",theft,-0.08630062783079621,-0.17799930889271054,0.029084674987251084
4,PA0250200,"Erie, PA",theft,-0.033476003709148536,-0.08475573338844304,0.029109422784238004
5,PA0250200,"Erie, PA",theft,0.00180993091596623,0.04176106332796153,0.029084674987251088
6,PA0250200,"Erie, PA",theft,0.023230761582622765,0.12501294310061214,0.029082739082791548
7,PA0250200,"Erie, PA",theft,0.05336929189175766,0.1591191946090005,0.029046463867039272
8,PA0250200,"Erie, PA",theft,0.06714888840375174,0.1579111998885289,0.02908273908279155
9,PA0250200,"Erie, PA",theft,0.044121015690036715,0.110371597736281,0.029084674987251088
10,PA0250200,"Erie, PA",theft,0.022895821795177324,0.03102192185657047,0.029109422784238004
11,PA0250200,"Erie, PA",theft,0.029789499310822014,-0.02786716370340463,0.029084674987251084
12,PA0250200,"Erie, PA",theft,0.018948850558136773,-0.05738523194418253,0.029082739082791548
1,PA0250300,"Millcreek, PA",theft,-0.042789109977786455,-0.09875732149170485,0.034077594206861475
2,PA0250300,"Millcreek, PA",theft,-0.09874831863054001,-0.1570692615421691,0.034080776598614096
3,PA0250300,"Millcreek, PA",theft,-0.08630062783079621,-0.14951073269955728,0.03411675260874861
4,PA0250300,"Millcreek, PA",theft,-0.033476003709148536,-0.08075834342580326,0.03410398503669206
5,PA0250300,"Millcreek, PA",theft,0.00180993091596623,0.00486460771204823,0.034116752608748614
6,PA0250300,"Millcreek, PA",theft,0.023230761582622765,0.07022710578481883,0.034080776598614096
7,PA0250300,"Millcreek, PA",theft,0.05336929189175766,0.10470115753388345,0.034077594206861475
8,PA0250300,"Millcreek, PA",theft,0.06714888840375174,0.11106228796410642,0.034080776598614096
9,PA0250300,"Millcreek, PA",theft,0.044121015690036715,0.09755992307931599,0.034116752608748614
10,PA0250300,"Millcreek, PA",theft,0.022895821795177324,0.07481450738362466,0.03410398503669206
11,PA0250300,"Millcreek, PA",theft,0.029789499310822014,0.0411423658660144,0.03411675260874861
12,PA0250300,"Millcreek, PA",theft,0.018948850558136773,-0.018276296164577446,0.034080776598614096
1,PA0350400,"Scranton, PA",theft,-0.042789109977786455,-0.03904822178812451,0.03074419709437806
2,PA0350400,"Scranton, PA",theft,-0.09874831863054001,-0.06712392623175048,0.030790089461081898
3,PA0350400,"Scranton, PA",theft,-0.08630062783079621,-0.07256637228466553,0.03083380400807739
4,PA0350400,"Scranton, PA",theft,-0.033476003709148536,-0.06615164816309602,0.03083425460476287
5,PA0350400,"Scranton, PA",theft,0.00180993091596623,-0.026960398906678205,0.030833804008077392
6,PA0350400,"Scranton, PA",theft,0.023230761582622765,0.0427079086243334,0.030790089461081898
7,PA0350400,"Scranton, PA",theft,0.05336929189175766,0.08184883158488804,0.03074419709437805
8,PA0350400,"Scranton, PA",theft,0.06714888840375174,0.05610668406524639,0.030790089461081898
9,PA0350400,"Scranton, PA",theft,0.044121015690036715,0.018748520321397878,0.030833804008077392
10,PA0350400,"Scranton, PA",theft,0.022895821795177324,0.02335103836633248,0.03083425460476287
11,PA0350400,"Scranton, PA",theft,0.029789499310822014,0.03797764107318228,0.03083380400807739
12,PA0350400,"Scranton, PA",theft,0.018948850558136773,0.0111099433389343,0.030790089461081895
1,PA0360500,"Lancaster, PA",theft,-0.042789109977786455,-0.051336918131647535,0.0304599455122115
2,PA0360500,"Lancaster, PA",theft,-0.09874831863054001,-0.13169345492994824,0.03050469086743536
3,PA0360500,"Lancaster, PA",theft,-0.08630062783079621,-0.13887678665683026,0.030527331575137567
4,PA0360500,"Lancaster, PA",theft,-0.033476003709148536,-0.06081306589358512,0.030505001640792475
5,PA0360500,"Lancaster, PA",theft,0.00180993091596623,0.018700582041509737,0.03052733157513757
6,PA0360500,"Lancaster, PA",theft,0.023230761582622765,0.03786427383646217,0.03050469086743536
7,PA0360500,"Lancaster, PA",theft,0.05336929189175766,0.031381962681535244,0.030459945512211494
8,PA0360500,"Lancaster, PA",theft,0.06714888840375174,0.048788864802437715,0.03050469086743536
9,PA0360500,"Lancaster, PA",theft,0.044121015690036715,0.07592715197943199,0.030527331575137574
10,PA0360500,"Lancaster, PA",theft,0.022895821795177324,0.0807680213436974,0.030505001640792475
11,PA0360500,"Lancaster, PA",theft,0.029789499310822014,0.06420400808600076,0.030527331575137567
12,PA0360500,"Lancaster, PA",theft,0.018948850558136773,0.025085360840936124,0.03050469086743536
1,PA0390100,"Allentown, PA",theft,-0.042789109977786455,-0.019484967939545402,0.02839057110937241
2,PA0390100,"Allentown, PA",theft,-0.09874831863054001,-0.09673593752979187,0.028445459730568307
3,PA0390100,"Allentown, PA",theft,-0.08630062783079621,-0.09434248268697192,0.02845341365326196
4,PA0390100,"Allentown, PA",theft,-0.033476003709148536,-0.031770983764856986,0.02845846331521733
5,PA0390100,"Allentown, PA",theft,0.00180993091596623,1.9163165194248215e-4,0.028453413653261962
6,PA0390100,"Allentown, PA",theft,0.023230761582622765,-0.0023365682852446398,0.028445459730568307
7,PA0390100,"Allentown, PA",theft,0.05336929189175766,0.020740575389240054,0.028390571109372407
8,PA0390100,"Allentown, PA",theft,0.06714888840375174,0.05809755130018546,0.02844545973056831
9,PA0390100,"Allentown, PA",theft,0.044121015690036715,0.05444848900767082,0.028453413653261962
10,PA0390100,"Allentown, PA",theft,0.022895821795177324,0.03051537631516233,0.02845846331521733
11,PA0390100,"Allentown, PA",theft,0.029789499310822014,0.03844675457766391,0.02845341365326196
12,PA0390100,"Allentown, PA",theft,0.018948850558136773,0.04223056196454575,0.028445459730568307
1,PA0460100,"Abington, PA",theft,-0.042789109977786455,-0.014478167346964419,0.03065002475273864
2,PA0460100,"Abington, PA",theft,-0.09874831863054001,-0.1263611290089461,0.030661424516800942
3,PA0460100,"Abington, PA",theft,-0.08630062783079621,-0.16750021266682047,0.03070944553933327
4,PA0460100,"Abington, PA",theft,-0.033476003709148536,-0.10452942861153147,0.030719768101219565
5,PA0460100,"Abington, PA",theft,0.00180993091596623,-0.018781091941381816,0.030709445539333278
6,PA0460100,"Abington, PA",theft,0.023230761582622765,0.019361155531924787,0.030661424516800942
7,PA0460100,"Abington, PA",theft,0.05336929189175766,0.032481981599751505,0.030650024752738637
8,PA0460100,"Abington, PA",theft,0.06714888840375174,0.05788326238028378,0.030661424516800942
9,PA0460100,"Abington, PA",theft,0.044121015690036715,0.08101853178537102,0.030709445539333278
10,PA0460100,"Abington, PA",theft,0.022895821795177324,0.08652561435874438,0.030719768101219565
11,PA0460100,"Abington, PA",theft,0.029789499310822014,0.0872589585700441,0.03070944553933327
12,PA0460100,"Abington, PA",theft,0.018948850558136773,0.06712052534952467,0.030661424516800942
1,PA0461400,"Lower Merion, PA",theft,-0.042789109977786455,-0.03335915005578995,0.03135301781824992
2,PA0461400,"Lower Merion, PA",theft,-0.09874831863054001,-0.08971939492839527,0.03135726455158876
3,PA0461400,"Lower Merion, PA",theft,-0.08630062783079621,-0.07674636590906787,0.03135792992547313
4,PA0461400,"Lower Merion, PA",theft,-0.033476003709148536,-0.008367234629494392,0.031373481858852435
5,PA0461400,"Lower Merion, PA",theft,0.00180993091596623,0.02808051240801663,0.031357929925473135
6,PA0461400,"Lower Merion, PA",theft,0.023230761582622765,0.010016689793657024,0.03135726455158876
7,PA0461400,"Lower Merion, PA",theft,0.05336929189175766,1.771812344254327e-4,0.03135301781824992
8,PA0461400,"Lower Merion, PA",theft,0.06714888840375174,0.026157959664063004,0.03135726455158876
9,PA0461400,"Lower Merion, PA",theft,0.044121015690036715,0.046366899466100106,0.031357929925473135
10,PA0461400,"Lower Merion, PA",theft,0.022895821795177324,0.04154920345085892,0.031373481858852435
11,PA0461400,"Lower Merion, PA",theft,0.029789499310822014,0.03548092285631562,0.03135792992547313
12,PA0461400,"Lower Merion, PA",theft,0.018948850558136773,0.020362776649310757,0.03135726455158876
1,PA0480300,"Bethlehem, PA",theft,-0.042789109977786455,-0.01725987048089879,0.030596815222517063
2,PA0480300,"Bethlehem, PA",theft,-0.09874831863054001,-0.12322966147953066,0.030633750338559546
3,PA0480300,"Bethlehem, PA",theft,-0.08630062783079621,-0.1444055924656583,0.030664787629776234
4,PA0480300,"Bethlehem, PA",theft,-0.033476003709148536,-0.05257966665125447,0.030693295223962993
5,PA0480300,"Bethlehem, PA",theft,0.00180993091596623,0.03851331364716101,0.03066478762977624
6,PA0480300,"Bethlehem, PA",theft,0.023230761582622765,0.058632973821529856,0.030633750338559546
7,PA0480300,"Bethlehem, PA",theft,0.05336929189175766,0.05456543982443732,0.030596815222517053
8,PA0480300,"Bethlehem, PA",theft,0.06714888840375174,0.05957790212416734,0.030633750338559546
9,PA0480300,"Bethlehem, PA",theft,0.044121015690036715,0.043448263766756416,0.03066478762977624
10,PA0480300,"Bethlehem, PA",theft,0.022895821795177324,0.015274097307715947,0.030693295223962993
11,PA0480300,"Bethlehem, PA",theft,0.029789499310822014,0.025138445708202277,0.030664787629776234
12,PA0480300,"Bethlehem, PA",theft,0.018948850558136773,0.042324354877372024,0.030633750338559546
1,PAPEP0000,"Philadelphia, PA",theft,-0.042789109977786455,-0.06856706987693972,0.025656152787613823
2,PAPEP0000,"Philadelphia, PA",theft,-0.09874831863054001,-0.12962204794720594,0.02567559710589326
3,PAPEP0000,"Philadelphia, PA",theft,-0.08630062783079621,-0.10971580103068632,0.0257001563413424
4,PAPEP0000,"Philadelphia, PA",theft,-0.033476003709148536,-0.030990985831199913,0.025705932139306404
5,PAPEP0000,"Philadelphia, PA",theft,0.00180993091596623,0.022157037131320393,0.025700156341342404
6,PAPEP0000,"Philadelphia, PA",theft,0.023230761582622765,0.032835991801611474,0.02567559710589326
7,PAPEP0000,"Philadelphia, PA",theft,0.05336929189175766,0.04913727070771791,0.02565615278761382
8,PAPEP0000,"Philadelphia, PA",theft,0.06714888840375174,0.07645606564066414,0.025675597105893264
9,PAPEP0000,"Philadelphia, PA",theft,0.044121015690036715,0.0759796178933663,0.025700156341342404
10,PAPEP0000,"Philadelphia, PA",theft,0.022895821795177324,0.05042078500042173,0.025705932139306404
11,PAPEP0000,"Philadelphia, PA",theft,0.029789499310822014,0.03100894517522138,0.0257001563413424
12,PAPEP0000,"Philadelphia, PA",theft,0.018948850558136773,9.001913357085806e-4,0.02567559710589326
1,PAPPD0000,"Pittsburgh, PA",theft,-0.042789109977786455,-0.06514203144817149,0.02648531599888283
2,PAPPD0000,"Pittsburgh, PA",theft,-0.09874831863054001,-0.12857657394113237,0.02651505412676426
3,PAPPD0000,"Pittsburgh, PA",theft,-0.08630062783079621,-0.13618531359564556,0.026538739612928325
4,PAPPD0000,"Pittsburgh, PA",theft,-0.033476003709148536,-0.07508919742056579,0.026543674732658566
5,PAPPD0000,"Pittsburgh, PA",theft,0.00180993091596623,-9.314789715352687e-4,0.02653873961292833
6,PAPPD0000,"Pittsburgh, PA",theft,0.023230761582622765,0.05091715286963526,0.02651505412676426
7,PAPPD0000,"Pittsburgh, PA",theft,0.05336929189175766,0.09152117148812701,0.026485315998882823
8,PAPPD0000,"Pittsburgh, PA",theft,0.06714888840375174,0.11584551561190454,0.02651505412676426
9,PAPPD0000,"Pittsburgh, PA",theft,0.044121015690036715,0.09707511522646219,0.02653873961292833
10,PAPPD0000,"Pittsburgh, PA",theft,0.022895821795177324,0.04871005738061027,0.026543674732658566
11,PAPPD0000,"Pittsburgh, PA",theft,0.029789499310822014,0.013662537300763054,0.026538739612928325
12,PAPPD0000,"Pittsburgh, PA",theft,0.018948850558136773,-0.011806954500451846,0.02651505412676426
1,RI0020300,"Warwick, RI",theft,-0.042789109977786455,-0.01440752816721039,0.030623726995140488
2,RI0020300,"Warwick, RI",theft,-0.09874831863054001,-0.09788599302168818,0.030678568279869874
3,RI0020300,"Warwick, RI",theft,-0.08630062783079621,-0.11068200688446947,0.03069406938586325
4,RI0020300,"Warwick, RI",theft,-0.033476003709148536,-0.06820724555556074,0.030700871634096134
5,RI0020300,"Warwick, RI",theft,0.00180993091596623,-0.0364982539797439,0.030694069385863252
6,RI0020300,"Warwick, RI",theft,0.023230761582622765,-0.016114783688335268,0.030678568279869874
7,RI0020300,"Warwick, RI",theft,0.05336929189175766,0.02672476576957339,0.030623726995140484
8,RI0020300,"Warwick, RI",theft,0.06714888840375174,0.0680965026914796,0.030678568279869874
9,RI0020300,"Warwick, RI",theft,0.044121015690036715,0.06857527895189786,0.030694069385863255
10,RI0020300,"Warwick, RI",theft,0.022895821795177324,0.05589000795319772,0.030700871634096134
11,RI0020300,"Warwick, RI",theft,0.029789499310822014,0.06628774430995245,0.03069406938586325
12,RI0020300,"Warwick, RI",theft,0.018948850558136773,0.05822151162090691,0.030678568279869874
1,RI0040200,"Cranston, RI",theft,-0.042789109977786455,-0.08612250939208743,0.03136208839428146
2,RI0040200,"Cranston, RI",theft,-0.09874831863054001,-0.1644330996755669,0.03139239354611825
3,RI0040200,"Cranston, RI",theft,-0.08630062783079621,-0.13213108565346832,0.03138631196252451
4,RI0040200,"Cranston, RI",theft,-0.033476003709148536,-0.044765762761284175,0.03138656522433784
5,RI0040200,"Cranston, RI",theft,0.00180993091596623,0.007487380409123704,0.03138631196252451
6,RI0040200,"Cranston, RI",theft,0.023230761582622765,0.021879046371551518,0.03139239354611825
7,RI0040200,"Cranston, RI",theft,0.05336929189175766,0.0418732623937068,0.03136208839428145
8,RI0040200,"Cranston, RI",theft,0.06714888840375174,0.06705705291060451,0.03139239354611825
9,RI0040200,"Cranston, RI",theft,0.044121015690036715,0.07900428588688649,0.03138631196252452
10,RI0040200,"Cranston, RI",theft,0.022895821795177324,0.08901500975966478,0.03138656522433784
11,RI0040200,"Cranston, RI",theft,0.029789499310822014,0.08988866635583867,0.03138631196252451
12,RI0040200,"Cranston, RI",theft,0.018948850558136773,0.031247753395030373,0.03139239354611825
1,RI0040800,"Pawtucket, RI",theft,-0.042789109977786455,-0.07085029617332977,0.030149024424893856
2,RI0040800,"Pawtucket, RI",theft,-0.09874831863054001,-0.11260679465835914,0.030196789315829475
3,RI0040800,"Pawtucket, RI",theft,-0.08630062783079621,-0.1008789614561004,0.030212497429929732
4,RI0040800,"Pawtucket, RI",theft,-0.033476003709148536,-0.06556883013493493,0.03025241297849591
5,RI0040800,"Pawtucket, RI",theft,0.00180993091596623,-0.017040779891250833,0.030212497429929736
6,RI0040800,"Pawtucket, RI",theft,0.023230761582622765,0.0562817439134988,0.030196789315829475
7,RI0040800,"Pawtucket, RI",theft,0.05336929189175766,0.11669485242753125,0.030149024424893853
8,RI0040800,"Pawtucket, RI",theft,0.06714888840375174,0.10665102328639643,0.03019678931582948
9,RI0040800,"Pawtucket, RI",theft,0.044121015690036715,0.049078633829936186,0.03021249742992974
10,RI0040800,"Pawtucket, RI",theft,0.022895821795177324,0.019724273880733452,0.03025241297849591
11,RI0040800,"Pawtucket, RI",theft,0.029789499310822014,0.02299655126321351,0.030212497429929736
12,RI0040800,"Pawtucket, RI",theft,0.018948850558136773,-0.0044814162873345244,0.030196789315829475
1,SC0020000,"Aiken, SC",theft,-0.042789109977786455,-0.080724761075453,0.029234605033087994
2,SC0020000,"Aiken, SC",theft,-0.09874831863054001,-0.04166998207531378,0.02931660365863607
3,SC0020000,"Aiken, SC",theft,-0.08630062783079621,-0.04801000707570387,0.029303065027108492
4,SC0020000,"Aiken, SC",theft,-0.033476003709148536,-0.06884854921618169,0.02929979521037757
5,SC0020000,"Aiken, SC",theft,0.00180993091596623,-0.016709484604854368,0.029303065027108496
6,SC0020000,"Aiken, SC",theft,0.023230761582622765,0.061085135344306804,0.02931660365863607
7,SC0020000,"Aiken, SC",theft,0.05336929189175766,0.06382840014348203,0.02923460503308799
8,SC0020000,"Aiken, SC",theft,0.06714888840375174,0.030321182694971947,0.02931660365863607
9,SC0020000,"Aiken, SC",theft,0.044121015690036715,0.05355756862733297,0.0293030650271085
10,SC0020000,"Aiken, SC",theft,0.022895821795177324,0.08574491014815265,0.02929979521037757
11,SC0020000,"Aiken, SC",theft,0.029789499310822014,0.02805828398519618,0.029303065027108496
12,SC0020000,"Aiken, SC",theft,0.018948850558136773,-0.06663269689593586,0.02931660365863607
1,SC0040000,"Anderson, SC",theft,-0.042789109977786455,-0.05226247159292298,0.02748627239712873
2,SC0040000,"Anderson, SC",theft,-0.09874831863054001,-0.10002782874984266,0.02754030859045629
3,SC0040000,"Anderson, SC",theft,-0.08630062783079621,-0.05981330141314671,0.027541847039140793
4,SC0040000,"Anderson, SC",theft,-0.033476003709148536,-0.0017413368604601723,0.027556867294511723
5,SC0040000,"Anderson, SC",theft,0.00180993091596623,0.0016202070463798898,0.027541847039140793
6,SC0040000,"Anderson, SC",theft,0.023230761582622765,-3.3420275408104714e-4,0.02754030859045629
7,SC0040000,"Anderson, SC",theft,0.05336929189175766,0.04392614001482643,0.027486272397128725
8,SC0040000,"Anderson, SC",theft,0.06714888840375174,0.07529783146969769,0.027540308590456294
9,SC0040000,"Anderson, SC",theft,0.044121015690036715,0.043419635711098276,0.027541847039140796
10,SC0040000,"Anderson, SC",theft,0.022895821795177324,0.010077668438556717,0.027556867294511723
11,SC0040000,"Anderson, SC",theft,0.029789499310822014,0.02310979023376505,0.027541847039140793
12,SC0040000,"Anderson, SC",theft,0.018948850558136773,0.016727868456129523,0.02754030859045629
1,SC0070000,"Beaufort, SC",theft,-0.042789109977786455,-0.06019096604509775,0.029271494466741634
2,SC0070000,"Beaufort, SC",theft,-0.09874831863054001,-0.07304953758287552,0.02934509475221649
3,SC0070000,"Beaufort, SC",theft,-0.08630062783079621,-0.07620611481236976,0.029356848888522295
4,SC0070000,"Beaufort, SC",theft,-0.033476003709148536,-0.05137230580828677,0.029399016810321543
5,SC0070000,"Beaufort, SC",theft,0.00180993091596623,0.012724438480523336,0.029356848888522295
6,SC0070000,"Beaufort, SC",theft,0.023230761582622765,0.08706192577534307,0.02934509475221649
7,SC0070000,"Beaufort, SC",theft,0.05336929189175766,0.11816854113382656,0.02927149446674163
8,SC0070000,"Beaufort, SC",theft,0.06714888840375174,0.08833554816817489,0.02934509475221649
9,SC0070000,"Beaufort, SC",theft,0.044121015690036715,0.03351455030894031,0.0293568488885223
10,SC0070000,"Beaufort, SC",theft,0.022895821795177324,-0.006605269280442062,0.029399016810321543
11,SC0070000,"Beaufort, SC",theft,0.029789499310822014,-0.028010449065822746,0.029356848888522295
12,SC0070000,"Beaufort, SC",theft,0.018948850558136773,-0.04437036127191358,0.02934509475221649
1,SC0080000,"Berkeley, SC",theft,-0.042789109977786455,-0.11218579014037475,0.028962512541560986
2,SC0080000,"Berkeley, SC",theft,-0.09874831863054001,-0.07982219882339878,0.02897561207490996
3,SC0080000,"Berkeley, SC",theft,-0.08630062783079621,-0.035953468599732745,0.028977021398032432
4,SC0080000,"Berkeley, SC",theft,-0.033476003709148536,-0.023242211210709338,0.028990425940023393
5,SC0080000,"Berkeley, SC",theft,0.00180993091596623,0.003885867547436521,0.028977021398032436
6,SC0080000,"Berkeley, SC",theft,0.023230761582622765,0.05706795743315599,0.02897561207490996
7,SC0080000,"Berkeley, SC",theft,0.05336929189175766,0.07476776021504976,0.02896251254156098
8,SC0080000,"Berkeley, SC",theft,0.06714888840375174,0.04703244098985034,0.02897561207490996
9,SC0080000,"Berkeley, SC",theft,0.044121015690036715,0.04058174069150926,0.028977021398032436
10,SC0080000,"Berkeley, SC",theft,0.022895821795177324,0.06066024113603431,0.028990425940023393
11,SC0080000,"Berkeley, SC",theft,0.029789499310822014,0.028903890286111886,0.028977021398032432
12,SC0080000,"Berkeley, SC",theft,0.018948850558136773,-0.06169622952493246,0.02897561207490996
1,SC0100100,"Charleston, SC",theft,-0.042789109977786455,-0.04814778241569895,0.02789943539721546
2,SC0100100,"Charleston, SC",theft,-0.09874831863054001,-0.14205720646859543,0.02792910297640773
3,SC0100100,"Charleston, SC",theft,-0.08630062783079621,-0.11780982023200025,0.0279397652611167
4,SC0100100,"Charleston, SC",theft,-0.033476003709148536,-0.020985562101500252,0.02794039562440959
5,SC0100100,"Charleston, SC",theft,0.00180993091596623,0.0193027878759705,0.027939765261116703
6,SC0100100,"Charleston, SC",theft,0.023230761582622765,0.0024873947426775466,0.02792910297640773
7,SC0100100,"Charleston, SC",theft,0.05336929189175766,0.018309003815851578,0.02789943539721545
8,SC0100100,"Charleston, SC",theft,0.06714888840375174,0.06322258282370707,0.027929102976407733
9,SC0100100,"Charleston, SC",theft,0.044121015690036715,0.06881397518695921,0.027939765261116703
10,SC0100100,"Charleston, SC",theft,0.022895821795177324,0.0508243407013476,0.02794039562440959
11,SC0100100,"Charleston, SC",theft,0.029789499310822014,0.05953183576891784,0.0279397652611167
12,SC0100100,"Charleston, SC",theft,0.018948850558136773,0.046508450302363516,0.02792910297640773
1,SC0100300,"Mount Pleasant, SC",theft,-0.042789109977786455,-0.0827141174922444,0.030436958127098627
2,SC0100300,"Mount Pleasant, SC",theft,-0.09874831863054001,-0.11004638598074938,0.030439312313197013
3,SC0100300,"Mount Pleasant, SC",theft,-0.08630062783079621,-0.0677368070947692,0.03046927400652362
4,SC0100300,"Mount Pleasant, SC",theft,-0.033476003709148536,-0.012861153782942357,0.03044954855230535
5,SC0100300,"Mount Pleasant, SC",theft,0.00180993091596623,0.03586799942161794,0.030469274006523623
6,SC0100300,"Mount Pleasant, SC",theft,0.023230761582622765,0.07404965525705347,0.030439312313197013
7,SC0100300,"Mount Pleasant, SC",theft,0.05336929189175766,0.06489938617681354,0.03043695812709862
8,SC0100300,"Mount Pleasant, SC",theft,0.06714888840375174,0.008733703627361759,0.030439312313197013
9,SC0100300,"Mount Pleasant, SC",theft,0.044121015690036715,-0.01576114394318762,0.030469274006523623
10,SC0100300,"Mount Pleasant, SC",theft,0.022895821795177324,0.030675885098373202,0.03044954855230535
11,SC0100300,"Mount Pleasant, SC",theft,0.029789499310822014,0.06544468293176967,0.03046927400652362
12,SC0100300,"Mount Pleasant, SC",theft,0.018948850558136773,0.00944829578090341,0.030439312313197013
1,SC0100800,"North Charleston, SC",theft,-0.042789109977786455,-0.03701646234042777,0.026834678220836933
2,SC0100800,"North Charleston, SC",theft,-0.09874831863054001,-0.10750515740987071,0.026861919676827266
3,SC0100800,"North Charleston, SC",theft,-0.08630062783079621,-0.10485139334885965,0.026886912894541697
4,SC0100800,"North Charleston, SC",theft,-0.033476003709148536,-0.04358503789645128,0.026892351077293767
5,SC0100800,"North Charleston, SC",theft,0.00180993091596623,0.009701156174137358,0.0268869128945417
6,SC0100800,"North Charleston, SC",theft,0.023230761582622765,0.03923916963127863,0.026861919676827266
7,SC0100800,"North Charleston, SC",theft,0.05336929189175766,0.06261299599761311,0.02683467822083693
8,SC0100800,"North Charleston, SC",theft,0.06714888840375174,0.06568068236958842,0.026861919676827266
9,SC0100800,"North Charleston, SC",theft,0.044121015690036715,0.03743038465139199,0.026886912894541704
10,SC0100800,"North Charleston, SC",theft,0.022895821795177324,0.017988504239265932,0.026892351077293767
11,SC0100800,"North Charleston, SC",theft,0.029789499310822014,0.03212331886614492,0.026886912894541697
12,SC0100800,"North Charleston, SC",theft,0.018948850558136773,0.02818183906618906,0.026861919676827266
1,SC0230000,"Greenville, SC",theft,-0.042789109977786455,-0.04211203324651874,0.02668363919846676
2,SC0230000,"Greenville, SC",theft,-0.09874831863054001,-0.08079312955303686,0.02672256467644262
3,SC0230000,"Greenville, SC",theft,-0.08630062783079621,-0.06291436891283061,0.026738247893914487
4,SC0230000,"Greenville, SC",theft,-0.033476003709148536,0.007341192368311901,0.026742975963395164
5,SC0230000,"Greenville, SC",theft,0.00180993091596623,0.050951345425473075,0.026738247893914487
6,SC0230000,"Greenville, SC",theft,0.023230761582622765,0.0402768048806717,0.02672256467644262
7,SC0230000,"Greenville, SC",theft,0.05336929189175766,0.028142031736706104,0.026683639198466755
8,SC0230000,"Greenville, SC",theft,0.06714888840375174,0.03886588418585247,0.02672256467644262
9,SC0230000,"Greenville, SC",theft,0.044121015690036715,0.03495712505545883,0.02673824789391449
10,SC0230000,"Greenville, SC",theft,0.022895821795177324,0.006628809141500754,0.026742975963395164
11,SC0230000,"Greenville, SC",theft,0.029789499310822014,-0.009024100058288702,0.026738247893914487
12,SC0230000,"Greenville, SC",theft,0.018948850558136773,-0.012319561023299933,0.02672256467644262
1,SC0230200,"Greenville, SC",theft,-0.042789109977786455,-0.04100127216580929,0.028102700551666915
2,SC0230200,"Greenville, SC",theft,-0.09874831863054001,-0.06040140997190358,0.02812094363334208
3,SC0230200,"Greenville, SC",theft,-0.08630062783079621,-0.06810045594858455,0.028144886101733557
4,SC0230200,"Greenville, SC",theft,-0.033476003709148536,-0.07368967229385642,0.028164815126538102
5,SC0230200,"Greenville, SC",theft,0.00180993091596623,-0.03796025288070844,0.02814488610173356
6,SC0230200,"Greenville, SC",theft,0.023230761582622765,0.032205970197695784,0.02812094363334208
7,SC0230200,"Greenville, SC",theft,0.05336929189175766,0.06320670362807561,0.02810270055166691
8,SC0230200,"Greenville, SC",theft,0.06714888840375174,0.035915736921182446,0.028120943633342083
9,SC0230200,"Greenville, SC",theft,0.044121015690036715,0.021409351435597065,0.028144886101733563
10,SC0230200,"Greenville, SC",theft,0.022895821795177324,0.051484240831590096,0.028164815126538102
11,SC0230200,"Greenville, SC",theft,0.029789499310822014,0.06244592593142954,0.028144886101733557
12,SC0230200,"Greenville, SC",theft,0.018948850558136773,0.014485134315291739,0.02812094363334208
1,SC0260400,"Horry, SC",theft,-0.042789109977786455,-0.08856603423846889,0.027053350581108856
2,SC0260400,"Horry, SC",theft,-0.09874831863054001,-0.13383075372059652,0.027079577113503485
3,SC0260400,"Horry, SC",theft,-0.08630062783079621,-0.09060490034538239,0.027108732290661814
4,SC0260400,"Horry, SC",theft,-0.033476003709148536,-0.005043032680979676,0.02710065191373292
5,SC0260400,"Horry, SC",theft,0.00180993091596623,0.050106412431788205,0.027108732290661817
6,SC0260400,"Horry, SC",theft,0.023230761582622765,0.07914829584801791,0.027079577113503485
7,SC0260400,"Horry, SC",theft,0.05336929189175766,0.10325604046734732,0.02705335058110885
8,SC0260400,"Horry, SC",theft,0.06714888840375174,0.09151096999008312,0.027079577113503485
9,SC0260400,"Horry, SC",theft,0.044121015690036715,0.03359511038599052,0.027108732290661817
10,SC0260400,"Horry, SC",theft,0.022895821795177324,-0.009646973547898776,0.02710065191373292
11,SC0260400,"Horry, SC",theft,0.029789499310822014,-0.007786628701274828,0.027108732290661814
12,SC0260400,"Horry, SC",theft,0.018948850558136773,-0.02213850588862598,0.027079577113503485
1,SC0290000,"Lancaster, SC",theft,-0.042789109977786455,-0.03811564080028819,0.03040233994792139
2,SC0290000,"Lancaster, SC",theft,-0.09874831863054001,-0.0840095517696564,0.030460874244599905
3,SC0290000,"Lancaster, SC",theft,-0.08630062783079621,-0.08427541572631331,0.030471809072810507
4,SC0290000,"Lancaster, SC",theft,-0.033476003709148536,-0.035721189057222595,0.030483696680963093
5,SC0290000,"Lancaster, SC",theft,0.00180993091596623,0.015780881451032482,0.030471809072810514
6,SC0290000,"Lancaster, SC",theft,0.023230761582622765,0.04499063376179832,0.030460874244599905
7,SC0290000,"Lancaster, SC",theft,0.05336929189175766,0.0604493837556412,0.030402339947921384
8,SC0290000,"Lancaster, SC",theft,0.06714888840375174,0.061280478407901406,0.03046087424459991
9,SC0290000,"Lancaster, SC",theft,0.044121015690036715,0.039212599409205295,0.030471809072810514
10,SC0290000,"Lancaster, SC",theft,0.022895821795177324,0.013387446101869586,0.030483696680963093
11,SC0290000,"Lancaster, SC",theft,0.029789499310822014,0.0069481919107224855,0.03047180907281051
12,SC0290000,"Lancaster, SC",theft,0.018948850558136773,7.218255530971826e-5,0.030460874244599905
1,SC0320000,"Lexington, SC",theft,-0.042789109977786455,-0.041710064667672346,0.027405512509145143
2,SC0320000,"Lexington, SC",theft,-0.09874831863054001,-0.09373553498774972,0.027433964079268014
3,SC0320000,"Lexington, SC",theft,-0.08630062783079621,-0.07340582869017753,0.027466770684192877
4,SC0320000,"Lexington, SC",theft,-0.033476003709148536,-0.04061703062959039,0.0274804860644126
5,SC0320000,"Lexington, SC",theft,0.00180993091596623,-0.028925726565412875,0.02746677068419288
6,SC0320000,"Lexington, SC",theft,0.023230761582622765,0.012140452770159469,0.027433964079268014
7,SC0320000,"Lexington, SC",theft,0.05336929189175766,0.08109069042320699,0.027405512509145136
8,SC0320000,"Lexington, SC",theft,0.06714888840375174,0.0914304717029408,0.027433964079268014
9,SC0320000,"Lexington, SC",theft,0.044121015690036715,0.03172013964983393,0.027466770684192884
10,SC0320000,"Lexington, SC",theft,0.022895821795177324,0.001236404874055722,0.0274804860644126
11,SC0320000,"Lexington, SC",theft,0.029789499310822014,0.03123078985022178,0.027466770684192877
12,SC0320000,"Lexington, SC",theft,0.018948850558136773,0.029545236270184193,0.02743396407926801
1,SC0460300,"Rock Hill, SC",theft,-0.042789109977786455,-0.07738670066257397,0.028577001025590718
2,SC0460300,"Rock Hill, SC",theft,-0.09874831863054001,-0.14617762025368844,0.02864048459434569
3,SC0460300,"Rock Hill, SC",theft,-0.08630062783079621,-0.12313409177083567,0.02863575777893853
4,SC0460300,"Rock Hill, SC",theft,-0.033476003709148536,-0.013429411850033986,0.028654303111801723
5,SC0460300,"Rock Hill, SC",theft,0.00180993091596623,0.06709797796874928,0.028635757778938533
6,SC0460300,"Rock Hill, SC",theft,0.023230761582622765,0.07969721349651843,0.02864048459434569
7,SC0460300,"Rock Hill, SC",theft,0.05336929189175766,0.0875449182842036,0.028577001025590715
8,SC0460300,"Rock Hill, SC",theft,0.06714888840375174,0.10199375558328619,0.02864048459434569
9,SC0460300,"Rock Hill, SC",theft,0.044121015690036715,0.06879200947880378,0.028635757778938536
10,SC0460300,"Rock Hill, SC",theft,0.022895821795177324,0.003271194228404364,0.028654303111801723
11,SC0460300,"Rock Hill, SC",theft,0.029789499310822014,-0.02291411329834704,0.028635757778938533
12,SC0460300,"Rock Hill, SC",theft,0.018948850558136773,-0.025355131204486507,0.02864048459434569
1,TN0190100,"Nashville, TN",theft,-0.042789109977786455,-0.038592763087882835,0.025792987716109647
2,TN0190100,"Nashville, TN",theft,-0.09874831863054001,-0.10906576525515708,0.025815964502098585
3,TN0190100,"Nashville, TN",theft,-0.08630062783079621,-0.11933053677931273,0.025840560935647173
4,TN0190100,"Nashville, TN",theft,-0.033476003709148536,-0.06662918793011746,0.025848181349142543
5,TN0190100,"Nashville, TN",theft,0.00180993091596623,-0.004681663815350435,0.025840560935647173
6,TN0190100,"Nashville, TN",theft,0.023230761582622765,0.04115588119403174,0.025815964502098585
7,TN0190100,"Nashville, TN",theft,0.05336929189175766,0.07582289008487386,0.02579298771610964
8,TN0190100,"Nashville, TN",theft,0.06714888840375174,0.08516055886515016,0.025815964502098585
9,TN0190100,"Nashville, TN",theft,0.044121015690036715,0.058195203392314744,0.025840560935647176
10,TN0190100,"Nashville, TN",theft,0.022895821795177324,0.029399060933126414,0.025848181349142543
11,TN0190100,"Nashville, TN",theft,0.029789499310822014,0.028586870205357332,0.025840560935647173
12,TN0190100,"Nashville, TN",theft,0.018948850558136773,0.019979452192966287,0.025815964502098585
1,TN0330000,"Hamilton, TN",theft,-0.042789109977786455,-0.0986005787080661,0.03206850353052964
2,TN0330000,"Hamilton, TN",theft,-0.09874831863054001,-0.15803843600288023,0.032157436482511945
3,TN0330000,"Hamilton, TN",theft,-0.08630062783079621,-0.11922214829972289,0.032136514430073905
4,TN0330000,"Hamilton, TN",theft,-0.033476003709148536,-0.035488619416728776,0.03216388871280314
5,TN0330000,"Hamilton, TN",theft,0.00180993091596623,0.038673107352904454,0.03213651443007391
6,TN0330000,"Hamilton, TN",theft,0.023230761582622765,0.09153884608117727,0.032157436482511945
7,TN0330000,"Hamilton, TN",theft,0.05336929189175766,0.10416905194681195,0.03206850353052964
8,TN0330000,"Hamilton, TN",theft,0.06714888840375174,0.0629938799529771,0.03215743648251195
9,TN0330000,"Hamilton, TN",theft,0.044121015690036715,0.01860911901107388,0.03213651443007391
10,TN0330000,"Hamilton, TN",theft,0.022895821795177324,0.029920146177982915,0.03216388871280314
11,TN0330000,"Hamilton, TN",theft,0.029789499310822014,0.05637144869699862,0.032136514430073905
12,TN0330000,"Hamilton, TN",theft,0.018948850558136773,0.009074183207471838,0.032157436482511945
1,TN0330100,"Chattanooga, TN",theft,-0.042789109977786455,-0.06909450160187133,0.02637189847946934
2,TN0330100,"Chattanooga, TN",theft,-0.09874831863054001,-0.11925640166189166,0.026400239991379724
3,TN0330100,"Chattanooga, TN",theft,-0.08630062783079621,-0.09912062753806507,0.0264171193913764
4,TN0330100,"Chattanooga, TN",theft,-0.033476003709148536,-0.03695835866823317,0.026428242161971156
5,TN0330100,"Chattanooga, TN",theft,0.00180993091596623,0.008767662941409921,0.026417119391376403
6,TN0330100,"Chattanooga, TN",theft,0.023230761582622765,0.038509158026997545,0.026400239991379724
7,TN0330100,"Chattanooga, TN",theft,0.05336929189175766,0.0740995212141086,0.026371898479469337
8,TN0330100,"Chattanooga, TN",theft,0.06714888840375174,0.091466407804383,0.026400239991379724
9,TN0330100,"Chattanooga, TN",theft,0.044121015690036715,0.06632561406831912,0.026417119391376406
10,TN0330100,"Chattanooga, TN",theft,0.022895821795177324,0.03195333905599589,0.026428242161971156
11,TN0330100,"Chattanooga, TN",theft,0.029789499310822014,0.019022330916098708,0.0264171193913764
12,TN0330100,"Chattanooga, TN",theft,0.018948850558136773,-0.005714144557251545,0.02640023999137972
1,TN0470000,"Knox, TN",theft,-0.042789109977786455,-0.03323895541617728,0.028135280094072356
2,TN0470000,"Knox, TN",theft,-0.09874831863054001,-0.11398694601466976,0.028169844369513825
3,TN0470000,"Knox, TN",theft,-0.08630062783079621,-0.11140258753495483,0.028209271690019102
4,TN0470000,"Knox, TN",theft,-0.033476003709148536,-0.0534897962202784,0.028191432690647042
5,TN0470000,"Knox, TN",theft,0.00180993091596623,7.390591993055406e-4,0.02820927169001911
6,TN0470000,"Knox, TN",theft,0.023230761582622765,0.04084780129382361,0.028169844369513825
7,TN0470000,"Knox, TN",theft,0.05336929189175766,0.06481085272521034,0.028135280094072353
8,TN0470000,"Knox, TN",theft,0.06714888840375174,0.05055681616729244,0.028169844369513825
9,TN0470000,"Knox, TN",theft,0.044121015690036715,0.01640056037854441,0.02820927169001911
10,TN0470000,"Knox, TN",theft,0.022895821795177324,0.021917898911245313,0.028191432690647042
11,TN0470000,"Knox, TN",theft,0.029789499310822014,0.06269107064807175,0.028209271690019102
12,TN0470000,"Knox, TN",theft,0.018948850558136773,0.05415422586258686,0.028169844369513825
1,TN0470100,"Knoxville, TN",theft,-0.042789109977786455,-0.07933112507149367,0.026655653489409497
2,TN0470100,"Knoxville, TN",theft,-0.09874831863054001,-0.09518262894403755,0.026688532031186797
3,TN0470100,"Knoxville, TN",theft,-0.08630062783079621,-0.06297074443697981,0.02670649605011646
4,TN0470100,"Knoxville, TN",theft,-0.033476003709148536,-0.005081589110757671,0.02670390894015046
5,TN0470100,"Knoxville, TN",theft,0.00180993091596623,0.03783909129670641,0.02670649605011646
6,TN0470100,"Knoxville, TN",theft,0.023230761582622765,0.05253973156922017,0.026688532031186797
7,TN0470100,"Knoxville, TN",theft,0.05336929189175766,0.05398650313196119,0.026655653489409493
8,TN0470100,"Knoxville, TN",theft,0.06714888840375174,0.05281952375466002,0.026688532031186797
9,TN0470100,"Knoxville, TN",theft,0.044121015690036715,0.04595226118713474,0.026706496050116463
10,TN0470100,"Knoxville, TN",theft,0.022895821795177324,0.03042621105029015,0.02670390894015046
11,TN0470100,"Knoxville, TN",theft,0.029789499310822014,0.004524013892671097,0.02670649605011646
12,TN0470100,"Knoxville, TN",theft,0.018948850558136773,-0.03552124831937507,0.026688532031186797
1,TN0570100,"Jackson, TN",theft,-0.042789109977786455,-0.047203841042837535,0.02850825491629781
2,TN0570100,"Jackson, TN",theft,-0.09874831863054001,-0.10834479946411944,0.028554483249086396
3,TN0570100,"Jackson, TN",theft,-0.08630062783079621,-0.10675996746028114,0.02857180560815934
4,TN0570100,"Jackson, TN",theft,-0.033476003709148536,-0.050424832398497904,0.028585660704885676
5,TN0570100,"Jackson, TN",theft,0.00180993091596623,-0.006177250186662535,0.028571805608159348
6,TN0570100,"Jackson, TN",theft,0.023230761582622765,0.021351840600965843,0.028554483249086396
7,TN0570100,"Jackson, TN",theft,0.05336929189175766,0.06843290134707129,0.028508254916297805
8,TN0570100,"Jackson, TN",theft,0.06714888840375174,0.10745505912968116,0.028554483249086396
9,TN0570100,"Jackson, TN",theft,0.044121015690036715,0.0846411668216091,0.028571805608159348
10,TN0570100,"Jackson, TN",theft,0.022895821795177324,0.029195772094264147,0.028585660704885676
11,TN0570100,"Jackson, TN",theft,0.029789499310822014,0.007066990521100776,0.02857180560815934
12,TN0570100,"Jackson, TN",theft,0.018948850558136773,7.66960037706238e-4,0.028554483249086396
1,TN0600300,"Spring Hill, TN",theft,-0.042789109977786455,-0.041959766714495625,0.03552959738383806
2,TN0600300,"Spring Hill, TN",theft,-0.09874831863054001,-0.13279191717344668,0.03553633591288424
3,TN0600300,"Spring Hill, TN",theft,-0.08630062783079621,-0.12211329237883306,0.03552500468583924
4,TN0600300,"Spring Hill, TN",theft,-0.033476003709148536,-0.02963442287255051,0.035539091190028335
5,TN0600300,"Spring Hill, TN",theft,0.00180993091596623,0.016575649768848524,0.035525004685839245
6,TN0600300,"Spring Hill, TN",theft,0.023230761582622765,-0.004116463315700687,0.03553633591288424
7,TN0600300,"Spring Hill, TN",theft,0.05336929189175766,0.0054031042960875405,0.035529597383838055
8,TN0600300,"Spring Hill, TN",theft,0.06714888840375174,0.06421569648766877,0.03553633591288424
9,TN0600300,"Spring Hill, TN",theft,0.044121015690036715,0.09009373411146318,0.035525004685839245
10,TN0600300,"Spring Hill, TN",theft,0.022895821795177324,0.0661910852909586,0.035539091190028335
11,TN0600300,"Spring Hill, TN",theft,0.029789499310822014,0.05200057091692937,0.03552500468583924
12,TN0600300,"Spring Hill, TN",theft,0.018948850558136773,0.03613602158307056,0.03553633591288424
1,TN0630100,"Clarksville, TN",theft,-0.042789109977786455,-0.0720372817822283,0.027634329330821373
2,TN0630100,"Clarksville, TN",theft,-0.09874831863054001,-0.12092281858272144,0.02766575834373507
3,TN0630100,"Clarksville, TN",theft,-0.08630062783079621,-0.09303746893225755,0.027688560153603638
4,TN0630100,"Clarksville, TN",theft,-0.033476003709148536,-0.024025875441245213,0.02768947970738991
5,TN0630100,"Clarksville, TN",theft,0.00180993091596623,0.028133981551293284,0.02768856015360364
6,TN0630100,"Clarksville, TN",theft,0.023230761582622765,0.06602200930386848,0.02766575834373507
7,TN0630100,"Clarksville, TN",theft,0.05336929189175766,0.09789225652727479,0.02763432933082137
8,TN0630100,"Clarksville, TN",theft,0.06714888840375174,0.08918543982754429,0.02766575834373507
9,TN0630100,"Clarksville, TN",theft,0.044121015690036715,0.03544511543203388,0.02768856015360364
10,TN0630100,"Clarksville, TN",theft,0.022895821795177324,-0.0018290993038012958,0.02768947970738991
11,TN0630100,"Clarksville, TN",theft,0.029789499310822014,0.0036033972038838394,0.027688560153603638
12,TN0630100,"Clarksville, TN",theft,0.018948850558136773,-0.008429655803644747,0.02766575834373507
1,TN0750000,"Rutherford, TN",theft,-0.042789109977786455,-0.047450725885729905,0.034553187281898275
2,TN0750000,"Rutherford, TN",theft,-0.09874831863054001,-0.11646735523215014,0.0346269140894584
3,TN0750000,"Rutherford, TN",theft,-0.08630062783079621,-0.1051755668885295,0.034602822326909366
4,TN0750000,"Rutherford, TN",theft,-0.033476003709148536,-0.024186776627375152,0.0346328359982997
5,TN0750000,"Rutherford, TN",theft,0.00180993091596623,0.042571423121003066,0.03460282232690937
6,TN0750000,"Rutherford, TN",theft,0.023230761582622765,0.053722838989106014,0.0346269140894584
7,TN0750000,"Rutherford, TN",theft,0.05336929189175766,0.0401165034510673,0.03455318728189827
8,TN0750000,"Rutherford, TN",theft,0.06714888840375174,0.0315711225111093,0.0346269140894584
9,TN0750000,"Rutherford, TN",theft,0.044121015690036715,0.02761355660215121,0.03460282232690937
10,TN0750000,"Rutherford, TN",theft,0.022895821795177324,0.031520999062037744,0.0346328359982997
11,TN0750000,"Rutherford, TN",theft,0.029789499310822014,0.04232480960003776,0.034602822326909366
12,TN0750000,"Rutherford, TN",theft,0.018948850558136773,0.023839171297272296,0.0346269140894584
1,TN0750100,"Murfreesboro, TN",theft,-0.042789109977786455,-0.06307919241903703,0.027432593847647173
2,TN0750100,"Murfreesboro, TN",theft,-0.09874831863054001,-0.12656335950443362,0.027458717109084502
3,TN0750100,"Murfreesboro, TN",theft,-0.08630062783079621,-0.1106954804785549,0.02748232588986025
4,TN0750100,"Murfreesboro, TN",theft,-0.033476003709148536,-0.02926096510265874,0.02748593015626682
5,TN0750100,"Murfreesboro, TN",theft,0.00180993091596623,0.03368756705725702,0.027482325889860253
6,TN0750100,"Murfreesboro, TN",theft,0.023230761582622765,0.054100309506618996,0.027458717109084502
7,TN0750100,"Murfreesboro, TN",theft,0.05336929189175766,0.06962693037012317,0.02743259384764717
8,TN0750100,"Murfreesboro, TN",theft,0.06714888840375174,0.08089324383638798,0.027458717109084502
9,TN0750100,"Murfreesboro, TN",theft,0.044121015690036715,0.05847762685942311,0.027482325889860257
10,TN0750100,"Murfreesboro, TN",theft,0.022895821795177324,0.022713227151572604,0.02748593015626682
11,TN0750100,"Murfreesboro, TN",theft,0.029789499310822014,0.011982548610788582,0.02748232588986025
12,TN0750100,"Murfreesboro, TN",theft,0.018948850558136773,-0.001882455887487165,0.0274587171090845
1,TN0750200,"Smyrna, TN",theft,-0.042789109977786455,-0.08870784357922847,0.03007194176974829
2,TN0750200,"Smyrna, TN",theft,-0.09874831863054001,-0.1080240217494273,0.03006181464567897
3,TN0750200,"Smyrna, TN",theft,-0.08630062783079621,-0.0721267931162789,0.030102795473170355
4,TN0750200,"Smyrna, TN",theft,-0.033476003709148536,-0.015345553142404687,0.030097184005785104
5,TN0750200,"Smyrna, TN",theft,0.00180993091596623,0.030594164492240887,0.030102795473170355
6,TN0750200,"Smyrna, TN",theft,0.023230761582622765,0.06790430046153245,0.03006181464567897
7,TN0750200,"Smyrna, TN",theft,0.05336929189175766,0.09178357374543855,0.030071941769748287
8,TN0750200,"Smyrna, TN",theft,0.06714888840375174,0.08018630606108387,0.03006181464567897
9,TN0750200,"Smyrna, TN",theft,0.044121015690036715,0.041213347261725375,0.03010279547317036
10,TN0750200,"Smyrna, TN",theft,0.022895821795177324,0.012269822976194578,0.030097184005785104
11,TN0750200,"Smyrna, TN",theft,0.029789499310822014,-0.002756448803897491,0.030102795473170355
12,TN0750200,"Smyrna, TN",theft,0.018948850558136773,-0.03699085460697886,0.03006181464567897
1,TN0790000,"Shelby, TN",theft,-0.042789109977786455,-0.059115265796299464,0.02887241573320856
2,TN0790000,"Shelby, TN",theft,-0.09874831863054001,-0.18869422483257983,0.02893617953753959
3,TN0790000,"Shelby, TN",theft,-0.08630062783079621,-0.14661156039534273,0.028930207089515485
4,TN0790000,"Shelby, TN",theft,-0.033476003709148536,-0.022564698223718146,0.02894420596985968
5,TN0790000,"Shelby, TN",theft,0.00180993091596623,0.019664537177444517,0.028930207089515488
6,TN0790000,"Shelby, TN",theft,0.023230761582622765,0.011824533704439573,0.02893617953753959
7,TN0790000,"Shelby, TN",theft,0.05336929189175766,0.053322243042611656,0.028872415733208555
8,TN0790000,"Shelby, TN",theft,0.06714888840375174,0.09209510356058764,0.02893617953753959
9,TN0790000,"Shelby, TN",theft,0.044121015690036715,0.055805461877038304,0.028930207089515488
10,TN0790000,"Shelby, TN",theft,0.022895821795177324,0.028357720977405933,0.02894420596985968
11,TN0790000,"Shelby, TN",theft,0.029789499310822014,0.07693458409454763,0.028930207089515485
12,TN0790000,"Shelby, TN",theft,0.018948850558136773,0.07898156481386491,0.02893617953753959
1,TN0790100,"Collierville, TN",theft,-0.042789109977786455,-0.04989260633430151,0.032546961850929895
2,TN0790100,"Collierville, TN",theft,-0.09874831863054001,-0.14419176094225994,0.032582883407181594
3,TN0790100,"Collierville, TN",theft,-0.08630062783079621,-0.1495103596502383,0.03260905729851066
4,TN0790100,"Collierville, TN",theft,-0.033476003709148536,-0.05954906309352144,0.03259977058965643
5,TN0790100,"Collierville, TN",theft,0.00180993091596623,0.030623021605243033,0.032609057298510664
6,TN0790100,"Collierville, TN",theft,0.023230761582622765,0.06079822082544998,0.032582883407181594
7,TN0790100,"Collierville, TN",theft,0.05336929189175766,0.059256009888426345,0.032546961850929895
8,TN0790100,"Collierville, TN",theft,0.06714888840375174,0.05902851574835143,0.032582883407181594
9,TN0790100,"Collierville, TN",theft,0.044121015690036715,0.05498371090220489,0.032609057298510664
10,TN0790100,"Collierville, TN",theft,0.022895821795177324,0.050185659539396604,0.03259977058965643
11,TN0790100,"Collierville, TN",theft,0.029789499310822014,0.05454022358866546,0.03260905729851066
12,TN0790100,"Collierville, TN",theft,0.018948850558136773,0.03372842792258344,0.032582883407181594
1,TN0790600,"Bartlett, TN",theft,-0.042789109977786455,-0.01857496841858553,0.031361880509346206
2,TN0790600,"Bartlett, TN",theft,-0.09874831863054001,-0.10108191210001839,0.03144227424691885
3,TN0790600,"Bartlett, TN",theft,-0.08630062783079621,-0.09955363650963667,0.0314287133884514
4,TN0790600,"Bartlett, TN",theft,-0.033476003709148536,-0.04162069842090013,0.03142821625054845
5,TN0790600,"Bartlett, TN",theft,0.00180993091596623,0.004527775792142222,0.0314287133884514
6,TN0790600,"Bartlett, TN",theft,0.023230761582622765,0.019136384411885518,0.03144227424691885
7,TN0790600,"Bartlett, TN",theft,0.05336929189175766,0.016943098804909566,0.0313618805093462
8,TN0790600,"Bartlett, TN",theft,0.06714888840375174,0.006522869132935477,0.03144227424691885
9,TN0790600,"Bartlett, TN",theft,0.044121015690036715,0.006626463156229654,0.03142871338845141
10,TN0790600,"Bartlett, TN",theft,0.022895821795177324,0.04325256803457607,0.03142821625054845
11,TN0790600,"Bartlett, TN",theft,0.029789499310822014,0.09003126717494069,0.0314287133884514
12,TN0790600,"Bartlett, TN",theft,0.018948850558136773,0.07379078894152152,0.03144227424691885
1,TN0820200,"Kingsport, TN",theft,-0.042789109977786455,-0.0893813500754197,0.028688989889666377
2,TN0820200,"Kingsport, TN",theft,-0.09874831863054001,-0.1216209149377897,0.02872802257098232
3,TN0820200,"Kingsport, TN",theft,-0.08630062783079621,-0.07186001796668143,0.028739559231856223
4,TN0820200,"Kingsport, TN",theft,-0.033476003709148536,-0.00500866945281429,0.02875396717109457
5,TN0820200,"Kingsport, TN",theft,0.00180993091596623,0.03282495656652423,0.028739559231856227
6,TN0820200,"Kingsport, TN",theft,0.023230761582622765,0.06557730844840699,0.02872802257098232
7,TN0820200,"Kingsport, TN",theft,0.05336929189175766,0.09361538468232986,0.028688989889666373
8,TN0820200,"Kingsport, TN",theft,0.06714888840375174,0.0738027032617638,0.02872802257098232
9,TN0820200,"Kingsport, TN",theft,0.044121015690036715,0.019807771683745316,0.028739559231856227
10,TN0820200,"Kingsport, TN",theft,0.022895821795177324,7.746348459041069e-4,0.02875396717109457
11,TN0820200,"Kingsport, TN",theft,0.029789499310822014,0.014993255109501644,0.028739559231856223
12,TN0820200,"Kingsport, TN",theft,0.018948850558136773,-0.013525062165470815,0.02872802257098232
1,TN0830400,"Hendersonville, TN",theft,-0.042789109977786455,-0.01854182776895346,0.033177145031431945
2,TN0830400,"Hendersonville, TN",theft,-0.09874831863054001,-0.12306916685191227,0.03324783317911603
3,TN0830400,"Hendersonville, TN",theft,-0.08630062783079621,-0.1402539351676932,0.033278193721992415
4,TN0830400,"Hendersonville, TN",theft,-0.033476003709148536,-0.04994875204103946,0.03328894880011283
5,TN0830400,"Hendersonville, TN",theft,0.00180993091596623,0.04234411801022144,0.03327819372199242
6,TN0830400,"Hendersonville, TN",theft,0.023230761582622765,0.0670833775217946,0.03324783317911603
7,TN0830400,"Hendersonville, TN",theft,0.05336929189175766,0.055974979464600436,0.03317714503143194
8,TN0830400,"Hendersonville, TN",theft,0.06714888840375174,0.04310542312985349,0.03324783317911603
9,TN0830400,"Hendersonville, TN",theft,0.044121015690036715,0.022857039749987387,0.03327819372199242
10,TN0830400,"Hendersonville, TN",theft,0.022895821795177324,0.012515600345392482,0.03328894880011283
11,TN0830400,"Hendersonville, TN",theft,0.029789499310822014,0.037619625711837315,0.033278193721992415
12,TN0830400,"Hendersonville, TN",theft,0.018948850558136773,0.05031351789591121,0.03324783317911603
1,TN0900100,"Johnson City, TN",theft,-0.042789109977786455,-0.036171306030731556,0.0284894611088947
2,TN0900100,"Johnson City, TN",theft,-0.09874831863054001,-0.10594582928827559,0.028523946505476554
3,TN0900100,"Johnson City, TN",theft,-0.08630062783079621,-0.08519124259993799,0.02852672741482439
4,TN0900100,"Johnson City, TN",theft,-0.033476003709148536,-0.02363614531252595,0.028550819662962194
5,TN0900100,"Johnson City, TN",theft,0.00180993091596623,0.002079592929316083,0.02852672741482439
6,TN0900100,"Johnson City, TN",theft,0.023230761582622765,0.008001004565438802,0.028523946505476554
7,TN0900100,"Johnson City, TN",theft,0.05336929189175766,0.03271931771395725,0.028489461108894696
8,TN0900100,"Johnson City, TN",theft,0.06714888840375174,0.04793925201145051,0.028523946505476554
9,TN0900100,"Johnson City, TN",theft,0.044121015690036715,0.03063665363988716,0.028526727414824392
10,TN0900100,"Johnson City, TN",theft,0.022895821795177324,0.027088133629300237,0.028550819662962194
11,TN0900100,"Johnson City, TN",theft,0.029789499310822014,0.05592698434750898,0.02852672741482439
12,TN0900100,"Johnson City, TN",theft,0.018948850558136773,0.04655358439461206,0.028523946505476554
1,TN0940100,"Franklin, TN",theft,-0.042789109977786455,-0.03758563682033493,0.03147506968775899
2,TN0940100,"Franklin, TN",theft,-0.09874831863054001,-0.12143944753792685,0.031528187808786794
3,TN0940100,"Franklin, TN",theft,-0.08630062783079621,-0.10907228263772302,0.03153579228372775
4,TN0940100,"Franklin, TN",theft,-0.033476003709148536,-0.030458837858580366,0.03155370270945159
5,TN0940100,"Franklin, TN",theft,0.00180993091596623,0.02726205661971036,0.03153579228372776
6,TN0940100,"Franklin, TN",theft,0.023230761582622765,0.042896726947360755,0.031528187808786794
7,TN0940100,"Franklin, TN",theft,0.05336929189175766,0.043702894559863134,0.03147506968775899
8,TN0940100,"Franklin, TN",theft,0.06714888840375174,0.032952882550247545,0.031528187808786794
9,TN0940100,"Franklin, TN",theft,0.044121015690036715,0.01446845991051547,0.03153579228372776
10,TN0940100,"Franklin, TN",theft,0.022895821795177324,0.024341580119052148,0.03155370270945159
11,TN0940100,"Franklin, TN",theft,0.029789499310822014,0.061224508367968916,0.03153579228372775
12,TN0940100,"Franklin, TN",theft,0.018948850558136773,0.05170709577984682,0.031528187808786794
1,TNMPD0000,"Memphis, TN",theft,-0.042789109977786455,-0.05804774903818584,0.02574444526861415
2,TNMPD0000,"Memphis, TN",theft,-0.09874831863054001,-0.13299464802411076,0.02576569196189826
3,TNMPD0000,"Memphis, TN",theft,-0.08630062783079621,-0.11120034402423995,0.025789419473323423
4,TNMPD0000,"Memphis, TN",theft,-0.033476003709148536,-0.017237977844929045,0.02579515106378005
5,TNMPD0000,"Memphis, TN",theft,0.00180993091596623,0.042420962499040205,0.025789419473323427
6,TNMPD0000,"Memphis, TN",theft,0.023230761582622765,0.0486482214802552,0.02576569196189826
7,TNMPD0000,"Memphis, TN",theft,0.05336929189175766,0.058886491589719744,0.025744445268614143
8,TNMPD0000,"Memphis, TN",theft,0.06714888840375174,0.07322812617956438,0.02576569196189826
9,TNMPD0000,"Memphis, TN",theft,0.044121015690036715,0.05059507962815964,0.02578941947332343
10,TNMPD0000,"Memphis, TN",theft,0.022895821795177324,0.016399235293395133,0.02579515106378005
11,TNMPD0000,"Memphis, TN",theft,0.029789499310822014,0.01734555934550614,0.025789419473323427
12,TNMPD0000,"Memphis, TN",theft,0.018948850558136773,0.011957042915825137,0.02576569196189826
1,TX0150000,"Bexar, TX",theft,-0.042789109977786455,4.2123782798347007e-4,0.02708458809293416
2,TX0150000,"Bexar, TX",theft,-0.09874831863054001,-0.04038494142361021,0.027106852421402167
3,TX0150000,"Bexar, TX",theft,-0.08630062783079621,-0.05049597764752885,0.027140899968845823
4,TX0150000,"Bexar, TX",theft,-0.033476003709148536,-0.03187799653901814,0.027148061135850776
5,TX0150000,"Bexar, TX",theft,0.00180993091596623,-0.014370069741398817,0.027140899968845826
6,TX0150000,"Bexar, TX",theft,0.023230761582622765,0.009625889380555799,0.027106852421402167
7,TX0150000,"Bexar, TX",theft,0.05336929189175766,0.04830828875210777,0.027084588092934157
8,TX0150000,"Bexar, TX",theft,0.06714888840375174,0.06118664457585732,0.027106852421402167
9,TX0150000,"Bexar, TX",theft,0.044121015690036715,0.022568154219684698,0.027140899968845826
10,TX0150000,"Bexar, TX",theft,0.022895821795177324,-0.016851530041073093,0.027148061135850776
11,TX0150000,"Bexar, TX",theft,0.029789499310822014,-0.006431633410848297,0.027140899968845823
12,TX0150000,"Bexar, TX",theft,0.018948850558136773,0.01830193404728836,0.027106852421402164
1,TX0200000,"Brazoria, TX",theft,-0.042789109977786455,-0.06002846136962941,0.030972352441060967
2,TX0200000,"Brazoria, TX",theft,-0.09874831863054001,-0.10496826833642768,0.03098746578662907
3,TX0200000,"Brazoria, TX",theft,-0.08630062783079621,-0.041941970041498744,0.031022697520176532
4,TX0200000,"Brazoria, TX",theft,-0.033476003709148536,0.04141129260562028,0.031006451477566376
5,TX0200000,"Brazoria, TX",theft,0.00180993091596623,0.04578687098305227,0.03102269752017654
6,TX0200000,"Brazoria, TX",theft,0.023230761582622765,0.026028441335614615,0.03098746578662907
7,TX0200000,"Brazoria, TX",theft,0.05336929189175766,0.05244208746852162,0.03097235244106096
8,TX0200000,"Brazoria, TX",theft,0.06714888840375174,0.06471099086424288,0.03098746578662907
9,TX0200000,"Brazoria, TX",theft,0.044121015690036715,0.009271066470421715,0.03102269752017654
10,TX0200000,"Brazoria, TX",theft,0.022895821795177324,-0.03382491870451249,0.031006451477566376
11,TX0200000,"Brazoria, TX",theft,0.029789499310822014,-0.005529593510867506,0.031022697520176532
12,TX0200000,"Brazoria, TX",theft,0.018948850558136773,0.006642462235462459,0.03098746578662907
1,TX0201000,"Pearland, TX",theft,-0.042789109977786455,-0.015178450894982163,0.028872723213029985
2,TX0201000,"Pearland, TX",theft,-0.09874831863054001,-0.09776435259536273,0.028959309304589634
3,TX0201000,"Pearland, TX",theft,-0.08630062783079621,-0.08699517135785113,0.028954717772312958
4,TX0201000,"Pearland, TX",theft,-0.033476003709148536,-0.013701944510388258,0.028949819588465972
5,TX0201000,"Pearland, TX",theft,0.00180993091596623,0.024186851869417887,0.02895471777231296
6,TX0201000,"Pearland, TX",theft,0.023230761582622765,0.02040860684183212,0.028959309304589634
7,TX0201000,"Pearland, TX",theft,0.05336929189175766,0.026181965066500154,0.028872723213029982
8,TX0201000,"Pearland, TX",theft,0.06714888840375174,0.03204273269940794,0.028959309304589634
9,TX0201000,"Pearland, TX",theft,0.044121015690036715,0.010270037290378323,0.028954717772312965
10,TX0201000,"Pearland, TX",theft,0.022895821795177324,0.0026984303388702616,0.028949819588465972
11,TX0201000,"Pearland, TX",theft,0.029789499310822014,0.041534768026536883,0.028954717772312958
12,TX0201000,"Pearland, TX",theft,0.018948850558136773,0.056316527225640706,0.028959309304589634
1,TX0210200,"College Station, TX",theft,-0.042789109977786455,-0.0790828738869872,0.029097212123261457
2,TX0210200,"College Station, TX",theft,-0.09874831863054001,-0.07269923809454559,0.02910027105697257
3,TX0210200,"College Station, TX",theft,-0.08630062783079621,-0.01608840322562301,0.029090879652947755
4,TX0210200,"College Station, TX",theft,-0.033476003709148536,-0.00798042545787717,0.02908955420097043
5,TX0210200,"College Station, TX",theft,0.00180993091596623,-0.022633076450568217,0.02909087965294776
6,TX0210200,"College Station, TX",theft,0.023230761582622765,-0.0066287055362229536,0.02910027105697257
7,TX0210200,"College Station, TX",theft,0.05336929189175766,0.0019810549658769824,0.029097212123261454
8,TX0210200,"College Station, TX",theft,0.06714888840375174,-0.020381033581723985,0.02910027105697257
9,TX0210200,"College Station, TX",theft,0.044121015690036715,1.0995047046357912e-4,0.02909087965294776
10,TX0210200,"College Station, TX",theft,0.022895821795177324,0.08508224437898736,0.02908955420097043
11,TX0210200,"College Station, TX",theft,0.029789499310822014,0.11571334812683778,0.029090879652947755
12,TX0210200,"College Station, TX",theft,0.018948850558136773,0.02260715829138244,0.02910027105697257
1,TX0310000,"Cameron, TX",theft,-0.042789109977786455,-0.016687091286855506,0.03316257172735302
2,TX0310000,"Cameron, TX",theft,-0.09874831863054001,-0.07553921628097342,0.03322975236338491
3,TX0310000,"Cameron, TX",theft,-0.08630062783079621,-0.05177371321052968,0.033252567771649456
4,TX0310000,"Cameron, TX",theft,-0.033476003709148536,-0.002927610065016923,0.033264158463804316
5,TX0310000,"Cameron, TX",theft,0.00180993091596623,8.821452333937581e-4,0.033252567771649456
6,TX0310000,"Cameron, TX",theft,0.023230761582622765,0.004992680339978555,0.03322975236338491
7,TX0310000,"Cameron, TX",theft,0.05336929189175766,0.048775097257973424,0.03316257172735301
8,TX0310000,"Cameron, TX",theft,0.06714888840375174,0.062394958878457606,0.03322975236338491
9,TX0310000,"Cameron, TX",theft,0.044121015690036715,0.006541449836895939,0.033252567771649456
10,TX0310000,"Cameron, TX",theft,0.022895821795177324,-0.029160395906101005,0.033264158463804316
11,TX0310000,"Cameron, TX",theft,0.029789499310822014,0.012262112169122031,0.033252567771649456
12,TX0310000,"Cameron, TX",theft,0.018948850558136773,0.04023958303365522,0.03322975236338491
1,TX0310100,"Brownsville, TX",theft,-0.042789109977786455,0.0053405975726183675,0.027384679966200726
2,TX0310100,"Brownsville, TX",theft,-0.09874831863054001,-0.06488740100585422,0.027423033365806246
3,TX0310100,"Brownsville, TX",theft,-0.08630062783079621,-0.06435555429746322,0.027441568743224298
4,TX0310100,"Brownsville, TX",theft,-0.033476003709148536,-0.0062854300909164955,0.027455904295557533
5,TX0310100,"Brownsville, TX",theft,0.00180993091596623,0.02149716357876322,0.0274415687432243
6,TX0310100,"Brownsville, TX",theft,0.023230761582622765,0.011451719997157422,0.027423033365806246
7,TX0310100,"Brownsville, TX",theft,0.05336929189175766,0.017134260674492984,0.027384679966200722
8,TX0310100,"Brownsville, TX",theft,0.06714888840375174,0.028891967537409798,0.027423033365806246
9,TX0310100,"Brownsville, TX",theft,0.044121015690036715,0.005885262581907409,0.027441568743224305
10,TX0310100,"Brownsville, TX",theft,0.022895821795177324,-0.016189428156194865,0.027455904295557533
11,TX0310100,"Brownsville, TX",theft,0.029789499310822014,0.014498269889681203,0.027441568743224298
12,TX0310100,"Brownsville, TX",theft,0.018948850558136773,0.047018571718398385,0.027423033365806246
1,TX0310300,"Harlingen, TX",theft,-0.042789109977786455,0.008078344357404788,0.028518425390414607
2,TX0310300,"Harlingen, TX",theft,-0.09874831863054001,-0.05999373869091793,0.028548294105197214
3,TX0310300,"Harlingen, TX",theft,-0.08630062783079621,-0.07036598746534369,0.028574650233830292
4,TX0310300,"Harlingen, TX",theft,-0.033476003709148536,-0.019516077587514558,0.028590428983215527
5,TX0310300,"Harlingen, TX",theft,0.00180993091596623,0.02336213845801007,0.028574650233830295
6,TX0310300,"Harlingen, TX",theft,0.023230761582622765,0.03189965188193297,0.028548294105197214
7,TX0310300,"Harlingen, TX",theft,0.05336929189175766,0.03095395367510409,0.028518425390414603
8,TX0310300,"Harlingen, TX",theft,0.06714888840375174,0.021371455687354983,0.028548294105197214
9,TX0310300,"Harlingen, TX",theft,0.044121015690036715,-0.007288593570728176,0.028574650233830295
10,TX0310300,"Harlingen, TX",theft,0.022895821795177324,-0.01951622044499432,0.028590428983215527
11,TX0310300,"Harlingen, TX",theft,0.029789499310822014,0.015260144545552887,0.028574650233830292
12,TX0310300,"Harlingen, TX",theft,0.018948850558136773,0.04575492915413888,0.02854829410519721
1,TX0430000,"Collin, TX",theft,-0.042789109977786455,-0.04293974954730135,0.036841300749924415
2,TX0430000,"Collin, TX",theft,-0.09874831863054001,-0.07908136393569386,0.03689492498014551
3,TX0430000,"Collin, TX",theft,-0.08630062783079621,-0.053228954929390546,0.03691968613588664
4,TX0430000,"Collin, TX",theft,-0.033476003709148536,-0.016017163974109815,0.03691832624896849
5,TX0430000,"Collin, TX",theft,0.00180993091596623,0.003497138449379542,0.03691968613588665
6,TX0430000,"Collin, TX",theft,0.023230761582622765,0.0334274513714246,0.03689492498014551
7,TX0430000,"Collin, TX",theft,0.05336929189175766,0.06602501165265394,0.03684130074992441
8,TX0430000,"Collin, TX",theft,0.06714888840375174,0.050763196351328414,0.03689492498014551
9,TX0430000,"Collin, TX",theft,0.044121015690036715,0.0018255252396724665,0.03691968613588665
10,TX0430000,"Collin, TX",theft,0.022895821795177324,-0.007068098131242801,0.03691832624896849
11,TX0430000,"Collin, TX",theft,0.029789499310822014,0.02482102913498589,0.03691968613588664
12,TX0430000,"Collin, TX",theft,0.018948850558136773,0.017975978318293513,0.03689492498014551
1,TX0430100,"Allen, TX",theft,-0.042789109977786455,-0.028771411652316007,0.030748083034283898
2,TX0430100,"Allen, TX",theft,-0.09874831863054001,-0.09601157956741142,0.03079060741401347
3,TX0430100,"Allen, TX",theft,-0.08630062783079621,-0.06905396726737874,0.03081546496580298
4,TX0430100,"Allen, TX",theft,-0.033476003709148536,-0.005672552496791387,0.03082660684064453
5,TX0430100,"Allen, TX",theft,0.00180993091596623,0.020720804886586494,0.030815464965802983
6,TX0430100,"Allen, TX",theft,0.023230761582622765,0.031542321062383125,0.03079060741401347
7,TX0430100,"Allen, TX",theft,0.05336929189175766,0.050357698707000645,0.03074808303428389
8,TX0430100,"Allen, TX",theft,0.06714888840375174,0.03573594816382924,0.03079060741401347
9,TX0430100,"Allen, TX",theft,0.044121015690036715,-0.01280795119088812,0.030815464965802983
10,TX0430100,"Allen, TX",theft,0.022895821795177324,-0.015913734557893282,0.03082660684064453
11,TX0430100,"Allen, TX",theft,0.029789499310822014,0.039554826516995684,0.03081546496580298
12,TX0430100,"Allen, TX",theft,0.018948850558136773,0.05031959739588379,0.030790607414013467
1,TX0430400,"Frisco, TX",theft,-0.042789109977786455,-0.03461163104503876,0.028185703535939185
2,TX0430400,"Frisco, TX",theft,-0.09874831863054001,-0.104742992623253,0.0282093585294632
3,TX0430400,"Frisco, TX",theft,-0.08630062783079621,-0.0595768807402513,0.028246306797631852
4,TX0430400,"Frisco, TX",theft,-0.033476003709148536,-0.014985018093527798,0.028230843131657347
5,TX0430400,"Frisco, TX",theft,0.00180993091596623,-0.017026331812047203,0.02824630679763186
6,TX0430400,"Frisco, TX",theft,0.023230761582622765,0.010299083179923325,0.0282093585294632
7,TX0430400,"Frisco, TX",theft,0.05336929189175766,0.05719670423318855,0.02818570353593918
8,TX0430400,"Frisco, TX",theft,0.06714888840375174,0.027380704413034744,0.0282093585294632
9,TX0430400,"Frisco, TX",theft,0.044121015690036715,-0.040370480658116825,0.02824630679763186
10,TX0430400,"Frisco, TX",theft,0.022895821795177324,-0.007600055094622056,0.028230843131657347
11,TX0430400,"Frisco, TX",theft,0.029789499310822014,0.09438862002226545,0.028246306797631855
12,TX0430400,"Frisco, TX",theft,0.018948850558136773,0.08964827821844489,0.0282093585294632
1,TX0430500,"Mckinney, TX",theft,-0.042789109977786455,-0.038004942036128864,0.02881408039001647
2,TX0430500,"Mckinney, TX",theft,-0.09874831863054001,-0.08910455359443854,0.028858046332106535
3,TX0430500,"Mckinney, TX",theft,-0.08630062783079621,-0.07572484664177573,0.02888239183797441
4,TX0430500,"Mckinney, TX",theft,-0.033476003709148536,-0.02053521334804396,0.02890430635822884
5,TX0430500,"Mckinney, TX",theft,0.00180993091596623,0.02035856297734505,0.028882391837974412
6,TX0430500,"Mckinney, TX",theft,0.023230761582622765,0.04640031632429753,0.028858046332106535
7,TX0430500,"Mckinney, TX",theft,0.05336929189175766,0.07112437101973827,0.028814080390016466
8,TX0430500,"Mckinney, TX",theft,0.06714888840375174,0.06538209587581231,0.028858046332106535
9,TX0430500,"Mckinney, TX",theft,0.044121015690036715,0.01888295993954006,0.028882391837974412
10,TX0430500,"Mckinney, TX",theft,0.022895821795177324,-0.012584215635565459,0.02890430635822884
11,TX0430500,"Mckinney, TX",theft,0.029789499310822014,0.0033638947412811724,0.02888239183797441
12,TX0430500,"Mckinney, TX",theft,0.018948850558136773,0.010441570377938162,0.028858046332106535
1,TX0430600,"Plano, TX",theft,-0.042789109977786455,-0.00911389135860938,0.027087840412665095
2,TX0430600,"Plano, TX",theft,-0.09874831863054001,-0.07151839669938309,0.027125051790285813
3,TX0430600,"Plano, TX",theft,-0.08630062783079621,-0.05877664648486862,0.027134405366636527
4,TX0430600,"Plano, TX",theft,-0.033476003709148536,-0.0026214686846864343,0.027148071108956773
5,TX0430600,"Plano, TX",theft,0.00180993091596623,0.007371003914257469,0.02713440536663653
6,TX0430600,"Plano, TX",theft,0.023230761582622765,-0.012213539227672963,0.027125051790285813
7,TX0430600,"Plano, TX",theft,0.05336929189175766,0.009284129355619657,0.02708784041266509
8,TX0430600,"Plano, TX",theft,0.06714888840375174,0.046778250872854005,0.027125051790285813
9,TX0430600,"Plano, TX",theft,0.044121015690036715,0.033866262661329236,0.02713440536663653
10,TX0430600,"Plano, TX",theft,0.022895821795177324,0.0024512306876761612,0.027148071108956773
11,TX0430600,"Plano, TX",theft,0.029789499310822014,0.017369141912271614,0.027134405366636527
12,TX0430600,"Plano, TX",theft,0.018948850558136773,0.03712392305121234,0.027125051790285813
1,TX0430800,"Wylie, TX",theft,-0.042789109977786455,-0.06551145448724252,0.03512697715150282
2,TX0430800,"Wylie, TX",theft,-0.09874831863054001,-0.10552770896299035,0.03520150789222097
3,TX0430800,"Wylie, TX",theft,-0.08630062783079621,-0.0644723676202868,0.03522034566991953
4,TX0430800,"Wylie, TX",theft,-0.033476003709148536,-0.0322267333092744,0.03523299261925811
5,TX0430800,"Wylie, TX",theft,0.00180993091596623,-0.02246261399011649,0.03522034566991954
6,TX0430800,"Wylie, TX",theft,0.023230761582622765,0.0362895934418557,0.03520150789222097
7,TX0430800,"Wylie, TX",theft,0.05336929189175766,0.11164000947285352,0.035126977151502814
8,TX0430800,"Wylie, TX",theft,0.06714888840375174,0.09242843702238296,0.03520150789222097
9,TX0430800,"Wylie, TX",theft,0.044121015690036715,0.00524454069406835,0.03522034566991954
10,TX0430800,"Wylie, TX",theft,0.022895821795177324,-0.013901821676336641,0.03523299261925811
11,TX0430800,"Wylie, TX",theft,0.029789499310822014,0.035561885930723854,0.03522034566991953
12,TX0430800,"Wylie, TX",theft,0.018948850558136773,0.022938233484362826,0.03520150789222097
1,TX0460000,"Comal, TX",theft,-0.042789109977786455,-0.09345108405080652,0.034401513821319604
2,TX0460000,"Comal, TX",theft,-0.09874831863054001,-0.136342623085123,0.034407519093943247
3,TX0460000,"Comal, TX",theft,-0.08630062783079621,-0.07746717688853266,0.03441735362266508
4,TX0460000,"Comal, TX",theft,-0.033476003709148536,-0.00267725844780661,0.03437687676601952
5,TX0460000,"Comal, TX",theft,0.00180993091596623,0.020111168743085207,0.034417353622665084
6,TX0460000,"Comal, TX",theft,0.023230761582622765,0.028324173895004735,0.034407519093943247
7,TX0460000,"Comal, TX",theft,0.05336929189175766,0.055121925163396486,0.034401513821319604
8,TX0460000,"Comal, TX",theft,0.06714888840375174,0.0638212227219702,0.034407519093943247
9,TX0460000,"Comal, TX",theft,0.044121015690036715,0.043274935412789886,0.034417353622665084
10,TX0460000,"Comal, TX",theft,0.022895821795177324,0.041006417335216636,0.03437687676601952
11,TX0460000,"Comal, TX",theft,0.029789499310822014,0.05241023162006753,0.03441735362266508
12,TX0460000,"Comal, TX",theft,0.018948850558136773,0.005868067580738104,0.034407519093943247
1,TX0460100,"New Braunfels, TX",theft,-0.042789109977786455,-0.06260371429844122,0.030267300316480766
2,TX0460100,"New Braunfels, TX",theft,-0.09874831863054001,-0.11754553876578777,0.030318530534876452
3,TX0460100,"New Braunfels, TX",theft,-0.08630062783079621,-0.10281793323539992,0.030341842109479183
4,TX0460100,"New Braunfels, TX",theft,-0.033476003709148536,-0.05876602332335688,0.030372446790467696
5,TX0460100,"New Braunfels, TX",theft,0.00180993091596623,-0.014242372105490392,0.030341842109479187
6,TX0460100,"New Braunfels, TX",theft,0.023230761582622765,0.04915865658362944,0.030318530534876452
7,TX0460100,"New Braunfels, TX",theft,0.05336929189175766,0.10859906707179981,0.030267300316480762
8,TX0460100,"New Braunfels, TX",theft,0.06714888840375174,0.1009806692465227,0.030318530534876452
9,TX0460100,"New Braunfels, TX",theft,0.044121015690036715,0.040257710942776255,0.030341842109479187
10,TX0460100,"New Braunfels, TX",theft,0.022895821795177324,0.012770670549998277,0.030372446790467696
11,TX0460100,"New Braunfels, TX",theft,0.029789499310822014,0.03080724162475543,0.030341842109479183
12,TX0460100,"New Braunfels, TX",theft,0.018948850558136773,0.013401565708994301,0.030318530534876452
1,TX0570400,"Carrollton, TX",theft,-0.042789109977786455,-0.05302538418307409,0.029114934884959632
2,TX0570400,"Carrollton, TX",theft,-0.09874831863054001,-0.11740599559981615,0.029136169179778144
3,TX0570400,"Carrollton, TX",theft,-0.08630062783079621,-0.07063193895829065,0.029138712650709678
4,TX0570400,"Carrollton, TX",theft,-0.033476003709148536,0.02171723211523723,0.029136068599177674
5,TX0570400,"Carrollton, TX",theft,0.00180993091596623,0.0367212715989544,0.029138712650709678
6,TX0570400,"Carrollton, TX",theft,0.023230761582622765,-0.002426247233153661,0.029136169179778144
7,TX0570400,"Carrollton, TX",theft,0.05336929189175766,0.00476977231860484,0.02911493488495963
8,TX0570400,"Carrollton, TX",theft,0.06714888840375174,0.046830048907323056,0.029136169179778144
9,TX0570400,"Carrollton, TX",theft,0.044121015690036715,0.04831160413026677,0.02913871265070968
10,TX0570400,"Carrollton, TX",theft,0.022895821795177324,0.026538379749232024,0.029136068599177674
11,TX0570400,"Carrollton, TX",theft,0.029789499310822014,0.03385467509353868,0.029138712650709678
12,TX0570400,"Carrollton, TX",theft,0.018948850558136773,0.024746582061177556,0.029136169179778144
1,TX0570800,"Desoto, TX",theft,-0.042789109977786455,-0.06634086532878941,0.03136231709739109
2,TX0570800,"Desoto, TX",theft,-0.09874831863054001,-0.11049327973967626,0.03140335441216155
3,TX0570800,"Desoto, TX",theft,-0.08630062783079621,-0.05762971809449644,0.03141752446753135
4,TX0570800,"Desoto, TX",theft,-0.033476003709148536,0.01116606467579832,0.03143849679522491
5,TX0570800,"Desoto, TX",theft,0.00180993091596623,0.03574112862547915,0.031417524467531356
6,TX0570800,"Desoto, TX",theft,0.023230761582622765,0.051517388527873714,0.03140335441216155
7,TX0570800,"Desoto, TX",theft,0.05336929189175766,0.06980616361965883,0.03136231709739108
8,TX0570800,"Desoto, TX",theft,0.06714888840375174,0.04243182086569954,0.03140335441216155
9,TX0570800,"Desoto, TX",theft,0.044121015690036715,-0.013897039070349736,0.031417524467531356
10,TX0570800,"Desoto, TX",theft,0.022895821795177324,-0.014631362966667744,0.03143849679522491
11,TX0570800,"Desoto, TX",theft,0.029789499310822014,0.032320330248497536,0.03141752446753135
12,TX0570800,"Desoto, TX",theft,0.018948850558136773,0.020009368636972506,0.03140335441216155
1,TX0571100,"Garland, TX",theft,-0.042789109977786455,-0.050930837417351486,0.027001745148911762
2,TX0571100,"Garland, TX",theft,-0.09874831863054001,-0.07344604555657114,0.027032069678489933
3,TX0571100,"Garland, TX",theft,-0.08630062783079621,-0.060354657284324875,0.0270544489508007
4,TX0571100,"Garland, TX",theft,-0.033476003709148536,-0.018960935156290822,0.027051493811440307
5,TX0571100,"Garland, TX",theft,0.00180993091596623,0.01558158452191369,0.027054448950800704
6,TX0571100,"Garland, TX",theft,0.023230761582622765,0.030109405341885533,0.027032069678489933
7,TX0571100,"Garland, TX",theft,0.05336929189175766,0.04079691323219464,0.02700174514891176
8,TX0571100,"Garland, TX",theft,0.06714888840375174,0.052397528932416525,0.027032069678489933
9,TX0571100,"Garland, TX",theft,0.044121015690036715,0.04944006484532709,0.027054448950800704
10,TX0571100,"Garland, TX",theft,0.022895821795177324,0.02909485934144767,0.027051493811440307
11,TX0571100,"Garland, TX",theft,0.029789499310822014,0.0054669321022409005,0.0270544489508007
12,TX0571100,"Garland, TX",theft,0.018948850558136773,-0.019194812902887725,0.02703206967848993
1,TX0571200,"Grand Prairie, TX",theft,-0.042789109977786455,-0.036267829072252226,0.02757951724591886
2,TX0571200,"Grand Prairie, TX",theft,-0.09874831863054001,-0.08097226269107598,0.027602917307234198
3,TX0571200,"Grand Prairie, TX",theft,-0.08630062783079621,-0.06747092048194811,0.027638838515187336
4,TX0571200,"Grand Prairie, TX",theft,-0.033476003709148536,-0.009941824478045046,0.027631597083359095
5,TX0571200,"Grand Prairie, TX",theft,0.00180993091596623,0.02919655104414161,0.02763883851518734
6,TX0571200,"Grand Prairie, TX",theft,0.023230761582622765,0.03889248545158372,0.027602917307234198
7,TX0571200,"Grand Prairie, TX",theft,0.05336929189175766,0.04809686130223854,0.027579517245918856
8,TX0571200,"Grand Prairie, TX",theft,0.06714888840375174,0.05057827174052301,0.027602917307234198
9,TX0571200,"Grand Prairie, TX",theft,0.044121015690036715,0.025247897301408813,0.02763883851518734
10,TX0571200,"Grand Prairie, TX",theft,0.022895821795177324,-0.001887207751941261,0.027631597083359095
11,TX0571200,"Grand Prairie, TX",theft,0.029789499310822014,0.00119743990641134,0.027638838515187336
12,TX0571200,"Grand Prairie, TX",theft,0.018948850558136773,0.0033305377289555853,0.027602917307234194
1,TX0571500,"Irving, TX",theft,-0.042789109977786455,-0.035009707005236104,0.0269020010939781
2,TX0571500,"Irving, TX",theft,-0.09874831863054001,-0.08597432227237808,0.026940615566601038
3,TX0571500,"Irving, TX",theft,-0.08630062783079621,-0.06851503393385083,0.026952558498552867
4,TX0571500,"Irving, TX",theft,-0.033476003709148536,-0.012857058073350415,0.02696716663311441
5,TX0571500,"Irving, TX",theft,0.00180993091596623,0.014750230193042073,0.02695255849855287
6,TX0571500,"Irving, TX",theft,0.023230761582622765,0.018708806325296146,0.026940615566601038
7,TX0571500,"Irving, TX",theft,0.05336929189175766,0.03540241101643591,0.026902001093978098
8,TX0571500,"Irving, TX",theft,0.06714888840375174,0.0484149406702764,0.026940615566601038
9,TX0571500,"Irving, TX",theft,0.044121015690036715,0.03056294832054932,0.02695255849855287
10,TX0571500,"Irving, TX",theft,0.022895821795177324,0.012464354062150605,0.02696716663311441
11,TX0571500,"Irving, TX",theft,0.029789499310822014,0.0228091514090596,0.026952558498552867
12,TX0571500,"Irving, TX",theft,0.018948850558136773,0.0192432792880054,0.026940615566601038
1,TX0571800,"Mesquite, TX",theft,-0.042789109977786455,-0.029145894513192952,0.027261149313933038
2,TX0571800,"Mesquite, TX",theft,-0.09874831863054001,-0.09746469084207514,0.02727750685677906
3,TX0571800,"Mesquite, TX",theft,-0.08630062783079621,-0.07643500493408703,0.02731474257770212
4,TX0571800,"Mesquite, TX",theft,-0.033476003709148536,-0.01819441504622247,0.027313889019808524
5,TX0571800,"Mesquite, TX",theft,0.00180993091596623,-5.144357550033978e-4,0.027314742577702122
6,TX0571800,"Mesquite, TX",theft,0.023230761582622765,0.011802787287618554,0.02727750685677906
7,TX0571800,"Mesquite, TX",theft,0.05336929189175766,0.05982575204358528,0.027261149313933034
8,TX0571800,"Mesquite, TX",theft,0.06714888840375174,0.07952194612644697,0.02727750685677906
9,TX0571800,"Mesquite, TX",theft,0.044121015690036715,0.027812402688066524,0.027314742577702125
10,TX0571800,"Mesquite, TX",theft,0.022895821795177324,-0.012485442484169872,0.027313889019808524
11,TX0571800,"Mesquite, TX",theft,0.029789499310822014,0.01845718047063154,0.02731474257770212
12,TX0571800,"Mesquite, TX",theft,0.018948850558136773,0.036819814958402,0.02727750685677906
1,TX0572000,"Richardson, TX",theft,-0.042789109977786455,0.012848274926405964,0.028597230261916358
2,TX0572000,"Richardson, TX",theft,-0.09874831863054001,-0.04837688348121561,0.028652023637750622
3,TX0572000,"Richardson, TX",theft,-0.08630062783079621,-0.05429073282168002,0.028683852061586624
4,TX0572000,"Richardson, TX",theft,-0.033476003709148536,0.010700446562067518,0.02866197030445272
5,TX0572000,"Richardson, TX",theft,0.00180993091596623,0.03564137421138374,0.028683852061586624
6,TX0572000,"Richardson, TX",theft,0.023230761582622765,8.866168006630127e-4,0.028652023637750622
7,TX0572000,"Richardson, TX",theft,0.05336929189175766,0.004123943452311275,0.028597230261916354
8,TX0572000,"Richardson, TX",theft,0.06714888840375174,0.05123618392268437,0.028652023637750625
9,TX0572000,"Richardson, TX",theft,0.044121015690036715,0.04017781488443154,0.028683852061586627
10,TX0572000,"Richardson, TX",theft,0.022895821795177324,-0.027672664940784738,0.02866197030445272
11,TX0572000,"Richardson, TX",theft,0.029789499310822014,-0.038500674652852486,0.028683852061586624
12,TX0572000,"Richardson, TX",theft,0.018948850558136773,0.013226301136585444,0.028652023637750622
1,TX0573300,"Rowlett, TX",theft,-0.042789109977786455,-0.07346417711288672,0.03146064276993202
2,TX0573300,"Rowlett, TX",theft,-0.09874831863054001,-0.15103404211511595,0.031465181857592596
3,TX0573300,"Rowlett, TX",theft,-0.08630062783079621,-0.10525493440914609,0.031503861254733014
4,TX0573300,"Rowlett, TX",theft,-0.033476003709148536,-0.008241094973521818,0.031497216967100825
5,TX0573300,"Rowlett, TX",theft,0.00180993091596623,0.02300750872541223,0.03150386125473302
6,TX0573300,"Rowlett, TX",theft,0.023230761582622765,0.02841347375956894,0.031465181857592596
7,TX0573300,"Rowlett, TX",theft,0.05336929189175766,0.08262737108440943,0.03146064276993201
8,TX0573300,"Rowlett, TX",theft,0.06714888840375174,0.11947303372217483,0.031465181857592596
9,TX0573300,"Rowlett, TX",theft,0.044121015690036715,0.06453073204468227,0.03150386125473302
10,TX0573300,"Rowlett, TX",theft,0.022895821795177324,-9.220989980008944e-4,0.031497216967100825
11,TX0573300,"Rowlett, TX",theft,0.029789499310822014,0.008553499667528839,0.031503861254733014
12,TX0573300,"Rowlett, TX",theft,0.018948850558136773,0.012310728604894947,0.031465181857592596
1,TX0610000,"Denton, TX",theft,-0.042789109977786455,-0.11206451990699141,0.03577004213874229
2,TX0610000,"Denton, TX",theft,-0.09874831863054001,-0.09626193952848418,0.03584046193038215
3,TX0610000,"Denton, TX",theft,-0.08630062783079621,-0.029861209891832746,0.03578424523763188
4,TX0610000,"Denton, TX",theft,-0.033476003709148536,0.00692075582691208,0.03582404675573939
5,TX0610000,"Denton, TX",theft,0.00180993091596623,0.03403553154363654,0.03578424523763188
6,TX0610000,"Denton, TX",theft,0.023230761582622765,0.07466810186705443,0.03584046193038215
7,TX0610000,"Denton, TX",theft,0.05336929189175766,0.0711316692339048,0.03577004213874228
8,TX0610000,"Denton, TX",theft,0.06714888840375174,0.008905914243030735,0.03584046193038215
9,TX0610000,"Denton, TX",theft,0.044121015690036715,-0.01656196472053416,0.035784245237631886
10,TX0610000,"Denton, TX",theft,0.022895821795177324,0.03401209484617448,0.03582404675573939
11,TX0610000,"Denton, TX",theft,0.029789499310822014,0.053320493741816875,0.03578424523763188
12,TX0610000,"Denton, TX",theft,0.018948850558136773,-0.028244927254687465,0.03584046193038215
1,TX0610600,"Lewisville, TX",theft,-0.042789109977786455,-0.023471600369926657,0.02874096783457008
2,TX0610600,"Lewisville, TX",theft,-0.09874831863054001,-0.08353387669634543,0.028792461361881967
3,TX0610600,"Lewisville, TX",theft,-0.08630062783079621,-0.06759268566772561,0.028793942891508138
4,TX0610600,"Lewisville, TX",theft,-0.033476003709148536,-0.014281838996704096,0.02882684120469767
5,TX0610600,"Lewisville, TX",theft,0.00180993091596623,-0.0023733540895229097,0.028793942891508138
6,TX0610600,"Lewisville, TX",theft,0.023230761582622765,-0.003760395513598455,0.028792461361881967
7,TX0610600,"Lewisville, TX",theft,0.05336929189175766,0.03802464888926768,0.028740967834570075
8,TX0610600,"Lewisville, TX",theft,0.06714888840375174,0.0751610204085017,0.028792461361881967
9,TX0610600,"Lewisville, TX",theft,0.044121015690036715,0.04466678086054083,0.02879394289150814
10,TX0610600,"Lewisville, TX",theft,0.022895821795177324,-2.712095226369318e-4,0.02882684120469767
11,TX0610600,"Lewisville, TX",theft,0.029789499310822014,0.010746210377366627,0.028793942891508138
12,TX0610600,"Lewisville, TX",theft,0.018948850558136773,0.026686300320783257,0.028792461361881967
1,TX0611200,"Flower Mound, TX",theft,-0.042789109977786455,-0.026464493222369132,0.03337073301125713
2,TX0611200,"Flower Mound, TX",theft,-0.09874831863054001,-0.10767105585596717,0.033399237608470904
3,TX0611200,"Flower Mound, TX",theft,-0.08630062783079621,-0.08947426942688655,0.033430862901681874
4,TX0611200,"Flower Mound, TX",theft,-0.033476003709148536,-0.005488355728634594,0.033405179570848535
5,TX0611200,"Flower Mound, TX",theft,0.00180993091596623,0.027764406412063347,0.03343086290168188
6,TX0611200,"Flower Mound, TX",theft,0.023230761582622765,0.012154597079750789,0.033399237608470904
7,TX0611200,"Flower Mound, TX",theft,0.05336929189175766,0.027533948599663693,0.03337073301125712
8,TX0611200,"Flower Mound, TX",theft,0.06714888840375174,0.05860949746937573,0.033399237608470904
9,TX0611200,"Flower Mound, TX",theft,0.044121015690036715,0.03934325566300051,0.03343086290168188
10,TX0611200,"Flower Mound, TX",theft,0.022895821795177324,0.00441890035134003,0.033405179570848535
11,TX0611200,"Flower Mound, TX",theft,0.029789499310822014,0.021297151974528087,0.033430862901681874
12,TX0611200,"Flower Mound, TX",theft,0.018948850558136773,0.03797641668413526,0.033399237608470904
1,TX0611300,"Little Elm, TX",theft,-0.042789109977786455,-0.08081924737817872,0.03836407274582817
2,TX0611300,"Little Elm, TX",theft,-0.09874831863054001,-0.10297885100204027,0.03842240249602834
3,TX0611300,"Little Elm, TX",theft,-0.08630062783079621,-0.05968672379939485,0.03841218389288345
4,TX0611300,"Little Elm, TX",theft,-0.033476003709148536,-0.013529658013482396,0.03838554999106854
5,TX0611300,"Little Elm, TX",theft,0.00180993091596623,0.020948174047853475,0.03841218389288346
6,TX0611300,"Little Elm, TX",theft,0.023230761582622765,0.05733386868799917,0.03842240249602834
7,TX0611300,"Little Elm, TX",theft,0.05336929189175766,0.06550019601773333,0.03836407274582816
8,TX0611300,"Little Elm, TX",theft,0.06714888840375174,0.026040753622729906,0.03842240249602834
9,TX0611300,"Little Elm, TX",theft,0.044121015690036715,-0.0019323222194701742,0.03841218389288346
10,TX0611300,"Little Elm, TX",theft,0.022895821795177324,0.028848709373927764,0.03838554999106854
11,TX0611300,"Little Elm, TX",theft,0.029789499310822014,0.05598992333145687,0.03841218389288345
12,TX0611300,"Little Elm, TX",theft,0.018948850558136773,0.004285177330865915,0.03842240249602834
1,TX0680200,"Odessa, TX",theft,-0.042789109977786455,-0.02346894497914924,0.028573270365961474
2,TX0680200,"Odessa, TX",theft,-0.09874831863054001,-0.09758608736849096,0.02864739156012895
3,TX0680200,"Odessa, TX",theft,-0.08630062783079621,-0.12056324796477755,0.02866722272936227
4,TX0680200,"Odessa, TX",theft,-0.033476003709148536,-0.08996044252068225,0.0286972388401731
5,TX0680200,"Odessa, TX",theft,0.00180993091596623,-0.022721960250866743,0.02866722272936227
6,TX0680200,"Odessa, TX",theft,0.023230761582622765,0.056844907953211156,0.02864739156012895
7,TX0680200,"Odessa, TX",theft,0.05336929189175766,0.09864185883007254,0.028573270365961467
8,TX0680200,"Odessa, TX",theft,0.06714888840375174,0.07024503086720864,0.02864739156012895
9,TX0680200,"Odessa, TX",theft,0.044121015690036715,0.0180492776125719,0.028667222729362275
10,TX0680200,"Odessa, TX",theft,0.022895821795177324,0.014787528669758934,0.0286972388401731
11,TX0680200,"Odessa, TX",theft,0.029789499310822014,0.050063016752149046,0.02866722272936227
12,TX0680200,"Odessa, TX",theft,0.018948850558136773,0.04566906239899455,0.02864739156012895
1,TX0710000,"El Paso, TX",theft,-0.042789109977786455,-0.054813607453621155,0.033041610195290935
2,TX0710000,"El Paso, TX",theft,-0.09874831863054001,-0.12438944856676089,0.033109226004518544
3,TX0710000,"El Paso, TX",theft,-0.08630062783079621,-0.09076215720985911,0.033109264663157084
4,TX0710000,"El Paso, TX",theft,-0.033476003709148536,-0.008004389057816738,0.03311136871010999
5,TX0710000,"El Paso, TX",theft,0.00180993091596623,0.021952474033887222,0.03310926466315709
6,TX0710000,"El Paso, TX",theft,0.023230761582622765,0.024475524787388788,0.033109226004518544
7,TX0710000,"El Paso, TX",theft,0.05336929189175766,0.06371781296722108,0.033041610195290935
8,TX0710000,"El Paso, TX",theft,0.06714888840375174,0.09251122373262595,0.033109226004518544
9,TX0710000,"El Paso, TX",theft,0.044121015690036715,0.04997972686212422,0.03310926466315709
10,TX0710000,"El Paso, TX",theft,0.022895821795177324,-8.998164557831933e-4,0.03311136871010999
11,TX0710000,"El Paso, TX",theft,0.029789499310822014,0.009925750800247685,0.033109264663157084
12,TX0710000,"El Paso, TX",theft,0.018948850558136773,0.016306905560346138,0.033109226004518544
1,TX0710200,"El Paso, TX",theft,-0.042789109977786455,-0.0050451003220679585,0.02629258454836373
2,TX0710200,"El Paso, TX",theft,-0.09874831863054001,-0.06905771376138756,0.026316007416168186
3,TX0710200,"El Paso, TX",theft,-0.08630062783079621,-0.07794263753283309,0.026345323993344123
4,TX0710200,"El Paso, TX",theft,-0.033476003709148536,-0.03389981028519197,0.026351934366664807
5,TX0710200,"El Paso, TX",theft,0.00180993091596623,7.102881010272333e-4,0.02634532399334413
6,TX0710200,"El Paso, TX",theft,0.023230761582622765,0.0186129875239174,0.026316007416168186
7,TX0710200,"El Paso, TX",theft,0.05336929189175766,0.04746293863443418,0.026292584548363727
8,TX0710200,"El Paso, TX",theft,0.06714888840375174,0.06200473612424849,0.026316007416168186
9,TX0710200,"El Paso, TX",theft,0.044121015690036715,0.028471821583327787,0.02634532399334413
10,TX0710200,"El Paso, TX",theft,0.022895821795177324,-0.00851802802717426,0.026351934366664807
11,TX0710200,"El Paso, TX",theft,0.029789499310822014,0.006342689536111818,0.026345323993344126
12,TX0710200,"El Paso, TX",theft,0.018948850558136773,0.030857828425587923,0.026316007416168186
1,TX0790000,"Fort Bend, TX",theft,-0.042789109977786455,0.010197323402028164,0.027084622013161398
2,TX0790000,"Fort Bend, TX",theft,-0.09874831863054001,-0.04970327123141406,0.027104214499355333
3,TX0790000,"Fort Bend, TX",theft,-0.08630062783079621,-0.0696350032728237,0.02714425427766146
4,TX0790000,"Fort Bend, TX",theft,-0.033476003709148536,-0.02995076152521373,0.027138385410991638
5,TX0790000,"Fort Bend, TX",theft,0.00180993091596623,0.00558094529640564,0.027144254277661463
6,TX0790000,"Fort Bend, TX",theft,0.023230761582622765,0.013351436396095935,0.027104214499355333
7,TX0790000,"Fort Bend, TX",theft,0.05336929189175766,0.029940669230377012,0.027084622013161395
8,TX0790000,"Fort Bend, TX",theft,0.06714888840375174,0.05030003594526476,0.027104214499355333
9,TX0790000,"Fort Bend, TX",theft,0.044121015690036715,0.03009377535426923,0.027144254277661466
10,TX0790000,"Fort Bend, TX",theft,0.022895821795177324,-0.010187231107191433,0.027138385410991638
11,TX0790000,"Fort Bend, TX",theft,0.029789499310822014,-0.006177710010256363,0.02714425427766146
12,TX0790000,"Fort Bend, TX",theft,0.018948850558136773,0.026189791522458535,0.027104214499355333
1,TX0790100,"Missouri City, TX",theft,-0.042789109977786455,-0.03855198639930309,0.032169467780888215
2,TX0790100,"Missouri City, TX",theft,-0.09874831863054001,-0.07920797861279608,0.03222328690640905
3,TX0790100,"Missouri City, TX",theft,-0.08630062783079621,-0.06511461641786512,0.0322693470803639
4,TX0790100,"Missouri City, TX",theft,-0.033476003709148536,-0.0016489107311144179,0.032258533742355947
5,TX0790100,"Missouri City, TX",theft,0.00180993091596623,0.06031616247169252,0.03226934708036391
6,TX0790100,"Missouri City, TX",theft,0.023230761582622765,0.08143448447855495,0.03222328690640905
7,TX0790100,"Missouri City, TX",theft,0.05336929189175766,0.05833162562987408,0.032169467780888215
8,TX0790100,"Missouri City, TX",theft,0.06714888840375174,0.012700755249297214,0.03222328690640905
9,TX0790100,"Missouri City, TX",theft,0.044121015690036715,-0.021172246176204775,0.03226934708036391
10,TX0790100,"Missouri City, TX",theft,0.022895821795177324,-0.018130728499456576,0.032258533742355947
11,TX0790100,"Missouri City, TX",theft,0.029789499310822014,0.00619106089180635,0.0322693470803639
12,TX0790100,"Missouri City, TX",theft,0.018948850558136773,0.00485237811551495,0.03222328690640905
1,TX0790500,"Sugar Land, TX",theft,-0.042789109977786455,0.006359313737901228,0.029570367418181125
2,TX0790500,"Sugar Land, TX",theft,-0.09874831863054001,-0.07133297833064378,0.029613161979199443
3,TX0790500,"Sugar Land, TX",theft,-0.08630062783079621,-0.046738857603298656,0.02963188023549346
4,TX0790500,"Sugar Land, TX",theft,-0.033476003709148536,0.03277199198567125,0.02965661362665797
5,TX0790500,"Sugar Land, TX",theft,0.00180993091596623,0.04828210938589861,0.029631880235493464
6,TX0790500,"Sugar Land, TX",theft,0.023230761582622765,0.01554197693412927,0.029613161979199443
7,TX0790500,"Sugar Land, TX",theft,0.05336929189175766,0.01298358433772846,0.029570367418181122
8,TX0790500,"Sugar Land, TX",theft,0.06714888840375174,0.014306052979681298,0.029613161979199443
9,TX0790500,"Sugar Land, TX",theft,0.044121015690036715,-0.029630965823293543,0.029631880235493464
10,TX0790500,"Sugar Land, TX",theft,0.022895821795177324,-0.05211489006130096,0.02965661362665797
11,TX0790500,"Sugar Land, TX",theft,0.029789499310822014,0.00874481596506389,0.02963188023549346
12,TX0790500,"Sugar Land, TX",theft,0.018948850558136773,0.06082784649246292,0.029613161979199443
1,TX0840400,"Galveston, TX",theft,-0.042789109977786455,-0.05090358429904812,0.030060943350704885
2,TX0840400,"Galveston, TX",theft,-0.09874831863054001,-0.08005036778888536,0.030091900264310707
3,TX0840400,"Galveston, TX",theft,-0.08630062783079621,-0.08179701162995338,0.030110232767441972
4,TX0840400,"Galveston, TX",theft,-0.033476003709148536,-0.033058845555842875,0.03012574425237077
5,TX0840400,"Galveston, TX",theft,0.00180993091596623,0.02962730569160199,0.030110232767441975
6,TX0840400,"Galveston, TX",theft,0.023230761582622765,0.05610406204275863,0.030091900264310707
7,TX0840400,"Galveston, TX",theft,0.05336929189175766,0.051713868066987086,0.03006094335070488
8,TX0840400,"Galveston, TX",theft,0.06714888840375174,0.050697164717626114,0.030091900264310707
9,TX0840400,"Galveston, TX",theft,0.044121015690036715,0.051633524790755156,0.03011023276744198
10,TX0840400,"Galveston, TX",theft,0.022895821795177324,0.032248561787903925,0.03012574425237077
11,TX0840400,"Galveston, TX",theft,0.029789499310822014,-2.7410262034275636e-4,0.030110232767441972
12,TX0840400,"Galveston, TX",theft,0.018948850558136773,-0.025940575203560398,0.030091900264310703
1,TX0840800,"League City, TX",theft,-0.042789109977786455,-0.05594304867404705,0.029753270646185544
2,TX0840800,"League City, TX",theft,-0.09874831863054001,-0.06418272748925061,0.02979528255473491
3,TX0840800,"League City, TX",theft,-0.08630062783079621,-0.028734692206139095,0.029798067422729616
4,TX0840800,"League City, TX",theft,-0.033476003709148536,0.008925537440540829,0.029829192596935367
5,TX0840800,"League City, TX",theft,0.00180993091596623,0.02332046966763982,0.02979806742272962
6,TX0840800,"League City, TX",theft,0.023230761582622765,0.0348744654326706,0.02979528255473491
7,TX0840800,"League City, TX",theft,0.05336929189175766,0.050261807334421905,0.02975327064618554
8,TX0840800,"League City, TX",theft,0.06714888840375174,0.043157476769126506,0.029795282554734914
9,TX0840800,"League City, TX",theft,0.044121015690036715,0.0133906828256401,0.02979806742272962
10,TX0840800,"League City, TX",theft,0.022895821795177324,-0.003244296100915692,0.029829192596935367
11,TX0840800,"League City, TX",theft,0.029789499310822014,-0.002295218947515726,0.029798067422729616
12,TX0840800,"League City, TX",theft,0.018948850558136773,-0.01953045605217158,0.02979528255473491
1,TX0840900,"Texas City, TX",theft,-0.042789109977786455,-0.04399641509315497,0.030450128502850976
2,TX0840900,"Texas City, TX",theft,-0.09874831863054001,-0.12252188499769046,0.03047856316013386
3,TX0840900,"Texas City, TX",theft,-0.08630062783079621,-0.06451184065778418,0.030496255931852956
4,TX0840900,"Texas City, TX",theft,-0.033476003709148536,0.008095005007708258,0.03048055961239733
5,TX0840900,"Texas City, TX",theft,0.00180993091596623,-0.0024072965532441386,0.03049625593185296
6,TX0840900,"Texas City, TX",theft,0.023230761582622765,-0.013667555787914476,0.03047856316013386
7,TX0840900,"Texas City, TX",theft,0.05336929189175766,0.032816630630914986,0.03045012850285097
8,TX0840900,"Texas City, TX",theft,0.06714888840375174,0.04914484128271401,0.03047856316013386
9,TX0840900,"Texas City, TX",theft,0.044121015690036715,0.002314581405047636,0.030496255931852963
10,TX0840900,"Texas City, TX",theft,0.022895821795177324,0.003084779454531688,0.03048055961239733
11,TX0840900,"Texas City, TX",theft,0.029789499310822014,0.07578434026822058,0.030496255931852956
12,TX0840900,"Texas City, TX",theft,0.018948850558136773,0.07586481504065107,0.03047856316013386
1,TX0920500,"Longview, TX",theft,-0.042789109977786455,-0.007034465628990601,0.028728582839097447
2,TX0920500,"Longview, TX",theft,-0.09874831863054001,-0.10580172358424236,0.028772244378434456
3,TX0920500,"Longview, TX",theft,-0.08630062783079621,-0.10856186504117361,0.028785175869758525
4,TX0920500,"Longview, TX",theft,-0.033476003709148536,-0.021799359958811857,0.02879225328069742
5,TX0920500,"Longview, TX",theft,0.00180993091596623,0.02651397107283076,0.02878517586975853
6,TX0920500,"Longview, TX",theft,0.023230761582622765,0.009750234271570955,0.028772244378434456
7,TX0920500,"Longview, TX",theft,0.05336929189175766,0.01375780163642233,0.028728582839097443
8,TX0920500,"Longview, TX",theft,0.06714888840375174,0.04868431270005826,0.028772244378434456
9,TX0920500,"Longview, TX",theft,0.044121015690036715,0.04472111814955776,0.02878517586975853
10,TX0920500,"Longview, TX",theft,0.022895821795177324,0.015076023951380137,0.02879225328069742
11,TX0920500,"Longview, TX",theft,0.029789499310822014,0.03060343981135332,0.028785175869758525
12,TX0920500,"Longview, TX",theft,0.018948850558136773,0.054090512620044905,0.028772244378434456
1,TX1010100,"Baytown, TX",theft,-0.042789109977786455,-0.05399615114428871,0.02838920978436364
2,TX1010100,"Baytown, TX",theft,-0.09874831863054001,-0.12587898425697908,0.028427564759949217
3,TX1010100,"Baytown, TX",theft,-0.08630062783079621,-0.07921076350225295,0.028434747896887786
4,TX1010100,"Baytown, TX",theft,-0.033476003709148536,0.006616968275700282,0.02844553250220865
5,TX1010100,"Baytown, TX",theft,0.00180993091596623,0.02824713083568036,0.028434747896887786
6,TX1010100,"Baytown, TX",theft,0.023230761582622765,0.01888957841555954,0.028427564759949217
7,TX1010100,"Baytown, TX",theft,0.05336929189175766,0.03901394467299156,0.028389209784363635
8,TX1010100,"Baytown, TX",theft,0.06714888840375174,0.04970615126637501,0.028427564759949217
9,TX1010100,"Baytown, TX",theft,0.044121015690036715,0.01802013698294599,0.02843474789688779
10,TX1010100,"Baytown, TX",theft,0.022895821795177324,0.008365238195596848,0.02844553250220865
11,TX1010100,"Baytown, TX",theft,0.029789499310822014,0.047925702154923686,0.028434747896887786
12,TX1010100,"Baytown, TX",theft,0.018948850558136773,0.04230104810374747,0.028427564759949217
1,TX1011500,"Pasadena, TX",theft,-0.042789109977786455,-0.013149693665825959,0.02774222326546316
2,TX1011500,"Pasadena, TX",theft,-0.09874831863054001,-0.07074580294984228,0.027786071931322067
3,TX1011500,"Pasadena, TX",theft,-0.08630062783079621,-0.0340629234460749,0.027792650549543708
4,TX1011500,"Pasadena, TX",theft,-0.033476003709148536,0.0284547163746564,0.027810597320877643
5,TX1011500,"Pasadena, TX",theft,0.00180993091596623,0.032571717891689424,0.02779265054954371
6,TX1011500,"Pasadena, TX",theft,0.023230761582622765,0.010665083566907487,0.027786071931322067
7,TX1011500,"Pasadena, TX",theft,0.05336929189175766,0.0115420379052874,0.027742223265463155
8,TX1011500,"Pasadena, TX",theft,0.06714888840375174,0.0020758948553488716,0.027786071931322067
9,TX1011500,"Pasadena, TX",theft,0.044121015690036715,-0.03299932888788001,0.02779265054954371
10,TX1011500,"Pasadena, TX",theft,0.022895821795177324,-0.026847060614117853,0.027810597320877643
11,TX1011500,"Pasadena, TX",theft,0.029789499310822014,0.036098190202803984,0.027792650549543708
12,TX1011500,"Pasadena, TX",theft,0.018948850558136773,0.05639716876704742,0.027786071931322067
1,TX1050000,"Hays, TX",theft,-0.042789109977786455,-0.04185246904715256,0.03289582139127449
2,TX1050000,"Hays, TX",theft,-0.09874831863054001,-0.06291462121289731,0.03292225428472057
3,TX1050000,"Hays, TX",theft,-0.08630062783079621,-0.037534537667161916,0.03289482274010645
4,TX1050000,"Hays, TX",theft,-0.033476003709148536,-0.02535401153699293,0.032916644830088895
5,TX1050000,"Hays, TX",theft,0.00180993091596623,-0.030652023111899136,0.03289482274010645
6,TX1050000,"Hays, TX",theft,0.023230761582622765,-0.015505500276407515,0.03292225428472057
7,TX1050000,"Hays, TX",theft,0.05336929189175766,0.011730087413043556,0.03289582139127449
8,TX1050000,"Hays, TX",theft,0.06714888840375174,0.018279068937766183,0.03292225428472057
9,TX1050000,"Hays, TX",theft,0.044121015690036715,0.023021367026139744,0.03289482274010646
10,TX1050000,"Hays, TX",theft,0.022895821795177324,0.05547639317110192,0.032916644830088895
11,TX1050000,"Hays, TX",theft,0.029789499310822014,0.07528757538703025,0.03289482274010645
12,TX1050000,"Hays, TX",theft,0.018948850558136773,0.03001867091742972,0.03292225428472057
1,TX1050100,"San Marcos, TX",theft,-0.042789109977786455,0.008040385243865758,0.029767541197895046
2,TX1050100,"San Marcos, TX",theft,-0.09874831863054001,-0.06901983306096027,0.029828246021078027
3,TX1050100,"San Marcos, TX",theft,-0.08630062783079621,-0.09320082362898119,0.029836999990906648
4,TX1050100,"San Marcos, TX",theft,-0.033476003709148536,-0.06286974689169314,0.02986318977111081
5,TX1050100,"San Marcos, TX",theft,0.00180993091596623,-0.01402851620359173,0.02983699999090665
6,TX1050100,"San Marcos, TX",theft,0.023230761582622765,0.02620201267508923,0.029828246021078027
7,TX1050100,"San Marcos, TX",theft,0.05336929189175766,0.03886715260817794,0.029767541197895042
8,TX1050100,"San Marcos, TX",theft,0.06714888840375174,0.017437826535762972,0.029828246021078027
9,TX1050100,"San Marcos, TX",theft,0.044121015690036715,-0.005288720748259827,0.029836999990906655
10,TX1050100,"San Marcos, TX",theft,0.022895821795177324,0.015962209039649428,0.02986318977111081
11,TX1050100,"San Marcos, TX",theft,0.029789499310822014,0.06561052272878902,0.029836999990906648
12,TX1050100,"San Marcos, TX",theft,0.018948850558136773,0.07228753170215181,0.029828246021078027
1,TX1050700,"Kyle, TX",theft,-0.042789109977786455,-0.05857327404883993,0.03341706524593302
2,TX1050700,"Kyle, TX",theft,-0.09874831863054001,-0.1302171171419586,0.03341715485482338
3,TX1050700,"Kyle, TX",theft,-0.08630062783079621,-0.10570178620462628,0.03344378304914823
4,TX1050700,"Kyle, TX",theft,-0.033476003709148536,-0.03767593052716142,0.03341864436184743
5,TX1050700,"Kyle, TX",theft,0.00180993091596623,0.011527667527308657,0.03344378304914823
6,TX1050700,"Kyle, TX",theft,0.023230761582622765,0.035734193168390944,0.03341715485482338
7,TX1050700,"Kyle, TX",theft,0.05336929189175766,0.04021272679919297,0.03341706524593302
8,TX1050700,"Kyle, TX",theft,0.06714888840375174,0.023474426097813292,0.03341715485482339
9,TX1050700,"Kyle, TX",theft,0.044121015690036715,0.017319642410127865,0.03344378304914824
10,TX1050700,"Kyle, TX",theft,0.022895821795177324,0.056036477776808355,0.03341864436184743
11,TX1050700,"Kyle, TX",theft,0.029789499310822014,0.09521502351683664,0.03344378304914823
12,TX1050700,"Kyle, TX",theft,0.018948850558136773,0.05264795062610751,0.03341715485482338
1,TX1080000,"Hidalgo, TX",theft,-0.042789109977786455,-0.047516927159596614,0.02844716749670229
2,TX1080000,"Hidalgo, TX",theft,-0.09874831863054001,-0.09969264438796882,0.02849245241019272
3,TX1080000,"Hidalgo, TX",theft,-0.08630062783079621,-0.058745825372545066,0.028497529283108457
4,TX1080000,"Hidalgo, TX",theft,-0.033476003709148536,0.028404844990693696,0.0285171159990723
5,TX1080000,"Hidalgo, TX",theft,0.00180993091596623,0.0549766379233944,0.02849752928310846
6,TX1080000,"Hidalgo, TX",theft,0.023230761582622765,0.030889378182113583,0.02849245241019272
7,TX1080000,"Hidalgo, TX",theft,0.05336929189175766,0.032585854062531984,0.028447167496702286
8,TX1080000,"Hidalgo, TX",theft,0.06714888840375174,0.04803693306748012,0.02849245241019272
9,TX1080000,"Hidalgo, TX",theft,0.044121015690036715,0.022021187149120967,0.02849752928310846
10,TX1080000,"Hidalgo, TX",theft,0.022895821795177324,-0.01347377189362906,0.0285171159990723
11,TX1080000,"Hidalgo, TX",theft,0.029789499310822014,-0.0033209266029057285,0.028497529283108457
12,TX1080000,"Hidalgo, TX",theft,0.018948850558136773,0.00583526004131053,0.02849245241019272
1,TX1080400,"Edinburg, TX",theft,-0.042789109977786455,0.030516554640387026,0.02822359245164129
2,TX1080400,"Edinburg, TX",theft,-0.09874831863054001,-0.030126257207197398,0.028254646143878136
3,TX1080400,"Edinburg, TX",theft,-0.08630062783079621,-0.06734405117275756,0.028291306963796427
4,TX1080400,"Edinburg, TX",theft,-0.033476003709148536,-0.03634492942848251,0.02828994023374167
5,TX1080400,"Edinburg, TX",theft,0.00180993091596623,0.011621251425601036,0.02829130696379643
6,TX1080400,"Edinburg, TX",theft,0.023230761582622765,0.021691504675067554,0.028254646143878136
7,TX1080400,"Edinburg, TX",theft,0.05336929189175766,0.011530004843855617,0.028223592451641282
8,TX1080400,"Edinburg, TX",theft,0.06714888840375174,0.010479895983229928,0.028254646143878136
9,TX1080400,"Edinburg, TX",theft,0.044121015690036715,0.0056511304645473935,0.02829130696379643
10,TX1080400,"Edinburg, TX",theft,0.022895821795177324,-0.005701630055760136,0.02828994023374167
11,TX1080400,"Edinburg, TX",theft,0.029789499310822014,0.008025109798366466,0.028291306963796427
12,TX1080400,"Edinburg, TX",theft,0.018948850558136773,0.040001416033142584,0.028254646143878136
1,TX1080800,"McAllen, TX",theft,-0.042789109977786455,0.0018933047347544577,0.027570772939687942
2,TX1080800,"McAllen, TX",theft,-0.09874831863054001,-0.06727761006141586,0.02760036999561177
3,TX1080800,"McAllen, TX",theft,-0.08630062783079621,-0.08721922096285584,0.02762157606507648
4,TX1080800,"McAllen, TX",theft,-0.033476003709148536,-0.048708695508293494,0.027632188556634827
5,TX1080800,"McAllen, TX",theft,0.00180993091596623,-0.00390890572538045,0.027621576065076484
6,TX1080800,"McAllen, TX",theft,0.023230761582622765,0.012063557701081595,0.02760036999561177
7,TX1080800,"McAllen, TX",theft,0.05336929189175766,0.012332762614231711,0.02757077293968794
8,TX1080800,"McAllen, TX",theft,0.06714888840375174,0.014731996920701783,0.02760036999561177
9,TX1080800,"McAllen, TX",theft,0.044121015690036715,0.020447540473155536,0.027621576065076484
10,TX1080800,"McAllen, TX",theft,0.022895821795177324,0.03448262815930732,0.027632188556634827
11,TX1080800,"McAllen, TX",theft,0.029789499310822014,0.056454518866094525,0.02762157606507648
12,TX1080800,"McAllen, TX",theft,0.018948850558136773,0.05470812278861871,0.02760036999561177
1,TX1081100,"Pharr, TX",theft,-0.042789109977786455,-0.012767360364317859,0.030422324917419714
2,TX1081100,"Pharr, TX",theft,-0.09874831863054001,-0.044778618361889566,0.030428101469521164
3,TX1081100,"Pharr, TX",theft,-0.08630062783079621,-0.03546014501468946,0.0304945894704824
4,TX1081100,"Pharr, TX",theft,-0.033476003709148536,-0.014881426910162296,0.030462206504936477
5,TX1081100,"Pharr, TX",theft,0.00180993091596623,-8.088994890230359e-4,0.030494589470482402
6,TX1081100,"Pharr, TX",theft,0.023230761582622765,0.02080114002907259,0.030428101469521164
7,TX1081100,"Pharr, TX",theft,0.05336929189175766,0.037573003839851855,0.030422324917419707
8,TX1081100,"Pharr, TX",theft,0.06714888840375174,0.018118763772083237,0.030428101469521168
9,TX1081100,"Pharr, TX",theft,0.044121015690036715,-0.016005353050650883,0.030494589470482402
10,TX1081100,"Pharr, TX",theft,0.022895821795177324,-0.009924216565371718,0.030462206504936477
11,TX1081100,"Pharr, TX",theft,0.029789499310822014,0.027468754078829354,0.0304945894704824
12,TX1081100,"Pharr, TX",theft,0.018948850558136773,0.03066435803626778,0.030428101469521164
1,TX1230100,"Beaumont, TX",theft,-0.042789109977786455,-0.044647551386279634,0.027548904778495073
2,TX1230100,"Beaumont, TX",theft,-0.09874831863054001,-0.09218850400935114,0.027586764237234742
3,TX1230100,"Beaumont, TX",theft,-0.08630062783079621,-0.07572186242515301,0.02761253710502753
4,TX1230100,"Beaumont, TX",theft,-0.033476003709148536,-0.017557530442262152,0.02761970456060238
5,TX1230100,"Beaumont, TX",theft,0.00180993091596623,0.032163598267489414,0.027612537105027535
6,TX1230100,"Beaumont, TX",theft,0.023230761582622765,0.06088547559735916,0.027586764237234742
7,TX1230100,"Beaumont, TX",theft,0.05336929189175766,0.06930987597012075,0.02754890477849507
8,TX1230100,"Beaumont, TX",theft,0.06714888840375174,0.045385762617313835,0.027586764237234742
9,TX1230100,"Beaumont, TX",theft,0.044121015690036715,0.0042567964492745535,0.027612537105027538
10,TX1230100,"Beaumont, TX",theft,0.022895821795177324,-0.0071047941415789805,0.02761970456060238
11,TX1230100,"Beaumont, TX",theft,0.029789499310822014,0.014639143124547874,0.02761253710502753
12,TX1230100,"Beaumont, TX",theft,0.018948850558136773,0.010579590378519337,0.02758676423723474
1,TX1230700,"Port Arthur, TX",theft,-0.042789109977786455,0.0023770488732142697,0.03203732067257575
2,TX1230700,"Port Arthur, TX",theft,-0.09874831863054001,-0.08595710488087234,0.03209323680421485
3,TX1230700,"Port Arthur, TX",theft,-0.08630062783079621,-0.09344280517863586,0.03215225438009297
4,TX1230700,"Port Arthur, TX",theft,-0.033476003709148536,-0.03823615846369825,0.03217218841823371
5,TX1230700,"Port Arthur, TX",theft,0.00180993091596623,0.004530873564027548,0.03215225438009297
6,TX1230700,"Port Arthur, TX",theft,0.023230761582622765,0.033792455146042136,0.03209323680421485
7,TX1230700,"Port Arthur, TX",theft,0.05336929189175766,0.06691600027345428,0.032037320672575746
8,TX1230700,"Port Arthur, TX",theft,0.06714888840375174,0.059269509549548266,0.03209323680421485
9,TX1230700,"Port Arthur, TX",theft,0.044121015690036715,-0.002537839299356798,0.032152254380092976
10,TX1230700,"Port Arthur, TX",theft,0.022895821795177324,-0.03105689068297031,0.03217218841823371
11,TX1230700,"Port Arthur, TX",theft,0.029789499310822014,0.022156721767296522,0.03215225438009297
12,TX1230700,"Port Arthur, TX",theft,0.018948850558136773,0.062188189331950555,0.032093236804214845
1,TX1260200,"Burleson, TX",theft,-0.042789109977786455,-0.02928657140958646,0.03280499077134936
2,TX1260200,"Burleson, TX",theft,-0.09874831863054001,-0.08963928812019356,0.03285498279715734
3,TX1260200,"Burleson, TX",theft,-0.08630062783079621,-0.060226177949085614,0.032876893228339026
4,TX1260200,"Burleson, TX",theft,-0.033476003709148536,-0.005307870207193689,0.0328967633294764
5,TX1260200,"Burleson, TX",theft,0.00180993091596623,0.01830980026256251,0.032876893228339026
6,TX1260200,"Burleson, TX",theft,0.023230761582622765,0.03369922185761749,0.03285498279715734
7,TX1260200,"Burleson, TX",theft,0.05336929189175766,0.04580315491126391,0.03280499077134935
8,TX1260200,"Burleson, TX",theft,0.06714888840375174,0.015932147064286035,0.03285498279715734
9,TX1260200,"Burleson, TX",theft,0.044121015690036715,-0.02999754660849941,0.03287689322833903
10,TX1260200,"Burleson, TX",theft,0.022895821795177324,-0.011208713294483781,0.0328967633294764
11,TX1260200,"Burleson, TX",theft,0.029789499310822014,0.055397340793345004,0.032876893228339026
12,TX1260200,"Burleson, TX",theft,0.018948850558136773,0.056524502699967574,0.03285498279715734
1,TX1290000,"Kaufman, TX",theft,-0.042789109977786455,-0.05959491096492729,0.035535151745393435
2,TX1290000,"Kaufman, TX",theft,-0.09874831863054001,-0.07750254795950651,0.03558706319824046
3,TX1290000,"Kaufman, TX",theft,-0.08630062783079621,-0.045877384562314154,0.035623629983022896
4,TX1290000,"Kaufman, TX",theft,-0.033476003709148536,-0.018908868914283165,0.035641496163977875
5,TX1290000,"Kaufman, TX",theft,0.00180993091596623,-0.005635135691831916,0.035623629983022896
6,TX1290000,"Kaufman, TX",theft,0.023230761582622765,0.0426991872551264,0.03558706319824046
7,TX1290000,"Kaufman, TX",theft,0.05336929189175766,0.10495024313999181,0.03553515174539343
8,TX1290000,"Kaufman, TX",theft,0.06714888840375174,0.09552464978968599,0.03558706319824046
9,TX1290000,"Kaufman, TX",theft,0.044121015690036715,0.018544154217429106,0.0356236299830229
10,TX1290000,"Kaufman, TX",theft,0.022895821795177324,-0.026446463260781386,0.035641496163977875
11,TX1290000,"Kaufman, TX",theft,0.029789499310822014,-0.012386966138347607,0.035623629983022896
12,TX1290000,"Kaufman, TX",theft,0.018948850558136773,-0.015365956910241289,0.03558706319824046
1,TX1520200,"Lubbock, TX",theft,-0.042789109977786455,-0.013124787147071337,0.026460644609684763
2,TX1520200,"Lubbock, TX",theft,-0.09874831863054001,-0.06822204949281924,0.02648949734319185
3,TX1520200,"Lubbock, TX",theft,-0.08630062783079621,-0.07448747118522493,0.02650992715650867
4,TX1520200,"Lubbock, TX",theft,-0.033476003709148536,-0.05902848717181972,0.026544540344846504
5,TX1520200,"Lubbock, TX",theft,0.00180993091596623,-0.050365357078637575,0.026509927156508673
6,TX1520200,"Lubbock, TX",theft,0.023230761582622765,-0.008477589022508718,0.02648949734319185
7,TX1520200,"Lubbock, TX",theft,0.05336929189175766,0.07184975251961896,0.02646064460968476
8,TX1520200,"Lubbock, TX",theft,0.06714888840375174,0.10525642149311597,0.02648949734319185
9,TX1520200,"Lubbock, TX",theft,0.044121015690036715,0.05279687781297404,0.026509927156508677
10,TX1520200,"Lubbock, TX",theft,0.022895821795177324,3.035217992720827e-4,0.026544540344846504
11,TX1520200,"Lubbock, TX",theft,0.029789499310822014,0.013330985078340813,0.02650992715650867
12,TX1520200,"Lubbock, TX",theft,0.018948850558136773,0.030168182394759664,0.02648949734319185
1,TX1551200,"Waco, TX",theft,-0.042789109977786455,-0.043671374758120884,0.027398871191014015
2,TX1551200,"Waco, TX",theft,-0.09874831863054001,-0.12108475170373724,0.02743698383945549
3,TX1551200,"Waco, TX",theft,-0.08630062783079621,-0.11559122953848447,0.02746280380011995
4,TX1551200,"Waco, TX",theft,-0.033476003709148536,-0.03557726338748075,0.02745849245392684
5,TX1551200,"Waco, TX",theft,0.00180993091596623,0.027275594399214606,0.027462803800119954
6,TX1551200,"Waco, TX",theft,0.023230761582622765,0.04374748450260038,0.02743698383945549
7,TX1551200,"Waco, TX",theft,0.05336929189175766,0.055898321690110095,0.027398871191014012
8,TX1551200,"Waco, TX",theft,0.06714888840375174,0.06837541259522434,0.027436983839455493
9,TX1551200,"Waco, TX",theft,0.044121015690036715,0.050654943497982344,0.027462803800119957
10,TX1551200,"Waco, TX",theft,0.022895821795177324,0.023350316455491533,0.02745849245392684
11,TX1551200,"Waco, TX",theft,0.029789499310822014,0.025433744709298257,0.02746280380011995
12,TX1551200,"Waco, TX",theft,0.018948850558136773,0.021188801537901772,0.02743698383945549
1,TX1650100,"Midland, TX",theft,-0.042789109977786455,-0.1479083231062264,0.028475055067476805
2,TX1650100,"Midland, TX",theft,-0.09874831863054001,-0.15446728746339758,0.028454730569733962
3,TX1650100,"Midland, TX",theft,-0.08630062783079621,-0.0876162771844222,0.028481806509002207
4,TX1650100,"Midland, TX",theft,-0.033476003709148536,-0.0443660462025905,0.028471269181494428
5,TX1650100,"Midland, TX",theft,0.00180993091596623,-0.006658255556282679,0.02848180650900221
6,TX1650100,"Midland, TX",theft,0.023230761582622765,0.0702923705917372,0.028454730569733962
7,TX1650100,"Midland, TX",theft,0.05336929189175766,0.12162946756594335,0.0284750550674768
8,TX1650100,"Midland, TX",theft,0.06714888840375174,0.08832698251118824,0.028454730569733962
9,TX1650100,"Midland, TX",theft,0.044121015690036715,0.04775482777249585,0.02848180650900221
10,TX1650100,"Midland, TX",theft,0.022895821795177324,0.0706449017428735,0.028471269181494428
11,TX1650100,"Midland, TX",theft,0.029789499310822014,0.07279856050849196,0.028481806509002207
12,TX1650100,"Midland, TX",theft,0.018948850558136773,-0.030430921179810735,0.028454730569733962
1,TX1700100,"Conroe, TX",theft,-0.042789109977786455,0.010800347786652502,0.028783286812412982
2,TX1700100,"Conroe, TX",theft,-0.09874831863054001,-0.0378342794378996,0.02880910578457395
3,TX1700100,"Conroe, TX",theft,-0.08630062783079621,-0.05512899104981159,0.028849235301210526
4,TX1700100,"Conroe, TX",theft,-0.033476003709148536,-0.023355695178306102,0.02884973545340474
5,TX1700100,"Conroe, TX",theft,0.00180993091596623,0.019485349814010275,0.028849235301210526
6,TX1700100,"Conroe, TX",theft,0.023230761582622765,0.03703070781276866,0.02880910578457395
7,TX1700100,"Conroe, TX",theft,0.05336929189175766,0.028053883254090427,0.02878328681241298
8,TX1700100,"Conroe, TX",theft,0.06714888840375174,0.005622786129419888,0.02880910578457395
9,TX1700100,"Conroe, TX",theft,0.044121015690036715,-0.015936733299411074,0.02884923530121053
10,TX1700100,"Conroe, TX",theft,0.022895821795177324,-0.015498535862436831,0.02884973545340474
11,TX1700100,"Conroe, TX",theft,0.029789499310822014,0.012726143494469447,0.028849235301210526
12,TX1700100,"Conroe, TX",theft,0.018948850558136773,0.034035016536454,0.02880910578457395
1,TX1840000,"Parker, TX",theft,-0.042789109977786455,-0.03642360959398595,0.0327634441970554
2,TX1840000,"Parker, TX",theft,-0.09874831863054001,-0.1195912984023085,0.03280704172570576
3,TX1840000,"Parker, TX",theft,-0.08630062783079621,-0.07833861380440527,0.032781718192587767
4,TX1840000,"Parker, TX",theft,-0.033476003709148536,0.021374283005540312,0.032837398228320075
5,TX1840000,"Parker, TX",theft,0.00180993091596623,0.04748285998797019,0.032781718192587773
6,TX1840000,"Parker, TX",theft,0.023230761582622765,0.0223604420732029,0.03280704172570576
7,TX1840000,"Parker, TX",theft,0.05336929189175766,0.033586219097631695,0.032763444197055396
8,TX1840000,"Parker, TX",theft,0.06714888840375174,0.049821713126984885,0.03280704172570576
9,TX1840000,"Parker, TX",theft,0.044121015690036715,0.011406419025435871,0.032781718192587773
10,TX1840000,"Parker, TX",theft,0.022895821795177324,-0.01853689250918606,0.032837398228320075
11,TX1840000,"Parker, TX",theft,0.029789499310822014,0.022286725287353412,0.032781718192587767
12,TX1840000,"Parker, TX",theft,0.018948850558136773,0.04457175270576651,0.03280704172570576
1,TX1990100,"Rockwall, TX",theft,-0.042789109977786455,-0.045358749376865924,0.032228388164626774
2,TX1990100,"Rockwall, TX",theft,-0.09874831863054001,-0.10130283037992145,0.03227706183719
3,TX1990100,"Rockwall, TX",theft,-0.08630062783079621,-0.08214625130878883,0.03228367006599118
4,TX1990100,"Rockwall, TX",theft,-0.033476003709148536,-0.02944695847423276,0.032285693358234
5,TX1990100,"Rockwall, TX",theft,0.00180993091596623,0.0057976827769485074,0.032283670065991185
6,TX1990100,"Rockwall, TX",theft,0.023230761582622765,0.028705578326685317,0.03227706183719
7,TX1990100,"Rockwall, TX",theft,0.05336929189175766,0.04740350029541383,0.03222838816462677
8,TX1990100,"Rockwall, TX",theft,0.06714888840375174,0.041571245768164074,0.03227706183719
9,TX1990100,"Rockwall, TX",theft,0.044121015690036715,0.02036991577848351,0.032283670065991185
10,TX1990100,"Rockwall, TX",theft,0.022895821795177324,0.027402207555684833,0.032285693358234
11,TX1990100,"Rockwall, TX",theft,0.029789499310822014,0.05393390183480885,0.03228367006599118
12,TX1990100,"Rockwall, TX",theft,0.018948850558136773,0.03307075720362006,0.03227706183719
1,TX2120000,"Smith, TX",theft,-0.042789109977786455,-0.04024637572193055,0.032200591332249236
2,TX2120000,"Smith, TX",theft,-0.09874831863054001,-0.10055403770332096,0.03223135792238504
3,TX2120000,"Smith, TX",theft,-0.08630062783079621,-0.1080274917003147,0.03227768750659768
4,TX2120000,"Smith, TX",theft,-0.033476003709148536,-0.055756169948194295,0.032260604002637416
5,TX2120000,"Smith, TX",theft,0.00180993091596623,0.003127419378990409,0.03227768750659768
6,TX2120000,"Smith, TX",theft,0.023230761582622765,0.033954886833214556,0.03223135792238504
7,TX2120000,"Smith, TX",theft,0.05336929189175766,0.050029205478187296,0.03220059133224923
8,TX2120000,"Smith, TX",theft,0.06714888840375174,0.06235308964277934,0.03223135792238504
9,TX2120000,"Smith, TX",theft,0.044121015690036715,0.060043713883516314,0.03227768750659769
10,TX2120000,"Smith, TX",theft,0.022895821795177324,0.04597334019193755,0.032260604002637416
11,TX2120000,"Smith, TX",theft,0.029789499310822014,0.03507352868155118,0.03227768750659768
12,TX2120000,"Smith, TX",theft,0.018948850558136773,0.014028890983583855,0.03223135792238504
1,TX2120400,"Tyler, TX",theft,-0.042789109977786455,-0.03350125195262453,0.028025958495584535
2,TX2120400,"Tyler, TX",theft,-0.09874831863054001,-0.08481081663838545,0.02808228928194531
3,TX2120400,"Tyler, TX",theft,-0.08630062783079621,-0.09417584299188714,0.028084896049847336
4,TX2120400,"Tyler, TX",theft,-0.033476003709148536,-0.0454908393549782,0.028093400065726783
5,TX2120400,"Tyler, TX",theft,0.00180993091596623,0.016739876188225363,0.02808489604984734
6,TX2120400,"Tyler, TX",theft,0.023230761582622765,0.042471882047249096,0.02808228928194531
7,TX2120400,"Tyler, TX",theft,0.05336929189175766,0.035693491965940335,0.028025958495584532
8,TX2120400,"Tyler, TX",theft,0.06714888840375174,0.030788306172764845,0.028082289281945314
9,TX2120400,"Tyler, TX",theft,0.044121015690036715,0.0379610925129507,0.02808489604984734
10,TX2120400,"Tyler, TX",theft,0.022895821795177324,0.04329859934166239,0.028093400065726783
11,TX2120400,"Tyler, TX",theft,0.029789499310822014,0.03728263427739523,0.028084896049847336
12,TX2120400,"Tyler, TX",theft,0.018948850558136773,0.013742868431687365,0.02808228928194531
1,TX2200100,"Arlington, TX",theft,-0.042789109977786455,-0.045023674131602895,0.026280174019451853
2,TX2200100,"Arlington, TX",theft,-0.09874831863054001,-0.08893127321130612,0.02630959424811013
3,TX2200100,"Arlington, TX",theft,-0.08630062783079621,-0.05634830445136203,0.0263286079214937
4,TX2200100,"Arlington, TX",theft,-0.033476003709148536,-0.006197796572705831,0.02634080479329982
5,TX2200100,"Arlington, TX",theft,0.00180993091596623,0.006513326153268434,0.026328607921493705
6,TX2200100,"Arlington, TX",theft,0.023230761582622765,0.017456600984636965,0.02630959424811013
7,TX2200100,"Arlington, TX",theft,0.05336929189175766,0.05170749719146454,0.02628017401945185
8,TX2200100,"Arlington, TX",theft,0.06714888840375174,0.0585645934333861,0.02630959424811013
9,TX2200100,"Arlington, TX",theft,0.044121015690036715,0.019297801613580346,0.026328607921493705
10,TX2200100,"Arlington, TX",theft,0.022895821795177324,-4.860264871558246e-4,0.02634080479329982
11,TX2200100,"Arlington, TX",theft,0.029789499310822014,0.023853353624651564,0.0263286079214937
12,TX2200100,"Arlington, TX",theft,0.018948850558136773,0.019593901853144764,0.02630959424811013
1,TX2200900,"Euless, TX",theft,-0.042789109977786455,-0.047851559792671666,0.03040742266976352
2,TX2200900,"Euless, TX",theft,-0.09874831863054001,-0.0868511918147032,0.03044944061195111
3,TX2200900,"Euless, TX",theft,-0.08630062783079621,-0.04942849608781332,0.030460009868550672
4,TX2200900,"Euless, TX",theft,-0.033476003709148536,-0.027244505473191304,0.030477123717298826
5,TX2200900,"Euless, TX",theft,0.00180993091596623,-0.03779624452174917,0.030460009868550676
6,TX2200900,"Euless, TX",theft,0.023230761582622765,-0.003743861161007926,0.03044944061195111
7,TX2200900,"Euless, TX",theft,0.05336929189175766,0.06422643003040672,0.030407422669763515
8,TX2200900,"Euless, TX",theft,0.06714888840375174,0.06739590381208833,0.03044944061195111
9,TX2200900,"Euless, TX",theft,0.044121015690036715,0.013598337847463369,0.03046000986855068
10,TX2200900,"Euless, TX",theft,0.022895821795177324,0.01086963523545622,0.030477123717298826
11,TX2200900,"Euless, TX",theft,0.029789499310822014,0.057251532524364004,0.030460009868550672
12,TX2200900,"Euless, TX",theft,0.018948850558136773,0.03957401940135796,0.03044944061195111
1,TX2201200,"Fort Worth, TX",theft,-0.042789109977786455,-0.044896993929128465,0.02584512110976046
2,TX2201200,"Fort Worth, TX",theft,-0.09874831863054001,-0.09402064659227663,0.025867131923484245
3,TX2201200,"Fort Worth, TX",theft,-0.08630062783079621,-0.0745455745761304,0.025890364328466958
4,TX2201200,"Fort Worth, TX",theft,-0.033476003709148536,-0.02288508764330286,0.02589814798709236
5,TX2201200,"Fort Worth, TX",theft,0.00180993091596623,0.007683633059410703,0.02589036432846696
6,TX2201200,"Fort Worth, TX",theft,0.023230761582622765,0.02353310352957643,0.025867131923484245
7,TX2201200,"Fort Worth, TX",theft,0.05336929189175766,0.04366910497660842,0.025845121109760456
8,TX2201200,"Fort Worth, TX",theft,0.06714888840375174,0.04858227060012048,0.025867131923484245
9,TX2201200,"Fort Worth, TX",theft,0.044121015690036715,0.030335087536494262,0.02589036432846696
10,TX2201200,"Fort Worth, TX",theft,0.022895821795177324,0.024112976595822896,0.02589814798709236
11,TX2201200,"Fort Worth, TX",theft,0.029789499310822014,0.03775474293274542,0.025890364328466958
12,TX2201200,"Fort Worth, TX",theft,0.018948850558136773,0.020677383510059745,0.025867131923484245
1,TX2201300,"Grapevine, TX",theft,-0.042789109977786455,-0.0526374747379639,0.0306458667229447
2,TX2201300,"Grapevine, TX",theft,-0.09874831863054001,-0.11321346497200065,0.030693060212882855
3,TX2201300,"Grapevine, TX",theft,-0.08630062783079621,-0.068666563871002,0.030697180350168583
4,TX2201300,"Grapevine, TX",theft,-0.033476003709148536,-0.004719624471686039,0.03073745168784804
5,TX2201300,"Grapevine, TX",theft,0.00180993091596623,-4.2409914712612936e-4,0.030697180350168586
6,TX2201300,"Grapevine, TX",theft,0.023230761582622765,0.009419148848760103,0.030693060212882855
7,TX2201300,"Grapevine, TX",theft,0.05336929189175766,0.07021814958422404,0.030645866722944698
8,TX2201300,"Grapevine, TX",theft,0.06714888840375174,0.09289676701430807,0.030693060212882855
9,TX2201300,"Grapevine, TX",theft,0.044121015690036715,0.03076919106704926,0.030697180350168586
10,TX2201300,"Grapevine, TX",theft,0.022895821795177324,-0.012861050374574117,0.03073745168784804
11,TX2201300,"Grapevine, TX",theft,0.029789499310822014,0.02074079710481868,0.030697180350168583
12,TX2201300,"Grapevine, TX",theft,0.018948850558136773,0.028478223955192696,0.030693060212882855
1,TX2202000,"Mansfield, TX",theft,-0.042789109977786455,-0.0893839537129294,0.03138097170601324
2,TX2202000,"Mansfield, TX",theft,-0.09874831863054001,-0.1324396617227825,0.03140956520499026
3,TX2202000,"Mansfield, TX",theft,-0.08630062783079621,-0.09685585791126733,0.03140368959247634
4,TX2202000,"Mansfield, TX",theft,-0.033476003709148536,-0.02408573310846967,0.0313864381490975
5,TX2202000,"Mansfield, TX",theft,0.00180993091596623,0.026312713494601205,0.03140368959247634
6,TX2202000,"Mansfield, TX",theft,0.023230761582622765,0.043729047592457077,0.03140956520499026
7,TX2202000,"Mansfield, TX",theft,0.05336929189175766,0.04922889906380944,0.031380971706013235
8,TX2202000,"Mansfield, TX",theft,0.06714888840375174,0.05314256847876106,0.03140956520499026
9,TX2202000,"Mansfield, TX",theft,0.044121015690036715,0.05771381931636581,0.03140368959247634
10,TX2202000,"Mansfield, TX",theft,0.022895821795177324,0.06424078775758962,0.0313864381490975
11,TX2202000,"Mansfield, TX",theft,0.029789499310822014,0.05298437974942019,0.03140368959247634
12,TX2202000,"Mansfield, TX",theft,0.018948850558136773,-0.004587008997555511,0.03140956520499026
1,TX2202100,"North Richland Hills, TX",theft,-0.042789109977786455,-0.05025561139867556,0.029931289069901175
2,TX2202100,"North Richland Hills, TX",theft,-0.09874831863054001,-0.09602162656828128,0.029970390956662544
3,TX2202100,"North Richland Hills, TX",theft,-0.08630062783079621,-0.05839036631228519,0.029983354096685243
4,TX2202100,"North Richland Hills, TX",theft,-0.033476003709148536,0.0018349511358279758,0.029959933046621964
5,TX2202100,"North Richland Hills, TX",theft,0.00180993091596623,0.006041154599075044,0.029983354096685247
6,TX2202100,"North Richland Hills, TX",theft,0.023230761582622765,-0.005891427297229946,0.029970390956662544
7,TX2202100,"North Richland Hills, TX",theft,0.05336929189175766,0.029569459311661644,0.029931289069901168
8,TX2202100,"North Richland Hills, TX",theft,0.06714888840375174,0.06948637821990929,0.029970390956662544
9,TX2202100,"North Richland Hills, TX",theft,0.044121015690036715,0.05254127005092708,0.029983354096685247
10,TX2202100,"North Richland Hills, TX",theft,0.022895821795177324,0.018851200951185938,0.029959933046621964
11,TX2202100,"North Richland Hills, TX",theft,0.029789499310822014,0.020494093749296928,0.029983354096685243
12,TX2202100,"North Richland Hills, TX",theft,0.018948850558136773,0.011740523558588078,0.029970390956662544
1,TX2210100,"Abilene, TX",theft,-0.042789109977786455,-0.04538665892109263,0.02824168967277462
2,TX2210100,"Abilene, TX",theft,-0.09874831863054001,-0.09530269247563196,0.02827690351965462
3,TX2210100,"Abilene, TX",theft,-0.08630062783079621,-0.06791340104747573,0.02828660443075158
4,TX2210100,"Abilene, TX",theft,-0.033476003709148536,0.008502738260167862,0.028307596621674126
5,TX2210100,"Abilene, TX",theft,0.00180993091596623,0.03696529425212588,0.028286604430751584
6,TX2210100,"Abilene, TX",theft,0.023230761582622765,0.02201819838499441,0.02827690351965462
7,TX2210100,"Abilene, TX",theft,0.05336929189175766,0.03807753727262942,0.028241689672774614
8,TX2210100,"Abilene, TX",theft,0.06714888840375174,0.07134509788263299,0.02827690351965462
9,TX2210100,"Abilene, TX",theft,0.044121015690036715,0.051264928102939956,0.028286604430751584
10,TX2210100,"Abilene, TX",theft,0.022895821795177324,-0.0011936166117046537,0.028307596621674126
11,TX2210100,"Abilene, TX",theft,0.029789499310822014,-0.013007699659126935,0.02828660443075158
12,TX2210100,"Abilene, TX",theft,0.018948850558136773,-0.005369725440458613,0.02827690351965462
1,TX2260100,"San Angelo, TX",theft,-0.042789109977786455,-0.050205188055090756,0.027989393556475443
2,TX2260100,"San Angelo, TX",theft,-0.09874831863054001,-0.10072332926955573,0.02802843149948673
3,TX2260100,"San Angelo, TX",theft,-0.08630062783079621,-0.0929780802042569,0.02805420514698305
4,TX2260100,"San Angelo, TX",theft,-0.033476003709148536,-0.061749712965948444,0.028057380460141466
5,TX2260100,"San Angelo, TX",theft,0.00180993091596623,-0.040169669636782604,0.028054205146983053
6,TX2260100,"San Angelo, TX",theft,0.023230761582622765,-0.004826255480792493,0.02802843149948673
7,TX2260100,"San Angelo, TX",theft,0.05336929189175766,0.05449357060908019,0.02798939355647544
8,TX2260100,"San Angelo, TX",theft,0.06714888840375174,0.09113140226234791,0.02802843149948673
9,TX2260100,"San Angelo, TX",theft,0.044121015690036715,0.07909777064305962,0.028054205146983053
10,TX2260100,"San Angelo, TX",theft,0.022895821795177324,0.057461330411959013,0.028057380460141466
11,TX2260100,"San Angelo, TX",theft,0.029789499310822014,0.049761596643990394,0.02805420514698305
12,TX2260100,"San Angelo, TX",theft,0.018948850558136773,0.01870656504198982,0.02802843149948673
1,TX2270000,"Travis, TX",theft,-0.042789109977786455,-0.03969091066500045,0.027866020166966345
2,TX2270000,"Travis, TX",theft,-0.09874831863054001,-0.08309818843517792,0.027900629975213358
3,TX2270000,"Travis, TX",theft,-0.08630062783079621,-0.07446205581378654,0.027934526454736357
4,TX2270000,"Travis, TX",theft,-0.033476003709148536,-0.0352730072070179,0.02793355062392442
5,TX2270000,"Travis, TX",theft,0.00180993091596623,-0.0019993777537815555,0.02793452645473636
6,TX2270000,"Travis, TX",theft,0.023230761582622765,0.03303346191881495,0.027900629975213358
7,TX2270000,"Travis, TX",theft,0.05336929189175766,0.07199562696590829,0.027866020166966342
8,TX2270000,"Travis, TX",theft,0.06714888840375174,0.07603261838544075,0.027900629975213358
9,TX2270000,"Travis, TX",theft,0.044121015690036715,0.03509176946314148,0.02793452645473636
10,TX2270000,"Travis, TX",theft,0.022895821795177324,0.0029682909061100426,0.02793355062392442
11,TX2270000,"Travis, TX",theft,0.029789499310822014,0.009064947803518724,0.027934526454736357
12,TX2270000,"Travis, TX",theft,0.018948850558136773,0.006336824431830142,0.027900629975213358
1,TX2270100,"Austin, TX",theft,-0.042789109977786455,-0.008798851091006601,0.025761012474307305
2,TX2270100,"Austin, TX",theft,-0.09874831863054001,-0.046498860029313964,0.025783806645219044
3,TX2270100,"Austin, TX",theft,-0.08630062783079621,-0.05376468667605265,0.025804504109315382
4,TX2270100,"Austin, TX",theft,-0.033476003709148536,-0.041186294350955756,0.025809599425695058
5,TX2270100,"Austin, TX",theft,0.00180993091596623,-0.02793866275836416,0.025804504109315386
6,TX2270100,"Austin, TX",theft,0.023230761582622765,-0.011155810167967552,0.025783806645219044
7,TX2270100,"Austin, TX",theft,0.05336929189175766,0.012861666006024071,0.0257610124743073
8,TX2270100,"Austin, TX",theft,0.06714888840375174,0.029775535031615057,0.025783806645219044
9,TX2270100,"Austin, TX",theft,0.044121015690036715,0.032978546763336225,0.025804504109315386
10,TX2270100,"Austin, TX",theft,0.022895821795177324,0.03712347943593827,0.025809599425695058
11,TX2270100,"Austin, TX",theft,0.029789499310822014,0.04466198775606306,0.025804504109315382
12,TX2270100,"Austin, TX",theft,0.018948850558136773,0.03194195008068399,0.025783806645219044
1,TX2270900,"Pflugerville, TX",theft,-0.042789109977786455,-0.010204421904612689,0.031271086659451275
2,TX2270900,"Pflugerville, TX",theft,-0.09874831863054001,-0.1217200694900542,0.03135593511163006
3,TX2270900,"Pflugerville, TX",theft,-0.08630062783079621,-0.08554582514372501,0.03136865801570149
4,TX2270900,"Pflugerville, TX",theft,-0.033476003709148536,0.0030508701379374577,0.03136207883661792
5,TX2270900,"Pflugerville, TX",theft,0.00180993091596623,0.0016741670436113776,0.031368658015701496
6,TX2270900,"Pflugerville, TX",theft,0.023230761582622765,-0.018265134240301864,0.03135593511163006
7,TX2270900,"Pflugerville, TX",theft,0.05336929189175766,0.041312944898462434,0.03127108665945127
8,TX2270900,"Pflugerville, TX",theft,0.06714888840375174,0.08201608287405437,0.03135593511163006
9,TX2270900,"Pflugerville, TX",theft,0.044121015690036715,0.014733315533875392,0.031368658015701496
10,TX2270900,"Pflugerville, TX",theft,0.022895821795177324,-0.03415939313178722,0.03136207883661792
11,TX2270900,"Pflugerville, TX",theft,0.029789499310822014,0.038029819572388435,0.03136865801570149
12,TX2270900,"Pflugerville, TX",theft,0.018948850558136773,0.08907764385015152,0.03135593511163006
1,TX2350100,"Victoria, TX",theft,-0.042789109977786455,-0.06236807432373025,0.029538831316330217
2,TX2350100,"Victoria, TX",theft,-0.09874831863054001,-0.11714535335219653,0.02959459818456336
3,TX2350100,"Victoria, TX",theft,-0.08630062783079621,-0.05174863419459869,0.029608544053852066
4,TX2350100,"Victoria, TX",theft,-0.033476003709148536,0.03025872615306506,0.029603252940646682
5,TX2350100,"Victoria, TX",theft,0.00180993091596623,0.033965707460554107,0.02960854405385207
6,TX2350100,"Victoria, TX",theft,0.023230761582622765,0.024126165820843523,0.02959459818456336
7,TX2350100,"Victoria, TX",theft,0.05336929189175766,0.0577213951670439,0.029538831316330214
8,TX2350100,"Victoria, TX",theft,0.06714888840375174,0.06170324480021144,0.02959459818456336
9,TX2350100,"Victoria, TX",theft,0.044121015690036715,9.532047992999223e-4,0.029608544053852073
10,TX2350100,"Victoria, TX",theft,0.022895821795177324,-0.025612046996378722,0.029603252940646682
11,TX2350100,"Victoria, TX",theft,0.029789499310822014,0.02147640109143096,0.029608544053852066
12,TX2350100,"Victoria, TX",theft,0.018948850558136773,0.0266692635744553,0.02959459818456336
1,TX2400100,"Laredo, TX",theft,-0.042789109977786455,0.01796793914968532,0.027336294886477097
2,TX2400100,"Laredo, TX",theft,-0.09874831863054001,-0.05003783207593705,0.02738089833091435
3,TX2400100,"Laredo, TX",theft,-0.08630062783079621,-0.06392014110114755,0.027397316927786887
4,TX2400100,"Laredo, TX",theft,-0.033476003709148536,-0.03303646463456258,0.027404137481760498
5,TX2400100,"Laredo, TX",theft,0.00180993091596623,-0.016436577149378222,0.02739731692778689
6,TX2400100,"Laredo, TX",theft,0.023230761582622765,-0.011739664472293184,0.02738089833091435
7,TX2400100,"Laredo, TX",theft,0.05336929189175766,0.012990275238969107,0.027336294886477094
8,TX2400100,"Laredo, TX",theft,0.06714888840375174,0.03296664106844924,0.02738089833091435
9,TX2400100,"Laredo, TX",theft,0.044121015690036715,0.015890735705005286,0.02739731692778689
10,TX2400100,"Laredo, TX",theft,0.022895821795177324,0.002078250245908148,0.027404137481760498
11,TX2400100,"Laredo, TX",theft,0.029789499310822014,0.03350776815686603,0.027397316927786887
12,TX2400100,"Laredo, TX",theft,0.018948850558136773,0.05976906986843544,0.02738089833091435
1,TX2430500,"Wichita Falls, TX",theft,-0.042789109977786455,-0.0753401333234836,0.028104122125549684
2,TX2430500,"Wichita Falls, TX",theft,-0.09874831863054001,-0.13707680373535042,0.028148885098290975
3,TX2430500,"Wichita Falls, TX",theft,-0.08630062783079621,-0.09138534608277148,0.028155325299693515
4,TX2430500,"Wichita Falls, TX",theft,-0.033476003709148536,-3.9141219637230194e-4,0.028155697187553317
5,TX2430500,"Wichita Falls, TX",theft,0.00180993091596623,0.030785005161313266,0.02815532529969352
6,TX2430500,"Wichita Falls, TX",theft,0.023230761582622765,0.027169585727766746,0.028148885098290975
7,TX2430500,"Wichita Falls, TX",theft,0.05336929189175766,0.05969320579016881,0.02810412212554968
8,TX2430500,"Wichita Falls, TX",theft,0.06714888840375174,0.0919889849948607,0.028148885098290975
9,TX2430500,"Wichita Falls, TX",theft,0.044121015690036715,0.06194445487559651,0.028155325299693522
10,TX2430500,"Wichita Falls, TX",theft,0.022895821795177324,0.01603833972968708,0.028155697187553317
11,TX2430500,"Wichita Falls, TX",theft,0.029789499310822014,0.014302813579176423,0.02815532529969352
12,TX2430500,"Wichita Falls, TX",theft,0.018948850558136773,0.0022713054794082704,0.028148885098290975
1,TX2460000,"Williamson, TX",theft,-0.042789109977786455,-0.07878741804018294,0.029814697404769906
2,TX2460000,"Williamson, TX",theft,-0.09874831863054001,-0.0978519334308628,0.029817872753943268
3,TX2460000,"Williamson, TX",theft,-0.08630062783079621,-0.06332275076085447,0.029850137232082918
4,TX2460000,"Williamson, TX",theft,-0.033476003709148536,-0.028457271056847405,0.029836819275207836
5,TX2460000,"Williamson, TX",theft,0.00180993091596623,-0.0034982508239502297,0.02985013723208292
6,TX2460000,"Williamson, TX",theft,0.023230761582622765,0.03418640855361501,0.029817872753943268
7,TX2460000,"Williamson, TX",theft,0.05336929189175766,0.06555692315280498,0.029814697404769903
8,TX2460000,"Williamson, TX",theft,0.06714888840375174,0.05773043822298375,0.029817872753943268
9,TX2460000,"Williamson, TX",theft,0.044121015690036715,0.036431750440353336,0.02985013723208292
10,TX2460000,"Williamson, TX",theft,0.022895821795177324,0.041687765944225345,0.029836819275207836
11,TX2460000,"Williamson, TX",theft,0.029789499310822014,0.043619746031829255,0.029850137232082918
12,TX2460000,"Williamson, TX",theft,0.018948850558136773,-0.007295408233113817,0.029817872753943268
1,TX2460200,"Georgetown, TX",theft,-0.042789109977786455,-0.04689618862341487,0.03164080825264149
2,TX2460200,"Georgetown, TX",theft,-0.09874831863054001,-0.10061192532419214,0.0316754799303868
3,TX2460200,"Georgetown, TX",theft,-0.08630062783079621,-0.06584410685462769,0.03168876903477359
4,TX2460200,"Georgetown, TX",theft,-0.033476003709148536,0.01640600110459126,0.031657896960583895
5,TX2460200,"Georgetown, TX",theft,0.00180993091596623,0.04437709691545612,0.0316887690347736
6,TX2460200,"Georgetown, TX",theft,0.023230761582622765,0.02062506662735419,0.0316754799303868
7,TX2460200,"Georgetown, TX",theft,0.05336929189175766,0.01959506557811565,0.031640808252641484
8,TX2460200,"Georgetown, TX",theft,0.06714888840375174,0.04150526772018949,0.0316754799303868
9,TX2460200,"Georgetown, TX",theft,0.044121015690036715,0.03403857229592422,0.0316887690347736
10,TX2460200,"Georgetown, TX",theft,0.022895821795177324,0.01089512194070796,0.031657896960583895
11,TX2460200,"Georgetown, TX",theft,0.029789499310822014,0.014729560688546504,0.03168876903477359
12,TX2460200,"Georgetown, TX",theft,0.018948850558136773,0.011180467931349285,0.0316754799303868
1,TX2460900,"Cedar Park, TX",theft,-0.042789109977786455,-0.04870698187192205,0.031084561541361085
2,TX2460900,"Cedar Park, TX",theft,-0.09874831863054001,-0.08750038031880396,0.031155966181204732
3,TX2460900,"Cedar Park, TX",theft,-0.08630062783079621,-0.0516082200777665,0.031126639915886836
4,TX2460900,"Cedar Park, TX",theft,-0.033476003709148536,0.01075924102292574,0.031157915709605737
5,TX2460900,"Cedar Park, TX",theft,0.00180993091596623,0.019950872405464636,0.03112663991588684
6,TX2460900,"Cedar Park, TX",theft,0.023230761582622765,0.002291981679362846,0.031155966181204732
7,TX2460900,"Cedar Park, TX",theft,0.05336929189175766,0.024507071426615686,0.031084561541361078
8,TX2460900,"Cedar Park, TX",theft,0.06714888840375174,0.060713210466363916,0.031155966181204732
9,TX2460900,"Cedar Park, TX",theft,0.044121015690036715,0.049020960670632815,0.031126639915886843
10,TX2460900,"Cedar Park, TX",theft,0.022895821795177324,0.013440669422380626,0.031157915709605737
11,TX2460900,"Cedar Park, TX",theft,0.029789499310822014,0.006836297446975376,0.031126639915886836
12,TX2460900,"Cedar Park, TX",theft,0.018948850558136773,2.9527772777086157e-4,0.031155966181204732
1,TX2461700,"Leander, TX",theft,-0.042789109977786455,-0.01678699744757982,0.03344486576316487
2,TX2461700,"Leander, TX",theft,-0.09874831863054001,-0.08587354586765189,0.03348914659070851
3,TX2461700,"Leander, TX",theft,-0.08630062783079621,-0.07389918973300502,0.033482620952708174
4,TX2461700,"Leander, TX",theft,-0.033476003709148536,-0.020171385800839357,0.03356517902286748
5,TX2461700,"Leander, TX",theft,0.00180993091596623,0.011681671295388028,0.03348262095270818
6,TX2461700,"Leander, TX",theft,0.023230761582622765,0.030102001019629072,0.03348914659070851
7,TX2461700,"Leander, TX",theft,0.05336929189175766,0.04861425993989893,0.03344486576316486
8,TX2461700,"Leander, TX",theft,0.06714888840375174,0.03363149623398264,0.03348914659070851
9,TX2461700,"Leander, TX",theft,0.044121015690036715,-0.01017012239298338,0.03348262095270818
10,TX2461700,"Leander, TX",theft,0.022895821795177324,-0.011655876691479767,0.03356517902286748
11,TX2461700,"Leander, TX",theft,0.029789499310822014,0.04056037833828122,0.033482620952708174
12,TX2461700,"Leander, TX",theft,0.018948850558136773,0.053967311106359356,0.0334891465907085
1,TXDPD0000,"Dallas, TX",theft,-0.042789109977786455,-0.034932094481565604,0.02573794818243418
2,TXDPD0000,"Dallas, TX",theft,-0.09874831863054001,-0.08567558093183636,0.025758406354984238
3,TXDPD0000,"Dallas, TX",theft,-0.08630062783079621,-0.06627744689218096,0.025783565530846098
4,TXDPD0000,"Dallas, TX",theft,-0.033476003709148536,-0.01241936409694008,0.02579003029094446
5,TXDPD0000,"Dallas, TX",theft,0.00180993091596623,0.010417728039076748,0.0257835655308461
6,TXDPD0000,"Dallas, TX",theft,0.023230761582622765,0.014773418225024149,0.025758406354984238
7,TXDPD0000,"Dallas, TX",theft,0.05336929189175766,0.037694143888367296,0.025737948182434175
8,TXDPD0000,"Dallas, TX",theft,0.06714888840375174,0.05336856574380556,0.025758406354984238
9,TXDPD0000,"Dallas, TX",theft,0.044121015690036715,0.031208382297348437,0.0257835655308461
10,TXDPD0000,"Dallas, TX",theft,0.022895821795177324,0.009657314690138377,0.02579003029094446
11,TXDPD0000,"Dallas, TX",theft,0.029789499310822014,0.021889287148954037,0.025783565530846098
12,TXDPD0000,"Dallas, TX",theft,0.018948850558136773,0.020295646369808403,0.025758406354984238
1,TXHPD0000,"Houston, TX",theft,-0.042789109977786455,-0.011885798536401919,0.02559592088987358
2,TXHPD0000,"Houston, TX",theft,-0.09874831863054001,-0.06979151291553704,0.02561610363712167
3,TXHPD0000,"Houston, TX",theft,-0.08630062783079621,-0.06098741235851261,0.02564111742498614
4,TXHPD0000,"Houston, TX",theft,-0.033476003709148536,-0.006777801305569968,0.02564724445859771
5,TXHPD0000,"Houston, TX",theft,0.00180993091596623,0.020613894574465965,0.025641117424986145
6,TXHPD0000,"Houston, TX",theft,0.023230761582622765,0.017044288216691614,0.02561610363712167
7,TXHPD0000,"Houston, TX",theft,0.05336929189175766,0.021792643074450814,0.025595920889873572
8,TXHPD0000,"Houston, TX",theft,0.06714888840375174,0.02676428880049072,0.02561610363712167
9,TXHPD0000,"Houston, TX",theft,0.044121015690036715,0.008053343705417375,0.025641117424986145
10,TXHPD0000,"Houston, TX",theft,0.022895821795177324,-0.003129043232478929,0.02564724445859771
11,TXHPD0000,"Houston, TX",theft,0.029789499310822014,0.022413329540580337,0.02564111742498614
12,TXHPD0000,"Houston, TX",theft,0.018948850558136773,0.03588978043640363,0.025616103637121666
1,TXSPD0000,"San Antonio, TX",theft,-0.042789109977786455,-0.0362053016010057,0.025630682325362114
2,TXSPD0000,"San Antonio, TX",theft,-0.09874831863054001,-0.07894274348181009,0.025651632057337698
3,TXSPD0000,"San Antonio, TX",theft,-0.08630062783079621,-0.05839052395894718,0.025676853297912982
4,TXSPD0000,"San Antonio, TX",theft,-0.033476003709148536,-0.014737573881887586,0.025683440344035222
5,TXSPD0000,"San Antonio, TX",theft,0.00180993091596623,0.0037844602743161222,0.025676853297912985
6,TXSPD0000,"San Antonio, TX",theft,0.023230761582622765,0.01723892478018399,0.025651632057337698
7,TXSPD0000,"San Antonio, TX",theft,0.05336929189175766,0.04549840039292633,0.02563068232536211
8,TXSPD0000,"San Antonio, TX",theft,0.06714888840375174,0.05256296284100399,0.025651632057337698
9,TXSPD0000,"San Antonio, TX",theft,0.044121015690036715,0.022717644526220424,0.025676853297912985
10,TXSPD0000,"San Antonio, TX",theft,0.022895821795177324,0.0054444750899669365,0.025683440344035222
11,TXSPD0000,"San Antonio, TX",theft,0.029789499310822014,0.02259532036648996,0.025676853297912982
12,TXSPD0000,"San Antonio, TX",theft,0.018948850558136773,0.018433954652542803,0.025651632057337698
1,UT0030100,"Logan, UT",theft,-0.042789109977786455,-0.16971905206597387,0.032838366875478746
2,UT0030100,"Logan, UT",theft,-0.09874831863054001,-0.18075978920089109,0.03282222605792126
3,UT0030100,"Logan, UT",theft,-0.08630062783079621,-0.08448871285997059,0.032752912327660894
4,UT0030100,"Logan, UT",theft,-0.033476003709148536,0.017440183833385647,0.03276571305158625
5,UT0030100,"Logan, UT",theft,0.00180993091596623,0.05804865714615416,0.0327529123276609
6,UT0030100,"Logan, UT",theft,0.023230761582622765,0.059959716472794425,0.03282222605792126
7,UT0030100,"Logan, UT",theft,0.05336929189175766,0.06009773945983107,0.03283836687547874
8,UT0030100,"Logan, UT",theft,0.06714888840375174,0.06504591114491774,0.03282222605792127
9,UT0030100,"Logan, UT",theft,0.044121015690036715,0.07839614741013998,0.0327529123276609
10,UT0030100,"Logan, UT",theft,0.022895821795177324,0.09218112877275714,0.03276571305158625
11,UT0030100,"Logan, UT",theft,0.029789499310822014,0.05766522090981914,0.032752912327660894
12,UT0030100,"Logan, UT",theft,0.018948850558136773,-0.05386715102296373,0.03282222605792126
1,UT0060300,"Layton, UT",theft,-0.042789109977786455,-0.06023055596429544,0.029874666053844885
2,UT0060300,"Layton, UT",theft,-0.09874831863054001,-0.0927946843281338,0.029934331554269517
3,UT0060300,"Layton, UT",theft,-0.08630062783079621,-0.08085746655690923,0.029910926723444135
4,UT0060300,"Layton, UT",theft,-0.033476003709148536,-0.05229715262022415,0.02992862007554663
5,UT0060300,"Layton, UT",theft,0.00180993091596623,-0.04022071408292176,0.02991092672344414
6,UT0060300,"Layton, UT",theft,0.023230761582622765,-0.026937250897410114,0.029934331554269517
7,UT0060300,"Layton, UT",theft,0.05336929189175766,0.020307972015973716,0.02987466605384488
8,UT0060300,"Layton, UT",theft,0.06714888840375174,0.08254154324005661,0.02993433155426952
9,UT0060300,"Layton, UT",theft,0.044121015690036715,0.11052690941715373,0.029910926723444142
10,UT0060300,"Layton, UT",theft,0.022895821795177324,0.09221973656854586,0.02992862007554663
11,UT0060300,"Layton, UT",theft,0.029789499310822014,0.05047385517099892,0.029910926723444135
12,UT0060300,"Layton, UT",theft,0.018948850558136773,-0.002732191962834352,0.029934331554269517
1,UT0180500,"Sandy, UT",theft,-0.042789109977786455,7.423387034391528e-4,0.028528957602394572
2,UT0180500,"Sandy, UT",theft,-0.09874831863054001,-0.0815195920622077,0.028536142847675656
3,UT0180500,"Sandy, UT",theft,-0.08630062783079621,-0.10633302481233028,0.028570199551755555
4,UT0180500,"Sandy, UT",theft,-0.033476003709148536,-0.07444439882202278,0.028588316655410253
5,UT0180500,"Sandy, UT",theft,0.00180993091596623,-0.04332923311313676,0.02857019955175556
6,UT0180500,"Sandy, UT",theft,0.023230761582622765,-0.021422805471392217,0.028536142847675656
7,UT0180500,"Sandy, UT",theft,0.05336929189175766,0.019451449619226787,0.02852895760239457
8,UT0180500,"Sandy, UT",theft,0.06714888840375174,0.061047863252887385,0.028536142847675656
9,UT0180500,"Sandy, UT",theft,0.044121015690036715,0.06566750768034399,0.028570199551755562
10,UT0180500,"Sandy, UT",theft,0.022895821795177324,0.05425061049935684,0.028588316655410253
11,UT0180500,"Sandy, UT",theft,0.029789499310822014,0.06380096192245706,0.02857019955175556
12,UT0180500,"Sandy, UT",theft,0.018948850558136773,0.062088322603378515,0.028536142847675652
1,UT0180600,"West Jordan, UT",theft,-0.042789109977786455,-0.020519278176151096,0.028442566715972367
2,UT0180600,"West Jordan, UT",theft,-0.09874831863054001,-0.11036013081628551,0.028488611054004742
3,UT0180600,"West Jordan, UT",theft,-0.08630062783079621,-0.10834296934930224,0.028493898082064466
4,UT0180600,"West Jordan, UT",theft,-0.033476003709148536,-0.06046627847899313,0.028506407714423504
5,UT0180600,"West Jordan, UT",theft,0.00180993091596623,-0.04509206507933986,0.02849389808206447
6,UT0180600,"West Jordan, UT",theft,0.023230761582622765,-0.04204595743443517,0.028488611054004742
7,UT0180600,"West Jordan, UT",theft,0.05336929189175766,-1.9340962866536628e-4,0.028442566715972364
8,UT0180600,"West Jordan, UT",theft,0.06714888840375174,0.0525387120888395,0.028488611054004742
9,UT0180600,"West Jordan, UT",theft,0.044121015690036715,0.07123423842667263,0.028493898082064473
10,UT0180600,"West Jordan, UT",theft,0.022895821795177324,0.08117896628380958,0.028506407714423504
11,UT0180600,"West Jordan, UT",theft,0.029789499310822014,0.10291348380678585,0.028493898082064466
12,UT0180600,"West Jordan, UT",theft,0.018948850558136773,0.0791546883570648,0.028488611054004742
1,UT0181200,"Draper, UT",theft,-0.042789109977786455,-0.01800365015544668,0.03185742581199852
2,UT0181200,"Draper, UT",theft,-0.09874831863054001,-0.08779681619782677,0.03191226083793863
3,UT0181200,"Draper, UT",theft,-0.08630062783079621,-0.11835935432063643,0.03190474115016142
4,UT0181200,"Draper, UT",theft,-0.033476003709148536,-0.08347509326931818,0.03196709178289485
5,UT0181200,"Draper, UT",theft,0.00180993091596623,-0.02173058306537811,0.03190474115016142
6,UT0181200,"Draper, UT",theft,0.023230761582622765,0.014114929010668993,0.03191226083793863
7,UT0181200,"Draper, UT",theft,0.05336929189175766,0.023497300145680536,0.03185742581199851
8,UT0181200,"Draper, UT",theft,0.06714888840375174,0.038106571749329333,0.03191226083793863
9,UT0181200,"Draper, UT",theft,0.044121015690036715,0.06317545988190512,0.03190474115016142
10,UT0181200,"Draper, UT",theft,0.022895821795177324,0.07798144327908432,0.03196709178289485
11,UT0181200,"Draper, UT",theft,0.029789499310822014,0.07142082751387552,0.03190474115016142
12,UT0181200,"Draper, UT",theft,0.018948850558136773,0.04106896542806234,0.03191226083793863
1,UT0181800,"South Jordan, UT",theft,-0.042789109977786455,-0.040999179417706186,0.030647696713507894
2,UT0181800,"South Jordan, UT",theft,-0.09874831863054001,-0.08140767294650965,0.03066609897668906
3,UT0181800,"South Jordan, UT",theft,-0.08630062783079621,-0.09996577464741754,0.030673594706643305
4,UT0181800,"South Jordan, UT",theft,-0.033476003709148536,-0.07409277853285927,0.030712815281950013
5,UT0181800,"South Jordan, UT",theft,0.00180993091596623,-0.017177531444130593,0.030673594706643312
6,UT0181800,"South Jordan, UT",theft,0.023230761582622765,0.025934995648194546,0.03066609897668906
7,UT0181800,"South Jordan, UT",theft,0.05336929189175766,0.038922611947194694,0.030647696713507887
8,UT0181800,"South Jordan, UT",theft,0.06714888840375174,0.0486599490769585,0.03066609897668906
9,UT0181800,"South Jordan, UT",theft,0.044121015690036715,0.06929461824837785,0.030673594706643312
10,UT0181800,"South Jordan, UT",theft,0.022895821795177324,0.07616934600337076,0.030712815281950013
11,UT0181800,"South Jordan, UT",theft,0.029789499310822014,0.04992525531368172,0.030673594706643305
12,UT0181800,"South Jordan, UT",theft,0.018948850558136773,0.004736160750845169,0.03066609897668906
1,UT0182500,"West Valley, UT",theft,-0.042789109977786455,-0.052913606108654525,0.02769119359972816
2,UT0182500,"West Valley, UT",theft,-0.09874831863054001,-0.0779899649867581,0.027718932952576825
3,UT0182500,"West Valley, UT",theft,-0.08630062783079621,-0.05643097796769037,0.027729666961113557
4,UT0182500,"West Valley, UT",theft,-0.033476003709148536,-0.04007367692370603,0.0277458601599929
5,UT0182500,"West Valley, UT",theft,0.00180993091596623,-0.045138028077659834,0.027729666961113557
6,UT0182500,"West Valley, UT",theft,0.023230761582622765,-0.028036531065187664,0.027718932952576825
7,UT0182500,"West Valley, UT",theft,0.05336929189175766,0.024906886223774523,0.027691193599728155
8,UT0182500,"West Valley, UT",theft,0.06714888840375174,0.06752673727417173,0.027718932952576828
9,UT0182500,"West Valley, UT",theft,0.044121015690036715,0.07397447013998398,0.02772966696111356
10,UT0182500,"West Valley, UT",theft,0.022895821795177324,0.06808039680858602,0.0277458601599929
11,UT0182500,"West Valley, UT",theft,0.029789499310822014,0.055601255790246176,0.027729666961113557
12,UT0182500,"West Valley, UT",theft,0.018948850558136773,0.010493038892894106,0.027718932952576825
1,UT0250300,"Orem, UT",theft,-0.042789109977786455,-0.052317128300520016,0.029277790910966075
2,UT0250300,"Orem, UT",theft,-0.09874831863054001,-0.11035790758826272,0.02930883051005809
3,UT0250300,"Orem, UT",theft,-0.08630062783079621,-0.08811396148119197,0.02931364005713988
4,UT0250300,"Orem, UT",theft,-0.033476003709148536,-0.04175176462762179,0.02931864784996694
5,UT0250300,"Orem, UT",theft,0.00180993091596623,-0.034932359514981685,0.029313640057139885
6,UT0250300,"Orem, UT",theft,0.023230761582622765,-0.030464170410086068,0.02930883051005809
7,UT0250300,"Orem, UT",theft,0.05336929189175766,0.021709614483286836,0.02927779091096607
8,UT0250300,"Orem, UT",theft,0.06714888840375174,0.07979336941469509,0.02930883051005809
9,UT0250300,"Orem, UT",theft,0.044121015690036715,0.08815693712485748,0.02931364005713989
10,UT0250300,"Orem, UT",theft,0.022895821795177324,0.07235927844485496,0.02931864784996694
11,UT0250300,"Orem, UT",theft,0.029789499310822014,0.0654968976885493,0.02931364005713988
12,UT0250300,"Orem, UT",theft,0.018948850558136773,0.0304211947664206,0.02930883051005809
1,UT0252200,"Saratoga Springs, UT",theft,-0.042789109977786455,-0.08972710783503883,0.037447489440091505
2,UT0252200,"Saratoga Springs, UT",theft,-0.09874831863054001,-0.12229513591252994,0.037469115749539525
3,UT0252200,"Saratoga Springs, UT",theft,-0.08630062783079621,-0.07783354665952115,0.037464379225938156
4,UT0252200,"Saratoga Springs, UT",theft,-0.033476003709148536,-0.05054837726179518,0.03748939239209927
5,UT0252200,"Saratoga Springs, UT",theft,0.00180993091596623,-0.04023219365220185,0.03746437922593816
6,UT0252200,"Saratoga Springs, UT",theft,0.023230761582622765,0.017269863210959063,0.037469115749539525
7,UT0252200,"Saratoga Springs, UT",theft,0.05336929189175766,0.08528433868510883,0.0374474894400915
8,UT0252200,"Saratoga Springs, UT",theft,0.06714888840375174,0.08029390325648503,0.037469115749539525
9,UT0252200,"Saratoga Springs, UT",theft,0.044121015690036715,0.04027508315340617,0.03746437922593816
10,UT0252200,"Saratoga Springs, UT",theft,0.022895821795177324,0.054991146411725145,0.03748939239209927
11,UT0252200,"Saratoga Springs, UT",theft,0.029789499310822014,0.08223342630824673,0.037464379225938156
12,UT0252200,"Saratoga Springs, UT",theft,0.018948850558136773,0.020288600295156008,0.037469115749539525
1,UT0270100,"St. George, UT",theft,-0.042789109977786455,0.015892994970909853,0.030742893302021977
2,UT0270100,"St. George, UT",theft,-0.09874831863054001,-0.008808209904298358,0.03079794464695245
3,UT0270100,"St. George, UT",theft,-0.08630062783079621,-0.007413049450821775,0.03078319167584663
4,UT0270100,"St. George, UT",theft,-0.033476003709148536,-0.02896095682119882,0.03079440158793596
5,UT0270100,"St. George, UT",theft,0.00180993091596623,-0.08247992661729932,0.030783191675846634
6,UT0270100,"St. George, UT",theft,0.023230761582622765,-0.08362484091067154,0.03079794464695245
7,UT0270100,"St. George, UT",theft,0.05336929189175766,-0.0012922670407285884,0.03074289330202197
8,UT0270100,"St. George, UT",theft,0.06714888840375174,0.06710785778527037,0.03079794464695245
9,UT0270100,"St. George, UT",theft,0.044121015690036715,0.05111196940161252,0.030783191675846637
10,UT0270100,"St. George, UT",theft,0.022895821795177324,0.014360228891017549,0.03079440158793596
11,UT0270100,"St. George, UT",theft,0.029789499310822014,0.02418027873632729,0.03078319167584663
12,UT0270100,"St. George, UT",theft,0.018948850558136773,0.03992592095988083,0.03079794464695245
1,UT0290100,"Ogden, UT",theft,-0.042789109977786455,-0.06551819130550143,0.028500580317968698
2,UT0290100,"Ogden, UT",theft,-0.09874831863054001,-0.07071922869826429,0.02852433641883797
3,UT0290100,"Ogden, UT",theft,-0.08630062783079621,-0.08008880865799003,0.028550669444316813
4,UT0290100,"Ogden, UT",theft,-0.033476003709148536,-0.06439303407432728,0.028550510401294266
5,UT0290100,"Ogden, UT",theft,0.00180993091596623,-0.014433000702187941,0.028550669444316817
6,UT0290100,"Ogden, UT",theft,0.023230761582622765,0.03401824372902699,0.02852433641883797
7,UT0290100,"Ogden, UT",theft,0.05336929189175766,0.06068115850827268,0.028500580317968694
8,UT0290100,"Ogden, UT",theft,0.06714888840375174,0.08256821116881911,0.02852433641883797
9,UT0290100,"Ogden, UT",theft,0.044121015690036715,0.0967748239257736,0.02855066944431682
10,UT0290100,"Ogden, UT",theft,0.022895821795177324,0.06923006687155606,0.028550510401294266
11,UT0290100,"Ogden, UT",theft,0.029789499310822014,0.0025840182316330855,0.028550669444316813
12,UT0290100,"Ogden, UT",theft,0.018948850558136773,-0.050704258996810525,0.02852433641883797
1,VA0020300,"Albemarle, VA",theft,-0.042789109977786455,-0.04646641820898374,0.029453788180373627
2,VA0020300,"Albemarle, VA",theft,-0.09874831863054001,-0.15218343307175436,0.029447890875699947
3,VA0020300,"Albemarle, VA",theft,-0.08630062783079621,-0.1253000610244418,0.029475433557383773
4,VA0020300,"Albemarle, VA",theft,-0.033476003709148536,-0.01703352250453362,0.029486178747813632
5,VA0020300,"Albemarle, VA",theft,0.00180993091596623,0.03369858156540121,0.029475433557383773
6,VA0020300,"Albemarle, VA",theft,0.023230761582622765,0.024814413208667518,0.029447890875699947
7,VA0020300,"Albemarle, VA",theft,0.05336929189175766,0.03887774165293023,0.029453788180373624
8,VA0020300,"Albemarle, VA",theft,0.06714888840375174,0.06338616946009909,0.029447890875699947
9,VA0020300,"Albemarle, VA",theft,0.044121015690036715,0.04409147396883999,0.029475433557383777
10,VA0020300,"Albemarle, VA",theft,0.022895821795177324,0.024622199060587116,0.029486178747813632
11,VA0020300,"Albemarle, VA",theft,0.029789499310822014,0.05509868204625404,0.029475433557383773
12,VA0020300,"Albemarle, VA",theft,0.018948850558136773,0.05639417384693432,0.029447890875699947
1,VA0070100,"Arlington, VA",theft,-0.042789109977786455,-0.03835962619666902,0.027338717409467906
2,VA0070100,"Arlington, VA",theft,-0.09874831863054001,-0.10264147239006743,0.027362372960082124
3,VA0070100,"Arlington, VA",theft,-0.08630062783079621,-0.1121013749471356,0.027395684319610734
4,VA0070100,"Arlington, VA",theft,-0.033476003709148536,-0.07086527037564849,0.02741357857566228
5,VA0070100,"Arlington, VA",theft,0.00180993091596623,-0.005508999278527261,0.027395684319610737
6,VA0070100,"Arlington, VA",theft,0.023230761582622765,0.06080902556045276,0.027362372960082124
7,VA0070100,"Arlington, VA",theft,0.05336929189175766,0.09339448406950908,0.027338717409467903
8,VA0070100,"Arlington, VA",theft,0.06714888840375174,0.06901822560400908,0.027362372960082128
9,VA0070100,"Arlington, VA",theft,0.044121015690036715,0.02344327028823714,0.02739568431961074
10,VA0070100,"Arlington, VA",theft,0.022895821795177324,0.015830412502808408,0.02741357857566228
11,VA0070100,"Arlington, VA",theft,0.029789499310822014,0.0391322460645856,0.027395684319610734
12,VA0070100,"Arlington, VA",theft,0.018948850558136773,0.02784907909844575,0.027362372960082124
1,VA0210100,"Chesterfield, VA",theft,-0.042789109977786455,-0.03623488408629338,0.026834017363973634
2,VA0210100,"Chesterfield, VA",theft,-0.09874831863054001,-0.09202053867795887,0.026863277021203617
3,VA0210100,"Chesterfield, VA",theft,-0.08630062783079621,-0.07138940675243673,0.026887340648275835
4,VA0210100,"Chesterfield, VA",theft,-0.033476003709148536,-0.017224134436315264,0.026892509546076606
5,VA0210100,"Chesterfield, VA",theft,0.00180993091596623,0.007778841151361836,0.02688734064827584
6,VA0210100,"Chesterfield, VA",theft,0.023230761582622765,0.020450202359372095,0.026863277021203617
7,VA0210100,"Chesterfield, VA",theft,0.05336929189175766,0.0475950964787815,0.02683401736397363
8,VA0210100,"Chesterfield, VA",theft,0.06714888840375174,0.054251735257757956,0.026863277021203617
9,VA0210100,"Chesterfield, VA",theft,0.044121015690036715,0.022260390939747673,0.026887340648275842
10,VA0210100,"Chesterfield, VA",theft,0.022895821795177324,0.005863922043827132,0.026892509546076606
11,VA0210100,"Chesterfield, VA",theft,0.029789499310822014,0.029989962268839057,0.026887340648275835
12,VA0210100,"Chesterfield, VA",theft,0.018948850558136773,0.028678813453317003,0.026863277021203617
1,VA0420000,"Hanover, VA",theft,-0.042789109977786455,-0.06426096016207015,0.031142189065424212
2,VA0420000,"Hanover, VA",theft,-0.09874831863054001,-0.13978181597739806,0.03120387123878679
3,VA0420000,"Hanover, VA",theft,-0.08630062783079621,-0.15175482564058423,0.03123522926790023
4,VA0420000,"Hanover, VA",theft,-0.033476003709148536,-0.08406291973720513,0.031220071866002938
5,VA0420000,"Hanover, VA",theft,0.00180993091596623,0.011668350198806477,0.031235229267900233
6,VA0420000,"Hanover, VA",theft,0.023230761582622765,0.07538427989111067,0.03120387123878679
7,VA0420000,"Hanover, VA",theft,0.05336929189175766,0.0918916034265667,0.031142189065424205
8,VA0420000,"Hanover, VA",theft,0.06714888840375174,0.08105726724351871,0.03120387123878679
9,VA0420000,"Hanover, VA",theft,0.044121015690036715,0.06539963364220833,0.031235229267900236
10,VA0420000,"Hanover, VA",theft,0.022895821795177324,0.056432276472708584,0.031220071866002938
11,VA0420000,"Hanover, VA",theft,0.029789499310822014,0.04705619853507284,0.03123522926790023
12,VA0420000,"Hanover, VA",theft,0.018948850558136773,0.010970912107265298,0.03120387123878679
1,VA0430100,"Henrico, VA",theft,-0.042789109977786455,-0.052333942466125744,0.026466537852082566
2,VA0430100,"Henrico, VA",theft,-0.09874831863054001,-0.13158457680240437,0.02649182678839586
3,VA0430100,"Henrico, VA",theft,-0.08630062783079621,-0.12088889224530552,0.026515882405635176
4,VA0430100,"Henrico, VA",theft,-0.033476003709148536,-0.04931981876768883,0.026521922201901346
5,VA0430100,"Henrico, VA",theft,0.00180993091596623,0.005590997239949663,0.02651588240563518
6,VA0430100,"Henrico, VA",theft,0.023230761582622765,0.035757880853551145,0.02649182678839586
7,VA0430100,"Henrico, VA",theft,0.05336929189175766,0.06663753619665974,0.026466537852082563
8,VA0430100,"Henrico, VA",theft,0.06714888840375174,0.07809267200582912,0.02649182678839586
9,VA0430100,"Henrico, VA",theft,0.044121015690036715,0.05309339371819625,0.02651588240563518
10,VA0430100,"Henrico, VA",theft,0.022895821795177324,0.03501622503715482,0.026521922201901346
11,VA0430100,"Henrico, VA",theft,0.029789499310822014,0.04790090755662555,0.026515882405635176
12,VA0430100,"Henrico, VA",theft,0.018948850558136773,0.032037617673558186,0.02649182678839586
1,VA0530000,"Loudoun, VA",theft,-0.042789109977786455,-0.06669655466467479,0.028249809213472133
2,VA0530000,"Loudoun, VA",theft,-0.09874831863054001,-0.10451309458093207,0.028254327566952755
3,VA0530000,"Loudoun, VA",theft,-0.08630062783079621,-0.08329795136691251,0.028289678282822733
4,VA0530000,"Loudoun, VA",theft,-0.033476003709148536,-0.05044509509136947,0.02828436282186704
5,VA0530000,"Loudoun, VA",theft,0.00180993091596623,-0.026301032100489577,0.028289678282822733
6,VA0530000,"Loudoun, VA",theft,0.023230761582622765,0.014714061433890827,0.028254327566952755
7,VA0530000,"Loudoun, VA",theft,0.05336929189175766,0.06435186629751474,0.02824980921347213
8,VA0530000,"Loudoun, VA",theft,0.06714888840375174,0.07812098226088297,0.028254327566952755
9,VA0530000,"Loudoun, VA",theft,0.044121015690036715,0.05925052741402343,0.028289678282822736
10,VA0530000,"Loudoun, VA",theft,0.022895821795177324,0.052789783458529506,0.02828436282186704
11,VA0530000,"Loudoun, VA",theft,0.029789499310822014,0.05269314442053864,0.028289678282822733
12,VA0530000,"Loudoun, VA",theft,0.018948850558136773,0.00933336251899832,0.028254327566952755
1,VA0890000,"Stafford, VA",theft,-0.042789109977786455,-0.0015892116976595281,0.029853778410449863
2,VA0890000,"Stafford, VA",theft,-0.09874831863054001,-0.07790961387011087,0.029870312155405223
3,VA0890000,"Stafford, VA",theft,-0.08630062783079621,-0.09256397124622637,0.02986458489554009
4,VA0890000,"Stafford, VA",theft,-0.033476003709148536,-0.0157560267386249,0.02988695683663713
5,VA0890000,"Stafford, VA",theft,0.00180993091596623,0.043994863098812724,0.029864584895540093
6,VA0890000,"Stafford, VA",theft,0.023230761582622765,0.015644718262587936,0.029870312155405223
7,VA0890000,"Stafford, VA",theft,0.05336929189175766,-0.02478269034887061,0.02985377841044986
8,VA0890000,"Stafford, VA",theft,0.06714888840375174,-0.00176830782637847,0.029870312155405226
9,VA0890000,"Stafford, VA",theft,0.044121015690036715,0.03925795159626714,0.029864584895540093
10,VA0890000,"Stafford, VA",theft,0.022895821795177324,0.04212792878515507,0.02988695683663713
11,VA0890000,"Stafford, VA",theft,0.029789499310822014,0.03568305859767661,0.02986458489554009
12,VA0890000,"Stafford, VA",theft,0.018948850558136773,0.03766130138737126,0.029870312155405223
1,VA0990000,"Alexandria, VA",theft,-0.042789109977786455,-0.0483483216488376,0.02775992602371978
2,VA0990000,"Alexandria, VA",theft,-0.09874831863054001,-0.1263326413612722,0.027794599170974234
3,VA0990000,"Alexandria, VA",theft,-0.08630062783079621,-0.1323024338414135,0.02780969552580243
4,VA0990000,"Alexandria, VA",theft,-0.033476003709148536,-0.07305247915202737,0.02783042364833077
5,VA0990000,"Alexandria, VA",theft,0.00180993091596623,-0.010326969040088136,0.027809695525802435
6,VA0990000,"Alexandria, VA",theft,0.023230761582622765,0.027082461501684113,0.027794599170974234
7,VA0990000,"Alexandria, VA",theft,0.05336929189175766,0.05295519937615995,0.027759926023719777
8,VA0990000,"Alexandria, VA",theft,0.06714888840375174,0.07065681629695869,0.027794599170974234
9,VA0990000,"Alexandria, VA",theft,0.044121015690036715,0.07201973104977759,0.027809695525802435
10,VA0990000,"Alexandria, VA",theft,0.022895821795177324,0.06844560142470502,0.02783042364833077
11,VA0990000,"Alexandria, VA",theft,0.029789499310822014,0.06600279410440163,0.02780969552580243
12,VA0990000,"Alexandria, VA",theft,0.018948850558136773,0.03320024128995183,0.027794599170974234
1,VA1030000,"Chesapeake, VA",theft,-0.042789109977786455,-0.036605046070017765,0.026959105940689065
2,VA1030000,"Chesapeake, VA",theft,-0.09874831863054001,-0.1318201661941341,0.02698422064658362
3,VA1030000,"Chesapeake, VA",theft,-0.08630062783079621,-0.12833286788518375,0.027016551846783577
4,VA1030000,"Chesapeake, VA",theft,-0.033476003709148536,-0.051496832559225485,0.02701710722662784
5,VA1030000,"Chesapeake, VA",theft,0.00180993091596623,0.010106858607253463,0.02701655184678358
6,VA1030000,"Chesapeake, VA",theft,0.023230761582622765,0.03981527299157388,0.02698422064658362
7,VA1030000,"Chesapeake, VA",theft,0.05336929189175766,0.06331056001360774,0.026959105940689062
8,VA1030000,"Chesapeake, VA",theft,0.06714888840375174,0.06467855328923526,0.02698422064658362
9,VA1030000,"Chesapeake, VA",theft,0.044121015690036715,0.034485741036694925,0.027016551846783584
10,VA1030000,"Chesapeake, VA",theft,0.022895821795177324,0.02479131861563548,0.02701710722662784
11,VA1030000,"Chesapeake, VA",theft,0.029789499310822014,0.057034754297645325,0.027016551846783577
12,VA1030000,"Chesapeake, VA",theft,0.018948850558136773,0.054031853856915,0.02698422064658362
1,VA1120000,"Harrisonburg, VA",theft,-0.042789109977786455,-0.030165401321038243,0.031434896294570754
2,VA1120000,"Harrisonburg, VA",theft,-0.09874831863054001,-0.06273242275944092,0.031445106671182145
3,VA1120000,"Harrisonburg, VA",theft,-0.08630062783079621,-0.0653678846126883,0.031446220763215155
4,VA1120000,"Harrisonburg, VA",theft,-0.033476003709148536,-0.03622496519023384,0.0314249286869328
5,VA1120000,"Harrisonburg, VA",theft,0.00180993091596623,-0.01794839860098553,0.03144622076321516
6,VA1120000,"Harrisonburg, VA",theft,0.023230761582622765,-0.025369128868188675,0.031445106671182145
7,VA1120000,"Harrisonburg, VA",theft,0.05336929189175766,-0.014212519490661565,0.03143489629457075
8,VA1120000,"Harrisonburg, VA",theft,0.06714888840375174,0.038709224208076834,0.031445106671182145
9,VA1120000,"Harrisonburg, VA",theft,0.044121015690036715,0.085722606873024,0.03144622076321516
10,VA1120000,"Harrisonburg, VA",theft,0.022895821795177324,0.08060288600193366,0.0314249286869328
11,VA1120000,"Harrisonburg, VA",theft,0.029789499310822014,0.04197159715234959,0.031446220763215155
12,VA1120000,"Harrisonburg, VA",theft,0.018948850558136773,0.005014406607852989,0.031445106671182145
1,VA1140000,"Lynchburg, VA",theft,-0.042789109977786455,-0.06258816178504503,0.02955755903518514
2,VA1140000,"Lynchburg, VA",theft,-0.09874831863054001,-0.11288140922781253,0.029582057728825394
3,VA1140000,"Lynchburg, VA",theft,-0.08630062783079621,-0.08860686770269555,0.02960861637087155
4,VA1140000,"Lynchburg, VA",theft,-0.033476003709148536,-0.03289817086921899,0.029619032278133697
5,VA1140000,"Lynchburg, VA",theft,0.00180993091596623,5.59193795188336e-4,0.029608616370871553
6,VA1140000,"Lynchburg, VA",theft,0.023230761582622765,0.031260618307375504,0.029582057728825394
7,VA1140000,"Lynchburg, VA",theft,0.05336929189175766,0.07648313187345762,0.029557559035185137
8,VA1140000,"Lynchburg, VA",theft,0.06714888840375174,0.09056322060696316,0.029582057728825394
9,VA1140000,"Lynchburg, VA",theft,0.044121015690036715,0.052393708993433555,0.029608616370871553
10,VA1140000,"Lynchburg, VA",theft,0.022895821795177324,0.019003200780806397,0.029619032278133697
11,VA1140000,"Lynchburg, VA",theft,0.029789499310822014,0.02175899482566101,0.02960861637087155
12,VA1140000,"Lynchburg, VA",theft,0.018948850558136773,0.004952540401886538,0.029582057728825394
1,VA1170000,"Norfolk, VA",theft,-0.042789109977786455,-0.03407045668391971,0.026377930873759007
2,VA1170000,"Norfolk, VA",theft,-0.09874831863054001,-0.10398347283635566,0.026404054058710484
3,VA1170000,"Norfolk, VA",theft,-0.08630062783079621,-0.11448521071260134,0.026433808684423916
4,VA1170000,"Norfolk, VA",theft,-0.033476003709148536,-0.06428516130443657,0.026443016071938347
5,VA1170000,"Norfolk, VA",theft,0.00180993091596623,0.0028077553260027616,0.026433808684423923
6,VA1170000,"Norfolk, VA",theft,0.023230761582622765,0.061361797099743244,0.026404054058710484
7,VA1170000,"Norfolk, VA",theft,0.05336929189175766,0.09482861230419681,0.026377930873759003
8,VA1170000,"Norfolk, VA",theft,0.06714888840375174,0.07945601563797762,0.026404054058710484
9,VA1170000,"Norfolk, VA",theft,0.044121015690036715,0.029199597893946185,0.026433808684423923
10,VA1170000,"Norfolk, VA",theft,0.022895821795177324,0.0035270056841594484,0.026443016071938347
11,VA1170000,"Norfolk, VA",theft,0.029789499310822014,0.02171970187237525,0.026433808684423916
12,VA1170000,"Norfolk, VA",theft,0.018948850558136773,0.023923815718911973,0.026404054058710484
1,VA1200000,"Portsmouth, VA",theft,-0.042789109977786455,-0.06342583761948456,0.027237437074918863
2,VA1200000,"Portsmouth, VA",theft,-0.09874831863054001,-0.11240342157459238,0.0272747335688912
3,VA1200000,"Portsmouth, VA",theft,-0.08630062783079621,-0.07546827718338732,0.02728234706281483
4,VA1200000,"Portsmouth, VA",theft,-0.033476003709148536,0.015007586890648163,0.027293814560143553
5,VA1200000,"Portsmouth, VA",theft,0.00180993091596623,0.061428080371394946,0.02728234706281484
6,VA1200000,"Portsmouth, VA",theft,0.023230761582622765,0.045514071610905205,0.0272747335688912
7,VA1200000,"Portsmouth, VA",theft,0.05336929189175766,0.029122639464560895,0.02723743707491886
8,VA1200000,"Portsmouth, VA",theft,0.06714888840375174,0.03504249480204569,0.0272747335688912
9,VA1200000,"Portsmouth, VA",theft,0.044121015690036715,0.03241054856576428,0.02728234706281484
10,VA1200000,"Portsmouth, VA",theft,0.022895821795177324,0.019295611264275515,0.027293814560143553
11,VA1200000,"Portsmouth, VA",theft,0.029789499310822014,0.015932846401151717,0.02728234706281483
12,VA1200000,"Portsmouth, VA",theft,0.018948850558136773,-0.002456342993282148,0.0272747335688912
1,VA1220000,"Richmond, VA",theft,-0.042789109977786455,-0.06265246557955968,0.02641758828587351
2,VA1220000,"Richmond, VA",theft,-0.09874831863054001,-0.12687063301964133,0.026439678464263695
3,VA1220000,"Richmond, VA",theft,-0.08630062783079621,-0.10480835514057871,0.026463805492855954
4,VA1220000,"Richmond, VA",theft,-0.033476003709148536,-0.03234554758941058,0.026467730219902338
5,VA1220000,"Richmond, VA",theft,0.00180993091596623,0.01582762310898647,0.026463805492855957
6,VA1220000,"Richmond, VA",theft,0.023230761582622765,0.03764534530966373,0.026439678464263695
7,VA1220000,"Richmond, VA",theft,0.05336929189175766,0.06320643227830221,0.026417588285873508
8,VA1220000,"Richmond, VA",theft,0.06714888840375174,0.07461689497886992,0.026439678464263695
9,VA1220000,"Richmond, VA",theft,0.044121015690036715,0.052000650401064746,0.02646380549285596
10,VA1220000,"Richmond, VA",theft,0.022895821795177324,0.03179158089066804,0.026467730219902338
11,VA1220000,"Richmond, VA",theft,0.029789499310822014,0.0364261149317849,0.026463805492855954
12,VA1220000,"Richmond, VA",theft,0.018948850558136773,0.015162359429850286,0.026439678464263695
1,VA1230000,"Roanoke, VA",theft,-0.042789109977786455,-0.0733326251446043,0.027288275350383282
2,VA1230000,"Roanoke, VA",theft,-0.09874831863054001,-0.13864692371488213,0.02731568487059686
3,VA1230000,"Roanoke, VA",theft,-0.08630062783079621,-0.11847119388833867,0.02733294907104738
4,VA1230000,"Roanoke, VA",theft,-0.033476003709148536,-0.02944811796916178,0.027332650583717432
5,VA1230000,"Roanoke, VA",theft,0.00180993091596623,0.03512872235877704,0.027332949071047385
6,VA1230000,"Roanoke, VA",theft,0.023230761582622765,0.04701272975821522,0.02731568487059686
7,VA1230000,"Roanoke, VA",theft,0.05336929189175766,0.05645665229255339,0.02728827535038328
8,VA1230000,"Roanoke, VA",theft,0.06714888840375174,0.07805031844439865,0.027315684870596862
9,VA1230000,"Roanoke, VA",theft,0.044121015690036715,0.0747505614699061,0.027332949071047385
10,VA1230000,"Roanoke, VA",theft,0.022895821795177324,0.04632409082121269,0.027332650583717432
11,VA1230000,"Roanoke, VA",theft,0.029789499310822014,0.025467882911706395,0.02733294907104738
12,VA1230000,"Roanoke, VA",theft,0.018948850558136773,-0.003292097339782605,0.02731568487059686
1,VA1270000,"Suffolk, VA",theft,-0.042789109977786455,-0.03589045999745663,0.028915678569070544
2,VA1270000,"Suffolk, VA",theft,-0.09874831863054001,-0.10193737349434095,0.028934496593373243
3,VA1270000,"Suffolk, VA",theft,-0.08630062783079621,-0.07704294232213697,0.02898274815572971
4,VA1270000,"Suffolk, VA",theft,-0.033476003709148536,-0.02422029919528969,0.028970243101861408
5,VA1270000,"Suffolk, VA",theft,0.00180993091596623,-0.008705653524680453,0.028982748155729713
6,VA1270000,"Suffolk, VA",theft,0.023230761582622765,0.012739282151298152,0.028934496593373243
7,VA1270000,"Suffolk, VA",theft,0.05336929189175766,0.0656212787828215,0.02891567856907054
8,VA1270000,"Suffolk, VA",theft,0.06714888840375174,0.07749298888767037,0.028934496593373243
9,VA1270000,"Suffolk, VA",theft,0.044121015690036715,0.022867738930101498,0.028982748155729713
10,VA1270000,"Suffolk, VA",theft,0.022895821795177324,-0.005510519590075195,0.028970243101861408
11,VA1270000,"Suffolk, VA",theft,0.029789499310822014,0.03315003813135102,0.02898274815572971
12,VA1270000,"Suffolk, VA",theft,0.018948850558136773,0.04143592124073738,0.028934496593373243
1,VA1280000,"Virginia Beach, VA",theft,-0.042789109977786455,-0.06389573080588701,0.026427281180960747
2,VA1280000,"Virginia Beach, VA",theft,-0.09874831863054001,-0.13516765147785378,0.026452523255980267
3,VA1280000,"Virginia Beach, VA",theft,-0.08630062783079621,-0.10888539370347543,0.02647994830488589
4,VA1280000,"Virginia Beach, VA",theft,-0.033476003709148536,-0.036922659490087696,0.026483172505948675
5,VA1280000,"Virginia Beach, VA",theft,0.00180993091596623,0.012660851331007783,0.026479948304885894
6,VA1280000,"Virginia Beach, VA",theft,0.023230761582622765,0.05680103107619016,0.026452523255980267
7,VA1280000,"Virginia Beach, VA",theft,0.05336929189175766,0.1033844023376896,0.026427281180960743
8,VA1280000,"Virginia Beach, VA",theft,0.06714888840375174,0.09525337746413771,0.02645252325598027
9,VA1280000,"Virginia Beach, VA",theft,0.044121015690036715,0.02948244815795674,0.026479948304885894
10,VA1280000,"Virginia Beach, VA",theft,0.022895821795177324,-0.0025660120417149105,0.026483172505948675
11,VA1280000,"Virginia Beach, VA",theft,0.029789499310822014,0.027253422682708257,0.02647994830488589
12,VA1280000,"Virginia Beach, VA",theft,0.018948850558136773,0.022601914469328598,0.026452523255980267
1,VT0040100,"Burlington, VT",theft,-0.042789109977786455,-0.20964287660908987,0.029774161711527778
2,VT0040100,"Burlington, VT",theft,-0.09874831863054001,-0.25296332639109664,0.029777857311680544
3,VT0040100,"Burlington, VT",theft,-0.08630062783079621,-0.20161914388258925,0.02976731151414432
4,VT0040100,"Burlington, VT",theft,-0.033476003709148536,-0.11816866032234453,0.029742988009896318
5,VT0040100,"Burlington, VT",theft,0.00180993091596623,-0.03055166975975089,0.029767311514144322
6,VT0040100,"Burlington, VT",theft,0.023230761582622765,0.07570776962772521,0.029777857311680544
7,VT0040100,"Burlington, VT",theft,0.05336929189175766,0.17833020807182112,0.029774161711527775
8,VT0040100,"Burlington, VT",theft,0.06714888840375174,0.22332643452402517,0.029777857311680544
9,VT0040100,"Burlington, VT",theft,0.044121015690036715,0.20329492055278653,0.029767311514144325
10,VT0040100,"Burlington, VT",theft,0.022895821795177324,0.1494813288596133,0.029742988009896318
11,VT0040100,"Burlington, VT",theft,0.029789499310822014,0.06018856162682226,0.02976731151414432
12,VT0040100,"Burlington, VT",theft,0.018948850558136773,-0.07738354629792234,0.029777857311680544
1,WA0030200,"Richland, WA",theft,-0.042789109977786455,-0.011135414820767039,0.029831288135481332
2,WA0030200,"Richland, WA",theft,-0.09874831863054001,-0.11782129688417517,0.02989536467614856
3,WA0030200,"Richland, WA",theft,-0.08630062783079621,-0.110923455900685,0.029898086884072583
4,WA0030200,"Richland, WA",theft,-0.033476003709148536,-0.0433051532665722,0.029923447559863522
5,WA0030200,"Richland, WA",theft,0.00180993091596623,-0.03326394680616608,0.029898086884072587
6,WA0030200,"Richland, WA",theft,0.023230761582622765,-0.03662877694859956,0.02989536467614856
7,WA0030200,"Richland, WA",theft,0.05336929189175766,0.03484832338941036,0.02983128813548133
8,WA0030200,"Richland, WA",theft,0.06714888840375174,0.1064740032282675,0.02989536467614856
9,WA0030200,"Richland, WA",theft,0.044121015690036715,0.075863253676134,0.029898086884072587
10,WA0030200,"Richland, WA",theft,0.022895821795177324,0.019592244697928862,0.029923447559863522
11,WA0030200,"Richland, WA",theft,0.029789499310822014,0.04461124046207371,0.029898086884072583
12,WA0030200,"Richland, WA",theft,0.018948850558136773,0.0716889791731506,0.02989536467614856
1,WA0171200,"Redmond, WA",theft,-0.042789109977786455,-0.0412081923236892,0.028782382304229144
2,WA0171200,"Redmond, WA",theft,-0.09874831863054001,-0.11740207641755318,0.028836278533297163
3,WA0171200,"Redmond, WA",theft,-0.08630062783079621,-0.08145069263728238,0.02883312118709164
4,WA0171200,"Redmond, WA",theft,-0.033476003709148536,-0.0049006985707496535,0.02884725663446136
5,WA0171200,"Redmond, WA",theft,0.00180993091596623,0.023510016005500713,0.02883312118709164
6,WA0171200,"Redmond, WA",theft,0.023230761582622765,0.024211721013528,0.028836278533297163
7,WA0171200,"Redmond, WA",theft,0.05336929189175766,0.034007717255264525,0.028782382304229137
8,WA0171200,"Redmond, WA",theft,0.06714888840375174,0.02486583429388201,0.028836278533297163
9,WA0171200,"Redmond, WA",theft,0.044121015690036715,-0.003885074417964161,0.028833121187091644
10,WA0171200,"Redmond, WA",theft,0.022895821795177324,0.0121011736391743,0.02884725663446136
11,WA0171200,"Redmond, WA",theft,0.029789499310822014,0.06902622611817044,0.02883312118709164
12,WA0171200,"Redmond, WA",theft,0.018948850558136773,0.0611240460417186,0.028836278533297163
1,WA0270300,"Tacoma, WA",theft,-0.042789109977786455,0.0020884413039370404,0.026261515270114926
2,WA0270300,"Tacoma, WA",theft,-0.09874831863054001,-0.06374613776798337,0.026291906072165888
3,WA0270300,"Tacoma, WA",theft,-0.08630062783079621,-0.09042250440180545,0.026306804640225123
4,WA0270300,"Tacoma, WA",theft,-0.033476003709148536,-0.05532405854579196,0.02631586204343681
5,WA0270300,"Tacoma, WA",theft,0.00180993091596623,-0.012020143340431347,0.02630680464022513
6,WA0270300,"Tacoma, WA",theft,0.023230761582622765,-0.0011220110760918423,0.026291906072165888
7,WA0270300,"Tacoma, WA",theft,0.05336929189175766,0.0031560165832170643,0.026261515270114923
8,WA0270300,"Tacoma, WA",theft,0.06714888840375174,0.02675604394719562,0.026291906072165888
9,WA0270300,"Tacoma, WA",theft,0.044121015690036715,0.04818795269386359,0.02630680464022513
10,WA0270300,"Tacoma, WA",theft,0.022895821795177324,0.050079600658637875,0.02631586204343681
11,WA0270300,"Tacoma, WA",theft,0.029789499310822014,0.049010237161219064,0.026306804640225123
12,WA0270300,"Tacoma, WA",theft,0.018948850558136773,0.0433565627840337,0.026291906072165888
1,WA0310300,"Everett, WA",theft,-0.042789109977786455,-0.016748881837166805,0.02758100932859065
2,WA0310300,"Everett, WA",theft,-0.09874831863054001,-0.06598663470864084,0.027634927424587598
3,WA0310300,"Everett, WA",theft,-0.08630062783079621,-0.08610633682959894,0.02762993862715037
4,WA0310300,"Everett, WA",theft,-0.033476003709148536,-0.03488379551014685,0.02765544202645422
5,WA0310300,"Everett, WA",theft,0.00180993091596623,0.02705432080772855,0.027629938627150373
6,WA0310300,"Everett, WA",theft,0.023230761582622765,0.03092569029637175,0.027634927424587598
7,WA0310300,"Everett, WA",theft,0.05336929189175766,0.0097891370572328,0.027581009328590648
8,WA0310300,"Everett, WA",theft,0.06714888840375174,0.024041680434404352,0.027634927424587598
9,WA0310300,"Everett, WA",theft,0.044121015690036715,0.05112112733529643,0.027629938627150376
10,WA0310300,"Everett, WA",theft,0.022895821795177324,0.041843540290080874,0.02765544202645422
11,WA0310300,"Everett, WA",theft,0.029789499310822014,0.014890633466507932,0.02762993862715037
12,WA0310300,"Everett, WA",theft,0.018948850558136773,0.004059519197930738,0.027634927424587594
1,WA0340000,"Thurston, WA",theft,-0.042789109977786455,-0.11746335448899795,0.031525466481262844
2,WA0340000,"Thurston, WA",theft,-0.09874831863054001,-0.1814935901189201,0.03158256697149747
3,WA0340000,"Thurston, WA",theft,-0.08630062783079621,-0.11641130683675975,0.0315904719213096
4,WA0340000,"Thurston, WA",theft,-0.033476003709148536,-0.014504010312354383,0.03152413730352299
5,WA0340000,"Thurston, WA",theft,0.00180993091596623,0.036171541995138674,0.0315904719213096
6,WA0340000,"Thurston, WA",theft,0.023230761582622765,0.0581760273006122,0.03158256697149747
7,WA0340000,"Thurston, WA",theft,0.05336929189175766,0.08100076524803339,0.03152546648126284
8,WA0340000,"Thurston, WA",theft,0.06714888840375174,0.0757369691552024,0.03158256697149747
9,WA0340000,"Thurston, WA",theft,0.044121015690036715,0.047117275114006534,0.03159047192130961
10,WA0340000,"Thurston, WA",theft,0.022895821795177324,0.05096659955331891,0.03152413730352299
11,WA0340000,"Thurston, WA",theft,0.029789499310822014,0.069585078968579,0.0315904719213096
12,WA0340000,"Thurston, WA",theft,0.018948850558136773,0.01111800442214109,0.03158256697149747
1,WA0370100,"Bellingham, WA",theft,-0.042789109977786455,-0.03984639678590053,0.027598215484197986
2,WA0370100,"Bellingham, WA",theft,-0.09874831863054001,-0.11490210176277543,0.02765528176160317
3,WA0370100,"Bellingham, WA",theft,-0.08630062783079621,-0.1130776199854508,0.02766112651334324
4,WA0370100,"Bellingham, WA",theft,-0.033476003709148536,-0.04857357051083814,0.0276871049786907
5,WA0370100,"Bellingham, WA",theft,0.00180993091596623,-0.006338353844531986,0.027661126513343244
6,WA0370100,"Bellingham, WA",theft,0.023230761582622765,0.007515134556569637,0.02765528176160317
7,WA0370100,"Bellingham, WA",theft,0.05336929189175766,0.04613127662532892,0.02759821548419798
8,WA0370100,"Bellingham, WA",theft,0.06714888840375174,0.0916584858576608,0.02765528176160317
9,WA0370100,"Bellingham, WA",theft,0.044121015690036715,0.08354912424090777,0.027661126513343244
10,WA0370100,"Bellingham, WA",theft,0.022895821795177324,0.04228869067140975,0.0276871049786907
11,WA0370100,"Bellingham, WA",theft,0.029789499310822014,0.02958196974964658,0.02766112651334324
12,WA0370100,"Bellingham, WA",theft,0.018948850558136773,0.022013361187973424,0.02765528176160317
1,WA0390500,"Yakima, WA",theft,-0.042789109977786455,-0.07047879419650067,0.028477666237451443
2,WA0390500,"Yakima, WA",theft,-0.09874831863054001,-0.12368138749008682,0.028499779132018937
3,WA0390500,"Yakima, WA",theft,-0.08630062783079621,-0.056222221880822126,0.028504254957174145
4,WA0390500,"Yakima, WA",theft,-0.033476003709148536,0.016505322552623755,0.02851045894793676
5,WA0390500,"Yakima, WA",theft,0.00180993091596623,0.0069528599920753225,0.02850425495717415
6,WA0390500,"Yakima, WA",theft,0.023230761582622765,-0.01108355508896848,0.028499779132018937
7,WA0390500,"Yakima, WA",theft,0.05336929189175766,0.02562600732362774,0.02847766623745144
8,WA0390500,"Yakima, WA",theft,0.06714888840375174,0.05242602920823821,0.028499779132018937
9,WA0390500,"Yakima, WA",theft,0.044121015690036715,0.0298196504718464,0.028504254957174152
10,WA0390500,"Yakima, WA",theft,0.022895821795177324,0.028347464320249153,0.02851045894793676
11,WA0390500,"Yakima, WA",theft,0.029789499310822014,0.06430249828977326,0.028504254957174145
12,WA0390500,"Yakima, WA",theft,0.018948850558136773,0.03748612649794426,0.028499779132018933
1,WASPD0000,"Seattle, WA",theft,-0.042789109977786455,-0.033202730659835776,0.025749186251424916
2,WASPD0000,"Seattle, WA",theft,-0.09874831863054001,-0.10864276536738342,0.025772810797734084
3,WASPD0000,"Seattle, WA",theft,-0.08630062783079621,-0.09726623664271405,0.02579586312378761
4,WASPD0000,"Seattle, WA",theft,-0.033476003709148536,-0.03745381585711807,0.025803552204220502
5,WASPD0000,"Seattle, WA",theft,0.00180993091596623,-0.017218407565053967,0.025795863123787614
6,WASPD0000,"Seattle, WA",theft,0.023230761582622765,-0.01926088937591366,0.025772810797734084
7,WASPD0000,"Seattle, WA",theft,0.05336929189175766,0.020859144787053304,0.02574918625142491
8,WASPD0000,"Seattle, WA",theft,0.06714888840375174,0.07418844647182336,0.025772810797734084
9,WASPD0000,"Seattle, WA",theft,0.044121015690036715,0.07515550361993645,0.025795863123787614
10,WASPD0000,"Seattle, WA",theft,0.022895821795177324,0.049797401729900534,0.025803552204220502
11,WASPD0000,"Seattle, WA",theft,0.029789499310822014,0.051672726460613994,0.02579586312378761
12,WASPD0000,"Seattle, WA",theft,0.018948850558136773,0.04137162239869129,0.025772810797734084
1,WI0050200,"Green Bay, WI",theft,-0.042789109977786455,-0.09332937005555354,0.029514032553656516
2,WI0050200,"Green Bay, WI",theft,-0.09874831863054001,-0.1483045199053115,0.029576562197378115
3,WI0050200,"Green Bay, WI",theft,-0.08630062783079621,-0.1343938556480797,0.02959014355077467
4,WI0050200,"Green Bay, WI",theft,-0.033476003709148536,-0.09483500602450495,0.029618741166268222
5,WI0050200,"Green Bay, WI",theft,0.00180993091596623,-0.053110384402040724,0.029590143550774675
6,WI0050200,"Green Bay, WI",theft,0.023230761582622765,0.027913956850184905,0.029576562197378115
7,WI0050200,"Green Bay, WI",theft,0.05336929189175766,0.13350771599878763,0.02951403255365651
8,WI0050200,"Green Bay, WI",theft,0.06714888840375174,0.17235680895776462,0.029576562197378115
9,WI0050200,"Green Bay, WI",theft,0.044121015690036715,0.11826779875729873,0.029590143550774675
10,WI0050200,"Green Bay, WI",theft,0.022895821795177324,0.05465666008127083,0.029618741166268222
11,WI0050200,"Green Bay, WI",theft,0.029789499310822014,0.02905809534958753,0.02959014355077467
12,WI0050200,"Green Bay, WI",theft,0.018948850558136773,-0.011787899959403826,0.029576562197378115
1,WI0130100,"Madison, WI",theft,-0.042789109977786455,-0.10147938540300176,0.026687011353522763
2,WI0130100,"Madison, WI",theft,-0.09874831863054001,-0.17755489813497355,0.026713452067063027
3,WI0130100,"Madison, WI",theft,-0.08630062783079621,-0.16174129007259613,0.02673619119107368
4,WI0130100,"Madison, WI",theft,-0.033476003709148536,-0.08415100712062473,0.02674178116890115
5,WI0130100,"Madison, WI",theft,0.00180993091596623,-0.008026210757293662,0.026736191191073684
6,WI0130100,"Madison, WI",theft,0.023230761582622765,0.0587410204980108,0.026713452067063027
7,WI0130100,"Madison, WI",theft,0.05336929189175766,0.1204126205323034,0.02668701135352276
8,WI0130100,"Madison, WI",theft,0.06714888840375174,0.14102818969716013,0.026713452067063027
9,WI0130100,"Madison, WI",theft,0.044121015690036715,0.10628134650548107,0.026736191191073684
10,WI0130100,"Madison, WI",theft,0.022895821795177324,0.06521777199132309,0.02674178116890115
11,WI0130100,"Madison, WI",theft,0.029789499310822014,0.044552919195107024,0.02673619119107368
12,WI0130100,"Madison, WI",theft,0.018948850558136773,-0.003281076930895646,0.026713452067063024
1,WI0180100,"Eau Claire, WI",theft,-0.042789109977786455,-0.14058481156504438,0.029490370152511765
2,WI0180100,"Eau Claire, WI",theft,-0.09874831863054001,-0.18268007479385895,0.029518475788748152
3,WI0180100,"Eau Claire, WI",theft,-0.08630062783079621,-0.14039833540590288,0.029508640372660735
4,WI0180100,"Eau Claire, WI",theft,-0.033476003709148536,-0.03469212717977708,0.02948806933672848
5,WI0180100,"Eau Claire, WI",theft,0.00180993091596623,0.04592179882139135,0.029508640372660738
6,WI0180100,"Eau Claire, WI",theft,0.023230761582622765,0.07838244229028951,0.029518475788748152
7,WI0180100,"Eau Claire, WI",theft,0.05336929189175766,0.11314484354160922,0.029490370152511762
8,WI0180100,"Eau Claire, WI",theft,0.06714888840375174,0.15239873454530042,0.029518475788748152
9,WI0180100,"Eau Claire, WI",theft,0.044121015690036715,0.13755696318077948,0.02950864037266074
10,WI0180100,"Eau Claire, WI",theft,0.022895821795177324,0.06213209520321223,0.02948806933672848
11,WI0180100,"Eau Claire, WI",theft,0.029789499310822014,-0.01564045857283287,0.029508640372660735
12,WI0180100,"Eau Claire, WI",theft,0.018948850558136773,-0.07554107006516601,0.029518475788748152
1,WI0300100,"Kenosha, WI",theft,-0.042789109977786455,-0.08400160300533771,0.03063756522980944
2,WI0300100,"Kenosha, WI",theft,-0.09874831863054001,-0.14791730172143078,0.030696651733297785
3,WI0300100,"Kenosha, WI",theft,-0.08630062783079621,-0.1399105724140572,0.030719586693307252
4,WI0300100,"Kenosha, WI",theft,-0.033476003709148536,-0.06610476356511752,0.030691795011688824
5,WI0300100,"Kenosha, WI",theft,0.00180993091596623,0.016400994424027142,0.030719586693307255
6,WI0300100,"Kenosha, WI",theft,0.023230761582622765,0.06752129899559005,0.030696651733297785
7,WI0300100,"Kenosha, WI",theft,0.05336929189175766,0.0876060917386495,0.030637565229809437
8,WI0300100,"Kenosha, WI",theft,0.06714888840375174,0.08793238554718728,0.030696651733297785
9,WI0300100,"Kenosha, WI",theft,0.044121015690036715,0.07632116750650189,0.03071958669330726
10,WI0300100,"Kenosha, WI",theft,0.022895821795177324,0.06250027483180573,0.030691795011688824
11,WI0300100,"Kenosha, WI",theft,0.029789499310822014,0.04358392175021631,0.030719586693307252
12,WI0300100,"Kenosha, WI",theft,0.018948850558136773,-0.003931894088034685,0.030696651733297785
1,WI0320100,"La Crosse, WI",theft,-0.042789109977786455,-0.15848297728955668,0.028935352663772652
2,WI0320100,"La Crosse, WI",theft,-0.09874831863054001,-0.19322749445116771,0.028915351693500804
3,WI0320100,"La Crosse, WI",theft,-0.08630062783079621,-0.13065116945563068,0.02894998993515909
4,WI0320100,"La Crosse, WI",theft,-0.033476003709148536,-0.03934682749303664,0.028899239365360724
5,WI0320100,"La Crosse, WI",theft,0.00180993091596623,0.027061568655820493,0.028949989935159095
6,WI0320100,"La Crosse, WI",theft,0.023230761582622765,0.09033081094219185,0.028915351693500804
7,WI0320100,"La Crosse, WI",theft,0.05336929189175766,0.152560200477931,0.02893535266377265
8,WI0320100,"La Crosse, WI",theft,0.06714888840375174,0.15969244129547205,0.028915351693500808
9,WI0320100,"La Crosse, WI",theft,0.044121015690036715,0.10303889311156071,0.028949989935159095
10,WI0320100,"La Crosse, WI",theft,0.022895821795177324,0.04526960430466231,0.028899239365360724
11,WI0320100,"La Crosse, WI",theft,0.029789499310822014,0.00647348449987509,0.02894998993515909
12,WI0320100,"La Crosse, WI",theft,0.018948850558136773,-0.06271853459812177,0.028915351693500804
1,WI0411600,"West Allis, WI",theft,-0.042789109977786455,-0.07967702517431985,0.029936149772605388
2,WI0411600,"West Allis, WI",theft,-0.09874831863054001,-0.14839667528020806,0.029962809209648836
3,WI0411600,"West Allis, WI",theft,-0.08630062783079621,-0.10619156118435234,0.029997981552976994
4,WI0411600,"West Allis, WI",theft,-0.033476003709148536,-0.03552478044088691,0.029997069753042088
5,WI0411600,"West Allis, WI",theft,0.00180993091596623,-0.014914778134990439,0.029997981552977
6,WI0411600,"West Allis, WI",theft,0.023230761582622765,0.019407383252567644,0.029962809209648836
7,WI0411600,"West Allis, WI",theft,0.05336929189175766,0.10624206631580912,0.029936149772605385
8,WI0411600,"West Allis, WI",theft,0.06714888840375174,0.14330713694946323,0.029962809209648836
9,WI0411600,"West Allis, WI",theft,0.044121015690036715,0.07453698171211823,0.029997981552977
10,WI0411600,"West Allis, WI",theft,0.022895821795177324,0.008959739299397605,0.029997069753042088
11,WI0411600,"West Allis, WI",theft,0.029789499310822014,0.020004316465735215,0.029997981552976994
12,WI0411600,"West Allis, WI",theft,0.018948850558136773,0.012247196219666565,0.029962809209648836
1,WI0450100,"Appleton, WI",theft,-0.042789109977786455,-0.14998866242038356,0.03083484055651399
2,WI0450100,"Appleton, WI",theft,-0.09874831863054001,-0.1784835880292709,0.03088726125087102
3,WI0450100,"Appleton, WI",theft,-0.08630062783079621,-0.15190741294079377,0.03083913116334528
4,WI0450100,"Appleton, WI",theft,-0.033476003709148536,-0.07313727134468034,0.030855361440175033
5,WI0450100,"Appleton, WI",theft,0.00180993091596623,0.02413606012231547,0.030839131163345284
6,WI0450100,"Appleton, WI",theft,0.023230761582622765,0.0941932797558298,0.03088726125087102
7,WI0450100,"Appleton, WI",theft,0.05336929189175766,0.12469430843931104,0.030834840556513983
8,WI0450100,"Appleton, WI",theft,0.06714888840375174,0.13637978739078804,0.03088726125087102
9,WI0450100,"Appleton, WI",theft,0.044121015690036715,0.13509796628338344,0.030839131163345287
10,WI0450100,"Appleton, WI",theft,0.022895821795177324,0.09843162532575285,0.030855361440175033
11,WI0450100,"Appleton, WI",theft,0.029789499310822014,0.01796774051616728,0.03083913116334528
12,WI0450100,"Appleton, WI",theft,0.018948850558136773,-0.0773838330984194,0.03088726125087102
1,WI0520200,"Racine, WI",theft,-0.042789109977786455,-0.060610642437457,0.03140325888079401
2,WI0520200,"Racine, WI",theft,-0.09874831863054001,-0.14598528325530605,0.03147669526678642
3,WI0520200,"Racine, WI",theft,-0.08630062783079621,-0.13492422232315565,0.03150849235112791
4,WI0520200,"Racine, WI",theft,-0.033476003709148536,-0.07834790871027886,0.031524413744160824
5,WI0520200,"Racine, WI",theft,0.00180993091596623,-0.06142045683884361,0.03150849235112792
6,WI0520200,"Racine, WI",theft,0.023230761582622765,-0.026009156920325956,0.03147669526678642
7,WI0520200,"Racine, WI",theft,0.05336929189175766,0.09172515632215514,0.031403258880794004
8,WI0520200,"Racine, WI",theft,0.06714888840375174,0.1861785593782493,0.031476695266786425
9,WI0520200,"Racine, WI",theft,0.044121015690036715,0.1440029845614008,0.03150849235112792
10,WI0520200,"Racine, WI",theft,0.022895821795177324,0.04723339482558073,0.031524413744160824
11,WI0520200,"Racine, WI",theft,0.029789499310822014,0.0212271807159003,0.03150849235112791
12,WI0520200,"Racine, WI",theft,0.018948850558136773,0.016930394682080907,0.03147669526678642
1,WI0540200,"Janesville, WI",theft,-0.042789109977786455,-0.08791171893143557,0.029777900401841945
2,WI0540200,"Janesville, WI",theft,-0.09874831863054001,-0.17185817953147148,0.02981949704848112
3,WI0540200,"Janesville, WI",theft,-0.08630062783079621,-0.13831812897513465,0.029824229488526748
4,WI0540200,"Janesville, WI",theft,-0.033476003709148536,-0.019166729109574274,0.02982833168601673
5,WI0540200,"Janesville, WI",theft,0.00180993091596623,0.06079882869914157,0.02982422948852675
6,WI0540200,"Janesville, WI",theft,0.023230761582622765,0.07575400656633167,0.02981949704848112
7,WI0540200,"Janesville, WI",theft,0.05336929189175766,0.08744654755994075,0.02977790040184194
8,WI0540200,"Janesville, WI",theft,0.06714888840375174,0.09731154054987555,0.02981949704848112
9,WI0540200,"Janesville, WI",theft,0.044121015690036715,0.06423666136503352,0.02982422948852675
10,WI0540200,"Janesville, WI",theft,0.022895821795177324,0.019631900481069088,0.02982833168601673
11,WI0540200,"Janesville, WI",theft,0.029789499310822014,0.013747810282454316,0.029824229488526748
12,WI0540200,"Janesville, WI",theft,0.018948850558136773,-0.0016725389562304886,0.02981949704848112
1,WI0680500,"Waukesha, WI",theft,-0.042789109977786455,-0.04747183875578085,0.03253402583945337
2,WI0680500,"Waukesha, WI",theft,-0.09874831863054001,-0.09903540920400819,0.032565862587646766
3,WI0680500,"Waukesha, WI",theft,-0.08630062783079621,-0.10347108486379826,0.032599995322797316
4,WI0680500,"Waukesha, WI",theft,-0.033476003709148536,-0.041205046249489764,0.032606293191691414
5,WI0680500,"Waukesha, WI",theft,0.00180993091596623,0.02924959063749528,0.03259999532279732
6,WI0680500,"Waukesha, WI",theft,0.023230761582622765,0.0612490786111818,0.032565862587646766
7,WI0680500,"Waukesha, WI",theft,0.05336929189175766,0.07030898567346756,0.03253402583945336
8,WI0680500,"Waukesha, WI",theft,0.06714888840375174,0.07340822525076085,0.032565862587646766
9,WI0680500,"Waukesha, WI",theft,0.044121015690036715,0.05500675399286418,0.03259999532279732
10,WI0680500,"Waukesha, WI",theft,0.022895821795177324,0.01836789933180305,0.032606293191691414
11,WI0680500,"Waukesha, WI",theft,0.029789499310822014,-0.003622406684247949,0.032599995322797316
12,WI0680500,"Waukesha, WI",theft,0.018948850558136773,-0.012784747740247699,0.032565862587646766
1,WI0710300,"Oshkosh, WI",theft,-0.042789109977786455,-0.16328013850113424,0.030813139357279824
2,WI0710300,"Oshkosh, WI",theft,-0.09874831863054001,-0.19131521368199875,0.030855546917285176
3,WI0710300,"Oshkosh, WI",theft,-0.08630062783079621,-0.134340655819686,0.030802850733338445
4,WI0710300,"Oshkosh, WI",theft,-0.033476003709148536,-0.05248514645532225,0.03081818057453387
5,WI0710300,"Oshkosh, WI",theft,0.00180993091596623,0.014788468573984768,0.03080285073333845
6,WI0710300,"Oshkosh, WI",theft,0.023230761582622765,0.06368771577506441,0.030855546917285176
7,WI0710300,"Oshkosh, WI",theft,0.05336929189175766,0.09353818046187702,0.030813139357279817
8,WI0710300,"Oshkosh, WI",theft,0.06714888840375174,0.10763534575407965,0.030855546917285176
9,WI0710300,"Oshkosh, WI",theft,0.044121015690036715,0.12040274593102407,0.030802850733338452
10,WI0710300,"Oshkosh, WI",theft,0.022895821795177324,0.12222710449457948,0.03081818057453387
11,WI0710300,"Oshkosh, WI",theft,0.029789499310822014,0.06889139935393428,0.030802850733338445
12,WI0710300,"Oshkosh, WI",theft,0.018948850558136773,-0.0497498058864024,0.030855546917285176
1,WIMPD0000,"Milwaukee, WI",theft,-0.042789109977786455,-0.09884392718876775,0.026262782056902603
2,WIMPD0000,"Milwaukee, WI",theft,-0.09874831863054001,-0.16316965912032588,0.026290957234618946
3,WIMPD0000,"Milwaukee, WI",theft,-0.08630062783079621,-0.1130187518283712,0.026313150168151448
4,WIMPD0000,"Milwaukee, WI",theft,-0.033476003709148536,-0.04371460512768092,0.026315685911109804
5,WIMPD0000,"Milwaukee, WI",theft,0.00180993091596623,-0.018569928425056337,0.026313150168151448
6,WIMPD0000,"Milwaukee, WI",theft,0.023230761582622765,0.013782402808848073,0.026290957234618946
7,WIMPD0000,"Milwaukee, WI",theft,0.05336929189175766,0.07453362911937977,0.0262627820569026
8,WIMPD0000,"Milwaukee, WI",theft,0.06714888840375174,0.0981990747986439,0.026290957234618946
9,WIMPD0000,"Milwaukee, WI",theft,0.044121015690036715,0.07235846557607717,0.02631315016815145
10,WIMPD0000,"Milwaukee, WI",theft,0.022895821795177324,0.06802490319706889,0.026315685911109804
11,WIMPD0000,"Milwaukee, WI",theft,0.029789499310822014,0.08354051274673825,0.026313150168151448
12,WIMPD0000,"Milwaukee, WI",theft,0.018948850558136773,0.026877883443446056,0.026290957234618946
1,WY0110100,"Cheyenne, WY",theft,-0.042789109977786455,-0.0722236051827244,0.02860820762166772
2,WY0110100,"Cheyenne, WY",theft,-0.09874831863054001,-0.12276943035294925,0.028670277172881536
3,WY0110100,"Cheyenne, WY",theft,-0.08630062783079621,-0.0955318891582654,0.02865984677950895
4,WY0110100,"Cheyenne, WY",theft,-0.033476003709148536,-0.027141313445632646,0.028678082407635634
5,WY0110100,"Cheyenne, WY",theft,0.00180993091596623,0.010435892911773442,0.028659846779508953
6,WY0110100,"Cheyenne, WY",theft,0.023230761582622765,0.028823493658252854,0.028670277172881536
7,WY0110100,"Cheyenne, WY",theft,0.05336929189175766,0.06993421609201325,0.028608207621667717
8,WY0110100,"Cheyenne, WY",theft,0.06714888840375174,0.10189790406143129,0.02867027717288154
9,WY0110100,"Cheyenne, WY",theft,0.044121015690036715,0.07694975195745857,0.028659846779508957
10,WY0110100,"Cheyenne, WY",theft,0.022895821795177324,0.029430702536343795,0.028678082407635634
11,WY0110100,"Cheyenne, WY",theft,0.029789499310822014,0.010435633379744479,0.02865984677950895
12,WY0110100,"Cheyenne, WY",theft,0.018948850558136773,-0.010241356457445987,0.028670277172881536
