month,city_id,city_label,crime_type,global_season_centered,city_season_centered,city_season_se
1,AL0011200,"Hoover, AL",violent,-0.08833770097035916,-0.04583337017250319,0.039856315547858574
2,AL0011200,"Hoover, AL",violent,-0.11919255120067358,-0.10695585000528748,0.03987201763929289
3,AL0011200,"Hoover, AL",violent,-0.08349324284739391,-0.11471422314041846,0.03989064599739731
4,AL0011200,"Hoover, AL",violent,0.0018861775344930175,-0.031086250372454587,0.039921191412547546
5,AL0011200,"Hoover, AL",violent,0.061378368913264515,0.0544356392157896,0.03989064599739732
6,AL0011200,"Hoover, AL",violent,0.0731202394301756,0.08148762641296398,0.03987201763929289
7,AL0011200,"Hoover, AL",violent,0.07742077716314569,0.09163578021069345,0.039856315547858574
8,AL0011200,"Hoover, AL",violent,0.08304573516707066,0.10284436332667722,0.03987201763929289
9,AL0011200,"Hoover, AL",violent,0.05826335062100446,0.06480032642361795,0.03989064599739732
10,AL0011200,"Hoover, AL",violent,0.009030746272720444,-0.014716159665735671,0.039921191412547546
11,AL0011200,"Hoover, AL",violent,-0.02523155287966163,-0.05032415253717937,0.03989064599739731
12,AL0011200,"Hoover, AL",violent,-0.0478903472037861,-0.031573729696163455,0.03987201763929289
1,AR0040100,"Bentonville, AR",violent,-0.08833770097035916,-0.07677808727282262,0.03794218068023088
2,AR0040100,"Bentonville, AR",violent,-0.11919255120067358,-0.11924608533006505,0.03800987617983963
3,AR0040100,"Bentonville, AR",violent,-0.08349324284739391,-0.10432969375402215,0.03796818456961544
4,AR0040100,"Bentonville, AR",violent,0.0018861775344930175,-0.0202856243074338,0.038006944846734524
5,AR0040100,"Bentonville, AR",violent,0.061378368913264515,0.048566378630745345,0.03796818456961544
6,AR0040100,"Bentonville, AR",violent,0.0731202394301756,0.057807672246294454,0.03800987617983963
7,AR0040100,"Bentonville, AR",violent,0.07742077716314569,0.06195734901104989,0.03794218068023087
8,AR0040100,"Bentonville, AR",violent,0.08304573516707066,0.09129807732336463,0.03800987617983963
9,AR0040100,"Bentonville, AR",violent,0.05826335062100446,0.09120242400909448,0.03796818456961545
10,AR0040100,"Bentonville, AR",violent,0.009030746272720444,0.03510636256920653,0.038006944846734524
11,AR0040100,"Bentonville, AR",violent,-0.02523155287966163,-0.020618370624044976,0.03796818456961544
12,AR0040100,"Bentonville, AR",violent,-0.0478903472037861,-0.044680402501366755,0.03800987617983963
1,AR0230100,"Conway, AR",violent,-0.08833770097035916,-0.0475768808869509,0.033793472242550464
2,AR0230100,"Conway, AR",violent,-0.11919255120067358,-0.101495444949645,0.03382477414225199
3,AR0230100,"Conway, AR",violent,-0.08349324284739391,-0.07831610526338999,0.03383790350478709
4,AR0230100,"Conway, AR",violent,0.0018861775344930175,0.03809523558927949,0.03381201169253197
5,AR0230100,"Conway, AR",violent,0.061378368913264515,0.10324698780447529,0.0338379035047871
6,AR0230100,"Conway, AR",violent,0.0731202394301756,0.059704294877266875,0.03382477414225199
7,AR0230100,"Conway, AR",violent,0.07742077716314569,0.023583371032965823,0.03379347224255046
8,AR0230100,"Conway, AR",violent,0.08304573516707066,0.05332251989142577,0.03382477414225199
9,AR0230100,"Conway, AR",violent,0.05826335062100446,0.05413669005915581,0.0338379035047871
10,AR0230100,"Conway, AR",violent,0.009030746272720444,-0.014101725735294404,0.03381201169253197
11,AR0230100,"Conway, AR",violent,-0.02523155287966163,-0.05507406274625605,0.03383790350478709
12,AR0230100,"Conway, AR",violent,-0.0478903472037861,-0.035524879673032715,0.03382477414225199
1,AR0600200,"Little Rock, AR",violent,-0.08833770097035916,-0.09468777601665407,0.02709083906755879
2,AR0600200,"Little Rock, AR",violent,-0.11919255120067358,-0.15447972920949565,0.02713856397603633
3,AR0600200,"Little Rock, AR",violent,-0.08349324284739391,-0.1060837404215149,0.02714232675158536
4,AR0600200,"Little Rock, AR",violent,0.0018861775344930175,0.014329500099017647,0.027155773854997844
5,AR0600200,"Little Rock, AR",violent,0.061378368913264515,0.08768397522914116,0.027142326751585365
6,AR0600200,"Little Rock, AR",violent,0.0731202394301756,0.08970168362664042,0.02713856397603633
7,AR0600200,"Little Rock, AR",violent,0.07742077716314569,0.08307733264208958,0.027090839067558787
8,AR0600200,"Little Rock, AR",violent,0.08304573516707066,0.07845835796636057,0.02713856397603633
9,AR0600200,"Little Rock, AR",violent,0.05826335062100446,0.04167281255294428,0.027142326751585365
10,AR0600200,"Little Rock, AR",violent,0.009030746272720444,-0.00271905672445318,0.027155773854997844
11,AR0600200,"Little Rock, AR",violent,-0.02523155287966163,-0.011662603986006097,0.02714232675158536
12,AR0600200,"Little Rock, AR",violent,-0.0478903472037861,-0.02529075575806975,0.02713856397603633
1,AR0600300,"North Little Rock, AR",violent,-0.08833770097035916,-0.09986886668810352,0.03127764697214621
2,AR0600300,"North Little Rock, AR",violent,-0.11919255120067358,-0.17354274838193065,0.031349133044619164
3,AR0600300,"North Little Rock, AR",violent,-0.08349324284739391,-0.10207350870391904,0.03131454675029853
4,AR0600300,"North Little Rock, AR",violent,0.0018861775344930175,0.05289391681778626,0.03133661705226884
5,AR0600300,"North Little Rock, AR",violent,0.061378368913264515,0.11358056074383302,0.03131454675029854
6,AR0600300,"North Little Rock, AR",violent,0.0731202394301756,0.08013942866654081,0.031349133044619164
7,AR0600300,"North Little Rock, AR",violent,0.07742077716314569,0.07925203304687442,0.0312776469721462
8,AR0600300,"North Little Rock, AR",violent,0.08304573516707066,0.10228849285911913,0.03134913304461917
9,AR0600300,"North Little Rock, AR",violent,0.05826335062100446,0.05143608682233663,0.03131454675029854
10,AR0600300,"North Little Rock, AR",violent,0.009030746272720444,-0.03227708317655717,0.03133661705226884
11,AR0600300,"North Little Rock, AR",violent,-0.02523155287966163,-0.04232630522102156,0.03131454675029853
12,AR0600300,"North Little Rock, AR",violent,-0.0478903472037861,-0.029502006784958353,0.031349133044619164
1,AR0660100,"Fort Smith, AR",violent,-0.08833770097035916,-0.11122324567511013,0.030320582190313326
2,AR0660100,"Fort Smith, AR",violent,-0.11919255120067358,-0.16677925253586665,0.03038159291549546
3,AR0660100,"Fort Smith, AR",violent,-0.08349324284739391,-0.11143919426931416,0.030364316502745906
4,AR0660100,"Fort Smith, AR",violent,0.0018861775344930175,0.00415213435508652,0.030373555481693796
5,AR0660100,"Fort Smith, AR",violent,0.061378368913264515,0.06884382728132764,0.03036431650274591
6,AR0660100,"Fort Smith, AR",violent,0.0731202394301756,0.07429723613667946,0.03038159291549546
7,AR0660100,"Fort Smith, AR",violent,0.07742077716314569,0.08280880287620401,0.03032058219031332
8,AR0660100,"Fort Smith, AR",violent,0.08304573516707066,0.09350282946064294,0.030381592915495463
9,AR0660100,"Fort Smith, AR",violent,0.05826335062100446,0.06657721399299657,0.030364316502745913
10,AR0660100,"Fort Smith, AR",violent,0.009030746272720444,0.024262308443819585,0.030373555481693796
11,AR0660100,"Fort Smith, AR",violent,-0.02523155287966163,0.004432595793896004,0.030364316502745906
12,AR0660100,"Fort Smith, AR",violent,-0.0478903472037861,-0.029435255860361803,0.03038159291549546
1,AR0720100,"Fayetteville, AR",violent,-0.08833770097035916,-0.12480150299582177,0.032506197389155014
2,AR0720100,"Fayetteville, AR",violent,-0.11919255120067358,-0.14639877389054706,0.03259127638974178
3,AR0720100,"Fayetteville, AR",violent,-0.08349324284739391,-0.0854335707639737,0.03252189796533552
4,AR0720100,"Fayetteville, AR",violent,0.0018861775344930175,0.014788506501319285,0.03255920544890089
5,AR0720100,"Fayetteville, AR",violent,0.061378368913264515,0.07151836623957362,0.03252189796533553
6,AR0720100,"Fayetteville, AR",violent,0.0731202394301756,0.07296965596562793,0.03259127638974178
7,AR0720100,"Fayetteville, AR",violent,0.07742077716314569,0.07084277913648342,0.03250619738915501
8,AR0720100,"Fayetteville, AR",violent,0.08304573516707066,0.08204352675078255,0.03259127638974178
9,AR0720100,"Fayetteville, AR",violent,0.05826335062100446,0.07503704748354756,0.03252189796533553
10,AR0720100,"Fayetteville, AR",violent,0.009030746272720444,0.03917021735801906,0.03255920544890089
11,AR0720100,"Fayetteville, AR",violent,-0.02523155287966163,-0.007163119099809176,0.03252189796533552
12,AR0720100,"Fayetteville, AR",violent,-0.0478903472037861,-0.06257313268520173,0.03259127638974178
1,AZ0070100,"Avondale, AZ",violent,-0.08833770097035916,-0.01747933984064452,0.034270946557533294
2,AZ0070100,"Avondale, AZ",violent,-0.11919255120067358,-0.07421278795519061,0.03424077428393505
3,AZ0070100,"Avondale, AZ",violent,-0.08349324284739391,-0.08313099539190831,0.03431038918196387
4,AZ0070100,"Avondale, AZ",violent,0.0018861775344930175,0.012327895513109664,0.03428125816398065
5,AZ0070100,"Avondale, AZ",violent,0.061378368913264515,0.08177258419949274,0.03431038918196388
6,AZ0070100,"Avondale, AZ",violent,0.0731202394301756,0.05213031906874068,0.03424077428393505
7,AZ0070100,"Avondale, AZ",violent,0.07742077716314569,0.030937857450816997,0.03427094655753329
8,AZ0070100,"Avondale, AZ",violent,0.08304573516707066,0.07341264632562183,0.03424077428393505
9,AZ0070100,"Avondale, AZ",violent,0.05826335062100446,0.06887233615216708,0.03431038918196388
10,AZ0070100,"Avondale, AZ",violent,0.009030746272720444,-0.025786413123282118,0.03428125816398065
11,AZ0070100,"Avondale, AZ",violent,-0.02523155287966163,-0.08097244256992397,0.03431038918196387
12,AZ0070100,"Avondale, AZ",violent,-0.0478903472037861,-0.03787165982899949,0.03424077428393505
1,AZ0070300,"Buckeye, AZ",violent,-0.08833770097035916,-0.06803513093962402,0.03743260178858358
2,AZ0070300,"Buckeye, AZ",violent,-0.11919255120067358,-0.10206931624407471,0.037486170064058175
3,AZ0070300,"Buckeye, AZ",violent,-0.08349324284739391,-0.07724168128788399,0.037448326907429864
4,AZ0070300,"Buckeye, AZ",violent,0.0018861775344930175,0.009308468074973753,0.03745683176870276
5,AZ0070300,"Buckeye, AZ",violent,0.061378368913264515,0.0686461401921119,0.03744832690742987
6,AZ0070300,"Buckeye, AZ",violent,0.0731202394301756,0.06017197020448667,0.037486170064058175
7,AZ0070300,"Buckeye, AZ",violent,0.07742077716314569,0.045106405483836695,0.037432601788583576
8,AZ0070300,"Buckeye, AZ",violent,0.08304573516707066,0.06057863145831009,0.037486170064058175
9,AZ0070300,"Buckeye, AZ",violent,0.05826335062100446,0.05867972195790669,0.03744832690742987
10,AZ0070300,"Buckeye, AZ",violent,0.009030746272720444,0.013620257380813568,0.03745683176870276
11,AZ0070300,"Buckeye, AZ",violent,-0.02523155287966163,-0.027155455406347322,0.037448326907429864
12,AZ0070300,"Buckeye, AZ",violent,-0.0478903472037861,-0.04161001087450936,0.037486170064058175
1,AZ0070500,"Chandler, AZ",violent,-0.08833770097035916,-0.1332776364012379,0.03237950781563
2,AZ0070500,"Chandler, AZ",violent,-0.11919255120067358,-0.13095342251013942,0.032425018280629186
3,AZ0070500,"Chandler, AZ",violent,-0.08349324284739391,-0.021830878578326045,0.03236946263878105
4,AZ0070500,"Chandler, AZ",violent,0.0018861775344930175,0.05154658663366018,0.03239179739845754
5,AZ0070500,"Chandler, AZ",violent,0.061378368913264515,0.023853711873138318,0.03236946263878106
6,AZ0070500,"Chandler, AZ",violent,0.0731202394301756,0.005799751516934319,0.032425018280629186
7,AZ0070500,"Chandler, AZ",violent,0.07742077716314569,0.06343508584756942,0.032379507815629996
8,AZ0070500,"Chandler, AZ",violent,0.08304573516707066,0.10359155039474592,0.032425018280629186
9,AZ0070500,"Chandler, AZ",violent,0.05826335062100446,0.06431155701660102,0.03236946263878106
10,AZ0070500,"Chandler, AZ",violent,0.009030746272720444,0.018295963920008276,0.03239179739845754
11,AZ0070500,"Chandler, AZ",violent,-0.02523155287966163,0.003508160242255131,0.03236946263878105
12,AZ0070500,"Chandler, AZ",violent,-0.0478903472037861,-0.048280429955209196,0.032425018280629186
1,AZ0071100,"Gilbert, AZ",violent,-0.08833770097035916,-0.03178557498188656,0.03458186850673368
2,AZ0071100,"Gilbert, AZ",violent,-0.11919255120067358,-0.06834361025734298,0.03465456643138387
3,AZ0071100,"Gilbert, AZ",violent,-0.08349324284739391,-0.08289473874698787,0.03460913929065345
4,AZ0071100,"Gilbert, AZ",violent,0.0018861775344930175,-0.020154197387651084,0.03460399634956452
5,AZ0071100,"Gilbert, AZ",violent,0.061378368913264515,0.06279563710139131,0.03460913929065346
6,AZ0071100,"Gilbert, AZ",violent,0.0731202394301756,0.07181104461124956,0.03465456643138387
7,AZ0071100,"Gilbert, AZ",violent,0.07742077716314569,0.02624416948445375,0.03458186850673368
8,AZ0071100,"Gilbert, AZ",violent,0.08304573516707066,0.01225029324282548,0.03465456643138387
9,AZ0071100,"Gilbert, AZ",violent,0.05826335062100446,0.032342827229903184,0.034609139290653464
10,AZ0071100,"Gilbert, AZ",violent,0.009030746272720444,0.025695602885083896,0.03460399634956452
11,AZ0071100,"Gilbert, AZ",violent,-0.02523155287966163,-0.006702320086873831,0.03460913929065346
12,AZ0071100,"Gilbert, AZ",violent,-0.0478903472037861,-0.02125913309416487,0.03465456643138387
1,AZ0071500,"Goodyear, AZ",violent,-0.08833770097035916,-0.06338675023472798,0.03633926292254684
2,AZ0071500,"Goodyear, AZ",violent,-0.11919255120067358,-0.08391671504846909,0.03640678603831983
3,AZ0071500,"Goodyear, AZ",violent,-0.08349324284739391,-0.05784253161852157,0.03637062657438011
4,AZ0071500,"Goodyear, AZ",violent,0.0018861775344930175,7.657989530764112e-4,0.03635624193554044
5,AZ0071500,"Goodyear, AZ",violent,0.061378368913264515,0.021413768739659694,0.036370626574380116
6,AZ0071500,"Goodyear, AZ",violent,0.0731202394301756,0.0075633485746887585,0.03640678603831983
7,AZ0071500,"Goodyear, AZ",violent,0.07742077716314569,0.03135263379546308,0.036339262922546835
8,AZ0071500,"Goodyear, AZ",violent,0.08304573516707066,0.08913802738000451,0.03640678603831983
9,AZ0071500,"Goodyear, AZ",violent,0.05826335062100446,0.0950979603893219,0.03637062657438012
10,AZ0071500,"Goodyear, AZ",violent,0.009030746272720444,0.031268317486188496,0.03635624193554044
11,AZ0071500,"Goodyear, AZ",violent,-0.02523155287966163,-0.02663508107119515,0.03637062657438011
12,AZ0071500,"Goodyear, AZ",violent,-0.0478903472037861,-0.04481877734548908,0.03640678603831982
1,AZ0072300,"Phoenix, AZ",violent,-0.08833770097035916,-0.08766956482158429,0.026022003533838826
2,AZ0072300,"Phoenix, AZ",violent,-0.11919255120067358,-0.09735552230688604,0.026040372911976334
3,AZ0072300,"Phoenix, AZ",violent,-0.08349324284739391,-0.04620226920951847,0.02606000840152238
4,AZ0072300,"Phoenix, AZ",violent,0.0018861775344930175,0.030133002907688756,0.026065970742811258
5,AZ0072300,"Phoenix, AZ",violent,0.061378368913264515,0.05747084679288658,0.026060008401522384
6,AZ0072300,"Phoenix, AZ",violent,0.0731202394301756,0.03881228241590729,0.026040372911976334
7,AZ0072300,"Phoenix, AZ",violent,0.07742077716314569,0.03905276720306039,0.026022003533838822
8,AZ0072300,"Phoenix, AZ",violent,0.08304573516707066,0.06559667326718369,0.026040372911976337
9,AZ0072300,"Phoenix, AZ",violent,0.05826335062100446,0.06306021778834003,0.026060008401522384
10,AZ0072300,"Phoenix, AZ",violent,0.009030746272720444,0.018483794710835152,0.026065970742811258
11,AZ0072300,"Phoenix, AZ",violent,-0.02523155287966163,-0.025711997753184265,0.02606000840152238
12,AZ0072300,"Phoenix, AZ",violent,-0.0478903472037861,-0.055670230994728835,0.026040372911976334
1,AZ0072500,"Scottsdale, AZ",violent,-0.08833770097035916,-0.0833739678594375,0.03297215696485452
2,AZ0072500,"Scottsdale, AZ",violent,-0.11919255120067358,-0.08195034907815302,0.03303848059909039
3,AZ0072500,"Scottsdale, AZ",violent,-0.08349324284739391,-0.05417557257271012,0.03301888220536326
4,AZ0072500,"Scottsdale, AZ",violent,0.0018861775344930175,-0.020298758527744647,0.033027904669424984
5,AZ0072500,"Scottsdale, AZ",violent,0.061378368913264515,0.013693188201623751,0.03301888220536327
6,AZ0072500,"Scottsdale, AZ",violent,0.0731202394301756,0.048780597382104954,0.03303848059909039
7,AZ0072500,"Scottsdale, AZ",violent,0.07742077716314569,0.07340274135016234,0.03297215696485451
8,AZ0072500,"Scottsdale, AZ",violent,0.08304573516707066,0.07452341428090983,0.03303848059909039
9,AZ0072500,"Scottsdale, AZ",violent,0.05826335062100446,0.05671986428474211,0.03301888220536327
10,AZ0072500,"Scottsdale, AZ",violent,0.009030746272720444,0.0302699850370198,0.033027904669424984
11,AZ0072500,"Scottsdale, AZ",violent,-0.02523155287966163,-0.006266253404380594,0.03301888220536326
12,AZ0072500,"Scottsdale, AZ",violent,-0.0478903472037861,-0.05132488909413688,0.03303848059909039
1,AZ0072900,"Tempe, AZ",violent,-0.08833770097035916,-0.07398673054178047,0.029968148755091555
2,AZ0072900,"Tempe, AZ",violent,-0.11919255120067358,-0.062279795118105774,0.030004449489622786
3,AZ0072900,"Tempe, AZ",violent,-0.08349324284739391,-0.016141835650492695,0.02998605389381932
4,AZ0072900,"Tempe, AZ",violent,0.0018861775344930175,0.023921092113308687,0.02998491113620188
5,AZ0072900,"Tempe, AZ",violent,0.061378368913264515,0.03548393287909416,0.029986053893819323
6,AZ0072900,"Tempe, AZ",violent,0.0731202394301756,0.034719899355964444,0.030004449489622786
7,AZ0072900,"Tempe, AZ",violent,0.07742077716314569,0.03787118630981777,0.029968148755091552
8,AZ0072900,"Tempe, AZ",violent,0.08304573516707066,0.038041149052146755,0.030004449489622786
9,AZ0072900,"Tempe, AZ",violent,0.05826335062100446,0.028018733816496347,0.029986053893819323
10,AZ0072900,"Tempe, AZ",violent,0.009030746272720444,0.012194452118654001,0.02998491113620188
11,AZ0072900,"Tempe, AZ",violent,-0.02523155287966163,-0.01124528681313516,0.02998605389381932
12,AZ0072900,"Tempe, AZ",violent,-0.0478903472037861,-0.04659679752196808,0.030004449489622786
1,AZ0100000,"Pima, AZ",violent,-0.08833770097035916,-0.062238467518533576,0.03068431188599781
2,AZ0100000,"Pima, AZ",violent,-0.11919255120067358,-0.06457044414949305,0.03071876193993537
3,AZ0100000,"Pima, AZ",violent,-0.08349324284739391,-0.029133694024818062,0.030715416366302744
4,AZ0100000,"Pima, AZ",violent,0.0018861775344930175,0.04186576673154167,0.030726028176238335
5,AZ0100000,"Pima, AZ",violent,0.061378368913264515,0.07599124482670105,0.03071541636630275
6,AZ0100000,"Pima, AZ",violent,0.0731202394301756,0.049572105896077565,0.03071876193993537
7,AZ0100000,"Pima, AZ",violent,0.07742077716314569,0.028288737885145843,0.030684311885997805
8,AZ0100000,"Pima, AZ",violent,0.08304573516707066,0.044797205629741335,0.03071876193993537
9,AZ0100000,"Pima, AZ",violent,0.05826335062100446,0.04331018513845409,0.03071541636630275
10,AZ0100000,"Pima, AZ",violent,0.009030746272720444,-0.007916037098153946,0.030726028176238335
11,AZ0100000,"Pima, AZ",violent,-0.02523155287966163,-0.05621800630694936,0.030715416366302744
12,AZ0100000,"Pima, AZ",violent,-0.0478903472037861,-0.0637485970097136,0.03071876193993537
1,AZ0100300,"Tucson, AZ",violent,-0.08833770097035916,-0.06554573691079872,0.027005287264460245
2,AZ0100300,"Tucson, AZ",violent,-0.11919255120067358,-0.07428551966392902,0.027050987657064526
3,AZ0100300,"Tucson, AZ",violent,-0.08349324284739391,-0.033764431778648574,0.027071962389385983
4,AZ0100300,"Tucson, AZ",violent,0.0018861775344930175,0.04033258731660483,0.027081936608824908
5,AZ0100300,"Tucson, AZ",violent,0.061378368913264515,0.07644113231769462,0.02707196238938599
6,AZ0100300,"Tucson, AZ",violent,0.0731202394301756,0.0624894564187034,0.027050987657064526
7,AZ0100300,"Tucson, AZ",violent,0.07742077716314569,0.051751333044723395,0.02700528726446024
8,AZ0100300,"Tucson, AZ",violent,0.08304573516707066,0.05454962726009681,0.027050987657064526
9,AZ0100300,"Tucson, AZ",violent,0.05826335062100446,0.027822943240891688,0.02707196238938599
10,AZ0100300,"Tucson, AZ",violent,0.009030746272720444,-0.026538183450529513,0.027081936608824908
11,AZ0100300,"Tucson, AZ",violent,-0.02523155287966163,-0.056705239913862414,0.027071962389385987
12,AZ0100300,"Tucson, AZ",violent,-0.0478903472037861,-0.05654796788094649,0.027050987657064526
1,AZ0100900,"Marana, AZ",violent,-0.08833770097035916,-0.08648620344730111,0.04147720575507737
2,AZ0100900,"Marana, AZ",violent,-0.11919255120067358,-0.09465414766078331,0.041508218813948436
3,AZ0100900,"Marana, AZ",violent,-0.08349324284739391,-0.058047035733987784,0.041493893590634705
4,AZ0100900,"Marana, AZ",violent,0.0018861775344930175,0.00960854991044867,0.04152433618245042
5,AZ0100900,"Marana, AZ",violent,0.061378368913264515,0.06468782020194391,0.04149389359063471
6,AZ0100900,"Marana, AZ",violent,0.0731202394301756,0.08586097278324173,0.041508218813948436
7,AZ0100900,"Marana, AZ",violent,0.07742077716314569,0.08354036650235075,0.04147720575507737
8,AZ0100900,"Marana, AZ",violent,0.08304573516707066,0.06599741345839959,0.04150821881394844
9,AZ0100900,"Marana, AZ",violent,0.05826335062100446,0.03233613847655442,0.04149389359063471
10,AZ0100900,"Marana, AZ",violent,0.009030746272720444,-0.006662712965498327,0.04152433618245042
11,AZ0100900,"Marana, AZ",violent,-0.02523155287966163,-0.03603108599956023,0.041493893590634705
12,AZ0100900,"Marana, AZ",violent,-0.0478903472037861,-0.06015007552580831,0.041508218813948436
1,AZ0110000,"Pinal, AZ",violent,-0.08833770097035916,-0.1135183820145463,0.035312230849728794
2,AZ0110000,"Pinal, AZ",violent,-0.11919255120067358,-0.07381397699917075,0.03537705914026475
3,AZ0110000,"Pinal, AZ",violent,-0.08349324284739391,-0.009853528776163927,0.035341402342393385
4,AZ0110000,"Pinal, AZ",violent,0.0018861775344930175,0.035526365613554774,0.03534540966334114
5,AZ0110000,"Pinal, AZ",violent,0.061378368913264515,0.05205278878974082,0.03534140234239339
6,AZ0110000,"Pinal, AZ",violent,0.0731202394301756,0.057816085594010067,0.03537705914026475
7,AZ0110000,"Pinal, AZ",violent,0.07742077716314569,0.06424195918462132,0.03531223084972879
8,AZ0110000,"Pinal, AZ",violent,0.08304573516707066,0.06512643790023195,0.03537705914026475
9,AZ0110000,"Pinal, AZ",violent,0.05826335062100446,0.050442412507150106,0.03534140234239339
10,AZ0110000,"Pinal, AZ",violent,0.009030746272720444,0.01375005721637019,0.03534540966334114
11,AZ0110000,"Pinal, AZ",violent,-0.02523155287966163,-0.043365249690802035,0.035341402342393385
12,AZ0110000,"Pinal, AZ",violent,-0.0478903472037861,-0.0984049693249962,0.03537705914026475
1,AZ0110100,"Casa Grande, AZ",violent,-0.08833770097035916,-0.11626193158011063,0.03442199184687184
2,AZ0110100,"Casa Grande, AZ",violent,-0.11919255120067358,-0.11246401174389525,0.03446798698387026
3,AZ0110100,"Casa Grande, AZ",violent,-0.08349324284739391,-0.03322659523006498,0.03441597089863614
4,AZ0110100,"Casa Grande, AZ",violent,0.0018861775344930175,0.029301509791828557,0.0344285026145728
5,AZ0110100,"Casa Grande, AZ",violent,0.061378368913264515,0.01613531105638112,0.03441597089863615
6,AZ0110100,"Casa Grande, AZ",violent,0.0731202394301756,0.0011887008929838822,0.03446798698387026
7,AZ0110100,"Casa Grande, AZ",violent,0.07742077716314569,0.05323538076337531,0.034421991846871836
8,AZ0110100,"Casa Grande, AZ",violent,0.08304573516707066,0.11101278352855858,0.03446798698387027
9,AZ0110100,"Casa Grande, AZ",violent,0.05826335062100446,0.0948019178314636,0.03441597089863615
10,AZ0110100,"Casa Grande, AZ",violent,0.009030746272720444,0.033725041024906734,0.0344285026145728
11,AZ0110100,"Casa Grande, AZ",violent,-0.02523155287966163,-0.014684082841044492,0.03441597089863614
12,AZ0110100,"Casa Grande, AZ",violent,-0.0478903472037861,-0.06276402349438244,0.03446798698387026
1,AZ0111700,"Maricopa, AZ",violent,-0.08833770097035916,-0.06018206296072658,0.03838931572755354
2,AZ0111700,"Maricopa, AZ",violent,-0.11919255120067358,-0.10416292277309169,0.03839741551350821
3,AZ0111700,"Maricopa, AZ",violent,-0.08349324284739391,-0.0762674220988518,0.03835549135947106
4,AZ0111700,"Maricopa, AZ",violent,0.0018861775344930175,0.03414360135659795,0.038378021778697154
5,AZ0111700,"Maricopa, AZ",violent,0.061378368913264515,0.09553412523630615,0.03835549135947107
6,AZ0111700,"Maricopa, AZ",violent,0.0731202394301756,0.0534897099978526,0.03839741551350821
7,AZ0111700,"Maricopa, AZ",violent,0.07742077716314569,0.017133360254450832,0.03838931572755353
8,AZ0111700,"Maricopa, AZ",violent,0.08304573516707066,0.049928547595978555,0.03839741551350821
9,AZ0111700,"Maricopa, AZ",violent,0.05826335062100446,0.06508174962801443,0.03835549135947107
10,AZ0111700,"Maricopa, AZ",violent,0.009030746272720444,0.008905101349677827,0.038378021778697154
11,AZ0111700,"Maricopa, AZ",violent,-0.02523155287966163,-0.04129975005919303,0.03835549135947106
12,AZ0111700,"Maricopa, AZ",violent,-0.0478903472037861,-0.04230403752701523,0.03839741551350821
1,AZ0130000,"Yavapai, AZ",violent,-0.08833770097035916,-0.07329015185157606,0.03569465231832769
2,AZ0130000,"Yavapai, AZ",violent,-0.11919255120067358,-0.10332371023180058,0.03572652605892994
3,AZ0130000,"Yavapai, AZ",violent,-0.08349324284739391,-0.08297334294931413,0.03574375358366234
4,AZ0130000,"Yavapai, AZ",violent,0.0018861775344930175,-0.016892236703365357,0.035758697069228886
5,AZ0130000,"Yavapai, AZ",violent,0.061378368913264515,0.04443252632786773,0.035743753583662344
6,AZ0130000,"Yavapai, AZ",violent,0.0731202394301756,0.07761615086506672,0.03572652605892994
7,AZ0130000,"Yavapai, AZ",violent,0.07742077716314569,0.09313199808679737,0.035694652318327684
8,AZ0130000,"Yavapai, AZ",violent,0.08304573516707066,0.08651286402910632,0.03572652605892993
9,AZ0130000,"Yavapai, AZ",violent,0.05826335062100446,0.046320650511398574,0.035743753583662344
10,AZ0130000,"Yavapai, AZ",violent,0.009030746272720444,-0.0029496095318559596,0.035758697069228886
11,AZ0130000,"Yavapai, AZ",violent,-0.02523155287966163,-0.02762168012517351,0.03574375358366234
12,AZ0130000,"Yavapai, AZ",violent,-0.0478903472037861,-0.04096345842715112,0.03572652605892993
1,AZ0131100,"Prescott Valley, AZ",violent,-0.08833770097035916,-0.045342362787786986,0.038799793220976105
2,AZ0131100,"Prescott Valley, AZ",violent,-0.11919255120067358,-0.12021462202258076,0.03884816941932383
3,AZ0131100,"Prescott Valley, AZ",violent,-0.08349324284739391,-0.10184505264334165,0.0388358078301741
4,AZ0131100,"Prescott Valley, AZ",violent,0.0018861775344930175,-0.015359811247757933,0.038860974279441955
5,AZ0131100,"Prescott Valley, AZ",violent,0.061378368913264515,0.027198166060424224,0.03883580783017411
6,AZ0131100,"Prescott Valley, AZ",violent,0.0731202394301756,0.027575228808664386,0.03884816941932383
7,AZ0131100,"Prescott Valley, AZ",violent,0.07742077716314569,0.06155212423512746,0.0387997932209761
8,AZ0131100,"Prescott Valley, AZ",violent,0.08304573516707066,0.10094186099127486,0.038848169419323834
9,AZ0131100,"Prescott Valley, AZ",violent,0.05826335062100446,0.06636253016469527,0.03883580783017411
10,AZ0131100,"Prescott Valley, AZ",violent,0.009030746272720444,-8.49950199582554e-4,0.038860974279441955
11,AZ0131100,"Prescott Valley, AZ",violent,-0.02523155287966163,-0.007925405029118359,0.0388358078301741
12,AZ0131100,"Prescott Valley, AZ",violent,-0.0478903472037861,0.007907293669982026,0.03884816941932383
1,AZ0140500,"Yuma, AZ",violent,-0.08833770097035916,-0.016866267136510352,0.03286775062202244
2,AZ0140500,"Yuma, AZ",violent,-0.11919255120067358,-0.07090824696495412,0.03286150132288682
3,AZ0140500,"Yuma, AZ",violent,-0.08349324284739391,-0.0887088353387026,0.03286855775670303
4,AZ0140500,"Yuma, AZ",violent,0.0018861775344930175,0.005969918908975491,0.0328480890715638
5,AZ0140500,"Yuma, AZ",violent,0.061378368913264515,0.07663705756810223,0.03286855775670303
6,AZ0140500,"Yuma, AZ",violent,0.0731202394301756,0.026791432323420506,0.03286150132288682
7,AZ0140500,"Yuma, AZ",violent,0.07742077716314569,-0.013918602631322167,0.032867750622022435
8,AZ0140500,"Yuma, AZ",violent,0.08304573516707066,0.05424916366118856,0.03286150132288682
9,AZ0140500,"Yuma, AZ",violent,0.05826335062100446,0.1028346218027696,0.03286855775670303
10,AZ0140500,"Yuma, AZ",violent,0.009030746272720444,0.024814950858857075,0.0328480890715638
11,AZ0140500,"Yuma, AZ",violent,-0.02523155287966163,-0.059977974264336674,0.03286855775670303
12,AZ0140500,"Yuma, AZ",violent,-0.0478903472037861,-0.04091721878748754,0.03286150132288682
1,CA0010000,"Alameda, CA",violent,-0.08833770097035916,-0.03529752076844695,0.031006890646223282
2,CA0010000,"Alameda, CA",violent,-0.11919255120067358,-0.11457851076363122,0.03105402090673746
3,CA0010000,"Alameda, CA",violent,-0.08349324284739391,-0.10030055416593459,0.031050840108388156
4,CA0010000,"Alameda, CA",violent,0.0018861775344930175,-0.007532143203339473,0.0310606445811448
5,CA0010000,"Alameda, CA",violent,0.061378368913264515,0.0351221197881226,0.031050840108388163
6,CA0010000,"Alameda, CA",violent,0.0731202394301756,0.017299455499157176,0.03105402090673746
7,CA0010000,"Alameda, CA",violent,0.07742077716314569,0.03679746646438728,0.031006890646223275
8,CA0010000,"Alameda, CA",violent,0.08304573516707066,0.08677626214964265,0.03105402090673746
9,CA0010000,"Alameda, CA",violent,0.05826335062100446,0.07099835985600568,0.031050840108388163
10,CA0010000,"Alameda, CA",violent,0.009030746272720444,0.006032197507399133,0.0310606445811448
11,CA0010000,"Alameda, CA",violent,-0.02523155287966163,-0.007319871174134055,0.031050840108388156
12,CA0010000,"Alameda, CA",violent,-0.0478903472037861,0.012002738810771749,0.03105402090673746
1,CA0010100,"Alameda, CA",violent,-0.08833770097035916,-0.04267448496561157,0.03584000650763965
2,CA0010100,"Alameda, CA",violent,-0.11919255120067358,-0.12828645952997128,0.035873268581112325
3,CA0010100,"Alameda, CA",violent,-0.08349324284739391,-0.11741889576932994,0.035910003197919385
4,CA0010100,"Alameda, CA",violent,0.0018861775344930175,-0.009870583958616634,0.0358752190235539
5,CA0010100,"Alameda, CA",violent,0.061378368913264515,0.06353186934389146,0.03591000319791939
6,CA0010100,"Alameda, CA",violent,0.0731202394301756,0.05920097093876835,0.035873268581112325
7,CA0010100,"Alameda, CA",violent,0.07742077716314569,0.05499169323207664,0.035840006507639646
8,CA0010100,"Alameda, CA",violent,0.08304573516707066,0.07144286277136871,0.035873268581112325
9,CA0010100,"Alameda, CA",violent,0.05826335062100446,0.04825809074426233,0.03591000319791939
10,CA0010100,"Alameda, CA",violent,0.009030746272720444,-0.00244662430784843,0.0358752190235539
11,CA0010100,"Alameda, CA",violent,-0.02523155287966163,-0.006688272585288934,0.035910003197919385
12,CA0010100,"Alameda, CA",violent,-0.0478903472037861,0.009959834086299291,0.035873268581112325
1,CA0010300,"Berkeley, CA",violent,-0.08833770097035916,-0.059098157823521645,0.03124204675384805
2,CA0010300,"Berkeley, CA",violent,-0.11919255120067358,-0.0779817147212328,0.031334667776793786
3,CA0010300,"Berkeley, CA",violent,-0.08349324284739391,-0.07471750620482513,0.03132675593489806
4,CA0010300,"Berkeley, CA",violent,0.0018861775344930175,-0.03391541020729063,0.03132554353246669
5,CA0010300,"Berkeley, CA",violent,0.061378368913264515,0.008078941492241039,0.031326755934898066
6,CA0010300,"Berkeley, CA",violent,0.0731202394301756,0.03132865588673697,0.031334667776793786
7,CA0010300,"Berkeley, CA",violent,0.07742077716314569,0.061659457030877135,0.031242046753848045
8,CA0010300,"Berkeley, CA",violent,0.08304573516707066,0.0986912710581901,0.031334667776793786
9,CA0010300,"Berkeley, CA",violent,0.05826335062100446,0.09286576333442698,0.031326755934898066
10,CA0010300,"Berkeley, CA",violent,0.009030746272720444,0.03135411099993514,0.03132554353246669
11,CA0010300,"Berkeley, CA",violent,-0.02523155287966163,-0.02878849782919838,0.03132675593489806
12,CA0010300,"Berkeley, CA",violent,-0.0478903472037861,-0.049476913016338775,0.031334667776793786
1,CA0010600,"Hayward, CA",violent,-0.08833770097035916,-0.025518834867526315,0.031285144674224843
2,CA0010600,"Hayward, CA",violent,-0.11919255120067358,-0.08066897186136572,0.03136312454567281
3,CA0010600,"Hayward, CA",violent,-0.08349324284739391,-0.06928369272314419,0.03135029937693287
4,CA0010600,"Hayward, CA",violent,0.0018861775344930175,4.566070971977241e-4,0.03134718535218845
5,CA0010600,"Hayward, CA",violent,0.061378368913264515,0.027162967318970683,0.03135029937693288
6,CA0010600,"Hayward, CA",violent,0.0731202394301756,0.01148948789212645,0.03136312454567281
7,CA0010600,"Hayward, CA",violent,0.07742077716314569,0.03832933006365556,0.031285144674224843
8,CA0010600,"Hayward, CA",violent,0.08304573516707066,0.0879917655177258,0.03136312454567281
9,CA0010600,"Hayward, CA",violent,0.05826335062100446,0.06379599118337505,0.03135029937693288
10,CA0010600,"Hayward, CA",violent,0.009030746272720444,-0.013267102293326977,0.03134718535218845
11,CA0010600,"Hayward, CA",violent,-0.02523155287966163,-0.03448576097533079,0.03135029937693287
12,CA0010600,"Hayward, CA",violent,-0.0478903472037861,-0.006001786352357289,0.03136312454567281
1,CA0011100,"Pleasanton, CA",violent,-0.08833770097035916,-0.08299615599607095,0.03937464989407511
2,CA0011100,"Pleasanton, CA",violent,-0.11919255120067358,-0.10565096033060768,0.039446661906045864
3,CA0011100,"Pleasanton, CA",violent,-0.08349324284739391,-0.07438917363326338,0.03941498192958619
4,CA0011100,"Pleasanton, CA",violent,0.0018861775344930175,-0.0019028971096622784,0.039447017784355755
5,CA0011100,"Pleasanton, CA",violent,0.061378368913264515,0.05585544116742309,0.039414981929586194
6,CA0011100,"Pleasanton, CA",violent,0.0731202394301756,0.07907889459202373,0.039446661906045864
7,CA0011100,"Pleasanton, CA",violent,0.07742077716314569,0.08770486284809766,0.03937464989407511
8,CA0011100,"Pleasanton, CA",violent,0.08304573516707066,0.08202916488913824,0.039446661906045864
9,CA0011100,"Pleasanton, CA",violent,0.05826335062100446,0.046058671339767224,0.039414981929586194
10,CA0011100,"Pleasanton, CA",violent,0.009030746272720444,-0.0028058097423644466,0.039447017784355755
11,CA0011100,"Pleasanton, CA",violent,-0.02523155287966163,-0.03223364572595368,0.03941498192958619
12,CA0011100,"Pleasanton, CA",violent,-0.0478903472037861,-0.05074839229852753,0.039446661906045864
1,CA0070100,"Antioch, CA",violent,-0.08833770097035916,-0.11833868000444206,0.03109836091118344
2,CA0070100,"Antioch, CA",violent,-0.11919255120067358,-0.147784826476688,0.03114366728180724
3,CA0070100,"Antioch, CA",violent,-0.08349324284739391,-0.10929387310519727,0.031100669304022718
4,CA0070100,"Antioch, CA",violent,0.0018861775344930175,-0.017237949890320254,0.031132465657406586
5,CA0070100,"Antioch, CA",violent,0.061378368913264515,0.06567725859581752,0.03110066930402272
6,CA0070100,"Antioch, CA",violent,0.0731202394301756,0.08267302982565518,0.03114366728180724
7,CA0070100,"Antioch, CA",violent,0.07742077716314569,0.05265606945689548,0.031098360911183436
8,CA0070100,"Antioch, CA",violent,0.08304573516707066,0.042272561200308555,0.03114366728180724
9,CA0070100,"Antioch, CA",violent,0.05826335062100446,0.06946421837636438,0.031100669304022725
10,CA0070100,"Antioch, CA",violent,0.009030746272720444,0.08292056043786683,0.031132465657406586
11,CA0070100,"Antioch, CA",violent,-0.02523155287966163,0.03983500668056188,0.031100669304022718
12,CA0070100,"Antioch, CA",violent,-0.0478903472037861,-0.04284337509682224,0.03114366728180724
1,CA0070200,"Brentwood, CA",violent,-0.08833770097035916,-0.04235212232469772,0.037321598858511704
2,CA0070200,"Brentwood, CA",violent,-0.11919255120067358,-0.10423523284048103,0.03735179508704646
3,CA0070200,"Brentwood, CA",violent,-0.08349324284739391,-0.10809619726903351,0.037343717368516716
4,CA0070200,"Brentwood, CA",violent,0.0018861775344930175,-0.022178485046513836,0.037351165585618476
5,CA0070200,"Brentwood, CA",violent,0.061378368913264515,0.057014923988397026,0.03734371736851672
6,CA0070200,"Brentwood, CA",violent,0.0731202394301756,0.06056238772943815,0.03735179508704646
7,CA0070200,"Brentwood, CA",violent,0.07742077716314569,0.04356937508555997,0.0373215988585117
8,CA0070200,"Brentwood, CA",violent,0.08304573516707066,0.057845436747848325,0.03735179508704646
9,CA0070200,"Brentwood, CA",violent,0.05826335062100446,0.06048914841553857,0.03734371736851673
10,CA0070200,"Brentwood, CA",violent,0.009030746272720444,0.020961232285651596,0.037351165585618476
11,CA0070200,"Brentwood, CA",violent,-0.02523155287966163,-0.01062512789576436,0.037343717368516716
12,CA0070200,"Brentwood, CA",violent,-0.0478903472037861,-0.0129553388759432,0.03735179508704646
1,CA0070400,"Concord, CA",violent,-0.08833770097035916,-0.039621190203618435,0.031915781213568965
2,CA0070400,"Concord, CA",violent,-0.11919255120067358,-0.07493310789297214,0.031930267384618904
3,CA0070400,"Concord, CA",violent,-0.08349324284739391,-0.06491711783209164,0.03198141065724301
4,CA0070400,"Concord, CA",violent,0.0018861775344930175,0.0010444798809597182,0.03196877940095
5,CA0070400,"Concord, CA",violent,0.061378368913264515,0.04736963719534874,0.03198141065724302
6,CA0070400,"Concord, CA",violent,0.0731202394301756,0.0532400193103004,0.031930267384618904
7,CA0070400,"Concord, CA",violent,0.07742077716314569,0.06909728414509617,0.031915781213568965
8,CA0070400,"Concord, CA",violent,0.08304573516707066,0.08830903751530858,0.031930267384618904
9,CA0070400,"Concord, CA",violent,0.05826335062100446,0.04881695351295039,0.03198141065724302
10,CA0070400,"Concord, CA",violent,0.009030746272720444,-0.03052057382243745,0.03196877940095
11,CA0070400,"Concord, CA",violent,-0.02523155287966163,-0.060745566817685226,0.03198141065724301
12,CA0070400,"Concord, CA",violent,-0.0478903472037861,-0.03713985499115913,0.031930267384618904
1,CA0071000,"Richmond, CA",violent,-0.08833770097035916,-0.043469445613868805,0.02936278915538325
2,CA0071000,"Richmond, CA",violent,-0.11919255120067358,-0.09107225165164516,0.029413516777946732
3,CA0071000,"Richmond, CA",violent,-0.08349324284739391,-0.07313866021294421,0.029401988311194005
4,CA0071000,"Richmond, CA",violent,0.0018861775344930175,-9.26553926432416e-4,0.029432455683972927
5,CA0071000,"Richmond, CA",violent,0.061378368913264515,0.044149486912076104,0.02940198831119401
6,CA0071000,"Richmond, CA",violent,0.0731202394301756,0.04587194612683834,0.029413516777946732
7,CA0071000,"Richmond, CA",violent,0.07742077716314569,0.0520953705256557,0.029362789155383248
8,CA0071000,"Richmond, CA",violent,0.08304573516707066,0.06213431835293036,0.029413516777946732
9,CA0071000,"Richmond, CA",violent,0.05826335062100446,0.0355748020024425,0.029401988311194012
10,CA0071000,"Richmond, CA",violent,0.009030746272720444,-0.007699370985354495,0.029432455683972927
11,CA0071000,"Richmond, CA",violent,-0.02523155287966163,-0.015211553613361324,0.02940198831119401
12,CA0071000,"Richmond, CA",violent,-0.0478903472037861,-0.00830808791633662,0.029413516777946732
1,CA0071200,"Walnut Creek, CA",violent,-0.08833770097035916,-0.05412792185673456,0.03800873955885864
2,CA0071200,"Walnut Creek, CA",violent,-0.11919255120067358,-0.10091792573727665,0.03801277531651671
3,CA0071200,"Walnut Creek, CA",violent,-0.08349324284739391,-0.10037416174858135,0.03804125582892455
4,CA0071200,"Walnut Creek, CA",violent,0.0018861775344930175,0.0019228286718961838,0.03803500038031691
5,CA0071200,"Walnut Creek, CA",violent,0.061378368913264515,0.09377758844109538,0.03804125582892456
6,CA0071200,"Walnut Creek, CA",violent,0.0731202394301756,0.08859811736387985,0.03801277531651671
7,CA0071200,"Walnut Creek, CA",violent,0.07742077716314569,0.06219143073971931,0.03800873955885864
8,CA0071200,"Walnut Creek, CA",violent,0.08304573516707066,0.08066132132355025,0.03801277531651671
9,CA0071200,"Walnut Creek, CA",violent,0.05826335062100446,0.07205404845187023,0.03804125582892456
10,CA0071200,"Walnut Creek, CA",violent,0.009030746272720444,-0.009986337554880913,0.03803500038031691
11,CA0071200,"Walnut Creek, CA",violent,-0.02523155287966163,-0.07352098402736902,0.03804125582892455
12,CA0071200,"Walnut Creek, CA",violent,-0.0478903472037861,-0.06027800406716873,0.03801277531651671
1,CA0090000,"El Dorado, CA",violent,-0.08833770097035916,-0.11509003349577762,0.035273379051277635
2,CA0090000,"El Dorado, CA",violent,-0.11919255120067358,-0.11208298593433566,0.03540347883378495
3,CA0090000,"El Dorado, CA",violent,-0.08349324284739391,-0.06882200914980555,0.035309396408453556
4,CA0090000,"El Dorado, CA",violent,0.0018861775344930175,-0.009003061472203871,0.035375843971126884
5,CA0090000,"El Dorado, CA",violent,0.061378368913264515,0.05135081610343462,0.03530939640845356
6,CA0090000,"El Dorado, CA",violent,0.0731202394301756,0.08963286647036976,0.03540347883378495
7,CA0090000,"El Dorado, CA",violent,0.07742077716314569,0.0872360969170493,0.03527337905127763
8,CA0090000,"El Dorado, CA",violent,0.08304573516707066,0.06143295264320527,0.03540347883378495
9,CA0090000,"El Dorado, CA",violent,0.05826335062100446,0.04602591243740348,0.03530939640845356
10,CA0090000,"El Dorado, CA",violent,0.009030746272720444,0.036856998050932184,0.035375843971126884
11,CA0090000,"El Dorado, CA",violent,-0.02523155287966163,-7.007828123042803e-4,0.035309396408453556
12,CA0090000,"El Dorado, CA",violent,-0.0478903472037861,-0.06683676975796762,0.03540347883378495
1,CA0100100,"Clovis, CA",violent,-0.08833770097035916,-0.08331743133585984,0.035091757624972825
2,CA0100100,"Clovis, CA",violent,-0.11919255120067358,-0.08098318255920997,0.03514690198242833
3,CA0100100,"Clovis, CA",violent,-0.08349324284739391,-0.04393485368215956,0.035158654999290065
4,CA0100100,"Clovis, CA",violent,0.0018861775344930175,0.012213911402709953,0.035160042461538615
5,CA0100100,"Clovis, CA",violent,0.061378368913264515,0.051238158152951276,0.035158654999290065
6,CA0100100,"Clovis, CA",violent,0.0731202394301756,0.0691630096524615,0.03514690198242833
7,CA0100100,"Clovis, CA",violent,0.07742077716314569,0.08320256360413938,0.035091757624972825
8,CA0100100,"Clovis, CA",violent,0.08304573516707066,0.08315533888656745,0.03514690198242833
9,CA0100100,"Clovis, CA",violent,0.05826335062100446,0.046221877741237524,0.035158654999290065
10,CA0100100,"Clovis, CA",violent,0.009030746272720444,-0.012099043670989502,0.035160042461538615
11,CA0100100,"Clovis, CA",violent,-0.02523155287966163,-0.05341031448030881,0.035158654999290065
12,CA0100100,"Clovis, CA",violent,-0.0478903472037861,-0.07145003371153942,0.03514690198242833
1,CA0100500,"Fresno, CA",violent,-0.08833770097035916,-0.08061194314996517,0.02697073089160096
2,CA0100500,"Fresno, CA",violent,-0.11919255120067358,-0.10404247233798969,0.026997904871261327
3,CA0100500,"Fresno, CA",violent,-0.08349324284739391,-0.07209353328850956,0.02702078869449966
4,CA0100500,"Fresno, CA",violent,0.0018861775344930175,0.021534615932274077,0.027031354065840157
5,CA0100500,"Fresno, CA",violent,0.061378368913264515,0.0891819719004152,0.027020788694499663
6,CA0100500,"Fresno, CA",violent,0.0731202394301756,0.09153436600311635,0.026997904871261327
7,CA0100500,"Fresno, CA",violent,0.07742077716314569,0.0832431310999677,0.026970730891600958
8,CA0100500,"Fresno, CA",violent,0.08304573516707066,0.08675492946672572,0.026997904871261327
9,CA0100500,"Fresno, CA",violent,0.05826335062100446,0.05217480246724307,0.027020788694499667
10,CA0100500,"Fresno, CA",violent,0.009030746272720444,-0.024165803882276606,0.027031354065840157
11,CA0100500,"Fresno, CA",violent,-0.02523155287966163,-0.07189442902915125,0.027020788694499663
12,CA0100500,"Fresno, CA",violent,-0.0478903472037861,-0.07161563518184985,0.026997904871261327
1,CA0150200,"Bakersfield, CA",violent,-0.08833770097035916,-0.09248503155711695,0.02785130095961726
2,CA0150200,"Bakersfield, CA",violent,-0.11919255120067358,-0.15021980628618004,0.027876465797851985
3,CA0150200,"Bakersfield, CA",violent,-0.08349324284739391,-0.0989057424380349,0.027896017393660898
4,CA0150200,"Bakersfield, CA",violent,0.0018861775344930175,0.018354441399713085,0.027900505021692106
5,CA0150200,"Bakersfield, CA",violent,0.061378368913264515,0.07656119342722133,0.0278960173936609
6,CA0150200,"Bakersfield, CA",violent,0.0731202394301756,0.07186415723204491,0.027876465797851985
7,CA0150200,"Bakersfield, CA",violent,0.07742077716314569,0.08443949136968963,0.027851300959617256
8,CA0150200,"Bakersfield, CA",violent,0.08304573516707066,0.10211642152182472,0.027876465797851985
9,CA0150200,"Bakersfield, CA",violent,0.05826335062100446,0.05884789786110689,0.0278960173936609
10,CA0150200,"Bakersfield, CA",violent,0.009030746272720444,-0.010308901212285783,0.027900505021692106
11,CA0150200,"Bakersfield, CA",violent,-0.02523155287966163,-0.028457808662866048,0.027896017393660898
12,CA0150200,"Bakersfield, CA",violent,-0.0478903472037861,-0.03180631265511685,0.027876465797851985
1,CA0190000,"Los Angeles, CA",violent,-0.08833770097035916,-0.07407063772542709,0.025966932961665728
2,CA0190000,"Los Angeles, CA",violent,-0.11919255120067358,-0.08980517632688152,0.025990250972205423
3,CA0190000,"Los Angeles, CA",violent,-0.08349324284739391,-0.052777637743356316,0.026010542517207684
4,CA0190000,"Los Angeles, CA",violent,0.0018861775344930175,0.0035785049902002093,0.026014139591317667
5,CA0190000,"Los Angeles, CA",violent,0.061378368913264515,0.031204835018754238,0.026010542517207687
6,CA0190000,"Los Angeles, CA",violent,0.0731202394301756,0.04141843476821283,0.025990250972205423
7,CA0190000,"Los Angeles, CA",violent,0.07742077716314569,0.06351251482564844,0.025966932961665724
8,CA0190000,"Los Angeles, CA",violent,0.08304573516707066,0.07671199023286616,0.025990250972205423
9,CA0190000,"Los Angeles, CA",violent,0.05826335062100446,0.05024257454911961,0.02601054251720769
10,CA0190000,"Los Angeles, CA",violent,0.009030746272720444,0.0069796179095784235,0.026014139591317667
11,CA0190000,"Los Angeles, CA",violent,-0.02523155287966163,-0.018111648924738915,0.026010542517207684
12,CA0190000,"Los Angeles, CA",violent,-0.0478903472037861,-0.038883371573976075,0.025990250972205423
1,CA0190100,"Alhambra, CA",violent,-0.08833770097035916,-0.029955138949910944,0.037223202305179864
2,CA0190100,"Alhambra, CA",violent,-0.11919255120067358,-0.06991873027074502,0.0372527515572039
3,CA0190100,"Alhambra, CA",violent,-0.08349324284739391,-0.05285251218571505,0.03722322374371697
4,CA0190100,"Alhambra, CA",violent,0.0018861775344930175,0.008842124267291265,0.03721570157066314
5,CA0190100,"Alhambra, CA",violent,0.061378368913264515,0.032666136405140614,0.03722322374371697
6,CA0190100,"Alhambra, CA",violent,0.0731202394301756,0.018159539405091223,0.0372527515572039
7,CA0190100,"Alhambra, CA",violent,0.07742077716314569,0.0323836210508009,0.03722320230517986
8,CA0190100,"Alhambra, CA",violent,0.08304573516707066,0.06471452402060165,0.0372527515572039
9,CA0190100,"Alhambra, CA",violent,0.05826335062100446,0.045219823834681774,0.03722322374371697
10,CA0190100,"Alhambra, CA",violent,0.009030746272720444,-0.011270606368181208,0.03721570157066314
11,CA0190100,"Alhambra, CA",violent,-0.02523155287966163,-0.027461930154997274,0.03722322374371697
12,CA0190100,"Alhambra, CA",violent,-0.0478903472037861,-0.010526851054057925,0.0372527515572039
1,CA0190200,"Arcadia, CA",violent,-0.08833770097035916,-0.10338092865383493,0.03889948576959706
2,CA0190200,"Arcadia, CA",violent,-0.11919255120067358,-0.13429761174946733,0.03895570216986082
3,CA0190200,"Arcadia, CA",violent,-0.08349324284739391,-0.06780674143117105,0.0389402115701113
4,CA0190200,"Arcadia, CA",violent,0.0018861775344930175,0.01784931923464917,0.03893761722785751
5,CA0190200,"Arcadia, CA",violent,0.061378368913264515,0.03751650749140639,0.0389402115701113
6,CA0190200,"Arcadia, CA",violent,0.0731202394301756,0.04303752523367152,0.03895570216986082
7,CA0190200,"Arcadia, CA",violent,0.07742077716314569,0.09491915562481863,0.03889948576959705
8,CA0190200,"Arcadia, CA",violent,0.08304573516707066,0.12524447248384812,0.03895570216986082
9,CA0190200,"Arcadia, CA",violent,0.05826335062100446,0.06721537519456812,0.0389402115701113
10,CA0190200,"Arcadia, CA",violent,0.009030746272720444,-0.009387546205632896,0.03893761722785751
11,CA0190200,"Arcadia, CA",violent,-0.02523155287966163,-0.028463368225787218,0.0389402115701113
12,CA0190200,"Arcadia, CA",violent,-0.0478903472037861,-0.04244615899706852,0.03895570216986082
1,CA0190600,"Baldwin Park, CA",violent,-0.08833770097035916,-0.07181797419387433,0.035176964925341586
2,CA0190600,"Baldwin Park, CA",violent,-0.11919255120067358,-0.1008285513668617,0.03526824441041694
3,CA0190600,"Baldwin Park, CA",violent,-0.08349324284739391,-0.0673962263324164,0.035256663878516614
4,CA0190600,"Baldwin Park, CA",violent,0.0018861775344930175,0.008993243537342533,0.03527456312655036
5,CA0190600,"Baldwin Park, CA",violent,0.061378368913264515,0.05812388920179949,0.03525666387851662
6,CA0190600,"Baldwin Park, CA",violent,0.0731202394301756,0.0695470225211612,0.03526824441041694
7,CA0190600,"Baldwin Park, CA",violent,0.07742077716314569,0.07937241499369622,0.03517696492534158
8,CA0190600,"Baldwin Park, CA",violent,0.08304573516707066,0.07948641470733206,0.03526824441041694
9,CA0190600,"Baldwin Park, CA",violent,0.05826335062100446,0.03849964887306489,0.03525666387851662
10,CA0190600,"Baldwin Park, CA",violent,0.009030746272720444,-0.016547684337164442,0.03527456312655036
11,CA0190600,"Baldwin Park, CA",violent,-0.02523155287966163,-0.03678175254226989,0.035256663878516614
12,CA0190600,"Baldwin Park, CA",violent,-0.0478903472037861,-0.040650445061809634,0.03526824441041694
1,CA0191200,"Burbank, CA",violent,-0.08833770097035916,-0.01723740183308142,0.034996606946343094
2,CA0191200,"Burbank, CA",violent,-0.11919255120067358,-0.10280492317491477,0.03504548326970235
3,CA0191200,"Burbank, CA",violent,-0.08349324284739391,-0.12007720554209,0.03506379285241073
4,CA0191200,"Burbank, CA",violent,0.0018861775344930175,-0.028433453642796157,0.03507701500031571
5,CA0191200,"Burbank, CA",violent,0.061378368913264515,0.053081045795635086,0.03506379285241073
6,CA0191200,"Burbank, CA",violent,0.0731202394301756,0.05702343709542932,0.03504548326970235
7,CA0191200,"Burbank, CA",violent,0.07742077716314569,0.05382600767659832,0.03499660694634309
8,CA0191200,"Burbank, CA",violent,0.08304573516707066,0.07655425832381015,0.03504548326970235
9,CA0191200,"Burbank, CA",violent,0.05826335062100446,0.05723793484746851,0.035063792852410736
10,CA0191200,"Burbank, CA",violent,0.009030746272720444,-0.008155152200720736,0.03507701500031571
11,CA0191200,"Burbank, CA",violent,-0.02523155287966163,-0.026830380944530493,0.03506379285241073
12,CA0191200,"Burbank, CA",violent,-0.0478903472037861,0.005815833599192193,0.03504548326970235
1,CA0192200,"El Monte, CA",violent,-0.08833770097035916,-0.10043292315734102,0.03342385529252165
2,CA0192200,"El Monte, CA",violent,-0.11919255120067358,-0.096452532514618,0.03350527286879836
3,CA0192200,"El Monte, CA",violent,-0.08349324284739391,-0.05738765719508067,0.03346372253007919
4,CA0192200,"El Monte, CA",violent,0.0018861775344930175,0.001979529946100754,0.033488830259134614
5,CA0192200,"El Monte, CA",violent,0.061378368913264515,0.04240968542534505,0.0334637225300792
6,CA0192200,"El Monte, CA",violent,0.0731202394301756,0.05478298318168919,0.03350527286879836
7,CA0192200,"El Monte, CA",violent,0.07742077716314569,0.06828247343570554,0.03342385529252165
8,CA0192200,"El Monte, CA",violent,0.08304573516707066,0.08934545856724646,0.03350527286879836
9,CA0192200,"El Monte, CA",violent,0.05826335062100446,0.08243103296934462,0.0334637225300792
10,CA0192200,"El Monte, CA",violent,0.009030746272720444,0.03017091977553473,0.033488830259134614
11,CA0192200,"El Monte, CA",violent,-0.02523155287966163,-0.03530261147797356,0.03346372253007919
12,CA0192200,"El Monte, CA",violent,-0.0478903472037861,-0.07982635895595311,0.03350527286879836
1,CA0192400,"Gardena, CA",violent,-0.08833770097035916,-0.11023998726349431,0.0337523297617395
2,CA0192400,"Gardena, CA",violent,-0.11919255120067358,-0.15214837819688162,0.033798169314854284
3,CA0192400,"Gardena, CA",violent,-0.08349324284739391,-0.09082328669628453,0.03379900352742661
4,CA0192400,"Gardena, CA",violent,0.0018861775344930175,0.009690773911851375,0.03378417053211025
5,CA0192400,"Gardena, CA",violent,0.061378368913264515,0.059927695488570666,0.03379900352742662
6,CA0192400,"Gardena, CA",violent,0.0731202394301756,0.07046385035197063,0.033798169314854284
7,CA0192400,"Gardena, CA",violent,0.07742077716314569,0.08622458770738488,0.033752329761739495
8,CA0192400,"Gardena, CA",violent,0.08304573516707066,0.08773976214307598,0.033798169314854284
9,CA0192400,"Gardena, CA",violent,0.05826335062100446,0.05043007019858829,0.033799003527426624
10,CA0192400,"Gardena, CA",violent,0.009030746272720444,0.014324625644258028,0.03378417053211025
11,CA0192400,"Gardena, CA",violent,-0.02523155287966163,0.004480920565234943,0.03379900352742662
12,CA0192400,"Gardena, CA",violent,-0.0478903472037861,-0.030070633854274314,0.033798169314854284
1,CA0194100,"Long Beach, CA",violent,-0.08833770097035916,-0.07298217313412758,0.027269658275552847
2,CA0194100,"Long Beach, CA",violent,-0.11919255120067358,-0.08177899544987438,0.027306545515958815
3,CA0194100,"Long Beach, CA",violent,-0.08349324284739391,-0.06241572943703006,0.02731629086963721
4,CA0194100,"Long Beach, CA",violent,0.0018861775344930175,-0.012532735363505335,0.02733179895197657
5,CA0194100,"Long Beach, CA",violent,0.061378368913264515,0.04035760188882108,0.027316290869637213
6,CA0194100,"Long Beach, CA",violent,0.0731202394301756,0.06658798693945801,0.027306545515958815
7,CA0194100,"Long Beach, CA",violent,0.07742077716314569,0.0673796068015948,0.027269658275552843
8,CA0194100,"Long Beach, CA",violent,0.08304573516707066,0.06006640140287456,0.027306545515958815
9,CA0194100,"Long Beach, CA",violent,0.05826335062100446,0.04630570172256302,0.027316290869637213
10,CA0194100,"Long Beach, CA",violent,0.009030746272720444,0.018135301696038112,0.02733179895197657
11,CA0194100,"Long Beach, CA",violent,-0.02523155287966163,-0.018645007841821288,0.02731629086963721
12,CA0194100,"Long Beach, CA",violent,-0.0478903472037861,-0.05047795922499094,0.027306545515958815
1,CA0194200,"Los Angeles, CA",violent,-0.08833770097035916,-0.08477104476830952,0.025777663495265297
2,CA0194200,"Los Angeles, CA",violent,-0.11919255120067358,-0.10171748129612956,0.025797981363738814
3,CA0194200,"Los Angeles, CA",violent,-0.08349324284739391,-0.07137583028247654,0.02582187712654356
4,CA0194200,"Los Angeles, CA",violent,0.0018861775344930175,-0.013479579428084741,0.02582747803542356
5,CA0194200,"Los Angeles, CA",violent,0.061378368913264515,0.03647072425512732,0.025821877126543564
6,CA0194200,"Los Angeles, CA",violent,0.0731202394301756,0.06915773121064459,0.025797981363738814
7,CA0194200,"Los Angeles, CA",violent,0.07742077716314569,0.08733509669363904,0.02577766349526529
8,CA0194200,"Los Angeles, CA",violent,0.08304573516707066,0.08112690818403313,0.025797981363738814
9,CA0194200,"Los Angeles, CA",violent,0.05826335062100446,0.04822120524505058,0.025821877126543564
10,CA0194200,"Los Angeles, CA",violent,0.009030746272720444,0.010915527502755205,0.02582747803542356
11,CA0194200,"Los Angeles, CA",violent,-0.02523155287966163,-0.01588015114303091,0.02582187712654356
12,CA0194200,"Los Angeles, CA",violent,-0.0478903472037861,-0.046003106173218566,0.025797981363738814
1,CA0194800,"Monterey Park, CA",violent,-0.08833770097035916,-0.03330649149422915,0.03801924780792556
2,CA0194800,"Monterey Park, CA",violent,-0.11919255120067358,-0.08471436954945413,0.038070859356892174
3,CA0194800,"Monterey Park, CA",violent,-0.08349324284739391,-0.08602924951382598,0.0380523021058275
4,CA0194800,"Monterey Park, CA",violent,0.0018861775344930175,-0.011731905308153599,0.03807791031308498
5,CA0194800,"Monterey Park, CA",violent,0.061378368913264515,0.05639422255323419,0.03805230210582751
6,CA0194800,"Monterey Park, CA",violent,0.0731202394301756,0.06551418845937623,0.038070859356892174
7,CA0194800,"Monterey Park, CA",violent,0.07742077716314569,0.056980751759881536,0.03801924780792555
8,CA0194800,"Monterey Park, CA",violent,0.08304573516707066,0.058995663921051565,0.038070859356892174
9,CA0194800,"Monterey Park, CA",violent,0.05826335062100446,0.03663628361977102,0.03805230210582752
10,CA0194800,"Monterey Park, CA",violent,0.009030746272720444,-0.011942354957498793,0.03807791031308498
11,CA0194800,"Monterey Park, CA",violent,-0.02523155287966163,-0.030675516924831638,0.03805230210582751
12,CA0194800,"Monterey Park, CA",violent,-0.0478903472037861,-0.016121222565321263,0.038070859356892174
1,CA0195300,"Pasadena, CA",violent,-0.08833770097035916,-0.057365582466609104,0.031932259037493305
2,CA0195300,"Pasadena, CA",violent,-0.11919255120067358,-0.08970742939223092,0.03199036044561668
3,CA0195300,"Pasadena, CA",violent,-0.08349324284739391,-0.06660332048434169,0.032002846464092925
4,CA0195300,"Pasadena, CA",violent,0.0018861775344930175,-0.016731166004088593,0.03203626625136714
5,CA0195300,"Pasadena, CA",violent,0.061378368913264515,0.013277304037184613,0.03200284646409293
6,CA0195300,"Pasadena, CA",violent,0.0731202394301756,0.04298274463881817,0.03199036044561668
7,CA0195300,"Pasadena, CA",violent,0.07742077716314569,0.09063199775976898,0.0319322590374933
8,CA0195300,"Pasadena, CA",violent,0.08304573516707066,0.10367973110319968,0.03199036044561668
9,CA0195300,"Pasadena, CA",violent,0.05826335062100446,0.0473092069021506,0.03200284646409293
10,CA0195300,"Pasadena, CA",violent,0.009030746272720444,-0.01653524928907129,0.03203626625136714
11,CA0195300,"Pasadena, CA",violent,-0.02523155287966163,-0.027249605748153417,0.032002846464092925
12,CA0195300,"Pasadena, CA",violent,-0.0478903472037861,-0.02368863105662702,0.03199036044561668
1,CA0195500,"Pomona, CA",violent,-0.08833770097035916,-0.10793929913601352,0.030062512055932997
2,CA0195500,"Pomona, CA",violent,-0.11919255120067358,-0.11632789220129847,0.030114463387234024
3,CA0195500,"Pomona, CA",violent,-0.08349324284739391,-0.08399211322537495,0.030088603095328605
4,CA0195500,"Pomona, CA",violent,0.0018861775344930175,-0.004981022944847467,0.030118028258083705
5,CA0195500,"Pomona, CA",violent,0.061378368913264515,0.0639838627518346,0.030088603095328608
6,CA0195500,"Pomona, CA",violent,0.0731202394301756,0.08395493419274494,0.030114463387234024
7,CA0195500,"Pomona, CA",violent,0.07742077716314569,0.08695797535872908,0.030062512055932994
8,CA0195500,"Pomona, CA",violent,0.08304573516707066,0.10033654554543252,0.030114463387234027
9,CA0195500,"Pomona, CA",violent,0.05826335062100446,0.08898209034679345,0.030088603095328608
10,CA0195500,"Pomona, CA",violent,0.009030746272720444,0.025962346722131907,0.030118028258083705
11,CA0195500,"Pomona, CA",violent,-0.02523155287966163,-0.04799251609596869,0.030088603095328605
12,CA0195500,"Pomona, CA",violent,-0.0478903472037861,-0.08894491131416342,0.030114463387234024
1,CA0196500,"Santa Monica, CA",violent,-0.08833770097035916,-0.1420801084645328,0.03126546476587831
2,CA0196500,"Santa Monica, CA",violent,-0.11919255120067358,-0.15362475081669547,0.03130621079433321
3,CA0196500,"Santa Monica, CA",violent,-0.08349324284739391,-0.09829277530071756,0.03131135578605258
4,CA0196500,"Santa Monica, CA",violent,0.0018861775344930175,-0.030701194750585543,0.03128982326805115
5,CA0196500,"Santa Monica, CA",violent,0.061378368913264515,0.0036926484942653493,0.03131135578605258
6,CA0196500,"Santa Monica, CA",violent,0.0731202394301756,0.04698481931111325,0.03130621079433321
7,CA0196500,"Santa Monica, CA",violent,0.07742077716314569,0.130632556102874,0.031265464765878305
8,CA0196500,"Santa Monica, CA",violent,0.08304573516707066,0.18510074292368559,0.03130621079433321
9,CA0196500,"Santa Monica, CA",violent,0.05826335062100446,0.1412163197693665,0.03131135578605259
10,CA0196500,"Santa Monica, CA",violent,0.009030746272720444,0.04214874711224434,0.03128982326805115
11,CA0196500,"Santa Monica, CA",violent,-0.02523155287966163,-0.03516864060125554,0.03131135578605258
12,CA0196500,"Santa Monica, CA",violent,-0.0478903472037861,-0.08990836377976208,0.03130621079433321
1,CA0197200,"Torrance, CA",violent,-0.08833770097035916,-0.056053370009611275,0.034174638077514405
2,CA0197200,"Torrance, CA",violent,-0.11919255120067358,-0.08279565558663292,0.034235484222259416
3,CA0197200,"Torrance, CA",violent,-0.08349324284739391,-0.08257520386796875,0.03425877802080497
4,CA0197200,"Torrance, CA",violent,0.0018861775344930175,-0.011481084667210244,0.034268226054016616
5,CA0197200,"Torrance, CA",violent,0.061378368913264515,0.0739658635764481,0.03425877802080498
6,CA0197200,"Torrance, CA",violent,0.0731202394301756,0.1015660415604652,0.034235484222259416
7,CA0197200,"Torrance, CA",violent,0.07742077716314569,0.08534104057328781,0.0341746380775144
8,CA0197200,"Torrance, CA",violent,0.08304573516707066,0.0682224636075981,0.034235484222259416
9,CA0197200,"Torrance, CA",violent,0.05826335062100446,0.038714341325257404,0.03425877802080498
10,CA0197200,"Torrance, CA",violent,0.009030746272720444,-0.01780658589646629,0.034268226054016616
11,CA0197200,"Torrance, CA",violent,-0.02523155287966163,-0.05939267159741331,0.03425877802080497
12,CA0197200,"Torrance, CA",violent,-0.0478903472037861,-0.057705179017753835,0.034235484222259416
1,CA0197500,"West Covina, CA",violent,-0.08833770097035916,-0.06245895148756185,0.034740831999170094
2,CA0197500,"West Covina, CA",violent,-0.11919255120067358,-0.09651401042052862,0.03481424899302329
3,CA0197500,"West Covina, CA",violent,-0.08349324284739391,-0.09594194999445782,0.03479622167929033
4,CA0197500,"West Covina, CA",violent,0.0018861775344930175,-0.02633167728553732,0.034837099958040144
5,CA0197500,"West Covina, CA",violent,0.061378368913264515,0.04223927434304864,0.03479622167929033
6,CA0197500,"West Covina, CA",violent,0.0731202394301756,0.05668452086986198,0.03481424899302329
7,CA0197500,"West Covina, CA",violent,0.07742077716314569,0.06388759169527644,0.03474083199917009
8,CA0197500,"West Covina, CA",violent,0.08304573516707066,0.09610836410803164,0.03481424899302329
9,CA0197500,"West Covina, CA",violent,0.05826335062100446,0.09410766347424626,0.034796221679290334
10,CA0197500,"West Covina, CA",violent,0.009030746272720444,0.02490303707782274,0.034837099958040144
11,CA0197500,"West Covina, CA",violent,-0.02523155287966163,-0.0418336280305517,0.03479622167929033
12,CA0197500,"West Covina, CA",violent,-0.0478903472037861,-0.054850234349650424,0.03481424899302329
1,CA0200200,"Madera, CA",violent,-0.08833770097035916,-0.09173758607595592,0.03424543743771801
2,CA0200200,"Madera, CA",violent,-0.11919255120067358,-0.12363966480354036,0.03427797966763416
3,CA0200200,"Madera, CA",violent,-0.08349324284739391,-0.07812597673577307,0.03430380014172781
4,CA0200200,"Madera, CA",violent,0.0018861775344930175,0.01818412379064759,0.034323633114959735
5,CA0200200,"Madera, CA",violent,0.061378368913264515,0.07944310220466977,0.03430380014172781
6,CA0200200,"Madera, CA",violent,0.0731202394301756,0.09673837727506834,0.03427797966763416
7,CA0200200,"Madera, CA",violent,0.07742077716314569,0.1113690972947314,0.034245437437718004
8,CA0200200,"Madera, CA",violent,0.08304573516707066,0.10472762826498586,0.03427797966763416
9,CA0200200,"Madera, CA",violent,0.05826335062100446,0.03958242897844309,0.03430380014172781
10,CA0200200,"Madera, CA",violent,0.009030746272720444,-0.037815635009423094,0.034323633114959735
11,CA0200200,"Madera, CA",violent,-0.02523155287966163,-0.06053106566611531,0.03430380014172781
12,CA0200200,"Madera, CA",violent,-0.0478903472037861,-0.058194829517738314,0.03427797966763416
1,CA0210600,"Novato, CA",violent,-0.08833770097035916,-0.06640362331814499,0.03839617029935768
2,CA0210600,"Novato, CA",violent,-0.11919255120067358,-0.1343032689123288,0.038417152038290804
3,CA0210600,"Novato, CA",violent,-0.08349324284739391,-0.1130122208260328,0.03842236590341873
4,CA0210600,"Novato, CA",violent,0.0018861775344930175,-0.009089480624722654,0.038438489417697466
5,CA0210600,"Novato, CA",violent,0.061378368913264515,0.03887943234624631,0.03842236590341873
6,CA0210600,"Novato, CA",violent,0.0731202394301756,0.016967477306969677,0.038417152038290804
7,CA0210600,"Novato, CA",violent,0.07742077716314569,0.04697055493678602,0.03839617029935767
8,CA0210600,"Novato, CA",violent,0.08304573516707066,0.1290361708029299,0.038417152038290804
9,CA0210600,"Novato, CA",violent,0.05826335062100446,0.1271781910979929,0.03842236590341873
10,CA0210600,"Novato, CA",violent,0.009030746272720444,0.028522549006081626,0.038438489417697466
11,CA0210600,"Novato, CA",violent,-0.02523155287966163,-0.033612334236847445,0.03842236590341873
12,CA0210600,"Novato, CA",violent,-0.0478903472037861,-0.03113344757892974,0.038417152038290804
1,CA0210900,"San Rafael, CA",violent,-0.08833770097035916,-0.058312418853472214,0.03545505152304012
2,CA0210900,"San Rafael, CA",violent,-0.11919255120067358,-0.06264048307491095,0.03553293561268768
3,CA0210900,"San Rafael, CA",violent,-0.08349324284739391,-0.05711082369721903,0.0354957859255927
4,CA0210900,"San Rafael, CA",violent,0.0018861775344930175,-0.009242873343430085,0.035521371197448894
5,CA0210900,"San Rafael, CA",violent,0.061378368913264515,0.03444026807140412,0.0354957859255927
6,CA0210900,"San Rafael, CA",violent,0.0731202394301756,0.040674826610735224,0.03553293561268768
7,CA0210900,"San Rafael, CA",violent,0.07742077716314569,0.05507535126456285,0.03545505152304012
8,CA0210900,"San Rafael, CA",violent,0.08304573516707066,0.09652699352420663,0.03553293561268769
9,CA0210900,"San Rafael, CA",violent,0.05826335062100446,0.0942344017354241,0.0354957859255927
10,CA0210900,"San Rafael, CA",violent,0.009030746272720444,0.012479940932339454,0.035521371197448894
11,CA0210900,"San Rafael, CA",violent,-0.02523155287966163,-0.06832677852069984,0.0354957859255927
12,CA0210900,"San Rafael, CA",violent,-0.0478903472037861,-0.07779840464894028,0.03553293561268768
1,CA0240600,"Merced, CA",violent,-0.08833770097035916,-0.08778404696013326,0.03129869021038308
2,CA0240600,"Merced, CA",violent,-0.11919255120067358,-0.08991292330125938,0.03133792711935506
3,CA0240600,"Merced, CA",violent,-0.08349324284739391,-0.06059012129206236,0.03134218890864204
4,CA0240600,"Merced, CA",violent,0.0018861775344930175,0.011825622516938465,0.03134146181837345
5,CA0240600,"Merced, CA",violent,0.061378368913264515,0.07117933264547228,0.031342188908642044
6,CA0240600,"Merced, CA",violent,0.0731202394301756,0.07667362490155552,0.03133792711935506
7,CA0240600,"Merced, CA",violent,0.07742077716314569,0.06612132803396877,0.031298690210383076
8,CA0240600,"Merced, CA",violent,0.08304573516707066,0.07517263240394562,0.03133792711935506
9,CA0240600,"Merced, CA",violent,0.05826335062100446,0.06751254932091309,0.031342188908642044
10,CA0240600,"Merced, CA",violent,0.009030746272720444,0.009837096409226026,0.03134146181837345
11,CA0240600,"Merced, CA",violent,-0.02523155287966163,-0.056439041748158544,0.03134218890864204
12,CA0240600,"Merced, CA",violent,-0.0478903472037861,-0.08359605293040623,0.03133792711935506
1,CA0270000,"Monterey, CA",violent,-0.08833770097035916,-0.07727102883274552,0.03432475848287283
2,CA0270000,"Monterey, CA",violent,-0.11919255120067358,-0.10671054343854287,0.03435215873204693
3,CA0270000,"Monterey, CA",violent,-0.08349324284739391,-0.11296260635128977,0.03435799840680445
4,CA0270000,"Monterey, CA",violent,0.0018861775344930175,-0.035232358789050316,0.03437162014814663
5,CA0270000,"Monterey, CA",violent,0.061378368913264515,0.06653983292174809,0.03435799840680445
6,CA0270000,"Monterey, CA",violent,0.0731202394301756,0.09925231374322893,0.03435215873204693
7,CA0270000,"Monterey, CA",violent,0.07742077716314569,0.08405650030311575,0.03432475848287283
8,CA0270000,"Monterey, CA",violent,0.08304573516707066,0.08837232206323369,0.03435215873204693
9,CA0270000,"Monterey, CA",violent,0.05826335062100446,0.08783891350561038,0.03435799840680446
10,CA0270000,"Monterey, CA",violent,0.009030746272720444,0.028446887318680093,0.03437162014814663
11,CA0270000,"Monterey, CA",violent,-0.02523155287966163,-0.04820161154643894,0.03435799840680445
12,CA0270000,"Monterey, CA",violent,-0.0478903472037861,-0.07412862089754951,0.03435215873204693
1,CA0280200,"Napa, CA",violent,-0.08833770097035916,-0.11516705794895067,0.03550832387471544
2,CA0280200,"Napa, CA",violent,-0.11919255120067358,-0.15503301928609364,0.035547092936775465
3,CA0280200,"Napa, CA",violent,-0.08349324284739391,-0.07398288994764445,0.035496770812081156
4,CA0280200,"Napa, CA",violent,0.0018861775344930175,0.051784035749052035,0.03551354379158806
5,CA0280200,"Napa, CA",violent,0.061378368913264515,0.07754424281550437,0.035496770812081156
6,CA0280200,"Napa, CA",violent,0.0731202394301756,0.036460921797096806,0.035547092936775465
7,CA0280200,"Napa, CA",violent,0.07742077716314569,0.05732279390935322,0.03550832387471543
8,CA0280200,"Napa, CA",violent,0.08304573516707066,0.11564679024320196,0.035547092936775465
9,CA0280200,"Napa, CA",violent,0.05826335062100446,0.09244092494435023,0.035496770812081156
10,CA0280200,"Napa, CA",violent,0.009030746272720444,0.0060602282905454245,0.03551354379158806
11,CA0280200,"Napa, CA",violent,-0.02523155287966163,-0.03815801377261275,0.035496770812081156
12,CA0280200,"Napa, CA",violent,-0.0478903472037861,-0.05491895679380254,0.035547092936775465
1,CA0300100,"Anaheim, CA",violent,-0.08833770097035916,-0.11357393828930881,0.028535854997242864
2,CA0300100,"Anaheim, CA",violent,-0.11919255120067358,-0.13964515674067096,0.028548937916708574
3,CA0300100,"Anaheim, CA",violent,-0.08349324284739391,-0.08265684012743597,0.028573481202044917
4,CA0300100,"Anaheim, CA",violent,0.0018861775344930175,-0.0061442052457475246,0.028549536363562753
5,CA0300100,"Anaheim, CA",violent,0.061378368913264515,0.02737032456703398,0.02857348120204492
6,CA0300100,"Anaheim, CA",violent,0.0731202394301756,0.03410356407404053,0.028548937916708574
7,CA0300100,"Anaheim, CA",violent,0.07742077716314569,0.05327498361057826,0.02853585499724286
8,CA0300100,"Anaheim, CA",violent,0.08304573516707066,0.07662156006696001,0.028548937916708577
9,CA0300100,"Anaheim, CA",violent,0.05826335062100446,0.07993219813245556,0.02857348120204492
10,CA0300100,"Anaheim, CA",violent,0.009030746272720444,0.06644315992447807,0.028549536363562753
11,CA0300100,"Anaheim, CA",violent,-0.02523155287966163,0.03565327210667694,0.028573481202044917
12,CA0300100,"Anaheim, CA",violent,-0.0478903472037861,-0.031378922079060054,0.028548937916708574
1,CA0300300,"Buena Park, CA",violent,-0.08833770097035916,-0.09938273458280222,0.03599264186788822
2,CA0300300,"Buena Park, CA",violent,-0.11919255120067358,-0.09171817660521366,0.03606229088854943
3,CA0300300,"Buena Park, CA",violent,-0.08349324284739391,-0.05002913301864499,0.03605620760923678
4,CA0300300,"Buena Park, CA",violent,0.0018861775344930175,-0.004638769691251373,0.036032046027139414
5,CA0300300,"Buena Park, CA",violent,0.061378368913264515,0.028116028168075048,0.036056207609236786
6,CA0300300,"Buena Park, CA",violent,0.0731202394301756,0.058248601170686004,0.03606229088854943
7,CA0300300,"Buena Park, CA",violent,0.07742077716314569,0.08628937053017566,0.03599264186788821
8,CA0300300,"Buena Park, CA",violent,0.08304573516707066,0.0907273763597779,0.03606229088854943
9,CA0300300,"Buena Park, CA",violent,0.05826335062100446,0.06213169682583582,0.036056207609236786
10,CA0300300,"Buena Park, CA",violent,0.009030746272720444,0.017732133743877936,0.036032046027139414
11,CA0300300,"Buena Park, CA",violent,-0.02523155287966163,-0.027125227922639335,0.03605620760923678
12,CA0300300,"Buena Park, CA",violent,-0.0478903472037861,-0.07035116497787677,0.03606229088854943
1,CA0300700,"Fountain Valley, CA",violent,-0.08833770097035916,-0.07108315080719114,0.04015426292092873
2,CA0300700,"Fountain Valley, CA",violent,-0.11919255120067358,-0.11142366017536014,0.04020012042413301
3,CA0300700,"Fountain Valley, CA",violent,-0.08349324284739391,-0.10801703741920701,0.04018188068142242
4,CA0300700,"Fountain Valley, CA",violent,0.0018861775344930175,-0.030102176833995478,0.04020880499195126
5,CA0300700,"Fountain Valley, CA",violent,0.061378368913264515,0.05248515493288885,0.04018188068142242
6,CA0300700,"Fountain Valley, CA",violent,0.0731202394301756,0.07321820685884427,0.04020012042413301
7,CA0300700,"Fountain Valley, CA",violent,0.07742077716314569,0.06500224752767358,0.040154262920928725
8,CA0300700,"Fountain Valley, CA",violent,0.08304573516707066,0.0766620438560945,0.04020012042413301
9,CA0300700,"Fountain Valley, CA",violent,0.05826335062100446,0.07933632437945892,0.04018188068142243
10,CA0300700,"Fountain Valley, CA",violent,0.009030746272720444,0.03618308011351303,0.04020880499195126
11,CA0300700,"Fountain Valley, CA",violent,-0.02523155287966163,-0.01772353861362325,0.04018188068142242
12,CA0300700,"Fountain Valley, CA",violent,-0.0478903472037861,-0.044537493819096156,0.04020012042413301
1,CA0300800,"Fullerton, CA",violent,-0.08833770097035916,-0.09747356335089512,0.03272161614873168
2,CA0300800,"Fullerton, CA",violent,-0.11919255120067358,-0.07149632850607292,0.032798653139051226
3,CA0300800,"Fullerton, CA",violent,-0.08349324284739391,-0.02756032590627946,0.03277343733792723
4,CA0300800,"Fullerton, CA",violent,0.0018861775344930175,-0.003496780382430816,0.032777733891353605
5,CA0300800,"Fullerton, CA",violent,0.061378368913264515,0.02086636436902806,0.03277343733792723
6,CA0300800,"Fullerton, CA",violent,0.0731202394301756,0.06293604229966102,0.032798653139051226
7,CA0300800,"Fullerton, CA",violent,0.07742077716314569,0.08665582927040995,0.03272161614873168
8,CA0300800,"Fullerton, CA",violent,0.08304573516707066,0.065694574089867,0.032798653139051226
9,CA0300800,"Fullerton, CA",violent,0.05826335062100446,0.03257630557055871,0.03277343733792724
10,CA0300800,"Fullerton, CA",violent,0.009030746272720444,0.014314514462915973,0.032777733891353605
11,CA0300800,"Fullerton, CA",violent,-0.02523155287966163,-0.015064609952822166,0.03277343733792723
12,CA0300800,"Fullerton, CA",violent,-0.0478903472037861,-0.06795202196394019,0.032798653139051226
1,CA0301400,"Newport Beach, CA",violent,-0.08833770097035916,-0.09607134172852991,0.03764321885309847
2,CA0301400,"Newport Beach, CA",violent,-0.11919255120067358,-0.10196475648625582,0.037689174637372105
3,CA0301400,"Newport Beach, CA",violent,-0.08349324284739391,-0.09625840013774,0.03769430225284725
4,CA0301400,"Newport Beach, CA",violent,0.0018861775344930175,-0.062286223391947594,0.0377313358069521
5,CA0301400,"Newport Beach, CA",violent,0.061378368913264515,0.02313902289001209,0.037694302252847256
6,CA0301400,"Newport Beach, CA",violent,0.0731202394301756,0.11397467750974713,0.037689174637372105
7,CA0301400,"Newport Beach, CA",violent,0.07742077716314569,0.13454941047686997,0.037643218853098466
8,CA0301400,"Newport Beach, CA",violent,0.08304573516707066,0.08841932350180878,0.037689174637372105
9,CA0301400,"Newport Beach, CA",violent,0.05826335062100446,0.04423489840495289,0.037694302252847256
10,CA0301400,"Newport Beach, CA",violent,0.009030746272720444,0.02380815464360751,0.0377313358069521
11,CA0301400,"Newport Beach, CA",violent,-0.02523155287966163,-0.009593589905565095,0.03769430225284725
12,CA0301400,"Newport Beach, CA",violent,-0.0478903472037861,-0.061951175776959945,0.037689174637372105
1,CA0302200,"Tustin, CA",violent,-0.08833770097035916,-0.09878673190768482,0.03722151765213104
2,CA0302200,"Tustin, CA",violent,-0.11919255120067358,-0.09943130114351663,0.0372657373906282
3,CA0302200,"Tustin, CA",violent,-0.08349324284739391,-0.04709997670496856,0.037250849483774495
4,CA0302200,"Tustin, CA",violent,0.0018861775344930175,0.027728833156572763,0.03721877084471524
5,CA0302200,"Tustin, CA",violent,0.061378368913264515,0.06890563522354905,0.0372508494837745
6,CA0302200,"Tustin, CA",violent,0.0731202394301756,0.0666248640045635,0.0372657373906282
7,CA0302200,"Tustin, CA",violent,0.07742077716314569,0.057485556863044796,0.03722151765213103
8,CA0302200,"Tustin, CA",violent,0.08304573516707066,0.05782613767008343,0.0372657373906282
9,CA0302200,"Tustin, CA",violent,0.05826335062100446,0.046795988276175385,0.0372508494837745
10,CA0302200,"Tustin, CA",violent,0.009030746272720444,0.013572341888067257,0.03721877084471524
11,CA0302200,"Tustin, CA",violent,-0.02523155287966163,-0.027300471750115886,0.037250849483774495
12,CA0302200,"Tustin, CA",violent,-0.0478903472037861,-0.0663208755757703,0.0372657373906282
1,CA0302400,"Westminster, CA",violent,-0.08833770097035916,-0.0445456393956699,0.034470362154810655
2,CA0302400,"Westminster, CA",violent,-0.11919255120067358,-0.09894884261831843,0.034507404353014005
3,CA0302400,"Westminster, CA",violent,-0.08349324284739391,-0.0897019405967928,0.034501345961956614
4,CA0302400,"Westminster, CA",violent,0.0018861775344930175,0.003933416553522693,0.03455115963018634
5,CA0302400,"Westminster, CA",violent,0.061378368913264515,0.07123834125737832,0.03450134596195662
6,CA0302400,"Westminster, CA",violent,0.0731202394301756,0.06449685666095871,0.034507404353014005
7,CA0302400,"Westminster, CA",violent,0.07742077716314569,0.05928434124633093,0.034470362154810655
8,CA0302400,"Westminster, CA",violent,0.08304573516707066,0.08128442164601254,0.034507404353014005
9,CA0302400,"Westminster, CA",violent,0.05826335062100446,0.05729881777382589,0.03450134596195662
10,CA0302400,"Westminster, CA",violent,0.009030746272720444,-0.018672118404183726,0.03455115963018634
11,CA0302400,"Westminster, CA",violent,-0.02523155287966163,-0.05357392028507246,0.034501345961956614
12,CA0302400,"Westminster, CA",violent,-0.0478903472037861,-0.032093733837991786,0.034507404353014005
1,CA0302500,"Yorba Linda, CA",violent,-0.08833770097035916,-0.08760540337447585,0.041813516301447175
2,CA0302500,"Yorba Linda, CA",violent,-0.11919255120067358,-0.09114421602531866,0.041849828531482135
3,CA0302500,"Yorba Linda, CA",violent,-0.08349324284739391,-0.05906723185409347,0.04184506976349628
4,CA0302500,"Yorba Linda, CA",violent,0.0018861775344930175,0.015120938974234622,0.04185994727134814
5,CA0302500,"Yorba Linda, CA",violent,0.061378368913264515,0.07911179352840211,0.041845069763496286
6,CA0302500,"Yorba Linda, CA",violent,0.0731202394301756,0.09121369928939424,0.041849828531482135
7,CA0302500,"Yorba Linda, CA",violent,0.07742077716314569,0.07556569799544435,0.041813516301447175
8,CA0302500,"Yorba Linda, CA",violent,0.08304573516707066,0.06531283169748148,0.041849828531482135
9,CA0302500,"Yorba Linda, CA",violent,0.05826335062100446,0.04527555290528779,0.041845069763496286
10,CA0302500,"Yorba Linda, CA",violent,0.009030746272720444,-0.0030812335952031256,0.04185994727134814
11,CA0302500,"Yorba Linda, CA",violent,-0.02523155287966163,-0.05328040920056497,0.04184506976349628
12,CA0302500,"Yorba Linda, CA",violent,-0.0478903472037861,-0.07742202034058854,0.041849828531482135
1,CA0302600,"Irvine, CA",violent,-0.08833770097035916,-0.07115596030381506,0.03612202757697508
2,CA0302600,"Irvine, CA",violent,-0.11919255120067358,-0.07048832522815449,0.036178310882018345
3,CA0302600,"Irvine, CA",violent,-0.08349324284739391,-0.01885858408661946,0.03614299573872922
4,CA0302600,"Irvine, CA",violent,0.0018861775344930175,0.03073938691696875,0.03615366856084376
5,CA0302600,"Irvine, CA",violent,0.061378368913264515,0.04249719912117669,0.03614299573872922
6,CA0302600,"Irvine, CA",violent,0.0731202394301756,0.04313402695830712,0.036178310882018345
7,CA0302600,"Irvine, CA",violent,0.07742077716314569,0.05252663396246554,0.03612202757697507
8,CA0302600,"Irvine, CA",violent,0.08304573516707066,0.045107414651212326,0.036178310882018345
9,CA0302600,"Irvine, CA",violent,0.05826335062100446,0.012106999851026817,0.03614299573872923
10,CA0302600,"Irvine, CA",violent,0.009030746272720444,-0.012110060575619249,0.03615366856084376
11,CA0302600,"Irvine, CA",violent,-0.02523155287966163,-0.01711628854423455,0.03614299573872922
12,CA0302600,"Irvine, CA",violent,-0.0478903472037861,-0.03638244272271443,0.036178310882018345
1,CA030350X,"Mission Viejo, CA",violent,-0.08833770097035916,-0.056605658217520186,0.039534905073865666
2,CA030350X,"Mission Viejo, CA",violent,-0.11919255120067358,-0.03317319196672694,0.039611010452747765
3,CA030350X,"Mission Viejo, CA",violent,-0.08349324284739391,0.002464276819654417,0.03955414894749957
4,CA030350X,"Mission Viejo, CA",violent,0.0018861775344930175,0.014255525533550837,0.03950247334550909
5,CA030350X,"Mission Viejo, CA",violent,0.061378368913264515,-0.003392139618065426,0.03955414894749957
6,CA030350X,"Mission Viejo, CA",violent,0.0731202394301756,-0.003935880081158997,0.039611010452747765
7,CA030350X,"Mission Viejo, CA",violent,0.07742077716314569,0.03750612195800827,0.03953490507386566
8,CA030350X,"Mission Viejo, CA",violent,0.08304573516707066,0.0750062700634311,0.039611010452747765
9,CA030350X,"Mission Viejo, CA",violent,0.05826335062100446,0.05846833753656168,0.039554148947499576
10,CA030350X,"Mission Viejo, CA",violent,0.009030746272720444,0.004844010725961071,0.03950247334550909
11,CA030350X,"Mission Viejo, CA",violent,-0.02523155287966163,-0.038440938478638775,0.03955414894749957
12,CA030350X,"Mission Viejo, CA",violent,-0.0478903472037861,-0.05699673427505706,0.039611010452747765
1,CA030390X,"Laguna Niguel, CA",violent,-0.08833770097035916,-0.10736988214063965,0.04085081261948697
2,CA030390X,"Laguna Niguel, CA",violent,-0.11919255120067358,-0.12340879789657827,0.04088617406789801
3,CA030390X,"Laguna Niguel, CA",violent,-0.08349324284739391,-0.0739678409111429,0.04086352524712576
4,CA030390X,"Laguna Niguel, CA",violent,0.0018861775344930175,0.017383934271649356,0.040881012129151385
5,CA030390X,"Laguna Niguel, CA",violent,0.061378368913264515,0.08409413995449612,0.04086352524712576
6,CA030390X,"Laguna Niguel, CA",violent,0.0731202394301756,0.09899657082643078,0.04088617406789801
7,CA030390X,"Laguna Niguel, CA",violent,0.07742077716314569,0.08774385922447255,0.04085081261948697
8,CA030390X,"Laguna Niguel, CA",violent,0.08304573516707066,0.06982604266893305,0.04088617406789802
9,CA030390X,"Laguna Niguel, CA",violent,0.05826335062100446,0.0400111085996648,0.04086352524712577
10,CA030390X,"Laguna Niguel, CA",violent,0.009030746272720444,0.0022420886445177484,0.040881012129151385
11,CA030390X,"Laguna Niguel, CA",violent,-0.02523155287966163,-0.030511384726850943,0.04086352524712576
12,CA030390X,"Laguna Niguel, CA",violent,-0.0478903472037861,-0.06503983851495262,0.04088617406789801
1,CA030490X,"Aliso Viejo, CA",violent,-0.08833770097035916,-0.07977775711976202,0.041598177874085485
2,CA030490X,"Aliso Viejo, CA",violent,-0.11919255120067358,-0.13324782024059606,0.041621139448223814
3,CA030490X,"Aliso Viejo, CA",violent,-0.08349324284739391,-0.1059151220104889,0.041625567966596944
4,CA030490X,"Aliso Viejo, CA",violent,0.0018861775344930175,-0.019328535141484672,0.04162364570913568
5,CA030490X,"Aliso Viejo, CA",violent,0.061378368913264515,0.05244888425003263,0.04162556796659695
6,CA030490X,"Aliso Viejo, CA",violent,0.0731202394301756,0.0847051200509487,0.041621139448223814
7,CA030490X,"Aliso Viejo, CA",violent,0.07742077716314569,0.09454850735226539,0.041598177874085485
8,CA030490X,"Aliso Viejo, CA",violent,0.08304573516707066,0.07941436321012439,0.041621139448223814
9,CA030490X,"Aliso Viejo, CA",violent,0.05826335062100446,0.03731091474751386,0.04162556796659695
10,CA030490X,"Aliso Viejo, CA",violent,0.009030746272720444,0.004557784908981287,0.04162364570913568
11,CA030490X,"Aliso Viejo, CA",violent,-0.02523155287966163,0.0013845727804390167,0.041625567966596944
12,CA030490X,"Aliso Viejo, CA",violent,-0.0478903472037861,-0.016100912787973588,0.041621139448223814
1,CA0310300,"Lincoln, CA",violent,-0.08833770097035916,-0.04869348323482406,0.04120380010768622
2,CA0310300,"Lincoln, CA",violent,-0.11919255120067358,-0.07888895483481895,0.04122707862120721
3,CA0310300,"Lincoln, CA",violent,-0.08349324284739391,-0.06848116381849288,0.041214357449869815
4,CA0310300,"Lincoln, CA",violent,0.0018861775344930175,0.002940364776181704,0.04121585112013472
5,CA0310300,"Lincoln, CA",violent,0.061378368913264515,0.06302147707071742,0.04121435744986982
6,CA0310300,"Lincoln, CA",violent,0.0731202394301756,0.06433556691336606,0.04122707862120721
7,CA0310300,"Lincoln, CA",violent,0.07742077716314569,0.05083485501766799,0.04120380010768621
8,CA0310300,"Lincoln, CA",violent,0.08304573516707066,0.05668097039391662,0.04122707862120721
9,CA0310300,"Lincoln, CA",violent,0.05826335062100446,0.04413180759474662,0.04121435744986982
10,CA0310300,"Lincoln, CA",violent,0.009030746272720444,-0.005081736559025634,0.04121585112013472
11,CA0310300,"Lincoln, CA",violent,-0.02523155287966163,-0.040813492629815123,0.041214357449869815
12,CA0310300,"Lincoln, CA",violent,-0.0478903472037861,-0.0399862106896198,0.04122707862120721
1,CA0310400,"Rocklin, CA",violent,-0.08833770097035916,-0.08059697314676977,0.03979951543215315
2,CA0310400,"Rocklin, CA",violent,-0.11919255120067358,-0.1334386964423987,0.039850650746630106
3,CA0310400,"Rocklin, CA",violent,-0.08349324284739391,-0.09901734193876503,0.03982491066423518
4,CA0310400,"Rocklin, CA",violent,0.0018861775344930175,1.1960235438921543e-4,0.03983640684782429
5,CA0310400,"Rocklin, CA",violent,0.061378368913264515,0.06193188742022528,0.039824910664235186
6,CA0310400,"Rocklin, CA",violent,0.0731202394301756,0.06402909122384715,0.039850650746630106
7,CA0310400,"Rocklin, CA",violent,0.07742077716314569,0.06711017957769626,0.03979951543215314
8,CA0310400,"Rocklin, CA",violent,0.08304573516707066,0.08111395657661037,0.039850650746630106
9,CA0310400,"Rocklin, CA",violent,0.05826335062100446,0.06017939564205022,0.039824910664235186
10,CA0310400,"Rocklin, CA",violent,0.009030746272720444,0.01336719121468428,0.03983640684782429
11,CA0310400,"Rocklin, CA",violent,-0.02523155287966163,-0.009607147554437008,0.03982491066423518
12,CA0310400,"Rocklin, CA",violent,-0.0478903472037861,-0.02519114492713229,0.039850650746630106
1,CA0310500,"Roseville, CA",violent,-0.08833770097035916,-0.08157716218267222,0.034625657375520855
2,CA0310500,"Roseville, CA",violent,-0.11919255120067358,-0.11293344421827017,0.034706041366804836
3,CA0310500,"Roseville, CA",violent,-0.08349324284739391,-0.06643235494493173,0.03465361630584733
4,CA0310500,"Roseville, CA",violent,0.0018861775344930175,0.012177953476742616,0.034688572088379256
5,CA0310500,"Roseville, CA",violent,0.061378368913264515,0.034773983935270605,0.03465361630584734
6,CA0310500,"Roseville, CA",violent,0.0731202394301756,0.025570655434679745,0.034706041366804836
7,CA0310500,"Roseville, CA",violent,0.07742077716314569,0.05924817989891845,0.034625657375520855
8,CA0310500,"Roseville, CA",violent,0.08304573516707066,0.10468615948368212,0.034706041366804836
9,CA0310500,"Roseville, CA",violent,0.05826335062100446,0.08051405249409745,0.03465361630584734
10,CA0310500,"Roseville, CA",violent,0.009030746272720444,0.010151028807011138,0.034688572088379256
11,CA0310500,"Roseville, CA",violent,-0.02523155287966163,-0.0265266992006826,0.03465361630584733
12,CA0310500,"Roseville, CA",violent,-0.0478903472037861,-0.039652352983845424,0.034706041366804836
1,CA0330200,"Beaumont, CA",violent,-0.08833770097035916,-0.11369413941427536,0.03751249951632321
2,CA0330200,"Beaumont, CA",violent,-0.11919255120067358,-0.11895490268021998,0.03748814564337338
3,CA0330200,"Beaumont, CA",violent,-0.08349324284739391,-0.06618576972614307,0.03746913898286488
4,CA0330200,"Beaumont, CA",violent,0.0018861775344930175,0.016460460758318095,0.0374579321925624
5,CA0330200,"Beaumont, CA",violent,0.061378368913264515,0.0540946238133881,0.03746913898286488
6,CA0330200,"Beaumont, CA",violent,0.0731202394301756,0.034830806954948126,0.03748814564337338
7,CA0330200,"Beaumont, CA",violent,0.07742077716314569,0.03102038274836757,0.037512499516323204
8,CA0330200,"Beaumont, CA",violent,0.08304573516707066,0.07574691533432668,0.03748814564337338
9,CA0330200,"Beaumont, CA",violent,0.05826335062100446,0.10565153904615757,0.03746913898286488
10,CA0330200,"Beaumont, CA",violent,0.009030746272720444,0.0662132959075897,0.0374579321925624
11,CA0330200,"Beaumont, CA",violent,-0.02523155287966163,-0.010886636467494847,0.03746913898286488
12,CA0330200,"Beaumont, CA",violent,-0.0478903472037861,-0.07429657627496261,0.037488145643373376
1,CA0331300,"Riverside, CA",violent,-0.08833770097035916,-0.09862673199956579,0.028366270208198735
2,CA0331300,"Riverside, CA",violent,-0.11919255120067358,-0.12493274921342193,0.028410841518062332
3,CA0331300,"Riverside, CA",violent,-0.08349324284739391,-0.05855099231361209,0.028414592575714322
4,CA0331300,"Riverside, CA",violent,0.0018861775344930175,0.02440758414447473,0.02841373484658442
5,CA0331300,"Riverside, CA",violent,0.061378368913264515,0.03422722850987636,0.028414592575714326
6,CA0331300,"Riverside, CA",violent,0.0731202394301756,0.02635577519512715,0.028410841518062332
7,CA0331300,"Riverside, CA",violent,0.07742077716314569,0.0777762366212045,0.02836627020819873
8,CA0331300,"Riverside, CA",violent,0.08304573516707066,0.12426335247432116,0.028410841518062332
9,CA0331300,"Riverside, CA",violent,0.05826335062100446,0.07873209095287262,0.02841459257571433
10,CA0331300,"Riverside, CA",violent,0.009030746272720444,-0.003557088766113458,0.02841373484658442
11,CA0331300,"Riverside, CA",violent,-0.02523155287966163,-0.03355783177077564,0.028414592575714322
12,CA0331300,"Riverside, CA",violent,-0.0478903472037861,-0.04653687383438761,0.028410841518062332
1,CA0331500,"Corona, CA",violent,-0.08833770097035916,-0.06922249141281261,0.034443497621029044
2,CA0331500,"Corona, CA",violent,-0.11919255120067358,-0.1128574284822423,0.03446358186436221
3,CA0331500,"Corona, CA",violent,-0.08349324284739391,-0.08525145815099007,0.034448954646090366
4,CA0331500,"Corona, CA",violent,0.0018861775344930175,0.005486187313303192,0.0344515914117845
5,CA0331500,"Corona, CA",violent,0.061378368913264515,0.052364904612268726,0.034448954646090366
6,CA0331500,"Corona, CA",violent,0.0731202394301756,0.03229876455569957,0.03446358186436221
7,CA0331500,"Corona, CA",violent,0.07742077716314569,0.03473005576626338,0.034443497621029044
8,CA0331500,"Corona, CA",violent,0.08304573516707066,0.08215723816030401,0.03446358186436221
9,CA0331500,"Corona, CA",violent,0.05826335062100446,0.08904370347560102,0.03444895464609037
10,CA0331500,"Corona, CA",violent,0.009030746272720444,0.029006248333246037,0.0344515914117845
11,CA0331500,"Corona, CA",violent,-0.02523155287966163,-0.02166471429033048,0.034448954646090366
12,CA0331500,"Corona, CA",violent,-0.0478903472037861,-0.036091009880310505,0.03446358186436221
1,CA0334200,"Murrieta, CA",violent,-0.08833770097035916,-0.08901303253725883,0.03747253156006623
2,CA0334200,"Murrieta, CA",violent,-0.11919255120067358,-0.1268924637709589,0.03745559504858198
3,CA0334200,"Murrieta, CA",violent,-0.08349324284739391,-0.07097445937631838,0.03744188231597401
4,CA0334200,"Murrieta, CA",violent,0.0018861775344930175,0.01567898372547544,0.037426037679380325
5,CA0334200,"Murrieta, CA",violent,0.061378368913264515,0.04593005485852122,0.037441882315974014
6,CA0334200,"Murrieta, CA",violent,0.0731202394301756,0.03581508881102778,0.03745559504858198
7,CA0334200,"Murrieta, CA",violent,0.07742077716314569,0.04436797164833818,0.037472531560066226
8,CA0334200,"Murrieta, CA",violent,0.08304573516707066,0.061496106891600295,0.03745559504858198
9,CA0334200,"Murrieta, CA",violent,0.05826335062100446,0.05022316338588043,0.037441882315974014
10,CA0334200,"Murrieta, CA",violent,0.009030746272720444,0.02896607716344519,0.037426037679380325
11,CA0334200,"Murrieta, CA",violent,-0.02523155287966163,0.01946630202083733,0.03744188231597401
12,CA0334200,"Murrieta, CA",violent,-0.0478903472037861,-0.015063792820589773,0.03745559504858198
1,CA0340000,"Sacramento, CA",violent,-0.08833770097035916,-0.09144799720223672,0.027454085946276276
2,CA0340000,"Sacramento, CA",violent,-0.11919255120067358,-0.11225546745720985,0.0274797871514634
3,CA0340000,"Sacramento, CA",violent,-0.08349324284739391,-0.07287626339125694,0.02748578763315475
4,CA0340000,"Sacramento, CA",violent,0.0018861775344930175,0.0057249983550926396,0.027510163199791677
5,CA0340000,"Sacramento, CA",violent,0.061378368913264515,0.06026158430179986,0.027485787633154752
6,CA0340000,"Sacramento, CA",violent,0.0731202394301756,0.07141956702462597,0.0274797871514634
7,CA0340000,"Sacramento, CA",violent,0.07742077716314569,0.07085751757880385,0.027454085946276272
8,CA0340000,"Sacramento, CA",violent,0.08304573516707066,0.0709635685395983,0.0274797871514634
9,CA0340000,"Sacramento, CA",violent,0.05826335062100446,0.052174844097078274,0.027485787633154752
10,CA0340000,"Sacramento, CA",violent,0.009030746272720444,0.01486548126834023,0.027510163199791677
11,CA0340000,"Sacramento, CA",violent,-0.02523155287966163,-0.018969685384188355,0.02748578763315475
12,CA0340000,"Sacramento, CA",violent,-0.0478903472037861,-0.05071814773044726,0.0274797871514634
1,CA0340100,"Folsom, CA",violent,-0.08833770097035916,-0.03525759068909007,0.03876894812316703
2,CA0340100,"Folsom, CA",violent,-0.11919255120067358,-0.07316328844794315,0.0388350704908727
3,CA0340100,"Folsom, CA",violent,-0.08349324284739391,-0.06335975167436302,0.038787489859955934
4,CA0340100,"Folsom, CA",violent,0.0018861775344930175,0.0013910143112028995,0.038812028497436854
5,CA0340100,"Folsom, CA",violent,0.061378368913264515,0.047229909882161,0.03878748985995594
6,CA0340100,"Folsom, CA",violent,0.0731202394301756,0.047221192433950065,0.0388350704908727
7,CA0340100,"Folsom, CA",violent,0.07742077716314569,0.048310340747302005,0.03876894812316702
8,CA0340100,"Folsom, CA",violent,0.08304573516707066,0.06008112785505065,0.0388350704908727
9,CA0340100,"Folsom, CA",violent,0.05826335062100446,0.03722484102325857,0.03878748985995594
10,CA0340100,"Folsom, CA",violent,0.009030746272720444,-0.014443764369414842,0.038812028497436854
11,CA0340100,"Folsom, CA",violent,-0.02523155287966163,-0.03414774928926852,0.038787489859955934
12,CA0340100,"Folsom, CA",violent,-0.0478903472037861,-0.02108628178284561,0.0388350704908727
1,CA0340400,"Sacramento, CA",violent,-0.08833770097035916,-0.07530475349716635,0.026994696908065004
2,CA0340400,"Sacramento, CA",violent,-0.11919255120067358,-0.12016121109190725,0.02702349407851534
3,CA0340400,"Sacramento, CA",violent,-0.08349324284739391,-0.10012908222249944,0.02703919506673461
4,CA0340400,"Sacramento, CA",violent,0.0018861775344930175,-7.347127166645216e-4,0.02705260707289425
5,CA0340400,"Sacramento, CA",violent,0.061378368913264515,0.07463216742272459,0.027039195066734613
6,CA0340400,"Sacramento, CA",violent,0.0731202394301756,0.079994272074626,0.02702349407851534
7,CA0340400,"Sacramento, CA",violent,0.07742077716314569,0.08220478664443374,0.026994696908065
8,CA0340400,"Sacramento, CA",violent,0.08304573516707066,0.10392860957109554,0.02702349407851534
9,CA0340400,"Sacramento, CA",violent,0.05826335062100446,0.07699644755442035,0.027039195066734616
10,CA0340400,"Sacramento, CA",violent,0.009030746272720444,-0.006165320430602869,0.02705260707289425
11,CA0340400,"Sacramento, CA",violent,-0.02523155287966163,-0.058399565901912906,0.02703919506673461
12,CA0340400,"Sacramento, CA",violent,-0.0478903472037861,-0.05686163740654689,0.027023494078515335
1,CA0340H00,"Elk Grove, CA",violent,-0.08833770097035916,-0.10806449642550486,0.03355542744804377
2,CA0340H00,"Elk Grove, CA",violent,-0.11919255120067358,-0.1400589383665341,0.033584918414135786
3,CA0340H00,"Elk Grove, CA",violent,-0.08349324284739391,-0.10904496350347943,0.03357623032106778
4,CA0340H00,"Elk Grove, CA",violent,0.0018861775344930175,-0.004662390485900719,0.03354014432077076
5,CA0340H00,"Elk Grove, CA",violent,0.061378368913264515,0.0776415703026171,0.03357623032106778
6,CA0340H00,"Elk Grove, CA",violent,0.0731202394301756,0.07243018596433115,0.033584918414135786
7,CA0340H00,"Elk Grove, CA",violent,0.07742077716314569,0.046425985582321035,0.03355542744804376
8,CA0340H00,"Elk Grove, CA",violent,0.08304573516707066,0.07254148753938816,0.033584918414135786
9,CA0340H00,"Elk Grove, CA",violent,0.05826335062100446,0.10316602351951731,0.03357623032106778
10,CA0340H00,"Elk Grove, CA",violent,0.009030746272720444,0.06630090132908456,0.03354014432077076
11,CA0340H00,"Elk Grove, CA",violent,-0.02523155287966163,-0.010124119475471212,0.03357623032106778
12,CA0340H00,"Elk Grove, CA",violent,-0.0478903472037861,-0.06655124598036903,0.03358491841413578
1,CA0349600,"Citrus Heights, CA",violent,-0.08833770097035916,-0.07112588907984024,0.034196189943851533
2,CA0349600,"Citrus Heights, CA",violent,-0.11919255120067358,-0.09756316743911676,0.034283614700930755
3,CA0349600,"Citrus Heights, CA",violent,-0.08349324284739391,-0.07813594386971284,0.03425641664287786
4,CA0349600,"Citrus Heights, CA",violent,0.0018861775344930175,-0.01087663861340077,0.034264434363312384
5,CA0349600,"Citrus Heights, CA",violent,0.061378368913264515,0.050185510698227825,0.03425641664287786
6,CA0349600,"Citrus Heights, CA",violent,0.0731202394301756,0.06934711194360194,0.034283614700930755
7,CA0349600,"Citrus Heights, CA",violent,0.07742077716314569,0.06687000312318336,0.03419618994385153
8,CA0349600,"Citrus Heights, CA",violent,0.08304573516707066,0.06431752444612478,0.034283614700930755
9,CA0349600,"Citrus Heights, CA",violent,0.05826335062100446,0.049146186833377736,0.03425641664287787
10,CA0349600,"Citrus Heights, CA",violent,0.009030746272720444,0.015132524570057638,0.034264434363312384
11,CA0349600,"Citrus Heights, CA",violent,-0.02523155287966163,-0.016939867705235877,0.03425641664287786
12,CA0349600,"Citrus Heights, CA",violent,-0.0478903472037861,-0.04035735490726679,0.034283614700930755
1,CA0360200,"Chino, CA",violent,-0.08833770097035916,-0.059524846859739904,0.03464810581448917
2,CA0360200,"Chino, CA",violent,-0.11919255120067358,-0.07683546226110965,0.03465693903638881
3,CA0360200,"Chino, CA",violent,-0.08349324284739391,-0.05922508019223461,0.03469473574471991
4,CA0360200,"Chino, CA",violent,0.0018861775344930175,-5.431479936002221e-4,0.03467087160949236
5,CA0360200,"Chino, CA",violent,0.061378368913264515,0.044207319084212514,0.034694735744719915
6,CA0360200,"Chino, CA",violent,0.0731202394301756,0.05473923314017834,0.03465693903638881
7,CA0360200,"Chino, CA",violent,0.07742077716314569,0.06725381899567508,0.03464810581448917
8,CA0360200,"Chino, CA",violent,0.08304573516707066,0.08386503971682802,0.03465693903638881
9,CA0360200,"Chino, CA",violent,0.05826335062100446,0.058525685512017804,0.034694735744719915
10,CA0360200,"Chino, CA",violent,0.009030746272720444,-0.007185824142334955,0.03467087160949236
11,CA0360200,"Chino, CA",violent,-0.02523155287966163,-0.051236896539930896,0.03469473574471991
12,CA0360200,"Chino, CA",violent,-0.0478903472037861,-0.054039838459961506,0.03465693903638881
1,CA0370000,"San Diego, CA",violent,-0.08833770097035916,-0.118657526865014,0.027448559857087225
2,CA0370000,"San Diego, CA",violent,-0.11919255120067358,-0.08815554999849388,0.027497744330211668
3,CA0370000,"San Diego, CA",violent,-0.08349324284739391,-0.04621142309979861,0.027488900408058844
4,CA0370000,"San Diego, CA",violent,0.0018861775344930175,-0.0061743667360058775,0.027508180674779732
5,CA0370000,"San Diego, CA",violent,0.061378368913264515,0.039437581444793715,0.027488900408058847
6,CA0370000,"San Diego, CA",violent,0.0731202394301756,0.07670601578844624,0.027497744330211668
7,CA0370000,"San Diego, CA",violent,0.07742077716314569,0.0856936132994128,0.02744855985708722
8,CA0370000,"San Diego, CA",violent,0.08304573516707066,0.07775450522979706,0.027497744330211668
9,CA0370000,"San Diego, CA",violent,0.05826335062100446,0.06877429189670298,0.027488900408058847
10,CA0370000,"San Diego, CA",violent,0.009030746272720444,0.03913828030160707,0.027508180674779732
11,CA0370000,"San Diego, CA",violent,-0.02523155287966163,-0.029036536676096923,0.027488900408058844
12,CA0370000,"San Diego, CA",violent,-0.0478903472037861,-0.09926888458535055,0.027497744330211668
1,CA0370100,"Carlsbad, CA",violent,-0.08833770097035916,-0.08199014725134955,0.03556827726913015
2,CA0370100,"Carlsbad, CA",violent,-0.11919255120067358,-0.059772657177535195,0.03563425568550809
3,CA0370100,"Carlsbad, CA",violent,-0.08349324284739391,-0.017591774373062797,0.03563295781687968
4,CA0370100,"Carlsbad, CA",violent,0.0018861775344930175,-0.00432323546515599,0.03561133588381807
5,CA0370100,"Carlsbad, CA",violent,0.061378368913264515,-1.0273133754552524e-4,0.03563295781687968
6,CA0370100,"Carlsbad, CA",violent,0.0731202394301756,0.038769510288874605,0.03563425568550809
7,CA0370100,"Carlsbad, CA",violent,0.07742077716314569,0.0847171849823331,0.035568277269130144
8,CA0370100,"Carlsbad, CA",violent,0.08304573516707066,0.07959983237625987,0.03563425568550809
9,CA0370100,"Carlsbad, CA",violent,0.05826335062100446,0.034691911840803905,0.03563295781687968
10,CA0370100,"Carlsbad, CA",violent,0.009030746272720444,0.001596197734172406,0.03561133588381807
11,CA0370100,"Carlsbad, CA",violent,-0.02523155287966163,-0.019724443861179178,0.03563295781687968
12,CA0370100,"Carlsbad, CA",violent,-0.0478903472037861,-0.05586964775661565,0.03563425568550809
1,CA0370200,"Chula Vista, CA",violent,-0.08833770097035916,-0.09540897903749511,0.029993977055503062
2,CA0370200,"Chula Vista, CA",violent,-0.11919255120067358,-0.07064782004096462,0.030017744733316552
3,CA0370200,"Chula Vista, CA",violent,-0.08349324284739391,-0.021433698430686727,0.030027382639227752
4,CA0370200,"Chula Vista, CA",violent,0.0018861775344930175,-1.95751216122968e-4,0.030002028766615254
5,CA0370200,"Chula Vista, CA",violent,0.061378368913264515,0.002233224181041511,0.030027382639227756
6,CA0370200,"Chula Vista, CA",violent,0.0731202394301756,0.02695165536591985,0.030017744733316552
7,CA0370200,"Chula Vista, CA",violent,0.07742077716314569,0.06581685219193274,0.02999397705550306
8,CA0370200,"Chula Vista, CA",violent,0.08304573516707066,0.07749711713214229,0.030017744733316552
9,CA0370200,"Chula Vista, CA",violent,0.05826335062100446,0.05787512236742677,0.03002738263922776
10,CA0370200,"Chula Vista, CA",violent,0.009030746272720444,0.029787878061685324,0.030002028766615254
11,CA0370200,"Chula Vista, CA",violent,-0.02523155287966163,-0.009082521272219212,0.030027382639227756
12,CA0370200,"Chula Vista, CA",violent,-0.0478903472037861,-0.06339307930265983,0.030017744733316552
1,CA0370500,"El Cajon, CA",violent,-0.08833770097035916,-0.03365917918343065,0.032288042963783126
2,CA0370500,"El Cajon, CA",violent,-0.11919255120067358,-0.09122736616571077,0.03234402065350698
3,CA0370500,"El Cajon, CA",violent,-0.08349324284739391,-0.1101055576304855,0.032330964144892775
4,CA0370500,"El Cajon, CA",violent,0.0018861775344930175,-0.01967176150457098,0.03233489694100053
5,CA0370500,"El Cajon, CA",violent,0.061378368913264515,0.07013494417808651,0.03233096414489278
6,CA0370500,"El Cajon, CA",violent,0.0731202394301756,0.05668543116654821,0.03234402065350698
7,CA0370500,"El Cajon, CA",violent,0.07742077716314569,0.020943327630693807,0.03228804296378312
8,CA0370500,"El Cajon, CA",violent,0.08304573516707066,0.05570552003616991,0.03234402065350698
9,CA0370500,"El Cajon, CA",violent,0.05826335062100446,0.0872995630536815,0.03233096414489278
10,CA0370500,"El Cajon, CA",violent,0.009030746272720444,0.032387613057307856,0.03233489694100053
11,CA0370500,"El Cajon, CA",violent,-0.02523155287966163,-0.03461309804854568,0.032330964144892775
12,CA0370500,"El Cajon, CA",violent,-0.0478903472037861,-0.033879436589744225,0.03234402065350698
1,CA0370600,"Escondido, CA",violent,-0.08833770097035916,-0.09372759817114902,0.031799893241173424
2,CA0370600,"Escondido, CA",violent,-0.11919255120067358,-0.1473405606196489,0.031884994811570734
3,CA0370600,"Escondido, CA",violent,-0.08349324284739391,-0.0908002501724578,0.03183576653222395
4,CA0370600,"Escondido, CA",violent,0.0018861775344930175,0.0038417725775778625,0.03187283037349644
5,CA0370600,"Escondido, CA",violent,0.061378368913264515,0.04127334581044267,0.031835766532223954
6,CA0370600,"Escondido, CA",violent,0.0731202394301756,0.04548115916937211,0.031884994811570734
7,CA0370600,"Escondido, CA",violent,0.07742077716314569,0.07079820170923314,0.031799893241173424
8,CA0370600,"Escondido, CA",violent,0.08304573516707066,0.08481708446282396,0.031884994811570734
9,CA0370600,"Escondido, CA",violent,0.05826335062100446,0.05120617047754874,0.031835766532223954
10,CA0370600,"Escondido, CA",violent,0.009030746272720444,0.019087623884337997,0.03187283037349644
11,CA0370600,"Escondido, CA",violent,-0.02523155287966163,0.02125013034638221,0.03183576653222395
12,CA0370600,"Escondido, CA",violent,-0.0478903472037861,-0.0058870794744629714,0.031884994811570734
1,CA0370800,"La Mesa, CA",violent,-0.08833770097035916,-0.04546621894322997,0.036491937218182
2,CA0370800,"La Mesa, CA",violent,-0.11919255120067358,-0.10437260880059893,0.0364980150795664
3,CA0370800,"La Mesa, CA",violent,-0.08349324284739391,-0.0856369087576438,0.03651643418692067
4,CA0370800,"La Mesa, CA",violent,0.0018861775344930175,-0.005601625801523839,0.036480935785179545
5,CA0370800,"La Mesa, CA",violent,0.061378368913264515,0.0367742089675348,0.03651643418692067
6,CA0370800,"La Mesa, CA",violent,0.0731202394301756,0.02977985551462227,0.0364980150795664
7,CA0370800,"La Mesa, CA",violent,0.07742077716314569,0.04228795250176853,0.036491937218182
8,CA0370800,"La Mesa, CA",violent,0.08304573516707066,0.07246646102993405,0.0364980150795664
9,CA0370800,"La Mesa, CA",violent,0.05826335062100446,0.05690902742844036,0.036516434186920674
10,CA0370800,"La Mesa, CA",violent,0.009030746272720444,0.008779892242985265,0.036480935785179545
11,CA0370800,"La Mesa, CA",violent,-0.02523155287966163,-0.004868061196869949,0.03651643418692067
12,CA0370800,"La Mesa, CA",violent,-0.0478903472037861,-0.0010519741854188008,0.0364980150795664
1,CA0370900,"National City, CA",violent,-0.08833770097035916,-0.08337010625586702,0.03355809657893681
2,CA0370900,"National City, CA",violent,-0.11919255120067358,-0.12028235058008482,0.033616698941980015
3,CA0370900,"National City, CA",violent,-0.08349324284739391,-0.07329116252120021,0.03360015785018832
4,CA0370900,"National City, CA",violent,0.0018861775344930175,0.0025474615412905003,0.0336247558668286
5,CA0370900,"National City, CA",violent,0.061378368913264515,0.03594774697836877,0.03360015785018833
6,CA0370900,"National City, CA",violent,0.0731202394301756,0.048587301498990265,0.033616698941980015
7,CA0370900,"National City, CA",violent,0.07742077716314569,0.07812611791427466,0.033558096578936804
8,CA0370900,"National City, CA",violent,0.08304573516707066,0.08794153995175791,0.033616698941980015
9,CA0370900,"National City, CA",violent,0.05826335062100446,0.046194340234465656,0.03360015785018833
10,CA0370900,"National City, CA",violent,0.009030746272720444,0.002696526800301833,0.0336247558668286
11,CA0370900,"National City, CA",violent,-0.02523155287966163,-0.0036069363500419,0.03360015785018832
12,CA0370900,"National City, CA",violent,-0.0478903472037861,-0.021490479212255637,0.033616698941980015
1,CA0371000,"Oceanside, CA",violent,-0.08833770097035916,-0.10949616184053972,0.03081286311470613
2,CA0371000,"Oceanside, CA",violent,-0.11919255120067358,-0.13289425517142023,0.030852045917688246
3,CA0371000,"Oceanside, CA",violent,-0.08349324284739391,-0.07860454588790279,0.030834617513804324
4,CA0371000,"Oceanside, CA",violent,0.0018861775344930175,-1.1363005813281244e-4,0.030860067377398045
5,CA0371000,"Oceanside, CA",violent,0.061378368913264515,0.0409852477772957,0.03083461751380433
6,CA0371000,"Oceanside, CA",violent,0.0731202394301756,0.056904199576656836,0.030852045917688246
7,CA0371000,"Oceanside, CA",violent,0.07742077716314569,0.07928301290596335,0.030812863114706122
8,CA0371000,"Oceanside, CA",violent,0.08304573516707066,0.089959559760336,0.030852045917688246
9,CA0371000,"Oceanside, CA",violent,0.05826335062100446,0.06588299941139493,0.03083461751380433
10,CA0371000,"Oceanside, CA",violent,0.009030746272720444,0.03032677899270917,0.030860067377398045
11,CA0371000,"Oceanside, CA",violent,-0.02523155287966163,0.0019494476337884768,0.030834617513804324
12,CA0371000,"Oceanside, CA",violent,-0.0478903472037861,-0.04418265310014891,0.030852045917688243
1,CA0371100,"San Diego, CA",violent,-0.08833770097035916,-0.09854144166608614,0.02652317221674965
2,CA0371100,"San Diego, CA",violent,-0.11919255120067358,-0.09665321117564345,0.02655210666373637
3,CA0371100,"San Diego, CA",violent,-0.08349324284739391,-0.059478617298194224,0.026568604091272756
4,CA0371100,"San Diego, CA",violent,0.0018861775344930175,-0.007918535059952915,0.026575147928594525
5,CA0371100,"San Diego, CA",violent,0.061378368913264515,0.033189850438796,0.02656860409127276
6,CA0371100,"San Diego, CA",violent,0.0731202394301756,0.061257038273057667,0.02655210666373637
7,CA0371100,"San Diego, CA",violent,0.07742077716314569,0.0829693991391206,0.026523172216749647
8,CA0371100,"San Diego, CA",violent,0.08304573516707066,0.08978342885928907,0.02655210666373637
9,CA0371100,"San Diego, CA",violent,0.05826335062100446,0.0681808775088054,0.02656860409127276
10,CA0371100,"San Diego, CA",violent,0.009030746272720444,0.02349057758691844,0.026575147928594525
11,CA0371100,"San Diego, CA",violent,-0.02523155287966163,-0.02632006812244166,0.026568604091272756
12,CA0371100,"San Diego, CA",violent,-0.0478903472037861,-0.06995929848366877,0.02655210666373637
1,CA0380100,"San Francisco, CA",violent,-0.08833770097035916,-0.07979871296024989,0.026615479086678294
2,CA0380100,"San Francisco, CA",violent,-0.11919255120067358,-0.0710790838105094,0.026644451174599834
3,CA0380100,"San Francisco, CA",violent,-0.08349324284739391,-0.05458341802278884,0.026658826059961994
4,CA0380100,"San Francisco, CA",violent,0.0018861775344930175,-0.027981154736968675,0.026668072386480054
5,CA0380100,"San Francisco, CA",violent,0.061378368913264515,0.011656872866214717,0.026658826059961997
6,CA0380100,"San Francisco, CA",violent,0.0731202394301756,0.04640949027243144,0.026644451174599834
7,CA0380100,"San Francisco, CA",violent,0.07742077716314569,0.06263884989476642,0.02661547908667829
8,CA0380100,"San Francisco, CA",violent,0.08304573516707066,0.06957745076466447,0.026644451174599834
9,CA0380100,"San Francisco, CA",violent,0.05826335062100446,0.07024164804242738,0.026658826059961997
10,CA0380100,"San Francisco, CA",violent,0.009030746272720444,0.04514101780245213,0.026668072386480054
11,CA0380100,"San Francisco, CA",violent,-0.02523155287966163,-0.010155239820369828,0.026658826059961994
12,CA0380100,"San Francisco, CA",violent,-0.0478903472037861,-0.06206772029206994,0.026644451174599834
1,CA0390300,"Manteca, CA",violent,-0.08833770097035916,-0.07727196088366459,0.035323300108902854
2,CA0390300,"Manteca, CA",violent,-0.11919255120067358,-0.11333364309676223,0.03533882685828494
3,CA0390300,"Manteca, CA",violent,-0.08349324284739391,-0.07889392690388207,0.03536052111156069
4,CA0390300,"Manteca, CA",violent,0.0018861775344930175,0.03221864169323074,0.0353474724824886
5,CA0390300,"Manteca, CA",violent,0.061378368913264515,0.10081528066815887,0.0353605211115607
6,CA0390300,"Manteca, CA",violent,0.0731202394301756,0.08044655308546862,0.03533882685828494
7,CA0390300,"Manteca, CA",violent,0.07742077716314569,0.05973573238999699,0.035323300108902854
8,CA0390300,"Manteca, CA",violent,0.08304573516707066,0.0787199942955448,0.03533882685828494
9,CA0390300,"Manteca, CA",violent,0.05826335062100446,0.061816506596332255,0.0353605211115607
10,CA0390300,"Manteca, CA",violent,0.009030746272720444,-0.014682413199563135,0.0353474724824886
11,CA0390300,"Manteca, CA",violent,-0.02523155287966163,-0.06620163186694149,0.03536052111156069
12,CA0390300,"Manteca, CA",violent,-0.0478903472037861,-0.06336913277791881,0.03533882685828494
1,CA0390600,"Tracy, CA",violent,-0.08833770097035916,-0.0893701741138686,0.03598968336862051
2,CA0390600,"Tracy, CA",violent,-0.11919255120067358,-0.09436753427931946,0.03607179436056146
3,CA0390600,"Tracy, CA",violent,-0.08349324284739391,-0.04031696724587732,0.0360590059592208
4,CA0390600,"Tracy, CA",violent,0.0018861775344930175,0.017388408728789207,0.036126986397478404
5,CA0390600,"Tracy, CA",violent,0.061378368913264515,0.04893080911948563,0.036059005959220805
6,CA0390600,"Tracy, CA",violent,0.0731202394301756,0.08317410359835488,0.03607179436056146
7,CA0390600,"Tracy, CA",violent,0.07742077716314569,0.11304004760784667,0.035989683368620504
8,CA0390600,"Tracy, CA",violent,0.08304573516707066,0.08454668018209563,0.03607179436056146
9,CA0390600,"Tracy, CA",violent,0.05826335062100446,0.0068262396546754185,0.036059005959220805
10,CA0390600,"Tracy, CA",violent,0.009030746272720444,-0.04105828222276729,0.036126986397478404
11,CA0390600,"Tracy, CA",violent,-0.02523155287966163,-0.039109955022261826,0.0360590059592208
12,CA0390600,"Tracy, CA",violent,-0.0478903472037861,-0.04968337600715292,0.03607179436056146
1,CA0410000,"San Mateo, CA",violent,-0.08833770097035916,-0.017962047735872268,0.034754448248671826
2,CA0410000,"San Mateo, CA",violent,-0.11919255120067358,-0.07042412416513719,0.03479601658775109
3,CA0410000,"San Mateo, CA",violent,-0.08349324284739391,-0.08419117675173761,0.03481577039423604
4,CA0410000,"San Mateo, CA",violent,0.0018861775344930175,0.004174794895568722,0.03479128494094978
5,CA0410000,"San Mateo, CA",violent,0.061378368913264515,0.07993887420644195,0.03481577039423605
6,CA0410000,"San Mateo, CA",violent,0.0731202394301756,0.05732449989156945,0.03479601658775109
7,CA0410000,"San Mateo, CA",violent,0.07742077716314569,0.025106823885661905,0.03475444824867182
8,CA0410000,"San Mateo, CA",violent,0.08304573516707066,0.0547790143040104,0.03479601658775109
9,CA0410000,"San Mateo, CA",violent,0.05826335062100446,0.061401290740821214,0.03481577039423605
10,CA0410000,"San Mateo, CA",violent,0.009030746272720444,-0.011319571045358323,0.03479128494094978
11,CA0410000,"San Mateo, CA",violent,-0.02523155287966163,-0.0642937643453152,0.03481577039423604
12,CA0410000,"San Mateo, CA",violent,-0.0478903472037861,-0.03453461388065309,0.03479601658775109
1,CA0410600,"Daly City, CA",violent,-0.08833770097035916,-0.04407331291560818,0.035399148088716664
2,CA0410600,"Daly City, CA",violent,-0.11919255120067358,-0.1380526787144931,0.03545126251110658
3,CA0410600,"Daly City, CA",violent,-0.08349324284739391,-0.08450296126070278,0.03536940434668478
4,CA0410600,"Daly City, CA",violent,0.0018861775344930175,0.05600751134673199,0.035395713219166215
5,CA0410600,"Daly City, CA",violent,0.061378368913264515,0.0763013476622041,0.035369404346684785
6,CA0410600,"Daly City, CA",violent,0.0731202394301756,-0.005999022012111366,0.03545126251110658
7,CA0410600,"Daly City, CA",violent,0.07742077716314569,-0.004642066924513805,0.03539914808871666
8,CA0410600,"Daly City, CA",violent,0.08304573516707066,0.07477953712736754,0.03545126251110658
9,CA0410600,"Daly City, CA",violent,0.05826335062100446,0.06994519951369925,0.035369404346684785
10,CA0410600,"Daly City, CA",violent,0.009030746272720444,-0.007292131506609991,0.035395713219166215
11,CA0410600,"Daly City, CA",violent,-0.02523155287966163,-0.013028206075078584,0.035369404346684785
12,CA0410600,"Daly City, CA",violent,-0.0478903472037861,0.020556783759114926,0.03545126251110658
1,CA0411300,"Redwood City, CA",violent,-0.08833770097035916,-0.13238113292541254,0.03542537857078876
2,CA0411300,"Redwood City, CA",violent,-0.11919255120067358,-0.155716133897596,0.0354743657799196
3,CA0411300,"Redwood City, CA",violent,-0.08349324284739391,-0.08797527697457785,0.035414105743606365
4,CA0411300,"Redwood City, CA",violent,0.0018861775344930175,0.009437264602209141,0.0354359403658605
5,CA0411300,"Redwood City, CA",violent,0.061378368913264515,0.05993235532747243,0.03541410574360637
6,CA0411300,"Redwood City, CA",violent,0.0731202394301756,0.07099883303856411,0.0354743657799196
7,CA0411300,"Redwood City, CA",violent,0.07742077716314569,0.0851958654806281,0.03542537857078875
8,CA0411300,"Redwood City, CA",violent,0.08304573516707066,0.0949714192261263,0.0354743657799196
9,CA0411300,"Redwood City, CA",violent,0.05826335062100446,0.07441582974789257,0.03541410574360637
10,CA0411300,"Redwood City, CA",violent,0.009030746272720444,0.03774800284257528,0.0354359403658605
11,CA0411300,"Redwood City, CA",violent,-0.02523155287966163,8.123593439972273e-4,0.035414105743606365
12,CA0411300,"Redwood City, CA",violent,-0.0478903472037861,-0.057439385811878754,0.0354743657799196
1,CA0420400,"Santa Maria, CA",violent,-0.08833770097035916,-0.0780925013878458,0.031332676306762466
2,CA0420400,"Santa Maria, CA",violent,-0.11919255120067358,-0.12268752262197234,0.03134478069097937
3,CA0420400,"Santa Maria, CA",violent,-0.08349324284739391,-0.06397159490032016,0.0313263041168047
4,CA0420400,"Santa Maria, CA",violent,0.0018861775344930175,0.020780960123166076,0.03133898412213906
5,CA0420400,"Santa Maria, CA",violent,0.061378368913264515,0.02734171631984898,0.031326304116804704
6,CA0420400,"Santa Maria, CA",violent,0.0731202394301756,0.0032925073650191708,0.03134478069097937
7,CA0420400,"Santa Maria, CA",violent,0.07742077716314569,0.03878297782636201,0.03133267630676246
8,CA0420400,"Santa Maria, CA",violent,0.08304573516707066,0.08935198603899686,0.03134478069097937
9,CA0420400,"Santa Maria, CA",violent,0.05826335062100446,0.06994558187882846,0.031326304116804704
10,CA0420400,"Santa Maria, CA",violent,0.009030746272720444,0.01852856343831771,0.03133898412213906
11,CA0420400,"Santa Maria, CA",violent,-0.02523155287966163,0.005993820263126461,0.0313263041168047
12,CA0420400,"Santa Maria, CA",violent,-0.0478903472037861,-0.009266494343527432,0.03134478069097937
1,CA0430400,"Gilroy, CA",violent,-0.08833770097035916,-0.06433405520177236,0.035411950714763094
2,CA0430400,"Gilroy, CA",violent,-0.11919255120067358,-0.08348042878523831,0.0355050983904067
3,CA0430400,"Gilroy, CA",violent,-0.08349324284739391,-0.11198830719084173,0.03549542004071272
4,CA0430400,"Gilroy, CA",violent,0.0018861775344930175,-0.08469119605350012,0.03555029804395493
5,CA0430400,"Gilroy, CA",violent,0.061378368913264515,0.010509306758965891,0.035495420040712725
6,CA0430400,"Gilroy, CA",violent,0.0731202394301756,0.08422520860018587,0.0355050983904067
7,CA0430400,"Gilroy, CA",violent,0.07742077716314569,0.08381131629772291,0.03541195071476309
8,CA0430400,"Gilroy, CA",violent,0.08304573516707066,0.06612845440124872,0.0355050983904067
9,CA0430400,"Gilroy, CA",violent,0.05826335062100446,0.07515907171090157,0.035495420040712725
10,CA0430400,"Gilroy, CA",violent,0.009030746272720444,0.06521393495754957,0.03555029804395493
11,CA0430400,"Gilroy, CA",violent,-0.02523155287966163,0.006842667625023677,0.03549542004071272
12,CA0430400,"Gilroy, CA",violent,-0.0478903472037861,-0.04739597312024567,0.0355050983904067
1,CA0431100,"Mountain View, CA",violent,-0.08833770097035916,-0.12636119783621627,0.03681734625073766
2,CA0431100,"Mountain View, CA",violent,-0.11919255120067358,-0.08782154324020275,0.036848663797134355
3,CA0431100,"Mountain View, CA",violent,-0.08349324284739391,-0.04063121264023479,0.03680287186802388
4,CA0431100,"Mountain View, CA",violent,0.0018861775344930175,-0.014493645978570325,0.036818573321330775
5,CA0431100,"Mountain View, CA",violent,0.061378368913264515,0.021967088689996268,0.03680287186802389
6,CA0431100,"Mountain View, CA",violent,0.0731202394301756,0.06437383047296302,0.036848663797134355
7,CA0431100,"Mountain View, CA",violent,0.07742077716314569,0.07142568364538673,0.036817346250737654
8,CA0431100,"Mountain View, CA",violent,0.08304573516707066,0.05594844009099193,0.036848663797134355
9,CA0431100,"Mountain View, CA",violent,0.05826335062100446,0.0636936236818535,0.03680287186802389
10,CA0431100,"Mountain View, CA",violent,0.009030746272720444,0.06942916016939985,0.036818573321330775
11,CA0431100,"Mountain View, CA",violent,-0.02523155287966163,0.009906014459214513,0.03680287186802388
12,CA0431100,"Mountain View, CA",violent,-0.0478903472037861,-0.08743624151458165,0.036848663797134355
1,CA0431200,"Palo Alto, CA",violent,-0.08833770097035916,-0.04110017642922431,0.03924211595858813
2,CA0431200,"Palo Alto, CA",violent,-0.11919255120067358,-0.08546415742239626,0.039266404776881515
3,CA0431200,"Palo Alto, CA",violent,-0.08349324284739391,-0.08497679210924111,0.03926954320821737
4,CA0431200,"Palo Alto, CA",violent,0.0018861775344930175,-0.032990825481742925,0.03930875696849977
5,CA0431200,"Palo Alto, CA",violent,0.061378368913264515,0.025922684325873968,0.03926954320821738
6,CA0431200,"Palo Alto, CA",violent,0.0731202394301756,0.06701304289069669,0.039266404776881515
7,CA0431200,"Palo Alto, CA",violent,0.07742077716314569,0.08987260969937119,0.03924211595858812
8,CA0431200,"Palo Alto, CA",violent,0.08304573516707066,0.07948909975161185,0.039266404776881515
9,CA0431200,"Palo Alto, CA",violent,0.05826335062100446,0.030229301168309824,0.03926954320821738
10,CA0431200,"Palo Alto, CA",violent,0.009030746272720444,-0.015781607788403977,0.03930875696849977
11,CA0431200,"Palo Alto, CA",violent,-0.02523155287966163,-0.019947626655089586,0.03926954320821737
12,CA0431200,"Palo Alto, CA",violent,-0.0478903472037861,-0.012265551949765363,0.039266404776881515
1,CA0431400,"Santa Clara, CA",violent,-0.08833770097035916,-0.04921498161189257,0.0355210424144044
2,CA0431400,"Santa Clara, CA",violent,-0.11919255120067358,-0.061062907907836035,0.03560361152083017
3,CA0431400,"Santa Clara, CA",violent,-0.08349324284739391,-0.0797292951235096,0.0356034743170932
4,CA0431400,"Santa Clara, CA",violent,0.0018861775344930175,-0.04945771965707405,0.03558318453201882
5,CA0431400,"Santa Clara, CA",violent,0.061378368913264515,0.015029426792817395,0.03560347431709321
6,CA0431400,"Santa Clara, CA",violent,0.0731202394301756,0.05229878480466146,0.03560361152083017
7,CA0431400,"Santa Clara, CA",violent,0.07742077716314569,0.06119201033483476,0.0355210424144044
8,CA0431400,"Santa Clara, CA",violent,0.08304573516707066,0.07909635461803424,0.03560361152083017
9,CA0431400,"Santa Clara, CA",violent,0.05826335062100446,0.08578571311076562,0.03560347431709321
10,CA0431400,"Santa Clara, CA",violent,0.009030746272720444,0.03748069093413186,0.03558318453201882
11,CA0431400,"Santa Clara, CA",violent,-0.02523155287966163,-0.033062873503015636,0.0356034743170932
12,CA0431400,"Santa Clara, CA",violent,-0.0478903472037861,-0.05835520279191748,0.03560361152083017
1,CA0431600,"Sunnyvale, CA",violent,-0.08833770097035916,-0.11474770121620721,0.0349644330883113
2,CA0431600,"Sunnyvale, CA",violent,-0.11919255120067358,-0.13456156524324916,0.03493572601659088
3,CA0431600,"Sunnyvale, CA",violent,-0.08349324284739391,-0.07240320014481379,0.034985758377068195
4,CA0431600,"Sunnyvale, CA",violent,0.0018861775344930175,0.0022168503704691543,0.03491117721693791
5,CA0431600,"Sunnyvale, CA",violent,0.061378368913264515,0.02806912368958193,0.0349857583770682
6,CA0431600,"Sunnyvale, CA",violent,0.0731202394301756,0.04277061054732971,0.03493572601659088
7,CA0431600,"Sunnyvale, CA",violent,0.07742077716314569,0.08587434729430166,0.03496443308831129
8,CA0431600,"Sunnyvale, CA",violent,0.08304573516707066,0.11185501701308943,0.03493572601659088
9,CA0431600,"Sunnyvale, CA",violent,0.05826335062100446,0.07857000583655963,0.0349857583770682
10,CA0431600,"Sunnyvale, CA",violent,0.009030746272720444,0.026656503551436384,0.03491117721693791
11,CA0431600,"Sunnyvale, CA",violent,-0.02523155287966163,-0.005362575459422253,0.034985758377068195
12,CA0431600,"Sunnyvale, CA",violent,-0.0478903472037861,-0.048937416239075465,0.03493572601659088
1,CA0440000,"Santa Cruz, CA",violent,-0.08833770097035916,-0.07506197041491731,0.03468786949909696
2,CA0440000,"Santa Cruz, CA",violent,-0.11919255120067358,-0.0987319273091643,0.034733130985989444
3,CA0440000,"Santa Cruz, CA",violent,-0.08349324284739391,-0.09809126212208041,0.034733853270214554
4,CA0440000,"Santa Cruz, CA",violent,0.0018861775344930175,-0.03359941117208067,0.03474166143935366
5,CA0440000,"Santa Cruz, CA",violent,0.061378368913264515,0.045170824447718506,0.03473385327021456
6,CA0440000,"Santa Cruz, CA",violent,0.0731202394301756,0.07450200396407457,0.034733130985989444
7,CA0440000,"Santa Cruz, CA",violent,0.07742077716314569,0.07569619175345199,0.034687869499096954
8,CA0440000,"Santa Cruz, CA",violent,0.08304573516707066,0.09081228479185836,0.03473313098598945
9,CA0440000,"Santa Cruz, CA",violent,0.05826335062100446,0.08953739826623983,0.03473385327021456
10,CA0440000,"Santa Cruz, CA",violent,0.009030746272720444,0.032965189833545995,0.03474166143935366
11,CA0440000,"Santa Cruz, CA",violent,-0.02523155287966163,-0.037251181930412616,0.034733853270214554
12,CA0440000,"Santa Cruz, CA",violent,-0.0478903472037861,-0.06594814010823395,0.034733130985989444
1,CA0440200,"Santa Cruz, CA",violent,-0.08833770097035916,-0.1404229738173147,0.03354208685228879
2,CA0440200,"Santa Cruz, CA",violent,-0.11919255120067358,-0.10878319330055543,0.03361032487645881
3,CA0440200,"Santa Cruz, CA",violent,-0.08349324284739391,-0.047455120012203623,0.033561826170177424
4,CA0440200,"Santa Cruz, CA",violent,0.0018861775344930175,0.00772107370649533,0.03356860889427836
5,CA0440200,"Santa Cruz, CA",violent,0.061378368913264515,0.04462328891738546,0.03356182617017743
6,CA0440200,"Santa Cruz, CA",violent,0.0731202394301756,0.07312441833793477,0.03361032487645881
7,CA0440200,"Santa Cruz, CA",violent,0.07742077716314569,0.09859048881316165,0.03354208685228879
8,CA0440200,"Santa Cruz, CA",violent,0.08304573516707066,0.10974882805764123,0.03361032487645881
9,CA0440200,"Santa Cruz, CA",violent,0.05826335062100446,0.09025323977344249,0.03356182617017743
10,CA0440200,"Santa Cruz, CA",violent,0.009030746272720444,0.03411141129765771,0.03356860889427836
11,CA0440200,"Santa Cruz, CA",violent,-0.02523155287966163,-0.04558892367447132,0.033561826170177424
12,CA0440200,"Santa Cruz, CA",violent,-0.0478903472037861,-0.11592253809917356,0.03361032487645881
1,CA0480300,"Fairfield, CA",violent,-0.08833770097035916,-0.07780336715662735,0.03176123703132369
2,CA0480300,"Fairfield, CA",violent,-0.11919255120067358,-0.09072381468997551,0.03181844742282694
3,CA0480300,"Fairfield, CA",violent,-0.08349324284739391,-0.05374173650147412,0.03178414254845813
4,CA0480300,"Fairfield, CA",violent,0.0018861775344930175,0.02644641976121569,0.031803891397388456
5,CA0480300,"Fairfield, CA",violent,0.061378368913264515,0.07333822264447565,0.031784142548458134
6,CA0480300,"Fairfield, CA",violent,0.0731202394301756,0.056380799884676286,0.03181844742282694
7,CA0480300,"Fairfield, CA",violent,0.07742077716314569,0.03575086267682664,0.031761237031323684
8,CA0480300,"Fairfield, CA",violent,0.08304573516707066,0.050356722517461386,0.03181844742282694
9,CA0480300,"Fairfield, CA",violent,0.05826335062100446,0.0554271488087607,0.031784142548458134
10,CA0480300,"Fairfield, CA",violent,0.009030746272720444,0.01560608471858502,0.031803891397388456
11,CA0480300,"Fairfield, CA",violent,-0.02523155287966163,-0.03297113047196154,0.03178414254845813
12,CA0480300,"Fairfield, CA",violent,-0.0478903472037861,-0.058066212191962854,0.03181844742282694
1,CA0480600,"Vacaville, CA",violent,-0.08833770097035916,-0.09857661348049528,0.03497742486518808
2,CA0480600,"Vacaville, CA",violent,-0.11919255120067358,-0.16427066018160422,0.03506513494941553
3,CA0480600,"Vacaville, CA",violent,-0.08349324284739391,-0.10951320997528974,0.034996816816507084
4,CA0480600,"Vacaville, CA",violent,0.0018861775344930175,0.03149977581696244,0.03503369080723035
5,CA0480600,"Vacaville, CA",violent,0.061378368913264515,0.10850856557562752,0.03499681681650709
6,CA0480600,"Vacaville, CA",violent,0.0731202394301756,0.08981550712169681,0.03506513494941553
7,CA0480600,"Vacaville, CA",violent,0.07742077716314569,0.07203335669619347,0.034977424865188074
8,CA0480600,"Vacaville, CA",violent,0.08304573516707066,0.08070554258062443,0.03506513494941554
9,CA0480600,"Vacaville, CA",violent,0.05826335062100446,0.052491349158611755,0.03499681681650709
10,CA0480600,"Vacaville, CA",violent,0.009030746272720444,-0.004956519032660641,0.03503369080723035
11,CA0480600,"Vacaville, CA",violent,-0.02523155287966163,-0.024943447974647787,0.034996816816507084
12,CA0480600,"Vacaville, CA",violent,-0.0478903472037861,-0.032793646305018784,0.03506513494941553
1,CA0480700,"Vallejo, CA",violent,-0.08833770097035916,-0.07722335601054772,0.029366927633936477
2,CA0480700,"Vallejo, CA",violent,-0.11919255120067358,-0.06713186811488718,0.029463863505167172
3,CA0480700,"Vallejo, CA",violent,-0.08349324284739391,-0.0748399345495879,0.029431914975608927
4,CA0480700,"Vallejo, CA",violent,0.0018861775344930175,-0.06509537785635518,0.029483328800482756
5,CA0480700,"Vallejo, CA",violent,0.061378368913264515,-0.0038739445385085037,0.02943191497560893
6,CA0480700,"Vallejo, CA",violent,0.0731202394301756,0.05614497036323495,0.029463863505167172
7,CA0480700,"Vallejo, CA",violent,0.07742077716314569,0.0639969089582623,0.029366927633936474
8,CA0480700,"Vallejo, CA",violent,0.08304573516707066,0.05869432768768786,0.029463863505167172
9,CA0480700,"Vallejo, CA",violent,0.05826335062100446,0.07962884117467403,0.02943191497560893
10,CA0480700,"Vallejo, CA",violent,0.009030746272720444,0.07832182490864062,0.029483328800482756
11,CA0480700,"Vallejo, CA",violent,-0.02523155287966163,0.01231148496570778,0.029431914975608927
12,CA0480700,"Vallejo, CA",violent,-0.0478903472037861,-0.06093387698832103,0.029463863505167172
1,CA0490000,"Sonoma, CA",violent,-0.08833770097035916,-0.12884514302320443,0.03433457013123587
2,CA0490000,"Sonoma, CA",violent,-0.11919255120067358,-0.14625260795022227,0.03446092467529311
3,CA0490000,"Sonoma, CA",violent,-0.08349324284739391,-0.08297028734426475,0.03439047913469818
4,CA0490000,"Sonoma, CA",violent,0.0018861775344930175,0.0192936123104125,0.034409939177546464
5,CA0490000,"Sonoma, CA",violent,0.061378368913264515,0.078669350954407,0.03439047913469818
6,CA0490000,"Sonoma, CA",violent,0.0731202394301756,0.09317881586985065,0.03446092467529311
7,CA0490000,"Sonoma, CA",violent,0.07742077716314569,0.10961935421337766,0.034334570131235864
8,CA0490000,"Sonoma, CA",violent,0.08304573516707066,0.11669129562310683,0.03446092467529311
9,CA0490000,"Sonoma, CA",violent,0.05826335062100446,0.07263476382697612,0.034390479134698185
10,CA0490000,"Sonoma, CA",violent,0.009030746272720444,-6.782350058572737e-5,0.034409939177546464
11,CA0490000,"Sonoma, CA",violent,-0.02523155287966163,-0.04910803862729163,0.03439047913469818
12,CA0490000,"Sonoma, CA",violent,-0.0478903472037861,-0.08284329235256194,0.03446092467529311
1,CA0490500,"Santa Rosa, CA",violent,-0.08833770097035916,-0.06399276364302159,0.03106113333355699
2,CA0490500,"Santa Rosa, CA",violent,-0.11919255120067358,-0.08955954582035515,0.031092011054221963
3,CA0490500,"Santa Rosa, CA",violent,-0.08349324284739391,-0.0638704355852416,0.031078176910825872
4,CA0490500,"Santa Rosa, CA",violent,0.0018861775344930175,0.01934383185707348,0.03110336614694304
5,CA0490500,"Santa Rosa, CA",violent,0.061378368913264515,0.05113084917824049,0.031078176910825876
6,CA0490500,"Santa Rosa, CA",violent,0.0731202394301756,0.017902667234002162,0.031092011054221963
7,CA0490500,"Santa Rosa, CA",violent,0.07742077716314569,0.034203563671842276,0.031061133333556982
8,CA0490500,"Santa Rosa, CA",violent,0.08304573516707066,0.11163997392646105,0.031092011054221963
9,CA0490500,"Santa Rosa, CA",violent,0.05826335062100446,0.11574006366252687,0.031078176910825876
10,CA0490500,"Santa Rosa, CA",violent,0.009030746272720444,0.010445368114105858,0.03110336614694304
11,CA0490500,"Santa Rosa, CA",violent,-0.02523155287966163,-0.07321127728434645,0.031078176910825872
12,CA0490500,"Santa Rosa, CA",violent,-0.0478903472037861,-0.06977229531128744,0.031092011054221963
1,CA0490800,"Petaluma, CA",violent,-0.08833770097035916,-0.03817990839824632,0.036363718071747146
2,CA0490800,"Petaluma, CA",violent,-0.11919255120067358,-0.07722030641727007,0.03642103143601494
3,CA0490800,"Petaluma, CA",violent,-0.08349324284739391,-0.07517679489387119,0.03635000869326064
4,CA0490800,"Petaluma, CA",violent,0.0018861775344930175,-0.018568526021204478,0.03634806556558003
5,CA0490800,"Petaluma, CA",violent,0.061378368913264515,0.029841246278774807,0.03635000869326064
6,CA0490800,"Petaluma, CA",violent,0.0731202394301756,0.025940362619555266,0.03642103143601494
7,CA0490800,"Petaluma, CA",violent,0.07742077716314569,0.01115030294606702,0.03636371807174714
8,CA0490800,"Petaluma, CA",violent,0.08304573516707066,0.030468374046554846,0.036421031436014946
9,CA0490800,"Petaluma, CA",violent,0.05826335062100446,0.055454467975335264,0.03635000869326064
10,CA0490800,"Petaluma, CA",violent,0.009030746272720444,0.045598131473383784,0.03634806556558003
11,CA0490800,"Petaluma, CA",violent,-0.02523155287966163,0.0169106860919404,0.03635000869326064
12,CA0490800,"Petaluma, CA",violent,-0.0478903472037861,-0.006218035701019332,0.03642103143601494
1,CA0540000,"Tulare, CA",violent,-0.08833770097035916,-0.10811792096902621,0.03291121235511228
2,CA0540000,"Tulare, CA",violent,-0.11919255120067358,-0.12471455220389062,0.03295297292857874
3,CA0540000,"Tulare, CA",violent,-0.08349324284739391,-0.06451247480217777,0.03293697811724834
4,CA0540000,"Tulare, CA",violent,0.0018861775344930175,0.032410754762148455,0.032952462556262954
5,CA0540000,"Tulare, CA",violent,0.061378368913264515,0.07324678062756691,0.03293697811724835
6,CA0540000,"Tulare, CA",violent,0.0731202394301756,0.06831905049807735,0.03295297292857874
7,CA0540000,"Tulare, CA",violent,0.07742077716314569,0.08980702349950974,0.032911212355112275
8,CA0540000,"Tulare, CA",violent,0.08304573516707066,0.1173898404023488,0.032952972928578746
9,CA0540000,"Tulare, CA",violent,0.05826335062100446,0.07549866047015244,0.03293697811724835
10,CA0540000,"Tulare, CA",violent,0.009030746272720444,-0.014099857292631982,0.032952462556262954
11,CA0540000,"Tulare, CA",violent,-0.02523155287966163,-0.06592206882602515,0.03293697811724834
12,CA0540000,"Tulare, CA",violent,-0.0478903472037861,-0.07930523616605198,0.03295297292857874
1,CA0540500,"Porterville, CA",violent,-0.08833770097035916,-0.12266716789052626,0.035572691084460505
2,CA0540500,"Porterville, CA",violent,-0.11919255120067358,-0.1287232992014482,0.03561614727338499
3,CA0540500,"Porterville, CA",violent,-0.08349324284739391,-0.06398894777094111,0.03558254552018072
4,CA0540500,"Porterville, CA",violent,0.0018861775344930175,0.019410513731059165,0.035587962462163794
5,CA0540500,"Porterville, CA",violent,0.061378368913264515,0.06705208945772724,0.035582545520180725
6,CA0540500,"Porterville, CA",violent,0.0731202394301756,0.07930342816372203,0.03561614727338499
7,CA0540500,"Porterville, CA",violent,0.07742077716314569,0.0792156466478363,0.0355726910844605
8,CA0540500,"Porterville, CA",violent,0.08304573516707066,0.06958345600750003,0.03561614727338499
9,CA0540500,"Porterville, CA",violent,0.05826335062100446,0.04830062581968287,0.035582545520180725
10,CA0540500,"Porterville, CA",violent,0.009030746272720444,0.024041007511630776,0.035587962462163794
11,CA0540500,"Porterville, CA",violent,-0.02523155287966163,-0.007912246263779092,0.03558254552018072
12,CA0540500,"Porterville, CA",violent,-0.0478903472037861,-0.06361510621246373,0.03561614727338499
1,CA0540600,"Tulare, CA",violent,-0.08833770097035916,-0.04660582747971372,0.03394887293463486
2,CA0540600,"Tulare, CA",violent,-0.11919255120067358,-0.13596973973333526,0.033970595379312324
3,CA0540600,"Tulare, CA",violent,-0.08349324284739391,-0.13678853406809702,0.03400932499913352
4,CA0540600,"Tulare, CA",violent,0.0018861775344930175,-0.019491791189309833,0.03403035504636462
5,CA0540600,"Tulare, CA",violent,0.061378368913264515,0.06941268422053035,0.034009324999133526
6,CA0540600,"Tulare, CA",violent,0.0731202394301756,0.074303477901755,0.033970595379312324
7,CA0540600,"Tulare, CA",violent,0.07742077716314569,0.09045128400537224,0.033948872934634854
8,CA0540600,"Tulare, CA",violent,0.08304573516707066,0.12928029186755582,0.033970595379312324
9,CA0540600,"Tulare, CA",violent,0.05826335062100446,0.08625362967665909,0.034009324999133526
10,CA0540600,"Tulare, CA",violent,0.009030746272720444,-0.02435366533634867,0.03403035504636462
11,CA0540600,"Tulare, CA",violent,-0.02523155287966163,-0.06272323635475097,0.03400932499913352
12,CA0540600,"Tulare, CA",violent,-0.0478903472037861,-0.02376857351031705,0.033970595379312324
1,CA0540700,"Visalia, CA",violent,-0.08833770097035916,-0.046735774340844624,0.03180836203150259
2,CA0540700,"Visalia, CA",violent,-0.11919255120067358,-0.06517894966140539,0.03188130855567296
3,CA0540700,"Visalia, CA",violent,-0.08349324284739391,-0.03932883924887775,0.03189487495720793
4,CA0540700,"Visalia, CA",violent,0.0018861775344930175,0.028051285545590467,0.031923682525282514
5,CA0540700,"Visalia, CA",violent,0.061378368913264515,0.0695168004409703,0.031894874957207935
6,CA0540700,"Visalia, CA",violent,0.0731202394301756,0.06842385896961632,0.03188130855567296
7,CA0540700,"Visalia, CA",violent,0.07742077716314569,0.06602513995528167,0.03180836203150259
8,CA0540700,"Visalia, CA",violent,0.08304573516707066,0.06143617562064438,0.03188130855567296
9,CA0540700,"Visalia, CA",violent,0.05826335062100446,0.0162966995936797,0.031894874957207935
10,CA0540700,"Visalia, CA",violent,0.009030746272720444,-0.04734065116002751,0.031923682525282514
11,CA0540700,"Visalia, CA",violent,-0.02523155287966163,-0.06577402640020931,0.03189487495720793
12,CA0540700,"Visalia, CA",violent,-0.0478903472037861,-0.045391719314418266,0.03188130855567296
1,CA0560100,"Camarillo, CA",violent,-0.08833770097035916,-0.05359569983887341,0.04048443210034633
2,CA0560100,"Camarillo, CA",violent,-0.11919255120067358,-0.09110091276479038,0.0405426587707118
3,CA0560100,"Camarillo, CA",violent,-0.08349324284739391,-0.10889088476447663,0.040523547988458544
4,CA0560100,"Camarillo, CA",violent,0.0018861775344930175,-0.038539394975567985,0.04053462942633518
5,CA0560100,"Camarillo, CA",violent,0.061378368913264515,0.0619496463791469,0.04052354798845855
6,CA0560100,"Camarillo, CA",violent,0.0731202394301756,0.0868661684673375,0.0405426587707118
7,CA0560100,"Camarillo, CA",violent,0.07742077716314569,0.05357131793831926,0.04048443210034632
8,CA0560100,"Camarillo, CA",violent,0.08304573516707066,0.04977946085161006,0.0405426587707118
9,CA0560100,"Camarillo, CA",violent,0.05826335062100446,0.06759381475185047,0.04052354798845856
10,CA0560100,"Camarillo, CA",violent,0.009030746272720444,0.03856377687612214,0.04053462942633518
11,CA0560100,"Camarillo, CA",violent,-0.02523155287966163,-0.02062819446596661,0.040523547988458544
12,CA0560100,"Camarillo, CA",violent,-0.0478903472037861,-0.04556909845471134,0.0405426587707118
1,CA0560400,"Oxnard, CA",violent,-0.08833770097035916,-0.06810265042601543,0.030135551310508255
2,CA0560400,"Oxnard, CA",violent,-0.11919255120067358,-0.09546363555704024,0.03016468025319468
3,CA0560400,"Oxnard, CA",violent,-0.08349324284739391,-0.07041260824512209,0.030188227467258504
4,CA0560400,"Oxnard, CA",violent,0.0018861775344930175,0.009493699023270036,0.030158320774091585
5,CA0560400,"Oxnard, CA",violent,0.061378368913264515,0.05849505577782473,0.030188227467258508
6,CA0560400,"Oxnard, CA",violent,0.0731202394301756,0.049059612763785516,0.03016468025319468
7,CA0560400,"Oxnard, CA",violent,0.07742077716314569,0.04959350242305967,0.030135551310508248
8,CA0560400,"Oxnard, CA",violent,0.08304573516707066,0.08113046310842949,0.030164680253194683
9,CA0560400,"Oxnard, CA",violent,0.05826335062100446,0.07458858379946712,0.03018822746725851
10,CA0560400,"Oxnard, CA",violent,0.009030746272720444,0.00901544897968574,0.030158320774091585
11,CA0560400,"Oxnard, CA",violent,-0.02523155287966163,-0.04416188332921401,0.030188227467258508
12,CA0560400,"Oxnard, CA",violent,-0.0478903472037861,-0.05323558831813053,0.03016468025319468
1,CA0560700,"Thousand Oaks, CA",violent,-0.08833770097035916,-0.10439168351520042,0.0387511343548674
2,CA0560700,"Thousand Oaks, CA",violent,-0.11919255120067358,-0.12232263624003653,0.038800014944798046
3,CA0560700,"Thousand Oaks, CA",violent,-0.08349324284739391,-0.10142107275317308,0.03879816456726887
4,CA0560700,"Thousand Oaks, CA",violent,0.0018861775344930175,-0.04480627985970866,0.03881552914686914
5,CA0560700,"Thousand Oaks, CA",violent,0.061378368913264515,0.033765405576019175,0.038798164567268874
6,CA0560700,"Thousand Oaks, CA",violent,0.0731202394301756,0.09462761379854125,0.038800014944798046
7,CA0560700,"Thousand Oaks, CA",violent,0.07742077716314569,0.10405146344078889,0.03875113435486739
8,CA0560700,"Thousand Oaks, CA",violent,0.08304573516707066,0.0782495208866554,0.03880001494479805
9,CA0560700,"Thousand Oaks, CA",violent,0.05826335062100446,0.05768817747420349,0.038798164567268874
10,CA0560700,"Thousand Oaks, CA",violent,0.009030746272720444,0.04514649993412019,0.03881552914686914
11,CA0560700,"Thousand Oaks, CA",violent,-0.02523155287966163,0.010307709777361904,0.03879816456726887
12,CA0560700,"Thousand Oaks, CA",violent,-0.0478903472037861,-0.050894718519571586,0.038800014944798046
1,CA0560800,"Ventura, CA",violent,-0.08833770097035916,-0.0995671368645829,0.0331578672767466
2,CA0560800,"Ventura, CA",violent,-0.11919255120067358,-0.11439636933165372,0.03324844798683819
3,CA0560800,"Ventura, CA",violent,-0.08349324284739391,-0.0635884042314664,0.033218321486505484
4,CA0560800,"Ventura, CA",violent,0.0018861775344930175,0.01054270030575626,0.03322441371662735
5,CA0560800,"Ventura, CA",violent,0.061378368913264515,0.044258732652001684,0.033218321486505484
6,CA0560800,"Ventura, CA",violent,0.0731202394301756,0.05471001948446935,0.03324844798683819
7,CA0560800,"Ventura, CA",violent,0.07742077716314569,0.08557637033998747,0.0331578672767466
8,CA0560800,"Ventura, CA",violent,0.08304573516707066,0.1075236370835857,0.03324844798683819
9,CA0560800,"Ventura, CA",violent,0.05826335062100446,0.07070643850799382,0.03321832148650549
10,CA0560800,"Ventura, CA",violent,0.009030746272720444,0.0034480662188391643,0.03322441371662735
11,CA0560800,"Ventura, CA",violent,-0.02523155287966163,-0.03738600040393371,0.033218321486505484
12,CA0560800,"Ventura, CA",violent,-0.0478903472037861,-0.06182805376099672,0.03324844798683819
1,CA0560900,"Simi Valley, CA",violent,-0.08833770097035916,-0.07736972882083089,0.037342441821855164
2,CA0560900,"Simi Valley, CA",violent,-0.11919255120067358,-0.10299623626065457,0.03739757631422987
3,CA0560900,"Simi Valley, CA",violent,-0.08349324284739391,-0.09743660791642306,0.0374078947463383
4,CA0560900,"Simi Valley, CA",violent,0.0018861775344930175,-0.04544449307532301,0.03743388743217531
5,CA0560900,"Simi Valley, CA",violent,0.061378368913264515,0.032431951908234946,0.03740789474633831
6,CA0560900,"Simi Valley, CA",violent,0.0731202394301756,0.09382825874612553,0.03739757631422987
7,CA0560900,"Simi Valley, CA",violent,0.07742077716314569,0.11161435539578302,0.037342441821855164
8,CA0560900,"Simi Valley, CA",violent,0.08304573516707066,0.08998760609925995,0.03739757631422987
9,CA0560900,"Simi Valley, CA",violent,0.05826335062100446,0.050183351180076316,0.03740789474633831
10,CA0560900,"Simi Valley, CA",violent,0.009030746272720444,0.011199866500370876,0.03743388743217531
11,CA0560900,"Simi Valley, CA",violent,-0.02523155287966163,-0.01942332174684035,0.0374078947463383
12,CA0560900,"Simi Valley, CA",violent,-0.0478903472037861,-0.04657500200977873,0.037397576314229866
1,CA0570100,"Davis, CA",violent,-0.08833770097035916,-0.11169129381773452,0.0385156514563887
2,CA0570100,"Davis, CA",violent,-0.11919255120067358,-0.10240492927449715,0.0385700229109938
3,CA0570100,"Davis, CA",violent,-0.08349324284739391,-0.05689345853215054,0.03852580213756238
4,CA0570100,"Davis, CA",violent,0.0018861775344930175,-0.0073758630205314315,0.03853331376427218
5,CA0570100,"Davis, CA",violent,0.061378368913264515,0.03517666612901918,0.03852580213756239
6,CA0570100,"Davis, CA",violent,0.0731202394301756,0.06425697174713102,0.0385700229109938
7,CA0570100,"Davis, CA",violent,0.07742077716314569,0.06993163563351329,0.038515651456388696
8,CA0570100,"Davis, CA",violent,0.08304573516707066,0.061070473279118,0.0385700229109938
9,CA0570100,"Davis, CA",violent,0.05826335062100446,0.05731866072099259,0.03852580213756239
10,CA0570100,"Davis, CA",violent,0.009030746272720444,0.04913552120475265,0.03853331376427218
11,CA0570100,"Davis, CA",violent,-0.02523155287966163,0.006157789866359946,0.03852580213756238
12,CA0570100,"Davis, CA",violent,-0.0478903472037861,-0.064682173935973,0.0385700229109938
1,CO0010000,"Adams, CO",violent,-0.08833770097035916,-0.08462682864981762,0.03214401860221397
2,CO0010000,"Adams, CO",violent,-0.11919255120067358,-0.13697486013992033,0.03226599095153265
3,CO0010000,"Adams, CO",violent,-0.08349324284739391,-0.11159352851696351,0.03222396769912944
4,CO0010000,"Adams, CO",violent,0.0018861775344930175,-0.009104392149403461,0.03227842910032485
5,CO0010000,"Adams, CO",violent,0.061378368913264515,0.063613124949435,0.03222396769912944
6,CO0010000,"Adams, CO",violent,0.0731202394301756,0.08354138904870646,0.03226599095153265
7,CO0010000,"Adams, CO",violent,0.07742077716314569,0.1159422544046593,0.03214401860221396
8,CO0010000,"Adams, CO",violent,0.08304573516707066,0.14420472770311443,0.03226599095153265
9,CO0010000,"Adams, CO",violent,0.05826335062100446,0.08750797032531596,0.03222396769912945
10,CO0010000,"Adams, CO",violent,0.009030746272720444,-0.022211033605438232,0.03227842910032485
11,CO0010000,"Adams, CO",violent,-0.02523155287966163,-0.07084299251262914,0.03222396769912944
12,CO0010000,"Adams, CO",violent,-0.0478903472037861,-0.05945583085705884,0.03226599095153265
1,CO0010100,"Aurora, CO",violent,-0.08833770097035916,-0.11290002392887549,0.027157134927538157
2,CO0010100,"Aurora, CO",violent,-0.11919255120067358,-0.13707675017087428,0.027166977724591666
3,CO0010100,"Aurora, CO",violent,-0.08349324284739391,-0.09684691807225114,0.02718268368969419
4,CO0010100,"Aurora, CO",violent,0.0018861775344930175,-0.024650704975845768,0.027202851409970197
5,CO0010100,"Aurora, CO",violent,0.061378368913264515,0.04132144754770551,0.027182683689694193
6,CO0010100,"Aurora, CO",violent,0.0731202394301756,0.10020000404715876,0.027166977724591666
7,CO0010100,"Aurora, CO",violent,0.07742077716314569,0.1402062706645807,0.027157134927538153
8,CO0010100,"Aurora, CO",violent,0.08304573516707066,0.1238181710399907,0.027166977724591666
9,CO0010100,"Aurora, CO",violent,0.05826335062100446,0.056282092205662354,0.027182683689694197
10,CO0010100,"Aurora, CO",violent,0.009030746272720444,-0.0026555417598594553,0.027202851409970197
11,CO0010100,"Aurora, CO",violent,-0.02523155287966163,-0.028062868416821967,0.02718268368969419
12,CO0010100,"Aurora, CO",violent,-0.0478903472037861,-0.059635178180569876,0.027166977724591666
1,CO0010400,"Thornton, CO",violent,-0.08833770097035916,-0.016725761271752085,0.03292253959220677
2,CO0010400,"Thornton, CO",violent,-0.11919255120067358,-0.0964413629892283,0.03301533045618802
3,CO0010400,"Thornton, CO",violent,-0.08349324284739391,-0.13653279392994327,0.033045153459613286
4,CO0010400,"Thornton, CO",violent,0.0018861775344930175,-0.08416009770438306,0.033106366171782656
5,CO0010400,"Thornton, CO",violent,0.061378368913264515,0.013304335093416123,0.03304515345961329
6,CO0010400,"Thornton, CO",violent,0.0731202394301756,0.07976732819693039,0.03301533045618802
7,CO0010400,"Thornton, CO",violent,0.07742077716314569,0.0944354534082086,0.03292253959220677
8,CO0010400,"Thornton, CO",violent,0.08304573516707066,0.07491233718779564,0.03301533045618802
9,CO0010400,"Thornton, CO",violent,0.05826335062100446,0.037294075992054095,0.03304515345961329
10,CO0010400,"Thornton, CO",violent,0.009030746272720444,0.006450405567926515,0.033106366171782656
11,CO0010400,"Thornton, CO",violent,-0.02523155287966163,0.008224690708016517,0.033045153459613286
12,CO0010400,"Thornton, CO",violent,-0.0478903472037861,0.01947138974095884,0.03301533045618802
1,CO0030000,"Arapahoe, CO",violent,-0.08833770097035916,-0.07785099634329297,0.03485911073822977
2,CO0030000,"Arapahoe, CO",violent,-0.11919255120067358,-0.14048037060087898,0.03489559600580827
3,CO0030000,"Arapahoe, CO",violent,-0.08349324284739391,-0.11278807153697545,0.034916387393525455
4,CO0030000,"Arapahoe, CO",violent,0.0018861775344930175,-0.016079746481461567,0.03492178051058892
5,CO0030000,"Arapahoe, CO",violent,0.061378368913264515,0.05636821234159422,0.034916387393525455
6,CO0030000,"Arapahoe, CO",violent,0.0731202394301756,0.07879736964322481,0.03489559600580827
7,CO0030000,"Arapahoe, CO",violent,0.07742077716314569,0.08845017531172819,0.03485911073822976
8,CO0030000,"Arapahoe, CO",violent,0.08304573516707066,0.08520666233087552,0.03489559600580827
9,CO0030000,"Arapahoe, CO",violent,0.05826335062100446,0.04691518429853675,0.034916387393525455
10,CO0030000,"Arapahoe, CO",violent,0.009030746272720444,0.005480567513026332,0.03492178051058892
11,CO0030000,"Arapahoe, CO",violent,-0.02523155287966163,-0.0010945040715907824,0.034916387393525455
12,CO0030000,"Arapahoe, CO",violent,-0.0478903472037861,-0.012924482404786069,0.03489559600580827
1,CO0031100,"Centennial, CO",violent,-0.08833770097035916,-0.11507704708593622,0.03651122785244645
2,CO0031100,"Centennial, CO",violent,-0.11919255120067358,-0.117183408317055,0.03656269179944371
3,CO0031100,"Centennial, CO",violent,-0.08349324284739391,-0.04485351005845969,0.03653801749014012
4,CO0031100,"Centennial, CO",violent,0.0018861775344930175,0.019945680723100614,0.03655908120734843
5,CO0031100,"Centennial, CO",violent,0.061378368913264515,0.0377586902171242,0.03653801749014013
6,CO0031100,"Centennial, CO",violent,0.0731202394301756,0.05821695250385783,0.03656269179944371
7,CO0031100,"Centennial, CO",violent,0.07742077716314569,0.0965359680758796,0.03651122785244644
8,CO0031100,"Centennial, CO",violent,0.08304573516707066,0.09483027799822762,0.03656269179944371
9,CO0031100,"Centennial, CO",violent,0.05826335062100446,0.04104145874968892,0.03653801749014013
10,CO0031100,"Centennial, CO",violent,0.009030746272720444,-0.0014046017130440113,0.03655908120734843
11,CO0031100,"Centennial, CO",violent,-0.02523155287966163,-0.015405559898296861,0.03653801749014012
12,CO0031100,"Centennial, CO",violent,-0.0478903472037861,-0.054404901195087,0.03656269179944371
1,CO0070100,"Boulder, CO",violent,-0.08833770097035916,-0.07160818290293369,0.03418139386029862
2,CO0070100,"Boulder, CO",violent,-0.11919255120067358,-0.14016454584005933,0.03423226680704464
3,CO0070100,"Boulder, CO",violent,-0.08349324284739391,-0.13077891627339944,0.03424744609925761
4,CO0070100,"Boulder, CO",violent,0.0018861775344930175,-0.019379703677323657,0.03421035249744228
5,CO0070100,"Boulder, CO",violent,0.061378368913264515,0.06097249919668996,0.03424744609925762
6,CO0070100,"Boulder, CO",violent,0.0731202394301756,0.05213735147692849,0.03423226680704464
7,CO0070100,"Boulder, CO",violent,0.07742077716314569,0.05554825759229708,0.03418139386029862
8,CO0070100,"Boulder, CO",violent,0.08304573516707066,0.11277964165185743,0.03423226680704464
9,CO0070100,"Boulder, CO",violent,0.05826335062100446,0.11945393739583418,0.03424744609925762
10,CO0070100,"Boulder, CO",violent,0.009030746272720444,0.03543962898796029,0.03421035249744228
11,CO0070100,"Boulder, CO",violent,-0.02523155287966163,-0.03358759500848811,0.03424744609925761
12,CO0070100,"Boulder, CO",violent,-0.0478903472037861,-0.04081237259936321,0.03423226680704464
1,CO0180000,"Douglas, CO",violent,-0.08833770097035916,-0.04473059283550264,0.0335601954910249
2,CO0180000,"Douglas, CO",violent,-0.11919255120067358,-0.07905102091447652,0.03363720794940457
3,CO0180000,"Douglas, CO",violent,-0.08349324284739391,-0.08091340799120465,0.033621804379470814
4,CO0180000,"Douglas, CO",violent,0.0018861775344930175,-0.033825816863142844,0.03360534500230038
5,CO0180000,"Douglas, CO",violent,0.061378368913264515,0.010962740606661006,0.03362180437947082
6,CO0180000,"Douglas, CO",violent,0.0731202394301756,0.02310714800808415,0.03363720794940457
7,CO0180000,"Douglas, CO",violent,0.07742077716314569,0.038071501214821675,0.033560195491024895
8,CO0180000,"Douglas, CO",violent,0.08304573516707066,0.07262756917510545,0.033637207949404564
9,CO0180000,"Douglas, CO",violent,0.05826335062100446,0.08114904787251455,0.03362180437947082
10,CO0180000,"Douglas, CO",violent,0.009030746272720444,0.0404849084838238,0.03360534500230038
11,CO0180000,"Douglas, CO",violent,-0.02523155287966163,-0.004539288867289956,0.033621804379470814
12,CO0180000,"Douglas, CO",violent,-0.0478903472037861,-0.023342787889394027,0.033637207949404564
1,CO0180500,"Parker, CO",violent,-0.08833770097035916,-0.08550410962940765,0.03917540689754185
2,CO0180500,"Parker, CO",violent,-0.11919255120067358,-0.12621893709262896,0.03923098027923938
3,CO0180500,"Parker, CO",violent,-0.08349324284739391,-0.08027154029600321,0.03921974284661143
4,CO0180500,"Parker, CO",violent,0.0018861775344930175,0.006760559143401243,0.039220951749304865
5,CO0180500,"Parker, CO",violent,0.061378368913264515,0.03437444300386319,0.03921974284661143
6,CO0180500,"Parker, CO",violent,0.0731202394301756,0.034734400032398,0.03923098027923938
7,CO0180500,"Parker, CO",violent,0.07742077716314569,0.08969148471497013,0.03917540689754184
8,CO0180500,"Parker, CO",violent,0.08304573516707066,0.14342389830871285,0.03923098027923939
9,CO0180500,"Parker, CO",violent,0.05826335062100446,0.09328912642652462,0.03921974284661143
10,CO0180500,"Parker, CO",violent,0.009030746272720444,-0.010947934228963731,0.039220951749304865
11,CO0180500,"Parker, CO",violent,-0.02523155287966163,-0.051579404219947125,0.03921974284661143
12,CO0180500,"Parker, CO",violent,-0.0478903472037861,-0.04775198616291936,0.03923098027923938
1,CO0210000,"El Paso, CO",violent,-0.08833770097035916,-0.021206593001643164,0.03166912615699234
2,CO0210000,"El Paso, CO",violent,-0.11919255120067358,-0.09985221203844968,0.03173594701326014
3,CO0210000,"El Paso, CO",violent,-0.08349324284739391,-0.10389506760663761,0.03172183936321959
4,CO0210000,"El Paso, CO",violent,0.0018861775344930175,-0.007642373712845793,0.031743588195621536
5,CO0210000,"El Paso, CO",violent,0.061378368913264515,0.05559125811598206,0.031721839363219595
6,CO0210000,"El Paso, CO",violent,0.0731202394301756,0.03607420439390129,0.03173594701326014
7,CO0210000,"El Paso, CO",violent,0.07742077716314569,0.033779209872283396,0.031669126156992335
8,CO0210000,"El Paso, CO",violent,0.08304573516707066,0.07750754221605005,0.03173594701326014
9,CO0210000,"El Paso, CO",violent,0.05826335062100446,0.06897778091359778,0.031721839363219595
10,CO0210000,"El Paso, CO",violent,0.009030746272720444,-0.004930243157794414,0.031743588195621536
11,CO0210000,"El Paso, CO",violent,-0.02523155287966163,-0.033246588293582464,0.03172183936321959
12,CO0210000,"El Paso, CO",violent,-0.0478903472037861,-0.0011569177008614686,0.03173594701326014
1,CO0210100,"Colorado Springs, CO",violent,-0.08833770097035916,-0.04516685556171862,0.027220574368392682
2,CO0210100,"Colorado Springs, CO",violent,-0.11919255120067358,-0.0766837232147799,0.027262755443526507
3,CO0210100,"Colorado Springs, CO",violent,-0.08349324284739391,-0.09575805877497076,0.02727761366241593
4,CO0210100,"Colorado Springs, CO",violent,0.0018861775344930175,-0.020934374892929288,0.027285155381057878
5,CO0210100,"Colorado Springs, CO",violent,0.061378368913264515,0.06917193725422008,0.027277613662415934
6,CO0210100,"Colorado Springs, CO",violent,0.0731202394301756,0.07818310713907704,0.027262755443526507
7,CO0210100,"Colorado Springs, CO",violent,0.07742077716314569,0.06068257477098864,0.027220574368392675
8,CO0210100,"Colorado Springs, CO",violent,0.08304573516707066,0.08791430323114502,0.027262755443526507
9,CO0210100,"Colorado Springs, CO",violent,0.05826335062100446,0.09147291958206591,0.027277613662415937
10,CO0210100,"Colorado Springs, CO",violent,0.009030746272720444,0.005418655683659306,0.027285155381057878
11,CO0210100,"Colorado Springs, CO",violent,-0.02523155287966163,-0.08040251727058524,0.02727761366241593
12,CO0210100,"Colorado Springs, CO",violent,-0.0478903472037861,-0.0738979679461722,0.027262755443526507
1,CO0300000,"Jefferson, CO",violent,-0.08833770097035916,-0.116257161591876,0.033881441031943384
2,CO0300000,"Jefferson, CO",violent,-0.11919255120067358,-0.10611907125392282,0.033967013729367404
3,CO0300000,"Jefferson, CO",violent,-0.08349324284739391,-0.06262287772004207,0.03389916036662545
4,CO0300000,"Jefferson, CO",violent,0.0018861775344930175,-0.004022241364948524,0.03392408276074053
5,CO0300000,"Jefferson, CO",violent,0.061378368913264515,0.03174459633123775,0.03389916036662546
6,CO0300000,"Jefferson, CO",violent,0.0731202394301756,0.049575974783209215,0.033967013729367404
7,CO0300000,"Jefferson, CO",violent,0.07742077716314569,0.08591821006015925,0.03388144103194338
8,CO0300000,"Jefferson, CO",violent,0.08304573516707066,0.1276562218620799,0.033967013729367404
9,CO0300000,"Jefferson, CO",violent,0.05826335062100446,0.11449897985991593,0.03389916036662546
10,CO0300000,"Jefferson, CO",violent,0.009030746272720444,0.03436119289666528,0.03392408276074053
11,CO0300000,"Jefferson, CO",violent,-0.02523155287966163,-0.053281746939394886,0.03389916036662545
12,CO0300000,"Jefferson, CO",violent,-0.0478903472037861,-0.10145207692308301,0.033967013729367404
1,CO0300100,"Arvada, CO",violent,-0.08833770097035916,-0.05860786975092991,0.03455983839802882
2,CO0300100,"Arvada, CO",violent,-0.11919255120067358,-0.08619526503340075,0.03463840052982839
3,CO0300100,"Arvada, CO",violent,-0.08349324284739391,-0.10002499184872042,0.03467372888049742
4,CO0300100,"Arvada, CO",violent,0.0018861775344930175,-0.06143457187898491,0.034670759165211736
5,CO0300100,"Arvada, CO",violent,0.061378368913264515,0.005117523784588593,0.034673728880497426
6,CO0300100,"Arvada, CO",violent,0.0731202394301756,0.06547807457120201,0.03463840052982839
7,CO0300100,"Arvada, CO",violent,0.07742077716314569,0.11542967028605594,0.034559838398028814
8,CO0300100,"Arvada, CO",violent,0.08304573516707066,0.13711023899522598,0.03463840052982839
9,CO0300100,"Arvada, CO",violent,0.05826335062100446,0.09411816527541964,0.034673728880497426
10,CO0300100,"Arvada, CO",violent,0.009030746272720444,0.0046127713438588675,0.034670759165211736
11,CO0300100,"Arvada, CO",violent,-0.02523155287966163,-0.05603249774641385,0.03467372888049742
12,CO0300100,"Arvada, CO",violent,-0.0478903472037861,-0.05957124799790117,0.03463840052982839
1,CO0350300,"Fort Collins, CO",violent,-0.08833770097035916,-0.12408748527154861,0.032780001533549825
2,CO0350300,"Fort Collins, CO",violent,-0.11919255120067358,-0.10271634852111482,0.03281439390202828
3,CO0350300,"Fort Collins, CO",violent,-0.08349324284739391,-0.057630623780693994,0.03277243134362587
4,CO0350300,"Fort Collins, CO",violent,0.0018861775344930175,-0.007078057434622773,0.032800011623989635
5,CO0350300,"Fort Collins, CO",violent,0.061378368913264515,0.041910301299168146,0.032772431343625875
6,CO0350300,"Fort Collins, CO",violent,0.0731202394301756,0.06905049406521346,0.03281439390202828
7,CO0350300,"Fort Collins, CO",violent,0.07742077716314569,0.06782480005119443,0.03278000153354982
8,CO0350300,"Fort Collins, CO",violent,0.08304573516707066,0.06631278224833198,0.03281439390202828
9,CO0350300,"Fort Collins, CO",violent,0.05826335062100446,0.07748974272826534,0.032772431343625875
10,CO0350300,"Fort Collins, CO",violent,0.009030746272720444,0.06334074265497694,0.032800011623989635
11,CO0350300,"Fort Collins, CO",violent,-0.02523155287966163,-0.005506735026385354,0.03277243134362587
12,CO0350300,"Fort Collins, CO",violent,-0.0478903472037861,-0.08890961301278474,0.032814393902028276
1,CO0350400,"Loveland, CO",violent,-0.08833770097035916,-0.10969944190340603,0.03605649301625951
2,CO0350400,"Loveland, CO",violent,-0.11919255120067358,-0.09393706219007267,0.03611408449516631
3,CO0350400,"Loveland, CO",violent,-0.08349324284739391,-0.041959873187097166,0.03607422897960371
4,CO0350400,"Loveland, CO",violent,0.0018861775344930175,-0.0069025489809688345,0.03610575049499499
5,CO0350400,"Loveland, CO",violent,0.061378368913264515,0.019481687393975603,0.03607422897960372
6,CO0350400,"Loveland, CO",violent,0.0731202394301756,0.061546569034294986,0.03611408449516631
7,CO0350400,"Loveland, CO",violent,0.07742077716314569,0.08985865711915422,0.03605649301625951
8,CO0350400,"Loveland, CO",violent,0.08304573516707066,0.07267061384609538,0.03611408449516631
9,CO0350400,"Loveland, CO",violent,0.05826335062100446,0.04053420962737167,0.036074228979603724
10,CO0350400,"Loveland, CO",violent,0.009030746272720444,0.026743333765220614,0.03610575049499499
11,CO0350400,"Loveland, CO",violent,-0.02523155287966163,0.0017847609500016431,0.03607422897960372
12,CO0350400,"Loveland, CO",violent,-0.0478903472037861,-0.06012090547456943,0.03611408449516631
1,CO0390100,"Grand Junction, CO",violent,-0.08833770097035916,-0.07987158459921385,0.03405668108557736
2,CO0390100,"Grand Junction, CO",violent,-0.11919255120067358,-0.113610242670828,0.034091770802589336
3,CO0390100,"Grand Junction, CO",violent,-0.08349324284739391,-0.09169072948189505,0.03410117072307742
4,CO0390100,"Grand Junction, CO",violent,0.0018861775344930175,-0.005285728356910627,0.03408675556411694
5,CO0390100,"Grand Junction, CO",violent,0.061378368913264515,0.06359155818149975,0.03410117072307742
6,CO0390100,"Grand Junction, CO",violent,0.0731202394301756,0.07057159298836288,0.034091770802589336
7,CO0390100,"Grand Junction, CO",violent,0.07742077716314569,0.0663727563694379,0.034056681085577356
8,CO0390100,"Grand Junction, CO",violent,0.08304573516707066,0.08297496109949574,0.034091770802589336
9,CO0390100,"Grand Junction, CO",violent,0.05826335062100446,0.07455427614033874,0.03410117072307742
10,CO0390100,"Grand Junction, CO",violent,0.009030746272720444,0.018784556586686575,0.03408675556411694
11,CO0390100,"Grand Junction, CO",violent,-0.02523155287966163,-0.032956276610167534,0.03410117072307742
12,CO0390100,"Grand Junction, CO",violent,-0.0478903472037861,-0.05343513964680655,0.034091770802589336
1,CO0640100,"Broomfield, CO",violent,-0.08833770097035916,-0.051706281288190575,0.03913337726489142
2,CO0640100,"Broomfield, CO",violent,-0.11919255120067358,-0.09050119822027555,0.0391822653930709
3,CO0640100,"Broomfield, CO",violent,-0.08349324284739391,-0.06378222420167708,0.03914535322776801
4,CO0640100,"Broomfield, CO",violent,0.0018861775344930175,0.009228295489458926,0.03915320306536646
5,CO0640100,"Broomfield, CO",violent,0.061378368913264515,0.03253043901733252,0.039145353227768014
6,CO0640100,"Broomfield, CO",violent,0.0731202394301756,0.014084131271658433,0.0391822653930709
7,CO0640100,"Broomfield, CO",violent,0.07742077716314569,0.041240351427643825,0.03913337726489141
8,CO0640100,"Broomfield, CO",violent,0.08304573516707066,0.09634969299827442,0.0391822653930709
9,CO0640100,"Broomfield, CO",violent,0.05826335062100446,0.0800966488402227,0.039145353227768014
10,CO0640100,"Broomfield, CO",violent,0.009030746272720444,0.0012376343710878205,0.03915320306536646
11,CO0640100,"Broomfield, CO",violent,-0.02523155287966163,-0.03837893379533142,0.03914535322776801
12,CO0640100,"Broomfield, CO",violent,-0.0478903472037861,-0.03039855591020404,0.039182265393070896
1,CODPD0000,"Denver, CO",violent,-0.08833770097035916,-0.09054863443605919,0.026430622200327547
2,CODPD0000,"Denver, CO",violent,-0.11919255120067358,-0.14728543573895955,0.02646454947697351
3,CODPD0000,"Denver, CO",violent,-0.08349324284739391,-0.12852147005190356,0.026478430212359405
4,CODPD0000,"Denver, CO",violent,0.0018861775344930175,-0.03591408336025021,0.026492077634575967
5,CODPD0000,"Denver, CO",violent,0.061378368913264515,0.04871212663707474,0.02647843021235941
6,CODPD0000,"Denver, CO",violent,0.0731202394301756,0.09070693306259922,0.02646454947697351
7,CODPD0000,"Denver, CO",violent,0.07742077716314569,0.11739695757081833,0.026430622200327544
8,CODPD0000,"Denver, CO",violent,0.08304573516707066,0.12377816358263506,0.02646454947697351
9,CODPD0000,"Denver, CO",violent,0.05826335062100446,0.078165874760819945,0.02647843021235941
10,CODPD0000,"Denver, CO",violent,0.009030746272720444,0.009065760225491059,0.026492077634575967
11,CODPD0000,"Denver, CO",violent,-0.02523155287966163,-0.0252048544807503,0.026478430212359405
12,CODPD0000,"Denver, CO",violent,-0.0478903472037861,-0.040351337771515526,0.02646454947697351
1,CT0001500,"Bridgeport, CT",violent,-0.08833770097035916,-0.07925515155118198,0.030952984364597914
2,CT0001500,"Bridgeport, CT",violent,-0.11919255120067358,-0.15608969056766658,0.031046484282995872
3,CT0001500,"Bridgeport, CT",violent,-0.08349324284739391,-0.14744856144437785,0.031059413844267327
4,CT0001500,"Bridgeport, CT",violent,0.0018861775344930175,-0.04692777399335514,0.03108690475107979
5,CT0001500,"Bridgeport, CT",violent,0.061378368913264515,0.042978598734024584,0.03105941384426733
6,CT0001500,"Bridgeport, CT",violent,0.0731202394301756,0.08075012914754542,0.031046484282995872
7,CT0001500,"Bridgeport, CT",violent,0.07742077716314569,0.11136268766976118,0.030952984364597907
8,CT0001500,"Bridgeport, CT",violent,0.08304573516707066,0.1322915777175704,0.031046484282995872
9,CT0001500,"Bridgeport, CT",violent,0.05826335062100446,0.09154291247570252,0.03105941384426733
10,CT0001500,"Bridgeport, CT",violent,0.009030746272720444,0.01482023787477595,0.03108690475107979
11,CT0001500,"Bridgeport, CT",violent,-0.02523155287966163,-0.019180485883928473,0.031059413844267327
12,CT0001500,"Bridgeport, CT",violent,-0.0478903472037861,-0.02484448017887004,0.031046484282995872
1,CT0001700,"Bristol, CT",violent,-0.08833770097035916,-0.07444685062668017,0.04138913796358573
2,CT0001700,"Bristol, CT",violent,-0.11919255120067358,-0.10280404303187445,0.04141751680015014
3,CT0001700,"Bristol, CT",violent,-0.08349324284739391,-0.08714245365856718,0.04141127126195531
4,CT0001700,"Bristol, CT",violent,0.0018861775344930175,-0.022175502431169725,0.04141909419309305
5,CT0001700,"Bristol, CT",violent,0.061378368913264515,0.04114483990499022,0.04141127126195532
6,CT0001700,"Bristol, CT",violent,0.0731202394301756,0.06795941524826468,0.04141751680015014
7,CT0001700,"Bristol, CT",violent,0.07742077716314569,0.0757434038092415,0.041389137963585725
8,CT0001700,"Bristol, CT",violent,0.08304573516707066,0.07982904424515067,0.04141751680015014
9,CT0001700,"Bristol, CT",violent,0.05826335062100446,0.06287090168928208,0.04141127126195532
10,CT0001700,"Bristol, CT",violent,0.009030746272720444,0.02087894924860839,0.04141909419309305
11,CT0001700,"Bristol, CT",violent,-0.02523155287966163,-0.018169841118266482,0.04141127126195531
12,CT0001700,"Bristol, CT",violent,-0.0478903472037861,-0.04368786327897954,0.04141751680015014
1,CT0003400,"Danbury, CT",violent,-0.08833770097035916,-0.08516929505880058,0.03793140171246433
2,CT0003400,"Danbury, CT",violent,-0.11919255120067358,-0.1243045928114776,0.038037437686277216
3,CT0003400,"Danbury, CT",violent,-0.08349324284739391,-0.09233855294428865,0.03799792015650973
4,CT0003400,"Danbury, CT",violent,0.0018861775344930175,-0.013017185519145548,0.03803552641188093
5,CT0003400,"Danbury, CT",violent,0.061378368913264515,0.03717661159587468,0.03799792015650973
6,CT0003400,"Danbury, CT",violent,0.0731202394301756,0.058879370215144014,0.038037437686277216
7,CT0003400,"Danbury, CT",violent,0.07742077716314569,0.09632614751423212,0.03793140171246432
8,CT0003400,"Danbury, CT",violent,0.08304573516707066,0.12131349911534442,0.038037437686277216
9,CT0003400,"Danbury, CT",violent,0.05826335062100446,0.07819060679272395,0.03799792015650973
10,CT0003400,"Danbury, CT",violent,0.009030746272720444,0.001860333063714003,0.03803552641188093
11,CT0003400,"Danbury, CT",violent,-0.02523155287966163,-0.034185517899741544,0.03799792015650973
12,CT0003400,"Danbury, CT",violent,-0.0478903472037861,-0.04473142406357926,0.038037437686277216
1,CT0004300,"East Hartford, CT",violent,-0.08833770097035916,-0.04718881387719525,0.03999931522040575
2,CT0004300,"East Hartford, CT",violent,-0.11919255120067358,-0.08431063294056576,0.040058343559170755
3,CT0004300,"East Hartford, CT",violent,-0.08349324284739391,-0.09080313663852226,0.04003271423657175
4,CT0004300,"East Hartford, CT",violent,0.0018861775344930175,-0.02851755329727976,0.04004970076107946
5,CT0004300,"East Hartford, CT",violent,0.061378368913264515,0.04352692040103531,0.04003271423657176
6,CT0004300,"East Hartford, CT",violent,0.0731202394301756,0.062219095093046003,0.040058343559170755
7,CT0004300,"East Hartford, CT",violent,0.07742077716314569,0.05472425825439793,0.03999931522040575
8,CT0004300,"East Hartford, CT",violent,0.08304573516707066,0.06409941210933742,0.040058343559170755
9,CT0004300,"East Hartford, CT",violent,0.05826335062100446,0.06305647143009124,0.040032714236571766
10,CT0004300,"East Hartford, CT",violent,0.009030746272720444,0.020982108920077083,0.04004970076107946
11,CT0004300,"East Hartford, CT",violent,-0.02523155287966163,-0.023315699569807006,0.04003271423657175
12,CT0004300,"East Hartford, CT",violent,-0.0478903472037861,-0.03447242988461498,0.040058343559170755
1,CT0005100,"Fairfield, CT",violent,-0.08833770097035916,-0.09683796277283875,0.04275079521613233
2,CT0005100,"Fairfield, CT",violent,-0.11919255120067358,-0.11974270062365855,0.04276539390578067
3,CT0005100,"Fairfield, CT",violent,-0.08349324284739391,-0.07074544778751811,0.042746388540363084
4,CT0005100,"Fairfield, CT",violent,0.0018861775344930175,0.014817165501712894,0.04275668400851954
5,CT0005100,"Fairfield, CT",violent,0.061378368913264515,0.05782601807811251,0.04274638854036309
6,CT0005100,"Fairfield, CT",violent,0.0731202394301756,0.05378301410517244,0.04276539390578067
7,CT0005100,"Fairfield, CT",violent,0.07742077716314569,0.05873064369241364,0.04275079521613233
8,CT0005100,"Fairfield, CT",violent,0.08304573516707066,0.07826534886231445,0.04276539390578067
9,CT0005100,"Fairfield, CT",violent,0.05826335062100446,0.06737541510659913,0.04274638854036309
10,CT0005100,"Fairfield, CT",violent,0.009030746272720444,0.023290153578712215,0.04275668400851954
11,CT0005100,"Fairfield, CT",violent,-0.02523155287966163,-0.01634866631676846,0.042746388540363084
12,CT0005100,"Fairfield, CT",violent,-0.0478903472037861,-0.05041298142425343,0.04276539390578067
1,CT0006400,"Hartford, CT",violent,-0.08833770097035916,-0.11788824629964227,0.030254653782522335
2,CT0006400,"Hartford, CT",violent,-0.11919255120067358,-0.1345645113943516,0.03034504138020101
3,CT0006400,"Hartford, CT",violent,-0.08349324284739391,-0.09495118288020406,0.030318981561050725
4,CT0006400,"Hartford, CT",violent,0.0018861775344930175,-0.010355311067048914,0.030319887399310755
5,CT0006400,"Hartford, CT",violent,0.061378368913264515,0.06173848842518686,0.030318981561050725
6,CT0006400,"Hartford, CT",violent,0.0731202394301756,0.09449342860304896,0.03034504138020101
7,CT0006400,"Hartford, CT",violent,0.07742077716314569,0.10899369789019106,0.03025465378252233
8,CT0006400,"Hartford, CT",violent,0.08304573516707066,0.11212890315435785,0.03034504138020101
9,CT0006400,"Hartford, CT",violent,0.05826335062100446,0.08141012304966153,0.03031898156105073
10,CT0006400,"Hartford, CT",violent,0.009030746272720444,0.019249859476500115,0.030319887399310755
11,CT0006400,"Hartford, CT",violent,-0.02523155287966163,-0.03930288018519316,0.030318981561050725
12,CT0006400,"Hartford, CT",violent,-0.0478903472037861,-0.08095236877250638,0.03034504138020101
1,CT0007700,"Manchester, CT",violent,-0.08833770097035916,-0.06569419656431785,0.039721272817544805
2,CT0007700,"Manchester, CT",violent,-0.11919255120067358,-0.10328513753112994,0.0397462911591959
3,CT0007700,"Manchester, CT",violent,-0.08349324284739391,-0.0837612573023662,0.03972451008789478
4,CT0007700,"Manchester, CT",violent,0.0018861775344930175,-0.0016866451152464095,0.03971924050951015
5,CT0007700,"Manchester, CT",violent,0.061378368913264515,0.05615135923751847,0.039724510087894786
6,CT0007700,"Manchester, CT",violent,0.0731202394301756,0.04832094779758612,0.0397462911591959
7,CT0007700,"Manchester, CT",violent,0.07742077716314569,0.036964677751695256,0.039721272817544805
8,CT0007700,"Manchester, CT",violent,0.08304573516707066,0.06157534761178622,0.0397462911591959
9,CT0007700,"Manchester, CT",violent,0.05826335062100446,0.07078098619564505,0.03972451008789479
10,CT0007700,"Manchester, CT",violent,0.009030746272720444,0.030416163927869003,0.03971924050951015
11,CT0007700,"Manchester, CT",violent,-0.02523155287966163,-0.01444156931817476,0.03972451008789478
12,CT0007700,"Manchester, CT",violent,-0.0478903472037861,-0.03534067669086496,0.0397462911591959
1,CT0008000,"Meriden, CT",violent,-0.08833770097035916,-0.09804171095492745,0.03752519411568117
2,CT0008000,"Meriden, CT",violent,-0.11919255120067358,-0.13413142621153173,0.03760798750019395
3,CT0008000,"Meriden, CT",violent,-0.08349324284739391,-0.11640141330262518,0.03756303600718581
4,CT0008000,"Meriden, CT",violent,0.0018861775344930175,-0.014458819415266258,0.03756582274794279
5,CT0008000,"Meriden, CT",violent,0.061378368913264515,0.08185701288179745,0.037563036007185815
6,CT0008000,"Meriden, CT",violent,0.0731202394301756,0.09466433232461177,0.03760798750019395
7,CT0008000,"Meriden, CT",violent,0.07742077716314569,0.07467700461718987,0.037525194115681164
8,CT0008000,"Meriden, CT",violent,0.08304573516707066,0.0878766959307916,0.03760798750019395
9,CT0008000,"Meriden, CT",violent,0.05826335062100446,0.09351138935962261,0.03756303600718582
10,CT0008000,"Meriden, CT",violent,0.009030746272720444,0.03782352575300383,0.03756582274794279
11,CT0008000,"Meriden, CT",violent,-0.02523155287966163,-0.03560228260105736,0.03756303600718581
12,CT0008000,"Meriden, CT",violent,-0.0478903472037861,-0.07177430838160918,0.03760798750019395
1,CT0008400,"Milford, CT",violent,-0.08833770097035916,-0.06943934439897995,0.04166353831362536
2,CT0008400,"Milford, CT",violent,-0.11919255120067358,-0.09150141063870047,0.041688996208604445
3,CT0008400,"Milford, CT",violent,-0.08349324284739391,-0.0802823474637516,0.04168448184376164
4,CT0008400,"Milford, CT",violent,0.0018861775344930175,-0.014213684935643737,0.04168379207030112
5,CT0008400,"Milford, CT",violent,0.061378368913264515,0.04736965425348239,0.041684481843761646
6,CT0008400,"Milford, CT",violent,0.0731202394301756,0.06529819759195199,0.041688996208604445
7,CT0008400,"Milford, CT",violent,0.07742077716314569,0.07593035270472222,0.041663538313625355
8,CT0008400,"Milford, CT",violent,0.08304573516707066,0.09670963478818315,0.041688996208604445
9,CT0008400,"Milford, CT",violent,0.05826335062100446,0.078999563307492,0.041684481843761646
10,CT0008400,"Milford, CT",violent,0.009030746272720444,0.007722676629901465,0.04168379207030112
11,CT0008400,"Milford, CT",violent,-0.02523155287966163,-0.0525778784029651,0.04168448184376164
12,CT0008400,"Milford, CT",violent,-0.0478903472037861,-0.06401541343569236,0.041688996208604445
1,CT0008900,"New Britain, CT",violent,-0.08833770097035916,-0.06612124649492793,0.03450671347241962
2,CT0008900,"New Britain, CT",violent,-0.11919255120067358,-0.10662075569258551,0.034520940268882756
3,CT0008900,"New Britain, CT",violent,-0.08349324284739391,-0.1254633453925908,0.03455177520717021
4,CT0008900,"New Britain, CT",violent,0.0018861775344930175,-0.04844070814235118,0.034565314169996114
5,CT0008900,"New Britain, CT",violent,0.061378368913264515,0.07387430367310104,0.03455177520717022
6,CT0008900,"New Britain, CT",violent,0.0731202394301756,0.12474880442033043,0.034520940268882756
7,CT0008900,"New Britain, CT",violent,0.07742077716314569,0.09508501159258946,0.03450671347241962
8,CT0008900,"New Britain, CT",violent,0.08304573516707066,0.06618851770280826,0.034520940268882756
9,CT0008900,"New Britain, CT",violent,0.05826335062100446,0.056067342305151986,0.03455177520717022
10,CT0008900,"New Britain, CT",violent,0.009030746272720444,0.019476943044689644,0.034565314169996114
11,CT0008900,"New Britain, CT",violent,-0.02523155287966163,-0.0334420656833238,0.03455177520717021
12,CT0008900,"New Britain, CT",violent,-0.0478903472037861,-0.05535280133289161,0.034520940268882756
1,CT0013500,"Stamford, CT",violent,-0.08833770097035916,-0.13253274298582768,0.035471137596060735
2,CT0013500,"Stamford, CT",violent,-0.11919255120067358,-0.14178659326069878,0.03553866103984451
3,CT0013500,"Stamford, CT",violent,-0.08349324284739391,-0.09213496682800751,0.03547556579219817
4,CT0013500,"Stamford, CT",violent,0.0018861775344930175,-0.003941854935449707,0.03549741682947511
5,CT0013500,"Stamford, CT",violent,0.061378368913264515,0.06713848521993522,0.03547556579219817
6,CT0013500,"Stamford, CT",violent,0.0731202394301756,0.09216177344607884,0.03553866103984451
7,CT0013500,"Stamford, CT",violent,0.07742077716314569,0.09370113899626469,0.035471137596060735
8,CT0013500,"Stamford, CT",violent,0.08304573516707066,0.09545582409404504,0.035538661039844516
9,CT0013500,"Stamford, CT",violent,0.05826335062100446,0.08463580165091676,0.035475565792198176
10,CT0013500,"Stamford, CT",violent,0.009030746272720444,0.0427734589250127,0.03549741682947511
11,CT0013500,"Stamford, CT",violent,-0.02523155287966163,-0.02080771605328153,0.03547556579219817
12,CT0013500,"Stamford, CT",violent,-0.0478903472037861,-0.08466260826898803,0.03553866103984451
1,CT0013800,"Stratford, CT",violent,-0.08833770097035916,-0.05016816766655011,0.04100689317242625
2,CT0013800,"Stratford, CT",violent,-0.11919255120067358,-0.10599120916108823,0.04103755552255492
3,CT0013800,"Stratford, CT",violent,-0.08349324284739391,-0.09753711607147197,0.04103220958319013
4,CT0013800,"Stratford, CT",violent,0.0018861775344930175,-0.013238365557410996,0.041038070134144566
5,CT0013800,"Stratford, CT",violent,0.061378368913264515,0.05082403824341568,0.041032209583190135
6,CT0013800,"Stratford, CT",violent,0.0731202394301756,0.05478307494792108,0.04103755552255492
7,CT0013800,"Stratford, CT",violent,0.07742077716314569,0.05897782627161941,0.04100689317242624
8,CT0013800,"Stratford, CT",violent,0.08304573516707066,0.08176130415621188,0.04103755552255492
9,CT0013800,"Stratford, CT",violent,0.05826335062100446,0.06449755246152636,0.041032209583190135
10,CT0013800,"Stratford, CT",violent,0.009030746272720444,0.00442870695234171,0.041038070134144566
11,CT0013800,"Stratford, CT",violent,-0.02523155287966163,-0.026594133238539378,0.04103220958319013
12,CT0013800,"Stratford, CT",violent,-0.0478903472037861,-0.02174351133797545,0.04103755552255492
1,CT0015100,"Waterbury, CT",violent,-0.08833770097035916,-0.1069468598718095,0.03322771403972262
2,CT0015100,"Waterbury, CT",violent,-0.11919255120067358,-0.15630635548184946,0.033290995372901186
3,CT0015100,"Waterbury, CT",violent,-0.08349324284739391,-0.1063890425486266,0.03326632686573815
4,CT0015100,"Waterbury, CT",violent,0.0018861775344930175,-0.0060510496299305445,0.033278181593975
5,CT0015100,"Waterbury, CT",violent,0.061378368913264515,0.05041257552636334,0.033266326865738154
6,CT0015100,"Waterbury, CT",violent,0.0731202394301756,0.05666565345372787,0.033290995372901186
7,CT0015100,"Waterbury, CT",violent,0.07742077716314569,0.06654333535052122,0.03322771403972261
8,CT0015100,"Waterbury, CT",violent,0.08304573516707066,0.08339441741078985,0.033290995372901186
9,CT0015100,"Waterbury, CT",violent,0.05826335062100446,0.07388062899885527,0.033266326865738154
10,CT0015100,"Waterbury, CT",violent,0.009030746272720444,0.046454574151218814,0.033278181593975
11,CT0015100,"Waterbury, CT",violent,-0.02523155287966163,0.022499362544696214,0.03326632686573815
12,CT0015100,"Waterbury, CT",violent,-0.0478903472037861,-0.02415723990395648,0.033290995372901186
1,CT0015500,"West Hartford, CT",violent,-0.08833770097035916,-0.07597715380808515,0.041856628661627385
2,CT0015500,"West Hartford, CT",violent,-0.11919255120067358,-0.13487689078204024,0.04190568591624618
3,CT0015500,"West Hartford, CT",violent,-0.08349324284739391,-0.09075818601094816,0.04187439976993862
4,CT0015500,"West Hartford, CT",violent,0.0018861775344930175,0.0065534854054142815,0.0419016416660568
5,CT0015500,"West Hartford, CT",violent,0.061378368913264515,0.048791079424434315,0.041874399769938626
6,CT0015500,"West Hartford, CT",violent,0.0731202394301756,0.048628195474296226,0.04190568591624618
7,CT0015500,"West Hartford, CT",violent,0.07742077716314569,0.07474072694334884,0.04185662866162738
8,CT0015500,"West Hartford, CT",violent,0.08304573516707066,0.0965932771187281,0.04190568591624618
9,CT0015500,"West Hartford, CT",violent,0.05826335062100446,0.05371099921237234,0.041874399769938626
10,CT0015500,"West Hartford, CT",violent,0.009030746272720444,-0.005317058540677996,0.0419016416660568
11,CT0015500,"West Hartford, CT",violent,-0.02523155287966163,-0.010507465761122232,0.04187439976993862
12,CT0015500,"West Hartford, CT",violent,-0.0478903472037861,-0.011581008675720343,0.041905685916246174
1,FL0130600,"Miami, FL",violent,-0.08833770097035916,-0.05461891322947263,0.027744453887084106
2,FL0130600,"Miami, FL",violent,-0.11919255120067358,-0.08286047181210199,0.027790691888794166
3,FL0130600,"Miami, FL",violent,-0.08349324284739391,-0.03846069249522201,0.027793550051832993
4,FL0130600,"Miami, FL",violent,0.0018861775344930175,0.03600504107544818,0.02780233887027204
5,FL0130600,"Miami, FL",violent,0.061378368913264515,0.06088627958220151,0.027793550051832996
6,FL0130600,"Miami, FL",violent,0.0731202394301756,0.04562772151477659,0.027790691888794166
7,FL0130600,"Miami, FL",violent,0.07742077716314569,0.043513333319964397,0.027744453887084103
8,FL0130600,"Miami, FL",violent,0.08304573516707066,0.04306298172337964,0.02779069188879417
9,FL0130600,"Miami, FL",violent,0.05826335062100446,0.009768782316007892,0.027793550051832996
10,FL0130600,"Miami, FL",violent,0.009030746272720444,-0.024899461165939964,0.02780233887027204
11,FL0130600,"Miami, FL",violent,-0.02523155287966163,-0.021088789493479185,0.027793550051832993
12,FL0130600,"Miami, FL",violent,-0.0478903472037861,-0.016935811335562444,0.027790691888794166
1,FL0130700,"Miami Beach, FL",violent,-0.08833770097035916,-0.10740093329785402,0.0318586769299363
2,FL0130700,"Miami Beach, FL",violent,-0.11919255120067358,-0.0932955142425243,0.03191754339006325
3,FL0130700,"Miami Beach, FL",violent,-0.08349324284739391,0.007308029199592347,0.03188867095661233
4,FL0130700,"Miami Beach, FL",violent,0.0018861775344930175,0.0756121862334265,0.03191607394805116
5,FL0130700,"Miami Beach, FL",violent,0.061378368913264515,0.05617559394177059,0.03188867095661234
6,FL0130700,"Miami Beach, FL",violent,0.0731202394301756,0.03295719170857873,0.03191754339006325
7,FL0130700,"Miami Beach, FL",violent,0.07742077716314569,0.05529850926031428,0.03185867692993629
8,FL0130700,"Miami Beach, FL",violent,0.08304573516707066,0.05753309922183909,0.03191754339006325
9,FL0130700,"Miami Beach, FL",violent,0.05826335062100446,0.00903197981726218,0.03188867095661234
10,FL0130700,"Miami Beach, FL",violent,0.009030746272720444,-0.023509762195886772,0.03191607394805116
11,FL0130700,"Miami Beach, FL",violent,-0.02523155287966163,-0.020413178921085406,0.03188867095661233
12,FL0130700,"Miami Beach, FL",violent,-0.0478903472037861,-0.049297200725433185,0.03191754339006325
1,FL0580000,"Sarasota, FL",violent,-0.08833770097035916,-0.09528049147998599,0.033539550060260985
2,FL0580000,"Sarasota, FL",violent,-0.11919255120067358,-0.10485668546805149,0.03359354735685612
3,FL0580000,"Sarasota, FL",violent,-0.08349324284739391,-0.03665627892146909,0.03355731033217036
4,FL0580000,"Sarasota, FL",violent,0.0018861775344930175,0.024377160900859594,0.03355475512564148
5,FL0580000,"Sarasota, FL",violent,0.061378368913264515,0.03927790576781424,0.03355731033217036
6,FL0580000,"Sarasota, FL",violent,0.0731202394301756,0.04790866671272409,0.03359354735685612
7,FL0580000,"Sarasota, FL",violent,0.07742077716314569,0.060489223665514145,0.03353955006026098
8,FL0580000,"Sarasota, FL",violent,0.08304573516707066,0.04252776081326329,0.03359354735685612
9,FL0580000,"Sarasota, FL",violent,0.05826335062100446,0.009118622081152702,0.03355731033217036
10,FL0580000,"Sarasota, FL",violent,0.009030746272720444,0.01041410691361222,0.03355475512564148
11,FL0580000,"Sarasota, FL",violent,-0.02523155287966163,0.023051018886973935,0.03355731033217036
12,FL0580000,"Sarasota, FL",violent,-0.0478903472037861,-0.020371009872407635,0.033593547356856115
1,GA0447100,"Dunwoody, GA",violent,-0.08833770097035916,-0.0890299290700027,0.03994384527128483
2,GA0447100,"Dunwoody, GA",violent,-0.11919255120067358,-0.140483066808909,0.03999525481194993
3,GA0447100,"Dunwoody, GA",violent,-0.08349324284739391,-0.10713337679280595,0.039962684706875015
4,GA0447100,"Dunwoody, GA",violent,0.0018861775344930175,-0.008020838327641002,0.03998716972954112
5,GA0447100,"Dunwoody, GA",violent,0.061378368913264515,0.06401890222123695,0.039962684706875015
6,GA0447100,"Dunwoody, GA",violent,0.0731202394301756,0.07714027190407706,0.03999525481194993
7,GA0447100,"Dunwoody, GA",violent,0.07742077716314569,0.07616740365006555,0.03994384527128482
8,GA0447100,"Dunwoody, GA",violent,0.08304573516707066,0.07861157042945836,0.03999525481194993
9,GA0447100,"Dunwoody, GA",violent,0.05826335062100446,0.058124405833292446,0.039962684706875015
10,GA0447100,"Dunwoody, GA",violent,0.009030746272720444,0.020883363747578147,0.03998716972954112
11,GA0447100,"Dunwoody, GA",violent,-0.02523155287966163,-0.0021474058417863483,0.039962684706875015
12,GA0447100,"Dunwoody, GA",violent,-0.0478903472037861,-0.028131300944563512,0.03999525481194993
1,GA0470100,"Albany, GA",violent,-0.08833770097035916,-0.06580988751048525,0.03071420233347474
2,GA0470100,"Albany, GA",violent,-0.11919255120067358,-0.07698016529741707,0.030762499664525437
3,GA0470100,"Albany, GA",violent,-0.08349324284739391,-0.06968654543248899,0.030740762117093094
4,GA0470100,"Albany, GA",violent,0.0018861775344930175,-0.016430983767066826,0.03076545209486106
5,GA0470100,"Albany, GA",violent,0.061378368913264515,0.05414842939620497,0.030740762117093097
6,GA0470100,"Albany, GA",violent,0.0731202394301756,0.07587773300957781,0.030762499664525437
7,GA0470100,"Albany, GA",violent,0.07742077716314569,0.04654457608586855,0.030714202333474737
8,GA0470100,"Albany, GA",violent,0.08304573516707066,0.028322612015856258,0.030762499664525437
9,GA0470100,"Albany, GA",violent,0.05826335062100446,0.04029430357554487,0.0307407621170931
10,GA0470100,"Albany, GA",violent,0.009030746272720444,0.03569629519168352,0.03076545209486106
11,GA0470100,"Albany, GA",violent,-0.02523155287966163,-0.005490876114644188,0.030740762117093094
12,GA0470100,"Albany, GA",violent,-0.0478903472037861,-0.04648549115263367,0.030762499664525437
1,GA0580000,"Forsyth, GA",violent,-0.08833770097035916,-0.11531994999938175,0.03828358011680581
2,GA0580000,"Forsyth, GA",violent,-0.11919255120067358,-0.16558058792162464,0.03832900644561322
3,GA0580000,"Forsyth, GA",violent,-0.08349324284739391,-0.0921764723555521,0.03829954605842388
4,GA0580000,"Forsyth, GA",violent,0.0018861775344930175,0.018417560467486636,0.038306950933751395
5,GA0580000,"Forsyth, GA",violent,0.061378368913264515,0.03854061984497798,0.03829954605842388
6,GA0580000,"Forsyth, GA",violent,0.0731202394301756,0.01737868237767738,0.03832900644561322
7,GA0580000,"Forsyth, GA",violent,0.07742077716314569,0.06486781535939243,0.038283580116805806
8,GA0580000,"Forsyth, GA",violent,0.08304573516707066,0.1321721728016097,0.03832900644561322
9,GA0580000,"Forsyth, GA",violent,0.05826335062100446,0.10922019187552645,0.03829954605842388
10,GA0580000,"Forsyth, GA",violent,0.009030746272720444,0.03203457417250266,0.038306950933751395
11,GA0580000,"Forsyth, GA",violent,-0.02523155287966163,-0.005132204724963088,0.03829954605842388
12,GA0580000,"Forsyth, GA",violent,-0.0478903472037861,-0.03442240189765168,0.03832900644561322
1,GA0600400,"Alpharetta, GA",violent,-0.08833770097035916,-0.1210747369169057,0.0383948601288613
2,GA0600400,"Alpharetta, GA",violent,-0.11919255120067358,-0.1498036060376759,0.03840889578473802
3,GA0600400,"Alpharetta, GA",violent,-0.08349324284739391,-0.051397178204687345,0.0383729190413224
4,GA0600400,"Alpharetta, GA",violent,0.0018861775344930175,0.043381046939440095,0.03837608776897121
5,GA0600400,"Alpharetta, GA",violent,0.061378368913264515,0.05385791922804747,0.03837291904132241
6,GA0600400,"Alpharetta, GA",violent,0.0731202394301756,0.04991782603990104,0.03840889578473802
7,GA0600400,"Alpharetta, GA",violent,0.07742077716314569,0.07357580811068978,0.0383948601288613
8,GA0600400,"Alpharetta, GA",violent,0.08304573516707066,0.06318688599791683,0.03840889578473802
9,GA0600400,"Alpharetta, GA",violent,0.05826335062100446,0.012279386971144144,0.03837291904132241
10,GA0600400,"Alpharetta, GA",violent,0.009030746272720444,0.004117881866775791,0.03837608776897121
11,GA0600400,"Alpharetta, GA",violent,-0.02523155287966163,0.03275880081171157,0.0383729190413224
12,GA0600400,"Alpharetta, GA",violent,-0.0478903472037861,-0.010800034806357769,0.03840889578473802
1,GA0600500,"Roswell, GA",violent,-0.08833770097035916,-0.0471552855469103,0.03716684615496834
2,GA0600500,"Roswell, GA",violent,-0.11919255120067358,-0.08135977345582118,0.03720799126358789
3,GA0600500,"Roswell, GA",violent,-0.08349324284739391,-0.07020300083513438,0.03719699999812399
4,GA0600500,"Roswell, GA",violent,0.0018861775344930175,0.0067071956649822195,0.03716651174585206
5,GA0600500,"Roswell, GA",violent,0.061378368913264515,0.06477994930203217,0.03719699999812399
6,GA0600500,"Roswell, GA",violent,0.0731202394301756,0.05373045684200213,0.03720799126358789
7,GA0600500,"Roswell, GA",violent,0.07742077716314569,0.033981542832327905,0.03716684615496833
8,GA0600500,"Roswell, GA",violent,0.08304573516707066,0.05037109312446503,0.03720799126358789
9,GA0600500,"Roswell, GA",violent,0.05826335062100446,0.05238806321836062,0.037196999998123995
10,GA0600500,"Roswell, GA",violent,0.009030746272720444,0.00646654704960019,0.03716651174585206
11,GA0600500,"Roswell, GA",violent,-0.02523155287966163,-0.033791268970676025,0.03719699999812399
12,GA0600500,"Roswell, GA",violent,-0.0478903472037861,-0.035915519225228384,0.03720799126358789
1,GA0605800,"Johns Creek, GA",violent,-0.08833770097035916,-0.0937572247394846,0.04239263609494369
2,GA0605800,"Johns Creek, GA",violent,-0.11919255120067358,-0.11518970539902317,0.04240106181223338
3,GA0605800,"Johns Creek, GA",violent,-0.08349324284739391,-0.07116475287220124,0.04238891971362628
4,GA0605800,"Johns Creek, GA",violent,0.0018861775344930175,0.0069401090452524345,0.042389976046827454
5,GA0605800,"Johns Creek, GA",violent,0.061378368913264515,0.04922564716289668,0.04238891971362629
6,GA0605800,"Johns Creek, GA",violent,0.0731202394301756,0.050468419799121284,0.04240106181223338
7,GA0605800,"Johns Creek, GA",violent,0.07742077716314569,0.05867380808182618,0.04239263609494368
8,GA0605800,"Johns Creek, GA",violent,0.08304573516707066,0.078377672486806,0.04240106181223338
9,GA0605800,"Johns Creek, GA",violent,0.05826335062100446,0.06943613661764249,0.042388919713626294
10,GA0605800,"Johns Creek, GA",violent,0.009030746272720444,0.028143307612405986,0.042389976046827454
11,GA0605800,"Johns Creek, GA",violent,-0.02523155287966163,-0.01241361425067955,0.04238891971362628
12,GA0605800,"Johns Creek, GA",violent,-0.0478903472037861,-0.04873980354456249,0.04240106181223338
1,GA0690000,"Hall, GA",violent,-0.08833770097035916,-0.057073461617964595,0.034966909181957266
2,GA0690000,"Hall, GA",violent,-0.11919255120067358,-0.11522529266493729,0.034966100403059516
3,GA0690000,"Hall, GA",violent,-0.08349324284739391,-0.1138317866156813,0.03499899338907932
4,GA0690000,"Hall, GA",violent,0.0018861775344930175,-0.011799925377946328,0.034965849394698226
5,GA0690000,"Hall, GA",violent,0.061378368913264515,0.08197358536508267,0.03499899338907932
6,GA0690000,"Hall, GA",violent,0.0731202394301756,0.08040624152395509,0.034966100403059516
7,GA0690000,"Hall, GA",violent,0.07742077716314569,0.04822468046890751,0.03496690918195726
8,GA0690000,"Hall, GA",violent,0.08304573516707066,0.05924677180332149,0.034966100403059516
9,GA0690000,"Hall, GA",violent,0.05826335062100446,0.06670204690312258,0.03499899338907932
10,GA0690000,"Hall, GA",violent,0.009030746272720444,0.020648706527003433,0.034965849394698226
11,GA0690000,"Hall, GA",violent,-0.02523155287966163,-0.025995064503466895,0.03499899338907932
12,GA0690000,"Hall, GA",violent,-0.0478903472037861,-0.033276501811396374,0.034966100403059516
1,GA1100000,"Paulding, GA",violent,-0.08833770097035916,-0.05357986525170458,0.03353400130533861
2,GA1100000,"Paulding, GA",violent,-0.11919255120067358,-0.1030512518377178,0.03355722601795349
3,GA1100000,"Paulding, GA",violent,-0.08349324284739391,-0.06737067401637534,0.03349363092432162
4,GA1100000,"Paulding, GA",violent,0.0018861775344930175,0.019643313529840212,0.03352062400051893
5,GA1100000,"Paulding, GA",violent,0.061378368913264515,0.04476445727231,0.03349363092432163
6,GA1100000,"Paulding, GA",violent,0.0731202394301756,0.010412150789016725,0.03355722601795349
7,GA1100000,"Paulding, GA",violent,0.07742077716314569,0.014791961804034626,0.0335340013053386
8,GA1100000,"Paulding, GA",violent,0.08304573516707066,0.06177709775755041,0.03355722601795349
9,GA1100000,"Paulding, GA",violent,0.05826335062100446,0.0648844233838779,0.03349363092432163
10,GA1100000,"Paulding, GA",violent,0.009030746272720444,0.019144589917829736,0.03352062400051893
11,GA1100000,"Paulding, GA",violent,-0.02523155287966163,-0.0034903031921426414,0.03349363092432162
12,GA1100000,"Paulding, GA",violent,-0.0478903472037861,-0.007925900156519266,0.03355722601795349
1,HI0020000,"Honolulu, HI",violent,-0.08833770097035916,-0.05083752549945152,0.027673026747951992
2,HI0020000,"Honolulu, HI",violent,-0.11919255120067358,-0.08391588713754296,0.027700193500349392
3,HI0020000,"Honolulu, HI",violent,-0.08349324284739391,-0.07042044768492524,0.027695275124914858
4,HI0020000,"Honolulu, HI",violent,0.0018861775344930175,-0.004677882378671655,0.02770836540481297
5,HI0020000,"Honolulu, HI",violent,0.061378368913264515,0.04296610727620582,0.02769527512491486
6,HI0020000,"Honolulu, HI",violent,0.0731202394301756,0.03462142396663604,0.027700193500349392
7,HI0020000,"Honolulu, HI",violent,0.07742077716314569,0.0205174566263283,0.02767302674795199
8,HI0020000,"Honolulu, HI",violent,0.08304573516707066,0.04065519612709997,0.027700193500349392
9,HI0020000,"Honolulu, HI",violent,0.05826335062100446,0.05747982554760547,0.02769527512491486
10,HI0020000,"Honolulu, HI",violent,0.009030746272720444,0.03499795125179489,0.02770836540481297
11,HI0020000,"Honolulu, HI",violent,-0.02523155287966163,2.9458373423715166e-4,0.027695275124914858
12,HI0020000,"Honolulu, HI",violent,-0.0478903472037861,-0.021680801829316258,0.02770019350034939
1,IA0070300,"Waterloo, IA",violent,-0.08833770097035916,-0.15359412336623327,0.033899023873516204
2,IA0070300,"Waterloo, IA",violent,-0.11919255120067358,-0.19902778677594485,0.03397891699615151
3,IA0070300,"Waterloo, IA",violent,-0.08349324284739391,-0.13249997886765458,0.03390674572755322
4,IA0070300,"Waterloo, IA",violent,0.0018861775344930175,0.004578043114938047,0.03388024638605036
5,IA0070300,"Waterloo, IA",violent,0.061378368913264515,0.10720465210053434,0.03390674572755322
6,IA0070300,"Waterloo, IA",violent,0.0731202394301756,0.13761872033596317,0.03397891699615151
7,IA0070300,"Waterloo, IA",violent,0.07742077716314569,0.13053509804140345,0.033899023873516204
8,IA0070300,"Waterloo, IA",violent,0.08304573516707066,0.1065544358991022,0.03397891699615152
9,IA0070300,"Waterloo, IA",violent,0.05826335062100446,0.06308565331564173,0.03390674572755323
10,IA0070300,"Waterloo, IA",violent,0.009030746272720444,0.01848098220989175,0.03388024638605036
11,IA0070300,"Waterloo, IA",violent,-0.02523155287966163,-0.014731301223691746,0.03390674572755322
12,IA0070300,"Waterloo, IA",violent,-0.0478903472037861,-0.06820439478395024,0.03397891699615151
1,IA0310100,"Dubuque, IA",violent,-0.08833770097035916,-0.08136524071202728,0.0360340199816016
2,IA0310100,"Dubuque, IA",violent,-0.11919255120067358,-0.11269192828459257,0.03612238312378497
3,IA0310100,"Dubuque, IA",violent,-0.08349324284739391,-0.10929002298780288,0.03608280024808767
4,IA0310100,"Dubuque, IA",violent,0.0018861775344930175,-0.023714000556814573,0.03612317618453369
5,IA0310100,"Dubuque, IA",violent,0.061378368913264515,0.07497850195783307,0.036082800248087674
6,IA0310100,"Dubuque, IA",violent,0.0731202394301756,0.10704236625453237,0.03612238312378497
7,IA0310100,"Dubuque, IA",violent,0.07742077716314569,0.09871850226030773,0.03603401998160159
8,IA0310100,"Dubuque, IA",violent,0.08304573516707066,0.0991860899989333,0.03612238312378497
9,IA0310100,"Dubuque, IA",violent,0.05826335062100446,0.07843092315386319,0.036082800248087674
10,IA0310100,"Dubuque, IA",violent,0.009030746272720444,0.006360739008534121,0.03612317618453369
11,IA0310100,"Dubuque, IA",violent,-0.02523155287966163,-0.06147266367217384,0.03608280024808767
12,IA0310100,"Dubuque, IA",violent,-0.0478903472037861,-0.07618326642059264,0.03612238312378497
1,IA0520200,"Iowa City, IA",violent,-0.08833770097035916,-0.1514828811108559,0.036461295300751574
2,IA0520200,"Iowa City, IA",violent,-0.11919255120067358,-0.17841918502163517,0.03647682208862134
3,IA0520200,"Iowa City, IA",violent,-0.08349324284739391,-0.08629396153518087,0.03642918687591299
4,IA0520200,"Iowa City, IA",violent,0.0018861775344930175,0.02758627085899571,0.03642505772988512
5,IA0520200,"Iowa City, IA",violent,0.061378368913264515,0.06172993894931299,0.036429186875913
6,IA0520200,"Iowa City, IA",violent,0.0731202394301756,0.061748030365136174,0.03647682208862134
7,IA0520200,"Iowa City, IA",violent,0.07742077716314569,0.09970374888243659,0.03646129530075157
8,IA0520200,"Iowa City, IA",violent,0.08304573516707066,0.1296196122370737,0.03647682208862134
9,IA0520200,"Iowa City, IA",violent,0.05826335062100446,0.08927352097903868,0.036429186875913
10,IA0520200,"Iowa City, IA",violent,0.009030746272720444,0.02419286136942357,0.03642505772988512
11,IA0520200,"Iowa City, IA",violent,-0.02523155287966163,-0.012930366164751543,0.03642918687591299
12,IA0520200,"Iowa City, IA",violent,-0.0478903472037861,-0.06472758980899389,0.03647682208862134
1,IA0570100,"Cedar Rapids, IA",violent,-0.08833770097035916,-0.09429432286172998,0.033380651647802906
2,IA0570100,"Cedar Rapids, IA",violent,-0.11919255120067358,-0.12774976852816494,0.03346376118291482
3,IA0570100,"Cedar Rapids, IA",violent,-0.08349324284739391,-0.09939375562910499,0.03343599870674286
4,IA0570100,"Cedar Rapids, IA",violent,0.0018861775344930175,-0.030628759058516197,0.03348924875424905
5,IA0570100,"Cedar Rapids, IA",violent,0.061378368913264515,0.03068277792862174,0.03343599870674287
6,IA0570100,"Cedar Rapids, IA",violent,0.0731202394301756,0.07330174675381465,0.03346376118291482
7,IA0570100,"Cedar Rapids, IA",violent,0.07742077716314569,0.10332474667770364,0.0333806516478029
8,IA0570100,"Cedar Rapids, IA",violent,0.08304573516707066,0.10421250634881649,0.03346376118291482
9,IA0570100,"Cedar Rapids, IA",violent,0.05826335062100446,0.06682606963378285,0.03343599870674287
10,IA0570100,"Cedar Rapids, IA",violent,0.009030746272720444,0.021598335242542514,0.03348924875424905
11,IA0570100,"Cedar Rapids, IA",violent,-0.02523155287966163,-0.007145515749273311,0.03343599870674286
12,IA0570100,"Cedar Rapids, IA",violent,-0.0478903472037861,-0.04073406075849244,0.03346376118291482
1,IA0770100,"Ankeny, IA",violent,-0.08833770097035916,-0.06954576847234095,0.038458093486176494
2,IA0770100,"Ankeny, IA",violent,-0.11919255120067358,-0.085013866676847,0.03850258893849776
3,IA0770100,"Ankeny, IA",violent,-0.08349324284739391,-0.05311168968047168,0.03844766472262112
4,IA0770100,"Ankeny, IA",violent,0.0018861775344930175,0.011201260042524934,0.038470603555341536
5,IA0770100,"Ankeny, IA",violent,0.061378368913264515,0.045998966449226505,0.03844766472262113
6,IA0770100,"Ankeny, IA",violent,0.0731202394301756,0.03897231081949807,0.03850258893849776
7,IA0770100,"Ankeny, IA",violent,0.07742077716314569,0.03862048941090928,0.03845809348617649
8,IA0770100,"Ankeny, IA",violent,0.08304573516707066,0.05934231163138251,0.03850258893849776
9,IA0770100,"Ankeny, IA",violent,0.05826335062100446,0.05836541369643884,0.03844766472262113
10,IA0770100,"Ankeny, IA",violent,0.009030746272720444,0.01972401901890673,0.038470603555341536
11,IA0770100,"Ankeny, IA",violent,-0.02523155287966163,-0.020327411403762038,0.03844766472262112
12,IA0770100,"Ankeny, IA",violent,-0.0478903472037861,-0.04422603483546522,0.03850258893849776
1,IA0770300,"Des Moines, IA",violent,-0.08833770097035916,-0.11521000769783629,0.028695737088456345
2,IA0770300,"Des Moines, IA",violent,-0.11919255120067358,-0.1136561138901789,0.028731432047157463
3,IA0770300,"Des Moines, IA",violent,-0.08349324284739391,-0.06185937047650464,0.028743222469499265
4,IA0770300,"Des Moines, IA",violent,0.0018861775344930175,0.0032988552537006454,0.028745935352268943
5,IA0770300,"Des Moines, IA",violent,0.061378368913264515,0.05042427661881084,0.028743222469499265
6,IA0770300,"Des Moines, IA",violent,0.0731202394301756,0.08575687811849939,0.028731432047157463
7,IA0770300,"Des Moines, IA",violent,0.07742077716314569,0.11112460352104184,0.028695737088456342
8,IA0770300,"Des Moines, IA",violent,0.08304573516707066,0.10235834990701534,0.028731432047157463
9,IA0770300,"Des Moines, IA",violent,0.05826335062100446,0.05464701067013555,0.028743222469499268
10,IA0770300,"Des Moines, IA",violent,0.009030746272720444,7.865489230938079e-4,0.028745935352268943
11,IA0770300,"Des Moines, IA",violent,-0.02523155287966163,-0.039126512635647315,0.028743222469499265
12,IA0770300,"Des Moines, IA",violent,-0.0478903472037861,-0.07854451831213022,0.028731432047157463
1,IA0770500,"West Des Moines, IA",violent,-0.08833770097035916,-0.06141428854052999,0.03854488311717846
2,IA0770500,"West Des Moines, IA",violent,-0.11919255120067358,-0.10911507980983713,0.03860162321642181
3,IA0770500,"West Des Moines, IA",violent,-0.08349324284739391,-0.05132202527034346,0.03853897859538206
4,IA0770500,"West Des Moines, IA",violent,0.0018861775344930175,0.05077712948421918,0.03855161337038373
5,IA0770500,"West Des Moines, IA",violent,0.061378368913264515,0.06661413786603555,0.038538978595382065
6,IA0770500,"West Des Moines, IA",violent,0.0731202394301756,0.019655347514130065,0.03860162321642181
7,IA0770500,"West Des Moines, IA",violent,0.07742077716314569,0.02209409614604985,0.038544883117178456
8,IA0770500,"West Des Moines, IA",violent,0.08304573516707066,0.05995925108794398,0.03860162321642181
9,IA0770500,"West Des Moines, IA",violent,0.05826335062100446,0.04148638894293046,0.03853897859538207
10,IA0770500,"West Des Moines, IA",violent,0.009030746272720444,-0.011456937089739033,0.03855161337038373
11,IA0770500,"West Des Moines, IA",violent,-0.02523155287966163,-0.017458309144142432,0.038538978595382065
12,IA0770500,"West Des Moines, IA",violent,-0.0478903472037861,-0.009819711186717034,0.03860162321642181
1,IA0780100,"Council Bluffs, IA",violent,-0.08833770097035916,-0.12597287842976554,0.034730138962964625
2,IA0780100,"Council Bluffs, IA",violent,-0.11919255120067358,-0.06809536443240208,0.03481200171582188
3,IA0780100,"Council Bluffs, IA",violent,-0.08349324284739391,-0.04547484801390236,0.03476243119894542
4,IA0780100,"Council Bluffs, IA",violent,0.0018861775344930175,-0.02785851787890996,0.034790285613953295
5,IA0780100,"Council Bluffs, IA",violent,0.061378368913264515,0.03977073483318253,0.034762431198945426
6,IA0780100,"Council Bluffs, IA",violent,0.0731202394301756,0.11707802181917154,0.03481200171582188
7,IA0780100,"Council Bluffs, IA",violent,0.07742077716314569,0.1345663679459521,0.03473013896296462
8,IA0780100,"Council Bluffs, IA",violent,0.08304573516707066,0.10661803417609611,0.03481200171582188
9,IA0780100,"Council Bluffs, IA",violent,0.05826335062100446,0.07540402824140988,0.034762431198945426
10,IA0780100,"Council Bluffs, IA",violent,0.009030746272720444,0.01926502836272342,0.034790285613953295
11,IA0780100,"Council Bluffs, IA",violent,-0.02523155287966163,-0.0782934045768766,0.03476243119894542
12,IA0780100,"Council Bluffs, IA",violent,-0.0478903472037861,-0.147007202046679,0.03481200171582188
1,IA0820200,"Davenport, IA",violent,-0.08833770097035916,-0.14185918497120167,0.0312629645286101
2,IA0820200,"Davenport, IA",violent,-0.11919255120067358,-0.173086970090698,0.031341986263759544
3,IA0820200,"Davenport, IA",violent,-0.08349324284739391,-0.12818178730890284,0.03126492744362915
4,IA0820200,"Davenport, IA",violent,0.0018861775344930175,-0.009419220121113705,0.03130296988792082
5,IA0820200,"Davenport, IA",violent,0.061378368913264515,0.09190789677631436,0.03126492744362915
6,IA0820200,"Davenport, IA",violent,0.0731202394301756,0.11452063244037736,0.031341986263759544
7,IA0820200,"Davenport, IA",violent,0.07742077716314569,0.10203529200857629,0.0312629645286101
8,IA0820200,"Davenport, IA",violent,0.08304573516707066,0.10650228066771747,0.031341986263759544
9,IA0820200,"Davenport, IA",violent,0.05826335062100446,0.10142099084854767,0.03126492744362916
10,IA0820200,"Davenport, IA",violent,0.009030746272720444,0.04924311308373909,0.03130296988792082
11,IA0820200,"Davenport, IA",violent,-0.02523155287966163,-0.02532320735333388,0.03126492744362915
12,IA0820200,"Davenport, IA",violent,-0.0478903472037861,-0.08775983598002216,0.031341986263759544
1,IA0850100,"Ames, IA",violent,-0.08833770097035916,-0.0925256411687739,0.0387907790766549
2,IA0850100,"Ames, IA",violent,-0.11919255120067358,-0.10882928813742607,0.038820311758650985
3,IA0850100,"Ames, IA",violent,-0.08349324284739391,-0.07274850423257805,0.038793754074205565
4,IA0850100,"Ames, IA",violent,0.0018861775344930175,0.004571384197877585,0.03879278865745925
5,IA0850100,"Ames, IA",violent,0.061378368913264515,0.03982231908131611,0.03879375407420557
6,IA0850100,"Ames, IA",violent,0.0731202394301756,0.02338810738113647,0.038820311758650985
7,IA0850100,"Ames, IA",violent,0.07742077716314569,0.03988288309814396,0.038790779076654895
8,IA0850100,"Ames, IA",violent,0.08304573516707066,0.10432620468090444,0.038820311758650985
9,IA0850100,"Ames, IA",violent,0.05826335062100446,0.12088817884668637,0.03879375407420558
10,IA0850100,"Ames, IA",violent,0.009030746272720444,0.048071373872752364,0.03879278865745925
11,IA0850100,"Ames, IA",violent,-0.02523155287966163,-0.03531923562479452,0.038793754074205565
12,IA0850100,"Ames, IA",violent,-0.0478903472037861,-0.07152778199524477,0.038820311758650985
1,IA0970100,"Sioux City, IA",violent,-0.08833770097035916,-0.09691894795236819,0.03304118664510878
2,IA0970100,"Sioux City, IA",violent,-0.11919255120067358,-0.16497203033765873,0.03310627989980746
3,IA0970100,"Sioux City, IA",violent,-0.08349324284739391,-0.11479309165532461,0.033061373810116514
4,IA0970100,"Sioux City, IA",violent,0.0018861775344930175,0.024669465965847726,0.03309009033753357
5,IA0970100,"Sioux City, IA",violent,0.061378368913264515,0.10122336728697079,0.03306137381011652
6,IA0970100,"Sioux City, IA",violent,0.0731202394301756,0.08334881098653771,0.03310627989980746
7,IA0970100,"Sioux City, IA",violent,0.07742077716314569,0.07292925959209641,0.03304118664510878
8,IA0970100,"Sioux City, IA",violent,0.08304573516707066,0.09254470413907362,0.03310627989980746
9,IA0970100,"Sioux City, IA",violent,0.05826335062100446,0.06635545381701129,0.03306137381011652
10,IA0970100,"Sioux City, IA",violent,0.009030746272720444,-6.79777605575949e-4,0.03309009033753357
11,IA0970100,"Sioux City, IA",violent,-0.02523155287966163,-0.028796041088385748,0.033061373810116514
12,IA0970100,"Sioux City, IA",violent,-0.0478903472037861,-0.03491117314822436,0.03310627989980746
1,ID0010000,"Ada, ID",violent,-0.08833770097035916,-0.06154165791069456,0.03511386480502576
2,ID0010000,"Ada, ID",violent,-0.11919255120067358,-0.13113315479320511,0.03516444144038692
3,ID0010000,"Ada, ID",violent,-0.08349324284739391,-0.11895695181491586,0.03516403543173317
4,ID0010000,"Ada, ID",violent,0.0018861775344930175,-0.012719405955537666,0.035193278988511725
5,ID0010000,"Ada, ID",violent,0.061378368913264515,0.06141581396401803,0.03516403543173318
6,ID0010000,"Ada, ID",violent,0.0731202394301756,0.059657592339988214,0.03516444144038692
7,ID0010000,"Ada, ID",violent,0.07742077716314569,0.06905425099947049,0.035113864805025756
8,ID0010000,"Ada, ID",violent,0.08304573516707066,0.10826480621993284,0.03516444144038692
9,ID0010000,"Ada, ID",violent,0.05826335062100446,0.08857601015286766,0.03516403543173318
10,ID0010000,"Ada, ID",violent,0.009030746272720444,0.0052068128667617265,0.035193278988511725
11,ID0010000,"Ada, ID",violent,-0.02523155287966163,-0.038547465390745786,0.03516403543173317
12,ID0010000,"Ada, ID",violent,-0.0478903472037861,-0.029276650677939983,0.03516444144038692
1,ID0010300,"Meridian, ID",violent,-0.08833770097035916,-0.1021644165426271,0.036296846887636514
2,ID0010300,"Meridian, ID",violent,-0.11919255120067358,-0.10057224903918505,0.03641847543400888
3,ID0010300,"Meridian, ID",violent,-0.08349324284739391,-0.039894904488861425,0.03637250012444456
4,ID0010300,"Meridian, ID",violent,0.0018861775344930175,0.01199018266847518,0.0363941091427971
5,ID0010300,"Meridian, ID",violent,0.061378368913264515,0.020331829471185798,0.03637250012444457
6,ID0010300,"Meridian, ID",violent,0.0731202394301756,0.04119955232382192,0.03641847543400888
7,ID0010300,"Meridian, ID",violent,0.07742077716314569,0.09804423395441153,0.03629684688763651
8,ID0010300,"Meridian, ID",violent,0.08304573516707066,0.11883782539266777,0.03641847543400888
9,ID0010300,"Meridian, ID",violent,0.05826335062100446,0.06228066343055972,0.03637250012444457
10,ID0010300,"Meridian, ID",violent,0.009030746272720444,-0.007870000080259627,0.0363941091427971
11,ID0010300,"Meridian, ID",violent,-0.02523155287966163,-0.038597405824668564,0.03637250012444456
12,ID0010300,"Meridian, ID",violent,-0.0478903472037861,-0.06358531126552014,0.03641847543400888
1,ID0030200,"Pocatello, ID",violent,-0.08833770097035916,-0.10439732673801086,0.036026117883173406
2,ID0030200,"Pocatello, ID",violent,-0.11919255120067358,-0.1005287169649549,0.036114788550329256
3,ID0030200,"Pocatello, ID",violent,-0.08349324284739391,-0.08689562515300192,0.03609074541182616
4,ID0030200,"Pocatello, ID",violent,0.0018861775344930175,-0.0565714963049136,0.036147632659001276
5,ID0030200,"Pocatello, ID",violent,0.061378368913264515,0.017740007033239774,0.03609074541182616
6,ID0030200,"Pocatello, ID",violent,0.0731202394301756,0.1007937417797104,0.036114788550329256
7,ID0030200,"Pocatello, ID",violent,0.07742077716314569,0.12325688223829669,0.0360261178831734
8,ID0030200,"Pocatello, ID",violent,0.08304573516707066,0.08754080742041354,0.036114788550329256
9,ID0030200,"Pocatello, ID",violent,0.05826335062100446,0.055048160108174725,0.036090745411826164
10,ID0030200,"Pocatello, ID",violent,0.009030746272720444,0.03771194080462777,0.036147632659001276
11,ID0030200,"Pocatello, ID",violent,-0.02523155287966163,-0.004752097488698446,0.03609074541182616
12,ID0030200,"Pocatello, ID",violent,-0.0478903472037861,-0.06894627673488313,0.036114788550329256
1,ID0100200,"Idaho Falls, ID",violent,-0.08833770097035916,-0.06283402310543687,0.03575781437153563
2,ID0100200,"Idaho Falls, ID",violent,-0.11919255120067358,-0.08865017756151122,0.0358560260097107
3,ID0100200,"Idaho Falls, ID",violent,-0.08349324284739391,-0.08018414063939334,0.03582612312094784
4,ID0100200,"Idaho Falls, ID",violent,0.0018861775344930175,-0.022482892803778676,0.035876182804963845
5,ID0100200,"Idaho Falls, ID",violent,0.061378368913264515,0.0331089166558208,0.03582612312094784
6,ID0100200,"Idaho Falls, ID",violent,0.0731202394301756,0.05889869239727287,0.0358560260097107
7,ID0100200,"Idaho Falls, ID",violent,0.07742077716314569,0.08146499482196003,0.03575781437153562
8,ID0100200,"Idaho Falls, ID",violent,0.08304573516707066,0.10073860736524189,0.0358560260097107
9,ID0100200,"Idaho Falls, ID",violent,0.05826335062100446,0.07364159872660088,0.03582612312094784
10,ID0100200,"Idaho Falls, ID",violent,0.009030746272720444,0.0038519210872555226,0.035876182804963845
11,ID0100200,"Idaho Falls, ID",violent,-0.02523155287966163,-0.04519734645955151,0.03582612312094784
12,ID0100200,"Idaho Falls, ID",violent,-0.0478903472037861,-0.05235615048448036,0.0358560260097107
1,ID0280100,"Coeur D Alene, ID",violent,-0.08833770097035916,-0.07356633242567971,0.03706201628526145
2,ID0280100,"Coeur D Alene, ID",violent,-0.11919255120067358,-0.10614766321000943,0.03711577255043133
3,ID0280100,"Coeur D Alene, ID",violent,-0.08349324284739391,-0.0941826926688178,0.03713306191611455
4,ID0280100,"Coeur D Alene, ID",violent,0.0018861775344930175,0.003381469712519089,0.037138357883163796
5,ID0280100,"Coeur D Alene, ID",violent,0.061378368913264515,0.10703936518670606,0.037133061916114554
6,ID0280100,"Coeur D Alene, ID",violent,0.0731202394301756,0.12421304009303814,0.03711577255043133
7,ID0280100,"Coeur D Alene, ID",violent,0.07742077716314569,0.0805601264747875,0.03706201628526144
8,ID0280100,"Coeur D Alene, ID",violent,0.08304573516707066,0.050020385271707074,0.03711577255043133
9,ID0280100,"Coeur D Alene, ID",violent,0.05826335062100446,0.031061620681407665,0.037133061916114554
10,ID0280100,"Coeur D Alene, ID",violent,0.009030746272720444,-0.010375263761626875,0.037138357883163796
11,ID0280100,"Coeur D Alene, ID",violent,-0.02523155287966163,-0.05091208724840374,0.03713306191611455
12,ID0280100,"Coeur D Alene, ID",violent,-0.0478903472037861,-0.06109196810562799,0.03711577255043133
1,ID0420200,"Twin Falls, ID",violent,-0.08833770097035916,-0.07145693297677363,0.03571827030132158
2,ID0420200,"Twin Falls, ID",violent,-0.11919255120067358,-0.1164822486551903,0.03578015427784788
3,ID0420200,"Twin Falls, ID",violent,-0.08349324284739391,-0.11157609462785983,0.03577843705235873
4,ID0420200,"Twin Falls, ID",violent,0.0018861775344930175,-0.02989581847661959,0.03580863718533811
5,ID0420200,"Twin Falls, ID",violent,0.061378368913264515,0.05491801670697515,0.03577843705235874
6,ID0420200,"Twin Falls, ID",violent,0.0731202394301756,0.08640231644901175,0.03578015427784788
7,ID0420200,"Twin Falls, ID",violent,0.07742077716314569,0.09403214325812684,0.035718270301321575
8,ID0420200,"Twin Falls, ID",violent,0.08304573516707066,0.10123728657316004,0.03578015427784788
9,ID0420200,"Twin Falls, ID",violent,0.05826335062100446,0.0737559222644764,0.03577843705235874
10,ID0420200,"Twin Falls, ID",violent,0.009030746272720444,0.007320608195266396,0.03580863718533811
11,ID0420200,"Twin Falls, ID",violent,-0.02523155287966163,-0.03967305462494493,0.03577843705235873
12,ID0420200,"Twin Falls, ID",violent,-0.0478903472037861,-0.048582144085628276,0.03578015427784788
1,IL0100100,"Champaign, IL",violent,-0.08833770097035916,-0.09629357559265239,0.031838282276701886
2,IL0100100,"Champaign, IL",violent,-0.11919255120067358,-0.21032136892007547,0.03196995521921637
3,IL0100100,"Champaign, IL",violent,-0.08349324284739391,-0.1268251247891814,0.031875461140956046
4,IL0100100,"Champaign, IL",violent,0.0018861775344930175,0.05000108794763727,0.03196871159986072
5,IL0100100,"Champaign, IL",violent,0.061378368913264515,0.0867004045590402,0.031875461140956046
6,IL0100100,"Champaign, IL",violent,0.0731202394301756,0.03740188975217027,0.03196995521921637
7,IL0100100,"Champaign, IL",violent,0.07742077716314569,0.08695201306943194,0.03183828227670188
8,IL0100100,"Champaign, IL",violent,0.08304573516707066,0.16153049122169955,0.03196995521921637
9,IL0100100,"Champaign, IL",violent,0.05826335062100446,0.08737580961402595,0.031875461140956046
10,IL0100100,"Champaign, IL",violent,0.009030746272720444,-0.04065952542441684,0.03196871159986072
11,IL0100100,"Champaign, IL",violent,-0.02523155287966163,-0.03790952686066433,0.031875461140956046
12,IL0100100,"Champaign, IL",violent,-0.0478903472037861,0.002047425422985256,0.03196995521921637
1,IL0160200,"Arlington Heights, IL",violent,-0.08833770097035916,-0.05893916001462994,0.04171365017785708
2,IL0160200,"Arlington Heights, IL",violent,-0.11919255120067358,-0.12136974042479243,0.04176046111190549
3,IL0160200,"Arlington Heights, IL",violent,-0.08349324284739391,-0.08100767524582568,0.04172244883935082
4,IL0160200,"Arlington Heights, IL",violent,0.0018861775344930175,0.012343895204938914,0.04174493687976143
5,IL0160200,"Arlington Heights, IL",violent,0.061378368913264515,0.04991293307207793,0.04172244883935083
6,IL0160200,"Arlington Heights, IL",violent,0.0731202394301756,0.04579041112482305,0.04176046111190549
7,IL0160200,"Arlington Heights, IL",violent,0.07742077716314569,0.0670427899059614,0.041713650177857074
8,IL0160200,"Arlington Heights, IL",violent,0.08304573516707066,0.08085181115460663,0.04176046111190549
9,IL0160200,"Arlington Heights, IL",violent,0.05826335062100446,0.03238611608430842,0.041722448839350834
10,IL0160200,"Arlington Heights, IL",violent,0.009030746272720444,-0.02044752509627039,0.04174493687976143
11,IL0160200,"Arlington Heights, IL",violent,-0.02523155287966163,-0.009395003801892152,0.04172244883935083
12,IL0160200,"Arlington Heights, IL",violent,-0.0478903472037861,0.002831148036694257,0.04176046111190549
1,IL0162100,"Cicero, IL",violent,-0.08833770097035916,-0.09439305739166584,0.0349790977896248
2,IL0162100,"Cicero, IL",violent,-0.11919255120067358,-0.1395922437737282,0.035025585815361776
3,IL0162100,"Cicero, IL",violent,-0.08349324284739391,-0.12766399521927363,0.03507145471356537
4,IL0162100,"Cicero, IL",violent,0.0018861775344930175,-0.05623899484622214,0.035055862332252774
5,IL0162100,"Cicero, IL",violent,0.061378368913264515,0.02134460169908802,0.035071454713565375
6,IL0162100,"Cicero, IL",violent,0.0731202394301756,0.07059816910534954,0.035025585815361776
7,IL0162100,"Cicero, IL",violent,0.07742077716314569,0.10171092937091558,0.03497909778962479
8,IL0162100,"Cicero, IL",violent,0.08304573516707066,0.11736787973336646,0.035025585815361776
9,IL0162100,"Cicero, IL",violent,0.05826335062100446,0.09812175919966212,0.035071454713565375
10,IL0162100,"Cicero, IL",violent,0.009030746272720444,0.04892112286697237,0.035055862332252774
11,IL0162100,"Cicero, IL",violent,-0.02523155287966163,8.797623412736955e-4,0.03507145471356537
12,IL0162100,"Cicero, IL",violent,-0.0478903472037861,-0.041055933085737975,0.035025585815361776
1,IL0162A00,"Schaumburg, IL",violent,-0.08833770097035916,-0.09198373484576157,0.040420913591517595
2,IL0162A00,"Schaumburg, IL",violent,-0.11919255120067358,-0.12994475759136798,0.04044790982496266
3,IL0162A00,"Schaumburg, IL",violent,-0.08349324284739391,-0.0634463622001174,0.04041966255173407
4,IL0162A00,"Schaumburg, IL",violent,0.0018861775344930175,0.02743136226189116,0.040420085491174096
5,IL0162A00,"Schaumburg, IL",violent,0.061378368913264515,0.05195756990526183,0.04041966255173407
6,IL0162A00,"Schaumburg, IL",violent,0.0731202394301756,0.04376312597859851,0.04044790982496266
7,IL0162A00,"Schaumburg, IL",violent,0.07742077716314569,0.06078443829798189,0.04042091359151759
8,IL0162A00,"Schaumburg, IL",violent,0.08304573516707066,0.06967775230996381,0.04044790982496266
9,IL0162A00,"Schaumburg, IL",violent,0.05826335062100446,0.03437865346649291,0.04041966255173408
10,IL0162A00,"Schaumburg, IL",violent,0.009030746272720444,0.0037679342858885027,0.040420085491174096
11,IL0162A00,"Schaumburg, IL",violent,-0.02523155287966163,0.008309435376142284,0.04041966255173407
12,IL0162A00,"Schaumburg, IL",violent,-0.0478903472037861,-0.014695417244973953,0.04044790982496266
1,IL0163200,"Evanston, IL",violent,-0.08833770097035916,-0.13057921539627626,0.03854074103253367
2,IL0163200,"Evanston, IL",violent,-0.11919255120067358,-0.15271198405200048,0.03857924524364807
3,IL0163200,"Evanston, IL",violent,-0.08349324284739391,-0.109616440414914,0.03853528699157577
4,IL0163200,"Evanston, IL",violent,0.0018861775344930175,-0.01450120836113068,0.03853937704567497
5,IL0163200,"Evanston, IL",violent,0.061378368913264515,0.07681551831702725,0.038535286991575775
6,IL0163200,"Evanston, IL",violent,0.0731202394301756,0.11824274429512434,0.03857924524364807
7,IL0163200,"Evanston, IL",violent,0.07742077716314569,0.11238705495702293,0.03854074103253366
8,IL0163200,"Evanston, IL",violent,0.08304573516707066,0.08909902255805349,0.03857924524364807
9,IL0163200,"Evanston, IL",violent,0.05826335062100446,0.06419563936022032,0.038535286991575775
10,IL0163200,"Evanston, IL",violent,0.009030746272720444,0.03269336880038399,0.03853937704567497
11,IL0163200,"Evanston, IL",violent,-0.02523155287966163,-0.013202556823080306,0.03853528699157577
12,IL0163200,"Evanston, IL",violent,-0.0478903472037861,-0.07282194324043059,0.03857924524364807
1,IL0164A00,"Skokie, IL",violent,-0.08833770097035916,-0.05959078739074254,0.03807422984178979
2,IL0164A00,"Skokie, IL",violent,-0.11919255120067358,-0.10771329976544222,0.03814300889599928
3,IL0164A00,"Skokie, IL",violent,-0.08349324284739391,-0.11899905044706169,0.03813349445551757
4,IL0164A00,"Skokie, IL",violent,0.0018861775344930175,-0.042431426944269914,0.03816065548174233
5,IL0164A00,"Skokie, IL",violent,0.061378368913264515,0.060368093517827695,0.03813349445551758
6,IL0164A00,"Skokie, IL",violent,0.0731202394301756,0.09961328395299224,0.03814300889599928
7,IL0164A00,"Skokie, IL",violent,0.07742077716314569,0.08305617123575058,0.038074229841789785
8,IL0164A00,"Skokie, IL",violent,0.08304573516707066,0.06878547224696617,0.03814300889599928
9,IL0164A00,"Skokie, IL",violent,0.05826335062100446,0.056605839083577594,0.03813349445551758
10,IL0164A00,"Skokie, IL",violent,0.009030746272720444,0.01896604309926188,0.03816065548174233
11,IL0164A00,"Skokie, IL",violent,-0.02523155287966163,-0.021440265999351674,0.03813349445551757
12,IL0164A00,"Skokie, IL",violent,-0.0478903472037861,-0.03722007258950813,0.038143008895999274
1,IL0165M00,"Tinley Park, IL",violent,-0.08833770097035916,-0.09599927659206248,0.04153910117232119
2,IL0165M00,"Tinley Park, IL",violent,-0.11919255120067358,-0.13399568745970705,0.04156287688675033
3,IL0165M00,"Tinley Park, IL",violent,-0.08349324284739391,-0.1009275362673266,0.04155238703355517
4,IL0165M00,"Tinley Park, IL",violent,0.0018861775344930175,-0.015745295130565502,0.041565588479064317
5,IL0165M00,"Tinley Park, IL",violent,0.061378368913264515,0.050894044744426006,0.04155238703355517
6,IL0165M00,"Tinley Park, IL",violent,0.0731202394301756,0.08468872469519713,0.04156287688675033
7,IL0165M00,"Tinley Park, IL",violent,0.07742077716314569,0.11201728056520316,0.04153910117232118
8,IL0165M00,"Tinley Park, IL",violent,0.08304573516707066,0.11613985286548151,0.04156287688675033
9,IL0165M00,"Tinley Park, IL",violent,0.05826335062100446,0.06705369769996038,0.041552387033555176
10,IL0165M00,"Tinley Park, IL",violent,0.009030746272720444,-2.727088425751899e-4,0.041565588479064317
11,IL0165M00,"Tinley Park, IL",violent,-0.02523155287966163,-0.03303821015020049,0.04155238703355517
12,IL0165M00,"Tinley Park, IL",violent,-0.0478903472037861,-0.05081488612783083,0.04156287688675033
1,IL0167200,"Mount Prospect, IL",violent,-0.08833770097035916,-0.10193607139066382,0.04201430449522214
2,IL0167200,"Mount Prospect, IL",violent,-0.11919255120067358,-0.13044548679946796,0.04202826061827642
3,IL0167200,"Mount Prospect, IL",violent,-0.08349324284739391,-0.07548978369418671,0.04202203234139033
4,IL0167200,"Mount Prospect, IL",violent,0.0018861775344930175,0.009750857780442296,0.04201619139980762
5,IL0167200,"Mount Prospect, IL",violent,0.061378368913264515,0.05379667448755659,0.04202203234139033
6,IL0167200,"Mount Prospect, IL",violent,0.0731202394301756,0.06664724032413491,0.04202826061827642
7,IL0167200,"Mount Prospect, IL",violent,0.07742077716314569,0.08356859327325901,0.042014304495222136
8,IL0167200,"Mount Prospect, IL",violent,0.08304573516707066,0.08494801915817486,0.04202826061827643
9,IL0167200,"Mount Prospect, IL",violent,0.05826335062100446,0.048359794170298426,0.04202203234139033
10,IL0167200,"Mount Prospect, IL",violent,0.009030746272720444,0.008616620336962498,0.04201619139980762
11,IL0167200,"Mount Prospect, IL",violent,-0.02523155287966163,-0.008299206846263523,0.04202203234139033
12,IL0167200,"Mount Prospect, IL",violent,-0.0478903472037861,-0.039517250800246546,0.04202826061827642
1,IL0168000,"Oak Lawn, IL",violent,-0.08833770097035916,-0.1078521998650211,0.04012580000625622
2,IL0168000,"Oak Lawn, IL",violent,-0.11919255120067358,-0.11464020199889043,0.040165760518943196
3,IL0168000,"Oak Lawn, IL",violent,-0.08349324284739391,-0.07340211404588744,0.04014986184035222
4,IL0168000,"Oak Lawn, IL",violent,0.0018861775344930175,-0.01917482364218033,0.04017520269811927
5,IL0168000,"Oak Lawn, IL",violent,0.061378368913264515,0.035945882033728394,0.04014986184035223
6,IL0168000,"Oak Lawn, IL",violent,0.0731202394301756,0.09136011619115042,0.040165760518943196
7,IL0168000,"Oak Lawn, IL",violent,0.07742077716314569,0.11672143074211738,0.040125800006256214
8,IL0168000,"Oak Lawn, IL",violent,0.08304573516707066,0.08781825633925458,0.040165760518943196
9,IL0168000,"Oak Lawn, IL",violent,0.05826335062100446,0.03771093750915531,0.04014986184035223
10,IL0168000,"Oak Lawn, IL",violent,0.009030746272720444,0.010305592765084037,0.04017520269811927
11,IL0168000,"Oak Lawn, IL",violent,-0.02523155287966163,-0.009123936374092584,0.04014986184035222
12,IL0168000,"Oak Lawn, IL",violent,-0.0478903472037861,-0.05566893965441821,0.040165760518943196
1,IL0168400,"Palatine, IL",violent,-0.08833770097035916,-0.06310300570968123,0.04119007535835231
2,IL0168400,"Palatine, IL",violent,-0.11919255120067358,-0.08754657140825507,0.0412094926565831
3,IL0168400,"Palatine, IL",violent,-0.08349324284739391,-0.06889101464986755,0.041207741292115505
4,IL0168400,"Palatine, IL",violent,0.0018861775344930175,-0.0036855946607717923,0.04119633673099914
5,IL0168400,"Palatine, IL",violent,0.061378368913264515,0.04248356183973659,0.04120774129211551
6,IL0168400,"Palatine, IL",violent,0.0731202394301756,0.048433069906325954,0.0412094926565831
7,IL0168400,"Palatine, IL",violent,0.07742077716314569,0.0610658770018402,0.041190075358352306
8,IL0168400,"Palatine, IL",violent,0.08304573516707066,0.08655507027054095,0.04120949265658311
9,IL0168400,"Palatine, IL",violent,0.05826335062100446,0.06993664221999447,0.04120774129211551
10,IL0168400,"Palatine, IL",violent,0.009030746272720444,0.00572272336861282,0.04119633673099914
11,IL0168400,"Palatine, IL",violent,-0.02523155287966163,-0.04149206070202251,0.041207741292115505
12,IL0168400,"Palatine, IL",violent,-0.0478903472037861,-0.04947869747645285,0.0412094926565831
1,IL0580200,"Decatur, IL",violent,-0.08833770097035916,-0.15223478893328302,0.032853504388036255
2,IL0580200,"Decatur, IL",violent,-0.11919255120067358,-0.2089742376202653,0.032884182992102405
3,IL0580200,"Decatur, IL",violent,-0.08349324284739391,-0.1378682111966461,0.0328120871268235
4,IL0580200,"Decatur, IL",violent,0.0018861775344930175,-0.003164189006736185,0.03285816414502471
5,IL0580200,"Decatur, IL",violent,0.061378368913264515,0.08715683575106256,0.03281208712682351
6,IL0580200,"Decatur, IL",violent,0.0731202394301756,0.1388377982026032,0.032884182992102405
7,IL0580200,"Decatur, IL",violent,0.07742077716314569,0.18329782785014706,0.03285350438803625
8,IL0580200,"Decatur, IL",violent,0.08304573516707066,0.16730965352259783,0.032884182992102405
9,IL0580200,"Decatur, IL",violent,0.05826335062100446,0.06514058818211456,0.03281208712682351
10,IL0580200,"Decatur, IL",violent,0.009030746272720444,-0.02789884991012791,0.03285816414502471
11,IL0580200,"Decatur, IL",violent,-0.02523155287966163,-0.04549225165339514,0.0328120871268235
12,IL0580200,"Decatur, IL",violent,-0.0478903472037861,-0.06611017518807152,0.032884182992102405
1,IL0840200,"Springfield, IL",violent,-0.08833770097035916,-0.14490975230692302,0.02999053114211392
2,IL0840200,"Springfield, IL",violent,-0.11919255120067358,-0.1821300467996533,0.030023419185877812
3,IL0840200,"Springfield, IL",violent,-0.08349324284739391,-0.1164791193238643,0.029968321217971428
4,IL0840200,"Springfield, IL",violent,0.0018861775344930175,0.024690910830372777,0.02998795183006789
5,IL0840200,"Springfield, IL",violent,0.061378368913264515,0.10859461821160467,0.02996832121797143
6,IL0840200,"Springfield, IL",violent,0.0731202394301756,0.10830871543897458,0.030023419185877812
7,IL0840200,"Springfield, IL",violent,0.07742077716314569,0.11544962995017893,0.029990531142113915
8,IL0840200,"Springfield, IL",violent,0.08304573516707066,0.14332846939596572,0.030023419185877812
9,IL0840200,"Springfield, IL",violent,0.05826335062100446,0.10713766427692084,0.029968321217971435
10,IL0840200,"Springfield, IL",violent,0.009030746272720444,0.004769211526371317,0.02998795183006789
11,IL0840200,"Springfield, IL",violent,-0.02523155287966163,-0.06979304080791716,0.029968321217971428
12,IL0840200,"Springfield, IL",violent,-0.0478903472037861,-0.09896726039203108,0.030023419185877812
1,IL0990000,"Will, IL",violent,-0.08833770097035916,-0.08312371209159955,0.03725199703553515
2,IL0990000,"Will, IL",violent,-0.11919255120067358,-0.11302172666889812,0.03732165516265291
3,IL0990000,"Will, IL",violent,-0.08349324284739391,-0.08590747279920442,0.037301122413053514
4,IL0990000,"Will, IL",violent,0.0018861775344930175,0.008349656099103568,0.03732571279335568
5,IL0990000,"Will, IL",violent,0.061378368913264515,0.08395894177936536,0.03730112241305352
6,IL0990000,"Will, IL",violent,0.0731202394301756,0.09529021216041707,0.03732165516265291
7,IL0990000,"Will, IL",violent,0.07742077716314569,0.08952423072224344,0.037251997035535146
8,IL0990000,"Will, IL",violent,0.08304573516707066,0.0912339601614086,0.03732165516265291
9,IL0990000,"Will, IL",violent,0.05826335062100446,0.057719187661071016,0.03730112241305352
10,IL0990000,"Will, IL",violent,0.009030746272720444,-0.014750174729747458,0.03732571279335568
11,IL0990000,"Will, IL",violent,-0.02523155287966163,-0.06217117527187588,0.037301122413053514
12,IL0990000,"Will, IL",violent,-0.0478903472037861,-0.06710192702228364,0.0373216551626529
1,IL0990200,"Bolingbrook, IL",violent,-0.08833770097035916,-0.07018195601755645,0.038069534159583036
2,IL0990200,"Bolingbrook, IL",violent,-0.11919255120067358,-0.1601913775173026,0.03815571203679947
3,IL0990200,"Bolingbrook, IL",violent,-0.08349324284739391,-0.14634256338423945,0.03814767205685482
4,IL0990200,"Bolingbrook, IL",violent,0.0018861775344930175,-0.02621790624477626,0.038159337393422636
5,IL0990200,"Bolingbrook, IL",violent,0.061378368913264515,0.07686351703989869,0.03814767205685483
6,IL0990200,"Bolingbrook, IL",violent,0.0731202394301756,0.10038672344248895,0.03815571203679947
7,IL0990200,"Bolingbrook, IL",violent,0.07742077716314569,0.09231367606132501,0.03806953415958303
8,IL0990200,"Bolingbrook, IL",violent,0.08304573516707066,0.08160116856070077,0.03815571203679947
9,IL0990200,"Bolingbrook, IL",violent,0.05826335062100446,0.04562063438386899,0.03814767205685483
10,IL0990200,"Bolingbrook, IL",violent,0.009030746272720444,0.004086186201007678,0.038159337393422636
11,IL0990200,"Bolingbrook, IL",violent,-0.02523155287966163,0.0017266919167031282,0.03814767205685482
12,IL0990200,"Bolingbrook, IL",violent,-0.0478903472037861,3.352055578815472e-4,0.03815571203679947
1,IL1010400,"Rockford, IL",violent,-0.08833770097035916,-0.12061651344738741,0.028206959967075392
2,IL1010400,"Rockford, IL",violent,-0.11919255120067358,-0.19486729397397262,0.028239238341854697
3,IL1010400,"Rockford, IL",violent,-0.08349324284739391,-0.14582002204557976,0.028253350313900468
4,IL1010400,"Rockford, IL",violent,0.0018861775344930175,-0.0018869685705279395,0.02822574914020419
5,IL1010400,"Rockford, IL",violent,0.061378368913264515,0.0896873334365245,0.02825335031390047
6,IL1010400,"Rockford, IL",violent,0.0731202394301756,0.09337675073391344,0.028239238341854697
7,IL1010400,"Rockford, IL",violent,0.07742077716314569,0.09865133927733591,0.02820695996707539
8,IL1010400,"Rockford, IL",violent,0.08304573516707066,0.12312646204239489,0.028239238341854697
9,IL1010400,"Rockford, IL",violent,0.05826335062100446,0.09604436428405354,0.028253350313900475
10,IL1010400,"Rockford, IL",violent,0.009030746272720444,0.023852142740579424,0.02822574914020419
11,IL1010400,"Rockford, IL",violent,-0.02523155287966163,-0.017946501504946834,0.028253350313900468
12,IL1010400,"Rockford, IL",violent,-0.0478903472037861,-0.04360109297238715,0.028239238341854697
1,ILCPD0000,"Chicago, IL",violent,-0.08833770097035916,-0.12960305641118414,0.025834081428403103
2,ILCPD0000,"Chicago, IL",violent,-0.11919255120067358,-0.18716165017387287,0.025855661099528963
3,ILCPD0000,"Chicago, IL",violent,-0.08349324284739391,-0.1558953972591643,0.025874811370393484
4,ILCPD0000,"Chicago, IL",violent,0.0018861775344930175,-0.04898634193289463,0.025878398089427726
5,ILCPD0000,"Chicago, IL",violent,0.061378368913264515,0.05460602019747056,0.025874811370393488
6,ILCPD0000,"Chicago, IL",violent,0.0731202394301756,0.11155487504560636,0.025855661099528963
7,ILCPD0000,"Chicago, IL",violent,0.07742077716314569,0.13468163381204132,0.0258340814284031
8,ILCPD0000,"Chicago, IL",violent,0.08304573516707066,0.13149993612942196,0.025855661099528963
9,ILCPD0000,"Chicago, IL",violent,0.05826335062100446,0.09515510581385622,0.025874811370393488
10,ILCPD0000,"Chicago, IL",violent,0.009030746272720444,0.04390776453203744,0.025878398089427726
11,ILCPD0000,"Chicago, IL",violent,-0.02523155287966163,0.001055693846980267,0.025874811370393484
12,ILCPD0000,"Chicago, IL",violent,-0.0478903472037861,-0.05081458360029819,0.025855661099528963
1,IN0020100,"Fort Wayne, IN",violent,-0.08833770097035916,-0.12157910809602154,0.030363866514049726
2,IN0020100,"Fort Wayne, IN",violent,-0.11919255120067358,-0.16765194147007928,0.030426492981490475
3,IN0020100,"Fort Wayne, IN",violent,-0.08349324284739391,-0.11899970397175456,0.03042059026478093
4,IN0020100,"Fort Wayne, IN",violent,0.0018861775344930175,8.875410343311612e-4,0.030421539157657877
5,IN0020100,"Fort Wayne, IN",violent,0.061378368913264515,0.10132775190777005,0.030420590264780934
6,IN0020100,"Fort Wayne, IN",violent,0.0731202394301756,0.149281281163186,0.030426492981490475
7,IN0020100,"Fort Wayne, IN",violent,0.07742077716314569,0.15986372020388645,0.030363866514049723
8,IN0020100,"Fort Wayne, IN",violent,0.08304573516707066,0.12235314652367896,0.030426492981490475
9,IN0020100,"Fort Wayne, IN",violent,0.05826335062100446,0.03541629691748937,0.030420590264780934
10,IN0020100,"Fort Wayne, IN",violent,0.009030746272720444,-0.039172153142196076,0.030421539157657877
11,IN0020100,"Fort Wayne, IN",violent,-0.02523155287966163,-0.05602895696136979,0.03042059026478093
12,IN0020100,"Fort Wayne, IN",violent,-0.0478903472037861,-0.06569787410892072,0.03042649298149047
1,IN0180100,"Muncie, IN",violent,-0.08833770097035916,-0.11999215777884033,0.034572839498178666
2,IN0180100,"Muncie, IN",violent,-0.11919255120067358,-0.1734374682180341,0.034662773584992666
3,IN0180100,"Muncie, IN",violent,-0.08349324284739391,-0.133092755605785,0.034609635475745686
4,IN0180100,"Muncie, IN",violent,0.0018861775344930175,-0.010186128852687295,0.034607725282771076
5,IN0180100,"Muncie, IN",violent,0.061378368913264515,0.0840944789126504,0.034609635475745686
6,IN0180100,"Muncie, IN",violent,0.0731202394301756,0.09903819535755072,0.034662773584992666
7,IN0180100,"Muncie, IN",violent,0.07742077716314569,0.09293385595708026,0.034572839498178666
8,IN0180100,"Muncie, IN",violent,0.08304573516707066,0.10276959899399135,0.034662773584992666
9,IN0180100,"Muncie, IN",violent,0.05826335062100446,0.08948318820350232,0.034609635475745686
10,IN0180100,"Muncie, IN",violent,0.009030746272720444,0.037244430674447354,0.034607725282771076
11,IN0180100,"Muncie, IN",violent,-0.02523155287966163,-0.013426609688607698,0.034609635475745686
12,IN0180100,"Muncie, IN",violent,-0.0478903472037861,-0.055428627955267984,0.034662773584992666
1,IN0290100,"Carmel, IN",violent,-0.08833770097035916,-0.0899240323527061,0.04138192674656783
2,IN0290100,"Carmel, IN",violent,-0.11919255120067358,-0.12646915200845513,0.04140772147612767
3,IN0290100,"Carmel, IN",violent,-0.08349324284739391,-0.09511028941825922,0.041390646766554164
4,IN0290100,"Carmel, IN",violent,0.0018861775344930175,-0.009039307745233848,0.0413972081943302
5,IN0290100,"Carmel, IN",violent,0.061378368913264515,0.056797299743012265,0.04139064676655417
6,IN0290100,"Carmel, IN",violent,0.0731202394301756,0.0700972279044728,0.04140772147612767
7,IN0290100,"Carmel, IN",violent,0.07742077716314569,0.06782038926288049,0.04138192674656782
8,IN0290100,"Carmel, IN",violent,0.08304573516707066,0.0733287951137326,0.04140772147612767
9,IN0290100,"Carmel, IN",violent,0.05826335062100446,0.06407357561336227,0.04139064676655417
10,IN0290100,"Carmel, IN",violent,0.009030746272720444,0.031142950835059448,0.0413972081943302
11,IN0290100,"Carmel, IN",violent,-0.02523155287966163,-0.0036569428482897607,0.041390646766554164
12,IN0290100,"Carmel, IN",violent,-0.0478903472037861,-0.03906051409957582,0.04140772147612767
1,IN0290200,"Noblesville, IN",violent,-0.08833770097035916,-0.059248879521854494,0.04113393650539629
2,IN0290200,"Noblesville, IN",violent,-0.11919255120067358,-0.11778382264543319,0.04117153720897522
3,IN0290200,"Noblesville, IN",violent,-0.08349324284739391,-0.0908035939173928,0.041154967509860224
4,IN0290200,"Noblesville, IN",violent,0.0018861775344930175,0.007417674983565555,0.04117207584158466
5,IN0290200,"Noblesville, IN",violent,0.061378368913264515,0.06754570504767689,0.041154967509860224
6,IN0290200,"Noblesville, IN",violent,0.0731202394301756,0.06716063001167336,0.04117153720897522
7,IN0290200,"Noblesville, IN",violent,0.07742077716314569,0.07153218687162985,0.04113393650539629
8,IN0290200,"Noblesville, IN",violent,0.08304573516707066,0.08130162712985949,0.04117153720897523
9,IN0290200,"Noblesville, IN",violent,0.05826335062100446,0.042038091052043744,0.041154967509860224
10,IN0290200,"Noblesville, IN",violent,0.009030746272720444,-0.01970098233334092,0.04117207584158466
11,IN0290200,"Noblesville, IN",violent,-0.02523155287966163,-0.031063509532103212,0.041154967509860224
12,IN0290200,"Noblesville, IN",violent,-0.0478903472037861,-0.01839512714632427,0.04117153720897522
1,IN0290400,"Westfield, IN",violent,-0.08833770097035916,-0.0592344144000555,0.0423543511365426
2,IN0290400,"Westfield, IN",violent,-0.11919255120067358,-0.12777724761443027,0.042369382931115855
3,IN0290400,"Westfield, IN",violent,-0.08349324284739391,-0.1101735911786661,0.042368272621830204
4,IN0290400,"Westfield, IN",violent,0.0018861775344930175,-0.009737106290687608,0.04238057384967332
5,IN0290400,"Westfield, IN",violent,0.061378368913264515,0.059424803340475015,0.042368272621830204
6,IN0290400,"Westfield, IN",violent,0.0731202394301756,0.06601684100740464,0.042369382931115855
7,IN0290400,"Westfield, IN",violent,0.07742077716314569,0.0774431499166883,0.0423543511365426
8,IN0290400,"Westfield, IN",violent,0.08304573516707066,0.09674061892848834,0.042369382931115855
9,IN0290400,"Westfield, IN",violent,0.05826335062100446,0.06092822697609136,0.04236827262183021
10,IN0290400,"Westfield, IN",violent,0.009030746272720444,-0.008471629225945198,0.04238057384967332
11,IN0290400,"Westfield, IN",violent,-0.02523155287966163,-0.028388174654533117,0.042368272621830204
12,IN0290400,"Westfield, IN",violent,-0.0478903472037861,-0.016771476804829884,0.042369382931115855
1,IN0290700,"Fishers, IN",violent,-0.08833770097035916,-0.07988186260188268,0.04040163509828512
2,IN0290700,"Fishers, IN",violent,-0.11919255120067358,-0.12025246183131102,0.04043620580015224
3,IN0290700,"Fishers, IN",violent,-0.08349324284739391,-0.09020620922991293,0.0404224150701028
4,IN0290700,"Fishers, IN",violent,0.0018861775344930175,-0.003313800973936089,0.04044365059824176
5,IN0290700,"Fishers, IN",violent,0.061378368913264515,0.0680050184887274,0.04042241507010281
6,IN0290700,"Fishers, IN",violent,0.0731202394301756,0.09170466675160888,0.04043620580015224
7,IN0290700,"Fishers, IN",violent,0.07742077716314569,0.08883805332195986,0.040401635098285114
8,IN0290700,"Fishers, IN",violent,0.08304573516707066,0.06983085395488749,0.04043620580015224
9,IN0290700,"Fishers, IN",violent,0.05826335062100446,0.030828410633412216,0.04042241507010281
10,IN0290700,"Fishers, IN",violent,0.009030746272720444,-0.005642389746141104,0.04044365059824176
11,IN0290700,"Fishers, IN",violent,-0.02523155287966163,-0.017583410612303903,0.0404224150701028
12,IN0290700,"Fishers, IN",violent,-0.0478903472037861,-0.03232686815510811,0.04043620580015223
1,IN0410300,"Greenwood, IN",violent,-0.08833770097035916,-0.08687298502036288,0.03935507673480501
2,IN0410300,"Greenwood, IN",violent,-0.11919255120067358,-0.11613438058059113,0.03938901999717742
3,IN0410300,"Greenwood, IN",violent,-0.08349324284739391,-0.07494212674668227,0.03942330063580223
4,IN0410300,"Greenwood, IN",violent,0.0018861775344930175,-0.01165636077292678,0.03941328594278757
5,IN0410300,"Greenwood, IN",violent,0.061378368913264515,0.0349674377879101,0.03942330063580223
6,IN0410300,"Greenwood, IN",violent,0.0731202394301756,0.0773957437400001,0.03938901999717742
7,IN0410300,"Greenwood, IN",violent,0.07742077716314569,0.10650778039960347,0.039355076734805004
8,IN0410300,"Greenwood, IN",violent,0.08304573516707066,0.08235688317022376,0.03938901999717742
9,IN0410300,"Greenwood, IN",violent,0.05826335062100446,0.021529833957074303,0.03942330063580224
10,IN0410300,"Greenwood, IN",violent,0.009030746272720444,-0.007978434606313837,0.03941328594278757
11,IN0410300,"Greenwood, IN",violent,-0.02523155287966163,-0.0011899403775427724,0.03942330063580223
12,IN0410300,"Greenwood, IN",violent,-0.0478903472037861,-0.023983450950392053,0.03938901999717742
1,IN0710000,"St Joseph, IN",violent,-0.08833770097035916,-0.11379244646613253,0.038900405020812
2,IN0710000,"St Joseph, IN",violent,-0.11919255120067358,-0.1530459713509754,0.03894907456153934
3,IN0710000,"St Joseph, IN",violent,-0.08349324284739391,-0.09579080624049874,0.03892297959023637
4,IN0710000,"St Joseph, IN",violent,0.0018861775344930175,0.014681778671947638,0.03892163794120942
5,IN0710000,"St Joseph, IN",violent,0.061378368913264515,0.07851285620123596,0.03892297959023638
6,IN0710000,"St Joseph, IN",violent,0.0731202394301756,0.08813546465706405,0.03894907456153934
7,IN0710000,"St Joseph, IN",violent,0.07742077716314569,0.09843651222423921,0.038900405020812
8,IN0710000,"St Joseph, IN",violent,0.08304573516707066,0.10273997957163969,0.03894907456153935
9,IN0710000,"St Joseph, IN",violent,0.05826335062100446,0.06084074870305638,0.038922979590236384
10,IN0710000,"St Joseph, IN",violent,0.009030746272720444,6.74155569945668e-4,0.03892163794120942
11,IN0710000,"St Joseph, IN",violent,-0.02523155287966163,-0.02820686442190032,0.03892297959023637
12,IN0710000,"St Joseph, IN",violent,-0.0478903472037861,-0.05318540711962163,0.03894907456153934
1,IN0710200,"South Bend, IN",violent,-0.08833770097035916,-0.1403468144678729,0.029214908771796493
2,IN0710200,"South Bend, IN",violent,-0.11919255120067358,-0.1855295426274057,0.029254608930862104
3,IN0710200,"South Bend, IN",violent,-0.08349324284739391,-0.12177337804700154,0.02922056314027711
4,IN0710200,"South Bend, IN",violent,0.0018861775344930175,0.004878470075991949,0.029234192856910313
5,IN0710200,"South Bend, IN",violent,0.061378368913264515,0.08079167069420672,0.029220563140277114
6,IN0710200,"South Bend, IN",violent,0.0731202394301756,0.09591933127200966,0.029254608930862104
7,IN0710200,"South Bend, IN",violent,0.07742077716314569,0.11611114176391815,0.02921490877179649
8,IN0710200,"South Bend, IN",violent,0.08304573516707066,0.13453360647747636,0.029254608930862108
9,IN0710200,"South Bend, IN",violent,0.05826335062100446,0.09501311460102696,0.029220563140277114
10,IN0710200,"South Bend, IN",violent,0.009030746272720444,0.01935720262796278,0.029234192856910313
11,IN0710200,"South Bend, IN",violent,-0.02523155287966163,-0.029795734544277457,0.02922056314027711
12,IN0710200,"South Bend, IN",violent,-0.0478903472037861,-0.06915906782603502,0.029254608930862104
1,IN0820100,"Evansville, IN",violent,-0.08833770097035916,-0.1321277335276787,0.029890834466297398
2,IN0820100,"Evansville, IN",violent,-0.11919255120067358,-0.1856227212702663,0.029931960786671787
3,IN0820100,"Evansville, IN",violent,-0.08349324284739391,-0.10808905575120425,0.029915841412900747
4,IN0820100,"Evansville, IN",violent,0.0018861775344930175,0.006467506513514383,0.029945358210240393
5,IN0820100,"Evansville, IN",violent,0.061378368913264515,0.057598572261746375,0.029915841412900747
6,IN0820100,"Evansville, IN",violent,0.0731202394301756,0.0813287882839227,0.029931960786671787
7,IN0820100,"Evansville, IN",violent,0.07742077716314569,0.12145405564504422,0.029890834466297395
8,IN0820100,"Evansville, IN",violent,0.08304573516707066,0.12140450405065964,0.029931960786671787
9,IN0820100,"Evansville, IN",violent,0.05826335062100446,0.054544516414232046,0.02991584141290075
10,IN0820100,"Evansville, IN",violent,0.009030746272720444,0.004206171369120064,0.029945358210240393
11,IN0820100,"Evansville, IN",violent,-0.02523155287966163,0.006619644957860243,0.029915841412900747
12,IN0820100,"Evansville, IN",violent,-0.0478903472037861,-0.027784248946950398,0.029931960786671787
1,INIPD0000,"Indianapolis, IN",violent,-0.08833770097035916,-0.078547604761708,0.02625948069517111
2,INIPD0000,"Indianapolis, IN",violent,-0.11919255120067358,-0.11617148941639831,0.026300362667503883
3,INIPD0000,"Indianapolis, IN",violent,-0.08349324284739391,-0.07993285872604618,0.026315958724818414
4,INIPD0000,"Indianapolis, IN",violent,0.0018861775344930175,0.030373577925401032,0.026320047321605474
5,INIPD0000,"Indianapolis, IN",violent,0.061378368913264515,0.095906969299766,0.026315958724818417
6,INIPD0000,"Indianapolis, IN",violent,0.0731202394301756,0.0832061579463157,0.026300362667503883
7,INIPD0000,"Indianapolis, IN",violent,0.07742077716314569,0.07885865765622378,0.026259480695171106
8,INIPD0000,"Indianapolis, IN",violent,0.08304573516707066,0.09981706251470035,0.026300362667503883
9,INIPD0000,"Indianapolis, IN",violent,0.05826335062100446,0.06326737892983245,0.026315958724818417
10,INIPD0000,"Indianapolis, IN",violent,0.009030746272720444,-0.030684630819916826,0.026320047321605474
11,INIPD0000,"Indianapolis, IN",violent,-0.02523155287966163,-0.07955254239806807,0.026315958724818414
12,INIPD0000,"Indianapolis, IN",violent,-0.0478903472037861,-0.06654067815010195,0.026300362667503883
1,KS0460900,"Shawnee, KS",violent,-0.08833770097035916,-0.06544889850597797,0.03729299303245768
2,KS0460900,"Shawnee, KS",violent,-0.11919255120067358,-0.0701162760596279,0.037320326209653636
3,KS0460900,"Shawnee, KS",violent,-0.08349324284739391,-0.038186989526149004,0.0373139715197514
4,KS0460900,"Shawnee, KS",violent,0.0018861775344930175,0.013324646981058747,0.037320803016564666
5,KS0460900,"Shawnee, KS",violent,0.061378368913264515,0.04998110175883072,0.03731397151975141
6,KS0460900,"Shawnee, KS",violent,0.0731202394301756,0.06208290367021115,0.037320326209653636
7,KS0460900,"Shawnee, KS",violent,0.07742077716314569,0.060498203757094374,0.03729299303245767
8,KS0460900,"Shawnee, KS",violent,0.08304573516707066,0.0473411048077832,0.037320326209653636
9,KS0460900,"Shawnee, KS",violent,0.05826335062100446,0.020362513023187902,0.03731397151975141
10,KS0460900,"Shawnee, KS",violent,0.009030746272720444,-0.008373952232175155,0.037320803016564666
11,KS0460900,"Shawnee, KS",violent,-0.02523155287966163,-0.027205930506986036,0.0373139715197514
12,KS0460900,"Shawnee, KS",violent,-0.0478903472037861,-0.044258427167250015,0.037320326209653636
1,KS0461000,"Lenexa, KS",violent,-0.08833770097035916,-0.08360443612528644,0.03891110074557294
2,KS0461000,"Lenexa, KS",violent,-0.11919255120067358,-0.14126966026902826,0.03896763975840479
3,KS0461000,"Lenexa, KS",violent,-0.08349324284739391,-0.11547620874377,0.038969156359547764
4,KS0461000,"Lenexa, KS",violent,0.0018861775344930175,-0.029698539452565786,0.03899419929490493
5,KS0461000,"Lenexa, KS",violent,0.061378368913264515,0.04116382694438547,0.03896915635954777
6,KS0461000,"Lenexa, KS",violent,0.0731202394301756,0.08184628300787126,0.03896763975840479
7,KS0461000,"Lenexa, KS",violent,0.07742077716314569,0.11063087920661946,0.038911100745572934
8,KS0461000,"Lenexa, KS",violent,0.08304573516707066,0.10618953508240869,0.03896763975840479
9,KS0461000,"Lenexa, KS",violent,0.05826335062100446,0.053369640475817395,0.03896915635954777
10,KS0461000,"Lenexa, KS",violent,0.009030746272720444,0.002672096371232745,0.03899419929490493
11,KS0461000,"Lenexa, KS",violent,-0.02523155287966163,-0.0060837017577659224,0.038969156359547764
12,KS0461000,"Lenexa, KS",violent,-0.0478903472037861,-0.019739714739918597,0.03896763975840478
1,KY0080000,"Boone, KY",violent,-0.08833770097035916,-0.04419515456900827,0.04020787674444153
2,KY0080000,"Boone, KY",violent,-0.11919255120067358,-0.10982051388064626,0.04025233786298503
3,KY0080000,"Boone, KY",violent,-0.08349324284739391,-0.1151907006759871,0.0402422108105147
4,KY0080000,"Boone, KY",violent,0.0018861775344930175,-0.02452135962384147,0.04026211877420215
5,KY0080000,"Boone, KY",violent,0.061378368913264515,0.06654885818942056,0.040242210810514704
6,KY0080000,"Boone, KY",violent,0.0731202394301756,0.08358314927456278,0.04025233786298503
7,KY0080000,"Boone, KY",violent,0.07742077716314569,0.06870181070266815,0.040207876744441526
8,KY0080000,"Boone, KY",violent,0.08304573516707066,0.06695683859128707,0.04025233786298503
9,KY0080000,"Boone, KY",violent,0.05826335062100446,0.04782036925296805,0.040242210810514704
10,KY0080000,"Boone, KY",violent,0.009030746272720444,1.470349018159557e-5,0.04026211877420215
11,KY0080000,"Boone, KY",violent,-0.02523155287966163,-0.023685182900061403,0.0402422108105147
12,KY0080000,"Boone, KY",violent,-0.0478903472037861,-0.01621281785154372,0.04025233786298503
1,KY0300100,"Owensboro, KY",violent,-0.08833770097035916,-0.07240846505195156,0.036683099723618565
2,KY0300100,"Owensboro, KY",violent,-0.11919255120067358,-0.11481873401666887,0.036721252580223705
3,KY0300100,"Owensboro, KY",violent,-0.08349324284739391,-0.09687086031096058,0.03670476972200574
4,KY0300100,"Owensboro, KY",violent,0.0018861775344930175,0.01247036204984974,0.036705074653252276
5,KY0300100,"Owensboro, KY",violent,0.061378368913264515,0.09965409263494696,0.036704769722005745
6,KY0300100,"Owensboro, KY",violent,0.0731202394301756,0.08430950692056062,0.036721252580223705
7,KY0300100,"Owensboro, KY",violent,0.07742077716314569,0.04402463517729165,0.03668309972361856
8,KY0300100,"Owensboro, KY",violent,0.08304573516707066,0.05699299336712272,0.036721252580223705
9,KY0300100,"Owensboro, KY",violent,0.05826335062100446,0.06742894953607435,0.036704769722005745
10,KY0300100,"Owensboro, KY",violent,0.009030746272720444,0.01591346782481019,0.036705074653252276
11,KY0300100,"Owensboro, KY",violent,-0.02523155287966163,-0.04182835198540084,0.036704769722005745
12,KY0300100,"Owensboro, KY",violent,-0.0478903472037861,-0.0548675961456744,0.036721252580223705
1,KY0340200,"Lexington, KY",violent,-0.08833770097035916,-0.08657315563447608,0.029609670208980966
2,KY0340200,"Lexington, KY",violent,-0.11919255120067358,-0.12001331603216542,0.029702624064941868
3,KY0340200,"Lexington, KY",violent,-0.08349324284739391,-0.09157859850856351,0.029679728379237085
4,KY0340200,"Lexington, KY",violent,0.0018861775344930175,-0.006791914150475855,0.029698796561446
5,KY0340200,"Lexington, KY",violent,0.061378368913264515,0.05469824822127408,0.02967972837923709
6,KY0340200,"Lexington, KY",violent,0.0731202394301756,0.06679559569182779,0.029702624064941868
7,KY0340200,"Lexington, KY",violent,0.07742077716314569,0.07858762208258077,0.029609670208980962
8,KY0340200,"Lexington, KY",violent,0.08304573516707066,0.09945762515266059,0.02970262406494187
9,KY0340200,"Lexington, KY",violent,0.05826335062100446,0.07900844118095399,0.02967972837923709
10,KY0340200,"Lexington, KY",violent,0.009030746272720444,0.01477744770237116,0.029698796561446
11,KY0340200,"Lexington, KY",violent,-0.02523155287966163,-0.03414255734176929,0.029679728379237085
12,KY0340200,"Lexington, KY",violent,-0.0478903472037861,-0.05422543836421824,0.029702624064941868
1,KY0568000,"Louisville, KY",violent,-0.08833770097035916,-0.09531317209268211,0.026711591775528936
2,KY0568000,"Louisville, KY",violent,-0.11919255120067358,-0.13794829777125123,0.026747797352987112
3,KY0568000,"Louisville, KY",violent,-0.08349324284739391,-0.09805718186167536,0.026756988342470582
4,KY0568000,"Louisville, KY",violent,0.0018861775344930175,0.004549826414874548,0.0267691017955105
5,KY0568000,"Louisville, KY",violent,0.061378368913264515,0.07726950062270097,0.026756988342470586
6,KY0568000,"Louisville, KY",violent,0.0731202394301756,0.0900387479262746,0.026747797352987112
7,KY0568000,"Louisville, KY",violent,0.07742077716314569,0.08765092540493778,0.02671159177552893
8,KY0568000,"Louisville, KY",violent,0.08304573516707066,0.08412833997041717,0.026747797352987112
9,KY0568000,"Louisville, KY",violent,0.05826335062100446,0.05189947074858565,0.02675698834247059
10,KY0568000,"Louisville, KY",violent,0.009030746272720444,0.003112420272869781,0.0267691017955105
11,KY0568000,"Louisville, KY",violent,-0.02523155287966163,-0.023449542821866967,0.026756988342470586
12,KY0568000,"Louisville, KY",violent,-0.0478903472037861,-0.043881036813184844,0.026747797352987112
1,KY1140100,"Bowling Green, KY",violent,-0.08833770097035916,-0.06329200477396946,0.03620697141036953
2,KY1140100,"Bowling Green, KY",violent,-0.11919255120067358,-0.08005646723704893,0.03634139241562871
3,KY1140100,"Bowling Green, KY",violent,-0.08349324284739391,-0.0645681574229294,0.03631040183258443
4,KY1140100,"Bowling Green, KY",violent,0.0018861775344930175,-0.004991354507404688,0.036333910376521124
5,KY1140100,"Bowling Green, KY",violent,0.061378368913264515,0.04458655975147616,0.03631040183258443
6,KY1140100,"Bowling Green, KY",violent,0.0731202394301756,0.06404253696061002,0.03634139241562871
7,KY1140100,"Bowling Green, KY",violent,0.07742077716314569,0.08682180080195444,0.03620697141036952
8,KY1140100,"Bowling Green, KY",violent,0.08304573516707066,0.10504684913795374,0.03634139241562871
9,KY1140100,"Bowling Green, KY",violent,0.05826335062100446,0.06602874329584928,0.03631040183258444
10,KY1140100,"Bowling Green, KY",violent,0.009030746272720444,-0.018538441520580286,0.036333910376521124
11,KY1140100,"Bowling Green, KY",violent,-0.02523155287966163,-0.069576941652381,0.03631040183258443
12,KY1140100,"Bowling Green, KY",violent,-0.0478903472037861,-0.06550312283352985,0.03634139241562871
1,LA0080100,"Bossier City, LA",violent,-0.08833770097035916,-0.08725765739902754,0.03183278091297673
2,LA0080100,"Bossier City, LA",violent,-0.11919255120067358,-0.09593912994737662,0.03190853039208375
3,LA0080100,"Bossier City, LA",violent,-0.08349324284739391,-0.048920775896441115,0.031880122565334686
4,LA0080100,"Bossier City, LA",violent,0.0018861775344930175,0.04318617704105112,0.03191443746605073
5,LA0080100,"Bossier City, LA",violent,0.061378368913264515,0.10014680737357867,0.03188012256533469
6,LA0080100,"Bossier City, LA",violent,0.0731202394301756,0.08443380541192329,0.03190853039208375
7,LA0080100,"Bossier City, LA",violent,0.07742077716314569,0.04939400231229513,0.03183278091297672
8,LA0080100,"Bossier City, LA",violent,0.08304573516707066,0.040540099451310915,0.03190853039208375
9,LA0080100,"Bossier City, LA",violent,0.05826335062100446,0.03138540048710781,0.03188012256533469
10,LA0080100,"Bossier City, LA",violent,0.009030746272720444,-0.005322521954318713,0.03191443746605073
11,LA0080100,"Bossier City, LA",violent,-0.02523155287966163,-0.044747776877512996,0.031880122565334686
12,LA0080100,"Bossier City, LA",violent,-0.0478903472037861,-0.06689843000258998,0.03190853039208375
1,LA0090100,"Shreveport, LA",violent,-0.08833770097035916,-0.10737782025066749,0.02826016563115996
2,LA0090100,"Shreveport, LA",violent,-0.11919255120067358,-0.10555442479501234,0.02832766143692925
3,LA0090100,"Shreveport, LA",violent,-0.08349324284739391,-0.048109309433280595,0.028336883898691677
4,LA0090100,"Shreveport, LA",violent,0.0018861775344930175,0.05882246651162752,0.02836498164195775
5,LA0090100,"Shreveport, LA",violent,0.061378368913264515,0.13277881572366054,0.028336883898691684
6,LA0090100,"Shreveport, LA",violent,0.0731202394301756,0.12568174634379337,0.02832766143692925
7,LA0090100,"Shreveport, LA",violent,0.07742077716314569,0.08311821399693294,0.028260165631159958
8,LA0090100,"Shreveport, LA",violent,0.08304573516707066,0.05363416278961797,0.02832766143692925
9,LA0090100,"Shreveport, LA",violent,0.05826335062100446,0.020448653681620757,0.028336883898691684
10,LA0090100,"Shreveport, LA",violent,0.009030746272720444,-0.03456286025789297,0.02836498164195775
11,LA0090100,"Shreveport, LA",violent,-0.02523155287966163,-0.08085855371826617,0.02833688389869168
12,LA0090100,"Shreveport, LA",violent,-0.0478903472037861,-0.09802109059213353,0.02832766143692925
1,LA0100200,"Lake Charles, LA",violent,-0.08833770097035916,-0.1397902498855783,0.032466216495583754
2,LA0100200,"Lake Charles, LA",violent,-0.11919255120067358,-0.14850047722476775,0.03252375847963775
3,LA0100200,"Lake Charles, LA",violent,-0.08349324284739391,-0.026849513447129675,0.03247971511809111
4,LA0100200,"Lake Charles, LA",violent,0.0018861775344930175,0.07652505235800836,0.03251693664267522
5,LA0100200,"Lake Charles, LA",violent,0.061378368913264515,0.08170371025686946,0.03247971511809111
6,LA0100200,"Lake Charles, LA",violent,0.0731202394301756,0.06864813429282728,0.03252375847963775
7,LA0100200,"Lake Charles, LA",violent,0.07742077716314569,0.0801974077679268,0.03246621649558375
8,LA0100200,"Lake Charles, LA",violent,0.08304573516707066,0.05372011503487412,0.03252375847963775
9,LA0100200,"Lake Charles, LA",violent,0.05826335062100446,-0.008338006625112476,0.03247971511809111
10,LA0100200,"Lake Charles, LA",violent,0.009030746272720444,-0.01693221024035688,0.03251693664267522
11,LA0100200,"Lake Charles, LA",violent,-0.02523155287966163,0.013076651933024144,0.03247971511809111
12,LA0100200,"Lake Charles, LA",violent,-0.0478903472037861,-0.033460614220585036,0.03252375847963775
1,LA0170200,"Baton Rouge, LA",violent,-0.08833770097035916,-0.06072266728090498,0.02751208697938363
2,LA0170200,"Baton Rouge, LA",violent,-0.11919255120067358,-0.08191425359145918,0.02755048989346575
3,LA0170200,"Baton Rouge, LA",violent,-0.08349324284739391,-0.047022086591986534,0.027552576049767373
4,LA0170200,"Baton Rouge, LA",violent,0.0018861775344930175,0.03575456854850456,0.027569560183528265
5,LA0170200,"Baton Rouge, LA",violent,0.061378368913264515,0.07999414511087133,0.027552576049767376
6,LA0170200,"Baton Rouge, LA",violent,0.0731202394301756,0.057585780986318544,0.02755048989346575
7,LA0170200,"Baton Rouge, LA",violent,0.07742077716314569,0.03359718366605337,0.027512086979383624
8,LA0170200,"Baton Rouge, LA",violent,0.08304573516707066,0.0406415978179848,0.027550489893465754
9,LA0170200,"Baton Rouge, LA",violent,0.05826335062100446,0.03287491443336378,0.027552576049767376
10,LA0170200,"Baton Rouge, LA",violent,0.009030746272720444,-0.008629084933652937,0.027569560183528265
11,LA0170200,"Baton Rouge, LA",violent,-0.02523155287966163,-0.03872148933739696,0.027552576049767373
12,LA0170200,"Baton Rouge, LA",violent,-0.0478903472037861,-0.04343860882769577,0.02755048989346575
1,LA0260000,"Jefferson, LA",violent,-0.08833770097035916,-0.04502232169504526,0.029188649172178446
2,LA0260000,"Jefferson, LA",violent,-0.11919255120067358,-0.0824699098129812,0.029220621084365576
3,LA0260000,"Jefferson, LA",violent,-0.08349324284739391,-0.06578721351806274,0.029231037364239775
4,LA0260000,"Jefferson, LA",violent,0.0018861775344930175,7.789146661699669e-4,0.029235928272514845
5,LA0260000,"Jefferson, LA",violent,0.061378368913264515,0.044383929905266316,0.02923103736423978
6,LA0260000,"Jefferson, LA",violent,0.0731202394301756,0.044746253567723146,0.029220621084365576
7,LA0260000,"Jefferson, LA",violent,0.07742077716314569,0.04749687057577,0.029188649172178442
8,LA0260000,"Jefferson, LA",violent,0.08304573516707066,0.05959065758240242,0.029220621084365576
9,LA0260000,"Jefferson, LA",violent,0.05826335062100446,0.040433412406759225,0.02923103736423978
10,LA0260000,"Jefferson, LA",violent,0.009030746272720444,-0.003253463546894713,0.029235928272514845
11,LA0260000,"Jefferson, LA",violent,-0.02523155287966163,-0.021504677674687563,0.029231037364239775
12,LA0260000,"Jefferson, LA",violent,-0.0478903472037861,-0.019392452456419604,0.029220621084365576
1,LA0280300,"Lafayette, LA",violent,-0.08833770097035916,-0.10624472728356699,0.03046147764552073
2,LA0280300,"Lafayette, LA",violent,-0.11919255120067358,-0.11591469033023018,0.03049765971466761
3,LA0280300,"Lafayette, LA",violent,-0.08349324284739391,-0.07103005190768955,0.03047705131853473
4,LA0280300,"Lafayette, LA",violent,0.0018861775344930175,0.032278963828012625,0.030503674353093143
5,LA0280300,"Lafayette, LA",violent,0.061378368913264515,0.11581053698952452,0.03047705131853474
6,LA0280300,"Lafayette, LA",violent,0.0731202394301756,0.10961360629691635,0.03049765971466761
7,LA0280300,"Lafayette, LA",violent,0.07742077716314569,0.053501853354586196,0.030461477645520724
8,LA0280300,"Lafayette, LA",violent,0.08304573516707066,0.02938445248473455,0.03049765971466761
9,LA0280300,"Lafayette, LA",violent,0.05826335062100446,0.03724268799117471,0.03047705131853474
10,LA0280300,"Lafayette, LA",violent,0.009030746272720444,0.020463910100968173,0.030503674353093143
11,LA0280300,"Lafayette, LA",violent,-0.02523155287966163,-0.02928029914402892,0.03047705131853473
12,LA0280300,"Lafayette, LA",violent,-0.0478903472037861,-0.07582624238040149,0.03049765971466761
1,LA0320000,"Livingston, LA",violent,-0.08833770097035916,-0.102772364602202,0.0325670959300574
2,LA0320000,"Livingston, LA",violent,-0.11919255120067358,-0.12632553722466133,0.03262079725299043
3,LA0320000,"Livingston, LA",violent,-0.08349324284739391,-0.07840717704663677,0.03258245572211925
4,LA0320000,"Livingston, LA",violent,0.0018861775344930175,0.0018681365042355902,0.03261510291143785
5,LA0320000,"Livingston, LA",violent,0.061378368913264515,0.0507858080756557,0.03258245572211925
6,LA0320000,"Livingston, LA",violent,0.0731202394301756,0.06764839977622294,0.03262079725299043
7,LA0320000,"Livingston, LA",violent,0.07742077716314569,0.08337685288574621,0.032567095930057396
8,LA0320000,"Livingston, LA",violent,0.08304573516707066,0.08844597840118731,0.03262079725299043
9,LA0320000,"Livingston, LA",violent,0.05826335062100446,0.05992312993961855,0.03258245572211925
10,LA0320000,"Livingston, LA",violent,0.009030746272720444,0.017527375212220184,0.03261510291143785
11,LA0320000,"Livingston, LA",violent,-0.02523155287966163,-0.012906249252181727,0.03258245572211925
12,LA0320000,"Livingston, LA",violent,-0.0478903472037861,-0.049164352669204665,0.03262079725299043
1,MA0031100,"New Bedford, MA",violent,-0.08833770097035916,-0.13473496757683673,0.03218855203322719
2,MA0031100,"New Bedford, MA",violent,-0.11919255120067358,-0.18793710853065793,0.03228367602576252
3,MA0031100,"New Bedford, MA",violent,-0.08349324284739391,-0.14155395390521042,0.032235281341901643
4,MA0031100,"New Bedford, MA",violent,0.0018861775344930175,-0.02447144996850807,0.03224474978766556
5,MA0031100,"New Bedford, MA",violent,0.061378368913264515,0.07274520342361034,0.032235281341901643
6,MA0031100,"New Bedford, MA",violent,0.0731202394301756,0.11957100437449555,0.03228367602576252
7,MA0031100,"New Bedford, MA",violent,0.07742077716314569,0.13984731149322832,0.03218855203322719
8,MA0031100,"New Bedford, MA",violent,0.08304573516707066,0.1307457350449516,0.03228367602576252
9,MA0031100,"New Bedford, MA",violent,0.05826335062100446,0.07925023650311248,0.03223528134190165
10,MA0031100,"New Bedford, MA",violent,0.009030746272720444,0.019359106052116472,0.03224474978766556
11,MA0031100,"New Bedford, MA",violent,-0.02523155287966163,-0.015553829937904046,0.032235281341901643
12,MA0031100,"New Bedford, MA",violent,-0.0478903472037861,-0.05726728697239754,0.03228367602576252
1,MA0031900,"Taunton, MA",violent,-0.08833770097035916,-0.09680961262186666,0.03550323479706629
2,MA0031900,"Taunton, MA",violent,-0.11919255120067358,-0.14041900738466775,0.03555889178735125
3,MA0031900,"Taunton, MA",violent,-0.08349324284739391,-0.09562533893041594,0.03551919774986402
4,MA0031900,"Taunton, MA",violent,0.0018861775344930175,0.018472120098670074,0.03552999464721105
5,MA0031900,"Taunton, MA",violent,0.061378368913264515,0.07467514395532858,0.03551919774986402
6,MA0031900,"Taunton, MA",violent,0.0731202394301756,0.05633020281924938,0.03555889178735125
7,MA0031900,"Taunton, MA",violent,0.07742077716314569,0.06714565451816312,0.03550323479706628
8,MA0031900,"Taunton, MA",violent,0.08304573516707066,0.11667524471205235,0.03555889178735125
9,MA0031900,"Taunton, MA",violent,0.05826335062100446,0.10154553436150408,0.03551919774986403
10,MA0031900,"Taunton, MA",violent,0.009030746272720444,0.01119183800503347,0.03552999464721105
11,MA0031900,"Taunton, MA",violent,-0.02523155287966163,-0.05093138128271321,0.03551919774986402
12,MA0031900,"Taunton, MA",violent,-0.0478903472037861,-0.0622503982503375,0.03555889178735125
1,MA0051100,"Haverhill, MA",violent,-0.08833770097035916,-0.11727999994026236,0.03421545781736067
2,MA0051100,"Haverhill, MA",violent,-0.11919255120067358,-0.10058397997595364,0.034357438834984294
3,MA0051100,"Haverhill, MA",violent,-0.08349324284739391,-0.06032975318678872,0.03430641393850435
4,MA0051100,"Haverhill, MA",violent,0.0018861775344930175,-0.02809086061101014,0.03433220886935956
5,MA0051100,"Haverhill, MA",violent,0.061378368913264515,0.007169790394492213,0.03430641393850436
6,MA0051100,"Haverhill, MA",violent,0.0731202394301756,0.0681132857321645,0.034357438834984294
7,MA0051100,"Haverhill, MA",violent,0.07742077716314569,0.1266327415355841,0.03421545781736066
8,MA0051100,"Haverhill, MA",violent,0.08304573516707066,0.1315154269978308,0.034357438834984294
9,MA0051100,"Haverhill, MA",violent,0.05826335062100446,0.08190845861334414,0.03430641393850436
10,MA0051100,"Haverhill, MA",violent,0.009030746272720444,0.01873811901568838,0.03433220886935956
11,MA0051100,"Haverhill, MA",violent,-0.02523155287966163,-0.038101237416369414,0.03430641393850435
12,MA0051100,"Haverhill, MA",violent,-0.0478903472037861,-0.08969199115871983,0.034357438834984294
1,MA0051300,"Lawrence, MA",violent,-0.08833770097035916,-0.11057226223382488,0.03301858754513322
2,MA0051300,"Lawrence, MA",violent,-0.11919255120067358,-0.12874175439506594,0.033086326157587984
3,MA0051300,"Lawrence, MA",violent,-0.08349324284739391,-0.07213255443996981,0.0330623661561838
4,MA0051300,"Lawrence, MA",violent,0.0018861775344930175,0.005423889094366991,0.0330747409151202
5,MA0051300,"Lawrence, MA",violent,0.061378368913264515,0.037364294274079,0.0330623661561838
6,MA0051300,"Lawrence, MA",violent,0.0731202394301756,0.048937009034291185,0.033086326157587984
7,MA0051300,"Lawrence, MA",violent,0.07742077716314569,0.08670349797971863,0.03301858754513321
8,MA0051300,"Lawrence, MA",violent,0.08304573516707066,0.11547408126146844,0.03308632615758799
9,MA0051300,"Lawrence, MA",violent,0.05826335062100446,0.08273364556047856,0.0330623661561838
10,MA0051300,"Lawrence, MA",violent,0.009030746272720444,0.018444875159739242,0.0330747409151202
11,MA0051300,"Lawrence, MA",violent,-0.02523155287966163,-0.02409662114048155,0.0330623661561838
12,MA0051300,"Lawrence, MA",violent,-0.0478903472037861,-0.059538100154799864,0.033086326157587984
1,MA0051400,"Lynn, MA",violent,-0.08833770097035916,-0.12933678567510656,0.03206242040508532
2,MA0051400,"Lynn, MA",violent,-0.11919255120067358,-0.11377348252783087,0.03215704396599482
3,MA0051400,"Lynn, MA",violent,-0.08349324284739391,-0.055875777252689766,0.03214944291116741
4,MA0051400,"Lynn, MA",violent,0.0018861775344930175,-0.022660616239034998,0.032113216734101606
5,MA0051400,"Lynn, MA",violent,0.061378368913264515,-0.007315555479922974,0.03214944291116741
6,MA0051400,"Lynn, MA",violent,0.0731202394301756,0.04167478559538089,0.03215704396599482
7,MA0051400,"Lynn, MA",violent,0.07742077716314569,0.10756416979312852,0.032062420405085314
8,MA0051400,"Lynn, MA",violent,0.08304573516707066,0.1250398431384489,0.03215704396599482
9,MA0051400,"Lynn, MA",violent,0.05826335062100446,0.08891475374528585,0.03214944291116741
10,MA0051400,"Lynn, MA",violent,0.009030746272720444,0.04443323212101301,0.032113216734101606
11,MA0051400,"Lynn, MA",violent,-0.02523155287966163,-0.003950805130695116,0.03214944291116741
12,MA0051400,"Lynn, MA",violent,-0.0478903472037861,-0.07471376208797686,0.03215704396599482
1,MA0051900,"Methuen, MA",violent,-0.08833770097035916,-0.08153478519026301,0.03987399902575887
2,MA0051900,"Methuen, MA",violent,-0.11919255120067358,-0.10913441586543313,0.039908365292675614
3,MA0051900,"Methuen, MA",violent,-0.08349324284739391,-0.05459876441071761,0.039876376756282986
4,MA0051900,"Methuen, MA",violent,0.0018861775344930175,0.0031251484609372666,0.039887644176655496
5,MA0051900,"Methuen, MA",violent,0.061378368913264515,0.01887379302792079,0.039876376756282986
6,MA0051900,"Methuen, MA",violent,0.0731202394301756,0.03773564189860613,0.039908365292675614
7,MA0051900,"Methuen, MA",violent,0.07742077716314569,0.07259821555005677,0.03987399902575886
8,MA0051900,"Methuen, MA",violent,0.08304573516707066,0.06808281783531915,0.039908365292675614
9,MA0051900,"Methuen, MA",violent,0.05826335062100446,0.02248373602080985,0.03987637675628299
10,MA0051900,"Methuen, MA",violent,0.009030746272720444,0.0058114211792689415,0.039887644176655496
11,MA0051900,"Methuen, MA",violent,-0.02523155287966163,0.022177805002193154,0.039876376756282986
12,MA0051900,"Methuen, MA",violent,-0.0478903472037861,-0.005620613508698303,0.039908365292675614
1,MA0070500,"Chicopee, MA",violent,-0.08833770097035916,-0.08544494400393908,0.0347760972251461
2,MA0070500,"Chicopee, MA",violent,-0.11919255120067358,-0.12829927091899734,0.03482043395488245
3,MA0070500,"Chicopee, MA",violent,-0.08349324284739391,-0.10870316758149652,0.0348356304999265
4,MA0070500,"Chicopee, MA",violent,0.0018861775344930175,-0.008571447576382637,0.034823930521335464
5,MA0070500,"Chicopee, MA",violent,0.061378368913264515,0.08678246881312403,0.03483563049992651
6,MA0070500,"Chicopee, MA",violent,0.0731202394301756,0.11244831171845099,0.03482043395488245
7,MA0070500,"Chicopee, MA",violent,0.07742077716314569,0.09903391788251512,0.034776097225146095
8,MA0070500,"Chicopee, MA",violent,0.08304573516707066,0.084520018626546,0.03482043395488245
9,MA0070500,"Chicopee, MA",violent,0.05826335062100446,0.05133494141046914,0.03483563049992651
10,MA0070500,"Chicopee, MA",violent,0.009030746272720444,-0.0050175263021934036,0.034823930521335464
11,MA0070500,"Chicopee, MA",violent,-0.02523155287966163,-0.043003216520672696,0.0348356304999265
12,MA0070500,"Chicopee, MA",violent,-0.0478903472037861,-0.05508008554742357,0.03482043395488245
1,MA0071800,"Springfield, MA",violent,-0.08833770097035916,-0.12107390067266197,0.02883308201883625
2,MA0071800,"Springfield, MA",violent,-0.11919255120067358,-0.14622568179307252,0.028890120005958884
3,MA0071800,"Springfield, MA",violent,-0.08349324284739391,-0.12896848094592686,0.028864204702874898
4,MA0071800,"Springfield, MA",violent,0.0018861775344930175,-0.03439101604658112,0.02888815918586621
5,MA0071800,"Springfield, MA",violent,0.061378368913264515,0.087855976948791,0.0288642047028749
6,MA0071800,"Springfield, MA",violent,0.0731202394301756,0.15636755956535534,0.028890120005958884
7,MA0071800,"Springfield, MA",violent,0.07742077716314569,0.1554124774451649,0.028833082018836248
8,MA0071800,"Springfield, MA",violent,0.08304573516707066,0.12132680806708325,0.028890120005958884
9,MA0071800,"Springfield, MA",violent,0.05826335062100446,0.06973103044743464,0.0288642047028749
10,MA0071800,"Springfield, MA",violent,0.009030746272720444,5.243927407814665e-5,0.02888815918586621
11,MA0071800,"Springfield, MA",violent,-0.02523155287966163,-0.06295710322280178,0.028864204702874898
12,MA0071800,"Springfield, MA",violent,-0.0478903472037861,-0.09713010906686304,0.028890120005958884
1,MA0091100,"Cambridge, MA",violent,-0.08833770097035916,-0.14501659872385156,0.03319935511002686
2,MA0091100,"Cambridge, MA",violent,-0.11919255120067358,-0.1686913556836991,0.033248427764058945
3,MA0091100,"Cambridge, MA",violent,-0.08349324284739391,-0.12303610064003635,0.0332186556526222
4,MA0091100,"Cambridge, MA",violent,0.0018861775344930175,-0.03563912541693939,0.03322034455296686
5,MA0091100,"Cambridge, MA",violent,0.061378368913264515,0.05494282282113893,0.0332186556526222
6,MA0091100,"Cambridge, MA",violent,0.0731202394301756,0.11819944368612434,0.033248427764058945
7,MA0091100,"Cambridge, MA",violent,0.07742077716314569,0.13455517731531044,0.033199355110026856
8,MA0091100,"Cambridge, MA",violent,0.08304573516707066,0.10969560459520233,0.033248427764058945
9,MA0091100,"Cambridge, MA",violent,0.05826335062100446,0.07450177096008066,0.033218655652622206
10,MA0091100,"Cambridge, MA",violent,0.009030746272720444,0.046100546825480475,0.03322034455296686
11,MA0091100,"Cambridge, MA",violent,-0.02523155287966163,0.0040529282673578085,0.0332186556526222
12,MA0091100,"Cambridge, MA",violent,-0.0478903472037861,-0.06966511400616854,0.033248427764058945
1,MA0091700,"Everett, MA",violent,-0.08833770097035916,-0.032698815966839954,0.037014216311184955
2,MA0091700,"Everett, MA",violent,-0.11919255120067358,-0.06195620928277144,0.03704561415171631
3,MA0091700,"Everett, MA",violent,-0.08349324284739391,-0.09145887035135572,0.03706163998854123
4,MA0091700,"Everett, MA",violent,0.0018861775344930175,-0.052920556718833674,0.03713291950962613
5,MA0091700,"Everett, MA",violent,0.061378368913264515,0.04241190648234153,0.03706163998854123
6,MA0091700,"Everett, MA",violent,0.0731202394301756,0.10751422147474315,0.03704561415171631
7,MA0091700,"Everett, MA",violent,0.07742077716314569,0.1000950455109508,0.03701421631118495
8,MA0091700,"Everett, MA",violent,0.08304573516707066,0.05895364991673743,0.03704561415171631
9,MA0091700,"Everett, MA",violent,0.05826335062100446,0.021060081441210854,0.03706163998854123
10,MA0091700,"Everett, MA",violent,0.009030746272720444,-0.01447567282527719,0.03713291950962613
11,MA0091700,"Everett, MA",violent,-0.02523155287966163,-0.039409347116307523,0.03706163998854123
12,MA0091700,"Everett, MA",violent,-0.0478903472037861,-0.037115432564598275,0.03704561415171631
1,MA0094700,"Waltham, MA",violent,-0.08833770097035916,-0.11163556150023304,0.038714278123329844
2,MA0094700,"Waltham, MA",violent,-0.11919255120067358,-0.15414783352548453,0.03875894025163142
3,MA0094700,"Waltham, MA",violent,-0.08349324284739391,-0.12174598498379327,0.03874109759628114
4,MA0094700,"Waltham, MA",violent,0.0018861775344930175,-0.028144509199049126,0.03874365304304856
5,MA0094700,"Waltham, MA",violent,0.061378368913264515,0.058043604586244926,0.03874109759628114
6,MA0094700,"Waltham, MA",violent,0.0731202394301756,0.10024840840082247,0.03875894025163142
7,MA0094700,"Waltham, MA",violent,0.07742077716314569,0.11203803599339629,0.03871427812332984
8,MA0094700,"Waltham, MA",violent,0.08304573516707066,0.10358206276793495,0.03875894025163142
9,MA0094700,"Waltham, MA",violent,0.05826335062100446,0.07077773973308042,0.038741097596281145
10,MA0094700,"Waltham, MA",violent,0.009030746272720444,0.027742034705885855,0.03874365304304856
11,MA0094700,"Waltham, MA",violent,-0.02523155287966163,-0.007477833828695403,0.03874109759628114
12,MA0094700,"Waltham, MA",violent,-0.0478903472037861,-0.04928016315010955,0.03875894025163142
1,MA0112000,"Quincy, MA",violent,-0.08833770097035916,-0.06566712687420061,0.03394918131753216
2,MA0112000,"Quincy, MA",violent,-0.11919255120067358,-0.11916950334536944,0.03402570341756068
3,MA0112000,"Quincy, MA",violent,-0.08349324284739391,-0.10832180403129177,0.03401130201629494
4,MA0112000,"Quincy, MA",violent,0.0018861775344930175,-0.02355394003936483,0.03406313832601025
5,MA0112000,"Quincy, MA",violent,0.061378368913264515,0.049139233021086415,0.034011302016294945
6,MA0112000,"Quincy, MA",violent,0.0731202394301756,0.0718094449353946,0.03402570341756068
7,MA0112000,"Quincy, MA",violent,0.07742077716314569,0.08763085217961293,0.03394918131753216
8,MA0112000,"Quincy, MA",violent,0.08304573516707066,0.10279503323386897,0.034025703417560685
9,MA0112000,"Quincy, MA",violent,0.05826335062100446,0.069983608614379,0.034011302016294945
10,MA0112000,"Quincy, MA",violent,0.009030746272720444,0.001590214733952502,0.03406313832601025
11,MA0112000,"Quincy, MA",violent,-0.02523155287966163,-0.03276476290958599,0.03401130201629494
12,MA0112000,"Quincy, MA",violent,-0.0478903472037861,-0.03347124951848178,0.03402570341756068
1,MA0112700,"Weymouth, MA",violent,-0.08833770097035916,-0.0941607591538476,0.037695109184993796
2,MA0112700,"Weymouth, MA",violent,-0.11919255120067358,-0.1306035164555014,0.037758419217179394
3,MA0112700,"Weymouth, MA",violent,-0.08349324284739391,-0.10363440652895936,0.037732884376655965
4,MA0112700,"Weymouth, MA",violent,0.0018861775344930175,-0.006699191681500737,0.03772220151016412
5,MA0112700,"Weymouth, MA",violent,0.061378368913264515,0.06993078138754981,0.03773288437665597
6,MA0112700,"Weymouth, MA",violent,0.0731202394301756,0.08085769636360858,0.037758419217179394
7,MA0112700,"Weymouth, MA",violent,0.07742077716314569,0.08113485368001577,0.03769510918499379
8,MA0112700,"Weymouth, MA",violent,0.08304573516707066,0.10032067848309406,0.037758419217179394
9,MA0112700,"Weymouth, MA",violent,0.05826335062100446,0.08637747403038387,0.03773288437665597
10,MA0112700,"Weymouth, MA",violent,0.009030746272720444,0.019725097155332567,0.03772220151016412
11,MA0112700,"Weymouth, MA",violent,-0.02523155287966163,-0.03964794341514254,0.037732884376655965
12,MA0112700,"Weymouth, MA",violent,-0.0478903472037861,-0.06360076386503306,0.03775841921717939
1,MA0130100,"Boston, MA",violent,-0.08833770097035916,-0.12286310439579182,0.026850040376266034
2,MA0130100,"Boston, MA",violent,-0.11919255120067358,-0.15620248676487883,0.02688480972097787
3,MA0130100,"Boston, MA",violent,-0.08349324284739391,-0.13780250437039568,0.026886411792965637
4,MA0130100,"Boston, MA",violent,0.0018861775344930175,-0.04678731908003785,0.026892658156038363
5,MA0130100,"Boston, MA",violent,0.061378368913264515,0.06686045060322192,0.02688641179296564
6,MA0130100,"Boston, MA",violent,0.0731202394301756,0.13256600896007273,0.02688480972097787
7,MA0130100,"Boston, MA",violent,0.07742077716314569,0.13833778318743628,0.02685004037626603
8,MA0130100,"Boston, MA",violent,0.08304573516707066,0.11708807310013304,0.02688480972097787
9,MA0130100,"Boston, MA",violent,0.05826335062100446,0.08321341191400546,0.02688641179296564
10,MA0130100,"Boston, MA",violent,0.009030746272720444,0.03131264028839339,0.026892658156038363
11,MA0130100,"Boston, MA",violent,-0.02523155287966163,-0.027746036938476184,0.026886411792965637
12,MA0130100,"Boston, MA",violent,-0.0478903472037861,-0.07797691650368242,0.02688480972097787
1,MA0130400,"Revere, MA",violent,-0.08833770097035916,-0.07845976958942649,0.036258823493084014
2,MA0130400,"Revere, MA",violent,-0.11919255120067358,-0.12208383203126977,0.036309535966909015
3,MA0130400,"Revere, MA",violent,-0.08349324284739391,-0.0994643280355094,0.036329399747928266
4,MA0130400,"Revere, MA",violent,0.0018861775344930175,-0.039866695741651574,0.03632740228310562
5,MA0130400,"Revere, MA",violent,0.061378368913264515,0.02145813106015497,0.03632939974792827
6,MA0130400,"Revere, MA",violent,0.0731202394301756,0.07119002581109175,0.036309535966909015
7,MA0130400,"Revere, MA",violent,0.07742077716314569,0.09070891600577417,0.03625882349308401
8,MA0130400,"Revere, MA",violent,0.08304573516707066,0.06718942075762302,0.036309535966909015
9,MA0130400,"Revere, MA",violent,0.05826335062100446,0.03232077034551496,0.03632939974792827
10,MA0130400,"Revere, MA",violent,0.009030746272720444,0.02761754932530386,0.03632740228310562
11,MA0130400,"Revere, MA",violent,-0.02523155287966163,0.03343628021349174,0.036329399747928266
12,MA0130400,"Revere, MA",violent,-0.0478903472037861,-0.004046468121097234,0.036309535966909015
1,MD0030100,"Baltimore, MD",violent,-0.08833770097035916,-0.06668495602181651,0.026971016484820757
2,MD0030100,"Baltimore, MD",violent,-0.11919255120067358,-0.10171482430390592,0.027015415169605633
3,MD0030100,"Baltimore, MD",violent,-0.08349324284739391,-0.08344928113682049,0.0270181244748562
4,MD0030100,"Baltimore, MD",violent,0.0018861775344930175,-0.004141849430501414,0.027035132371875915
5,MD0030100,"Baltimore, MD",violent,0.061378368913264515,0.06357180599894033,0.027018124474856207
6,MD0030100,"Baltimore, MD",violent,0.0731202394301756,0.0704079325939129,0.027015415169605633
7,MD0030100,"Baltimore, MD",violent,0.07742077716314569,0.05258267335883442,0.026971016484820753
8,MD0030100,"Baltimore, MD",violent,0.08304573516707066,0.05117401908533364,0.027015415169605636
9,MD0030100,"Baltimore, MD",violent,0.05826335062100446,0.04701075858123028,0.027018124474856207
10,MD0030100,"Baltimore, MD",violent,0.009030746272720444,0.018244132093483505,0.027035132371875915
11,MD0030100,"Baltimore, MD",violent,-0.02523155287966163,-0.013031000780368077,0.0270181244748562
12,MD0030100,"Baltimore, MD",violent,-0.0478903472037861,-0.03396941003832268,0.027015415169605633
1,MD0140100,"Howard, MD",violent,-0.08833770097035916,-0.055313650331714405,0.032577179588730604
2,MD0140100,"Howard, MD",violent,-0.11919255120067358,-0.11859794482403495,0.032633459471368476
3,MD0140100,"Howard, MD",violent,-0.08349324284739391,-0.09193409289729826,0.0325830175041341
4,MD0140100,"Howard, MD",violent,0.0018861775344930175,0.01010286276436305,0.032583763083954026
5,MD0140100,"Howard, MD",violent,0.061378368913264515,0.053907568861314904,0.03258301750413411
6,MD0140100,"Howard, MD",violent,0.0731202394301756,0.009750250567052275,0.032633459471368476
7,MD0140100,"Howard, MD",violent,0.07742077716314569,-0.006917268143301882,0.032577179588730604
8,MD0140100,"Howard, MD",violent,0.08304573516707066,0.04914149717436095,0.032633459471368476
9,MD0140100,"Howard, MD",violent,0.05826335062100446,0.08470856372264053,0.03258301750413411
10,MD0140100,"Howard, MD",violent,0.009030746272720444,0.05212805571065326,0.032583763083954026
11,MD0140100,"Howard, MD",violent,-0.02523155287966163,0.015548878788359064,0.0325830175041341
12,MD0140100,"Howard, MD",violent,-0.0478903472037861,-0.002524721392394549,0.032633459471368476
1,MD0160400,"Montgomery, MD",violent,-0.08833770097035916,-0.04776252494846697,0.028044219349636326
2,MD0160400,"Montgomery, MD",violent,-0.11919255120067358,-0.08027015186025062,0.028090072515219593
3,MD0160400,"Montgomery, MD",violent,-0.08349324284739391,-0.0734257573556219,0.02808564278292507
4,MD0160400,"Montgomery, MD",violent,0.0018861775344930175,-0.02272949805397722,0.028101963801216316
5,MD0160400,"Montgomery, MD",violent,0.061378368913264515,0.02778830986773742,0.028085642782925073
6,MD0160400,"Montgomery, MD",violent,0.0731202394301756,0.047688086607251615,0.028090072515219593
7,MD0160400,"Montgomery, MD",violent,0.07742077716314569,0.05050910047416769,0.028044219349636322
8,MD0160400,"Montgomery, MD",violent,0.08304573516707066,0.05139352063144596,0.028090072515219597
9,MD0160400,"Montgomery, MD",violent,0.05826335062100446,0.04180255060111653,0.028085642782925076
10,MD0160400,"Montgomery, MD",violent,0.009030746272720444,0.019982922528276492,0.028101963801216316
11,MD0160400,"Montgomery, MD",violent,-0.02523155287966163,0.0010883213610672002,0.02808564278292507
12,MD0160400,"Montgomery, MD",violent,-0.0478903472037861,-0.016064879852746204,0.028090072515219593
1,MD0172100,"Prince George's, MD",violent,-0.08833770097035916,-0.047039654153016225,0.02779211826048227
2,MD0172100,"Prince George's, MD",violent,-0.11919255120067358,-0.1140923497209212,0.027828037467497242
3,MD0172100,"Prince George's, MD",violent,-0.08349324284739391,-0.11398109516386133,0.027850748276456016
4,MD0172100,"Prince George's, MD",violent,0.0018861775344930175,-0.04452596162905466,0.027857106795963146
5,MD0172100,"Prince George's, MD",violent,0.061378368913264515,0.02688365544023859,0.027850748276456023
6,MD0172100,"Prince George's, MD",violent,0.0731202394301756,0.058399352306018726,0.027828037467497242
7,MD0172100,"Prince George's, MD",violent,0.07742077716314569,0.06373868671817182,0.027792118260482262
8,MD0172100,"Prince George's, MD",violent,0.08304573516707066,0.058072972707838136,0.027828037467497242
9,MD0172100,"Prince George's, MD",violent,0.05826335062100446,0.04126268558562266,0.027850748276456023
10,MD0172100,"Prince George's, MD",violent,0.009030746272720444,0.027826929063899043,0.027857106795963146
11,MD0172100,"Prince George's, MD",violent,-0.02523155287966163,0.029135721572844442,0.02785074827645602
12,MD0172100,"Prince George's, MD",violent,-0.0478903472037861,0.01431905727221998,0.027828037467497242
1,MD0220000,"Washington, MD",violent,-0.08833770097035916,-0.047074506961049464,0.03596096688470742
2,MD0220000,"Washington, MD",violent,-0.11919255120067358,-0.043993806167997584,0.03608450507170164
3,MD0220000,"Washington, MD",violent,-0.08349324284739391,-0.04803740529371446,0.036040382324254536
4,MD0220000,"Washington, MD",violent,0.0018861775344930175,-0.009752616962025918,0.03606204998716561
5,MD0220000,"Washington, MD",violent,0.061378368913264515,0.05208250873206134,0.03604038232425454
6,MD0220000,"Washington, MD",violent,0.0731202394301756,0.07258912248306758,0.03608450507170164
7,MD0220000,"Washington, MD",violent,0.07742077716314569,0.05276743890616921,0.035960966884707415
8,MD0220000,"Washington, MD",violent,0.08304573516707066,0.044155081706363813,0.03608450507170164
9,MD0220000,"Washington, MD",violent,0.05826335062100446,0.04250574888696096,0.03604038232425454
10,MD0220000,"Washington, MD",violent,0.009030746272720444,0.004059685016906175,0.03606204998716561
11,MD0220000,"Washington, MD",violent,-0.02523155287966163,-0.0522437842704276,0.036040382324254536
12,MD0220000,"Washington, MD",violent,-0.0478903472037861,-0.06705746607631408,0.03608450507170164
1,MDBPD0000,"Baltimore, MD",violent,-0.08833770097035916,-0.11298058249933349,0.026088517919586107
2,MDBPD0000,"Baltimore, MD",violent,-0.11919255120067358,-0.15378402780191533,0.026113568997432987
3,MDBPD0000,"Baltimore, MD",violent,-0.08349324284739391,-0.11483828462170888,0.026133943357783962
4,MDBPD0000,"Baltimore, MD",violent,0.0018861775344930175,-0.020413360151112753,0.026142663293744657
5,MDBPD0000,"Baltimore, MD",violent,0.061378368913264515,0.05401135995590808,0.02613394335778397
6,MDBPD0000,"Baltimore, MD",violent,0.0731202394301756,0.08219671244034077,0.026113568997432987
7,MDBPD0000,"Baltimore, MD",violent,0.07742077716314569,0.09369582356870568,0.026088517919586104
8,MDBPD0000,"Baltimore, MD",violent,0.08304573516707066,0.09878334708437472,0.026113568997432987
9,MDBPD0000,"Baltimore, MD",violent,0.05826335062100446,0.07912236283479607,0.02613394335778397
10,MDBPD0000,"Baltimore, MD",violent,0.009030746272720444,0.03969811908174054,0.026142663293744657
11,MDBPD0000,"Baltimore, MD",violent,-0.02523155287966163,9.893207616324849e-4,0.026133943357783962
12,MDBPD0000,"Baltimore, MD",violent,-0.0478903472037861,-0.046480790653427896,0.026113568997432984
1,MI1323700,"Battle Creek, MI",violent,-0.08833770097035916,-0.10684467729254427,0.031428942062370555
2,MI1323700,"Battle Creek, MI",violent,-0.11919255120067358,-0.13325397175541853,0.03143799103988164
3,MI1323700,"Battle Creek, MI",violent,-0.08349324284739391,-0.11252477719041047,0.031460280937880766
4,MI1323700,"Battle Creek, MI",violent,0.0018861775344930175,-0.013483175372067542,0.03142312793993122
5,MI1323700,"Battle Creek, MI",violent,0.061378368913264515,0.08039511264479804,0.03146028093788077
6,MI1323700,"Battle Creek, MI",violent,0.0731202394301756,0.10451867373895685,0.03143799103988164
7,MI1323700,"Battle Creek, MI",violent,0.07742077716314569,0.10670414787322013,0.03142894206237055
8,MI1323700,"Battle Creek, MI",violent,0.08304573516707066,0.12585417801597884,0.03143799103988164
9,MI1323700,"Battle Creek, MI",violent,0.05826335062100446,0.10526551287029494,0.03146028093788077
10,MI1323700,"Battle Creek, MI",violent,0.009030746272720444,0.013623704791391678,0.03142312793993122
11,MI1323700,"Battle Creek, MI",violent,-0.02523155287966163,-0.07299531890535839,0.031460280937880766
12,MI1323700,"Battle Creek, MI",violent,-0.0478903472037861,-0.09725940941884127,0.03143799103988164
1,MI3351900,"Lansing, MI",violent,-0.08833770097035916,-0.11219973569372277,0.02874577487349541
2,MI3351900,"Lansing, MI",violent,-0.11919255120067358,-0.16156550403733133,0.02879684735715914
3,MI3351900,"Lansing, MI",violent,-0.08349324284739391,-0.10243427860539775,0.028782455474532846
4,MI3351900,"Lansing, MI",violent,0.0018861775344930175,0.001324390106557122,0.028818386740409995
5,MI3351900,"Lansing, MI",violent,0.061378368913264515,0.04554081795254029,0.02878245547453285
6,MI3351900,"Lansing, MI",violent,0.0731202394301756,0.059790620019199235,0.02879684735715914
7,MI3351900,"Lansing, MI",violent,0.07742077716314569,0.11060493016980949,0.028745774873495406
8,MI3351900,"Lansing, MI",violent,0.08304573516707066,0.14352846315125095,0.02879684735715914
9,MI3351900,"Lansing, MI",violent,0.05826335062100446,0.08599204324323065,0.02878245547453285
10,MI3351900,"Lansing, MI",violent,0.009030746272720444,2.7041541735613693e-4,0.028818386740409995
11,MI3351900,"Lansing, MI",violent,-0.02523155287966163,-0.027503777066459952,0.028782455474532846
12,MI3351900,"Lansing, MI",violent,-0.0478903472037861,-0.04334838465703206,0.02879684735715914
1,MI3913900,"Kalamazoo, MI",violent,-0.08833770097035916,-0.10356378193662524,0.034276772347184556
2,MI3913900,"Kalamazoo, MI",violent,-0.11919255120067358,-0.16841807421969504,0.03436865310273423
3,MI3913900,"Kalamazoo, MI",violent,-0.08349324284739391,-0.15928515352973716,0.034302726751570776
4,MI3913900,"Kalamazoo, MI",violent,0.0018861775344930175,-0.03821821225152051,0.03435861744738322
5,MI3913900,"Kalamazoo, MI",violent,0.061378368913264515,0.08861471715591515,0.034302726751570776
6,MI3913900,"Kalamazoo, MI",violent,0.0731202394301756,0.12832274846046804,0.03436865310273423
7,MI3913900,"Kalamazoo, MI",violent,0.07742077716314569,0.11960921503917046,0.03427677234718455
8,MI3913900,"Kalamazoo, MI",violent,0.08304573516707066,0.11784197022893136,0.03436865310273423
9,MI3913900,"Kalamazoo, MI",violent,0.05826335062100446,0.09266361643642829,0.034302726751570776
10,MI3913900,"Kalamazoo, MI",violent,0.009030746272720444,0.022172779148975287,0.03435861744738322
11,MI3913900,"Kalamazoo, MI",violent,-0.02523155287966163,-0.038038613165151516,0.034302726751570776
12,MI3913900,"Kalamazoo, MI",violent,-0.0478903472037861,-0.06170121136715912,0.03436865310273422
1,MI4114100,"Kent, MI",violent,-0.08833770097035916,-0.07888287782015385,0.03285295891392177
2,MI4114100,"Kent, MI",violent,-0.11919255120067358,-0.0849034400247812,0.03295415862066379
3,MI4114100,"Kent, MI",violent,-0.08349324284739391,-0.08503046690804027,0.03291005287861437
4,MI4114100,"Kent, MI",violent,0.0018861775344930175,-0.02306958972231324,0.032962654946241204
5,MI4114100,"Kent, MI",violent,0.061378368913264515,0.07618299892735843,0.03291005287861438
6,MI4114100,"Kent, MI",violent,0.0731202394301756,0.11532854089799664,0.03295415862066379
7,MI4114100,"Kent, MI",violent,0.07742077716314569,0.07781788477185467,0.032852958913921766
8,MI4114100,"Kent, MI",violent,0.08304573516707066,0.04489590224362542,0.03295415862066379
9,MI4114100,"Kent, MI",violent,0.05826335062100446,0.046087922175183677,0.03291005287861438
10,MI4114100,"Kent, MI",violent,0.009030746272720444,0.024134582770612426,0.032962654946241204
11,MI4114100,"Kent, MI",violent,-0.02523155287966163,-0.03617546114620268,0.03291005287861438
12,MI4114100,"Kent, MI",violent,-0.0478903472037861,-0.07638599616514004,0.03295415862066379
1,MI4143600,"Grand Rapids, MI",violent,-0.08833770097035916,-0.14163000751709387,0.028589660702076004
2,MI4143600,"Grand Rapids, MI",violent,-0.11919255120067358,-0.1288316409160212,0.028613268528575816
3,MI4143600,"Grand Rapids, MI",violent,-0.08349324284739391,-0.06414500669763565,0.02865472028833179
4,MI4143600,"Grand Rapids, MI",violent,0.0018861775344930175,0.020260417551223014,0.02862438769395356
5,MI4143600,"Grand Rapids, MI",violent,0.061378368913264515,0.09829508541728092,0.02865472028833179
6,MI4143600,"Grand Rapids, MI",violent,0.0731202394301756,0.14957831330299892,0.028613268528575816
7,MI4143600,"Grand Rapids, MI",violent,0.07742077716314569,0.14741604324746774,0.028589660702076
8,MI4143600,"Grand Rapids, MI",violent,0.08304573516707066,0.089741175062562,0.028613268528575816
9,MI4143600,"Grand Rapids, MI",violent,0.05826335062100446,0.019268505113802563,0.028654720288331794
10,MI4143600,"Grand Rapids, MI",violent,0.009030746272720444,-0.026046453281596903,0.02862438769395356
11,MI4143600,"Grand Rapids, MI",violent,-0.02523155287966163,-0.059204619563821774,0.02865472028833179
12,MI4143600,"Grand Rapids, MI",violent,-0.0478903472037861,-0.10470181171916575,0.028613268528575816
1,MI4183400,"Wyoming, MI",violent,-0.08833770097035916,-0.06673270827040485,0.03352358774700256
2,MI4183400,"Wyoming, MI",violent,-0.11919255120067358,-0.12505530845298127,0.033574927450561884
3,MI4183400,"Wyoming, MI",violent,-0.08349324284739391,-0.11758583720780472,0.03357567394382701
4,MI4183400,"Wyoming, MI",violent,0.0018861775344930175,-0.013929582561102164,0.03359284288057126
5,MI4183400,"Wyoming, MI",violent,0.061378368913264515,0.08164632994779947,0.03357567394382702
6,MI4183400,"Wyoming, MI",violent,0.0731202394301756,0.09352815600952472,0.033574927450561884
7,MI4183400,"Wyoming, MI",violent,0.07742077716314569,0.07455384575993444,0.03352358774700255
8,MI4183400,"Wyoming, MI",violent,0.08304573516707066,0.07694907103643307,0.033574927450561884
9,MI4183400,"Wyoming, MI",violent,0.05826335062100446,0.06165846230172694,0.03357567394382702
10,MI4183400,"Wyoming, MI",violent,0.009030746272720444,0.006108445071572575,0.03359284288057126
11,MI4183400,"Wyoming, MI",violent,-0.02523155287966163,-0.033540092531251314,0.03357567394382701
12,MI4183400,"Wyoming, MI",violent,-0.0478903472037861,-0.03760078110344692,0.033574927450561884
1,MI5015000,"Macomb, MI",violent,-0.08833770097035916,-0.12195027479674737,0.03513745363595391
2,MI5015000,"Macomb, MI",violent,-0.11919255120067358,-0.12783817819262389,0.03523153454899573
3,MI5015000,"Macomb, MI",violent,-0.08349324284739391,-0.09277887024620524,0.03517417828002661
4,MI5015000,"Macomb, MI",violent,0.0018861775344930175,-0.01288457145272862,0.03516846343839363
5,MI5015000,"Macomb, MI",violent,0.061378368913264515,0.05408928520413378,0.03517417828002661
6,MI5015000,"Macomb, MI",violent,0.0731202394301756,0.07354185168646521,0.03523153454899573
7,MI5015000,"Macomb, MI",violent,0.07742077716314569,0.08628842657519976,0.0351374536359539
8,MI5015000,"Macomb, MI",violent,0.08304573516707066,0.11862197505034235,0.03523153454899573
9,MI5015000,"Macomb, MI",violent,0.05826335062100446,0.11922451532547132,0.03517417828002662
10,MI5015000,"Macomb, MI",violent,0.009030746272720444,0.048546419674276226,0.03516846343839363
11,MI5015000,"Macomb, MI",violent,-0.02523155287966163,-0.04487308206185228,0.03517417828002661
12,MI5015000,"Macomb, MI",violent,-0.0478903472037861,-0.09998749676573124,0.03523153454899573
1,MI5072200,"St. Clair Shores, MI",violent,-0.08833770097035916,-0.08411607780333596,0.03901469894658426
2,MI5072200,"St. Clair Shores, MI",violent,-0.11919255120067358,-0.1399456379622752,0.03906680104095533
3,MI5072200,"St. Clair Shores, MI",violent,-0.08349324284739391,-0.13285685727902113,0.03905944195033482
4,MI5072200,"St. Clair Shores, MI",violent,0.0018861775344930175,-0.0381185471858284,0.03907705023685399
5,MI5072200,"St. Clair Shores, MI",violent,0.061378368913264515,0.06857577652405884,0.03905944195033482
6,MI5072200,"St. Clair Shores, MI",violent,0.0731202394301756,0.1095066333695255,0.03906680104095533
7,MI5072200,"St. Clair Shores, MI",violent,0.07742077716314569,0.09685289557725116,0.039014698946584256
8,MI5072200,"St. Clair Shores, MI",violent,0.08304573516707066,0.07847394570735097,0.03906680104095533
9,MI5072200,"St. Clair Shores, MI",violent,0.05826335062100446,0.058648347250181726,0.03905944195033482
10,MI5072200,"St. Clair Shores, MI",violent,0.009030746272720444,0.025381729411913197,0.03907705023685399
11,MI5072200,"St. Clair Shores, MI",violent,-0.02523155287966163,-0.007104084269134657,0.03905944195033482
12,MI5072200,"St. Clair Shores, MI",violent,-0.0478903472037861,-0.035298123340686036,0.03906680104095532
1,MI5074000,"Shelby Township, MI",violent,-0.08833770097035916,-0.08533679657353291,0.03884806137272368
2,MI5074000,"Shelby Township, MI",violent,-0.11919255120067358,-0.10946035533295614,0.03890070129123096
3,MI5074000,"Shelby Township, MI",violent,-0.08349324284739391,-0.07120594792933307,0.038883404463363754
4,MI5074000,"Shelby Township, MI",violent,0.0018861775344930175,0.018709424507037904,0.038878429196159615
5,MI5074000,"Shelby Township, MI",violent,0.061378368913264515,0.06627314385053656,0.03888340446336376
6,MI5074000,"Shelby Township, MI",violent,0.0731202394301756,0.05825010438234085,0.03890070129123096
7,MI5074000,"Shelby Township, MI",violent,0.07742077716314569,0.0710002652999512,0.038848061372723675
8,MI5074000,"Shelby Township, MI",violent,0.08304573516707066,0.10684521146211919,0.03890070129123096
9,MI5074000,"Shelby Township, MI",violent,0.05826335062100446,0.08292733533207786,0.03888340446336376
10,MI5074000,"Shelby Township, MI",violent,0.009030746272720444,-0.004372893233456183,0.038878429196159615
11,MI5074000,"Shelby Township, MI",violent,-0.02523155287966163,-0.06365799997969965,0.038883404463363754
12,MI5074000,"Shelby Township, MI",violent,-0.0478903472037861,-0.0699714917850856,0.03890070129123096
1,MI5076500,"Sterling Heights, MI",violent,-0.08833770097035916,-0.0669836762647839,0.03545633667274192
2,MI5076500,"Sterling Heights, MI",violent,-0.11919255120067358,-0.14484265352988726,0.035506909665428
3,MI5076500,"Sterling Heights, MI",violent,-0.08349324284739391,-0.11243562122496492,0.03548813769659727
4,MI5076500,"Sterling Heights, MI",violent,0.0018861775344930175,0.020020765898019884,0.03550572967653219
5,MI5076500,"Sterling Heights, MI",violent,0.061378368913264515,0.08208713690404451,0.03548813769659727
6,MI5076500,"Sterling Heights, MI",violent,0.0731202394301756,0.04469175537527209,0.035506909665428
7,MI5076500,"Sterling Heights, MI",violent,0.07742077716314569,0.04637240310168713,0.035456336672741916
8,MI5076500,"Sterling Heights, MI",violent,0.08304573516707066,0.10666410389391165,0.035506909665428
9,MI5076500,"Sterling Heights, MI",violent,0.05826335062100446,0.09486834475208608,0.035488137696597276
10,MI5076500,"Sterling Heights, MI",violent,0.009030746272720444,5.905072650768924e-4,0.03550572967653219
11,MI5076500,"Sterling Heights, MI",violent,-0.02523155287966163,-0.043908587268068934,0.03548813769659727
12,MI5076500,"Sterling Heights, MI",violent,-0.0478903472037861,-0.027124478902393247,0.035506909665428
1,MI5080600,"Warren, MI",violent,-0.08833770097035916,-0.09918649564624185,0.031018378255776004
2,MI5080600,"Warren, MI",violent,-0.11919255120067358,-0.14520697271085245,0.031106762552255245
3,MI5080600,"Warren, MI",violent,-0.08349324284739391,-0.080670974028499,0.031025398088393535
4,MI5080600,"Warren, MI",violent,0.0018861775344930175,0.032255471897678516,0.031103445906496722
5,MI5080600,"Warren, MI",violent,0.061378368913264515,0.07215937064247457,0.03102539808839354
6,MI5080600,"Warren, MI",violent,0.0731202394301756,0.049045861038817695,0.031106762552255245
7,MI5080600,"Warren, MI",violent,0.07742077716314569,0.0529939686156167,0.031018378255776
8,MI5080600,"Warren, MI",violent,0.08304573516707066,0.07915608321779545,0.031106762552255245
9,MI5080600,"Warren, MI",violent,0.05826335062100446,0.06081261156606713,0.03102539808839354
10,MI5080600,"Warren, MI",violent,0.009030746272720444,0.013937055132946626,0.031103445906496722
11,MI5080600,"Warren, MI",violent,-0.02523155287966163,-0.006108481149417606,0.031025398088393538
12,MI5080600,"Warren, MI",violent,-0.0478903472037861,-0.02918749857638579,0.031106762552255245
1,MI631910X,"Rochester Hills, MI",violent,-0.08833770097035916,-0.09834144231360475,0.04122652903756025
2,MI631910X,"Rochester Hills, MI",violent,-0.11919255120067358,-0.1110067317427463,0.041252897306828545
3,MI631910X,"Rochester Hills, MI",violent,-0.08349324284739391,-0.07513362364051938,0.04126680579337269
4,MI631910X,"Rochester Hills, MI",violent,0.0018861775344930175,0.010499915586664287,0.04127710335346608
5,MI631910X,"Rochester Hills, MI",violent,0.061378368913264515,0.09613809860663261,0.0412668057933727
6,MI631910X,"Rochester Hills, MI",violent,0.0731202394301756,0.1278863325074592,0.041252897306828545
7,MI631910X,"Rochester Hills, MI",violent,0.07742077716314569,0.10243573220422478,0.041226529037560244
8,MI631910X,"Rochester Hills, MI",violent,0.08304573516707066,0.056055062315100865,0.041252897306828545
9,MI631910X,"Rochester Hills, MI",violent,0.05826335062100446,0.016087664322253916,0.0412668057933727
10,MI631910X,"Rochester Hills, MI",violent,0.009030746272720444,-0.014594205477284319,0.04127710335346608
11,MI631910X,"Rochester Hills, MI",violent,-0.02523155287966163,-0.04118642917898718,0.04126680579337269
12,MI631910X,"Rochester Hills, MI",violent,-0.0478903472037861,-0.0688403731891937,0.041252897306828545
1,MI6338900,"Farmington Hills, MI",violent,-0.08833770097035916,-0.0942087132118279,0.038846854951118226
2,MI6338900,"Farmington Hills, MI",violent,-0.11919255120067358,-0.13443562619893276,0.03888317041890532
3,MI6338900,"Farmington Hills, MI",violent,-0.08349324284739391,-0.1059691423511028,0.038861586063749724
4,MI6338900,"Farmington Hills, MI",violent,0.0018861775344930175,-0.005113588024772235,0.038865019405559115
5,MI6338900,"Farmington Hills, MI",violent,0.061378368913264515,0.08325449427088347,0.03886158606374973
6,MI6338900,"Farmington Hills, MI",violent,0.0731202394301756,0.09754154266474785,0.03888317041890532
7,MI6338900,"Farmington Hills, MI",violent,0.07742077716314569,0.072957906704082,0.03884685495111822
8,MI6338900,"Farmington Hills, MI",violent,0.08304573516707066,0.061784492407618324,0.03888317041890532
9,MI6338900,"Farmington Hills, MI",violent,0.05826335062100446,0.054568815067534256,0.03886158606374974
10,MI6338900,"Farmington Hills, MI",violent,0.009030746272720444,0.026364394532518133,0.038865019405559115
11,MI6338900,"Farmington Hills, MI",violent,-0.02523155287966163,-0.01060336047956905,0.038861586063749724
12,MI6338900,"Farmington Hills, MI",violent,-0.0478903472037861,-0.04614121538117927,0.03888317041890532
1,MI6362700,"Novi, MI",violent,-0.08833770097035916,-0.11271028648652778,0.04104965023381147
2,MI6362700,"Novi, MI",violent,-0.11919255120067358,-0.13334853491551762,0.04106454363590705
3,MI6362700,"Novi, MI",violent,-0.08349324284739391,-0.0846103764223334,0.041065637019886546
4,MI6362700,"Novi, MI",violent,0.0018861775344930175,-0.009587276535662437,0.041054475583245764
5,MI6362700,"Novi, MI",violent,0.061378368913264515,0.05151007475532768,0.04106563701988655
6,MI6362700,"Novi, MI",violent,0.0731202394301756,0.09144658401943902,0.04106454363590705
7,MI6362700,"Novi, MI",violent,0.07742077716314569,0.10247848373302713,0.04104965023381146
8,MI6362700,"Novi, MI",violent,0.08304573516707066,0.07625899250424444,0.04106454363590705
9,MI6362700,"Novi, MI",violent,0.05826335062100446,0.03775263676456085,0.04106563701988655
10,MI6362700,"Novi, MI",violent,0.009030746272720444,0.019819079289163058,0.041054475583245764
11,MI6362700,"Novi, MI",violent,-0.02523155287966163,0.005579467655945473,0.041065637019886546
12,MI6362700,"Novi, MI",violent,-0.0478903472037861,-0.04458884436166638,0.04106454363590705
1,MI6367300,"Pontiac, MI",violent,-0.08833770097035916,-0.11160378895152223,0.03120796769324706
2,MI6367300,"Pontiac, MI",violent,-0.11919255120067358,-0.2074070641897849,0.0312968946288116
3,MI6367300,"Pontiac, MI",violent,-0.08349324284739391,-0.1779716012306976,0.03126134783863586
4,MI6367300,"Pontiac, MI",violent,0.0018861775344930175,-0.0302216022357639,0.03128690510634684
5,MI6367300,"Pontiac, MI",violent,0.061378368913264515,0.09367540345507545,0.031261347838635864
6,MI6367300,"Pontiac, MI",violent,0.0731202394301756,0.13259685825741666,0.0312968946288116
7,MI6367300,"Pontiac, MI",violent,0.07742077716314569,0.1409784905902315,0.031207967693247053
8,MI6367300,"Pontiac, MI",violent,0.08304573516707066,0.13374701677524112,0.0312968946288116
9,MI6367300,"Pontiac, MI",violent,0.05826335062100446,0.07493685217744454,0.031261347838635864
10,MI6367300,"Pontiac, MI",violent,0.009030746272720444,8.469005970546281e-4,0.03128690510634684
11,MI6367300,"Pontiac, MI",violent,-0.02523155287966163,-0.02001535604053173,0.031261347838635864
12,MI6367300,"Pontiac, MI",violent,-0.0478903472037861,-0.02956210920416354,0.03129689462881159
1,MI6371400,"Royal Oak, MI",violent,-0.08833770097035916,-0.09718858427911854,0.04052009334870698
2,MI6371400,"Royal Oak, MI",violent,-0.11919255120067358,-0.12517184664840325,0.040568071916236674
3,MI6371400,"Royal Oak, MI",violent,-0.08349324284739391,-0.09404309991545967,0.04053897779952952
4,MI6371400,"Royal Oak, MI",violent,0.0018861775344930175,-0.01259089222672752,0.0405466828610514
5,MI6371400,"Royal Oak, MI",violent,0.061378368913264515,0.06682176351265702,0.04053897779952953
6,MI6371400,"Royal Oak, MI",violent,0.0731202394301756,0.09475447168334787,0.040568071916236674
7,MI6371400,"Royal Oak, MI",violent,0.07742077716314569,0.07410160279761253,0.04052009334870697
8,MI6371400,"Royal Oak, MI",violent,0.08304573516707066,0.04700933675886913,0.040568071916236674
9,MI6371400,"Royal Oak, MI",violent,0.05826335062100446,0.03896757150743151,0.04053897779952953
10,MI6371400,"Royal Oak, MI",violent,0.009030746272720444,0.035677873708233505,0.0405466828610514
11,MI6371400,"Royal Oak, MI",violent,-0.02523155287966163,0.01134074637687708,0.04053897779952952
12,MI6371400,"Royal Oak, MI",violent,-0.0478903472037861,-0.03967894327531967,0.040568071916236674
1,MI6375100,"Southfield, MI",violent,-0.08833770097035916,-0.07784469774667073,0.03454977247633372
2,MI6375100,"Southfield, MI",violent,-0.11919255120067358,-0.1288404707477642,0.03463823817085687
3,MI6375100,"Southfield, MI",violent,-0.08349324284739391,-0.10911053503774065,0.03460372409098785
4,MI6375100,"Southfield, MI",violent,0.0018861775344930175,-0.022165498490685,0.0346489737636211
5,MI6375100,"Southfield, MI",violent,0.061378368913264515,0.06401493769333112,0.03460372409098786
6,MI6375100,"Southfield, MI",violent,0.0731202394301756,0.10899941475452551,0.03463823817085687
7,MI6375100,"Southfield, MI",violent,0.07742077716314569,0.11591804642545209,0.034549772476333715
8,MI6375100,"Southfield, MI",violent,0.08304573516707066,0.08632055859449443,0.03463823817085687
9,MI6375100,"Southfield, MI",violent,0.05826335062100446,0.028517274205689527,0.03460372409098786
10,MI6375100,"Southfield, MI",violent,0.009030746272720444,-0.015907850188096373,0.0346489737636211
11,MI6375100,"Southfield, MI",violent,-0.02523155287966163,-0.021495025540061392,0.03460372409098785
12,MI6375100,"Southfield, MI",violent,-0.0478903472037861,-0.02840615392247433,0.03463823817085687
1,MI6378400,"Troy, MI",violent,-0.08833770097035916,-0.10068337884823536,0.04001279995537079
2,MI6378400,"Troy, MI",violent,-0.11919255120067358,-0.12803570348255938,0.04001626576889664
3,MI6378400,"Troy, MI",violent,-0.08349324284739391,-0.05841671844646115,0.04000581556193243
4,MI6378400,"Troy, MI",violent,0.0018861775344930175,0.012042774740769225,0.03999567652302868
5,MI6378400,"Troy, MI",violent,0.061378368913264515,0.020854912218988827,0.04000581556193244
6,MI6378400,"Troy, MI",violent,0.0731202394301756,0.02618830940359185,0.04001626576889664
7,MI6378400,"Troy, MI",violent,0.07742077716314569,0.06597844401023972,0.04001279995537079
8,MI6378400,"Troy, MI",violent,0.08304573516707066,0.08173664885547037,0.04001626576889664
9,MI6378400,"Troy, MI",violent,0.05826335062100446,0.04682259865736776,0.04000581556193244
10,MI6378400,"Troy, MI",violent,0.009030746272720444,0.022662160097226384,0.03999567652302868
11,MI6378400,"Troy, MI",violent,-0.02523155287966163,0.025444142408100147,0.04000581556193243
12,MI6378400,"Troy, MI",violent,-0.0478903472037861,-0.014594189614498378,0.04001626576889664
1,MI6380800,"Waterford Township, MI",violent,-0.08833770097035916,-0.08499619437385446,0.037376998704101605
2,MI6380800,"Waterford Township, MI",violent,-0.11919255120067358,-0.10773724397250065,0.03743160391537406
3,MI6380800,"Waterford Township, MI",violent,-0.08349324284739391,-0.07491327109467566,0.03741386583684084
4,MI6380800,"Waterford Township, MI",violent,0.0018861775344930175,0.014968342025636305,0.03742003727770729
5,MI6380800,"Waterford Township, MI",violent,0.061378368913264515,0.07292261823890454,0.037413865836840844
6,MI6380800,"Waterford Township, MI",violent,0.0731202394301756,0.07281852519165892,0.03743160391537406
7,MI6380800,"Waterford Township, MI",violent,0.07742077716314569,0.08080489282133978,0.037376998704101605
8,MI6380800,"Waterford Township, MI",violent,0.08304573516707066,0.10687813405845248,0.03743160391537407
9,MI6380800,"Waterford Township, MI",violent,0.05826335062100446,0.07824546273314217,0.037413865836840844
10,MI6380800,"Waterford Township, MI",violent,0.009030746272720444,-0.010777040473121629,0.03742003727770729
11,MI6380800,"Waterford Township, MI",violent,-0.02523155287966163,-0.07206350832485642,0.03741386583684084
12,MI6380800,"Waterford Township, MI",violent,-0.0478903472037861,-0.07615071683012542,0.03743160391537406
1,MI6381500,"West Bloomfield Township, MI",violent,-0.08833770097035916,-0.0648579224800731,0.040948555769920535
2,MI6381500,"West Bloomfield Township, MI",violent,-0.11919255120067358,-0.10811315649741793,0.040985247976021114
3,MI6381500,"West Bloomfield Township, MI",violent,-0.08349324284739391,-0.10002661638621696,0.040977756620832986
4,MI6381500,"West Bloomfield Township, MI",violent,0.0018861775344930175,-0.014032052774114168,0.04100293595825957
5,MI6381500,"West Bloomfield Township, MI",violent,0.061378368913264515,0.07652889244706547,0.04097775662083299
6,MI6381500,"West Bloomfield Township, MI",violent,0.0731202394301756,0.10321582789201374,0.040985247976021114
7,MI6381500,"West Bloomfield Township, MI",violent,0.07742077716314569,0.08599803322430513,0.04094855576992053
8,MI6381500,"West Bloomfield Township, MI",violent,0.08304573516707066,0.06592584429688599,0.040985247976021114
9,MI6381500,"West Bloomfield Township, MI",violent,0.05826335062100446,0.03669919344145298,0.04097775662083299
10,MI6381500,"West Bloomfield Township, MI",violent,0.009030746272720444,-0.007108057970117869,0.04100293595825957
11,MI6381500,"West Bloomfield Township, MI",violent,-0.02523155287966163,-0.034341580246533554,0.040977756620832986
12,MI6381500,"West Bloomfield Township, MI",violent,-0.0478903472037861,-0.03988840494724974,0.04098524797602111
1,MI8118100,"Washtenaw, MI",violent,-0.08833770097035916,-0.10813505585349086,0.031553442600665074
2,MI8118100,"Washtenaw, MI",violent,-0.11919255120067358,-0.12263674743479126,0.03163619427513827
3,MI8118100,"Washtenaw, MI",violent,-0.08349324284739391,-0.08685621296722734,0.03158296753847351
4,MI8118100,"Washtenaw, MI",violent,0.0018861775344930175,0.017014768467833195,0.03161766116615721
5,MI8118100,"Washtenaw, MI",violent,0.061378368913264515,0.11585464865379616,0.03158296753847352
6,MI8118100,"Washtenaw, MI",violent,0.0731202394301756,0.12383220285665161,0.03163619427513827
7,MI8118100,"Washtenaw, MI",violent,0.07742077716314569,0.06714945366161706,0.031553442600665074
8,MI8118100,"Washtenaw, MI",violent,0.08304573516707066,0.03534342819009921,0.03163619427513827
9,MI8118100,"Washtenaw, MI",violent,0.05826335062100446,0.04054849591440905,0.03158296753847352
10,MI8118100,"Washtenaw, MI",violent,0.009030746272720444,0.023970833724040602,0.03161766116615721
11,MI8118100,"Washtenaw, MI",violent,-0.02523155287966163,-0.028561329409104122,0.03158296753847351
12,MI8118100,"Washtenaw, MI",violent,-0.0478903472037861,-0.07752448580383331,0.03163619427513827
1,MI8121800,"Ann Arbor, MI",violent,-0.08833770097035916,-0.13990111521092288,0.03422687587301147
2,MI8121800,"Ann Arbor, MI",violent,-0.11919255120067358,-0.15153169738309857,0.034307679122746654
3,MI8121800,"Ann Arbor, MI",violent,-0.08349324284739391,-0.09516876680299344,0.03420800269135366
4,MI8121800,"Ann Arbor, MI",violent,0.0018861775344930175,-0.007703774613985544,0.03427285344408636
5,MI8121800,"Ann Arbor, MI",violent,0.061378368913264515,0.055567026270402206,0.03420800269135367
6,MI8121800,"Ann Arbor, MI",violent,0.0731202394301756,0.07641412200025632,0.034307679122746654
7,MI8121800,"Ann Arbor, MI",violent,0.07742077716314569,0.07997932368105837,0.03422687587301147
8,MI8121800,"Ann Arbor, MI",violent,0.08304573516707066,0.08851639019026052,0.034307679122746654
9,MI8121800,"Ann Arbor, MI",violent,0.05826335062100446,0.09207525114001985,0.03420800269135367
10,MI8121800,"Ann Arbor, MI",violent,0.009030746272720444,0.06762556614385004,0.03427285344408636
11,MI8121800,"Ann Arbor, MI",violent,-0.02523155287966163,0.007448280922435817,0.03420800269135366
12,MI8121800,"Ann Arbor, MI",violent,-0.0478903472037861,-0.07332060633728266,0.034307679122746654
1,MI8234300,"Dearborn, MI",violent,-0.08833770097035916,-0.09068690186661248,0.03460907491948997
2,MI8234300,"Dearborn, MI",violent,-0.11919255120067358,-0.13356765389592065,0.034681890611352
3,MI8234300,"Dearborn, MI",violent,-0.08349324284739391,-0.10805352601198087,0.034651145610761276
4,MI8234300,"Dearborn, MI",violent,0.0018861775344930175,-0.017451424241544812,0.03471788760513468
5,MI8234300,"Dearborn, MI",violent,0.061378368913264515,0.05843832479101794,0.034651145610761276
6,MI8234300,"Dearborn, MI",violent,0.0731202394301756,0.09248875441105743,0.034681890611352
7,MI8234300,"Dearborn, MI",violent,0.07742077716314569,0.1178825589756218,0.03460907491948997
8,MI8234300,"Dearborn, MI",violent,0.08304573516707066,0.12465355739194839,0.034681890611352
9,MI8234300,"Dearborn, MI",violent,0.05826335062100446,0.07194377239899932,0.03465114561076128
10,MI8234300,"Dearborn, MI",violent,0.009030746272720444,-0.00974423286746451,0.03471788760513468
11,MI8234300,"Dearborn, MI",violent,-0.02523155287966163,-0.049524228287045724,0.034651145610761276
12,MI8234300,"Dearborn, MI",violent,-0.0478903472037861,-0.05637900079807581,0.034681890611352
1,MI8234400,"Dearborn Heights, MI",violent,-0.08833770097035916,-0.1375547161123006,0.035272701865899425
2,MI8234400,"Dearborn Heights, MI",violent,-0.11919255120067358,-0.14459451848232785,0.035330346569120284
3,MI8234400,"Dearborn Heights, MI",violent,-0.08349324284739391,-0.06506734617899802,0.03526385717500394
4,MI8234400,"Dearborn Heights, MI",violent,0.0018861775344930175,0.026090504314361773,0.03527603428191739
5,MI8234400,"Dearborn Heights, MI",violent,0.061378368913264515,0.053940311679902216,0.035263857175003945
6,MI8234400,"Dearborn Heights, MI",violent,0.0731202394301756,0.04700182223430663,0.035330346569120284
7,MI8234400,"Dearborn Heights, MI",violent,0.07742077716314569,0.06614137086622576,0.03527270186589942
8,MI8234400,"Dearborn Heights, MI",violent,0.08304573516707066,0.09638754979589063,0.035330346569120284
9,MI8234400,"Dearborn Heights, MI",violent,0.05826335062100446,0.08827372273863562,0.035263857175003945
10,MI8234400,"Dearborn Heights, MI",violent,0.009030746272720444,0.04532284093171306,0.03527603428191739
11,MI8234400,"Dearborn Heights, MI",violent,-0.02523155287966163,-0.0057333429934650435,0.03526385717500394
12,MI8234400,"Dearborn Heights, MI",violent,-0.0478903472037861,-0.07020819879394419,0.035330346569120284
1,MI8234900,"Detroit, MI",violent,-0.08833770097035916,-0.1653005756666346,0.026090168510835652
2,MI8234900,"Detroit, MI",violent,-0.11919255120067358,-0.22118368807714028,0.026101959092469314
3,MI8234900,"Detroit, MI",violent,-0.08349324284739391,-0.1511709086171923,0.026089883409641725
4,MI8234900,"Detroit, MI",violent,0.0018861775344930175,-0.009785219111928364,0.0260768887603125
5,MI8234900,"Detroit, MI",violent,0.061378368913264515,0.09754876370052151,0.026089883409641728
6,MI8234900,"Detroit, MI",violent,0.0731202394301756,0.15129024349367937,0.026101959092469314
7,MI8234900,"Detroit, MI",violent,0.07742077716314569,0.17462341655116215,0.02609016851083565
8,MI8234900,"Detroit, MI",violent,0.08304573516707066,0.1486645237076507,0.026101959092469314
9,MI8234900,"Detroit, MI",violent,0.05826335062100446,0.06932890336317518,0.026089883409641728
10,MI8234900,"Detroit, MI",violent,0.009030746272720444,4.623782274008053e-4,0.0260768887603125
11,MI8234900,"Detroit, MI",violent,-0.02523155287966163,-0.025029599331031986,0.026089883409641725
12,MI8234900,"Detroit, MI",violent,-0.0478903472037861,-0.06944823823966213,0.026101959092469314
1,MI8253800,"Livonia, MI",violent,-0.08833770097035916,-0.07324297870390481,0.03656428059000093
2,MI8253800,"Livonia, MI",violent,-0.11919255120067358,-0.0989490358149675,0.036598591836008006
3,MI8253800,"Livonia, MI",violent,-0.08349324284739391,-0.07625635453663046,0.036601647290722225
4,MI8253800,"Livonia, MI",violent,0.0018861775344930175,1.47187584904719e-4,0.03661595800830357
5,MI8253800,"Livonia, MI",violent,0.061378368913264515,0.06082963578223674,0.03660164729072223
6,MI8253800,"Livonia, MI",violent,0.0731202394301756,0.07481930357211762,0.036598591836008006
7,MI8253800,"Livonia, MI",violent,0.07742077716314569,0.08112358910367874,0.03656428059000093
8,MI8253800,"Livonia, MI",violent,0.08304573516707066,0.0898806340502676,0.036598591836008006
9,MI8253800,"Livonia, MI",violent,0.05826335062100446,0.05930734237215663,0.03660164729072223
10,MI8253800,"Livonia, MI",violent,0.009030746272720444,-0.008027797984678653,0.03661595800830357
11,MI8253800,"Livonia, MI",violent,-0.02523155287966163,-0.051761234017536864,0.036601647290722225
12,MI8253800,"Livonia, MI",violent,-0.0478903472037861,-0.057870291407643756,0.036598591836008006
1,MI8277500,"Taylor, MI",violent,-0.08833770097035916,-0.11261732154198632,0.03332473253514541
2,MI8277500,"Taylor, MI",violent,-0.11919255120067358,-0.169557980316251,0.03342847487670234
3,MI8277500,"Taylor, MI",violent,-0.08349324284739391,-0.12633326664808978,0.033388612905832483
4,MI8277500,"Taylor, MI",violent,0.0018861775344930175,-0.00616506454862675,0.03339097057964442
5,MI8277500,"Taylor, MI",violent,0.061378368913264515,0.09480411624524684,0.033388612905832483
6,MI8277500,"Taylor, MI",violent,0.0731202394301756,0.12515179775385057,0.03342847487670234
7,MI8277500,"Taylor, MI",violent,0.07742077716314569,0.10680837707948264,0.0333247325351454
8,MI8277500,"Taylor, MI",violent,0.08304573516707066,0.0711830477462437,0.03342847487670234
9,MI8277500,"Taylor, MI",violent,0.05826335062100446,0.03376727854058616,0.03338861290583249
10,MI8277500,"Taylor, MI",violent,0.009030746272720444,0.011974009011130422,0.03339097057964442
11,MI8277500,"Taylor, MI",violent,-0.02523155287966163,0.0035708163247604066,0.033388612905832483
12,MI8277500,"Taylor, MI",violent,-0.0478903472037861,-0.0325858096463469,0.03342847487670234
1,MI8281700,"Westland, MI",violent,-0.08833770097035916,-0.08943670421921077,0.033923663670338555
2,MI8281700,"Westland, MI",violent,-0.11919255120067358,-0.13240319399645314,0.03400610970107277
3,MI8281700,"Westland, MI",violent,-0.08349324284739391,-0.11416800381912368,0.03399472170855436
4,MI8281700,"Westland, MI",violent,0.0018861775344930175,-0.026395776200364835,0.034001578296610234
5,MI8281700,"Westland, MI",violent,0.061378368913264515,0.05804832466011149,0.03399472170855436
6,MI8281700,"Westland, MI",violent,0.0731202394301756,0.09162667882156479,0.03400610970107277
7,MI8281700,"Westland, MI",violent,0.07742077716314569,0.09936516272149395,0.03392366367033855
8,MI8281700,"Westland, MI",violent,0.08304573516707066,0.10046707912562026,0.03400610970107277
9,MI8281700,"Westland, MI",violent,0.05826335062100446,0.0723034304460076,0.033994721708554367
10,MI8281700,"Westland, MI",violent,0.009030746272720444,0.016467317698081636,0.034001578296610234
11,MI8281700,"Westland, MI",violent,-0.02523155287966163,-0.02611220978927864,0.03399472170855436
12,MI8281700,"Westland, MI",violent,-0.0478903472037861,-0.04976210544844867,0.03400610970107277
1,MI8290800,"Canton Township, MI",violent,-0.08833770097035916,-0.09648130701336528,0.037291354515057544
2,MI8290800,"Canton Township, MI",violent,-0.11919255120067358,-0.15486250718204858,0.037343367864727715
3,MI8290800,"Canton Township, MI",violent,-0.08349324284739391,-0.12120037979548684,0.03733256341419567
4,MI8290800,"Canton Township, MI",violent,0.0018861775344930175,-0.00970726912287983,0.037325415441226806
5,MI8290800,"Canton Township, MI",violent,0.061378368913264515,0.07063409733999908,0.03733256341419568
6,MI8290800,"Canton Township, MI",violent,0.0731202394301756,0.08629894544773149,0.037343367864727715
7,MI8290800,"Canton Township, MI",violent,0.07742077716314569,0.09540288564366775,0.03729135451505754
8,MI8290800,"Canton Township, MI",violent,0.08304573516707066,0.10789862400453609,0.037343367864727715
9,MI8290800,"Canton Township, MI",violent,0.05826335062100446,0.07531491798767184,0.03733256341419568
10,MI8290800,"Canton Township, MI",violent,0.009030746272720444,0.010785690492577342,0.037325415441226806
11,MI8290800,"Canton Township, MI",violent,-0.02523155287966163,-0.023670214162486613,0.03733256341419567
12,MI8290800,"Canton Township, MI",violent,-0.0478903472037861,-0.04041348363991647,0.037343367864727715
1,MN0020200,"Blaine, MN",violent,-0.08833770097035916,-0.0906632548208356,0.040427635275173984
2,MN0020200,"Blaine, MN",violent,-0.11919255120067358,-0.08041408977954419,0.04048050994163989
3,MN0020200,"Blaine, MN",violent,-0.08349324284739391,-0.04837204714800204,0.0404567807149494
4,MN0020200,"Blaine, MN",violent,0.0018861775344930175,0.009327400680242915,0.04047940521739797
5,MN0020200,"Blaine, MN",violent,0.061378368913264515,0.06806010487879957,0.04045678071494941
6,MN0020200,"Blaine, MN",violent,0.0731202394301756,0.08894784137469784,0.04048050994163989
7,MN0020200,"Blaine, MN",violent,0.07742077716314569,0.07177887339543641,0.04042763527517398
8,MN0020200,"Blaine, MN",violent,0.08304573516707066,0.05120661879605621,0.04048050994163989
9,MN0020200,"Blaine, MN",violent,0.05826335062100446,0.03804895758991326,0.04045678071494941
10,MN0020200,"Blaine, MN",violent,0.009030746272720444,0.009556980745156277,0.04047940521739797
11,MN0020200,"Blaine, MN",violent,-0.02523155287966163,-0.038852633895311614,0.0404567807149494
12,MN0020200,"Blaine, MN",violent,-0.0478903472037861,-0.07862475181660902,0.04048050994163989
1,MN0020500,"Coon Rapids, MN",violent,-0.08833770097035916,-0.08860626181532792,0.03869060007463883
2,MN0020500,"Coon Rapids, MN",violent,-0.11919255120067358,-0.12218788269415236,0.03872898210082624
3,MN0020500,"Coon Rapids, MN",violent,-0.08349324284739391,-0.0886412249660209,0.03869519619729528
4,MN0020500,"Coon Rapids, MN",violent,0.0018861775344930175,0.007530578655979428,0.038714694189642594
5,MN0020500,"Coon Rapids, MN",violent,0.061378368913264515,0.07110083398596917,0.038695196197295285
6,MN0020500,"Coon Rapids, MN",violent,0.0731202394301756,0.06700141355474373,0.03872898210082624
7,MN0020500,"Coon Rapids, MN",violent,0.07742077716314569,0.061983892535418264,0.03869060007463882
8,MN0020500,"Coon Rapids, MN",violent,0.08304573516707066,0.08517170398939829,0.03872898210082624
9,MN0020500,"Coon Rapids, MN",violent,0.05826335062100446,0.0782474155411765,0.038695196197295285
10,MN0020500,"Coon Rapids, MN",violent,0.009030746272720444,0.01909179062393023,0.038714694189642594
11,MN0020500,"Coon Rapids, MN",violent,-0.02523155287966163,-0.03408465528121514,0.03869519619729528
12,MN0020500,"Coon Rapids, MN",violent,-0.0478903472037861,-0.0566076041298993,0.03872898210082624
1,MN0190100,"Burnsville, MN",violent,-0.08833770097035916,-0.07563425969608698,0.038311180610798426
2,MN0190100,"Burnsville, MN",violent,-0.11919255120067358,-0.07417408773727581,0.03839016426606017
3,MN0190100,"Burnsville, MN",violent,-0.08349324284739391,-0.06516601131672012,0.03835281719775746
4,MN0190100,"Burnsville, MN",violent,0.0018861775344930175,-0.017098287784283083,0.038400017296460726
5,MN0190100,"Burnsville, MN",violent,0.061378368913264515,0.050187237380227,0.03835281719775747
6,MN0190100,"Burnsville, MN",violent,0.0731202394301756,0.0868347971592902,0.03839016426606017
7,MN0190100,"Burnsville, MN",violent,0.07742077716314569,0.08767749850127869,0.03831118061079842
8,MN0190100,"Burnsville, MN",violent,0.08304573516707066,0.07990807380298898,0.03839016426606018
9,MN0190100,"Burnsville, MN",violent,0.05826335062100446,0.0588567585772416,0.03835281719775747
10,MN0190100,"Burnsville, MN",violent,0.009030746272720444,0.005055048979091374,0.038400017296460726
11,MN0190100,"Burnsville, MN",violent,-0.02523155287966163,-0.05592122344594021,0.03835281719775746
12,MN0190100,"Burnsville, MN",violent,-0.0478903472037861,-0.08052554441981163,0.03839016426606017
1,MN0191000,"Apple Valley, MN",violent,-0.08833770097035916,-0.08068719768101783,0.03956452978191362
2,MN0191000,"Apple Valley, MN",violent,-0.11919255120067358,-0.12417414200009609,0.03961378637653691
3,MN0191000,"Apple Valley, MN",violent,-0.08349324284739391,-0.11101446885472532,0.039595686745489724
4,MN0191000,"Apple Valley, MN",violent,0.0018861775344930175,-0.014799731727882761,0.03957655570412409
5,MN0191000,"Apple Valley, MN",violent,0.061378368913264515,0.0776366895248912,0.039595686745489724
6,MN0191000,"Apple Valley, MN",violent,0.0731202394301756,0.086740922982517,0.03961378637653691
7,MN0191000,"Apple Valley, MN",violent,0.07742077716314569,0.0554958510288057,0.03956452978191361
8,MN0191000,"Apple Valley, MN",violent,0.08304573516707066,0.056279845786632136,0.03961378637653691
9,MN0191000,"Apple Valley, MN",violent,0.05826335062100446,0.06831151929347348,0.039595686745489724
10,MN0191000,"Apple Valley, MN",violent,0.009030746272720444,0.0399910783800949,0.03957655570412409
11,MN0191000,"Apple Valley, MN",violent,-0.02523155287966163,-0.009742393311427285,0.039595686745489724
12,MN0191000,"Apple Valley, MN",violent,-0.0478903472037861,-0.04403797342126515,0.03961378637653691
1,MN0191100,"Lakeville, MN",violent,-0.08833770097035916,-0.08481464387499468,0.04093818998517322
2,MN0191100,"Lakeville, MN",violent,-0.11919255120067358,-0.10240381506261448,0.04096759976471461
3,MN0191100,"Lakeville, MN",violent,-0.08349324284739391,-0.07890911532283398,0.04094692579863904
4,MN0191100,"Lakeville, MN",violent,0.0018861775344930175,-0.01396697640060719,0.040958763751256615
5,MN0191100,"Lakeville, MN",violent,0.061378368913264515,0.0498390368304199,0.040946925798639046
6,MN0191100,"Lakeville, MN",violent,0.0731202394301756,0.07507068501691834,0.04096759976471461
7,MN0191100,"Lakeville, MN",violent,0.07742077716314569,0.07138325395723535,0.040938189985173214
8,MN0191100,"Lakeville, MN",violent,0.08304573516707066,0.06502248737981839,0.04096759976471461
9,MN0191100,"Lakeville, MN",violent,0.05826335062100446,0.05495917755779722,0.040946925798639046
10,MN0191100,"Lakeville, MN",violent,0.009030746272720444,0.027398366318366507,0.040958763751256615
11,MN0191100,"Lakeville, MN",violent,-0.02523155287966163,-0.012457709147623851,0.04094692579863904
12,MN0191100,"Lakeville, MN",violent,-0.0478903472037861,-0.05112074725188153,0.04096759976471461
1,MN0270100,"Bloomington, MN",violent,-0.08833770097035916,-0.0892887109012458,0.035730031670614455
2,MN0270100,"Bloomington, MN",violent,-0.11919255120067358,-0.1561127370556076,0.03584033586329966
3,MN0270100,"Bloomington, MN",violent,-0.08349324284739391,-0.09638131110912701,0.03577338510550784
4,MN0270100,"Bloomington, MN",violent,0.0018861775344930175,0.025466297555645813,0.03585023012782248
5,MN0270100,"Bloomington, MN",violent,0.061378368913264515,0.08718763012471,0.03577338510550784
6,MN0270100,"Bloomington, MN",violent,0.0731202394301756,0.09094302641107394,0.03584033586329966
7,MN0270100,"Bloomington, MN",violent,0.07742077716314569,0.09389715343804152,0.03573003167061445
8,MN0270100,"Bloomington, MN",violent,0.08304573516707066,0.07487312718338805,0.03584033586329966
9,MN0270100,"Bloomington, MN",violent,0.05826335062100446,0.010533258700111707,0.03577338510550785
10,MN0270100,"Bloomington, MN",violent,0.009030746272720444,-0.030074740092441564,0.03585023012782248
11,MN0270100,"Bloomington, MN",violent,-0.02523155287966163,-0.005948020252490463,0.03577338510550784
12,MN0270100,"Bloomington, MN",violent,-0.0478903472037861,-0.0050949740020585724,0.03584033586329966
1,MN0270300,"Brooklyn Park, MN",violent,-0.08833770097035916,-0.1106288399680756,0.03457280760067463
2,MN0270300,"Brooklyn Park, MN",violent,-0.11919255120067358,-0.12125339857981243,0.03464016465319884
3,MN0270300,"Brooklyn Park, MN",violent,-0.08349324284739391,-0.08871267715460282,0.034620549891358175
4,MN0270300,"Brooklyn Park, MN",violent,0.0018861775344930175,-0.010722397759225882,0.03462251306249293
5,MN0270300,"Brooklyn Park, MN",violent,0.061378368913264515,0.06798965070285967,0.03462054989135818
6,MN0270300,"Brooklyn Park, MN",violent,0.0731202394301756,0.10400547028746482,0.03464016465319884
7,MN0270300,"Brooklyn Park, MN",violent,0.07742077716314569,0.10298076668998392,0.03457280760067463
8,MN0270300,"Brooklyn Park, MN",violent,0.08304573516707066,0.0903166656458037,0.03464016465319884
9,MN0270300,"Brooklyn Park, MN",violent,0.05826335062100446,0.06542401749868579,0.03462054989135818
10,MN0270300,"Brooklyn Park, MN",violent,0.009030746272720444,0.018370471037317558,0.03462251306249293
11,MN0270300,"Brooklyn Park, MN",violent,-0.02523155287966163,-0.03705291776885098,0.034620549891358175
12,MN0270300,"Brooklyn Park, MN",violent,-0.0478903472037861,-0.08071681063154773,0.03464016465319884
1,MN0270600,"Edina, MN",violent,-0.08833770097035916,-0.12246891509562302,0.042009808725976136
2,MN0270600,"Edina, MN",violent,-0.11919255120067358,-0.1526043046992591,0.04201062188982857
3,MN0270600,"Edina, MN",violent,-0.08349324284739391,-0.07729959473004212,0.04202439614761925
4,MN0270600,"Edina, MN",violent,0.0018861775344930175,0.00531663577686775,0.042004619240351225
5,MN0270600,"Edina, MN",violent,0.061378368913264515,0.03404522704925471,0.042024396147619256
6,MN0270600,"Edina, MN",violent,0.0731202394301756,0.056359135036592324,0.04201062188982857
7,MN0270600,"Edina, MN",violent,0.07742077716314569,0.09325472524436403,0.042009808725976136
8,MN0270600,"Edina, MN",violent,0.08304573516707066,0.09036823092807672,0.04201062188982857
9,MN0270600,"Edina, MN",violent,0.05826335062100446,0.044277710810118734,0.042024396147619256
10,MN0270600,"Edina, MN",violent,0.009030746272720444,0.023897554074391217,0.042004619240351225
11,MN0270600,"Edina, MN",violent,-0.02523155287966163,0.028190846721927613,0.04202439614761925
12,MN0270600,"Edina, MN",violent,-0.0478903472037861,-0.02333725111666884,0.04201062188982857
1,MN0271100,"Minneapolis, MN",violent,-0.08833770097035916,-0.1474925682414662,0.026789648912803176
2,MN0271100,"Minneapolis, MN",violent,-0.11919255120067358,-0.19748178746618422,0.02681567000849602
3,MN0271100,"Minneapolis, MN",violent,-0.08349324284739391,-0.17804200062256131,0.026799273404416804
4,MN0271100,"Minneapolis, MN",violent,0.0018861775344930175,-0.0603354722899018,0.026804016834047047
5,MN0271100,"Minneapolis, MN",violent,0.061378368913264515,0.08147417220755715,0.02679927340441681
6,MN0271100,"Minneapolis, MN",violent,0.0731202394301756,0.1547977688152837,0.02681567000849602
7,MN0271100,"Minneapolis, MN",violent,0.07742077716314569,0.1581623794630299,0.026789648912803173
8,MN0271100,"Minneapolis, MN",violent,0.08304573516707066,0.14135242181670377,0.02681567000849602
9,MN0271100,"Minneapolis, MN",violent,0.05826335062100446,0.11124282375151713,0.02679927340441681
10,MN0271100,"Minneapolis, MN",violent,0.009030746272720444,0.04966566106833806,0.026804016834047047
11,MN0271100,"Minneapolis, MN",violent,-0.02523155287966163,-0.02534480655807673,0.026799273404416804
12,MN0271100,"Minneapolis, MN",violent,-0.0478903472037861,-0.08799859194423942,0.026815670008496016
1,MN0271700,"Plymouth, MN",violent,-0.08833770097035916,-0.08755175973049555,0.041311541805142
2,MN0271700,"Plymouth, MN",violent,-0.11919255120067358,-0.09293267917331087,0.04133548175701145
3,MN0271700,"Plymouth, MN",violent,-0.08349324284739391,-0.057164027625088834,0.04132531136433739
4,MN0271700,"Plymouth, MN",violent,0.0018861775344930175,0.0046291387230266556,0.04133284118878395
5,MN0271700,"Plymouth, MN",violent,0.061378368913264515,0.05299185826981447,0.04132531136433739
6,MN0271700,"Plymouth, MN",violent,0.0731202394301756,0.07136739857981508,0.04133548175701145
7,MN0271700,"Plymouth, MN",violent,0.07742077716314569,0.07367131920971268,0.041311541805142
8,MN0271700,"Plymouth, MN",violent,0.08304573516707066,0.0679648611227512,0.04133548175701145
9,MN0271700,"Plymouth, MN",violent,0.05826335062100446,0.04607665009531204,0.0413253113643374
10,MN0271700,"Plymouth, MN",violent,0.009030746272720444,0.009251301797756208,0.04133284118878395
11,MN0271700,"Plymouth, MN",violent,-0.02523155287966163,-0.02802404021925483,0.04132531136433739
12,MN0271700,"Plymouth, MN",violent,-0.0478903472037861,-0.06028002105003824,0.04133548175701144
1,MN0272600,"Eden Prairie, MN",violent,-0.08833770097035916,-0.08596420357176746,0.04175672482217353
2,MN0272600,"Eden Prairie, MN",violent,-0.11919255120067358,-0.07749592037186544,0.04178553049566423
3,MN0272600,"Eden Prairie, MN",violent,-0.08349324284739391,-0.052804202370159245,0.04176020084260215
4,MN0272600,"Eden Prairie, MN",violent,0.0018861775344930175,-0.009768110023987463,0.04177506981221614
5,MN0272600,"Eden Prairie, MN",violent,0.061378368913264515,0.04354298100574509,0.04176020084260216
6,MN0272600,"Eden Prairie, MN",violent,0.0731202394301756,0.07565430402916147,0.04178553049566423
7,MN0272600,"Eden Prairie, MN",violent,0.07742077716314569,0.07138343843308786,0.041756724822173526
8,MN0272600,"Eden Prairie, MN",violent,0.08304573516707066,0.054401792553183496,0.04178553049566423
9,MN0272600,"Eden Prairie, MN",violent,0.05826335062100446,0.0442908396901569,0.041760200842602166
10,MN0272600,"Eden Prairie, MN",violent,0.009030746272720444,0.02434887516266705,0.04177506981221614
11,MN0272600,"Eden Prairie, MN",violent,-0.02523155287966163,-0.020448853187063184,0.04176020084260215
12,MN0272600,"Eden Prairie, MN",violent,-0.0478903472037861,-0.06714094134915907,0.04178553049566423
1,MN0272700,"Maple Grove, MN",violent,-0.08833770097035916,-0.09906338021658344,0.040516556844333675
2,MN0272700,"Maple Grove, MN",violent,-0.11919255120067358,-0.12575329443877317,0.04053900666403266
3,MN0272700,"Maple Grove, MN",violent,-0.08349324284739391,-0.07589049245640875,0.040521014130286935
4,MN0272700,"Maple Grove, MN",violent,0.0018861775344930175,0.0038321256999135547,0.04051335244431639
5,MN0272700,"Maple Grove, MN",violent,0.061378368913264515,0.05709712112186375,0.04052101413028694
6,MN0272700,"Maple Grove, MN",violent,0.0731202394301756,0.07537573140031494,0.04053900666403266
7,MN0272700,"Maple Grove, MN",violent,0.07742077716314569,0.07129963066089548,0.04051655684433367
8,MN0272700,"Maple Grove, MN",violent,0.08304573516707066,0.05037969434765945,0.040539006664032665
9,MN0272700,"Maple Grove, MN",violent,0.05826335062100446,0.028280641920982955,0.04052101413028694
10,MN0272700,"Maple Grove, MN",violent,0.009030746272720444,0.023931623855774374,0.04051335244431639
11,MN0272700,"Maple Grove, MN",violent,-0.02523155287966163,0.01827647896924995,0.040521014130286935
12,MN0272700,"Maple Grove, MN",violent,-0.0478903472037861,-0.02776588086488908,0.04053900666403266
1,MN0550100,"Rochester, MN",violent,-0.08833770097035916,-0.15106206964335456,0.035854267688656974
2,MN0550100,"Rochester, MN",violent,-0.11919255120067358,-0.1698360560154951,0.035904173547987715
3,MN0550100,"Rochester, MN",violent,-0.08349324284739391,-0.12218051129584728,0.035841573899050405
4,MN0550100,"Rochester, MN",violent,0.0018861775344930175,-0.02238016620422527,0.035829640430201246
5,MN0550100,"Rochester, MN",violent,0.061378368913264515,0.07344624235317868,0.035841573899050405
6,MN0550100,"Rochester, MN",violent,0.0731202394301756,0.117751546650879,0.035904173547987715
7,MN0550100,"Rochester, MN",violent,0.07742077716314569,0.11709007817480138,0.035854267688656974
8,MN0550100,"Rochester, MN",violent,0.08304573516707066,0.10594424770252266,0.035904173547987715
9,MN0550100,"Rochester, MN",violent,0.05826335062100446,0.09226069445142802,0.03584157389905041
10,MN0550100,"Rochester, MN",violent,0.009030746272720444,0.05635215767277845,0.035829640430201246
11,MN0550100,"Rochester, MN",violent,-0.02523155287966163,-0.009554434040206294,0.035841573899050405
12,MN0550100,"Rochester, MN",violent,-0.0478903472037861,-0.08783172980645967,0.035904173547987715
1,MN0620900,"St. Paul, MN",violent,-0.08833770097035916,-0.13365934000388238,0.028077244832174865
2,MN0620900,"St. Paul, MN",violent,-0.11919255120067358,-0.16419253442215104,0.02812639112391997
3,MN0620900,"St. Paul, MN",violent,-0.08349324284739391,-0.13166381686840944,0.028102936562506817
4,MN0620900,"St. Paul, MN",violent,0.0018861775344930175,-0.03267410478857705,0.028125971451601978
5,MN0620900,"St. Paul, MN",violent,0.061378368913264515,0.07081176541286756,0.02810293656250682
6,MN0620900,"St. Paul, MN",violent,0.0731202394301756,0.1231825020541979,0.02812639112391997
7,MN0620900,"St. Paul, MN",violent,0.07742077716314569,0.13103821843856575,0.02807724483217486
8,MN0620900,"St. Paul, MN",violent,0.08304573516707066,0.12111571511734255,0.028126391123919972
9,MN0620900,"St. Paul, MN",violent,0.05826335062100446,0.0912081191289176,0.02810293656250682
10,MN0620900,"St. Paul, MN",violent,0.009030746272720444,0.035295226353893684,0.028125971451601978
11,MN0620900,"St. Paul, MN",violent,-0.02523155287966163,-0.027734946108059128,0.028102936562506817
12,MN0620900,"St. Paul, MN",violent,-0.0478903472037861,-0.082726804314706,0.02812639112391997
1,MN0690600,"Duluth, MN",violent,-0.08833770097035916,-0.08457568542588564,0.03524379575748946
2,MN0690600,"Duluth, MN",violent,-0.11919255120067358,-0.11839867328614749,0.03532791246417261
3,MN0690600,"Duluth, MN",violent,-0.08349324284739391,-0.09031786636455182,0.03532363177883396
4,MN0690600,"Duluth, MN",violent,0.0018861775344930175,-0.021823252789097653,0.03534323568651782
5,MN0690600,"Duluth, MN",violent,0.061378368913264515,0.029420056757891142,0.03532363177883396
6,MN0690600,"Duluth, MN",violent,0.0731202394301756,0.06548767414823971,0.03532791246417261
7,MN0690600,"Duluth, MN",violent,0.07742077716314569,0.10894720581779474,0.035243795757489454
8,MN0690600,"Duluth, MN",violent,0.08304573516707066,0.12342689447753628,0.03532791246417261
9,MN0690600,"Duluth, MN",violent,0.05826335062100446,0.07097456716403154,0.035323631778833964
10,MN0690600,"Duluth, MN",violent,0.009030746272720444,-0.0025482676028114534,0.03534323568651782
11,MN0690600,"Duluth, MN",violent,-0.02523155287966163,-0.03444827794927998,0.03532363177883396
12,MN0690600,"Duluth, MN",violent,-0.0478903472037861,-0.04614437494771936,0.03532791246417261
1,MN0730400,"St. Cloud, MN",violent,-0.08833770097035916,-0.10920957307297602,0.03495978834891009
2,MN0730400,"St. Cloud, MN",violent,-0.11919255120067358,-0.13623680210835618,0.03500476642929827
3,MN0730400,"St. Cloud, MN",violent,-0.08349324284739391,-0.11663534700761655,0.034951392750283194
4,MN0730400,"St. Cloud, MN",violent,0.0018861775344930175,-0.0012179618509773587,0.034961258107230345
5,MN0730400,"St. Cloud, MN",violent,0.061378368913264515,0.11181647358175542,0.034951392750283194
6,MN0730400,"St. Cloud, MN",violent,0.0731202394301756,0.11615974331945825,0.03500476642929827
7,MN0730400,"St. Cloud, MN",violent,0.07742077716314569,0.07050611496447619,0.03495978834891009
8,MN0730400,"St. Cloud, MN",violent,0.08304573516707066,0.07727562052811016,0.03500476642929827
9,MN0730400,"St. Cloud, MN",violent,0.05826335062100446,0.09637762353587037,0.0349513927502832
10,MN0730400,"St. Cloud, MN",violent,0.009030746272720444,0.039921419959477206,0.034961258107230345
11,MN0730400,"St. Cloud, MN",violent,-0.02523155287966163,-0.05285529200150946,0.034951392750283194
12,MN0730400,"St. Cloud, MN",violent,-0.0478903472037861,-0.09590201984771207,0.03500476642929827
1,MN0821100,"Woodbury, MN",violent,-0.08833770097035916,-0.11107782280134423,0.040753460033698105
2,MN0821100,"Woodbury, MN",violent,-0.11919255120067358,-0.12124517864315122,0.04078755286960464
3,MN0821100,"Woodbury, MN",violent,-0.08349324284739391,-0.038609912835476407,0.04078190826407742
4,MN0821100,"Woodbury, MN",violent,0.0018861775344930175,0.05844286755741438,0.040796736552425064
5,MN0821100,"Woodbury, MN",violent,0.061378368913264515,0.08423527610547564,0.040781908264077425
6,MN0821100,"Woodbury, MN",violent,0.0731202394301756,0.06960394066216212,0.04078755286960464
7,MN0821100,"Woodbury, MN",violent,0.07742077716314569,0.07342756677785278,0.0407534600336981
8,MN0821100,"Woodbury, MN",violent,0.08304573516707066,0.07071488419151449,0.04078755286960464
9,MN0821100,"Woodbury, MN",violent,0.05826335062100446,0.025729874407331127,0.040781908264077425
10,MN0821100,"Woodbury, MN",violent,0.009030746272720444,-0.02079261153392295,0.040796736552425064
11,MN0821100,"Woodbury, MN",violent,-0.02523155287966163,-0.03370498165383895,0.04078190826407742
12,MN0821100,"Woodbury, MN",violent,-0.0478903472037861,-0.05672390223401677,0.040787552869604636
1,MN0860000,"Wright, MN",violent,-0.08833770097035916,-0.09744275841175762,0.039635121945111734
2,MN0860000,"Wright, MN",violent,-0.11919255120067358,-0.13864394044211817,0.03967972870314108
3,MN0860000,"Wright, MN",violent,-0.08349324284739391,-0.09467996228466918,0.03964207677309169
4,MN0860000,"Wright, MN",violent,0.0018861775344930175,0.013842948840903445,0.039659606204577334
5,MN0860000,"Wright, MN",violent,0.061378368913264515,0.07586890128369007,0.0396420767730917
6,MN0860000,"Wright, MN",violent,0.0731202394301756,0.06617915041889172,0.03967972870314108
7,MN0860000,"Wright, MN",violent,0.07742077716314569,0.064119445829253,0.039635121945111734
8,MN0860000,"Wright, MN",violent,0.08304573516707066,0.09103780339764381,0.03967972870314108
9,MN0860000,"Wright, MN",violent,0.05826335062100446,0.08039713782269946,0.0396420767730917
10,MN0860000,"Wright, MN",violent,0.009030746272720444,0.01948036374160117,0.039659606204577334
11,MN0860000,"Wright, MN",violent,-0.02523155287966163,-0.028262764239215775,0.03964207677309169
12,MN0860000,"Wright, MN",violent,-0.0478903472037861,-0.05189632595692196,0.03967972870314108
1,MO0100200,"Columbia, MO",violent,-0.08833770097035916,-0.1479307080822761,0.03229824651435123
2,MO0100200,"Columbia, MO",violent,-0.11919255120067358,-0.1676776558902621,0.03236913659862503
3,MO0100200,"Columbia, MO",violent,-0.08349324284739391,-0.07782107880180528,0.03227301175588435
4,MO0100200,"Columbia, MO",violent,0.0018861775344930175,0.05915341338829677,0.03230539537597224
5,MO0100200,"Columbia, MO",violent,0.061378368913264515,0.10807445380188815,0.03227301175588435
6,MO0100200,"Columbia, MO",violent,0.0731202394301756,0.0654317936679904,0.03236913659862503
7,MO0100200,"Columbia, MO",violent,0.07742077716314569,0.048649571662419885,0.032298246514351224
8,MO0100200,"Columbia, MO",violent,0.08304573516707066,0.08896588416429124,0.03236913659862503
9,MO0100200,"Columbia, MO",violent,0.05826335062100446,0.09839044349569062,0.03227301175588436
10,MO0100200,"Columbia, MO",violent,0.009030746272720444,0.04012772303155944,0.03230539537597224
11,MO0100200,"Columbia, MO",violent,-0.02523155287966163,-0.02936268207591736,0.03227301175588435
12,MO0100200,"Columbia, MO",violent,-0.0478903472037861,-0.08600115836187572,0.03236913659862503
1,MO0110100,"St Joseph, MO",violent,-0.08833770097035916,-0.03894485724403498,0.03271206503203821
2,MO0110100,"St Joseph, MO",violent,-0.11919255120067358,-0.09724748406485925,0.03274518222303766
3,MO0110100,"St Joseph, MO",violent,-0.08349324284739391,-0.11015791797044273,0.032785482917071375
4,MO0110100,"St Joseph, MO",violent,0.0018861775344930175,-0.04148125687770155,0.03279370595166193
5,MO0110100,"St Joseph, MO",violent,0.061378368913264515,0.014268538921423641,0.03278548291707138
6,MO0110100,"St Joseph, MO",violent,0.0731202394301756,0.019798118654624976,0.03274518222303766
7,MO0110100,"St Joseph, MO",violent,0.07742077716314569,0.05444486679210303,0.032712065032038204
8,MO0110100,"St Joseph, MO",violent,0.08304573516707066,0.12560705590629426,0.03274518222303766
9,MO0110100,"St Joseph, MO",violent,0.05826335062100446,0.12301748026380972,0.03278548291707138
10,MO0110100,"St Joseph, MO",violent,0.009030746272720444,0.025981247329633535,0.03279370595166193
11,MO0110100,"St Joseph, MO",violent,-0.02523155287966163,-0.0426281107628587,0.032785482917071375
12,MO0110100,"St Joseph, MO",violent,-0.0478903472037861,-0.03265768094799196,0.03274518222303766
1,MO0390300,"Springfield, MO",violent,-0.08833770097035916,-0.13973915957524113,0.027728609195983973
2,MO0390300,"Springfield, MO",violent,-0.11919255120067358,-0.17232623379230746,0.027765975801459265
3,MO0390300,"Springfield, MO",violent,-0.08349324284739391,-0.09936965480199472,0.027762476150524885
4,MO0390300,"Springfield, MO",violent,0.0018861775344930175,0.0032980460134698635,0.027767249248910674
5,MO0390300,"Springfield, MO",violent,0.061378368913264515,0.057366616309098235,0.02776247615052489
6,MO0390300,"Springfield, MO",violent,0.0731202394301756,0.0878560797766931,0.027765975801459265
7,MO0390300,"Springfield, MO",violent,0.07742077716314569,0.12574377785107108,0.02772860919598397
8,MO0390300,"Springfield, MO",violent,0.08304573516707066,0.12649274423841356,0.02776597580145927
9,MO0390300,"Springfield, MO",violent,0.05826335062100446,0.06753154697227089,0.02776247615052489
10,MO0390300,"Springfield, MO",violent,0.009030746272720444,0.010697335710700183,0.027767249248910674
11,MO0390300,"Springfield, MO",violent,-0.02523155287966163,-0.011533126755204392,0.027762476150524885
12,MO0390300,"Springfield, MO",violent,-0.0478903472037861,-0.05601797194696916,0.027765975801459265
1,MO0480100,"Blue Springs, MO",violent,-0.08833770097035916,-0.1265910167604862,0.038491998091149296
2,MO0480100,"Blue Springs, MO",violent,-0.11919255120067358,-0.14100633829316622,0.03850601921839364
3,MO0480100,"Blue Springs, MO",violent,-0.08349324284739391,-0.05102826528762723,0.03849334999754222
4,MO0480100,"Blue Springs, MO",violent,0.0018861775344930175,0.07037351622965324,0.03849853459144769
5,MO0480100,"Blue Springs, MO",violent,0.061378368913264515,0.1119050980836182,0.038493349997542226
6,MO0480100,"Blue Springs, MO",violent,0.0731202394301756,0.08222639895545174,0.03850601921839364
7,MO0480100,"Blue Springs, MO",violent,0.07742077716314569,0.06245701392290014,0.038491998091149296
8,MO0480100,"Blue Springs, MO",violent,0.08304573516707066,0.061580535525894424,0.03850601921839364
9,MO0480100,"Blue Springs, MO",violent,0.05826335062100446,0.035736465357941484,0.038493349997542226
10,MO0480100,"Blue Springs, MO",violent,0.009030746272720444,-0.006239513392067171,0.03849853459144769
11,MO0480100,"Blue Springs, MO",violent,-0.02523155287966163,-0.03247929531634646,0.03849334999754222
12,MO0480100,"Blue Springs, MO",violent,-0.0478903472037861,-0.06693459902576596,0.03850601921839364
1,MO0480600,"Independence, MO",violent,-0.08833770097035916,-0.10016758063265777,0.031492000172807656
2,MO0480600,"Independence, MO",violent,-0.11919255120067358,-0.09840994026739078,0.03150393769313577
3,MO0480600,"Independence, MO",violent,-0.08349324284739391,-0.017942899977293914,0.031595012819187925
4,MO0480600,"Independence, MO",violent,0.0018861775344930175,0.057749554093589686,0.03160983224407711
5,MO0480600,"Independence, MO",violent,0.061378368913264515,0.0791704798567799,0.03159501281918793
6,MO0480600,"Independence, MO",violent,0.0731202394301756,0.09956760840644516,0.03150393769313577
7,MO0480600,"Independence, MO",violent,0.07742077716314569,0.12914780178891677,0.031492000172807656
8,MO0480600,"Independence, MO",violent,0.08304573516707066,0.09039012307138092,0.03150393769313577
9,MO0480600,"Independence, MO",violent,0.05826335062100446,-0.019057138374974986,0.03159501281918793
10,MO0480600,"Independence, MO",violent,0.009030746272720444,-0.08672977524984873,0.03160983224407711
11,MO0480600,"Independence, MO",violent,-0.02523155287966163,-0.07115066266077004,0.031595012819187925
12,MO0480600,"Independence, MO",violent,-0.0478903472037861,-0.06256757005417618,0.03150393769313577
1,MO0490700,"Joplin, MO",violent,-0.08833770097035916,-0.12659020357458187,0.03471636807846619
2,MO0490700,"Joplin, MO",violent,-0.11919255120067358,-0.16025843936447653,0.03477778059025818
3,MO0490700,"Joplin, MO",violent,-0.08349324284739391,-0.09997817827100322,0.03475703993189071
4,MO0490700,"Joplin, MO",violent,0.0018861775344930175,1.1036894071484673e-4,0.034766981915093406
5,MO0490700,"Joplin, MO",violent,0.061378368913264515,0.07200033381495631,0.034757039931890714
6,MO0490700,"Joplin, MO",violent,0.0731202394301756,0.11310485205128443,0.03477778059025818
7,MO0490700,"Joplin, MO",violent,0.07742077716314569,0.13075985583529992,0.03471636807846618
8,MO0490700,"Joplin, MO",violent,0.08304573516707066,0.10203250877681957,0.03477778059025818
9,MO0490700,"Joplin, MO",violent,0.05826335062100446,0.03758259542262821,0.034757039931890714
10,MO0490700,"Joplin, MO",violent,0.009030746272720444,-0.004280021201432943,0.034766981915093406
11,MO0490700,"Joplin, MO",violent,-0.02523155287966163,-0.0137744032272994,0.03475703993189071
12,MO0490700,"Joplin, MO",violent,-0.0478903472037861,-0.0507092692029093,0.03477778059025818
1,MO0500000,"Jefferson, MO",violent,-0.08833770097035916,-0.10311526112901494,0.03303698185500179
2,MO0500000,"Jefferson, MO",violent,-0.11919255120067358,-0.1780603135806179,0.03302772333918569
3,MO0500000,"Jefferson, MO",violent,-0.08349324284739391,-0.13900616733840931,0.033024665169806657
4,MO0500000,"Jefferson, MO",violent,0.0018861775344930175,0.010457084481166348,0.03300570201336553
5,MO0500000,"Jefferson, MO",violent,0.061378368913264515,0.0983274092043099,0.03302466516980666
6,MO0500000,"Jefferson, MO",violent,0.0731202394301756,0.06863127567316887,0.03302772333918569
7,MO0500000,"Jefferson, MO",violent,0.07742077716314569,0.05378209222502043,0.03303698185500179
8,MO0500000,"Jefferson, MO",violent,0.08304573516707066,0.10824462725073383,0.03302772333918569
9,MO0500000,"Jefferson, MO",violent,0.05826335062100446,0.11852364991251972,0.03302466516980666
10,MO0500000,"Jefferson, MO",violent,0.009030746272720444,0.038876084422828174,0.03300570201336553
11,MO0500000,"Jefferson, MO",violent,-0.02523155287966163,-0.02851172287442586,0.033024665169806657
12,MO0500000,"Jefferson, MO",violent,-0.0478903472037861,-0.04814875824727928,0.03302772333918569
1,MO0920100,"O'Fallon, MO",violent,-0.08833770097035916,-0.07439222266930344,0.03902441062433225
2,MO0920100,"O'Fallon, MO",violent,-0.11919255120067358,-0.14676635665651427,0.039086144865798
3,MO0920100,"O'Fallon, MO",violent,-0.08349324284739391,-0.09598309056728521,0.03904620504045195
4,MO0920100,"O'Fallon, MO",violent,0.0018861775344930175,0.0062686936817081896,0.03906033015660461
5,MO0920100,"O'Fallon, MO",violent,0.061378368913264515,0.04418187833028225,0.03904620504045195
6,MO0920100,"O'Fallon, MO",violent,0.0731202394301756,0.03575716204670297,0.039086144865798
7,MO0920100,"O'Fallon, MO",violent,0.07742077716314569,0.05048821035817995,0.03902441062433224
8,MO0920100,"O'Fallon, MO",violent,0.08304573516707066,0.06501782064689292,0.039086144865798
9,MO0920100,"O'Fallon, MO",violent,0.05826335062100446,0.03813856686878733,0.039046205040451955
10,MO0920100,"O'Fallon, MO",violent,0.009030746272720444,0.017635318629415277,0.03906033015660461
11,MO0920100,"O'Fallon, MO",violent,-0.02523155287966163,0.03756665767933905,0.03904620504045195
12,MO0920100,"O'Fallon, MO",violent,-0.0478903472037861,0.02208736165179497,0.03908614486579799
1,MO0920300,"St Charles, MO",violent,-0.08833770097035916,-0.07709819834909526,0.037796561330386176
2,MO0920300,"St Charles, MO",violent,-0.11919255120067358,-0.09782137344608911,0.03787600027782927
3,MO0920300,"St Charles, MO",violent,-0.08349324284739391,-0.06353368097503381,0.0378143444248296
4,MO0920300,"St Charles, MO",violent,0.0018861775344930175,-0.012519202806783489,0.037869076937076376
5,MO0920300,"St Charles, MO",violent,0.061378368913264515,0.02416008185616979,0.03781434442482961
6,MO0920300,"St Charles, MO",violent,0.0731202394301756,0.052108067412247994,0.03787600027782927
7,MO0920300,"St Charles, MO",violent,0.07742077716314569,0.07011879891322723,0.03779656133038617
8,MO0920300,"St Charles, MO",violent,0.08304573516707066,0.060488873792201366,0.03787600027782927
9,MO0920300,"St Charles, MO",violent,0.05826335062100446,0.033180580757014085,0.03781434442482961
10,MO0920300,"St Charles, MO",violent,0.009030746272720444,0.019498602242651507,0.037869076937076376
11,MO0920300,"St Charles, MO",violent,-0.02523155287966163,0.013172417797717932,0.0378143444248296
12,MO0920300,"St Charles, MO",violent,-0.0478903472037861,-0.021754967194228206,0.03787600027782927
1,MO0920400,"St Peters, MO",violent,-0.08833770097035916,-0.10759040965708662,0.03839852044410245
2,MO0920400,"St Peters, MO",violent,-0.11919255120067358,-0.08568773731149901,0.038429071790424506
3,MO0920400,"St Peters, MO",violent,-0.08349324284739391,-0.016776275458498722,0.03838582925817722
4,MO0920400,"St Peters, MO",violent,0.0018861775344930175,0.018808893404531478,0.038376110579237524
5,MO0920400,"St Peters, MO",violent,0.061378368913264515,0.023095031364867163,0.038385829258177226
6,MO0920400,"St Peters, MO",violent,0.0731202394301756,0.04209242843892739,0.038429071790424506
7,MO0920400,"St Peters, MO",violent,0.07742077716314569,0.0613588416866555,0.03839852044410244
8,MO0920400,"St Peters, MO",violent,0.08304573516707066,0.04549502234970392,0.038429071790424506
9,MO0920400,"St Peters, MO",violent,0.05826335062100446,0.02281512846713472,0.038385829258177226
10,MO0920400,"St Peters, MO",violent,0.009030746272720444,0.02742267456589961,0.038376110579237524
11,MO0920400,"St Peters, MO",violent,-0.02523155287966163,0.01709768359692789,0.03838582925817722
12,MO0920400,"St Peters, MO",violent,-0.0478903472037861,-0.048131281447563325,0.038429071790424506
1,MO0950000,"St Louis, MO",violent,-0.08833770097035916,-0.09718750677837766,0.02808024878240054
2,MO0950000,"St Louis, MO",violent,-0.11919255120067358,-0.1284629208765028,0.02815447693518857
3,MO0950000,"St Louis, MO",violent,-0.08349324284739391,-0.11033618690400313,0.02812978293089666
4,MO0950000,"St Louis, MO",violent,0.0018861775344930175,-0.016641942993831343,0.028161238445328106
5,MO0950000,"St Louis, MO",violent,0.061378368913264515,0.07827557206027527,0.028129782930896664
6,MO0950000,"St Louis, MO",violent,0.0731202394301756,0.10302534868327667,0.02815447693518857
7,MO0950000,"St Louis, MO",violent,0.07742077716314569,0.08846995789607527,0.028080248782400535
8,MO0950000,"St Louis, MO",violent,0.08304573516707066,0.08765828732399986,0.028154476935188574
9,MO0950000,"St Louis, MO",violent,0.05826335062100446,0.07824910223380259,0.028129782930896664
10,MO0950000,"St Louis, MO",violent,0.009030746272720444,0.025359491876133736,0.028161238445328106
11,MO0950000,"St Louis, MO",violent,-0.02523155287966163,-0.037470938507772396,0.02812978293089666
12,MO0950000,"St Louis, MO",violent,-0.0478903472037861,-0.07093826401307611,0.02815447693518857
1,MOKPD0000,"Kansas City, MO",violent,-0.08833770097035916,-0.13204207568575171,0.026314630827514434
2,MOKPD0000,"Kansas City, MO",violent,-0.11919255120067358,-0.1839851950580883,0.026344748443288428
3,MOKPD0000,"Kansas City, MO",violent,-0.08349324284739391,-0.11915543892594194,0.026342982522572878
4,MOKPD0000,"Kansas City, MO",violent,0.0018861775344930175,0.02109412824601077,0.0263459594778578
5,MOKPD0000,"Kansas City, MO",violent,0.061378368913264515,0.10717879844701256,0.02634298252257288
6,MOKPD0000,"Kansas City, MO",violent,0.0731202394301756,0.11735583746366675,0.026344748443288428
7,MOKPD0000,"Kansas City, MO",violent,0.07742077716314569,0.12194181693134687,0.02631463082751443
8,MOKPD0000,"Kansas City, MO",violent,0.08304573516707066,0.12208129499642958,0.026344748443288428
9,MOKPD0000,"Kansas City, MO",violent,0.05826335062100446,0.06735179761868809,0.026342982522572885
10,MOKPD0000,"Kansas City, MO",violent,0.009030746272720444,-0.010993869491605916,0.0263459594778578
11,MOKPD0000,"Kansas City, MO",violent,-0.02523155287966163,-0.0452748983853539,0.026342982522572878
12,MOKPD0000,"Kansas City, MO",violent,-0.0478903472037861,-0.06555219615641283,0.026344748443288428
1,MOSPD0000,"St Louis, MO",violent,-0.08833770097035916,-0.1737294266353844,0.026772340937031538
2,MOSPD0000,"St Louis, MO",violent,-0.11919255120067358,-0.21133583979153386,0.026801524990718327
3,MOSPD0000,"St Louis, MO",violent,-0.08349324284739391,-0.1384032251122973,0.026780247325214578
4,MOSPD0000,"St Louis, MO",violent,0.0018861775344930175,0.004412084955335501,0.026764800067648645
5,MOSPD0000,"St Louis, MO",violent,0.061378368913264515,0.11875063848527964,0.02678024732521458
6,MOSPD0000,"St Louis, MO",violent,0.0731202394301756,0.15859939317984684,0.026801524990718327
7,MOSPD0000,"St Louis, MO",violent,0.07742077716314569,0.14675589403138153,0.026772340937031534
8,MOSPD0000,"St Louis, MO",violent,0.08304573516707066,0.11164271445074386,0.026801524990718327
9,MOSPD0000,"St Louis, MO",violent,0.05826335062100446,0.06568363237551016,0.02678024732521458
10,MOSPD0000,"St Louis, MO",violent,0.009030746272720444,0.02256144764866735,0.026764800067648645
11,MOSPD0000,"St Louis, MO",violent,-0.02523155287966163,-0.019057513144489703,0.026780247325214578
12,MOSPD0000,"St Louis, MO",violent,-0.0478903472037861,-0.0858798004430596,0.026801524990718327
1,MS0170100,"Southaven, MS",violent,-0.08833770097035916,-0.03951014094004227,0.03843270132269227
2,MS0170100,"Southaven, MS",violent,-0.11919255120067358,-0.08517259816762102,0.03850501060433571
3,MS0170100,"Southaven, MS",violent,-0.08349324284739391,-0.09029353324527321,0.03849657419778559
4,MS0170100,"Southaven, MS",violent,0.0018861775344930175,-0.0010257705752863186,0.03855153888209705
5,MS0170100,"Southaven, MS",violent,0.061378368913264515,0.0991301139926713,0.0384965741977856
6,MS0170100,"Southaven, MS",violent,0.0731202394301756,0.1136501780478642,0.03850501060433571
7,MS0170100,"Southaven, MS",violent,0.07742077716314569,0.06989227233041231,0.03843270132269226
8,MS0170100,"Southaven, MS",violent,0.08304573516707066,0.03814791445331863,0.03850501060433572
9,MS0170100,"Southaven, MS",violent,0.05826335062100446,0.012886718140600804,0.0384965741977856
10,MS0170100,"Southaven, MS",violent,0.009030746272720444,-0.029356360815083717,0.03855153888209705
11,MS0170100,"Southaven, MS",violent,-0.02523155287966163,-0.052105430278368926,0.03849657419778559
12,MS0170100,"Southaven, MS",violent,-0.0478903472037861,-0.0362433629431918,0.03850501060433571
1,MT0070100,"Great Falls, MT",violent,-0.08833770097035916,-0.12606012298946462,0.03443350809832443
2,MT0070100,"Great Falls, MT",violent,-0.11919255120067358,-0.09887604028069284,0.034498195398559306
3,MT0070100,"Great Falls, MT",violent,-0.08349324284739391,-0.05021095308727853,0.03446547018137493
4,MT0070100,"Great Falls, MT",violent,0.0018861775344930175,0.010072374278099705,0.03446122847259287
5,MT0070100,"Great Falls, MT",violent,0.061378368913264515,0.06509454541572722,0.03446547018137493
6,MT0070100,"Great Falls, MT",violent,0.0731202394301756,0.09836558615491331,0.034498195398559306
7,MT0070100,"Great Falls, MT",violent,0.07742077716314569,0.10927209784677663,0.03443350809832443
8,MT0070100,"Great Falls, MT",violent,0.08304573516707066,0.10278336102139402,0.03449819539855931
9,MT0070100,"Great Falls, MT",violent,0.05826335062100446,0.0709062989706677,0.034465470181374934
10,MT0070100,"Great Falls, MT",violent,0.009030746272720444,0.006715650864588292,0.03446122847259287
11,MT0070100,"Great Falls, MT",violent,-0.02523155287966163,-0.06900186615642842,0.03446547018137493
12,MT0070100,"Great Falls, MT",violent,-0.0478903472037861,-0.11906093203830244,0.034498195398559306
1,MT0160100,"Bozeman, MT",violent,-0.08833770097035916,-0.09737065240585664,0.036752420126996824
2,MT0160100,"Bozeman, MT",violent,-0.11919255120067358,-0.11955767459238834,0.03681565824752642
3,MT0160100,"Bozeman, MT",violent,-0.08349324284739391,-0.08167526278882571,0.03676551567019877
4,MT0160100,"Bozeman, MT",violent,0.0018861775344930175,-0.003803691558238383,0.036805221521379924
5,MT0160100,"Bozeman, MT",violent,0.061378368913264515,0.05724423867299097,0.03676551567019878
6,MT0160100,"Bozeman, MT",violent,0.0731202394301756,0.07679357420192706,0.03681565824752642
7,MT0160100,"Bozeman, MT",violent,0.07742077716314569,0.07536204760935455,0.03675242012699682
8,MT0160100,"Bozeman, MT",violent,0.08304573516707066,0.06970615384495472,0.03681565824752642
9,MT0160100,"Bozeman, MT",violent,0.05826335062100446,0.053832346837894174,0.03676551567019878
10,MT0160100,"Bozeman, MT",violent,0.009030746272720444,0.025812296354740458,0.036805221521379924
11,MT0160100,"Bozeman, MT",violent,-0.02523155287966163,-0.007392717925557395,0.03676551567019877
12,MT0160100,"Bozeman, MT",violent,-0.0478903472037861,-0.048950658250995475,0.03681565824752642
1,MT0320100,"Missoula, MT",violent,-0.08833770097035916,-0.12183117007196381,0.03317202257704364
2,MT0320100,"Missoula, MT",violent,-0.11919255120067358,-0.14680840765205305,0.03323919052683796
3,MT0320100,"Missoula, MT",violent,-0.08349324284739391,-0.09253263796396953,0.03319947670400338
4,MT0320100,"Missoula, MT",violent,0.0018861775344930175,-0.003285870763869593,0.033245479939244156
5,MT0320100,"Missoula, MT",violent,0.061378368913264515,0.056851258435047146,0.03319947670400338
6,MT0320100,"Missoula, MT",violent,0.0731202394301756,0.09449659166773892,0.03323919052683796
7,MT0320100,"Missoula, MT",violent,0.07742077716314569,0.1298044000336387,0.03317202257704363
8,MT0320100,"Missoula, MT",violent,0.08304573516707066,0.12766404283946867,0.03323919052683796
9,MT0320100,"Missoula, MT",violent,0.05826335062100446,0.06541504318971025,0.03319947670400338
10,MT0320100,"Missoula, MT",violent,0.009030746272720444,-0.004687359197805314,0.033245479939244156
11,MT0320100,"Missoula, MT",violent,-0.02523155287966163,-0.037706893622462795,0.03319947670400338
12,MT0320100,"Missoula, MT",violent,-0.0478903472037861,-0.06737899689347956,0.03323919052683796
1,MT0560100,"Billings, MT",violent,-0.08833770097035916,-0.12885655643782112,0.030320426096136725
2,MT0560100,"Billings, MT",violent,-0.11919255120067358,-0.10835291217226325,0.030329203562823776
3,MT0560100,"Billings, MT",violent,-0.08349324284739391,-0.06854713797546609,0.030306223713470064
4,MT0560100,"Billings, MT",violent,0.0018861775344930175,-0.006247100828191928,0.030325343483519836
5,MT0560100,"Billings, MT",violent,0.061378368913264515,0.06588289990048196,0.030306223713470068
6,MT0560100,"Billings, MT",violent,0.0731202394301756,0.09614540940632438,0.030329203562823776
7,MT0560100,"Billings, MT",violent,0.07742077716314569,0.07397755485677092,0.03032042609613672
8,MT0560100,"Billings, MT",violent,0.08304573516707066,0.05777658304822261,0.030329203562823776
9,MT0560100,"Billings, MT",violent,0.05826335062100446,0.07284981043247567,0.03030622371347007
10,MT0560100,"Billings, MT",violent,0.009030746272720444,0.06112610240924214,0.030325343483519836
11,MT0560100,"Billings, MT",violent,-0.02523155287966163,-0.015306570776441363,0.030306223713470064
12,MT0560100,"Billings, MT",violent,-0.0478903472037861,-0.1004480818633339,0.030329203562823776
1,NB0280000,"Douglas, NE",violent,-0.08833770097035916,-0.06869345239307528,0.03977938483878311
2,NB0280000,"Douglas, NE",violent,-0.11919255120067358,-0.11710496121999694,0.039844165522551926
3,NB0280000,"Douglas, NE",violent,-0.08349324284739391,-0.0845976948360532,0.03982341456800542
4,NB0280000,"Douglas, NE",violent,0.0018861775344930175,0.0012892415096614302,0.039845490704536086
5,NB0280000,"Douglas, NE",violent,0.061378368913264515,0.039105379188764874,0.03982341456800543
6,NB0280000,"Douglas, NE",violent,0.0731202394301756,0.0365369320741812,0.039844165522551926
7,NB0280000,"Douglas, NE",violent,0.07742077716314569,0.0708939989131891,0.039779384838783106
8,NB0280000,"Douglas, NE",violent,0.08304573516707066,0.11434615803849935,0.039844165522551926
9,NB0280000,"Douglas, NE",violent,0.05826335062100446,0.0796383451344418,0.03982341456800543
10,NB0280000,"Douglas, NE",violent,0.009030746272720444,-0.0034897880297752545,0.039845490704536086
11,NB0280000,"Douglas, NE",violent,-0.02523155287966163,-0.03634657600726732,0.03982341456800542
12,NB0280000,"Douglas, NE",violent,-0.0478903472037861,-0.03157758237256976,0.039844165522551926
1,NB0280200,"Omaha, NE",violent,-0.08833770097035916,-0.14558195210015484,0.027677510253678452
2,NB0280200,"Omaha, NE",violent,-0.11919255120067358,-0.15387040583663536,0.027698893168803713
3,NB0280200,"Omaha, NE",violent,-0.08349324284739391,-0.10746797781137868,0.027688368727265374
4,NB0280200,"Omaha, NE",violent,0.0018861775344930175,-0.0034561931922345254,0.02768791989393171
5,NB0280200,"Omaha, NE",violent,0.061378368913264515,0.09514724230619342,0.027688368727265378
6,NB0280200,"Omaha, NE",violent,0.0731202394301756,0.12674213899673165,0.027698893168803713
7,NB0280200,"Omaha, NE",violent,0.07742077716314569,0.1108835043654893,0.02767751025367845
8,NB0280200,"Omaha, NE",violent,0.08304573516707066,0.09970063887217792,0.027698893168803713
9,NB0280200,"Omaha, NE",violent,0.05826335062100446,0.08799665858158678,0.027688368727265378
10,NB0280200,"Omaha, NE",violent,0.009030746272720444,0.03815464092690006,0.02768791989393171
11,NB0280200,"Omaha, NE",violent,-0.02523155287966163,-0.040977475341736055,0.027688368727265374
12,NB0280200,"Omaha, NE",violent,-0.0478903472037861,-0.1072708197669397,0.027698893168803713
1,NB0400100,"Grand Island, NE",violent,-0.08833770097035916,-0.10680935464984544,0.036137463842580014
2,NB0400100,"Grand Island, NE",violent,-0.11919255120067358,-0.14625279243734768,0.036224795689612496
3,NB0400100,"Grand Island, NE",violent,-0.08349324284739391,-0.0883045567870661,0.036153119387122054
4,NB0400100,"Grand Island, NE",violent,0.0018861775344930175,0.017134935717747303,0.03621801052184563
5,NB0400100,"Grand Island, NE",violent,0.061378368913264515,0.07153542749153453,0.036153119387122054
6,NB0400100,"Grand Island, NE",violent,0.0731202394301756,0.07462563915377826,0.036224795689612496
7,NB0400100,"Grand Island, NE",violent,0.07742077716314569,0.08409973443338142,0.03613746384258001
8,NB0400100,"Grand Island, NE",violent,0.08304573516707066,0.09142614660255659,0.036224795689612496
9,NB0400100,"Grand Island, NE",violent,0.05826335062100446,0.05618753116873902,0.03615311938712206
10,NB0400100,"Grand Island, NE",violent,0.009030746272720444,0.005574684498716694,0.03621801052184563
11,NB0400100,"Grand Island, NE",violent,-0.02523155287966163,-0.0167087816567435,0.036153119387122054
12,NB0400100,"Grand Island, NE",violent,-0.0478903472037861,-0.04250861353545113,0.036224795689612496
1,NB0550100,"Lincoln, NE",violent,-0.08833770097035916,-0.14461337743140396,0.029378115577135905
2,NB0550100,"Lincoln, NE",violent,-0.11919255120067358,-0.13989404776299047,0.029452015061836853
3,NB0550100,"Lincoln, NE",violent,-0.08349324284739391,-0.06644313010299742,0.029422512418287822
4,NB0550100,"Lincoln, NE",violent,0.0018861775344930175,0.00945151046929308,0.029416116343585742
5,NB0550100,"Lincoln, NE",violent,0.061378368913264515,0.04823831820526285,0.029422512418287826
6,NB0550100,"Lincoln, NE",violent,0.0731202394301756,0.08274856129567712,0.029452015061836853
7,NB0550100,"Lincoln, NE",violent,0.07742077716314569,0.12627911344253412,0.0293781155771359
8,NB0550100,"Lincoln, NE",violent,0.08304573516707066,0.1306526427310198,0.029452015061836853
9,NB0550100,"Lincoln, NE",violent,0.05826335062100446,0.07553598905989659,0.029422512418287826
10,NB0550100,"Lincoln, NE",violent,0.009030746272720444,0.008882753519576727,0.029416116343585742
11,NB0550100,"Lincoln, NE",violent,-0.02523155287966163,-0.03899691317329223,0.029422512418287822
12,NB0550100,"Lincoln, NE",violent,-0.0478903472037861,-0.09184142025257619,0.029452015061836853
1,NB0770000,"Sarpy, NE",violent,-0.08833770097035916,-0.08153145575802831,0.04194253325408052
2,NB0770000,"Sarpy, NE",violent,-0.11919255120067358,-0.0990939061441272,0.041956380092172625
3,NB0770000,"Sarpy, NE",violent,-0.08349324284739391,-0.06355426263986116,0.04194934766060528
4,NB0770000,"Sarpy, NE",violent,0.0018861775344930175,-0.0015572886231251396,0.041934718854371444
5,NB0770000,"Sarpy, NE",violent,0.061378368913264515,0.04802966622660416,0.041949347660605284
6,NB0770000,"Sarpy, NE",violent,0.0731202394301756,0.0707196500284773,0.041956380092172625
7,NB0770000,"Sarpy, NE",violent,0.07742077716314569,0.06896554213678076,0.04194253325408051
8,NB0770000,"Sarpy, NE",violent,0.08304573516707066,0.0490369653254152,0.041956380092172625
9,NB0770000,"Sarpy, NE",violent,0.05826335062100446,0.026063235442396703,0.04194934766060529
10,NB0770000,"Sarpy, NE",violent,0.009030746272720444,0.014123202244372681,0.041934718854371444
11,NB0770000,"Sarpy, NE",violent,-0.02523155287966163,0.002027274592107831,0.041949347660605284
12,NB0770000,"Sarpy, NE",violent,-0.0478903472037861,-0.033228622831012786,0.041956380092172625
1,NB0770100,"Bellevue, NE",violent,-0.08833770097035916,-0.06385803728070011,0.03963179435112663
2,NB0770100,"Bellevue, NE",violent,-0.11919255120067358,-0.11610105084949054,0.03968419036237831
3,NB0770100,"Bellevue, NE",violent,-0.08349324284739391,-0.11915479964305781,0.0396913442217693
4,NB0770100,"Bellevue, NE",violent,0.0018861775344930175,-0.0427161576762502,0.03970047811919099
5,NB0770100,"Bellevue, NE",violent,0.061378368913264515,0.043692163412240165,0.03969134422176931
6,NB0770100,"Bellevue, NE",violent,0.0731202394301756,0.07523620436675378,0.03968419036237831
7,NB0770100,"Bellevue, NE",violent,0.07742077716314569,0.0759008030124001,0.03963179435112663
8,NB0770100,"Bellevue, NE",violent,0.08304573516707066,0.08278084188983004,0.03968419036237831
9,NB0770100,"Bellevue, NE",violent,0.05826335062100446,0.07379182495169731,0.039691344221769315
10,NB0770100,"Bellevue, NE",violent,0.009030746272720444,0.0306733919445502,0.03970047811919099
11,NB0770100,"Bellevue, NE",violent,-0.02523155287966163,-0.010371954452579706,0.0396913442217693
12,NB0770100,"Bellevue, NE",violent,-0.0478903472037861,-0.02987322967539325,0.03968419036237831
1,NC0010100,"Burlington, NC",violent,-0.08833770097035916,-0.1187956711853099,0.032526389593517266
2,NC0010100,"Burlington, NC",violent,-0.11919255120067358,-0.1696188373717415,0.032564865232825584
3,NC0010100,"Burlington, NC",violent,-0.08349324284739391,-0.10925521199271687,0.03251121535717702
4,NC0010100,"Burlington, NC",violent,0.0018861775344930175,0.03141722184189137,0.03253934122534424
5,NC0010100,"Burlington, NC",violent,0.061378368913264515,0.1032024965439437,0.03251121535717702
6,NC0010100,"Burlington, NC",violent,0.0731202394301756,0.07745315846646782,0.032564865232825584
7,NC0010100,"Burlington, NC",violent,0.07742077716314569,0.06730300333879449,0.03252638959351726
8,NC0010100,"Burlington, NC",violent,0.08304573516707066,0.1037320288330044,0.032564865232825584
9,NC0010100,"Burlington, NC",violent,0.05826335062100446,0.09486107130049522,0.03251121535717703
10,NC0010100,"Burlington, NC",violent,0.009030746272720444,0.020075446004624044,0.03253934122534424
11,NC0010100,"Burlington, NC",violent,-0.02523155287966163,-0.03731568800520669,0.03251121535717702
12,NC0010100,"Burlington, NC",violent,-0.0478903472037861,-0.06305901777424613,0.032564865232825584
1,NC0110000,"Buncombe, NC",violent,-0.08833770097035916,-0.04279573353824173,0.036692612560502845
2,NC0110000,"Buncombe, NC",violent,-0.11919255120067358,-0.05745656293940225,0.036752978526079276
3,NC0110000,"Buncombe, NC",violent,-0.08349324284739391,-0.056886013224425214,0.0367118423860512
4,NC0110000,"Buncombe, NC",violent,0.0018861775344930175,-0.0017341508106104946,0.036719035603295674
5,NC0110000,"Buncombe, NC",violent,0.061378368913264515,0.06228757643951789,0.036711842386051206
6,NC0110000,"Buncombe, NC",violent,0.0731202394301756,0.06573949056398071,0.036752978526079276
7,NC0110000,"Buncombe, NC",violent,0.07742077716314569,0.03038906482474289,0.036692612560502845
8,NC0110000,"Buncombe, NC",violent,0.08304573516707066,0.022534681023469578,0.036752978526079276
9,NC0110000,"Buncombe, NC",violent,0.05826335062100446,0.03437080002199139,0.036711842386051206
10,NC0110000,"Buncombe, NC",violent,0.009030746272720444,0.014140819524109345,0.036719035603295674
11,NC0110000,"Buncombe, NC",violent,-0.02523155287966163,-0.027365694523585234,0.0367118423860512
12,NC0110000,"Buncombe, NC",violent,-0.0478903472037861,-0.043224277361546895,0.036752978526079276
1,NC0110100,"Asheville, NC",violent,-0.08833770097035916,-0.11414773340853517,0.030923369377198473
2,NC0110100,"Asheville, NC",violent,-0.11919255120067358,-0.14365065095030835,0.03093293529860832
3,NC0110100,"Asheville, NC",violent,-0.08349324284739391,-0.11886588550207895,0.030938824219625825
4,NC0110100,"Asheville, NC",violent,0.0018861775344930175,-0.022758336342143956,0.03093934175567882
5,NC0110100,"Asheville, NC",violent,0.061378368913264515,0.08206854886656678,0.030938824219625828
6,NC0110100,"Asheville, NC",violent,0.0731202394301756,0.12718652203980887,0.03093293529860832
7,NC0110100,"Asheville, NC",violent,0.07742077716314569,0.11893990090018894,0.03092336937719847
8,NC0110100,"Asheville, NC",violent,0.08304573516707066,0.09812427472871885,0.03093293529860832
9,NC0110100,"Asheville, NC",violent,0.05826335062100446,0.0685473417888357,0.030938824219625828
10,NC0110100,"Asheville, NC",violent,0.009030746272720444,0.017966168850490197,0.03093934175567882
11,NC0110100,"Asheville, NC",violent,-0.02523155287966163,-0.03654217264497733,0.030938824219625825
12,NC0110100,"Asheville, NC",violent,-0.0478903472037861,-0.07686797832656558,0.03093293529860832
1,NC0130100,"Concord, NC",violent,-0.08833770097035916,-0.06428302396422317,0.03861145579229856
2,NC0130100,"Concord, NC",violent,-0.11919255120067358,-0.09395024418002966,0.03862763930635582
3,NC0130100,"Concord, NC",violent,-0.08349324284739391,-0.055818343884445426,0.03859350931611991
4,NC0130100,"Concord, NC",violent,0.0018861775344930175,0.005826811937166182,0.03857946951382268
5,NC0130100,"Concord, NC",violent,0.061378368913264515,0.03218885752194743,0.03859350931611991
6,NC0130100,"Concord, NC",violent,0.0731202394301756,0.034748082164025064,0.03862763930635582
7,NC0130100,"Concord, NC",violent,0.07742077716314569,0.04619393195964425,0.038611455792298556
8,NC0130100,"Concord, NC",violent,0.08304573516707066,0.05153658978504955,0.03862763930635583
9,NC0130100,"Concord, NC",violent,0.05826335062100446,0.031493781494044214,0.03859350931611992
10,NC0130100,"Concord, NC",violent,0.009030746272720444,0.012262280067412727,0.03857946951382268
11,NC0130100,"Concord, NC",violent,-0.02523155287966163,0.01022479687303264,0.03859350931611991
12,NC0130100,"Concord, NC",violent,-0.0478903472037861,-0.01042351977362382,0.03862763930635582
1,NC0130200,"Kannapolis, NC",violent,-0.08833770097035916,-0.0759628122255164,0.03871802904618718
2,NC0130200,"Kannapolis, NC",violent,-0.11919255120067358,-0.1220680329279232,0.03873127894315379
3,NC0130200,"Kannapolis, NC",violent,-0.08349324284739391,-0.08495038719639939,0.038749127957772675
4,NC0130200,"Kannapolis, NC",violent,0.0018861775344930175,0.002325099965883862,0.03873843673077181
5,NC0130200,"Kannapolis, NC",violent,0.061378368913264515,0.04854429940659756,0.03874912795777268
6,NC0130200,"Kannapolis, NC",violent,0.0731202394301756,0.05618099310978869,0.03873127894315379
7,NC0130200,"Kannapolis, NC",violent,0.07742077716314569,0.08093611148715701,0.03871802904618717
8,NC0130200,"Kannapolis, NC",violent,0.08304573516707066,0.09949800754156793,0.03873127894315379
9,NC0130200,"Kannapolis, NC",violent,0.05826335062100446,0.05740706254840349,0.03874912795777268
10,NC0130200,"Kannapolis, NC",violent,0.009030746272720444,-0.007298399227524488,0.03873843673077181
11,NC0130200,"Kannapolis, NC",violent,-0.02523155287966163,-0.025974274020242313,0.038749127957772675
12,NC0130200,"Kannapolis, NC",violent,-0.0478903472037861,-0.02863766846179275,0.03873127894315379
1,NC0320100,"Durham, NC",violent,-0.08833770097035916,-0.09826001416875041,0.027968416822866115
2,NC0320100,"Durham, NC",violent,-0.11919255120067358,-0.16252328671506389,0.028041611546312215
3,NC0320100,"Durham, NC",violent,-0.08349324284739391,-0.11717277657029063,0.02802159104492773
4,NC0320100,"Durham, NC",violent,0.0018861775344930175,0.0016154988474151285,0.028044071674476142
5,NC0320100,"Durham, NC",violent,0.061378368913264515,0.0729606281338381,0.028021591044927737
6,NC0320100,"Durham, NC",violent,0.0731202394301756,0.07104021126499069,0.028041611546312215
7,NC0320100,"Durham, NC",violent,0.07742077716314569,0.0663649865809777,0.02796841682286611
8,NC0320100,"Durham, NC",violent,0.08304573516707066,0.07856759735964149,0.028041611546312215
9,NC0320100,"Durham, NC",violent,0.05826335062100446,0.06511211480264094,0.028021591044927737
10,NC0320100,"Durham, NC",violent,0.009030746272720444,0.030279528740357563,0.028044071674476142
11,NC0320100,"Durham, NC",violent,-0.02523155287966163,0.010995061221584224,0.02802159104492773
12,NC0320100,"Durham, NC",violent,-0.0478903472037861,-0.018979549497340948,0.028041611546312215
1,NC0330100,"Rocky Mount, NC",violent,-0.08833770097035916,-0.10965599761591088,0.03284816138927536
2,NC0330100,"Rocky Mount, NC",violent,-0.11919255120067358,-0.17907841054917997,0.03289559932557866
3,NC0330100,"Rocky Mount, NC",violent,-0.08349324284739391,-0.12605079048843967,0.03284407691505658
4,NC0330100,"Rocky Mount, NC",violent,0.0018861775344930175,0.014846884096104667,0.03287264186700939
5,NC0330100,"Rocky Mount, NC",violent,0.061378368913264515,0.09086768856717756,0.032844076915056586
6,NC0330100,"Rocky Mount, NC",violent,0.0731202394301756,0.06442840549231127,0.03289559932557866
7,NC0330100,"Rocky Mount, NC",violent,0.07742077716314569,0.04403946794109181,0.03284816138927536
8,NC0330100,"Rocky Mount, NC",violent,0.08304573516707066,0.07639489630053581,0.032895599325578666
9,NC0330100,"Rocky Mount, NC",violent,0.05826335062100446,0.08898380591461456,0.032844076915056586
10,NC0330100,"Rocky Mount, NC",violent,0.009030746272720444,0.050769645578714405,0.03287264186700939
11,NC0330100,"Rocky Mount, NC",violent,-0.02523155287966163,0.011815825681466554,0.03284407691505658
12,NC0330100,"Rocky Mount, NC",violent,-0.0478903472037861,-0.027361420918486135,0.032895599325578666
1,NC0340000,"Forsyth, NC",violent,-0.08833770097035916,-0.08108176899882331,0.035309814021924436
2,NC0340000,"Forsyth, NC",violent,-0.11919255120067358,-0.10985538133695517,0.035405855087603216
3,NC0340000,"Forsyth, NC",violent,-0.08349324284739391,-0.09205875195828611,0.03537243849392692
4,NC0340000,"Forsyth, NC",violent,0.0018861775344930175,-0.014245795233965354,0.0353863923253238
5,NC0340000,"Forsyth, NC",violent,0.061378368913264515,0.07937609936379675,0.035372438493926926
6,NC0340000,"Forsyth, NC",violent,0.0731202394301756,0.11494049148691932,0.035405855087603216
7,NC0340000,"Forsyth, NC",violent,0.07742077716314569,0.07714903199564646,0.03530981402192443
8,NC0340000,"Forsyth, NC",violent,0.08304573516707066,0.026347922887763064,0.035405855087603216
9,NC0340000,"Forsyth, NC",violent,0.05826335062100446,0.012484030512270834,0.035372438493926926
10,NC0340000,"Forsyth, NC",violent,0.009030746272720444,0.01817853223714219,0.0353863923253238
11,NC0340000,"Forsyth, NC",violent,-0.02523155287966163,0.004131359085395339,0.03537243849392692
12,NC0340000,"Forsyth, NC",violent,-0.0478903472037861,-0.03536577004090398,0.035405855087603216
1,NC0360600,"Gastonia, NC",violent,-0.08833770097035916,-0.09967509403597452,0.031239195214857986
2,NC0360600,"Gastonia, NC",violent,-0.11919255120067358,-0.13878568094841828,0.031262424477094874
3,NC0360600,"Gastonia, NC",violent,-0.08349324284739391,-0.08588198911861876,0.031246379755143962
4,NC0360600,"Gastonia, NC",violent,0.0018861775344930175,0.04274200743209228,0.03125128915308103
5,NC0360600,"Gastonia, NC",violent,0.061378368913264515,0.11709070068353382,0.031246379755143966
6,NC0360600,"Gastonia, NC",violent,0.0731202394301756,0.0861382503721915,0.031262424477094874
7,NC0360600,"Gastonia, NC",violent,0.07742077716314569,0.04170510189375249,0.03123919521485798
8,NC0360600,"Gastonia, NC",violent,0.08304573516707066,0.04801973922990569,0.031262424477094874
9,NC0360600,"Gastonia, NC",violent,0.05826335062100446,0.0530860395423282,0.031246379755143966
10,NC0360600,"Gastonia, NC",violent,0.009030746272720444,0.01522798471012976,0.03125128915308103
11,NC0360600,"Gastonia, NC",violent,-0.02523155287966163,-0.02632475896502127,0.031246379755143962
12,NC0360600,"Gastonia, NC",violent,-0.0478903472037861,-0.05334230079590092,0.031262424477094874
1,NC0410000,"Guilford, NC",violent,-0.08833770097035916,-0.0492354547299365,0.03588509380486317
2,NC0410000,"Guilford, NC",violent,-0.11919255120067358,-0.12195347171925174,0.03592156201412882
3,NC0410000,"Guilford, NC",violent,-0.08349324284739391,-0.12494638539461562,0.03591228479741569
4,NC0410000,"Guilford, NC",violent,0.0018861775344930175,-0.022155878194169743,0.03590859196431441
5,NC0410000,"Guilford, NC",violent,0.061378368913264515,0.0633056783854188,0.03591228479741569
6,NC0410000,"Guilford, NC",violent,0.0731202394301756,0.052133925401538724,0.03592156201412882
7,NC0410000,"Guilford, NC",violent,0.07742077716314569,0.029109894384964002,0.03588509380486316
8,NC0410000,"Guilford, NC",violent,0.08304573516707066,0.06417432607795562,0.03592156201412882
9,NC0410000,"Guilford, NC",violent,0.05826335062100446,0.087292800098292,0.0359122847974157
10,NC0410000,"Guilford, NC",violent,0.009030746272720444,0.04228143853914226,0.03590859196431441
11,NC0410000,"Guilford, NC",violent,-0.02523155287966163,-0.005526532744122727,0.03591228479741569
12,NC0410000,"Guilford, NC",violent,-0.0478903472037861,-0.014480340105215104,0.03592156201412882
1,NC0410300,"High Point, NC",violent,-0.08833770097035916,-0.10210616868272206,0.031243713202078957
2,NC0410300,"High Point, NC",violent,-0.11919255120067358,-0.16685213922766745,0.031344527967315614
3,NC0410300,"High Point, NC",violent,-0.08349324284739391,-0.13878949398395043,0.03133928644536159
4,NC0410300,"High Point, NC",violent,0.0018861775344930175,-0.038540238220310816,0.031344783903407294
5,NC0410300,"High Point, NC",violent,0.061378368913264515,0.054632216055005574,0.031339286445361596
6,NC0410300,"High Point, NC",violent,0.0731202394301756,0.1005667013626089,0.031344527967315614
7,NC0410300,"High Point, NC",violent,0.07742077716314569,0.10865972171249978,0.03124371320207895
8,NC0410300,"High Point, NC",violent,0.08304573516707066,0.08953967554314254,0.031344527967315614
9,NC0410300,"High Point, NC",violent,0.05826335062100446,0.05492347726964777,0.031339286445361596
10,NC0410300,"High Point, NC",violent,0.009030746272720444,0.03198668519053307,0.031344783903407294
11,NC0410300,"High Point, NC",violent,-0.02523155287966163,0.0226802476295193,0.03133928644536159
12,NC0410300,"High Point, NC",violent,-0.0478903472037861,-0.016700684648306156,0.031344527967315614
1,NC0490000,"Iredell, NC",violent,-0.08833770097035916,-0.1201606708547626,0.03735438372257664
2,NC0490000,"Iredell, NC",violent,-0.11919255120067358,-0.14605891355197603,0.03742102328584206
3,NC0490000,"Iredell, NC",violent,-0.08349324284739391,-0.07071050090137074,0.037408407949997446
4,NC0490000,"Iredell, NC",violent,0.0018861775344930175,0.03233386943095636,0.03739698695398557
5,NC0490000,"Iredell, NC",violent,0.061378368913264515,0.08817293724083211,0.03740840794999745
6,NC0490000,"Iredell, NC",violent,0.0731202394301756,0.10235961154237877,0.03742102328584206
7,NC0490000,"Iredell, NC",violent,0.07742077716314569,0.09481436970831952,0.037354383722576635
8,NC0490000,"Iredell, NC",violent,0.08304573516707066,0.05632140116647191,0.03742102328584206
9,NC0490000,"Iredell, NC",violent,0.05826335062100446,0.006319289662309671,0.03740840794999745
10,NC0490000,"Iredell, NC",violent,0.009030746272720444,-0.00698756828451331,0.03739698695398557
11,NC0490000,"Iredell, NC",violent,-0.02523155287966163,0.0015645751446719607,0.037408407949997446
12,NC0490000,"Iredell, NC",violent,-0.0478903472037861,-0.03796840030331763,0.03742102328584206
1,NC0490100,"Mooresville, NC",violent,-0.08833770097035916,-0.08250859790284654,0.03940711850809433
2,NC0490100,"Mooresville, NC",violent,-0.11919255120067358,-0.11015949120637487,0.03944768104199428
3,NC0490100,"Mooresville, NC",violent,-0.08349324284739391,-0.08645402382104882,0.03944112281044449
4,NC0490100,"Mooresville, NC",violent,0.0018861775344930175,-0.02308268305666007,0.039446461867496244
5,NC0490100,"Mooresville, NC",violent,0.061378368913264515,0.04183923249007397,0.0394411228104445
6,NC0490100,"Mooresville, NC",violent,0.0731202394301756,0.08175016569649103,0.03944768104199428
7,NC0490100,"Mooresville, NC",violent,0.07742077716314569,0.08988621077672845,0.03940711850809433
8,NC0490100,"Mooresville, NC",violent,0.08304573516707066,0.07053270957165898,0.03944768104199428
9,NC0490100,"Mooresville, NC",violent,0.05826335062100446,0.039449629312451016,0.039441122810444505
10,NC0490100,"Mooresville, NC",violent,0.009030746272720444,0.01570507018277814,0.039446461867496244
11,NC0490100,"Mooresville, NC",violent,-0.02523155287966163,-0.002212450855358114,0.0394411228104445
12,NC0490100,"Mooresville, NC",violent,-0.0478903472037861,-0.03474577118789317,0.03944768104199428
1,NC0510000,"Johnston, NC",violent,-0.08833770097035916,-0.06668078295478835,0.0375919821190989
2,NC0510000,"Johnston, NC",violent,-0.11919255120067358,-0.11525218746900746,0.03764748395084342
3,NC0510000,"Johnston, NC",violent,-0.08349324284739391,-0.1045013877936624,0.037624542743065814
4,NC0510000,"Johnston, NC",violent,0.0018861775344930175,0.013384009773344032,0.03764408648677179
5,NC0510000,"Johnston, NC",violent,0.061378368913264515,0.11788441600748095,0.03762454274306582
6,NC0510000,"Johnston, NC",violent,0.0731202394301756,0.10534945786903918,0.03764748395084342
7,NC0510000,"Johnston, NC",violent,0.07742077716314569,0.049428442506690214,0.03759198211909889
8,NC0510000,"Johnston, NC",violent,0.08304573516707066,0.047069729285993574,0.03764748395084342
9,NC0510000,"Johnston, NC",violent,0.05826335062100446,0.05357127005874666,0.03762454274306582
10,NC0510000,"Johnston, NC",violent,0.009030746272720444,0.0038683306747541103,0.03764408648677179
11,NC0510000,"Johnston, NC",violent,-0.02523155287966163,-0.04970195782446707,0.037624542743065814
12,NC0510000,"Johnston, NC",violent,-0.0478903472037861,-0.05441934013412344,0.03764748395084342
1,NC0600100,"Charlotte, NC",violent,-0.08833770097035916,-0.08632317403904186,0.02636815161093664
2,NC0600100,"Charlotte, NC",violent,-0.11919255120067358,-0.12666868352582195,0.026394421098165304
3,NC0600100,"Charlotte, NC",violent,-0.08349324284739391,-0.1051484927010897,0.026411188312816056
4,NC0600100,"Charlotte, NC",violent,0.0018861775344930175,-0.030357173708205926,0.02642867085114961
5,NC0600100,"Charlotte, NC",violent,0.061378368913264515,0.048129750970558736,0.02641118831281606
6,NC0600100,"Charlotte, NC",violent,0.0731202394301756,0.10513282334522037,0.026394421098165304
7,NC0600100,"Charlotte, NC",violent,0.07742077716314569,0.1314270108034336,0.026368151610936637
8,NC0600100,"Charlotte, NC",violent,0.08304573516707066,0.10760660689213053,0.026394421098165304
9,NC0600100,"Charlotte, NC",violent,0.05826335062100446,0.040982579303006555,0.026411188312816063
10,NC0600100,"Charlotte, NC",violent,0.009030746272720444,-0.014746663056185829,0.02642867085114961
11,NC0600100,"Charlotte, NC",violent,-0.02523155287966163,-0.029067674336867366,0.026411188312816056
12,NC0600100,"Charlotte, NC",violent,-0.0478903472037861,-0.04096690994713716,0.026394421098165304
1,NC0600600,"Huntersville, NC",violent,-0.08833770097035916,-0.09409119699467364,0.039565901382993755
2,NC0600600,"Huntersville, NC",violent,-0.11919255120067358,-0.13654131863750954,0.039599985389071495
3,NC0600600,"Huntersville, NC",violent,-0.08349324284739391,-0.10644824322553281,0.039587467812300485
4,NC0600600,"Huntersville, NC",violent,0.0018861775344930175,-0.0026246322183616985,0.03960728282722554
5,NC0600600,"Huntersville, NC",violent,0.061378368913264515,0.09102913553518704,0.03958746781230049
6,NC0600600,"Huntersville, NC",violent,0.0731202394301756,0.11984966817073145,0.039599985389071495
7,NC0600600,"Huntersville, NC",violent,0.07742077716314569,0.10711150371185435,0.039565901382993755
8,NC0600600,"Huntersville, NC",violent,0.08304573516707066,0.08103100044150024,0.039599985389071495
9,NC0600600,"Huntersville, NC",violent,0.05826335062100446,0.037917618312342784,0.03958746781230049
10,NC0600600,"Huntersville, NC",violent,0.009030746272720444,-0.010395674498819039,0.03960728282722554
11,NC0600600,"Huntersville, NC",violent,-0.02523155287966163,-0.035518817339177784,0.039587467812300485
12,NC0600600,"Huntersville, NC",violent,-0.0478903472037861,-0.051319043257541386,0.039599985389071495
1,NC0650000,"New Hanover, NC",violent,-0.08833770097035916,-0.08781378205131324,0.03778212138320915
2,NC0650000,"New Hanover, NC",violent,-0.11919255120067358,-0.10563376778016027,0.03782887987947527
3,NC0650000,"New Hanover, NC",violent,-0.08349324284739391,-0.03355167374440536,0.03777645315987753
4,NC0650000,"New Hanover, NC",violent,0.0018861775344930175,0.0439012678431533,0.03778873722986598
5,NC0650000,"New Hanover, NC",violent,0.061378368913264515,0.03957730975574454,0.037776453159877536
6,NC0650000,"New Hanover, NC",violent,0.0731202394301756,0.013521560654318476,0.03782887987947527
7,NC0650000,"New Hanover, NC",violent,0.07742077716314569,0.047525924961000866,0.03778212138320914
8,NC0650000,"New Hanover, NC",violent,0.08304573516707066,0.08833883229645098,0.03782887987947527
9,NC0650000,"New Hanover, NC",violent,0.05826335062100446,0.05654459535100844,0.037776453159877536
10,NC0650000,"New Hanover, NC",violent,0.009030746272720444,-0.00361341075284095,0.03778873722986598
11,NC0650000,"New Hanover, NC",violent,-0.02523155287966163,-0.022282374272035287,0.03777645315987753
12,NC0650000,"New Hanover, NC",violent,-0.0478903472037861,-0.0365144822609215,0.03782887987947527
1,NC0650200,"Wilmington, NC",violent,-0.08833770097035916,-0.05653805494797262,0.031162184060098404
2,NC0650200,"Wilmington, NC",violent,-0.11919255120067358,-0.11817915065501337,0.031244720613048615
3,NC0650200,"Wilmington, NC",violent,-0.08349324284739391,-0.07651939392288702,0.031232769297597995
4,NC0650200,"Wilmington, NC",violent,0.0018861775344930175,0.02812840954360916,0.031280520541994074
5,NC0650200,"Wilmington, NC",violent,0.061378368913264515,0.07269679466681003,0.031232769297598
6,NC0650200,"Wilmington, NC",violent,0.0731202394301756,0.06270514465824627,0.031244720613048615
7,NC0650200,"Wilmington, NC",violent,0.07742077716314569,0.07676547398064652,0.0311621840600984
8,NC0650200,"Wilmington, NC",violent,0.08304573516707066,0.08624513351455505,0.031244720613048615
9,NC0650200,"Wilmington, NC",violent,0.05826335062100446,0.024357957749754813,0.031232769297598002
10,NC0650200,"Wilmington, NC",violent,0.009030746272720444,-0.04835582857628307,0.031280520541994074
11,NC0650200,"Wilmington, NC",violent,-0.02523155287966163,-0.04076277752635174,0.031232769297597995
12,NC0650200,"Wilmington, NC",violent,-0.0478903472037861,-0.010543708485114024,0.031244720613048615
1,NC0670000,"Onslow, NC",violent,-0.08833770097035916,-0.16166542036749781,0.035704429417719
2,NC0670000,"Onslow, NC",violent,-0.11919255120067358,-0.1916382965472353,0.03570002072065078
3,NC0670000,"Onslow, NC",violent,-0.08349324284739391,-0.09533760715507772,0.03559666873775242
4,NC0670000,"Onslow, NC",violent,0.0018861775344930175,0.06258298042628153,0.03563096573310199
5,NC0670000,"Onslow, NC",violent,0.061378368913264515,0.12928863949811115,0.03559666873775242
6,NC0670000,"Onslow, NC",violent,0.0731202394301756,0.09471527452469955,0.03570002072065078
7,NC0670000,"Onslow, NC",violent,0.07742077716314569,0.07816855418954383,0.035704429417718994
8,NC0670000,"Onslow, NC",violent,0.08304573516707066,0.1068345010581826,0.03570002072065078
9,NC0670000,"Onslow, NC",violent,0.05826335062100446,0.094030677843979,0.03559666873775243
10,NC0670000,"Onslow, NC",violent,0.009030746272720444,0.02091388575167244,0.03563096573310199
11,NC0670000,"Onslow, NC",violent,-0.02523155287966163,-0.04448484400905852,0.03559666873775242
12,NC0670000,"Onslow, NC",violent,-0.0478903472037861,-0.0934083452136008,0.03570002072065078
1,NC0680100,"Chapel Hill, NC",violent,-0.08833770097035916,-0.05896281450616402,0.03956491418484895
2,NC0680100,"Chapel Hill, NC",violent,-0.11919255120067358,-0.1147272656777659,0.03955954623936663
3,NC0680100,"Chapel Hill, NC",violent,-0.08349324284739391,-0.10160772074504944,0.039580097276319406
4,NC0680100,"Chapel Hill, NC",violent,0.0018861775344930175,0.02226689563274039,0.03953567886079352
5,NC0680100,"Chapel Hill, NC",violent,0.061378368913264515,0.1015229515836164,0.03958009727631941
6,NC0680100,"Chapel Hill, NC",violent,0.0731202394301756,0.058971244115161185,0.03955954623936663
7,NC0680100,"Chapel Hill, NC",violent,0.07742077716314569,0.028704243138998754,0.03956491418484895
8,NC0680100,"Chapel Hill, NC",violent,0.08304573516707066,0.08585997973171518,0.03955954623936663
9,NC0680100,"Chapel Hill, NC",violent,0.05826335062100446,0.10299900616616402,0.03958009727631942
10,NC0680100,"Chapel Hill, NC",violent,0.009030746272720444,0.007991675734424917,0.03953567886079352
11,NC0680100,"Chapel Hill, NC",violent,-0.02523155287966163,-0.07265566563756569,0.039580097276319406
12,NC0680100,"Chapel Hill, NC",violent,-0.0478903472037861,-0.06036252953627577,0.03955954623936663
1,NC0740300,"Greenville, NC",violent,-0.08833770097035916,-0.12653721437212812,0.0326876884477341
2,NC0740300,"Greenville, NC",violent,-0.11919255120067358,-0.21399930460599897,0.0327547758006206
3,NC0740300,"Greenville, NC",violent,-0.08349324284739391,-0.11734536337061258,0.032739500658047864
4,NC0740300,"Greenville, NC",violent,0.0018861775344930175,0.03581015453414497,0.032701262040015576
5,NC0740300,"Greenville, NC",violent,0.061378368913264515,0.06985188057247774,0.032739500658047864
6,NC0740300,"Greenville, NC",violent,0.0731202394301756,0.03653232663378292,0.0327547758006206
7,NC0740300,"Greenville, NC",violent,0.07742077716314569,0.06210031074385357,0.03268768844773409
8,NC0740300,"Greenville, NC",violent,0.08304573516707066,0.10241649098713276,0.0327547758006206
9,NC0740300,"Greenville, NC",violent,0.05826335062100446,0.07019945338002086,0.03273950065804787
10,NC0740300,"Greenville, NC",violent,0.009030746272720444,0.02862674909412955,0.032701262040015576
11,NC0740300,"Greenville, NC",violent,-0.02523155287966163,0.04173093304638843,0.032739500658047864
12,NC0740300,"Greenville, NC",violent,-0.0478903472037861,0.010613583356808858,0.0327547758006206
1,NC0920000,"Wake, NC",violent,-0.08833770097035916,-0.08115766999012237,0.035905127297439186
2,NC0920000,"Wake, NC",violent,-0.11919255120067358,-0.1148359807957422,0.03590114008494117
3,NC0920000,"Wake, NC",violent,-0.08349324284739391,-0.052640589470470414,0.03591631643297005
4,NC0920000,"Wake, NC",violent,0.0018861775344930175,0.05504923212016548,0.03591160133705174
5,NC0920000,"Wake, NC",violent,0.061378368913264515,0.08478506527546424,0.03591631643297006
6,NC0920000,"Wake, NC",violent,0.0731202394301756,0.049416197001473726,0.03590114008494117
7,NC0920000,"Wake, NC",violent,0.07742077716314569,0.051112802291999805,0.03590512729743918
8,NC0920000,"Wake, NC",violent,0.08304573516707066,0.07960048247415037,0.03590114008494118
9,NC0920000,"Wake, NC",violent,0.05826335062100446,0.04744995884700118,0.03591631643297006
10,NC0920000,"Wake, NC",violent,0.009030746272720444,-0.025004364422042912,0.03591160133705174
11,NC0920000,"Wake, NC",violent,-0.02523155287966163,-0.04954956695387245,0.03591631643297005
12,NC0920000,"Wake, NC",violent,-0.0478903472037861,-0.04422556637800445,0.03590114008494117
1,NC0920100,"Raleigh, NC",violent,-0.08833770097035916,-0.12765283337578254,0.027976903351243088
2,NC0920100,"Raleigh, NC",violent,-0.11919255120067358,-0.14231518516841524,0.0280120255372377
3,NC0920100,"Raleigh, NC",violent,-0.08349324284739391,-0.10686824462601698,0.02801181570924499
4,NC0920100,"Raleigh, NC",violent,0.0018861775344930175,-0.013194851761865516,0.02801202758112869
5,NC0920100,"Raleigh, NC",violent,0.061378368913264515,0.08834633210340988,0.028011815709244995
6,NC0920100,"Raleigh, NC",violent,0.0731202394301756,0.12571836913273557,0.0280120255372377
7,NC0920100,"Raleigh, NC",violent,0.07742077716314569,0.09785810900924213,0.027976903351243084
8,NC0920100,"Raleigh, NC",violent,0.08304573516707066,0.0679653715727227,0.0280120255372377
9,NC0920100,"Raleigh, NC",violent,0.05826335062100446,0.06231315539686484,0.028011815709244995
10,NC0920100,"Raleigh, NC",violent,0.009030746272720444,0.042989576128405926,0.02801202758112869
11,NC0920100,"Raleigh, NC",violent,-0.02523155287966163,-0.013996518507717376,0.02801181570924499
12,NC0920100,"Raleigh, NC",violent,-0.0478903472037861,-0.0811632799035834,0.0280120255372377
1,NC0920200,"Apex, NC",violent,-0.08833770097035916,-0.07802129168511056,0.04167249946153174
2,NC0920200,"Apex, NC",violent,-0.11919255120067358,-0.1042703039599352,0.04169287814657893
3,NC0920200,"Apex, NC",violent,-0.08349324284739391,-0.05881911464291231,0.04166914359454563
4,NC0920200,"Apex, NC",violent,0.0018861775344930175,0.024455978555137377,0.04167642865801513
5,NC0920200,"Apex, NC",violent,0.061378368913264515,0.06866525061978834,0.041669143594545634
6,NC0920200,"Apex, NC",violent,0.0731202394301756,0.06330851209027621,0.04169287814657893
7,NC0920200,"Apex, NC",violent,0.07742077716314569,0.05314913135023161,0.04167249946153173
8,NC0920200,"Apex, NC",violent,0.08304573516707066,0.04866749950718861,0.04169287814657893
9,NC0920200,"Apex, NC",violent,0.05826335062100446,0.028088470525044686,0.041669143594545634
10,NC0920200,"Apex, NC",violent,0.009030746272720444,4.161817797415708e-4,0.04167642865801513
11,NC0920200,"Apex, NC",violent,-0.02523155287966163,-0.013062446167041797,0.04166914359454563
12,NC0920200,"Apex, NC",violent,-0.0478903472037861,-0.03257786797240855,0.04169287814657893
1,NC0920300,"Cary, NC",violent,-0.08833770097035916,-0.024964613901688495,0.03820478720446964
2,NC0920300,"Cary, NC",violent,-0.11919255120067358,-0.054858391470485234,0.038244987906145556
3,NC0920300,"Cary, NC",violent,-0.08349324284739391,-0.05846735823899845,0.03818416825240042
4,NC0920300,"Cary, NC",violent,0.0018861775344930175,-0.005265691891830459,0.03817246233664951
5,NC0920300,"Cary, NC",violent,0.061378368913264515,0.04851390864707148,0.03818416825240042
6,NC0920300,"Cary, NC",violent,0.0731202394301756,0.04660606230350395,0.038244987906145556
7,NC0920300,"Cary, NC",violent,0.07742077716314569,0.020746784945318567,0.03820478720446963
8,NC0920300,"Cary, NC",violent,0.08304573516707066,0.021264062144878904,0.038244987906145556
9,NC0920300,"Cary, NC",violent,0.05826335062100446,0.029090857869762052,0.03818416825240042
10,NC0920300,"Cary, NC",violent,0.009030746272720444,0.009483520848200392,0.03817246233664951
11,NC0920300,"Cary, NC",violent,-0.02523155287966163,-0.014919579321465155,0.03818416825240042
12,NC0920300,"Cary, NC",violent,-0.0478903472037861,-0.01722956193426754,0.03824498790614555
1,NC0920700,"Wake Forest, NC",violent,-0.08833770097035916,-0.07908385998923927,0.04080220069840732
2,NC0920700,"Wake Forest, NC",violent,-0.11919255120067358,-0.11687899244489094,0.04082508830145011
3,NC0920700,"Wake Forest, NC",violent,-0.08349324284739391,-0.08187439212445166,0.040821389178477926
4,NC0920700,"Wake Forest, NC",violent,0.0018861775344930175,0.009103212653266343,0.04082968598770678
5,NC0920700,"Wake Forest, NC",violent,0.061378368913264515,0.07343327287021122,0.04082138917847793
6,NC0920700,"Wake Forest, NC",violent,0.0731202394301756,0.0843237193240029,0.04082508830145011
7,NC0920700,"Wake Forest, NC",violent,0.07742077716314569,0.07982588391416034,0.04080220069840732
8,NC0920700,"Wake Forest, NC",violent,0.08304573516707066,0.07042823991790638,0.04082508830145011
9,NC0920700,"Wake Forest, NC",violent,0.05826335062100446,0.034681615672546004,0.04082138917847793
10,NC0920700,"Wake Forest, NC",violent,0.009030746272720444,-0.009845236578187436,0.04082968598770678
11,NC0920700,"Wake Forest, NC",violent,-0.02523155287966163,-0.026982520343226683,0.040821389178477926
12,NC0920700,"Wake Forest, NC",violent,-0.0478903472037861,-0.03713094287209721,0.04082508830145011
1,ND0080100,"Bismarck, ND",violent,-0.08833770097035916,-0.08633427111538701,0.03560932230214842
2,ND0080100,"Bismarck, ND",violent,-0.11919255120067358,-0.1302728181974273,0.0357254377970106
3,ND0080100,"Bismarck, ND",violent,-0.08349324284739391,-0.11041522204844662,0.035646684477437726
4,ND0080100,"Bismarck, ND",violent,0.0018861775344930175,0.010305501346777709,0.035716507331822245
5,ND0080100,"Bismarck, ND",violent,0.061378368913264515,0.12241316408174294,0.035646684477437726
6,ND0080100,"Bismarck, ND",violent,0.0731202394301756,0.12357717772563434,0.0357254377970106
7,ND0080100,"Bismarck, ND",violent,0.07742077716314569,0.06757687642314208,0.03560932230214842
8,ND0080100,"Bismarck, ND",violent,0.08304573516707066,0.04857460938598176,0.0357254377970106
9,ND0080100,"Bismarck, ND",violent,0.05826335062100446,0.047474407929245996,0.03564668447743773
10,ND0080100,"Bismarck, ND",violent,0.009030746272720444,0.008451893345467226,0.035716507331822245
11,ND0080100,"Bismarck, ND",violent,-0.02523155287966163,-0.040714955270297414,0.035646684477437726
12,ND0080100,"Bismarck, ND",violent,-0.0478903472037861,-0.06063636360643372,0.0357254377970106
1,ND0090200,"Fargo, ND",violent,-0.08833770097035916,-0.10876257630900336,0.03157840896239827
2,ND0090200,"Fargo, ND",violent,-0.11919255120067358,-0.1445765199833708,0.0316346872531467
3,ND0090200,"Fargo, ND",violent,-0.08349324284739391,-0.11187967632812634,0.031625262038317496
4,ND0090200,"Fargo, ND",violent,0.0018861775344930175,-0.026200049737172035,0.03163717539899276
5,ND0090200,"Fargo, ND",violent,0.061378368913264515,0.04532581042311373,0.031625262038317496
6,ND0090200,"Fargo, ND",violent,0.0731202394301756,0.09110682767548609,0.0316346872531467
7,ND0090200,"Fargo, ND",violent,0.07742077716314569,0.1344572010758618,0.03157840896239826
8,ND0090200,"Fargo, ND",violent,0.08304573516707066,0.14678212768399868,0.0316346872531467
9,ND0090200,"Fargo, ND",violent,0.05826335062100446,0.08839065926189582,0.0316252620383175
10,ND0090200,"Fargo, ND",violent,0.009030746272720444,5.054249703136142e-4,0.03163717539899276
11,ND0090200,"Fargo, ND",violent,-0.02523155287966163,-0.04753141812374166,0.031625262038317496
12,ND0090200,"Fargo, ND",violent,-0.0478903472037861,-0.0676178106092555,0.0316346872531467
1,ND0180100,"Grand Forks, ND",violent,-0.08833770097035916,-0.10658992401572726,0.037096807161952634
2,ND0180100,"Grand Forks, ND",violent,-0.11919255120067358,-0.12639942382075295,0.03714378266095628
3,ND0180100,"Grand Forks, ND",violent,-0.08349324284739391,-0.08690494698181057,0.03710370453594404
4,ND0180100,"Grand Forks, ND",violent,0.0018861775344930175,0.0029777010038651687,0.03712240171148496
5,ND0180100,"Grand Forks, ND",violent,0.061378368913264515,0.07486287046641299,0.03710370453594404
6,ND0180100,"Grand Forks, ND",violent,0.0731202394301756,0.08789139998408282,0.03714378266095628
7,ND0180100,"Grand Forks, ND",violent,0.07742077716314569,0.07463822515898136,0.037096807161952634
8,ND0180100,"Grand Forks, ND",violent,0.08304573516707066,0.07194724527476828,0.03714378266095628
9,ND0180100,"Grand Forks, ND",violent,0.05826335062100446,0.06440446729257182,0.03710370453594405
10,ND0180100,"Grand Forks, ND",violent,0.009030746272720444,0.028973997852880726,0.03712240171148496
11,ND0180100,"Grand Forks, ND",violent,-0.02523155287966163,-0.020410691920428364,0.03710370453594404
12,ND0180100,"Grand Forks, ND",violent,-0.0478903472037861,-0.06539092029484403,0.03714378266095628
1,NH0063400,"Manchester, NH",violent,-0.08833770097035916,-0.10121377449676622,0.032188564488986854
2,NH0063400,"Manchester, NH",violent,-0.11919255120067358,-0.13930333410463294,0.03226452752938728
3,NH0063400,"Manchester, NH",violent,-0.08349324284739391,-0.1063854098087609,0.03225930455066908
4,NH0063400,"Manchester, NH",violent,0.0018861775344930175,-0.02360342801041722,0.03228890995275766
5,NH0063400,"Manchester, NH",violent,0.061378368913264515,0.05021002424485793,0.03225930455066909
6,NH0063400,"Manchester, NH",violent,0.0731202394301756,0.09560053382831124,0.03226452752938728
7,NH0063400,"Manchester, NH",violent,0.07742077716314569,0.11866875321747172,0.03218856448898685
8,NH0063400,"Manchester, NH",violent,0.08304573516707066,0.10652076422829412,0.03226452752938728
9,NH0063400,"Manchester, NH",violent,0.05826335062100446,0.05614786121171662,0.03225930455066909
10,NH0063400,"Manchester, NH",violent,0.009030746272720444,0.006148449289711708,0.03228890995275766
11,NH0063400,"Manchester, NH",violent,-0.02523155287966163,-0.01742745436851917,0.03225930455066908
12,NH0063400,"Manchester, NH",violent,-0.0478903472037861,-0.04536298523126686,0.03226452752938728
1,NJ0041200,"Cherry Hill Township, NJ",violent,-0.08833770097035916,-0.04946671542980245,0.039295845898966286
2,NJ0041200,"Cherry Hill Township, NJ",violent,-0.11919255120067358,-0.09946146459550227,0.039325561117781516
3,NJ0041200,"Cherry Hill Township, NJ",violent,-0.08349324284739391,-0.09299038971422917,0.03932073279998213
4,NJ0041200,"Cherry Hill Township, NJ",violent,0.0018861775344930175,-0.02715349835018325,0.03932300086591378
5,NJ0041200,"Cherry Hill Township, NJ",violent,0.061378368913264515,0.029387258562901072,0.03932073279998214
6,NJ0041200,"Cherry Hill Township, NJ",violent,0.0731202394301756,0.04686884731092615,0.039325561117781516
7,NJ0041200,"Cherry Hill Township, NJ",violent,0.07742077716314569,0.058384786841989944,0.03929584589896628
8,NJ0041200,"Cherry Hill Township, NJ",violent,0.08304573516707066,0.07219813332882631,0.03932556111778152
9,NJ0041200,"Cherry Hill Township, NJ",violent,0.05826335062100446,0.05680898703536572,0.03932073279998214
10,NJ0041200,"Cherry Hill Township, NJ",violent,0.009030746272720444,0.01823542693799575,0.03932300086591378
11,NJ0041200,"Cherry Hill Township, NJ",violent,-0.02523155287966163,-0.002123927296225146,0.03932073279998213
12,NJ0041200,"Cherry Hill Township, NJ",violent,-0.0478903472037861,-0.01068744463206267,0.039325561117781516
1,NJ0070200,"Bloomfield, NJ",violent,-0.08833770097035916,-0.06312332949146962,0.04129508546392458
2,NJ0070200,"Bloomfield, NJ",violent,-0.11919255120067358,-0.10631251178230895,0.041315638371328074
3,NJ0070200,"Bloomfield, NJ",violent,-0.08349324284739391,-0.07870902212641848,0.04131392656907143
4,NJ0070200,"Bloomfield, NJ",violent,0.0018861775344930175,-0.004399654126943563,0.041327319248503074
5,NJ0070200,"Bloomfield, NJ",violent,0.061378368913264515,0.049464367448308344,0.04131392656907144
6,NJ0070200,"Bloomfield, NJ",violent,0.0731202394301756,0.07365056665240872,0.041315638371328074
7,NJ0070200,"Bloomfield, NJ",violent,0.07742077716314569,0.08823627048809943,0.041295085463924575
8,NJ0070200,"Bloomfield, NJ",violent,0.08304573516707066,0.07492093188780877,0.041315638371328074
9,NJ0070200,"Bloomfield, NJ",violent,0.05826335062100446,0.02220450123528847,0.04131392656907144
10,NJ0070200,"Bloomfield, NJ",violent,0.009030746272720444,-0.02071328686968628,0.041327319248503074
11,NJ0070200,"Bloomfield, NJ",violent,-0.02523155287966163,-0.01807278755380818,0.04131392656907143
12,NJ0070200,"Bloomfield, NJ",violent,-0.0478903472037861,-0.01714604576127866,0.041315638371328074
1,NJ0090500,"Hoboken, NJ",violent,-0.08833770097035916,-0.0897044607468609,0.03931126073229697
2,NJ0090500,"Hoboken, NJ",violent,-0.11919255120067358,-0.11737320711832375,0.039355864969066186
3,NJ0090500,"Hoboken, NJ",violent,-0.08349324284739391,-0.08202909883647855,0.03933259381022114
4,NJ0090500,"Hoboken, NJ",violent,0.0018861775344930175,-0.008991037910853091,0.03935016984517498
5,NJ0090500,"Hoboken, NJ",violent,0.061378368913264515,0.03761331209725595,0.039332593810221146
6,NJ0090500,"Hoboken, NJ",violent,0.0731202394301756,0.050085801643049654,0.039355864969066186
7,NJ0090500,"Hoboken, NJ",violent,0.07742077716314569,0.06692166501661186,0.03931126073229697
8,NJ0090500,"Hoboken, NJ",violent,0.08304573516707066,0.08715937982596748,0.039355864969066186
9,NJ0090500,"Hoboken, NJ",violent,0.05826335062100446,0.07459806727437134,0.039332593810221146
10,NJ0090500,"Hoboken, NJ",violent,0.009030746272720444,0.03177383364110214,0.03935016984517498
11,NJ0090500,"Hoboken, NJ",violent,-0.02523155287966163,-0.007399484804899735,0.03933259381022114
12,NJ0090500,"Hoboken, NJ",violent,-0.0478903472037861,-0.04265477008094239,0.039355864969066186
1,NJ0090600,"Jersey City, NJ",violent,-0.08833770097035916,-0.0898491097490924,0.02901552012637577
2,NJ0090600,"Jersey City, NJ",violent,-0.11919255120067358,-0.10948614496232695,0.029111038238130393
3,NJ0090600,"Jersey City, NJ",violent,-0.08349324284739391,-0.10839618753202784,0.02907697735541073
4,NJ0090600,"Jersey City, NJ",violent,0.0018861775344930175,-0.0317411405189682,0.029126533464549593
5,NJ0090600,"Jersey City, NJ",violent,0.061378368913264515,0.08182065322190181,0.029076977355410732
6,NJ0090600,"Jersey City, NJ",violent,0.0731202394301756,0.13075694698556775,0.029111038238130393
7,NJ0090600,"Jersey City, NJ",violent,0.07742077716314569,0.10028198301212272,0.029015520126375767
8,NJ0090600,"Jersey City, NJ",violent,0.08304573516707066,0.0658462624200051,0.029111038238130393
9,NJ0090600,"Jersey City, NJ",violent,0.05826335062100446,0.05432343172667568,0.029076977355410736
10,NJ0090600,"Jersey City, NJ",violent,0.009030746272720444,0.02130826725593788,0.029126533464549593
11,NJ0090600,"Jersey City, NJ",violent,-0.02523155287966163,-0.038180770679580006,0.02907697735541073
12,NJ0090600,"Jersey City, NJ",violent,-0.0478903472037861,-0.07668419118021556,0.029111038238130393
1,NJ0090800,"North Bergen Township, NJ",violent,-0.08833770097035916,-0.06576753026534618,0.03982140614131063
2,NJ0090800,"North Bergen Township, NJ",violent,-0.11919255120067358,-0.12523087972507957,0.03985722750146183
3,NJ0090800,"North Bergen Township, NJ",violent,-0.08349324284739391,-0.09439758959623497,0.03985288845437206
4,NJ0090800,"North Bergen Township, NJ",violent,0.0018861775344930175,0.007535036119415623,0.03987306323333788
5,NJ0090800,"North Bergen Township, NJ",violent,0.061378368913264515,0.07437673370998908,0.039852888454372064
6,NJ0090800,"North Bergen Township, NJ",violent,0.0731202394301756,0.07978932204573573,0.03985722750146183
7,NJ0090800,"North Bergen Township, NJ",violent,0.07742077716314569,0.07753079620525714,0.03982140614131062
8,NJ0090800,"North Bergen Township, NJ",violent,0.08304573516707066,0.07232867443774509,0.03985722750146183
9,NJ0090800,"North Bergen Township, NJ",violent,0.05826335062100446,0.029732118368989518,0.039852888454372064
10,NJ0090800,"North Bergen Township, NJ",violent,0.009030746272720444,-0.0192983020593266,0.03987306323333788
11,NJ0090800,"North Bergen Township, NJ",violent,-0.02523155287966163,-0.021474528422654637,0.03985288845437206
12,NJ0090800,"North Bergen Township, NJ",violent,-0.0478903472037861,-0.015123850818490246,0.03985722750146183
1,NJ0091200,"West New York, NJ",violent,-0.08833770097035916,-0.10061556345105349,0.038538268079251856
2,NJ0091200,"West New York, NJ",violent,-0.11919255120067358,-0.09493948768332078,0.03858433874821247
3,NJ0091200,"West New York, NJ",violent,-0.08349324284739391,-0.06039781775606402,0.03856188327582177
4,NJ0091200,"West New York, NJ",violent,0.0018861775344930175,-0.016633062245884025,0.038580211115629134
5,NJ0091200,"West New York, NJ",violent,0.061378368913264515,0.03720780289090737,0.03856188327582178
6,NJ0091200,"West New York, NJ",violent,0.0731202394301756,0.08485801810118916,0.03858433874821247
7,NJ0091200,"West New York, NJ",violent,0.07742077716314569,0.09192406262548676,0.03853826807925185
8,NJ0091200,"West New York, NJ",violent,0.08304573516707066,0.061534048858927964,0.03858433874821247
9,NJ0091200,"West New York, NJ",violent,0.05826335062100446,0.03568387975723793,0.03856188327582178
10,NJ0091200,"West New York, NJ",violent,0.009030746272720444,0.025324563071450732,0.038580211115629134
11,NJ0091200,"West New York, NJ",violent,-0.02523155287966163,-0.0038023640665145833,0.03856188327582177
12,NJ0091200,"West New York, NJ",violent,-0.0478903472037861,-0.060144080102362996,0.03858433874821247
1,NJ0160200,"Clifton, NJ",violent,-0.08833770097035916,-0.06634827844616303,0.03870913379328786
2,NJ0160200,"Clifton, NJ",violent,-0.11919255120067358,-0.09021945077763541,0.03879454607393531
3,NJ0160200,"Clifton, NJ",violent,-0.08349324284739391,-0.06274178178509056,0.038771306255247856
4,NJ0160200,"Clifton, NJ",violent,0.0018861775344930175,0.0067503401011707875,0.038825428276126346
5,NJ0160200,"Clifton, NJ",violent,0.061378368913264515,0.05079816873172903,0.03877130625524786
6,NJ0160200,"Clifton, NJ",violent,0.0731202394301756,0.06438383782515382,0.03879454607393531
7,NJ0160200,"Clifton, NJ",violent,0.07742077716314569,0.08916639925928473,0.03870913379328785
8,NJ0160200,"Clifton, NJ",violent,0.08304573516707066,0.10336865999877465,0.03879454607393531
9,NJ0160200,"Clifton, NJ",violent,0.05826335062100446,0.053072870193108114,0.03877130625524786
10,NJ0160200,"Clifton, NJ",violent,0.009030746272720444,-0.029568460914292494,0.038825428276126346
11,NJ0160200,"Clifton, NJ",violent,-0.02523155287966163,-0.0639473779528683,0.038771306255247856
12,NJ0160200,"Clifton, NJ",violent,-0.0478903472037861,-0.05471492623317134,0.03879454607393531
1,NJ0160800,"Paterson, NJ",violent,-0.08833770097035916,-0.06766357479186136,0.028923500903653712
2,NJ0160800,"Paterson, NJ",violent,-0.11919255120067358,-0.13537240274799417,0.02896424183332814
3,NJ0160800,"Paterson, NJ",violent,-0.08349324284739391,-0.1279507345629127,0.02898365411380624
4,NJ0160800,"Paterson, NJ",violent,0.0018861775344930175,-0.015405646334355226,0.02897379475513912
5,NJ0160800,"Paterson, NJ",violent,0.061378368913264515,0.07985754769070917,0.028983654113806243
6,NJ0160800,"Paterson, NJ",violent,0.0731202394301756,0.08472121354870836,0.02896424183332814
7,NJ0160800,"Paterson, NJ",violent,0.07742077716314569,0.07268333919500858,0.02892350090365371
8,NJ0160800,"Paterson, NJ",violent,0.08304573516707066,0.09272404010485327,0.02896424183332814
9,NJ0160800,"Paterson, NJ",violent,0.05826335062100446,0.08028260751662458,0.028983654113806243
10,NJ0160800,"Paterson, NJ",violent,0.009030746272720444,0.010385881931208011,0.02897379475513912
11,NJ0160800,"Paterson, NJ",violent,-0.02523155287966163,-0.03720918504756831,0.02898365411380624
12,NJ0160800,"Paterson, NJ",violent,-0.0478903472037861,-0.03705308650242023,0.02896424183332814
1,NJ0161400,"Wayne Township, NJ",violent,-0.08833770097035916,-0.09985871006338376,0.041450480965713875
2,NJ0161400,"Wayne Township, NJ",violent,-0.11919255120067358,-0.1203580406985802,0.04145109323391302
3,NJ0161400,"Wayne Township, NJ",violent,-0.08349324284739391,-0.08370022357923618,0.04143897214867759
4,NJ0161400,"Wayne Township, NJ",violent,0.0018861775344930175,0.015480472775069245,0.04143497889505
5,NJ0161400,"Wayne Township, NJ",violent,0.061378368913264515,0.08980622475242529,0.041438972148677596
6,NJ0161400,"Wayne Township, NJ",violent,0.0731202394301756,0.08264240766138863,0.04145109323391302
7,NJ0161400,"Wayne Township, NJ",violent,0.07742077716314569,0.052510652876898836,0.04145048096571387
8,NJ0161400,"Wayne Township, NJ",violent,0.08304573516707066,0.06153443098235942,0.04145109323391303
9,NJ0161400,"Wayne Township, NJ",violent,0.05826335062100446,0.07222467104950032,0.041438972148677596
10,NJ0161400,"Wayne Township, NJ",violent,0.009030746272720444,0.03186758441141568,0.04143497889505
11,NJ0161400,"Wayne Township, NJ",violent,-0.02523155287966163,-0.030982615036204555,0.041438972148677596
12,NJ0161400,"Wayne Township, NJ",violent,-0.0478903472037861,-0.07116685513165275,0.04145109323391302
1,NJ0200400,"Elizabeth, NJ",violent,-0.08833770097035916,-0.12872222153611246,0.030943504226900433
2,NJ0200400,"Elizabeth, NJ",violent,-0.11919255120067358,-0.1533365983578852,0.03103138795320605
3,NJ0200400,"Elizabeth, NJ",violent,-0.08349324284739391,-0.09419017683663028,0.031000410460566993
4,NJ0200400,"Elizabeth, NJ",violent,0.0018861775344930175,-0.018070280614469577,0.031039747706791843
5,NJ0200400,"Elizabeth, NJ",violent,0.061378368913264515,0.03883415470756254,0.031000410460566997
6,NJ0200400,"Elizabeth, NJ",violent,0.0731202394301756,0.09598466979100224,0.03103138795320605
7,NJ0200400,"Elizabeth, NJ",violent,0.07742077716314569,0.13524349850746697,0.030943504226900426
8,NJ0200400,"Elizabeth, NJ",violent,0.08304573516707066,0.10899527821813454,0.03103138795320605
9,NJ0200400,"Elizabeth, NJ",violent,0.05826335062100446,0.04332757972552504,0.031000410460566997
10,NJ0200400,"Elizabeth, NJ",violent,0.009030746272720444,0.011549003643115018,0.031039747706791843
11,NJ0200400,"Elizabeth, NJ",violent,-0.02523155287966163,0.005507165432188098,0.031000410460566993
12,NJ0200400,"Elizabeth, NJ",violent,-0.0478903472037861,-0.04512207267989691,0.03103138795320605
1,NJNPD0000,"Newark, NJ",violent,-0.08833770097035916,-0.15506120986376892,0.028409457289318266
2,NJNPD0000,"Newark, NJ",violent,-0.11919255120067358,-0.19517147839208077,0.02845875700400498
3,NJNPD0000,"Newark, NJ",violent,-0.08349324284739391,-0.14067868277824241,0.028437173545931237
4,NJNPD0000,"Newark, NJ",violent,0.0018861775344930175,-0.03610641778032185,0.02844927844216075
5,NJNPD0000,"Newark, NJ",violent,0.061378368913264515,0.0596251223757363,0.02843717354593124
6,NJNPD0000,"Newark, NJ",violent,0.0731202394301756,0.13125048796282435,0.02845875700400498
7,NJNPD0000,"Newark, NJ",violent,0.07742077716314569,0.16668624658963294,0.028409457289318263
8,NJNPD0000,"Newark, NJ",violent,0.08304573516707066,0.1417966174394357,0.02845875700400498
9,NJNPD0000,"Newark, NJ",violent,0.05826335062100446,0.07567878509973332,0.028437173545931244
10,NJNPD0000,"Newark, NJ",violent,0.009030746272720444,0.024481381054457796,0.02844927844216075
11,NJNPD0000,"Newark, NJ",violent,-0.02523155287966163,-0.006250261423091285,0.028437173545931237
12,NJNPD0000,"Newark, NJ",violent,-0.0478903472037861,-0.06625059028431514,0.02845875700400498
1,NV0020300,"Henderson, NV",violent,-0.08833770097035916,-0.08816551010845533,0.030843500271127783
2,NV0020300,"Henderson, NV",violent,-0.11919255120067358,-0.11855900646689507,0.030886727022855588
3,NV0020300,"Henderson, NV",violent,-0.08349324284739391,-0.058111085528115385,0.030828281975181632
4,NV0020300,"Henderson, NV",violent,0.0018861775344930175,0.04603565520360217,0.030850329062440215
5,NV0020300,"Henderson, NV",violent,0.061378368913264515,0.06937795110818454,0.030828281975181636
6,NV0020300,"Henderson, NV",violent,0.0731202394301756,0.016358820975053263,0.030886727022855588
7,NV0020300,"Henderson, NV",violent,0.07742077716314569,0.007177528386771,0.030843500271127776
8,NV0020300,"Henderson, NV",violent,0.08304573516707066,0.06324028386266542,0.030886727022855588
9,NV0020300,"Henderson, NV",violent,0.05826335062100446,0.08378034464557005,0.030828281975181643
10,NV0020300,"Henderson, NV",violent,0.009030746272720444,0.03495232651808216,0.030850329062440215
11,NV0020300,"Henderson, NV",violent,-0.02523155287966163,-0.01405922850395492,0.030828281975181632
12,NV0020300,"Henderson, NV",violent,-0.0478903472037861,-0.04202808009250791,0.030886727022855588
1,NV0160000,"Washoe, NV",violent,-0.08833770097035916,-0.09722339368904888,0.03478816855069933
2,NV0160000,"Washoe, NV",violent,-0.11919255120067358,-0.09944335407727158,0.03477742549811309
3,NV0160000,"Washoe, NV",violent,-0.08349324284739391,-0.08485594444601427,0.034820117821327184
4,NV0160000,"Washoe, NV",violent,0.0018861775344930175,-0.011548945349935037,0.034843779923040705
5,NV0160000,"Washoe, NV",violent,0.061378368913264515,0.10104070135145082,0.03482011782132719
6,NV0160000,"Washoe, NV",violent,0.0731202394301756,0.15470061072617844,0.03477742549811309
7,NV0160000,"Washoe, NV",violent,0.07742077716314569,0.10849732341634075,0.03478816855069932
8,NV0160000,"Washoe, NV",violent,0.08304573516707066,0.03872850828582582,0.03477742549811309
9,NV0160000,"Washoe, NV",violent,0.05826335062100446,0.01286716892727666,0.0348201178213272
10,NV0160000,"Washoe, NV",violent,0.009030746272720444,2.7501562264316373e-4,0.034843779923040705
11,NV0160000,"Washoe, NV",violent,-0.02523155287966163,-0.0403258555600051,0.03482011782132719
12,NV0160000,"Washoe, NV",violent,-0.0478903472037861,-0.08271183520744077,0.03477742549811309
1,NV0160200,"Sparks, NV",violent,-0.08833770097035916,-0.07096362739944356,0.032806465968612565
2,NV0160200,"Sparks, NV",violent,-0.11919255120067358,-0.12502702192222537,0.032877729113964506
3,NV0160200,"Sparks, NV",violent,-0.08349324284739391,-0.10340042433112792,0.03287579189609351
4,NV0160200,"Sparks, NV",violent,0.0018861775344930175,0.002434092017768372,0.03286607118557725
5,NV0160200,"Sparks, NV",violent,0.061378368913264515,0.06766967593857687,0.03287579189609351
6,NV0160200,"Sparks, NV",violent,0.0731202394301756,0.05891289383319979,0.032877729113964506
7,NV0160200,"Sparks, NV",violent,0.07742077716314569,0.07271631327380251,0.032806465968612565
8,NV0160200,"Sparks, NV",violent,0.08304573516707066,0.12065340318236262,0.032877729113964506
9,NV0160200,"Sparks, NV",violent,0.05826335062100446,0.09727411971690623,0.03287579189609352
10,NV0160200,"Sparks, NV",violent,0.009030746272720444,-0.004186777892127325,0.03286607118557725
11,NV0160200,"Sparks, NV",violent,-0.02523155287966163,-0.06329605719871417,0.03287579189609351
12,NV0160200,"Sparks, NV",violent,-0.0478903472037861,-0.052786589218978074,0.032877729113964506
1,NY0010100,"Albany, NY",violent,-0.08833770097035916,-0.15224603366843742,0.030325254885800967
2,NY0010100,"Albany, NY",violent,-0.11919255120067358,-0.1626970695794683,0.030397724593576037
3,NY0010100,"Albany, NY",violent,-0.08349324284739391,-0.10989484239030467,0.030356178037107655
4,NY0010100,"Albany, NY",violent,0.0018861775344930175,-0.02264824292934961,0.03034893333738833
5,NY0010100,"Albany, NY",violent,0.061378368913264515,0.058281398747690207,0.030356178037107658
6,NY0010100,"Albany, NY",violent,0.0731202394301756,0.11682672096067517,0.030397724593576037
7,NY0010100,"Albany, NY",violent,0.07742077716314569,0.14741104758115048,0.030325254885800963
8,NY0010100,"Albany, NY",violent,0.08304573516707066,0.1379913902740383,0.030397724593576037
9,NY0010100,"Albany, NY",violent,0.05826335062100446,0.09002414917216159,0.030356178037107658
10,NY0010100,"Albany, NY",violent,0.009030746272720444,0.027483229016636516,0.03034893333738833
11,NY0010100,"Albany, NY",violent,-0.02523155287966163,-0.03357571944226026,0.030356178037107655
12,NY0010100,"Albany, NY",violent,-0.0478903472037861,-0.09695602774253201,0.030397724593576037
1,NY0290600,"Hempstead Village, NY",violent,-0.08833770097035916,-0.09758174310338083,0.03478609282466699
2,NY0290600,"Hempstead Village, NY",violent,-0.11919255120067358,-0.1394916752551964,0.03484423145130587
3,NY0290600,"Hempstead Village, NY",violent,-0.08349324284739391,-0.11244623221609755,0.03479840374140548
4,NY0290600,"Hempstead Village, NY",violent,0.0018861775344930175,-0.007708919941210068,0.03482340362570185
5,NY0290600,"Hempstead Village, NY",violent,0.061378368913264515,0.07108357574815101,0.034798403741405484
6,NY0290600,"Hempstead Village, NY",violent,0.0731202394301756,0.06950977134931821,0.03484423145130587
7,NY0290600,"Hempstead Village, NY",violent,0.07742077716314569,0.059995496062725515,0.034786092824666985
8,NY0290600,"Hempstead Village, NY",violent,0.08304573516707066,0.09215671143085095,0.03484423145130587
9,NY0290600,"Hempstead Village, NY",violent,0.05826335062100446,0.10269751543240743,0.034798403741405484
10,NY0290600,"Hempstead Village, NY",violent,0.009030746272720444,0.045295166981865385,0.03482340362570185
11,NY0290600,"Hempstead Village, NY",violent,-0.02523155287966163,-0.02374861192380562,0.03479840374140548
12,NY0290600,"Hempstead Village, NY",violent,-0.0478903472037861,-0.059761054565628066,0.03484423145130587
1,NY0303000,"New York City, NY",violent,-0.08833770097035916,-0.09629895950808251,0.025730339173754536
2,NY0303000,"New York City, NY",violent,-0.11919255120067358,-0.1301869249538356,0.02575064178019026
3,NY0303000,"New York City, NY",violent,-0.08349324284739391,-0.10982432060722365,0.025773747901845973
4,NY0303000,"New York City, NY",violent,0.0018861775344930175,-0.033999269697896004,0.025781663737308044
5,NY0303000,"New York City, NY",violent,0.061378368913264515,0.04759104619090102,0.025773747901845976
6,NY0303000,"New York City, NY",violent,0.0731202394301756,0.09343956744490597,0.02575064178019026
7,NY0303000,"New York City, NY",violent,0.07742077716314569,0.10461886373942629,0.025730339173754533
8,NY0303000,"New York City, NY",violent,0.08304573516707066,0.0947331557163298,0.025750641780190264
9,NY0303000,"New York City, NY",violent,0.05826335062100446,0.06605064713837408,0.025773747901845976
10,NY0303000,"New York City, NY",violent,0.009030746272720444,0.025679365466552223,0.025781663737308044
11,NY0303000,"New York City, NY",violent,-0.02523155287966163,-0.012137276953395263,0.025773747901845973
12,NY0303000,"New York City, NY",violent,-0.0478903472037861,-0.04966589397605634,0.02575064178019026
1,NY0320200,"Utica, NY",violent,-0.08833770097035916,-0.1292640634503988,0.03423720807950659
2,NY0320200,"Utica, NY",violent,-0.11919255120067358,-0.17680636908223504,0.03433736100487503
3,NY0320200,"Utica, NY",violent,-0.08349324284739391,-0.13688168324928085,0.034255402100892667
4,NY0320200,"Utica, NY",violent,0.0018861775344930175,-0.02606429239670094,0.03431361158352639
5,NY0320200,"Utica, NY",violent,0.061378368913264515,0.0752635445306923,0.034255402100892667
6,NY0320200,"Utica, NY",violent,0.0731202394301756,0.12224781909731841,0.03433736100487503
7,NY0320200,"Utica, NY",violent,0.07742077716314569,0.12936955380627196,0.03423720807950658
8,NY0320200,"Utica, NY",violent,0.08304573516707066,0.11238516980356943,0.034337361004875035
9,NY0320200,"Utica, NY",violent,0.05826335062100446,0.07235499361474206,0.034255402100892673
10,NY0320200,"Utica, NY",violent,0.009030746272720444,0.02595880204082775,0.03431361158352639
11,NY0320200,"Utica, NY",violent,-0.02523155287966163,-0.010842345252026719,0.034255402100892667
12,NY0320200,"Utica, NY",violent,-0.0478903472037861,-0.05772112946277953,0.03433736100487503
1,NY0450000,"Saratoga, NY",violent,-0.08833770097035916,-0.09600994019750363,0.04004212073696652
2,NY0450000,"Saratoga, NY",violent,-0.11919255120067358,-0.12878555085329255,0.04008280370522949
3,NY0450000,"Saratoga, NY",violent,-0.08349324284739391,-0.11607767287335477,0.04006159088220715
4,NY0450000,"Saratoga, NY",violent,0.0018861775344930175,-0.032128678729111626,0.04008474409342582
5,NY0450000,"Saratoga, NY",violent,0.061378368913264515,0.07356631535552402,0.04006159088220715
6,NY0450000,"Saratoga, NY",violent,0.0731202394301756,0.12746012277244612,0.04008280370522949
7,NY0450000,"Saratoga, NY",violent,0.07742077716314569,0.11800034167597193,0.040042120736966516
8,NY0450000,"Saratoga, NY",violent,0.08304573516707066,0.08489896549005445,0.04008280370522949
9,NY0450000,"Saratoga, NY",violent,0.05826335062100446,0.05020068603164837,0.04006159088220715
10,NY0450000,"Saratoga, NY",violent,0.009030746272720444,0.01013827725064332,0.04008474409342582
11,NY0450000,"Saratoga, NY",violent,-0.02523155287966163,-0.029679729992285953,0.04006159088220715
12,NY0450000,"Saratoga, NY",violent,-0.0478903472037861,-0.06158313593073967,0.04008280370522949
1,NY0460100,"Schenectady, NY",violent,-0.08833770097035916,-0.14374033209605971,0.032410265320055566
2,NY0460100,"Schenectady, NY",violent,-0.11919255120067358,-0.14265951865288234,0.03249635430953981
3,NY0460100,"Schenectady, NY",violent,-0.08349324284739391,-0.09598096308035685,0.03242654918866744
4,NY0460100,"Schenectady, NY",violent,0.0018861775344930175,0.007328398219437663,0.032442818536645164
5,NY0460100,"Schenectady, NY",violent,0.061378368913264515,0.11025392323724764,0.03242654918866744
6,NY0460100,"Schenectady, NY",violent,0.0731202394301756,0.15299986834685075,0.03249635430953981
7,NY0460100,"Schenectady, NY",violent,0.07742077716314569,0.14449343273839904,0.032410265320055566
8,NY0460100,"Schenectady, NY",violent,0.08304573516707066,0.1189551873140929,0.03249635430953981
9,NY0460100,"Schenectady, NY",violent,0.05826335062100446,0.07152353109922809,0.03242654918866745
10,NY0460100,"Schenectady, NY",violent,0.009030746272720444,-0.008081498861777002,0.032442818536645164
11,NY0460100,"Schenectady, NY",violent,-0.02523155287966163,-0.08654959189845823,0.03242654918866744
12,NY0460100,"Schenectady, NY",violent,-0.0478903472037861,-0.12854243636572193,0.03249635430953981
1,NY0590400,"New Rochelle, NY",violent,-0.08833770097035916,-0.1202740659726437,0.03828591423034533
2,NY0590400,"New Rochelle, NY",violent,-0.11919255120067358,-0.1263190295755574,0.03833305953778027
3,NY0590400,"New Rochelle, NY",violent,-0.08349324284739391,-0.08272465122149307,0.03827038060445071
4,NY0590400,"New Rochelle, NY",violent,0.0018861775344930175,0.010270591861004852,0.03829877104953568
5,NY0590400,"New Rochelle, NY",violent,0.061378368913264515,0.08246715042006755,0.03827038060445072
6,NY0590400,"New Rochelle, NY",violent,0.0731202394301756,0.08663010157356227,0.03833305953778027
7,NY0590400,"New Rochelle, NY",violent,0.07742077716314569,0.06917996262472229,0.03828591423034532
8,NY0590400,"New Rochelle, NY",violent,0.08304573516707066,0.08138413734155267,0.03833305953778027
9,NY0590400,"New Rochelle, NY",violent,0.05826335062100446,0.08888386233540975,0.03827038060445072
10,NY0590400,"New Rochelle, NY",violent,0.009030746272720444,0.04082351148691656,0.03829877104953568
11,NY0590400,"New Rochelle, NY",violent,-0.02523155287966163,-0.03753225818606285,0.03827038060445071
12,NY0590400,"New Rochelle, NY",violent,-0.0478903472037861,-0.0927893126874789,0.03833305953778027
1,OH0090200,"Hamilton, OH",violent,-0.08833770097035916,-0.09649276873111771,0.03491946177041547
2,OH0090200,"Hamilton, OH",violent,-0.11919255120067358,-0.12037003414398134,0.03501354368138261
3,OH0090200,"Hamilton, OH",violent,-0.08349324284739391,-0.11142386667217458,0.034994353961593484
4,OH0090200,"Hamilton, OH",violent,0.0018861775344930175,-0.06085087629185052,0.03504923561283505
5,OH0090200,"Hamilton, OH",violent,0.061378368913264515,0.035219853546827204,0.034994353961593484
6,OH0090200,"Hamilton, OH",violent,0.0731202394301756,0.11728629804774476,0.03501354368138261
7,OH0090200,"Hamilton, OH",violent,0.07742077716314569,0.11617373546000623,0.034919461770415466
8,OH0090200,"Hamilton, OH",violent,0.08304573516707066,0.0587364925562875,0.03501354368138261
9,OH0090200,"Hamilton, OH",violent,0.05826335062100446,0.030109358355592183,0.034994353961593484
10,OH0090200,"Hamilton, OH",violent,0.009030746272720444,0.04116990956296197,0.03504923561283505
11,OH0090200,"Hamilton, OH",violent,-0.02523155287966163,0.026413688040866603,0.034994353961593484
12,OH0090200,"Hamilton, OH",violent,-0.0478903472037861,-0.035971789731162294,0.03501354368138261
1,OH0091500,"West Chester Township, OH",violent,-0.08833770097035916,-0.10326647114962051,0.04053944490028455
2,OH0091500,"West Chester Township, OH",violent,-0.11919255120067358,-0.11558235499683325,0.040550392428486806
3,OH0091500,"West Chester Township, OH",violent,-0.08349324284739391,-0.05898697962811207,0.04054695088476066
4,OH0091500,"West Chester Township, OH",violent,0.0018861775344930175,0.0287386320447952,0.040541303285886364
5,OH0091500,"West Chester Township, OH",violent,0.061378368913264515,0.07164663550833517,0.040546950884760666
6,OH0091500,"West Chester Township, OH",violent,0.0731202394301756,0.06752042267361989,0.040550392428486806
7,OH0091500,"West Chester Township, OH",violent,0.07742077716314569,0.06908350107392586,0.04053944490028454
8,OH0091500,"West Chester Township, OH",violent,0.08304573516707066,0.07914832375069279,0.040550392428486806
9,OH0091500,"West Chester Township, OH",violent,0.05826335062100446,0.056735918457666255,0.040546950884760666
10,OH0091500,"West Chester Township, OH",violent,0.009030746272720444,0.005444338030899443,0.040541303285886364
11,OH0091500,"West Chester Township, OH",violent,-0.02523155287966163,-0.03521260426219475,0.04054695088476066
12,OH0091500,"West Chester Township, OH",violent,-0.0478903472037861,-0.06526936150317404,0.040550392428486806
1,OH0250300,"Dublin, OH",violent,-0.08833770097035916,-0.07308907701785078,0.04205719640857376
2,OH0250300,"Dublin, OH",violent,-0.11919255120067358,-0.11152722857945478,0.04207910020380035
3,OH0250300,"Dublin, OH",violent,-0.08349324284739391,-0.09633705920363991,0.0420692810791758
4,OH0250300,"Dublin, OH",violent,0.0018861775344930175,-0.01706505881537779,0.04207636199856691
5,OH0250300,"Dublin, OH",violent,0.061378368913264515,0.05510384680704369,0.0420692810791758
6,OH0250300,"Dublin, OH",violent,0.0731202394301756,0.07445389549264385,0.04207910020380035
7,OH0250300,"Dublin, OH",violent,0.07742077716314569,0.07367528800320453,0.042057196408573756
8,OH0250300,"Dublin, OH",violent,0.08304573516707066,0.07914024566493988,0.04207910020380035
9,OH0250300,"Dublin, OH",violent,0.05826335062100446,0.06336386530377128,0.042069281079175805
10,OH0250300,"Dublin, OH",violent,0.009030746272720444,0.016478847830024044,0.04207636199856691
11,OH0250300,"Dublin, OH",violent,-0.02523155287966163,-0.022716863892528822,0.0420692810791758
12,OH0250300,"Dublin, OH",violent,-0.0478903472037861,-0.041480701592775185,0.04207910020380035
1,OH0314200,"Colerain Township, OH",violent,-0.08833770097035916,-0.051921302966456695,0.03894403047057311
2,OH0314200,"Colerain Township, OH",violent,-0.11919255120067358,-0.0883938917009226,0.038988674097187016
3,OH0314200,"Colerain Township, OH",violent,-0.08349324284739391,-0.10593295633776505,0.03899005977271576
4,OH0314200,"Colerain Township, OH",violent,0.0018861775344930175,-0.05345366246552915,0.039065237368854186
5,OH0314200,"Colerain Township, OH",violent,0.061378368913264515,0.042445302567178364,0.03899005977271576
6,OH0314200,"Colerain Township, OH",violent,0.0731202394301756,0.10861754639336495,0.038988674097187016
7,OH0314200,"Colerain Township, OH",violent,0.07742077716314569,0.11552391498376954,0.038944030470573106
8,OH0314200,"Colerain Township, OH",violent,0.08304573516707066,0.08548402283807793,0.038988674097187016
9,OH0314200,"Colerain Township, OH",violent,0.05826335062100446,0.03942047545760755,0.03899005977271577
10,OH0314200,"Colerain Township, OH",violent,0.009030746272720444,-0.010148949551783705,0.039065237368854186
11,OH0314200,"Colerain Township, OH",violent,-0.02523155287966163,-0.03953543370433371,0.03899005977271576
12,OH0314200,"Colerain Township, OH",violent,-0.0478903472037861,-0.042105065513207404,0.038988674097187016
1,OH0314400,"Green Township, OH",violent,-0.08833770097035916,-0.08912326763036786,0.04093569865506709
2,OH0314400,"Green Township, OH",violent,-0.11919255120067358,-0.1233730731226018,0.040959328336191175
3,OH0314400,"Green Township, OH",violent,-0.08349324284739391,-0.06418141246046957,0.04095263497791384
4,OH0314400,"Green Township, OH",violent,0.0018861775344930175,0.016462995693377967,0.040976105698422215
5,OH0314400,"Green Township, OH",violent,0.061378368913264515,0.043667833878229007,0.04095263497791385
6,OH0314400,"Green Township, OH",violent,0.0731202394301756,0.05940615619171089,0.040959328336191175
7,OH0314400,"Green Township, OH",violent,0.07742077716314569,0.10138917802604747,0.04093569865506708
8,OH0314400,"Green Township, OH",violent,0.08304573516707066,0.10461537926007028,0.040959328336191175
9,OH0314400,"Green Township, OH",violent,0.05826335062100446,0.03315780820225845,0.040952634977913856
10,OH0314400,"Green Township, OH",violent,0.009030746272720444,-0.028728906089057593,0.040976105698422215
11,OH0314400,"Green Township, OH",violent,-0.02523155287966163,-0.02491014001569752,0.04095263497791385
12,OH0314400,"Green Township, OH",violent,-0.0478903472037861,-0.028382551933499697,0.040959328336191175
1,OH0470400,"Elyria, OH",violent,-0.08833770097035916,-0.05207750944893179,0.03846242528976697
2,OH0470400,"Elyria, OH",violent,-0.11919255120067358,-0.0932831217030678,0.0385391048759011
3,OH0470400,"Elyria, OH",violent,-0.08349324284739391,-0.059532525078811696,0.038526068360922996
4,OH0470400,"Elyria, OH",violent,0.0018861775344930175,0.047721588895757755,0.03853004345192695
5,OH0470400,"Elyria, OH",violent,0.061378368913264515,0.08871208775653608,0.038526068360923
6,OH0470400,"Elyria, OH",violent,0.0731202394301756,0.04249819942673021,0.0385391048759011
7,OH0470400,"Elyria, OH",violent,0.07742077716314569,0.036006959360158505,0.03846242528976696
8,OH0470400,"Elyria, OH",violent,0.08304573516707066,0.08681732068551544,0.0385391048759011
9,OH0470400,"Elyria, OH",violent,0.05826335062100446,0.06913727415003265,0.03852606836092301
10,OH0470400,"Elyria, OH",violent,0.009030746272720444,-0.03165103880698446,0.03853004345192695
11,OH0470400,"Elyria, OH",violent,-0.02523155287966163,-0.08224628673898375,0.038526068360923
12,OH0470400,"Elyria, OH",violent,-0.0478903472037861,-0.052102948497951176,0.0385391048759011
1,OH0470500,"Lorain, OH",violent,-0.08833770097035916,-0.11412106779280637,0.034382998259787086
2,OH0470500,"Lorain, OH",violent,-0.11919255120067358,-0.14201519044860356,0.03444015339227289
3,OH0470500,"Lorain, OH",violent,-0.08349324284739391,-0.10543876616071703,0.03440990977166241
4,OH0470500,"Lorain, OH",violent,0.0018861775344930175,-0.0117372701399641,0.03441764821173517
5,OH0470500,"Lorain, OH",violent,0.061378368913264515,0.05567318090444948,0.03440990977166242
6,OH0470500,"Lorain, OH",violent,0.0731202394301756,0.06927639193380591,0.03444015339227289
7,OH0470500,"Lorain, OH",violent,0.07742077716314569,0.08675461574083607,0.03438299825978708
8,OH0470500,"Lorain, OH",violent,0.08304573516707066,0.12289501215373537,0.034440153392272896
9,OH0470500,"Lorain, OH",violent,0.05826335062100446,0.11368503991781914,0.03440990977166242
10,OH0470500,"Lorain, OH",violent,0.009030746272720444,0.03910372219193438,0.03441764821173517
11,OH0470500,"Lorain, OH",violent,-0.02523155287966163,-0.03655300260958135,0.03440990977166241
12,OH0470500,"Lorain, OH",violent,-0.0478903472037861,-0.07752266569090796,0.03444015339227289
1,OH0570200,"Dayton, OH",violent,-0.08833770097035916,-0.12233587236728147,0.028573132648558108
2,OH0570200,"Dayton, OH",violent,-0.11919255120067358,-0.14859706750709215,0.028622269652305243
3,OH0570200,"Dayton, OH",violent,-0.08349324284739391,-0.10561507702704087,0.02859935145064427
4,OH0570200,"Dayton, OH",violent,0.0018861775344930175,0.008037291045163514,0.02862109949244424
5,OH0570200,"Dayton, OH",violent,0.061378368913264515,0.1053718059001176,0.028599351450644274
6,OH0570200,"Dayton, OH",violent,0.0731202394301756,0.12872089296312864,0.028622269652305243
7,OH0570200,"Dayton, OH",violent,0.07742077716314569,0.11310089996689138,0.028573132648558104
8,OH0570200,"Dayton, OH",violent,0.08304573516707066,0.0976642958459512,0.028622269652305243
9,OH0570200,"Dayton, OH",violent,0.05826335062100446,0.06391727776629,0.028599351450644274
10,OH0570200,"Dayton, OH",violent,0.009030746272720444,0.0011976813552265653,0.02862109949244424
11,OH0570200,"Dayton, OH",violent,-0.02523155287966163,-0.0544390342389767,0.02859935145064427
12,OH0570200,"Dayton, OH",violent,-0.0478903472037861,-0.08702309370237772,0.028622269652305243
1,OH0760000,"Stark, OH",violent,-0.08833770097035916,-0.10482095129937012,0.03752717212756066
2,OH0760000,"Stark, OH",violent,-0.11919255120067358,-0.10686758908499056,0.03760116418756663
3,OH0760000,"Stark, OH",violent,-0.08349324284739391,-0.09664571769916148,0.03755229662050747
4,OH0760000,"Stark, OH",violent,0.0018861775344930175,-0.038630805404552375,0.03758630561161364
5,OH0760000,"Stark, OH",violent,0.061378368913264515,0.03684657475313064,0.03755229662050747
6,OH0760000,"Stark, OH",violent,0.0731202394301756,0.07489132419967731,0.03760116418756663
7,OH0760000,"Stark, OH",violent,0.07742077716314569,0.08935010746101865,0.037527172127560654
8,OH0760000,"Stark, OH",violent,0.08304573516707066,0.11668242261570264,0.03760116418756663
9,OH0760000,"Stark, OH",violent,0.05826335062100446,0.12193139506822505,0.03755229662050748
10,OH0760000,"Stark, OH",violent,0.009030746272720444,0.05410164924290385,0.03758630561161364
11,OH0760000,"Stark, OH",violent,-0.02523155287966163,-0.04666140828384278,0.03755229662050747
12,OH0760000,"Stark, OH",violent,-0.0478903472037861,-0.10017700156874085,0.03760116418756663
1,OH0760400,"Canton, OH",violent,-0.08833770097035916,-0.1117699465111579,0.03015516212140087
2,OH0760400,"Canton, OH",violent,-0.11919255120067358,-0.13516812599688532,0.030209562468960872
3,OH0760400,"Canton, OH",violent,-0.08349324284739391,-0.0787905554726745,0.03021822134025308
4,OH0760400,"Canton, OH",violent,0.0018861775344930175,0.027757997502532133,0.03024470442625652
5,OH0760400,"Canton, OH",violent,0.061378368913264515,0.10129063775645902,0.030218221340253083
6,OH0760400,"Canton, OH",violent,0.0731202394301756,0.12653103387291453,0.030209562468960872
7,OH0760400,"Canton, OH",violent,0.07742077716314569,0.13337395844404332,0.030155162121400868
8,OH0760400,"Canton, OH",violent,0.08304573516707066,0.10765155800887005,0.030209562468960876
9,OH0760400,"Canton, OH",violent,0.05826335062100446,0.029669975551773833,0.030218221340253083
10,OH0760400,"Canton, OH",violent,0.009030746272720444,-0.049362009435417555,0.03024470442625652
11,OH0760400,"Canton, OH",violent,-0.02523155287966163,-0.0737740697684438,0.03021822134025308
12,OH0760400,"Canton, OH",violent,-0.0478903472037861,-0.07741045395201379,0.030209562468960872
1,OH0770100,"Akron, OH",violent,-0.08833770097035916,-0.128248392802481,0.028462778977408645
2,OH0770100,"Akron, OH",violent,-0.11919255120067358,-0.17743295671063747,0.028484747642396693
3,OH0770100,"Akron, OH",violent,-0.08349324284739391,-0.11224267386971026,0.028477621650715178
4,OH0770100,"Akron, OH",violent,0.0018861775344930175,0.024275504308630434,0.02847492864011313
5,OH0770100,"Akron, OH",violent,0.061378368913264515,0.10191686624354863,0.02847762165071518
6,OH0770100,"Akron, OH",violent,0.0731202394301756,0.10053827743002425,0.028484747642396693
7,OH0770100,"Akron, OH",violent,0.07742077716314569,0.09967429079338168,0.02846277897740864
8,OH0770100,"Akron, OH",violent,0.08304573516707066,0.10935445235614535,0.028484747642396693
9,OH0770100,"Akron, OH",violent,0.05826335062100446,0.07273827152431746,0.028477621650715185
10,OH0770100,"Akron, OH",violent,0.009030746272720444,0.004298597700468875,0.02847492864011313
11,OH0770100,"Akron, OH",violent,-0.02523155287966163,-0.033838361889056576,0.02847762165071518
12,OH0770100,"Akron, OH",violent,-0.0478903472037861,-0.061033875084631393,0.028484747642396693
1,OHCIP0000,"Cincinnati, OH",violent,-0.08833770097035916,-0.18206518602550364,0.027579476117910152
2,OHCIP0000,"Cincinnati, OH",violent,-0.11919255120067358,-0.2108251036366739,0.027590665133569874
3,OHCIP0000,"Cincinnati, OH",violent,-0.08349324284739391,-0.11948984422838807,0.027570005225351305
4,OHCIP0000,"Cincinnati, OH",violent,0.0018861775344930175,0.02096721938592067,0.027542802493625725
5,OHCIP0000,"Cincinnati, OH",violent,0.061378368913264515,0.11145438491469423,0.02757000522535131
6,OHCIP0000,"Cincinnati, OH",violent,0.0731202394301756,0.14484086940533836,0.027590665133569874
7,OHCIP0000,"Cincinnati, OH",violent,0.07742077716314569,0.1543841246530778,0.02757947611791015
8,OHCIP0000,"Cincinnati, OH",violent,0.08304573516707066,0.13054383481091897,0.027590665133569874
9,OHCIP0000,"Cincinnati, OH",violent,0.05826335062100446,0.06688963677505899,0.027570005225351312
10,OHCIP0000,"Cincinnati, OH",violent,0.009030746272720444,0.006713841986505139,0.027542802493625725
11,OHCIP0000,"Cincinnati, OH",violent,-0.02523155287966163,-0.031173116088939364,0.02757000522535131
12,OHCIP0000,"Cincinnati, OH",violent,-0.0478903472037861,-0.09224066195200914,0.02759066513356987
1,OHCLP0000,"Cleveland, OH",violent,-0.08833770097035916,-0.13335326845218584,0.026497742332604796
2,OHCLP0000,"Cleveland, OH",violent,-0.11919255120067358,-0.1585964404341995,0.026521252782940694
3,OHCLP0000,"Cleveland, OH",violent,-0.08349324284739391,-0.11077233209182855,0.02652496243634592
4,OHCLP0000,"Cleveland, OH",violent,0.0018861775344930175,-0.01076238782238775,0.026524779950572223
5,OHCLP0000,"Cleveland, OH",violent,0.061378368913264515,0.07681721946373413,0.026524962436345924
6,OHCLP0000,"Cleveland, OH",violent,0.0731202394301756,0.12273806962176975,0.026521252782940694
7,OHCLP0000,"Cleveland, OH",violent,0.07742077716314569,0.13725691496580122,0.026497742332604792
8,OHCLP0000,"Cleveland, OH",violent,0.08304573516707066,0.12081614391850154,0.026521252782940694
9,OHCLP0000,"Cleveland, OH",violent,0.05826335062100446,0.06908838906251522,0.026524962436345924
10,OHCLP0000,"Cleveland, OH",violent,0.009030746272720444,0.006858741308772347,0.026524779950572223
11,OHCLP0000,"Cleveland, OH",violent,-0.02523155287966163,-0.03903692294803623,0.02652496243634592
12,OHCLP0000,"Cleveland, OH",violent,-0.0478903472037861,-0.08105412659245632,0.026521252782940694
1,OHCOP0000,"Columbus, OH",violent,-0.08833770097035916,-0.08992287496922796,0.02681014747926205
2,OHCOP0000,"Columbus, OH",violent,-0.11919255120067358,-0.1294381058038528,0.026842290503934763
3,OHCOP0000,"Columbus, OH",violent,-0.08349324284739391,-0.0958348271058926,0.026853892665164372
4,OHCOP0000,"Columbus, OH",violent,0.0018861775344930175,0.0090455183254626,0.02686220949388495
5,OHCOP0000,"Columbus, OH",violent,0.061378368913264515,0.08167960851899178,0.026853892665164376
6,OHCOP0000,"Columbus, OH",violent,0.0731202394301756,0.08945494503522555,0.026842290503934763
7,OHCOP0000,"Columbus, OH",violent,0.07742077716314569,0.09709569313951985,0.026810147479262043
8,OHCOP0000,"Columbus, OH",violent,0.08304573516707066,0.11307933950985007,0.026842290503934763
9,OHCOP0000,"Columbus, OH",violent,0.05826335062100446,0.07230324264159799,0.02685389266516438
10,OHCOP0000,"Columbus, OH",violent,0.009030746272720444,-0.016218336495754503,0.02686220949388495
11,OHCOP0000,"Columbus, OH",violent,-0.02523155287966163,-0.0653208422249891,0.026853892665164372
12,OHCOP0000,"Columbus, OH",violent,-0.0478903472037861,-0.06592336057093091,0.026842290503934763
1,OK0140100,"Moore, OK",violent,-0.08833770097035916,-0.10082427614748833,0.038062801396222194
2,OK0140100,"Moore, OK",violent,-0.11919255120067358,-0.12022926416644536,0.038114275741360046
3,OK0140100,"Moore, OK",violent,-0.08349324284739391,-0.07715077809810718,0.03809718980082653
4,OK0140100,"Moore, OK",violent,0.0018861775344930175,0.015584267716142339,0.03810249958478232
5,OK0140100,"Moore, OK",violent,0.061378368913264515,0.08447305775827825,0.038097189800826534
6,OK0140100,"Moore, OK",violent,0.0731202394301756,0.09636039149720446,0.038114275741360046
7,OK0140100,"Moore, OK",violent,0.07742077716314569,0.08611792631508475,0.03806280139622219
8,OK0140100,"Moore, OK",violent,0.08304573516707066,0.07656952499332148,0.038114275741360046
9,OK0140100,"Moore, OK",violent,0.05826335062100446,0.04819738875738688,0.038097189800826534
10,OK0140100,"Moore, OK",violent,0.009030746272720444,-8.779178837387603e-4,0.03810249958478232
11,OK0140100,"Moore, OK",violent,-0.02523155287966163,-0.0408133185851544,0.03809718980082653
12,OK0140100,"Moore, OK",violent,-0.0478903472037861,-0.06740700215648411,0.038114275741360046
1,OK0550300,"Edmond, OK",violent,-0.08833770097035916,-0.08369943805652402,0.03772509599483974
2,OK0550300,"Edmond, OK",violent,-0.11919255120067358,-0.12443577135009246,0.03777593923550757
3,OK0550300,"Edmond, OK",violent,-0.08349324284739391,-0.07869726212976173,0.037752766644171515
4,OK0550300,"Edmond, OK",violent,0.0018861775344930175,0.008143334503579385,0.03780011386683823
5,OK0550300,"Edmond, OK",violent,0.061378368913264515,0.0503178876361383,0.03775276664417152
6,OK0550300,"Edmond, OK",violent,0.0731202394301756,0.06077721522425092,0.03777593923550757
7,OK0550300,"Edmond, OK",violent,0.07742077716314569,0.0885696775887153,0.03772509599483973
8,OK0550300,"Edmond, OK",violent,0.08304573516707066,0.1002142200826552,0.03777593923550757
9,OK0550300,"Edmond, OK",violent,0.05826335062100446,0.0496054713301332,0.03775276664417152
10,OK0550300,"Edmond, OK",violent,0.009030746272720444,-0.013013574035770682,0.03780011386683823
11,OK0550300,"Edmond, OK",violent,-0.02523155287966163,-0.026096336368701074,0.037752766644171515
12,OK0550300,"Edmond, OK",violent,-0.0478903472037861,-0.03168542442462231,0.037775939235507566
1,OK0550400,"Midwest City, OK",violent,-0.08833770097035916,-0.0853956426853669,0.03673756851954097
2,OK0550400,"Midwest City, OK",violent,-0.11919255120067358,-0.09597202360537854,0.036775628836109575
3,OK0550400,"Midwest City, OK",violent,-0.08349324284739391,-0.0554752791007016,0.03678082374690038
4,OK0550400,"Midwest City, OK",violent,0.0018861775344930175,0.005928077800724707,0.036772012873019184
5,OK0550400,"Midwest City, OK",violent,0.061378368913264515,0.05129185411443757,0.03678082374690038
6,OK0550400,"Midwest City, OK",violent,0.0731202394301756,0.07592914785217064,0.036775628836109575
7,OK0550400,"Midwest City, OK",violent,0.07742077716314569,0.08282528686806917,0.036737568519540964
8,OK0550400,"Midwest City, OK",violent,0.08304573516707066,0.06360498656720745,0.036775628836109575
9,OK0550400,"Midwest City, OK",violent,0.05826335062100446,0.02567859787982821,0.03678082374690038
10,OK0550400,"Midwest City, OK",violent,0.009030746272720444,-0.0033577219834270027,0.036772012873019184
11,OK0550400,"Midwest City, OK",violent,-0.02523155287966163,-0.018924817076266486,0.03678082374690038
12,OK0550400,"Midwest City, OK",violent,-0.0478903472037861,-0.046132466631297206,0.036775628836109575
1,OK0550600,"Oklahoma City, OK",violent,-0.08833770097035916,-0.12290788631038999,0.026676087304303712
2,OK0550600,"Oklahoma City, OK",violent,-0.11919255120067358,-0.14887216349921462,0.026699423029817797
3,OK0550600,"Oklahoma City, OK",violent,-0.08349324284739391,-0.07552705751198377,0.02670880490840792
4,OK0550600,"Oklahoma City, OK",violent,0.0018861775344930175,0.02942804789655109,0.02672109313274409
5,OK0550600,"Oklahoma City, OK",violent,0.061378368913264515,0.07291936861278688,0.026708804908407928
6,OK0550600,"Oklahoma City, OK",violent,0.0731202394301756,0.07228291463222425,0.026699423029817797
7,OK0550600,"Oklahoma City, OK",violent,0.07742077716314569,0.08679972749546418,0.02667608730430371
8,OK0550600,"Oklahoma City, OK",violent,0.08304573516707066,0.09680706807009477,0.026699423029817797
9,OK0550600,"Oklahoma City, OK",violent,0.05826335062100446,0.05957012089778975,0.026708804908407928
10,OK0550600,"Oklahoma City, OK",violent,0.009030746272720444,0.006680110918374715,0.02672109313274409
11,OK0550600,"Oklahoma City, OK",violent,-0.02523155287966163,-0.020854273183667095,0.02670880490840792
12,OK0550600,"Oklahoma City, OK",violent,-0.0478903472037861,-0.05632597801803017,0.026699423029817797
1,OK0720100,"Broken Arrow, OK",violent,-0.08833770097035916,-0.039000324973664395,0.036608008928486015
2,OK0720100,"Broken Arrow, OK",violent,-0.11919255120067358,-0.12182420042298257,0.036679359426727884
3,OK0720100,"Broken Arrow, OK",violent,-0.08349324284739391,-0.12007515179678732,0.03665711414254589
4,OK0720100,"Broken Arrow, OK",violent,0.0018861775344930175,-0.01057238299041071,0.036653029047300306
5,OK0720100,"Broken Arrow, OK",violent,0.061378368913264515,0.08292724978828059,0.036657114142545896
6,OK0720100,"Broken Arrow, OK",violent,0.0731202394301756,0.08072815752072185,0.036679359426727884
7,OK0720100,"Broken Arrow, OK",violent,0.07742077716314569,0.044741032499743406,0.03660800892848601
8,OK0720100,"Broken Arrow, OK",violent,0.08304573516707066,0.037149788945300806,0.036679359426727884
9,OK0720100,"Broken Arrow, OK",violent,0.05826335062100446,0.029660032793026533,0.036657114142545896
10,OK0720100,"Broken Arrow, OK",violent,0.009030746272720444,0.004831675464331689,0.036653029047300306
11,OK0720100,"Broken Arrow, OK",violent,-0.02523155287966163,0.0017471616894011582,0.03665711414254589
12,OK0720100,"Broken Arrow, OK",violent,-0.0478903472037861,0.009686961483038947,0.036679359426727884
1,OR0020100,"Corvallis, OR",violent,-0.08833770097035916,-0.10322709451296827,0.03923397853992879
2,OR0020100,"Corvallis, OR",violent,-0.11919255120067358,-0.11528131289039478,0.03925836327998574
3,OR0020100,"Corvallis, OR",violent,-0.08349324284739391,-0.08385349703036392,0.03924347562930255
4,OR0020100,"Corvallis, OR",violent,0.0018861775344930175,-0.019079159841170045,0.03924294243684801
5,OR0020100,"Corvallis, OR",violent,0.061378368913264515,0.041062128854470414,0.039243475629302554
6,OR0020100,"Corvallis, OR",violent,0.0731202394301756,0.06607988948040286,0.03925836327998574
7,OR0020100,"Corvallis, OR",violent,0.07742077716314569,0.06704676618226685,0.03923397853992879
8,OR0020100,"Corvallis, OR",violent,0.08304573516707066,0.07132227425330684,0.03925836327998574
9,OR0020100,"Corvallis, OR",violent,0.05826335062100446,0.07607478672397738,0.039243475629302554
10,OR0020100,"Corvallis, OR",violent,0.009030746272720444,0.055259488171871464,0.03924294243684801
11,OR0020100,"Corvallis, OR",violent,-0.02523155287966163,0.0028969097826174943,0.03924347562930255
12,OR0020100,"Corvallis, OR",violent,-0.0478903472037861,-0.05830117917401628,0.03925836327998574
1,OR0030000,"Clackamas, OR",violent,-0.08833770097035916,-0.07282519689045235,0.032754864448233306
2,OR0030000,"Clackamas, OR",violent,-0.11919255120067358,-0.13241309204415774,0.03279414494711635
3,OR0030000,"Clackamas, OR",violent,-0.08349324284739391,-0.09530476327976307,0.03280327500636312
4,OR0030000,"Clackamas, OR",violent,0.0018861775344930175,0.0017813755466228017,0.032798912664127974
5,OR0030000,"Clackamas, OR",violent,0.061378368913264515,0.050876967881653405,0.03280327500636312
6,OR0030000,"Clackamas, OR",violent,0.0731202394301756,0.04943428280510687,0.03279414494711635
7,OR0030000,"Clackamas, OR",violent,0.07742077716314569,0.06609107619139777,0.0327548644482333
8,OR0030000,"Clackamas, OR",violent,0.08304573516707066,0.08824163955430493,0.03279414494711635
9,OR0030000,"Clackamas, OR",violent,0.05826335062100446,0.05786743148896485,0.032803275006363125
10,OR0030000,"Clackamas, OR",violent,0.009030746272720444,0.004952745152431758,0.032798912664127974
11,OR0030000,"Clackamas, OR",violent,-0.02523155287966163,-0.006705515391800642,0.03280327500636312
12,OR0030000,"Clackamas, OR",violent,-0.0478903472037861,-0.011996951014308598,0.03279414494711635
1,OR0090100,"Bend, OR",violent,-0.08833770097035916,-0.06048363366438874,0.03723544294603075
2,OR0090100,"Bend, OR",violent,-0.11919255120067358,-0.09555329492667677,0.037289875035767146
3,OR0090100,"Bend, OR",violent,-0.08349324284739391,-0.09328274346053186,0.03729482918918589
4,OR0090100,"Bend, OR",violent,0.0018861775344930175,-0.013568573086035839,0.037308289670157396
5,OR0090100,"Bend, OR",violent,0.061378368913264515,0.0720658901072488,0.0372948291891859
6,OR0090100,"Bend, OR",violent,0.0731202394301756,0.09197708192298791,0.037289875035767146
7,OR0090100,"Bend, OR",violent,0.07742077716314569,0.07697240396957254,0.03723544294603075
8,OR0090100,"Bend, OR",violent,0.08304573516707066,0.07373491771786667,0.037289875035767146
9,OR0090100,"Bend, OR",violent,0.05826335062100446,0.05497559594653796,0.0372948291891859
10,OR0090100,"Bend, OR",violent,0.009030746272720444,-0.002920197219147957,0.037308289670157396
11,OR0090100,"Bend, OR",violent,-0.02523155287966163,-0.05024751289843872,0.03729482918918589
12,OR0090100,"Bend, OR",violent,-0.0478903472037861,-0.053669934408993994,0.037289875035767146
1,OR0150400,"Medford, OR",violent,-0.08833770097035916,-0.10867768105672604,0.0341312782389914
2,OR0150400,"Medford, OR",violent,-0.11919255120067358,-0.08337189319109892,0.0342482270018401
3,OR0150400,"Medford, OR",violent,-0.08349324284739391,-0.011135889552277527,0.03420509981844612
4,OR0150400,"Medford, OR",violent,0.0018861775344930175,0.06428210320473572,0.034250019132952426
5,OR0150400,"Medford, OR",violent,0.061378368913264515,0.08779655878609899,0.034205099818446126
6,OR0150400,"Medford, OR",violent,0.0731202394301756,0.07299333522947758,0.0342482270018401
7,OR0150400,"Medford, OR",violent,0.07742077716314569,0.06880469558505083,0.03413127823899139
8,OR0150400,"Medford, OR",violent,0.08304573516707066,0.07106097064913983,0.0342482270018401
9,OR0150400,"Medford, OR",violent,0.05826335062100446,0.038697952481993675,0.034205099818446126
10,OR0150400,"Medford, OR",violent,0.009030746272720444,-0.02440911773306051,0.034250019132952426
11,OR0150400,"Medford, OR",violent,-0.02523155287966163,-0.07548563624413994,0.03420509981844612
12,OR0150400,"Medford, OR",violent,-0.0478903472037861,-0.10055539815919368,0.0342482270018401
1,OR0220100,"Albany, OR",violent,-0.08833770097035916,-0.11554857869672588,0.0398108390181123
2,OR0220100,"Albany, OR",violent,-0.11919255120067358,-0.14541561502598457,0.03986236590837003
3,OR0220100,"Albany, OR",violent,-0.08349324284739391,-0.08950691734429092,0.03981208005536272
4,OR0220100,"Albany, OR",violent,0.0018861775344930175,0.016241011792582628,0.03982376449669537
5,OR0220100,"Albany, OR",violent,0.061378368913264515,0.07621421399557646,0.03981208005536273
6,OR0220100,"Albany, OR",violent,0.0731202394301756,0.08478854118482812,0.03986236590837003
7,OR0220100,"Albany, OR",violent,0.07742077716314569,0.10155661903183619,0.03981083901811229
8,OR0220100,"Albany, OR",violent,0.08304573516707066,0.11670124428701148,0.03986236590837003
9,OR0220100,"Albany, OR",violent,0.05826335062100446,0.07478450627020752,0.03981208005536273
10,OR0220100,"Albany, OR",violent,0.009030746272720444,-0.002249052127692948,0.03982376449669537
11,OR0220100,"Albany, OR",violent,-0.02523155287966163,-0.04749984325660342,0.03981208005536272
12,OR0220100,"Albany, OR",violent,-0.0478903472037861,-0.07006613011074467,0.03986236590837003
1,OR0240200,"Salem, OR",violent,-0.08833770097035916,-0.06087391495861071,0.03092296984991853
2,OR0240200,"Salem, OR",violent,-0.11919255120067358,-0.11476503190187502,0.030970963102929783
3,OR0240200,"Salem, OR",violent,-0.08349324284739391,-0.11000438873466946,0.03099648110321491
4,OR0240200,"Salem, OR",violent,0.0018861775344930175,-0.029191913736946604,0.031038152821301207
5,OR0240200,"Salem, OR",violent,0.061378368913264515,0.05097141507060711,0.030996481103214915
6,OR0240200,"Salem, OR",violent,0.0731202394301756,0.09137038292690235,0.030970963102929783
7,OR0240200,"Salem, OR",violent,0.07742077716314569,0.11679799303495256,0.030922969849918526
8,OR0240200,"Salem, OR",violent,0.08304573516707066,0.11760682008620175,0.030970963102929783
9,OR0240200,"Salem, OR",violent,0.05826335062100446,0.05692209884265436,0.030996481103214915
10,OR0240200,"Salem, OR",violent,0.009030746272720444,-0.026732164339395258,0.031038152821301207
11,OR0240200,"Salem, OR",violent,-0.02523155287966163,-0.053813203254933883,0.03099648110321491
12,OR0240200,"Salem, OR",violent,-0.0478903472037861,-0.0382880930348872,0.030970963102929783
1,OR0260100,"Gresham, OR",violent,-0.08833770097035916,-0.03732838232569735,0.03304299028931451
2,OR0260100,"Gresham, OR",violent,-0.11919255120067358,-0.08616509204097485,0.033110394142964274
3,OR0260100,"Gresham, OR",violent,-0.08349324284739391,-0.08291096643502799,0.03309030791198243
4,OR0260100,"Gresham, OR",violent,0.0018861775344930175,-0.023152329188272692,0.033165819934403915
5,OR0260100,"Gresham, OR",violent,0.061378368913264515,0.030037059185224778,0.03309030791198243
6,OR0260100,"Gresham, OR",violent,0.0731202394301756,0.05306986444392909,0.033110394142964274
7,OR0260100,"Gresham, OR",violent,0.07742077716314569,0.07060587523142395,0.033042990289314504
8,OR0260100,"Gresham, OR",violent,0.08304573516707066,0.07510120442193578,0.033110394142964274
9,OR0260100,"Gresham, OR",violent,0.05826335062100446,0.03856958591026232,0.03309030791198243
10,OR0260100,"Gresham, OR",violent,0.009030746272720444,-0.010125163717453919,0.033165819934403915
11,OR0260100,"Gresham, OR",violent,-0.02523155287966163,-0.018973171566185738,0.03309030791198243
12,OR0260100,"Gresham, OR",violent,-0.0478903472037861,-0.008728483919163392,0.033110394142964274
1,OR0260200,"Portland, OR",violent,-0.08833770097035916,-0.09107699068646051,0.02679674608817133
2,OR0260200,"Portland, OR",violent,-0.11919255120067358,-0.10483701474105321,0.026829007841397225
3,OR0260200,"Portland, OR",violent,-0.08349324284739391,-0.08095502380046653,0.02684062831854121
4,OR0260200,"Portland, OR",violent,0.0018861775344930175,-0.022312892998156978,0.026855496880201606
5,OR0260200,"Portland, OR",violent,0.061378368913264515,0.036910934948364185,0.026840628318541216
6,OR0260200,"Portland, OR",violent,0.0731202394301756,0.07137440914996163,0.026829007841397225
7,OR0260200,"Portland, OR",violent,0.07742077716314569,0.08615440360956064,0.026796746088171328
8,OR0260200,"Portland, OR",violent,0.08304573516707066,0.08856549668824691,0.026829007841397228
9,OR0260200,"Portland, OR",violent,0.05826335062100446,0.06960609282456011,0.026840628318541216
10,OR0260200,"Portland, OR",violent,0.009030746272720444,0.027235480075056835,0.026855496880201606
11,OR0260200,"Portland, OR",violent,-0.02523155287966163,-0.020639416895557927,0.02684062831854121
12,OR0260200,"Portland, OR",violent,-0.0478903472037861,-0.06002547817405515,0.026829007841397225
1,OR0340000,"Washington, OR",violent,-0.08833770097035916,-0.06403671581608969,0.03324652554428878
2,OR0340000,"Washington, OR",violent,-0.11919255120067358,-0.10211584667438874,0.03331630956628374
3,OR0340000,"Washington, OR",violent,-0.08349324284739391,-0.08625750981894985,0.033300700226272247
4,OR0340000,"Washington, OR",violent,0.0018861775344930175,-0.0034348460785713474,0.03335361274166857
5,OR0340000,"Washington, OR",violent,0.061378368913264515,0.05892071216571788,0.033300700226272253
6,OR0340000,"Washington, OR",violent,0.0731202394301756,0.06733293100028966,0.03331630956628374
7,OR0340000,"Washington, OR",violent,0.07742077716314569,0.0795987903647191,0.03324652554428877
8,OR0340000,"Washington, OR",violent,0.08304573516707066,0.10350366096592721,0.03331630956628374
9,OR0340000,"Washington, OR",violent,0.05826335062100446,0.07208324956185894,0.033300700226272253
10,OR0340000,"Washington, OR",violent,0.009030746272720444,-0.01212722847005806,0.03335361274166857
11,OR0340000,"Washington, OR",violent,-0.02523155287966163,-0.06030852645725639,0.033300700226272247
12,OR0340000,"Washington, OR",violent,-0.0478903472037861,-0.05315867074319872,0.03331630956628374
1,OR0340100,"Beaverton, OR",violent,-0.08833770097035916,-0.0694032679985903,0.03576575394027976
2,OR0340100,"Beaverton, OR",violent,-0.11919255120067358,-0.10919785925110621,0.0358303471278084
3,OR0340100,"Beaverton, OR",violent,-0.08349324284739391,-0.07506757806694568,0.035801078634582165
4,OR0340100,"Beaverton, OR",violent,0.0018861775344930175,0.006844165331691922,0.035833611030998934
5,OR0340100,"Beaverton, OR",violent,0.061378368913264515,0.04568733653365423,0.035801078634582165
6,OR0340100,"Beaverton, OR",violent,0.0731202394301756,0.04427040941418095,0.0358303471278084
7,OR0340100,"Beaverton, OR",violent,0.07742077716314569,0.06844418675557883,0.03576575394027976
8,OR0340100,"Beaverton, OR",violent,0.08304573516707066,0.09886590231017671,0.0358303471278084
9,OR0340100,"Beaverton, OR",violent,0.05826335062100446,0.06569470236902765,0.035801078634582165
10,OR0340100,"Beaverton, OR",violent,0.009030746272720444,-0.005885084088680459,0.035833611030998934
11,OR0340100,"Beaverton, OR",violent,-0.02523155287966163,-0.03535537959272477,0.035801078634582165
12,OR0340100,"Beaverton, OR",violent,-0.0478903472037861,-0.03489753371626289,0.0358303471278084
1,OR0340300,"Hillsboro, OR",violent,-0.08833770097035916,-0.059339642057154154,0.0350448730531167
2,OR0340300,"Hillsboro, OR",violent,-0.11919255120067358,-0.08239009359704164,0.03509811130324524
3,OR0340300,"Hillsboro, OR",violent,-0.08349324284739391,-0.048946458437338455,0.035125843076053466
4,OR0340300,"Hillsboro, OR",violent,0.0018861775344930175,0.017805979507364105,0.0351220313592118
5,OR0340300,"Hillsboro, OR",violent,0.061378368913264515,0.04759150596647517,0.035125843076053466
6,OR0340300,"Hillsboro, OR",violent,0.0731202394301756,0.051160994760846644,0.03509811130324524
7,OR0340300,"Hillsboro, OR",violent,0.07742077716314569,0.07772554268134324,0.035044873053116696
8,OR0340300,"Hillsboro, OR",violent,0.08304573516707066,0.09470561228375428,0.03509811130324524
9,OR0340300,"Hillsboro, OR",violent,0.05826335062100446,0.04287607649986202,0.03512584307605347
10,OR0340300,"Hillsboro, OR",violent,0.009030746272720444,-0.03619188013155321,0.0351220313592118
11,OR0340300,"Hillsboro, OR",violent,-0.02523155287966163,-0.05990702465318784,0.035125843076053466
12,OR0340300,"Hillsboro, OR",violent,-0.0478903472037861,-0.045090612823370166,0.03509811130324524
1,OR0340400,"Tigard, OR",violent,-0.08833770097035916,-0.060865397027767915,0.038065863949043446
2,OR0340400,"Tigard, OR",violent,-0.11919255120067358,-0.09018930046317829,0.03810005520718269
3,OR0340400,"Tigard, OR",violent,-0.08349324284739391,-0.05637976835921189,0.038115624891273625
4,OR0340400,"Tigard, OR",violent,0.0018861775344930175,0.01833952361222979,0.03812481608043176
5,OR0340400,"Tigard, OR",violent,0.061378368913264515,0.060919021112778846,0.03811562489127363
6,OR0340400,"Tigard, OR",violent,0.0731202394301756,0.06745921262615169,0.03810005520718269
7,OR0340400,"Tigard, OR",violent,0.07742077716314569,0.07749468812867381,0.038065863949043446
8,OR0340400,"Tigard, OR",violent,0.08304573516707066,0.07474007662081265,0.03810005520718269
9,OR0340400,"Tigard, OR",violent,0.05826335062100446,0.024301253415940353,0.03811562489127363
10,OR0340400,"Tigard, OR",violent,0.009030746272720444,-0.03496881471313571,0.03812481608043176
11,OR0340400,"Tigard, OR",violent,-0.02523155287966163,-0.04546979727041323,0.038115624891273625
12,OR0340400,"Tigard, OR",violent,-0.0478903472037861,-0.035380697682880116,0.03810005520718269
1,PA0061400,"Reading, PA",violent,-0.08833770097035916,-0.11137696470545688,0.03281940374560137
2,PA0061400,"Reading, PA",violent,-0.11919255120067358,-0.1167972345779754,0.03288251520996201
3,PA0061400,"Reading, PA",violent,-0.08349324284739391,-0.08678096082831355,0.032829343589445996
4,PA0061400,"Reading, PA",violent,0.0018861775344930175,-0.012935214392223358,0.0328622527237776
5,PA0061400,"Reading, PA",violent,0.061378368913264515,0.0662419477449624,0.032829343589445996
6,PA0061400,"Reading, PA",violent,0.0731202394301756,0.08519314818635604,0.03288251520996201
7,PA0061400,"Reading, PA",violent,0.07742077716314569,0.051545322551795184,0.03281940374560136
8,PA0061400,"Reading, PA",violent,0.08304573516707066,0.04055620026874457,0.03288251520996201
9,PA0061400,"Reading, PA",violent,0.05826335062100446,0.07037156867274438,0.032829343589445996
10,PA0061400,"Reading, PA",violent,0.009030746272720444,0.07276685654588505,0.0328622527237776
11,PA0061400,"Reading, PA",violent,-0.02523155287966163,0.009999086564268385,0.032829343589445996
12,PA0061400,"Reading, PA",violent,-0.0478903472037861,-0.06878375603078685,0.03288251520996201
1,PA0090100,"Bensalem, PA",violent,-0.08833770097035916,-0.08285136441164857,0.04051097605401957
2,PA0090100,"Bensalem, PA",violent,-0.11919255120067358,-0.10347313899029564,0.04054577784770504
3,PA0090100,"Bensalem, PA",violent,-0.08349324284739391,-0.0715069002826659,0.0405359388964999
4,PA0090100,"Bensalem, PA",violent,0.0018861775344930175,-0.004678046422243553,0.04055180451931265
5,PA0090100,"Bensalem, PA",violent,0.061378368913264515,0.044289449391465986,0.04053593889649991
6,PA0090100,"Bensalem, PA",violent,0.0731202394301756,0.06759988870180417,0.04054577784770504
7,PA0090100,"Bensalem, PA",violent,0.07742077716314569,0.08807686144905333,0.040510976054019564
8,PA0090100,"Bensalem, PA",violent,0.08304573516707066,0.09299581215706432,0.04054577784770504
9,PA0090100,"Bensalem, PA",violent,0.05826335062100446,0.05580407641202985,0.04053593889649991
10,PA0090100,"Bensalem, PA",violent,0.009030746272720444,-5.474506151612069e-4,0.04055180451931265
11,PA0090100,"Bensalem, PA",violent,-0.02523155287966163,-0.033812122558234695,0.0405359388964999
12,PA0090100,"Bensalem, PA",violent,-0.0478903472037861,-0.05189706483116805,0.04054577784770504
1,PA0140300,"State College, PA",violent,-0.08833770097035916,-0.0963670500859346,0.0409943602736621
2,PA0140300,"State College, PA",violent,-0.11919255120067358,-0.1094402770658576,0.04098534716270212
3,PA0140300,"State College, PA",violent,-0.08349324284739391,-0.05814316922448321,0.04096227571762833
4,PA0140300,"State College, PA",violent,0.0018861775344930175,0.009691781787402515,0.040957790641392315
5,PA0140300,"State College, PA",violent,0.061378368913264515,0.030488123726457896,0.04096227571762833
6,PA0140300,"State College, PA",violent,0.0731202394301756,0.020315964477669892,0.04098534716270212
7,PA0140300,"State College, PA",violent,0.07742077716314569,0.03669686080574878,0.0409943602736621
8,PA0140300,"State College, PA",violent,0.08304573516707066,0.07543989898038349,0.04098534716270212
9,PA0140300,"State College, PA",violent,0.05826335062100446,0.08381298041919494,0.04096227571762834
10,PA0140300,"State College, PA",violent,0.009030746272720444,0.04997840749278331,0.040957790641392315
11,PA0140300,"State College, PA",violent,-0.02523155287966163,0.003512254359016162,0.04096227571762833
12,PA0140300,"State College, PA",violent,-0.0478903472037861,-0.04598577567238158,0.04098534716270212
1,PA0220200,"Harrisburg, PA",violent,-0.08833770097035916,-0.08806321907577594,0.032931489959653386
2,PA0220200,"Harrisburg, PA",violent,-0.11919255120067358,-0.15732597068129545,0.03302377053199686
3,PA0220200,"Harrisburg, PA",violent,-0.08349324284739391,-0.10794049913306819,0.033013216258273456
4,PA0220200,"Harrisburg, PA",violent,0.0018861775344930175,0.0065828988012126355,0.032992592877421734
5,PA0220200,"Harrisburg, PA",violent,0.061378368913264515,0.06879593961796585,0.033013216258273456
6,PA0220200,"Harrisburg, PA",violent,0.0731202394301756,0.07142189147074299,0.03302377053199686
7,PA0220200,"Harrisburg, PA",violent,0.07742077716314569,0.07457258253248755,0.03293148995965338
8,PA0220200,"Harrisburg, PA",violent,0.08304573516707066,0.07294850116658645,0.03302377053199686
9,PA0220200,"Harrisburg, PA",violent,0.05826335062100446,0.03705366616164756,0.03301321625827346
10,PA0220200,"Harrisburg, PA",violent,0.009030746272720444,0.006907737742075726,0.032992592877421734
11,PA0220200,"Harrisburg, PA",violent,-0.02523155287966163,0.015581529896743117,0.033013216258273456
12,PA0220200,"Harrisburg, PA",violent,-0.0478903472037861,-5.350584993222974e-4,0.03302377053199686
1,PA0220400,"Lower Paxton, PA",violent,-0.08833770097035916,-0.08672513786036748,0.039618386527971235
2,PA0220400,"Lower Paxton, PA",violent,-0.11919255120067358,-0.09219879411325817,0.03969236126672103
3,PA0220400,"Lower Paxton, PA",violent,-0.08349324284739391,-0.08344468012400409,0.03965833584643468
4,PA0220400,"Lower Paxton, PA",violent,0.0018861775344930175,-0.03654035458499413,0.03968710038707605
5,PA0220400,"Lower Paxton, PA",violent,0.061378368913264515,0.03613349900668399,0.03965833584643469
6,PA0220400,"Lower Paxton, PA",violent,0.0731202394301756,0.08374171472241042,0.03969236126672103
7,PA0220400,"Lower Paxton, PA",violent,0.07742077716314569,0.08783866958860695,0.03961838652797123
8,PA0220400,"Lower Paxton, PA",violent,0.08304573516707066,0.07828127250486606,0.03969236126672103
9,PA0220400,"Lower Paxton, PA",violent,0.05826335062100446,0.06841362678737252,0.03965833584643469
10,PA0220400,"Lower Paxton, PA",violent,0.009030746272720444,0.03542682285675465,0.03968710038707605
11,PA0220400,"Lower Paxton, PA",violent,-0.02523155287966163,-0.02221597739829192,0.03965833584643468
12,PA0220400,"Lower Paxton, PA",violent,-0.0478903472037861,-0.0687106613857788,0.03969236126672103
1,PA0231400,"Haverford, PA",violent,-0.08833770097035916,-0.11889603415722211,0.04310977865891628
2,PA0231400,"Haverford, PA",violent,-0.11919255120067358,-0.13578412887012642,0.04311536587487621
3,PA0231400,"Haverford, PA",violent,-0.08349324284739391,-0.0820443542997703,0.043102952291536566
4,PA0231400,"Haverford, PA",violent,0.0018861775344930175,0.003408235633430734,0.043110978943549774
5,PA0231400,"Haverford, PA",violent,0.061378368913264515,0.0591861201133127,0.04310295229153657
6,PA0231400,"Haverford, PA",violent,0.0731202394301756,0.07606225634933016,0.04311536587487621
7,PA0231400,"Haverford, PA",violent,0.07742077716314569,0.08252211547827919,0.04310977865891627
8,PA0231400,"Haverford, PA",violent,0.08304573516707066,0.08442996542366622,0.04311536587487621
9,PA0231400,"Haverford, PA",violent,0.05826335062100446,0.06706410953225302,0.04310295229153658
10,PA0231400,"Haverford, PA",violent,0.009030746272720444,0.032965683045512166,0.043110978943549774
11,PA0231400,"Haverford, PA",violent,-0.02523155287966163,-0.007831956666852538,0.04310295229153657
12,PA0231400,"Haverford, PA",violent,-0.0478903472037861,-0.0610820115818128,0.0431153658748762
1,PA0233700,"Upper Darby, PA",violent,-0.08833770097035916,-0.07012154694979413,0.03559368197770397
2,PA0233700,"Upper Darby, PA",violent,-0.11919255120067358,-0.1325980000138194,0.035646360567736825
3,PA0233700,"Upper Darby, PA",violent,-0.08349324284739391,-0.11746554316288166,0.035645252298040823
4,PA0233700,"Upper Darby, PA",violent,0.0018861775344930175,-0.016522675436922943,0.03565361357698764
5,PA0233700,"Upper Darby, PA",violent,0.061378368913264515,0.058390714604782464,0.03564525229804083
6,PA0233700,"Upper Darby, PA",violent,0.0731202394301756,0.058538204040342184,0.035646360567736825
7,PA0233700,"Upper Darby, PA",violent,0.07742077716314569,0.057049934196127965,0.03559368197770396
8,PA0233700,"Upper Darby, PA",violent,0.08304573516707066,0.08777266866923093,0.03564636056773683
9,PA0233700,"Upper Darby, PA",violent,0.05826335062100446,0.08571182457195935,0.03564525229804083
10,PA0233700,"Upper Darby, PA",violent,0.009030746272720444,0.029594288190589107,0.03565361357698764
11,PA0233700,"Upper Darby, PA",violent,-0.02523155287966163,-0.01356538326019403,0.035645252298040823
12,PA0233700,"Upper Darby, PA",violent,-0.0478903472037861,-0.026784485449419852,0.035646360567736825
1,PA0250200,"Erie, PA",violent,-0.08833770097035916,-0.1043852102777118,0.03276090678842753
2,PA0250200,"Erie, PA",violent,-0.11919255120067358,-0.14475140982145832,0.03279104522810029
3,PA0250200,"Erie, PA",violent,-0.08349324284739391,-0.11312137877565176,0.032790597648108946
4,PA0250200,"Erie, PA",violent,0.0018861775344930175,-0.019859841851733773,0.03280979367948484
5,PA0250200,"Erie, PA",violent,0.061378368913264515,0.06374261046425193,0.03279059764810895
6,PA0250200,"Erie, PA",violent,0.0731202394301756,0.10032803908494663,0.03279104522810029
7,PA0250200,"Erie, PA",violent,0.07742077716314569,0.10816495090837033,0.032760906788427524
8,PA0250200,"Erie, PA",violent,0.08304573516707066,0.09872670015377465,0.03279104522810029
9,PA0250200,"Erie, PA",violent,0.05826335062100446,0.06331692847730953,0.03279059764810895
10,PA0250200,"Erie, PA",violent,0.009030746272720444,0.01608010122107522,0.03280979367948484
11,PA0250200,"Erie, PA",violent,-0.02523155287966163,-0.017717900796568296,0.032790597648108946
12,PA0250200,"Erie, PA",violent,-0.0478903472037861,-0.05052358878660434,0.03279104522810029
1,PA0250300,"Millcreek, PA",violent,-0.08833770097035916,-0.0982799280868601,0.038621178475735034
2,PA0250300,"Millcreek, PA",violent,-0.11919255120067358,-0.12515347004560046,0.038665438712892644
3,PA0250300,"Millcreek, PA",violent,-0.08349324284739391,-0.07047419701094101,0.038630314153564854
4,PA0250300,"Millcreek, PA",violent,0.0018861775344930175,0.018558519740468335,0.038656123388539146
5,PA0250300,"Millcreek, PA",violent,0.061378368913264515,0.06301004614404707,0.03863031415356486
6,PA0250300,"Millcreek, PA",violent,0.0731202394301756,0.06672076587915,0.038665438712892644
7,PA0250300,"Millcreek, PA",violent,0.07742077716314569,0.07536519030643606,0.03862117847573503
8,PA0250300,"Millcreek, PA",violent,0.08304573516707066,0.07926329474875195,0.038665438712892644
9,PA0250300,"Millcreek, PA",violent,0.05826335062100446,0.04749875949451654,0.03863031415356486
10,PA0250300,"Millcreek, PA",violent,0.009030746272720444,0.004356218039955697,0.038656123388539146
11,PA0250300,"Millcreek, PA",violent,-0.02523155287966163,-0.01711987084719859,0.038630314153564854
12,PA0250300,"Millcreek, PA",violent,-0.0478903472037861,-0.04374532836272548,0.03866543871289264
1,PA0350400,"Scranton, PA",violent,-0.08833770097035916,-0.10614926362925448,0.033539790897622046
2,PA0350400,"Scranton, PA",violent,-0.11919255120067358,-0.06425594416567068,0.03359942481031301
3,PA0350400,"Scranton, PA",violent,-0.08349324284739391,-0.03508933384176339,0.03360477520710286
4,PA0350400,"Scranton, PA",violent,0.0018861775344930175,-0.02828599808510519,0.03359678276364399
5,PA0350400,"Scranton, PA",violent,0.061378368913264515,0.03256555653262936,0.033604775207102866
6,PA0350400,"Scranton, PA",violent,0.0731202394301756,0.12073508691179646,0.03359942481031301
7,PA0350400,"Scranton, PA",violent,0.07742077716314569,0.1178382258108102,0.03353979089762204
8,PA0350400,"Scranton, PA",violent,0.08304573516707066,0.03079784590158357,0.03359942481031301
9,PA0350400,"Scranton, PA",violent,0.05826335062100446,-0.010057726603879484,0.033604775207102866
10,PA0350400,"Scranton, PA",violent,0.009030746272720444,0.016597035903549412,0.03359678276364399
11,PA0350400,"Scranton, PA",violent,-0.02523155287966163,8.925417314577204e-4,0.03360477520710286
12,PA0350400,"Scranton, PA",violent,-0.0478903472037861,-0.07558802646615354,0.03359942481031301
1,PA0360500,"Lancaster, PA",violent,-0.08833770097035916,-0.14843743923853991,0.03443875505344856
2,PA0360500,"Lancaster, PA",violent,-0.11919255120067358,-0.1100356044351193,0.03450692618880729
3,PA0360500,"Lancaster, PA",violent,-0.08349324284739391,-0.05090239312802168,0.03446571977430344
4,PA0360500,"Lancaster, PA",violent,0.0018861775344930175,-0.004571991235259317,0.034444059733488054
5,PA0360500,"Lancaster, PA",violent,0.061378368913264515,0.04541795128782653,0.03446571977430344
6,PA0360500,"Lancaster, PA",violent,0.0731202394301756,0.0891235896579405,0.03450692618880729
7,PA0360500,"Lancaster, PA",violent,0.07742077716314569,0.09227558512464006,0.03443875505344855
8,PA0360500,"Lancaster, PA",violent,0.08304573516707066,0.071135108431955807,0.03450692618880729
9,PA0360500,"Lancaster, PA",violent,0.05826335062100446,0.06816375123875804,0.03446571977430344
10,PA0360500,"Lancaster, PA",violent,0.009030746272720444,0.06073384534915917,0.034444059733488054
11,PA0360500,"Lancaster, PA",violent,-0.02523155287966163,-0.006517455284663077,0.03446571977430344
12,PA0360500,"Lancaster, PA",violent,-0.0478903472037861,-0.10638494776867678,0.03450692618880729
1,PA0390100,"Allentown, PA",violent,-0.08833770097035916,-0.047992190893169584,0.03326533205046125
2,PA0390100,"Allentown, PA",violent,-0.11919255120067358,-0.0836249847782679,0.033366419374343946
3,PA0390100,"Allentown, PA",violent,-0.08349324284739391,-0.09877729867515345,0.03332660892432837
4,PA0390100,"Allentown, PA",violent,0.0018861775344930175,-0.02905848362491216,0.0333690332008701
5,PA0390100,"Allentown, PA",violent,0.061378368913264515,0.06698515661545358,0.03332660892432838
6,PA0390100,"Allentown, PA",violent,0.0731202394301756,0.08674654200112443,0.033366419374343946
7,PA0390100,"Allentown, PA",violent,0.07742077716314569,0.04818396802435784,0.03326533205046125
8,PA0390100,"Allentown, PA",violent,0.08304573516707066,0.03843231414268224,0.03336641937434395
9,PA0390100,"Allentown, PA",violent,0.05826335062100446,0.053392850908379544,0.033326608924328385
10,PA0390100,"Allentown, PA",violent,0.009030746272720444,0.028866706493723904,0.0333690332008701
11,PA0390100,"Allentown, PA",violent,-0.02523155287966163,-0.021792485979867954,0.03332660892432838
12,PA0390100,"Allentown, PA",violent,-0.0478903472037861,-0.04136209423435053,0.033366419374343946
1,PA0460100,"Abington, PA",violent,-0.08833770097035916,-0.07875949478511517,0.04107230568492891
2,PA0460100,"Abington, PA",violent,-0.11919255120067358,-0.11422847292217543,0.04109322779014328
3,PA0460100,"Abington, PA",violent,-0.08349324284739391,-0.07946663239233466,0.04106267070836389
4,PA0460100,"Abington, PA",violent,0.0018861775344930175,0.005431490923624871,0.04107054660566139
5,PA0460100,"Abington, PA",violent,0.061378368913264515,0.056884182270733455,0.04106267070836389
6,PA0460100,"Abington, PA",violent,0.0731202394301756,0.051509566591743564,0.04109322779014328
7,PA0460100,"Abington, PA",violent,0.07742077716314569,0.04394777575841353,0.04107230568492891
8,PA0460100,"Abington, PA",violent,0.08304573516707066,0.05856212699342813,0.04109322779014328
9,PA0460100,"Abington, PA",violent,0.05826335062100446,0.05861200549028899,0.0410626707083639
10,PA0460100,"Abington, PA",violent,0.009030746272720444,0.02938022810307676,0.04107054660566139
11,PA0460100,"Abington, PA",violent,-0.02523155287966163,-0.0012178363419861789,0.04106267070836389
12,PA0460100,"Abington, PA",violent,-0.0478903472037861,-0.030654939689697857,0.04109322779014328
1,PA0461400,"Lower Merion, PA",violent,-0.08833770097035916,-0.06891297643504607,0.041895372135596354
2,PA0461400,"Lower Merion, PA",violent,-0.11919255120067358,-0.11580199379319552,0.041917181117619405
3,PA0461400,"Lower Merion, PA",violent,-0.08349324284739391,-0.09041967222514234,0.041906834614450994
4,PA0461400,"Lower Merion, PA",violent,0.0018861775344930175,-0.0065606811560948155,0.04192280418036713
5,PA0461400,"Lower Merion, PA",violent,0.061378368913264515,0.05647879525949257,0.041906834614450994
6,PA0461400,"Lower Merion, PA",violent,0.0731202394301756,0.07404145443816537,0.041917181117619405
7,PA0461400,"Lower Merion, PA",violent,0.07742077716314569,0.07958278691910133,0.04189537213559635
8,PA0461400,"Lower Merion, PA",violent,0.08304573516707066,0.07547850123492868,0.04191718111761941
9,PA0461400,"Lower Merion, PA",violent,0.05826335062100446,0.03942636918282024,0.041906834614450994
10,PA0461400,"Lower Merion, PA",violent,0.009030746272720444,-0.004109129327960455,0.04192280418036713
11,PA0461400,"Lower Merion, PA",violent,-0.02523155287966163,-0.01615530270122577,0.041906834614450994
12,PA0461400,"Lower Merion, PA",violent,-0.0478903472037861,-0.023048151395843236,0.041917181117619405
1,PA0480300,"Bethlehem, PA",violent,-0.08833770097035916,-0.03975866906825979,0.036787387181653974
2,PA0480300,"Bethlehem, PA",violent,-0.11919255120067358,-0.12087781852882368,0.03687856614623571
3,PA0480300,"Bethlehem, PA",violent,-0.08349324284739391,-0.12171432435612148,0.03685155829105104
4,PA0480300,"Bethlehem, PA",violent,0.0018861775344930175,-0.015296809545322398,0.036884374396073547
5,PA0480300,"Bethlehem, PA",violent,0.061378368913264515,0.05479945206763535,0.036851558291051044
6,PA0480300,"Bethlehem, PA",violent,0.0731202394301756,0.025415168745364737,0.03687856614623571
7,PA0480300,"Bethlehem, PA",violent,0.07742077716314569,0.012011113342744191,0.03678738718165397
8,PA0480300,"Bethlehem, PA",violent,0.08304573516707066,0.07271225701442537,0.03687856614623572
9,PA0480300,"Bethlehem, PA",violent,0.05826335062100446,0.1012963185672388,0.036851558291051044
10,PA0480300,"Bethlehem, PA",violent,0.009030746272720444,0.04304436527083801,0.036884374396073547
11,PA0480300,"Bethlehem, PA",violent,-0.02523155287966163,-0.00663389055323705,0.03685155829105104
12,PA0480300,"Bethlehem, PA",violent,-0.0478903472037861,-0.004997162956482032,0.03687856614623572
1,PAPEP0000,"Philadelphia, PA",violent,-0.08833770097035916,-0.08283318822023764,0.025958095338080876
2,PAPEP0000,"Philadelphia, PA",violent,-0.11919255120067358,-0.1318546706405561,0.0259832547001317
3,PAPEP0000,"Philadelphia, PA",violent,-0.08349324284739391,-0.11684091180122053,0.02600624793322163
4,PAPEP0000,"Philadelphia, PA",violent,0.0018861775344930175,-0.022862627722173318,0.026012110693215438
5,PAPEP0000,"Philadelphia, PA",violent,0.061378368913264515,0.06351692361075996,0.02600624793322164
6,PAPEP0000,"Philadelphia, PA",violent,0.0731202394301756,0.07968431544784224,0.0259832547001317
7,PAPEP0000,"Philadelphia, PA",violent,0.07742077716314569,0.06770922750127015,0.025958095338080873
8,PAPEP0000,"Philadelphia, PA",violent,0.08304573516707066,0.07580422447211449,0.0259832547001317
9,PAPEP0000,"Philadelphia, PA",violent,0.05826335062100446,0.07591442635174639,0.02600624793322164
10,PAPEP0000,"Philadelphia, PA",violent,0.009030746272720444,0.037986588441140806,0.026012110693215438
11,PAPEP0000,"Philadelphia, PA",violent,-0.02523155287966163,-0.007466477442318391,0.02600624793322163
12,PAPEP0000,"Philadelphia, PA",violent,-0.0478903472037861,-0.03875782999836809,0.0259832547001317
1,PAPPD0000,"Pittsburgh, PA",violent,-0.08833770097035916,-0.1346619810740094,0.028409628516986824
2,PAPPD0000,"Pittsburgh, PA",violent,-0.11919255120067358,-0.17779060059884744,0.02847813234518085
3,PAPPD0000,"Pittsburgh, PA",violent,-0.08349324284739391,-0.11061894953282927,0.02844770947843425
4,PAPPD0000,"Pittsburgh, PA",violent,0.0018861775344930175,0.011837236018768741,0.02846310467948346
5,PAPPD0000,"Pittsburgh, PA",violent,0.061378368913264515,0.08000820568685794,0.028447709478434256
6,PAPPD0000,"Pittsburgh, PA",violent,0.0731202394301756,0.09201334399964153,0.02847813234518085
7,PAPPD0000,"Pittsburgh, PA",violent,0.07742077716314569,0.10984561349663964,0.02840962851698682
8,PAPPD0000,"Pittsburgh, PA",violent,0.08304573516707066,0.12142455213187325,0.02847813234518085
9,PAPPD0000,"Pittsburgh, PA",violent,0.05826335062100446,0.07906926864322486,0.028447709478434256
10,PAPPD0000,"Pittsburgh, PA",violent,0.009030746272720444,0.01297913155860101,0.02846310467948346
11,PAPPD0000,"Pittsburgh, PA",violent,-0.02523155287966163,-0.02364215721988383,0.02844770947843425
12,PAPPD0000,"Pittsburgh, PA",violent,-0.0478903472037861,-0.060463663110037036,0.02847813234518085
1,RI0020300,"Warwick, RI",violent,-0.08833770097035916,-0.0979206971281132,0.040406064201967705
2,RI0020300,"Warwick, RI",violent,-0.11919255120067358,-0.12397112320553384,0.04044042897626885
3,RI0020300,"Warwick, RI",violent,-0.08349324284739391,-0.06737360740124959,0.04039992528522733
4,RI0020300,"Warwick, RI",violent,0.0018861775344930175,0.0319985612893669,0.040422630676398584
5,RI0020300,"Warwick, RI",violent,0.061378368913264515,0.07384113422384637,0.04039992528522733
6,RI0020300,"Warwick, RI",violent,0.0731202394301756,0.05367760010513214,0.04044042897626885
7,RI0020300,"Warwick, RI",violent,0.07742077716314569,0.050113945474270706,0.0404060642019677
8,RI0020300,"Warwick, RI",violent,0.08304573516707066,0.0748683619594476,0.04044042897626885
9,RI0020300,"Warwick, RI",violent,0.05826335062100446,0.06607759780900585,0.04039992528522734
10,RI0020300,"Warwick, RI",violent,0.009030746272720444,0.0158081903644756,0.040422630676398584
11,RI0020300,"Warwick, RI",violent,-0.02523155287966163,-0.024738372977760187,0.04039992528522733
12,RI0020300,"Warwick, RI",violent,-0.0478903472037861,-0.05238159051288836,0.040440428976268844
1,RI0040200,"Cranston, RI",violent,-0.08833770097035916,-0.10649820416032368,0.03912967670015037
2,RI0040200,"Cranston, RI",violent,-0.11919255120067358,-0.11575522509935743,0.03919581677254534
3,RI0040200,"Cranston, RI",violent,-0.08349324284739391,-0.08366086991313773,0.03915456304178349
4,RI0040200,"Cranston, RI",violent,0.0018861775344930175,-0.01695991918443065,0.039199856238886936
5,RI0040200,"Cranston, RI",violent,0.061378368913264515,0.06108872198605088,0.0391545630417835
6,RI0040200,"Cranston, RI",violent,0.0731202394301756,0.10971426054975425,0.03919581677254534
7,RI0040200,"Cranston, RI",violent,0.07742077716314569,0.10413581110276733,0.03912967670015036
8,RI0040200,"Cranston, RI",violent,0.08304573516707066,0.06657053321879353,0.03919581677254534
9,RI0040200,"Cranston, RI",violent,0.05826335062100446,0.03683857109013016,0.0391545630417835
10,RI0040200,"Cranston, RI",violent,0.009030746272720444,0.019322312241986994,0.039199856238886936
11,RI0040200,"Cranston, RI",violent,-0.02523155287966163,-0.011904030105487007,0.0391545630417835
12,RI0040200,"Cranston, RI",violent,-0.0478903472037861,-0.06289196172674662,0.03919581677254534
1,RI0040800,"Pawtucket, RI",violent,-0.08833770097035916,-0.09373479495204334,0.03524455428672618
2,RI0040800,"Pawtucket, RI",violent,-0.11919255120067358,-0.0993001014250472,0.035341693919466566
3,RI0040800,"Pawtucket, RI",violent,-0.08349324284739391,-0.06446674918359183,0.03530862061486418
4,RI0040800,"Pawtucket, RI",violent,0.0018861775344930175,0.005155783018000945,0.03534372866925385
5,RI0040800,"Pawtucket, RI",violent,0.061378368913264515,0.06726050901681672,0.03530862061486418
6,RI0040800,"Pawtucket, RI",violent,0.0731202394301756,0.09232711812095938,0.035341693919466566
7,RI0040800,"Pawtucket, RI",violent,0.07742077716314569,0.0896357591259393,0.03524455428672618
8,RI0040800,"Pawtucket, RI",violent,0.08304573516707066,0.07428733025874834,0.035341693919466566
9,RI0040800,"Pawtucket, RI",violent,0.05826335062100446,0.04355301384339704,0.03530862061486418
10,RI0040800,"Pawtucket, RI",violent,0.009030746272720444,-0.0010567471918968999,0.03534372866925385
11,RI0040800,"Pawtucket, RI",violent,-0.02523155287966163,-0.0422477378505179,0.03530862061486418
12,RI0040800,"Pawtucket, RI",violent,-0.0478903472037861,-0.07141338278076455,0.035341693919466566
1,SC0020000,"Aiken, SC",violent,-0.08833770097035916,-0.07740641615806454,0.03344061992662023
2,SC0020000,"Aiken, SC",violent,-0.11919255120067358,-0.07454018955172803,0.03356890296221678
3,SC0020000,"Aiken, SC",violent,-0.08349324284739391,-0.09607627883584709,0.03351889882661156
4,SC0020000,"Aiken, SC",violent,0.0018861775344930175,-0.07290739218671649,0.03361646282692728
5,SC0020000,"Aiken, SC",violent,0.061378368913264515,0.028167740102593767,0.03351889882661157
6,SC0020000,"Aiken, SC",violent,0.0731202394301756,0.11608933765597088,0.03356890296221678
7,SC0020000,"Aiken, SC",violent,0.07742077716314569,0.11389405594065438,0.03344061992662023
8,SC0020000,"Aiken, SC",violent,0.08304573516707066,0.072791496139182,0.03356890296221678
9,SC0020000,"Aiken, SC",violent,0.05826335062100446,0.05783994564071122,0.03351889882661157
10,SC0020000,"Aiken, SC",violent,0.009030746272720444,0.03641975240412665,0.03361646282692728
11,SC0020000,"Aiken, SC",violent,-0.02523155287966163,-0.026419046690047757,0.03351889882661157
12,SC0020000,"Aiken, SC",violent,-0.0478903472037861,-0.07785300446083496,0.03356890296221678
1,SC0040000,"Anderson, SC",violent,-0.08833770097035916,-0.119111438686902,0.031024408331893547
2,SC0040000,"Anderson, SC",violent,-0.11919255120067358,-0.08418194519979,0.03107330809205515
3,SC0040000,"Anderson, SC",violent,-0.08349324284739391,-0.05772888926399617,0.031068603537190306
4,SC0040000,"Anderson, SC",violent,0.0018861775344930175,-0.01912851306195365,0.03110415613799399
5,SC0040000,"Anderson, SC",violent,0.061378368913264515,0.06575757512195829,0.03106860353719031
6,SC0040000,"Anderson, SC",violent,0.0731202394301756,0.13552489821508795,0.03107330809205515
7,SC0040000,"Anderson, SC",violent,0.07742077716314569,0.11687070642042652,0.031024408331893544
8,SC0040000,"Anderson, SC",violent,0.08304573516707066,0.054272858592553805,0.03107330809205515
9,SC0040000,"Anderson, SC",violent,0.05826335062100446,0.03006053492323544,0.031068603537190313
10,SC0040000,"Anderson, SC",violent,0.009030746272720444,0.021369245328429112,0.03110415613799399
11,SC0040000,"Anderson, SC",violent,-0.02523155287966163,-0.03584848851472212,0.031068603537190306
12,SC0040000,"Anderson, SC",violent,-0.0478903472037861,-0.10785654387432717,0.03107330809205515
1,SC0070000,"Beaufort, SC",violent,-0.08833770097035916,-0.0843446124815799,0.03251188464370746
2,SC0070000,"Beaufort, SC",violent,-0.11919255120067358,-0.122084610150672,0.03258790084082864
3,SC0070000,"Beaufort, SC",violent,-0.08349324284739391,-0.0504123103943997,0.03259608043237623
4,SC0070000,"Beaufort, SC",violent,0.0018861775344930175,0.05774421637963791,0.032646707876133205
5,SC0070000,"Beaufort, SC",violent,0.061378368913264515,0.10009811221937304,0.03259608043237624
6,SC0070000,"Beaufort, SC",violent,0.0731202394301756,0.0940032291410052,0.03258790084082864
7,SC0070000,"Beaufort, SC",violent,0.07742077716314569,0.08802938015074152,0.03251188464370746
8,SC0070000,"Beaufort, SC",violent,0.08304573516707066,0.053725990484503605,0.03258790084082864
9,SC0070000,"Beaufort, SC",violent,0.05826335062100446,-0.021631076940930336,0.03259608043237624
10,SC0070000,"Beaufort, SC",violent,0.009030746272720444,-0.06142898404879956,0.032646707876133205
11,SC0070000,"Beaufort, SC",violent,-0.02523155287966163,-0.03173949255320465,0.03259608043237623
12,SC0070000,"Beaufort, SC",violent,-0.0478903472037861,-0.021959841805675104,0.03258790084082864
1,SC0080000,"Berkeley, SC",violent,-0.08833770097035916,-0.10780738369755163,0.03284006414859934
2,SC0080000,"Berkeley, SC",violent,-0.11919255120067358,-0.1649525706046132,0.032890344437878694
3,SC0080000,"Berkeley, SC",violent,-0.08349324284739391,-0.1259311800678225,0.032900285474946445
4,SC0080000,"Berkeley, SC",violent,0.0018861775344930175,-0.02193812955700193,0.03287993035899765
5,SC0080000,"Berkeley, SC",violent,0.061378368913264515,0.05606845711987215,0.03290028547494645
6,SC0080000,"Berkeley, SC",violent,0.0731202394301756,0.0815028025130664,0.032890344437878694
7,SC0080000,"Berkeley, SC",violent,0.07742077716314569,0.09054016279089912,0.032840064148599336
8,SC0080000,"Berkeley, SC",violent,0.08304573516707066,0.09276320161516526,0.032890344437878694
9,SC0080000,"Berkeley, SC",violent,0.05826335062100446,0.07100903198502705,0.03290028547494645
10,SC0080000,"Berkeley, SC",violent,0.009030746272720444,0.03920535046365443,0.03287993035899765
11,SC0080000,"Berkeley, SC",violent,-0.02523155287966163,0.016120911869575753,0.032900285474946445
12,SC0080000,"Berkeley, SC",violent,-0.0478903472037861,-0.026580654430270877,0.032890344437878694
1,SC0100100,"Charleston, SC",violent,-0.08833770097035916,-0.10874103304379165,0.03222510941139494
2,SC0100100,"Charleston, SC",violent,-0.11919255120067358,-0.16393827165388253,0.032285660426109
3,SC0100100,"Charleston, SC",violent,-0.08349324284739391,-0.09364389073363893,0.0322795517664701
4,SC0100100,"Charleston, SC",violent,0.0018861775344930175,0.03650730658269447,0.032237328191373885
5,SC0100100,"Charleston, SC",violent,0.061378368913264515,0.08885921216752522,0.0322795517664701
6,SC0100100,"Charleston, SC",violent,0.0731202394301756,0.07473926372804371,0.032285660426109
7,SC0100100,"Charleston, SC",violent,0.07742077716314569,0.08716578634122678,0.03222510941139494
8,SC0100100,"Charleston, SC",violent,0.08304573516707066,0.10535110316332416,0.032285660426109
9,SC0100100,"Charleston, SC",violent,0.05826335062100446,0.05663196894564544,0.0322795517664701
10,SC0100100,"Charleston, SC",violent,0.009030746272720444,-0.014932059880129621,0.032237328191373885
11,SC0100100,"Charleston, SC",violent,-0.02523155287966163,-0.03027204367696692,0.0322795517664701
12,SC0100100,"Charleston, SC",violent,-0.0478903472037861,-0.03772734194005015,0.032285660426108996
1,SC0100300,"Mount Pleasant, SC",violent,-0.08833770097035916,-0.08414287645267715,0.038428524165070456
2,SC0100300,"Mount Pleasant, SC",violent,-0.11919255120067358,-0.09855256886152143,0.038476602789870855
3,SC0100300,"Mount Pleasant, SC",violent,-0.08349324284739391,-0.0444733405015798,0.03842188183031066
4,SC0100300,"Mount Pleasant, SC",violent,0.0018861775344930175,0.029936824797696517,0.038424347954424794
5,SC0100300,"Mount Pleasant, SC",violent,0.061378368913264515,0.046037507187038376,0.03842188183031066
6,SC0100300,"Mount Pleasant, SC",violent,0.0731202394301756,0.022034844634989868,0.038476602789870855
7,SC0100300,"Mount Pleasant, SC",violent,0.07742077716314569,0.031268702688341775,0.03842852416507045
8,SC0100300,"Mount Pleasant, SC",violent,0.08304573516707066,0.0680978645281761,0.038476602789870855
9,SC0100300,"Mount Pleasant, SC",violent,0.05826335062100446,0.06689280993256982,0.03842188183031066
10,SC0100300,"Mount Pleasant, SC",violent,0.009030746272720444,0.02293734896663886,0.038424347954424794
11,SC0100300,"Mount Pleasant, SC",violent,-0.02523155287966163,-0.015582802853693078,0.03842188183031066
12,SC0100300,"Mount Pleasant, SC",violent,-0.0478903472037861,-0.044454314065979876,0.038476602789870855
1,SC0100800,"North Charleston, SC",violent,-0.08833770097035916,-0.09652353151853786,0.029550505156449944
2,SC0100800,"North Charleston, SC",violent,-0.11919255120067358,-0.11214566550358279,0.02959530814059569
3,SC0100800,"North Charleston, SC",violent,-0.08349324284739391,-0.05523877883476447,0.029593271998914338
4,SC0100800,"North Charleston, SC",violent,0.0018861775344930175,0.03805183749177983,0.029620631893657372
5,SC0100800,"North Charleston, SC",violent,0.061378368913264515,0.09782745639063908,0.02959327199891434
6,SC0100800,"North Charleston, SC",violent,0.0731202394301756,0.10049207343029391,0.02959530814059569
7,SC0100800,"North Charleston, SC",violent,0.07742077716314569,0.0710726465598572,0.02955050515644994
8,SC0100800,"North Charleston, SC",violent,0.08304573516707066,0.03434693351522091,0.02959530814059569
9,SC0100800,"North Charleston, SC",violent,0.05826335062100446,0.002890931805083228,0.029593271998914344
10,SC0100800,"North Charleston, SC",violent,0.009030746272720444,-0.012600952533099197,0.029620631893657372
11,SC0100800,"North Charleston, SC",violent,-0.02523155287966163,-0.020028724402277223,0.029593271998914338
12,SC0100800,"North Charleston, SC",violent,-0.0478903472037861,-0.048144226400612625,0.02959530814059569
1,SC0230000,"Greenville, SC",violent,-0.08833770097035916,-0.07455823631171404,0.028463951318621717
2,SC0230000,"Greenville, SC",violent,-0.11919255120067358,-0.09632090666636017,0.028527598447266485
3,SC0230000,"Greenville, SC",violent,-0.08349324284739391,-0.0691252740466935,0.028511640037902485
4,SC0230000,"Greenville, SC",violent,0.0018861775344930175,6.06535254113355e-4,0.028533901842616186
5,SC0230000,"Greenville, SC",violent,0.061378368913264515,0.056185358298446036,0.02851164003790249
6,SC0230000,"Greenville, SC",violent,0.0731202394301756,0.0662923061518618,0.028527598447266485
7,SC0230000,"Greenville, SC",violent,0.07742077716314569,0.05706508305392184,0.028463951318621714
8,SC0230000,"Greenville, SC",violent,0.08304573516707066,0.05380564265018909,0.028527598447266485
9,SC0230000,"Greenville, SC",violent,0.05826335062100446,0.044103163288314616,0.02851164003790249
10,SC0230000,"Greenville, SC",violent,0.009030746272720444,0.016886618003678834,0.028533901842616186
11,SC0230000,"Greenville, SC",violent,-0.02523155287966163,-0.013670094282274985,0.028511640037902485
12,SC0230000,"Greenville, SC",violent,-0.0478903472037861,-0.041270195393482874,0.028527598447266485
1,SC0230200,"Greenville, SC",violent,-0.08833770097035916,-0.06838685009220488,0.033024722395475846
2,SC0230200,"Greenville, SC",violent,-0.11919255120067358,-0.11342522369471665,0.033069207892692104
3,SC0230200,"Greenville, SC",violent,-0.08349324284739391,-0.1124015379514052,0.03309657005440788
4,SC0230200,"Greenville, SC",violent,0.0018861775344930175,-0.0282596449926197,0.03309409796503653
5,SC0230200,"Greenville, SC",violent,0.061378368913264515,0.07559483060875606,0.03309657005440789
6,SC0230200,"Greenville, SC",violent,0.0731202394301756,0.11200605060777266,0.033069207892692104
7,SC0230200,"Greenville, SC",violent,0.07742077716314569,0.08426723447128072,0.03302472239547584
8,SC0230200,"Greenville, SC",violent,0.08304573516707066,0.05332646685464855,0.033069207892692104
9,SC0230200,"Greenville, SC",violent,0.05826335062100446,0.036422396732261254,0.03309657005440789
10,SC0230200,"Greenville, SC",violent,0.009030746272720444,0.012379260613543844,0.03309409796503653
11,SC0230200,"Greenville, SC",violent,-0.02523155287966163,-0.015496073768687987,0.03309657005440788
12,SC0230200,"Greenville, SC",violent,-0.0478903472037861,-0.03602690938862868,0.0330692078926921
1,SC0260400,"Horry, SC",violent,-0.08833770097035916,-0.06284049071488455,0.030241341566872384
2,SC0260400,"Horry, SC",violent,-0.11919255120067358,-0.1166276672669367,0.030310953984861944
3,SC0260400,"Horry, SC",violent,-0.08349324284739391,-0.10377731333377083,0.030329261482828097
4,SC0260400,"Horry, SC",violent,0.0018861775344930175,0.01422506951459582,0.03032961466166648
5,SC0260400,"Horry, SC",violent,0.061378368913264515,0.11347899817682036,0.0303292614828281
6,SC0260400,"Horry, SC",violent,0.0731202394301756,0.11018451420358341,0.030310953984861944
7,SC0260400,"Horry, SC",violent,0.07742077716314569,0.07705582889867864,0.03024134156687238
8,SC0260400,"Horry, SC",violent,0.08304573516707066,0.07497152025586479,0.030310953984861947
9,SC0260400,"Horry, SC",violent,0.05826335062100446,0.04790582813890484,0.030329261482828104
10,SC0260400,"Horry, SC",violent,0.009030746272720444,-0.0284404076983899,0.03032961466166648
11,SC0260400,"Horry, SC",violent,-0.02523155287966163,-0.07182285116574849,0.030329261482828097
12,SC0260400,"Horry, SC",violent,-0.0478903472037861,-0.05431302900871742,0.030310953984861944
1,SC0290000,"Lancaster, SC",violent,-0.08833770097035916,-0.12609584848392574,0.035013366149811626
2,SC0290000,"Lancaster, SC",violent,-0.11919255120067358,-0.1170362085885036,0.035046961348049376
3,SC0290000,"Lancaster, SC",violent,-0.08349324284739391,-0.035463273585509415,0.03503827480449736
4,SC0290000,"Lancaster, SC",violent,0.0018861775344930175,0.0658082772128449,0.0350695642273487
5,SC0290000,"Lancaster, SC",violent,0.061378368913264515,0.10563220501056933,0.03503827480449736
6,SC0290000,"Lancaster, SC",violent,0.0731202394301756,0.09346559906157115,0.035046961348049376
7,SC0290000,"Lancaster, SC",violent,0.07742077716314569,0.08923991088291822,0.03501336614981162
8,SC0290000,"Lancaster, SC",violent,0.08304573516707066,0.08744974110506637,0.035046961348049376
9,SC0290000,"Lancaster, SC",violent,0.05826335062100446,0.042732743703079716,0.035038274804497366
10,SC0290000,"Lancaster, SC",violent,0.009030746272720444,-0.028952339611837376,0.0350695642273487
11,SC0290000,"Lancaster, SC",violent,-0.02523155287966163,-0.07604573752713212,0.03503827480449736
12,SC0290000,"Lancaster, SC",violent,-0.0478903472037861,-0.1007350691791414,0.035046961348049376
1,SC0320000,"Lexington, SC",violent,-0.08833770097035916,-0.109427790549864,0.03160914492100336
2,SC0320000,"Lexington, SC",violent,-0.11919255120067358,-0.13934321529790264,0.0316240607729829
3,SC0320000,"Lexington, SC",violent,-0.08349324284739391,-0.08919806299163036,0.031621948929219955
4,SC0320000,"Lexington, SC",violent,0.0018861775344930175,-2.664226883985764e-4,0.031639039617397204
5,SC0320000,"Lexington, SC",violent,0.061378368913264515,0.05247959300588422,0.03162194892921996
6,SC0320000,"Lexington, SC",violent,0.0731202394301756,0.06756500731766121,0.0316240607729829
7,SC0320000,"Lexington, SC",violent,0.07742077716314569,0.08562398437835403,0.03160914492100336
8,SC0320000,"Lexington, SC",violent,0.08304573516707066,0.09787215809826591,0.0316240607729829
9,SC0320000,"Lexington, SC",violent,0.05826335062100446,0.0715308119635036,0.03162194892921996
10,SC0320000,"Lexington, SC",violent,0.009030746272720444,0.024070228859908525,0.031639039617397204
11,SC0320000,"Lexington, SC",violent,-0.02523155287966163,-0.011008535806247539,0.031621948929219955
12,SC0320000,"Lexington, SC",violent,-0.0478903472037861,-0.04989775628953438,0.0316240607729829
1,SC0460300,"Rock Hill, SC",violent,-0.08833770097035916,-0.022121467301160692,0.033261650862597567
2,SC0460300,"Rock Hill, SC",violent,-0.11919255120067358,-0.08647711640014111,0.03331877160484027
3,SC0460300,"Rock Hill, SC",violent,-0.08349324284739391,-0.08779056581835964,0.03339035951891678
4,SC0460300,"Rock Hill, SC",violent,0.0018861775344930175,0.033872720163125127,0.033418264506396574
5,SC0460300,"Rock Hill, SC",violent,0.061378368913264515,0.13138930558034817,0.03339035951891678
6,SC0460300,"Rock Hill, SC",violent,0.0731202394301756,0.10818828425021623,0.03331877160484027
7,SC0460300,"Rock Hill, SC",violent,0.07742077716314569,0.06021001421195984,0.03326165086259756
8,SC0460300,"Rock Hill, SC",violent,0.08304573516707066,0.05681027428589222,0.03331877160484027
9,SC0460300,"Rock Hill, SC",violent,0.05826335062100446,0.020035176793311647,0.03339035951891678
10,SC0460300,"Rock Hill, SC",violent,0.009030746272720444,-0.07196126707392425,0.033418264506396574
11,SC0460300,"Rock Hill, SC",violent,-0.02523155287966163,-0.1017224634660993,0.03339035951891678
12,SC0460300,"Rock Hill, SC",violent,-0.0478903472037861,-0.04043289522516826,0.03331877160484027
1,TN0190100,"Nashville, TN",violent,-0.08833770097035916,-0.08005885851341533,0.02627064968142642
2,TN0190100,"Nashville, TN",violent,-0.11919255120067358,-0.12869166246095168,0.02630175219926063
3,TN0190100,"Nashville, TN",violent,-0.08349324284739391,-0.10370006631612913,0.026318205307656443
4,TN0190100,"Nashville, TN",violent,0.0018861775344930175,-0.005466108339447118,0.02632646760567548
5,TN0190100,"Nashville, TN",violent,0.061378368913264515,0.07342080370249382,0.02631820530765645
6,TN0190100,"Nashville, TN",violent,0.0731202394301756,0.0868707142474758,0.02630175219926063
7,TN0190100,"Nashville, TN",violent,0.07742077716314569,0.07921754087084437,0.026270649681426415
8,TN0190100,"Nashville, TN",violent,0.08304573516707066,0.07777216001543127,0.02630175219926063
9,TN0190100,"Nashville, TN",violent,0.05826335062100446,0.053621881513179696,0.02631820530765645
10,TN0190100,"Nashville, TN",violent,0.009030746272720444,0.006307425982018073,0.02632646760567548
11,TN0190100,"Nashville, TN",violent,-0.02523155287966163,-0.02250130125697346,0.026318205307656443
12,TN0190100,"Nashville, TN",violent,-0.0478903472037861,-0.03679252944452634,0.026301752199260627
1,TN0330000,"Hamilton, TN",violent,-0.08833770097035916,-0.07628914243530995,0.03505675301069796
2,TN0330000,"Hamilton, TN",violent,-0.11919255120067358,-0.14565569436039766,0.03514878019737645
3,TN0330000,"Hamilton, TN",violent,-0.08349324284739391,-0.11160551186153955,0.035123554113704075
4,TN0330000,"Hamilton, TN",violent,0.0018861775344930175,0.012559425394367702,0.0351324075159138
5,TN0330000,"Hamilton, TN",violent,0.061378368913264515,0.08631364742209882,0.035123554113704075
6,TN0330000,"Hamilton, TN",violent,0.0731202394301756,0.07750923672058044,0.03514878019737645
7,TN0330000,"Hamilton, TN",violent,0.07742077716314569,0.07841792193563364,0.03505675301069795
8,TN0330000,"Hamilton, TN",violent,0.08304573516707066,0.10040256749189412,0.03514878019737645
9,TN0330000,"Hamilton, TN",violent,0.05826335062100446,0.06422360549271233,0.035123554113704075
10,TN0330000,"Hamilton, TN",violent,0.009030746272720444,-0.01468820489469141,0.0351324075159138
11,TN0330000,"Hamilton, TN",violent,-0.02523155287966163,-0.04106052055359534,0.035123554113704075
12,TN0330000,"Hamilton, TN",violent,-0.0478903472037861,-0.030127330351753183,0.03514878019737645
1,TN0330100,"Chattanooga, TN",violent,-0.08833770097035916,-0.12503028169677838,0.028122928125053497
2,TN0330100,"Chattanooga, TN",violent,-0.11919255120067358,-0.14557170671519842,0.02816703303693976
3,TN0330100,"Chattanooga, TN",violent,-0.08349324284739391,-0.08457382483866371,0.028146434164150035
4,TN0330100,"Chattanooga, TN",violent,0.0018861775344930175,0.03467232697198546,0.028165971141040805
5,TN0330100,"Chattanooga, TN",violent,0.061378368913264515,0.10946919140932995,0.028146434164150042
6,TN0330100,"Chattanooga, TN",violent,0.0731202394301756,0.1029542464584619,0.02816703303693976
7,TN0330100,"Chattanooga, TN",violent,0.07742077716314569,0.08024419330859228,0.028122928125053494
8,TN0330100,"Chattanooga, TN",violent,0.08304573516707066,0.0806377810400493,0.02816703303693976
9,TN0330100,"Chattanooga, TN",violent,0.05826335062100446,0.06442598755170066,0.028146434164150042
10,TN0330100,"Chattanooga, TN",violent,0.009030746272720444,0.010113761416200623,0.028165971141040805
11,TN0330100,"Chattanooga, TN",violent,-0.02523155287966163,-0.04453526573418087,0.02814643416415004
12,TN0330100,"Chattanooga, TN",violent,-0.0478903472037861,-0.08280640917149881,0.02816703303693976
1,TN0470000,"Knox, TN",violent,-0.08833770097035916,-0.08773312558634433,0.031589504767479445
2,TN0470000,"Knox, TN",violent,-0.11919255120067358,-0.10986949520338662,0.03159907870752477
3,TN0470000,"Knox, TN",violent,-0.08349324284739391,-0.06451946686538854,0.031634150689206206
4,TN0470000,"Knox, TN",violent,0.0018861775344930175,0.025296013162152343,0.03160848663009472
5,TN0470000,"Knox, TN",violent,0.061378368913264515,0.08421451701696706,0.03163415068920621
6,TN0470000,"Knox, TN",violent,0.0731202394301756,0.08612710463534795,0.03159907870752477
7,TN0470000,"Knox, TN",violent,0.07742077716314569,0.06788971666229435,0.031589504767479445
8,TN0470000,"Knox, TN",violent,0.08304573516707066,0.051974012777684306,0.03159907870752477
9,TN0470000,"Knox, TN",violent,0.05826335062100446,0.026467393363736186,0.03163415068920621
10,TN0470000,"Knox, TN",violent,0.009030746272720444,-0.005452604238102375,0.03160848663009472
11,TN0470000,"Knox, TN",violent,-0.02523155287966163,-0.02631903459126476,0.031634150689206206
12,TN0470000,"Knox, TN",violent,-0.0478903472037861,-0.04807503113369557,0.03159907870752477
1,TN0470100,"Knoxville, TN",violent,-0.08833770097035916,-0.11642104538453182,0.028613517782211925
2,TN0470100,"Knoxville, TN",violent,-0.11919255120067358,-0.11083704440353886,0.028672512708295846
3,TN0470100,"Knoxville, TN",violent,-0.08349324284739391,-0.06541267032913423,0.02864906901163216
4,TN0470100,"Knoxville, TN",violent,0.0018861775344930175,-0.004235775661995272,0.02867376383104931
5,TN0470100,"Knoxville, TN",violent,0.061378368913264515,0.046277010961792944,0.028649069011632163
6,TN0470100,"Knoxville, TN",violent,0.0731202394301756,0.07223844721997363,0.028672512708295846
7,TN0470100,"Knoxville, TN",violent,0.07742077716314569,0.0783739205046673,0.028613517782211922
8,TN0470100,"Knoxville, TN",violent,0.08304573516707066,0.07731803189001411,0.028672512708295846
9,TN0470100,"Knoxville, TN",violent,0.05826335062100446,0.069940782695474,0.028649069011632163
10,TN0470100,"Knoxville, TN",violent,0.009030746272720444,0.04228290054185979,0.02867376383104931
11,TN0470100,"Knoxville, TN",violent,-0.02523155287966163,-0.01275799844826823,0.02864906901163216
12,TN0470100,"Knoxville, TN",violent,-0.0478903472037861,-0.07676655958631336,0.028672512708295846
1,TN0570100,"Jackson, TN",violent,-0.08833770097035916,-0.14345950567654903,0.03134857858762015
2,TN0570100,"Jackson, TN",violent,-0.11919255120067358,-0.20010630165617482,0.031405645274088505
3,TN0570100,"Jackson, TN",violent,-0.08349324284739391,-0.0759767597915516,0.0313705758422748
4,TN0570100,"Jackson, TN",violent,0.0018861775344930175,0.08350422276278019,0.031364909520892874
5,TN0570100,"Jackson, TN",violent,0.061378368913264515,0.11225974427219132,0.03137057584227481
6,TN0570100,"Jackson, TN",violent,0.0731202394301756,0.076705077326154,0.031405645274088505
7,TN0570100,"Jackson, TN",violent,0.07742077716314569,0.09090372354703714,0.03134857858762014
8,TN0570100,"Jackson, TN",violent,0.08304573516707066,0.09616762716564689,0.031405645274088505
9,TN0570100,"Jackson, TN",violent,0.05826335062100446,0.024593867430535526,0.03137057584227481
10,TN0570100,"Jackson, TN",violent,0.009030746272720444,-0.030948440633268324,0.031364909520892874
11,TN0570100,"Jackson, TN",violent,-0.02523155287966163,-0.008321069781663425,0.0313705758422748
12,TN0570100,"Jackson, TN",violent,-0.0478903472037861,-0.025322184965137842,0.031405645274088505
1,TN0600300,"Spring Hill, TN",violent,-0.08833770097035916,-0.06518435813915954,0.04029390441329957
2,TN0600300,"Spring Hill, TN",violent,-0.11919255120067358,-0.09922198856876632,0.040370950919637265
3,TN0600300,"Spring Hill, TN",violent,-0.08349324284739391,-0.10578548483602908,0.04034178381319722
4,TN0600300,"Spring Hill, TN",violent,0.0018861775344930175,-0.04970249743059247,0.040367398000389014
5,TN0600300,"Spring Hill, TN",violent,0.061378368913264515,0.04411181745974003,0.04034178381319722
6,TN0600300,"Spring Hill, TN",violent,0.0731202394301756,0.09876885424140483,0.040370950919637265
7,TN0600300,"Spring Hill, TN",violent,0.07742077716314569,0.08420980316097675,0.04029390441329957
8,TN0600300,"Spring Hill, TN",violent,0.08304573516707066,0.04912308968195076,0.040370950919637265
9,TN0600300,"Spring Hill, TN",violent,0.05826335062100446,0.0366611409273963,0.04034178381319722
10,TN0600300,"Spring Hill, TN",violent,0.009030746272720444,0.030677052408775246,0.040367398000389014
11,TN0600300,"Spring Hill, TN",violent,-0.02523155287966163,0.005987081427075509,0.04034178381319722
12,TN0600300,"Spring Hill, TN",violent,-0.0478903472037861,-0.02964451033277201,0.040370950919637265
1,TN0630100,"Clarksville, TN",violent,-0.08833770097035916,-0.07787537434046873,0.030243250501243307
2,TN0630100,"Clarksville, TN",violent,-0.11919255120067358,-0.14764944519901024,0.03032607830833725
3,TN0630100,"Clarksville, TN",violent,-0.08349324284739391,-0.12325823910700792,0.03029953024354854
4,TN0630100,"Clarksville, TN",violent,0.0018861775344930175,-0.009948149810384853,0.030356294676546217
5,TN0630100,"Clarksville, TN",violent,0.061378368913264515,0.07191180368226925,0.030299530243548544
6,TN0630100,"Clarksville, TN",violent,0.0731202394301756,0.08750254379987513,0.03032607830833725
7,TN0630100,"Clarksville, TN",violent,0.07742077716314569,0.1021672235710574,0.030243250501243303
8,TN0630100,"Clarksville, TN",violent,0.08304573516707066,0.11596978911084338,0.03032607830833725
9,TN0630100,"Clarksville, TN",violent,0.05826335062100446,0.06728673378825241,0.030299530243548544
10,TN0630100,"Clarksville, TN",violent,0.009030746272720444,-0.014343699420203821,0.030356294676546217
11,TN0630100,"Clarksville, TN",violent,-0.02523155287966163,-0.040232147594102444,0.03029953024354854
12,TN0630100,"Clarksville, TN",violent,-0.0478903472037861,-0.03153103848111957,0.03032607830833725
1,TN0750000,"Rutherford, TN",violent,-0.08833770097035916,-0.08893980065494071,0.035607358975040346
2,TN0750000,"Rutherford, TN",violent,-0.11919255120067358,-0.10256641497986653,0.03566745915566553
3,TN0750000,"Rutherford, TN",violent,-0.08349324284739391,-0.054962773406746344,0.03564573686039712
4,TN0750000,"Rutherford, TN",violent,0.0018861775344930175,0.011937933004322845,0.03566758623658077
5,TN0750000,"Rutherford, TN",violent,0.061378368913264515,0.04687583857685577,0.03564573686039712
6,TN0750000,"Rutherford, TN",violent,0.0731202394301756,0.060795783699559514,0.03566745915566553
7,TN0750000,"Rutherford, TN",violent,0.07742077716314569,0.0783181792357834,0.03560735897504034
8,TN0750000,"Rutherford, TN",violent,0.08304573516707066,0.07832927274882802,0.03566745915566553
9,TN0750000,"Rutherford, TN",violent,0.05826335062100446,0.04134725259486516,0.035645736860397126
10,TN0750000,"Rutherford, TN",violent,0.009030746272720444,-0.0013163115851655487,0.03566758623658077
11,TN0750000,"Rutherford, TN",violent,-0.02523155287966163,-0.022638696345817295,0.03564573686039712
12,TN0750000,"Rutherford, TN",violent,-0.0478903472037861,-0.047180262887678265,0.03566745915566553
1,TN0750100,"Murfreesboro, TN",violent,-0.08833770097035916,-0.09144817121111636,0.030951562064927454
2,TN0750100,"Murfreesboro, TN",violent,-0.11919255120067358,-0.11705921618201424,0.031022362305476253
3,TN0750100,"Murfreesboro, TN",violent,-0.08349324284739391,-0.0834332048437497,0.030990382079065334
4,TN0750100,"Murfreesboro, TN",violent,0.0018861775344930175,0.013778785365502647,0.031024788394877444
5,TN0750100,"Murfreesboro, TN",violent,0.061378368913264515,0.08380747012966092,0.030990382079065338
6,TN0750100,"Murfreesboro, TN",violent,0.0731202394301756,0.07959127088458015,0.031022362305476253
7,TN0750100,"Murfreesboro, TN",violent,0.07742077716314569,0.06260148202515323,0.03095156206492745
8,TN0750100,"Murfreesboro, TN",violent,0.08304573516707066,0.07624657384755043,0.031022362305476253
9,TN0750100,"Murfreesboro, TN",violent,0.05826335062100446,0.07146725169524902,0.03099038207906534
10,TN0750100,"Murfreesboro, TN",violent,0.009030746272720444,0.01506790382046048,0.031024788394877444
11,TN0750100,"Murfreesboro, TN",violent,-0.02523155287966163,-0.04299482779519714,0.030990382079065334
12,TN0750100,"Murfreesboro, TN",violent,-0.0478903472037861,-0.06762531773607944,0.031022362305476253
1,TN0750200,"Smyrna, TN",violent,-0.08833770097035916,-0.12320683660212933,0.03679621461457023
2,TN0750200,"Smyrna, TN",violent,-0.11919255120067358,-0.12205925567096514,0.03684436884588659
3,TN0750200,"Smyrna, TN",violent,-0.08349324284739391,-0.0667916996399321,0.03679393722204482
4,TN0750200,"Smyrna, TN",violent,0.0018861775344930175,0.01403880356831018,0.03680846169406128
5,TN0750200,"Smyrna, TN",violent,0.061378368913264515,0.06419840413917598,0.036793937222044826
6,TN0750200,"Smyrna, TN",violent,0.0731202394301756,0.07324678873807043,0.03684436884588659
7,TN0750200,"Smyrna, TN",violent,0.07742077716314569,0.07882975221950816,0.03679621461457022
8,TN0750200,"Smyrna, TN",violent,0.08304573516707066,0.09269457312615434,0.03684436884588659
9,TN0750200,"Smyrna, TN",violent,0.05826335062100446,0.08180410147774247,0.036793937222044826
10,TN0750200,"Smyrna, TN",violent,0.009030746272720444,0.030338280814310975,0.03680846169406128
11,TN0750200,"Smyrna, TN",violent,-0.02523155287966163,-0.034833721594365236,0.03679393722204482
12,TN0750200,"Smyrna, TN",violent,-0.0478903472037861,-0.08825919057588075,0.03684436884588659
1,TN0790000,"Shelby, TN",violent,-0.08833770097035916,-0.036746861903264844,0.0315358315706468
2,TN0790000,"Shelby, TN",violent,-0.11919255120067358,-0.1117549418190226,0.03157277975146646
3,TN0790000,"Shelby, TN",violent,-0.08349324284739391,-0.11507466265716709,0.031622944460814394
4,TN0790000,"Shelby, TN",violent,0.0018861775344930175,0.043406335137250555,0.03160408773811362
5,TN0790000,"Shelby, TN",violent,0.061378368913264515,0.16461136653264338,0.031622944460814394
6,TN0790000,"Shelby, TN",violent,0.0731202394301756,0.10945863299092692,0.03157277975146646
7,TN0790000,"Shelby, TN",violent,0.07742077716314569,0.033239655867451916,0.031535831570646794
8,TN0790000,"Shelby, TN",violent,0.08304573516707066,0.06426598329289354,0.03157277975146646
9,TN0790000,"Shelby, TN",violent,0.05826335062100446,0.07109291016685101,0.0316229444608144
10,TN0790000,"Shelby, TN",violent,0.009030746272720444,-0.039899129101437586,0.03160408773811362
11,TN0790000,"Shelby, TN",violent,-0.02523155287966163,-0.11712240800651433,0.031622944460814394
12,TN0790000,"Shelby, TN",violent,-0.0478903472037861,-0.0654768805006109,0.031572779751466454
1,TN0790100,"Collierville, TN",violent,-0.08833770097035916,-0.09079667726512884,0.03989840025012516
2,TN0790100,"Collierville, TN",violent,-0.11919255120067358,-0.10416037142985922,0.039921124187492614
3,TN0790100,"Collierville, TN",violent,-0.08349324284739391,-0.07182555333227038,0.039921786835683704
4,TN0790100,"Collierville, TN",violent,0.0018861775344930175,0.020510893879926894,0.039924159460533334
5,TN0790100,"Collierville, TN",violent,0.061378368913264515,0.10009635043026796,0.03992178683568371
6,TN0790100,"Collierville, TN",violent,0.0731202394301756,0.10218090063843774,0.039921124187492614
7,TN0790100,"Collierville, TN",violent,0.07742077716314569,0.06368342262989893,0.03989840025012515
8,TN0790100,"Collierville, TN",violent,0.08304573516707066,0.04826848139183384,0.039921124187492614
9,TN0790100,"Collierville, TN",violent,0.05826335062100446,0.043046917929474904,0.03992178683568372
10,TN0790100,"Collierville, TN",violent,0.009030746272720444,0.006602360755303027,0.039924159460533334
11,TN0790100,"Collierville, TN",violent,-0.02523155287966163,-0.0442044603922426,0.039921786835683704
12,TN0790100,"Collierville, TN",violent,-0.0478903472037861,-0.07340226523564226,0.039921124187492614
1,TN0790600,"Bartlett, TN",violent,-0.08833770097035916,-0.10464528286367143,0.037237492963514224
2,TN0790600,"Bartlett, TN",violent,-0.11919255120067358,-0.17234743955807527,0.03730642458773374
3,TN0790600,"Bartlett, TN",violent,-0.08349324284739391,-0.10029084259274806,0.037269677150622356
4,TN0790600,"Bartlett, TN",violent,0.0018861775344930175,0.017446942942992868,0.03726048180244596
5,TN0790600,"Bartlett, TN",violent,0.061378368913264515,0.05708227393190437,0.037269677150622356
6,TN0790600,"Bartlett, TN",violent,0.0731202394301756,0.0429132114843722,0.03730642458773374
7,TN0790600,"Bartlett, TN",violent,0.07742077716314569,0.05082140686732085,0.03723749296351422
8,TN0790600,"Bartlett, TN",violent,0.08304573516707066,0.0634704554185047,0.03730642458773374
9,TN0790600,"Bartlett, TN",violent,0.05826335062100446,0.04523773444952803,0.037269677150622356
10,TN0790600,"Bartlett, TN",violent,0.009030746272720444,0.03637693305335768,0.03726048180244596
11,TN0790600,"Bartlett, TN",violent,-0.02523155287966163,0.05179471020766617,0.037269677150622356
12,TN0790600,"Bartlett, TN",violent,-0.0478903472037861,0.012139896658847897,0.03730642458773374
1,TN0820200,"Kingsport, TN",violent,-0.08833770097035916,-0.11954203769778475,0.03386307914601668
2,TN0820200,"Kingsport, TN",violent,-0.11919255120067358,-0.11603663534263288,0.03388204829290375
3,TN0820200,"Kingsport, TN",violent,-0.08349324284739391,-0.034530836032689645,0.0339079116484579
4,TN0820200,"Kingsport, TN",violent,0.0018861775344930175,0.028430925672164067,0.03387731444418305
5,TN0820200,"Kingsport, TN",violent,0.061378368913264515,0.04888378069650976,0.033907911648457904
6,TN0820200,"Kingsport, TN",violent,0.0731202394301756,0.07811878675058626,0.03388204829290375
7,TN0820200,"Kingsport, TN",violent,0.07742077716314569,0.10337915232832096,0.033863079146016675
8,TN0820200,"Kingsport, TN",violent,0.08304573516707066,0.06704102581940154,0.033882048292903755
9,TN0820200,"Kingsport, TN",violent,0.05826335062100446,0.0016981118789220766,0.03390791164845791
10,TN0820200,"Kingsport, TN",violent,0.009030746272720444,-0.012268040302700301,0.03387731444418305
11,TN0820200,"Kingsport, TN",violent,-0.02523155287966163,1.118288267215506e-4,0.033907911648457904
12,TN0820200,"Kingsport, TN",violent,-0.0478903472037861,-0.045286062596818596,0.03388204829290375
1,TN0830400,"Hendersonville, TN",violent,-0.08833770097035916,-0.07912568799701464,0.03965866174067609
2,TN0830400,"Hendersonville, TN",violent,-0.11919255120067358,-0.11153647822140253,0.03974602896121257
3,TN0830400,"Hendersonville, TN",violent,-0.08349324284739391,-0.06774455116683296,0.03971871842303819
4,TN0830400,"Hendersonville, TN",violent,0.0018861775344930175,0.029100597367578546,0.03976527862397659
5,TN0830400,"Hendersonville, TN",violent,0.061378368913264515,0.07992245156831428,0.039718718423038195
6,TN0830400,"Hendersonville, TN",violent,0.0731202394301756,0.07794471766963643,0.03974602896121257
7,TN0830400,"Hendersonville, TN",violent,0.07742077716314569,0.08873346910223802,0.03965866174067608
8,TN0830400,"Hendersonville, TN",violent,0.08304573516707066,0.09903979564870001,0.03974602896121257
9,TN0830400,"Hendersonville, TN",violent,0.05826335062100446,0.04564008748890708,0.039718718423038195
10,TN0830400,"Hendersonville, TN",violent,0.009030746272720444,-0.03870837847280193,0.03976527862397659
11,TN0830400,"Hendersonville, TN",violent,-0.02523155287966163,-0.06742576899561178,0.03971871842303819
12,TN0830400,"Hendersonville, TN",violent,-0.0478903472037861,-0.055840253991710505,0.03974602896121257
1,TN0900100,"Johnson City, TN",violent,-0.08833770097035916,-0.12539535879249192,0.034961850617942894
2,TN0900100,"Johnson City, TN",violent,-0.11919255120067358,-0.1776266354795868,0.0349892867894851
3,TN0900100,"Johnson City, TN",violent,-0.08349324284739391,-0.13982218187599987,0.03497022149113552
4,TN0900100,"Johnson City, TN",violent,0.0018861775344930175,-0.02593200692892836,0.034973653820482835
5,TN0900100,"Johnson City, TN",violent,0.061378368913264515,0.06679307915369037,0.034970221491135524
6,TN0900100,"Johnson City, TN",violent,0.0731202394301756,0.09649836740852784,0.0349892867894851
7,TN0900100,"Johnson City, TN",violent,0.07742077716314569,0.10763111206130506,0.03496185061794289
8,TN0900100,"Johnson City, TN",violent,0.08304573516707066,0.1207195657848622,0.0349892867894851
9,TN0900100,"Johnson City, TN",violent,0.05826335062100446,0.10067935891246217,0.034970221491135524
10,TN0900100,"Johnson City, TN",violent,0.009030746272720444,0.043696253660115224,0.034973653820482835
11,TN0900100,"Johnson City, TN",violent,-0.02523155287966163,-0.00988600945896586,0.03497022149113552
12,TN0900100,"Johnson City, TN",violent,-0.0478903472037861,-0.057355544444990074,0.0349892867894851
1,TN0940100,"Franklin, TN",violent,-0.08833770097035916,-0.03740010854973157,0.037605623536181056
2,TN0940100,"Franklin, TN",violent,-0.11919255120067358,-0.0787984987229422,0.03766123753506174
3,TN0940100,"Franklin, TN",violent,-0.08349324284739391,-0.0728656867554012,0.037675859074506685
4,TN0940100,"Franklin, TN",violent,0.0018861775344930175,0.007416794474184385,0.03768005377180624
5,TN0940100,"Franklin, TN",violent,0.061378368913264515,0.06872276189943799,0.037675859074506685
6,TN0940100,"Franklin, TN",violent,0.0731202394301756,0.06495673961598225,0.03766123753506174
7,TN0940100,"Franklin, TN",violent,0.07742077716314569,0.05971436897928124,0.037605623536181056
8,TN0940100,"Franklin, TN",violent,0.08304573516707066,0.07590134422555868,0.03766123753506174
9,TN0940100,"Franklin, TN",violent,0.05826335062100446,0.04765427182846803,0.03767585907450669
10,TN0940100,"Franklin, TN",violent,0.009030746272720444,-0.029731054903734056,0.03768005377180624
11,TN0940100,"Franklin, TN",violent,-0.02523155287966163,-0.0658256074020545,0.037675859074506685
12,TN0940100,"Franklin, TN",violent,-0.0478903472037861,-0.03974532468904908,0.03766123753506174
1,TNMPD0000,"Memphis, TN",violent,-0.08833770097035916,-0.11063287811853934,0.02599738721694312
2,TNMPD0000,"Memphis, TN",violent,-0.11919255120067358,-0.168475467657342,0.026029973119054597
3,TNMPD0000,"Memphis, TN",violent,-0.08349324284739391,-0.1023662149039117,0.026047067261786086
4,TNMPD0000,"Memphis, TN",violent,0.0018861775344930175,0.053372925263927666,0.026051895515226964
5,TNMPD0000,"Memphis, TN",violent,0.061378368913264515,0.13959420771069952,0.02604706726178609
6,TNMPD0000,"Memphis, TN",violent,0.0731202394301756,0.11845685043880652,0.026029973119054597
7,TNMPD0000,"Memphis, TN",violent,0.07742077716314569,0.08944980826688596,0.025997387216943117
8,TNMPD0000,"Memphis, TN",violent,0.08304573516707066,0.08283689541117413,0.026029973119054597
9,TNMPD0000,"Memphis, TN",violent,0.05826335062100446,0.03791071250939719,0.026047067261786093
10,TNMPD0000,"Memphis, TN",violent,0.009030746272720444,-0.0321898554122743,0.026051895515226964
11,TNMPD0000,"Memphis, TN",violent,-0.02523155287966163,-0.05395563546453169,0.026047067261786086
12,TNMPD0000,"Memphis, TN",violent,-0.0478903472037861,-0.05400134804429198,0.026029973119054597
1,TX0150000,"Bexar, TX",violent,-0.08833770097035916,-0.07451045272238489,0.03054092941412566
2,TX0150000,"Bexar, TX",violent,-0.11919255120067358,-0.10190973190526645,0.030568421424765197
3,TX0150000,"Bexar, TX",violent,-0.08349324284739391,-0.0708739490447545,0.030578386124933174
4,TX0150000,"Bexar, TX",violent,0.0018861775344930175,0.009277847071963266,0.030590643077011127
5,TX0150000,"Bexar, TX",violent,0.061378368913264515,0.06767726454070318,0.03057838612493318
6,TX0150000,"Bexar, TX",violent,0.0731202394301756,0.07729804305845675,0.030568421424765197
7,TX0150000,"Bexar, TX",violent,0.07742077716314569,0.07309204099267892,0.030540929414125652
8,TX0150000,"Bexar, TX",violent,0.08304573516707066,0.06808361148016846,0.030568421424765197
9,TX0150000,"Bexar, TX",violent,0.05826335062100446,0.03846624034936248,0.03057838612493318
10,TX0150000,"Bexar, TX",violent,0.009030746272720444,-0.007859435342257306,0.030590643077011127
11,TX0150000,"Bexar, TX",violent,-0.02523155287966163,-0.03385114411560522,0.030578386124933174
12,TX0150000,"Bexar, TX",violent,-0.0478903472037861,-0.0448903343630647,0.030568421424765194
1,TX0200000,"Brazoria, TX",violent,-0.08833770097035916,-0.10788487724728357,0.036408650407915646
2,TX0200000,"Brazoria, TX",violent,-0.11919255120067358,-0.12844704234481083,0.03648108651132171
3,TX0200000,"Brazoria, TX",violent,-0.08349324284739391,-0.04737163987468668,0.03643408952250904
4,TX0200000,"Brazoria, TX",violent,0.0018861775344930175,0.04196384835050983,0.036472856254068355
5,TX0200000,"Brazoria, TX",violent,0.061378368913264515,0.0634656776122275,0.03643408952250904
6,TX0200000,"Brazoria, TX",violent,0.0731202394301756,0.06387760747631151,0.03648108651132171
7,TX0200000,"Brazoria, TX",violent,0.07742077716314569,0.08461482784697638,0.03640865040791564
8,TX0200000,"Brazoria, TX",violent,0.08304573516707066,0.0761330891481533,0.03648108651132171
9,TX0200000,"Brazoria, TX",violent,0.05826335062100446,0.01832773607833633,0.036434089522509046
10,TX0200000,"Brazoria, TX",violent,0.009030746272720444,-0.018693798950202654,0.036472856254068355
11,TX0200000,"Brazoria, TX",violent,-0.02523155287966163,-0.011151724415569999,0.03643408952250904
12,TX0200000,"Brazoria, TX",violent,-0.0478903472037861,-0.03483370367996109,0.0364810865113217
1,TX0201000,"Pearland, TX",violent,-0.08833770097035916,-0.06211707777461917,0.038441242169776735
2,TX0201000,"Pearland, TX",violent,-0.11919255120067358,-0.10507054180655953,0.03849697320758168
3,TX0201000,"Pearland, TX",violent,-0.08349324284739391,-0.06690078113338163,0.038444930682244034
4,TX0201000,"Pearland, TX",violent,0.0018861775344930175,0.011887972583182044,0.03844142834645208
5,TX0201000,"Pearland, TX",violent,0.061378368913264515,0.04554315124334912,0.03844493068224404
6,TX0201000,"Pearland, TX",violent,0.0731202394301756,0.035911978873898937,0.03849697320758168
7,TX0201000,"Pearland, TX",violent,0.07742077716314569,0.03919485002550459,0.03844124216977673
8,TX0201000,"Pearland, TX",violent,0.08304573516707066,0.05203713772185026,0.03849697320758168
9,TX0201000,"Pearland, TX",violent,0.05826335062100446,0.03678960479778694,0.03844493068224404
10,TX0201000,"Pearland, TX",violent,0.009030746272720444,0.011034255165932523,0.03844142834645208
11,TX0201000,"Pearland, TX",violent,-0.02523155287966163,0.007490252841360115,0.038444930682244034
12,TX0201000,"Pearland, TX",violent,-0.0478903472037861,-0.005800802538304206,0.03849697320758168
1,TX0210200,"College Station, TX",violent,-0.08833770097035916,-0.04921666929685744,0.03595678929600056
2,TX0210200,"College Station, TX",violent,-0.11919255120067358,-0.09734277273841418,0.03600499466004113
3,TX0210200,"College Station, TX",violent,-0.08349324284739391,-0.09690360890000943,0.035966587393995615
4,TX0210200,"College Station, TX",violent,0.0018861775344930175,-0.009959475325695343,0.035978599468971265
5,TX0210200,"College Station, TX",violent,0.061378368913264515,0.07157863749321988,0.03596658739399562
6,TX0210200,"College Station, TX",violent,0.0731202394301756,0.06508910858630583,0.03600499466004113
7,TX0210200,"College Station, TX",violent,0.07742077716314569,0.026517486287135062,0.03595678929600055
8,TX0210200,"College Station, TX",violent,0.08304573516707066,0.03528103275648356,0.03600499466004113
9,TX0210200,"College Station, TX",violent,0.05826335062100446,0.05754105192780119,0.03596658739399562
10,TX0210200,"College Station, TX",violent,0.009030746272720444,0.03265865833541774,0.035978599468971265
11,TX0210200,"College Station, TX",violent,-0.02523155287966163,-0.009516897511289278,0.035966587393995615
12,TX0210200,"College Station, TX",violent,-0.0478903472037861,-0.025726551614097603,0.03600499466004113
1,TX0310000,"Cameron, TX",violent,-0.08833770097035916,-0.09827094173088126,0.03581638865706683
2,TX0310000,"Cameron, TX",violent,-0.11919255120067358,-0.1339974106459667,0.03588041057168993
3,TX0310000,"Cameron, TX",violent,-0.08349324284739391,-0.06805291460505826,0.03587997947353612
4,TX0310000,"Cameron, TX",violent,0.0018861775344930175,0.03473664591946052,0.035875062734017645
5,TX0310000,"Cameron, TX",violent,0.061378368913264515,0.08085259014720528,0.035879979473536126
6,TX0310000,"Cameron, TX",violent,0.0731202394301756,0.08469374803895985,0.03588041057168993
7,TX0310000,"Cameron, TX",violent,0.07742077716314569,0.09280667857646069,0.03581638865706682
8,TX0310000,"Cameron, TX",violent,0.08304573516707066,0.07826202772660927,0.03588041057168993
9,TX0310000,"Cameron, TX",violent,0.05826335062100446,0.01778179484012138,0.03587997947353613
10,TX0310000,"Cameron, TX",violent,0.009030746272720444,-0.02927238276503997,0.035875062734017645
11,TX0310000,"Cameron, TX",violent,-0.02523155287966163,-0.02511720722784786,0.03587997947353612
12,TX0310000,"Cameron, TX",violent,-0.0478903472037861,-0.034422628274022905,0.03588041057168993
1,TX0310100,"Brownsville, TX",violent,-0.08833770097035916,-0.07178666544366576,0.030936435520220316
2,TX0310100,"Brownsville, TX",violent,-0.11919255120067358,-0.11019304673295056,0.03096068967209536
3,TX0310100,"Brownsville, TX",violent,-0.08349324284739391,-0.06011432254061212,0.03095150487161199
4,TX0310100,"Brownsville, TX",violent,0.0018861775344930175,0.039573590334020414,0.03096160269509844
5,TX0310100,"Brownsville, TX",violent,0.061378368913264515,0.07770796004090563,0.030951504871611992
6,TX0310100,"Brownsville, TX",violent,0.0731202394301756,0.051806280243312935,0.03096068967209536
7,TX0310100,"Brownsville, TX",violent,0.07742077716314569,0.045251185223898524,0.030936435520220313
8,TX0310100,"Brownsville, TX",violent,0.08304573516707066,0.06177620003137897,0.03096068967209536
9,TX0310100,"Brownsville, TX",violent,0.05826335062100446,0.038232956058807756,0.030951504871611992
10,TX0310100,"Brownsville, TX",violent,0.009030746272720444,-0.013038110114253194,0.03096160269509844
11,TX0310100,"Brownsville, TX",violent,-0.02523155287966163,-0.029291113339334072,0.03095150487161199
12,TX0310100,"Brownsville, TX",violent,-0.0478903472037861,-0.02992491376150855,0.03096068967209536
1,TX0310300,"Harlingen, TX",violent,-0.08833770097035916,-0.09397646458433506,0.03588077140802898
2,TX0310300,"Harlingen, TX",violent,-0.11919255120067358,-0.1497157424063728,0.03588878271519197
3,TX0310300,"Harlingen, TX",violent,-0.08349324284739391,-0.05297311151125879,0.03587605811782238
4,TX0310300,"Harlingen, TX",violent,0.0018861775344930175,0.08836414990607075,0.03587492388025479
5,TX0310300,"Harlingen, TX",violent,0.061378368913264515,0.10868116274386799,0.03587605811782238
6,TX0310300,"Harlingen, TX",violent,0.0731202394301756,0.049195262339759405,0.03588878271519197
7,TX0310300,"Harlingen, TX",violent,0.07742077716314569,0.038566771239811753,0.03588077140802898
8,TX0310300,"Harlingen, TX",violent,0.08304573516707066,0.053263677910891545,0.03588878271519197
9,TX0310300,"Harlingen, TX",violent,0.05826335062100446,0.011930740360300838,0.035876058117822386
10,TX0310300,"Harlingen, TX",violent,0.009030746272720444,-0.032954456561547454,0.03587492388025479
11,TX0310300,"Harlingen, TX",violent,-0.02523155287966163,-0.012229098248386777,0.03587605811782238
12,TX0310300,"Harlingen, TX",violent,-0.0478903472037861,-0.008152891188801395,0.03588878271519197
1,TX0430000,"Collin, TX",violent,-0.08833770097035916,-0.12212187269315405,0.04042143874975689
2,TX0430000,"Collin, TX",violent,-0.11919255120067358,-0.12386987935321014,0.04045511201075427
3,TX0430000,"Collin, TX",violent,-0.08349324284739391,-0.043296810144680245,0.04041871204663046
4,TX0430000,"Collin, TX",violent,0.0018861775344930175,0.04413609352737727,0.04042823635469538
5,TX0430000,"Collin, TX",violent,0.061378368913264515,0.05946996695860006,0.04041871204663046
6,TX0430000,"Collin, TX",violent,0.0731202394301756,0.04390256616511283,0.04045511201075427
7,TX0430000,"Collin, TX",violent,0.07742077716314569,0.0682790102850652,0.040421438749756886
8,TX0430000,"Collin, TX",violent,0.08304573516707066,0.10046905123714236,0.04045511201075427
9,TX0430000,"Collin, TX",violent,0.05826335062100446,0.07373884443670134,0.04041871204663046
10,TX0430000,"Collin, TX",violent,0.009030746272720444,0.00970676888071158,0.04042823635469538
11,TX0430000,"Collin, TX",violent,-0.02523155287966163,-0.03606913884253232,0.04041871204663046
12,TX0430000,"Collin, TX",violent,-0.0478903472037861,-0.07434460045713386,0.04045511201075427
1,TX0430100,"Allen, TX",violent,-0.08833770097035916,-0.057257620364926,0.038934328024314506
2,TX0430100,"Allen, TX",violent,-0.11919255120067358,-0.10621007922738453,0.03900687552515512
3,TX0430100,"Allen, TX",violent,-0.08349324284739391,-0.08122910027490651,0.038969944611229275
4,TX0430100,"Allen, TX",violent,0.0018861775344930175,0.02077550719838824,0.03900286349717546
5,TX0430100,"Allen, TX",violent,0.061378368913264515,0.09155696924010301,0.03896994461122928
6,TX0430100,"Allen, TX",violent,0.0731202394301756,0.08077972317279788,0.03900687552515512
7,TX0430100,"Allen, TX",violent,0.07742077716314569,0.052428077330023956,0.038934328024314506
8,TX0430100,"Allen, TX",violent,0.08304573516707066,0.047236294843158416,0.03900687552515512
9,TX0430100,"Allen, TX",violent,0.05826335062100446,0.027084858925582433,0.03896994461122928
10,TX0430100,"Allen, TX",violent,0.009030746272720444,-0.0159459641634862,0.03900286349717546
11,TX0430100,"Allen, TX",violent,-0.02523155287966163,-0.03258318485587692,0.03896994461122928
12,TX0430100,"Allen, TX",violent,-0.0478903472037861,-0.026635481823473802,0.03900687552515512
1,TX0430400,"Frisco, TX",violent,-0.08833770097035916,-0.06458504644227202,0.03634023746425473
2,TX0430400,"Frisco, TX",violent,-0.11919255120067358,-0.08520110961214436,0.03639368844153747
3,TX0430400,"Frisco, TX",violent,-0.08349324284739391,-0.038177015049528806,0.036379642407162384
4,TX0430400,"Frisco, TX",violent,0.0018861775344930175,0.023287026553064964,0.036373109813270244
5,TX0430400,"Frisco, TX",violent,0.061378368913264515,0.04336165105395192,0.03637964240716239
6,TX0430400,"Frisco, TX",violent,0.0731202394301756,0.04628533866851836,0.03639368844153747
7,TX0430400,"Frisco, TX",violent,0.07742077716314569,0.06097390141725004,0.03634023746425472
8,TX0430400,"Frisco, TX",violent,0.08304573516707066,0.055195861950801395,0.03639368844153747
9,TX0430400,"Frisco, TX",violent,0.05826335062100446,0.011782912413207834,0.03637964240716239
10,TX0430400,"Frisco, TX",violent,0.009030746272720444,-0.019675881528042997,0.036373109813270244
11,TX0430400,"Frisco, TX",violent,-0.02523155287966163,-0.01335640339260899,0.036379642407162384
12,TX0430400,"Frisco, TX",violent,-0.0478903472037861,-0.01989123603219733,0.03639368844153747
1,TX0430500,"Mckinney, TX",violent,-0.08833770097035916,-0.09078901639851315,0.03515017650120515
2,TX0430500,"Mckinney, TX",violent,-0.11919255120067358,-0.10424662544082565,0.03521518617499207
3,TX0430500,"Mckinney, TX",violent,-0.08349324284739391,-0.07452800182107483,0.03519008867690841
4,TX0430500,"Mckinney, TX",violent,0.0018861775344930175,-0.010461675917337189,0.03522621161899954
5,TX0430500,"Mckinney, TX",violent,0.061378368913264515,0.05123559407488652,0.03519008867690842
6,TX0430500,"Mckinney, TX",violent,0.0731202394301756,0.08575085916447024,0.03521518617499207
7,TX0430500,"Mckinney, TX",violent,0.07742077716314569,0.09331483981519509,0.03515017650120515
8,TX0430500,"Mckinney, TX",violent,0.08304573516707066,0.07925747330566042,0.03521518617499207
9,TX0430500,"Mckinney, TX",violent,0.05826335062100446,0.047013026269227674,0.03519008867690842
10,TX0430500,"Mckinney, TX",violent,0.009030746272720444,0.00793585250065525,0.03522621161899954
11,TX0430500,"Mckinney, TX",violent,-0.02523155287966163,-0.026246441939721327,0.03519008867690841
12,TX0430500,"Mckinney, TX",violent,-0.0478903472037861,-0.05823588361262303,0.03521518617499207
1,TX0430600,"Plano, TX",violent,-0.08833770097035916,-0.057686898045684706,0.03287453825464887
2,TX0430600,"Plano, TX",violent,-0.11919255120067358,-0.09610510738160413,0.03295520700280072
3,TX0430600,"Plano, TX",violent,-0.08349324284739391,-0.06667583400034298,0.032949799281091714
4,TX0430600,"Plano, TX",violent,0.0018861775344930175,-0.0033416632422391484,0.032988448022636896
5,TX0430600,"Plano, TX",violent,0.061378368913264515,0.0312327382848511,0.032949799281091714
6,TX0430600,"Plano, TX",violent,0.0731202394301756,0.05326518699229743,0.03295520700280072
7,TX0430600,"Plano, TX",violent,0.07742077716314569,0.09010540113396172,0.032874538254648866
8,TX0430600,"Plano, TX",violent,0.08304573516707066,0.09453408001927902,0.03295520700280072
9,TX0430600,"Plano, TX",violent,0.05826335062100446,0.032686303549740836,0.03294979928109172
10,TX0430600,"Plano, TX",violent,0.009030746272720444,-0.02907683984603789,0.032988448022636896
11,TX0430600,"Plano, TX",violent,-0.02523155287966163,-0.029661710922525997,0.032949799281091714
12,TX0430600,"Plano, TX",violent,-0.0478903472037861,-0.01927565654169524,0.03295520700280072
1,TX0430800,"Wylie, TX",violent,-0.08833770097035916,-0.08464543757872685,0.04163041811966561
2,TX0430800,"Wylie, TX",violent,-0.11919255120067358,-0.11822264748635809,0.04165907431649838
3,TX0430800,"Wylie, TX",violent,-0.08349324284739391,-0.09379329941920404,0.041642137113647316
4,TX0430800,"Wylie, TX",violent,0.0018861775344930175,-0.0019780949505185928,0.04165364216919503
5,TX0430800,"Wylie, TX",violent,0.061378368913264515,0.07838765022457883,0.04164213711364732
6,TX0430800,"Wylie, TX",violent,0.0731202394301756,0.09085308101937982,0.04165907431649838
7,TX0430800,"Wylie, TX",violent,0.07742077716314569,0.07196219430833324,0.041630418119665606
8,TX0430800,"Wylie, TX",violent,0.08304573516707066,0.06633609573722975,0.04165907431649838
9,TX0430800,"Wylie, TX",violent,0.05826335062100446,0.054589990940469305,0.04164213711364732
10,TX0430800,"Wylie, TX",violent,0.009030746272720444,0.014661338220912196,0.04165364216919503
11,TX0430800,"Wylie, TX",violent,-0.02523155287966163,-0.026501098475450523,0.041642137113647316
12,TX0430800,"Wylie, TX",violent,-0.0478903472037861,-0.05164977254064505,0.04165907431649837
1,TX0460000,"Comal, TX",violent,-0.08833770097035916,-0.15246792083162647,0.038390209345883275
2,TX0460000,"Comal, TX",violent,-0.11919255120067358,-0.1575354151202307,0.03843675045930151
3,TX0460000,"Comal, TX",violent,-0.08349324284739391,-0.08556480463547161,0.03838189689810839
4,TX0460000,"Comal, TX",violent,0.0018861775344930175,0.005946054846505808,0.03838898385482234
5,TX0460000,"Comal, TX",violent,0.061378368913264515,0.07724882421498043,0.0383818968981084
6,TX0460000,"Comal, TX",violent,0.0731202394301756,0.12024903275961563,0.03843675045930151
7,TX0460000,"Comal, TX",violent,0.07742077716314569,0.12244111954698832,0.03839020934588327
8,TX0460000,"Comal, TX",violent,0.08304573516707066,0.0832172399971992,0.03843675045930151
9,TX0460000,"Comal, TX",violent,0.05826335062100446,0.041273430797078244,0.0383818968981084
10,TX0460000,"Comal, TX",violent,0.009030746272720444,0.024080746438132312,0.03838898385482234
11,TX0460000,"Comal, TX",violent,-0.02523155287966163,-0.0029306490919489775,0.03838189689810839
12,TX0460000,"Comal, TX",violent,-0.0478903472037861,-0.07595765892122217,0.03843675045930151
1,TX0460100,"New Braunfels, TX",violent,-0.08833770097035916,-0.07630765256678777,0.036097934732971064
2,TX0460100,"New Braunfels, TX",violent,-0.11919255120067358,-0.13392147212585417,0.03614558280323442
3,TX0460100,"New Braunfels, TX",violent,-0.08349324284739391,-0.11621572377540557,0.036141263476756946
4,TX0460100,"New Braunfels, TX",violent,0.0018861775344930175,0.002095720676470494,0.036144817324056645
5,TX0460100,"New Braunfels, TX",violent,0.061378368913264515,0.10072273548928257,0.03614126347675695
6,TX0460100,"New Braunfels, TX",violent,0.0731202394301756,0.10342830902359149,0.03614558280323442
7,TX0460100,"New Braunfels, TX",violent,0.07742077716314569,0.07776362015210483,0.036097934732971064
8,TX0460100,"New Braunfels, TX",violent,0.08304573516707066,0.07988256307707473,0.03614558280323442
9,TX0460100,"New Braunfels, TX",violent,0.05826335062100446,0.06072084714130908,0.03614126347675696
10,TX0460100,"New Braunfels, TX",violent,0.009030746272720444,-0.0035516882617875447,0.036144817324056645
11,TX0460100,"New Braunfels, TX",violent,-0.02523155287966163,-0.046683826440503166,0.03614126347675695
12,TX0460100,"New Braunfels, TX",violent,-0.0478903472037861,-0.04793343238949498,0.03614558280323442
1,TX0570400,"Carrollton, TX",violent,-0.08833770097035916,-0.05627069927579546,0.036519751690202204
2,TX0570400,"Carrollton, TX",violent,-0.11919255120067358,-0.08351355358970367,0.036577787895680426
3,TX0570400,"Carrollton, TX",violent,-0.08349324284739391,-0.06222789413137072,0.03656543374964892
4,TX0570400,"Carrollton, TX",violent,0.0018861775344930175,-0.016001245388857412,0.03659615411940135
5,TX0570400,"Carrollton, TX",violent,0.061378368913264515,0.022197963806827526,0.03656543374964893
6,TX0570400,"Carrollton, TX",violent,0.0731202394301756,0.05593159823755728,0.036577787895680426
7,TX0570400,"Carrollton, TX",violent,0.07742077716314569,0.08290662922734425,0.0365197516902022
8,TX0570400,"Carrollton, TX",violent,0.08304573516707066,0.07234837995361651,0.036577787895680426
9,TX0570400,"Carrollton, TX",violent,0.05826335062100446,0.024426790543734766,0.036565433749648935
10,TX0570400,"Carrollton, TX",violent,0.009030746272720444,-0.010634684562691394,0.03659615411940135
11,TX0570400,"Carrollton, TX",violent,-0.02523155287966163,-0.011032790170740388,0.03656543374964893
12,TX0570400,"Carrollton, TX",violent,-0.0478903472037861,-0.018130494649921274,0.036577787895680426
1,TX0570800,"Desoto, TX",violent,-0.08833770097035916,-0.06628976422543983,0.03688232554667062
2,TX0570800,"Desoto, TX",violent,-0.11919255120067358,-0.10727381062771964,0.03693248826383095
3,TX0570800,"Desoto, TX",violent,-0.08349324284739391,-0.07787553506926351,0.0369107681116695
4,TX0570800,"Desoto, TX",violent,0.0018861775344930175,0.023507595418582522,0.0369215010361792
5,TX0570800,"Desoto, TX",violent,0.061378368913264515,0.09059930217922121,0.036910768111669504
6,TX0570800,"Desoto, TX",violent,0.0731202394301756,0.07376126313222411,0.03693248826383095
7,TX0570800,"Desoto, TX",violent,0.07742077716314569,0.042970159443368836,0.03688232554667062
8,TX0570800,"Desoto, TX",violent,0.08304573516707066,0.046673163671687855,0.036932488263830957
9,TX0570800,"Desoto, TX",violent,0.05826335062100446,0.04059449289530274,0.036910768111669504
10,TX0570800,"Desoto, TX",violent,0.009030746272720444,-1.87990636511507e-4,0.0369215010361792
11,TX0570800,"Desoto, TX",violent,-0.02523155287966163,-0.029998655223189456,0.0369107681116695
12,TX0570800,"Desoto, TX",violent,-0.0478903472037861,-0.036480220958263344,0.03693248826383095
1,TX0571100,"Garland, TX",violent,-0.08833770097035916,-0.05148683468137553,0.0314869949358589
2,TX0571100,"Garland, TX",violent,-0.11919255120067358,-0.1116023700763539,0.03155038487077938
3,TX0571100,"Garland, TX",violent,-0.08349324284739391,-0.08996459011998545,0.03154466207989686
4,TX0571100,"Garland, TX",violent,0.0018861775344930175,0.01268405067464933,0.03153721285216942
5,TX0571100,"Garland, TX",violent,0.061378368913264515,0.07152663038481824,0.03154466207989687
6,TX0571100,"Garland, TX",violent,0.0731202394301756,0.04932872603656959,0.03155038487077938
7,TX0571100,"Garland, TX",violent,0.07742077716314569,0.03790837922478687,0.031486994935858895
8,TX0571100,"Garland, TX",violent,0.08304573516707066,0.06676332355628556,0.03155038487077938
9,TX0571100,"Garland, TX",violent,0.05826335062100446,0.05870399905650579,0.03154466207989687
10,TX0571100,"Garland, TX",violent,0.009030746272720444,8.944047819393441e-4,0.03153721285216942
11,TX0571100,"Garland, TX",violent,-0.02523155287966163,-0.026687583864749946,0.03154466207989686
12,TX0571100,"Garland, TX",violent,-0.0478903472037861,-0.018068134973089924,0.03155038487077938
1,TX0571200,"Grand Prairie, TX",violent,-0.08833770097035916,-0.12054849586601164,0.032776870320226636
2,TX0571200,"Grand Prairie, TX",violent,-0.11919255120067358,-0.12926425027933217,0.0328533068257683
3,TX0571200,"Grand Prairie, TX",violent,-0.08349324284739391,-0.035350479943150784,0.032823716161883884
4,TX0571200,"Grand Prairie, TX",violent,0.0018861775344930175,0.06268416841267664,0.032824090780114556
5,TX0571200,"Grand Prairie, TX",violent,0.061378368913264515,0.09028565006953337,0.03282371616188389
6,TX0571200,"Grand Prairie, TX",violent,0.0731202394301756,0.07924024197592368,0.0328533068257683
7,TX0571200,"Grand Prairie, TX",violent,0.07742077716314569,0.0664370132896431,0.032776870320226636
8,TX0571200,"Grand Prairie, TX",violent,0.08304573516707066,0.03593068438872009,0.0328533068257683
9,TX0571200,"Grand Prairie, TX",violent,0.05826335062100446,-0.0038716033710927914,0.03282371616188389
10,TX0571200,"Grand Prairie, TX",violent,0.009030746272720444,-0.00857268583630812,0.032824090780114556
11,TX0571200,"Grand Prairie, TX",violent,-0.02523155287966163,0.0030479158210786703,0.032823716161883884
12,TX0571200,"Grand Prairie, TX",violent,-0.0478903472037861,-0.040018158661680035,0.0328533068257683
1,TX0571500,"Irving, TX",violent,-0.08833770097035916,-0.06913150644090456,0.031083818290684923
2,TX0571500,"Irving, TX",violent,-0.11919255120067358,-0.09159441646339134,0.03115879313871412
3,TX0571500,"Irving, TX",violent,-0.08349324284739391,-0.07016365155102235,0.031131045770110475
4,TX0571500,"Irving, TX",violent,0.0018861775344930175,0.003975502075510767,0.031137807574325542
5,TX0571500,"Irving, TX",violent,0.061378368913264515,0.07314563974129791,0.03113104577011048
6,TX0571500,"Irving, TX",violent,0.0731202394301756,0.08082658789883586,0.03115879313871412
7,TX0571500,"Irving, TX",violent,0.07742077716314569,0.047324879403174966,0.031083818290684916
8,TX0571500,"Irving, TX",violent,0.08304573516707066,0.02758514047705817,0.03115879313871412
9,TX0571500,"Irving, TX",violent,0.05826335062100446,0.027961002602418756,0.031131045770110482
10,TX0571500,"Irving, TX",violent,0.009030746272720444,0.01783112496221882,0.031137807574325542
11,TX0571500,"Irving, TX",violent,-0.02523155287966163,-0.009136363754964762,0.031131045770110475
12,TX0571500,"Irving, TX",violent,-0.0478903472037861,-0.03862393895023226,0.03115879313871412
1,TX0571800,"Mesquite, TX",violent,-0.08833770097035916,-0.06396308784275327,0.03123737438662912
2,TX0571800,"Mesquite, TX",violent,-0.11919255120067358,-0.09819958031252607,0.03127492392219002
3,TX0571800,"Mesquite, TX",violent,-0.08349324284739391,-0.04618138126531258,0.03124850594308018
4,TX0571800,"Mesquite, TX",violent,0.0018861775344930175,0.05770203239555827,0.03125365641102589
5,TX0571800,"Mesquite, TX",violent,0.061378368913264515,0.09882287738607158,0.031248505943080186
6,TX0571800,"Mesquite, TX",violent,0.0731202394301756,0.056863739632956795,0.03127492392219002
7,TX0571800,"Mesquite, TX",violent,0.07742077716314569,0.01721900511202693,0.031237374386629112
8,TX0571800,"Mesquite, TX",violent,0.08304573516707066,0.0169200870443359,0.03127492392219002
9,TX0571800,"Mesquite, TX",violent,0.05826335062100446,0.011645970727848735,0.031248505943080186
10,TX0571800,"Mesquite, TX",violent,0.009030746272720444,-0.010957949664831918,0.03125365641102589
11,TX0571800,"Mesquite, TX",violent,-0.02523155287966163,-0.017543384117881426,0.03124850594308018
12,TX0571800,"Mesquite, TX",violent,-0.0478903472037861,-0.02232832909549295,0.031274923922190015
1,TX0572000,"Richardson, TX",violent,-0.08833770097035916,-0.058570536883546284,0.037218158791620624
2,TX0572000,"Richardson, TX",violent,-0.11919255120067358,-0.10076048585737708,0.037299501669240204
3,TX0572000,"Richardson, TX",violent,-0.08349324284739391,-0.07628354397305494,0.037278964672366195
4,TX0572000,"Richardson, TX",violent,0.0018861775344930175,-0.004173225527012811,0.03732746967656242
5,TX0572000,"Richardson, TX",violent,0.061378368913264515,0.04346221532864196,0.0372789646723662
6,TX0572000,"Richardson, TX",violent,0.0731202394301756,0.062338917762588576,0.037299501669240204
7,TX0572000,"Richardson, TX",violent,0.07742077716314569,0.08611012711690971,0.03721815879162062
8,TX0572000,"Richardson, TX",violent,0.08304573516707066,0.08984616032972682,0.037299501669240204
9,TX0572000,"Richardson, TX",violent,0.05826335062100446,0.03782962821204125,0.0372789646723662
10,TX0572000,"Richardson, TX",violent,0.009030746272720444,-0.02336636470635064,0.03732746967656242
11,TX0572000,"Richardson, TX",violent,-0.02523155287966163,-0.03254788980099173,0.037278964672366195
12,TX0572000,"Richardson, TX",violent,-0.0478903472037861,-0.023885002001574843,0.037299501669240204
1,TX0573300,"Rowlett, TX",violent,-0.08833770097035916,-0.07234579369207753,0.03852792889834471
2,TX0573300,"Rowlett, TX",violent,-0.11919255120067358,-0.11170697149749255,0.03855849582315884
3,TX0573300,"Rowlett, TX",violent,-0.08349324284739391,-0.08678463389005238,0.03857829879961018
4,TX0573300,"Rowlett, TX",violent,0.0018861775344930175,-0.0210917600401793,0.03859231024764708
5,TX0573300,"Rowlett, TX",violent,0.061378368913264515,0.03484901384651129,0.03857829879961019
6,TX0573300,"Rowlett, TX",violent,0.0731202394301756,0.07397733414508786,0.03855849582315884
7,TX0573300,"Rowlett, TX",violent,0.07742077716314569,0.09978098016114662,0.03852792889834471
8,TX0573300,"Rowlett, TX",violent,0.08304573516707066,0.08737497901568456,0.03855849582315884
9,TX0573300,"Rowlett, TX",violent,0.05826335062100446,0.035017454939175297,0.03857829879961019
10,TX0573300,"Rowlett, TX",violent,0.009030746272720444,-0.006343426428889808,0.03859231024764708
11,TX0573300,"Rowlett, TX",violent,-0.02523155287966163,-0.010517021364703326,0.03857829879961018
12,TX0573300,"Rowlett, TX",violent,-0.0478903472037861,-0.02221015519421072,0.03855849582315884
1,TX0610000,"Denton, TX",violent,-0.08833770097035916,-0.0692892026670831,0.04028807950622523
2,TX0610000,"Denton, TX",violent,-0.11919255120067358,-0.09537977698531104,0.04034860843944665
3,TX0610000,"Denton, TX",violent,-0.08349324284739391,-0.09002093824572684,0.04036099347872444
4,TX0610000,"Denton, TX",violent,0.0018861775344930175,-0.006633318661771984,0.040383011351300305
5,TX0610000,"Denton, TX",violent,0.061378368913264515,0.10248566622741026,0.04036099347872445
6,TX0610000,"Denton, TX",violent,0.0731202394301756,0.14071180069245812,0.04034860843944665
7,TX0610000,"Denton, TX",violent,0.07742077716314569,0.09790974131956248,0.040288079506225226
8,TX0610000,"Denton, TX",violent,0.08304573516707066,0.042458292984679506,0.04034860843944665
9,TX0610000,"Denton, TX",violent,0.05826335062100446,0.008478915592615944,0.04036099347872445
10,TX0610000,"Denton, TX",violent,0.009030746272720444,-0.021987219990707383,0.040383011351300305
11,TX0610000,"Denton, TX",violent,-0.02523155287966163,-0.04956418222677874,0.04036099347872444
12,TX0610000,"Denton, TX",violent,-0.0478903472037861,-0.0591697780393472,0.04034860843944665
1,TX0610600,"Lewisville, TX",violent,-0.08833770097035916,-0.04013190202407594,0.0347611228032562
2,TX0610600,"Lewisville, TX",violent,-0.11919255120067358,-0.08892479139615866,0.03480943766727962
3,TX0610600,"Lewisville, TX",violent,-0.08349324284739391,-0.09038711906461316,0.0348359992751344
4,TX0610600,"Lewisville, TX",violent,0.0018861775344930175,-0.022486501354808532,0.034820858477548344
5,TX0610600,"Lewisville, TX",violent,0.061378368913264515,0.054780094517848626,0.0348359992751344
6,TX0610600,"Lewisville, TX",violent,0.0731202394301756,0.08335542970694615,0.03480943766727962
7,TX0610600,"Lewisville, TX",violent,0.07742077716314569,0.07054184381345494,0.034761122803256196
8,TX0610600,"Lewisville, TX",violent,0.08304573516707066,0.04599563248759597,0.03480943766727962
9,TX0610600,"Lewisville, TX",violent,0.05826335062100446,0.017048018366671455,0.0348359992751344
10,TX0610600,"Lewisville, TX",violent,0.009030746272720444,-0.007923440434570479,0.034820858477548344
11,TX0610600,"Lewisville, TX",violent,-0.02523155287966163,-0.011850935609285946,0.0348359992751344
12,TX0610600,"Lewisville, TX",violent,-0.0478903472037861,-0.01001632900900442,0.03480943766727962
1,TX0611200,"Flower Mound, TX",violent,-0.08833770097035916,-0.08746575689694754,0.04149638584574867
2,TX0611200,"Flower Mound, TX",violent,-0.11919255120067358,-0.09665568911342284,0.04153304146062984
3,TX0611200,"Flower Mound, TX",violent,-0.08349324284739391,-0.06447665832875238,0.041495865258287926
4,TX0611200,"Flower Mound, TX",violent,0.0018861775344930175,-1.859182391026912e-4,0.04150855644533901
5,TX0611200,"Flower Mound, TX",violent,0.061378368913264515,0.057228343722983833,0.041495865258287926
6,TX0611200,"Flower Mound, TX",violent,0.0731202394301756,0.07382411194992015,0.04153304146062984
7,TX0611200,"Flower Mound, TX",violent,0.07742077716314569,0.05837224490250452,0.04149638584574866
8,TX0611200,"Flower Mound, TX",violent,0.08304573516707066,0.044219932833735584,0.04153304146062984
9,TX0611200,"Flower Mound, TX",violent,0.05826335062100446,0.04113441404350813,0.04149586525828793
10,TX0611200,"Flower Mound, TX",violent,0.009030746272720444,0.0292794302335457,0.04150855644533901
11,TX0611200,"Flower Mound, TX",violent,-0.02523155287966163,-0.004792587443296603,0.041495865258287926
12,TX0611200,"Flower Mound, TX",violent,-0.0478903472037861,-0.05048186766467586,0.04153304146062984
1,TX0611300,"Little Elm, TX",violent,-0.08833770097035916,-0.07903999461287413,0.04000264035216487
2,TX0611300,"Little Elm, TX",violent,-0.11919255120067358,-0.06375486650677854,0.04000482214983664
3,TX0611300,"Little Elm, TX",violent,-0.08349324284739391,-0.020709621692523272,0.03996124653532968
4,TX0611300,"Little Elm, TX",violent,0.0018861775344930175,0.024520175167173957,0.03995323574530739
5,TX0611300,"Little Elm, TX",violent,0.061378368913264515,0.05203142699395631,0.03996124653532969
6,TX0611300,"Little Elm, TX",violent,0.0731202394301756,0.051760901681174594,0.04000482214983664
7,TX0611300,"Little Elm, TX",violent,0.07742077716314569,0.03203622798838464,0.040002640352164866
8,TX0611300,"Little Elm, TX",violent,0.08304573516707066,0.018038803357548858,0.04000482214983664
9,TX0611300,"Little Elm, TX",violent,0.05826335062100446,0.021997325167783056,0.039961246535329696
10,TX0611300,"Little Elm, TX",violent,0.009030746272720444,0.022483591457315523,0.03995323574530739
11,TX0611300,"Little Elm, TX",violent,-0.02523155287966163,-0.006315363844726638,0.03996124653532968
12,TX0611300,"Little Elm, TX",violent,-0.0478903472037861,-0.05304860515643435,0.04000482214983664
1,TX0680200,"Odessa, TX",violent,-0.08833770097035916,-0.11443250210209424,0.031286900347301215
2,TX0680200,"Odessa, TX",violent,-0.11919255120067358,-0.09197747720020587,0.03136798768424112
3,TX0680200,"Odessa, TX",violent,-0.08349324284739391,-0.03768964614983472,0.03132494814739935
4,TX0680200,"Odessa, TX",violent,0.0018861775344930175,0.015545221844645112,0.031374528527158926
5,TX0680200,"Odessa, TX",violent,0.061378368913264515,0.0568218166314705,0.031324948147399355
6,TX0680200,"Odessa, TX",violent,0.0731202394301756,0.08401954271401124,0.03136798768424112
7,TX0680200,"Odessa, TX",violent,0.07742077716314569,0.08709728977333588,0.031286900347301215
8,TX0680200,"Odessa, TX",violent,0.08304573516707066,0.06629632535775204,0.03136798768424112
9,TX0680200,"Odessa, TX",violent,0.05826335062100446,0.03934370663613924,0.031324948147399355
10,TX0680200,"Odessa, TX",violent,0.009030746272720444,0.011789990484113248,0.031374528527158926
11,TX0680200,"Odessa, TX",violent,-0.02523155287966163,-0.031140664789016694,0.03132494814739935
12,TX0680200,"Odessa, TX",violent,-0.0478903472037861,-0.08567360320031571,0.03136798768424112
1,TX0710000,"El Paso, TX",violent,-0.08833770097035916,-0.08783564681618707,0.03457349166373382
2,TX0710000,"El Paso, TX",violent,-0.11919255120067358,-0.09957937648863588,0.03464514873024136
3,TX0710000,"El Paso, TX",violent,-0.08349324284739391,-0.07489073264057576,0.03462133745736462
4,TX0710000,"El Paso, TX",violent,0.0018861775344930175,0.004555525680781338,0.0346596713889247
5,TX0710000,"El Paso, TX",violent,0.061378368913264515,0.0805434013610358,0.03462133745736463
6,TX0710000,"El Paso, TX",violent,0.0731202394301756,0.10108581752236746,0.03464514873024136
7,TX0710000,"El Paso, TX",violent,0.07742077716314569,0.09009445990553482,0.034573491663733816
8,TX0710000,"El Paso, TX",violent,0.08304573516707066,0.08131385788932731,0.03464514873024136
9,TX0710000,"El Paso, TX",violent,0.05826335062100446,0.05436640095191948,0.03462133745736463
10,TX0710000,"El Paso, TX",violent,0.009030746272720444,-0.006814338770129077,0.0346596713889247
11,TX0710000,"El Paso, TX",violent,-0.02523155287966163,-0.06227788276172727,0.03462133745736463
12,TX0710000,"El Paso, TX",violent,-0.0478903472037861,-0.08056148583371114,0.03464514873024136
1,TX0710200,"El Paso, TX",violent,-0.08833770097035916,-0.09704188947676036,0.027779243009458023
2,TX0710200,"El Paso, TX",violent,-0.11919255120067358,-0.10916726394212724,0.027805166487131775
3,TX0710200,"El Paso, TX",violent,-0.08349324284739391,-0.0655027892441472,0.027818041918800752
4,TX0710200,"El Paso, TX",violent,0.0018861775344930175,0.02195650540911505,0.027826497097308375
5,TX0710200,"El Paso, TX",violent,0.061378368913264515,0.07784179576945736,0.027818041918800756
6,TX0710200,"El Paso, TX",violent,0.0731202394301756,0.07735881769680844,0.027805166487131775
7,TX0710200,"El Paso, TX",violent,0.07742077716314569,0.07172336910076058,0.02777924300945802
8,TX0710200,"El Paso, TX",violent,0.08304573516707066,0.08153253124470065,0.02780516648713178
9,TX0710200,"El Paso, TX",violent,0.05826335062100446,0.0631865769227204,0.02781804191880076
10,TX0710200,"El Paso, TX",violent,0.009030746272720444,0.003362014966884733,0.027826497097308375
11,TX0710200,"El Paso, TX",violent,-0.02523155287966163,-0.05020706307203081,0.027818041918800756
12,TX0710200,"El Paso, TX",violent,-0.0478903472037861,-0.07504260537538161,0.027805166487131775
1,TX0790000,"Fort Bend, TX",violent,-0.08833770097035916,-0.032129748837960624,0.030283596529475692
2,TX0790000,"Fort Bend, TX",violent,-0.11919255120067358,-0.0835021381295324,0.030322029045276568
3,TX0790000,"Fort Bend, TX",violent,-0.08349324284739391,-0.0752359793600888,0.03034850600851191
4,TX0790000,"Fort Bend, TX",violent,0.0018861775344930175,-0.007511214159328429,0.030360206671773637
5,TX0790000,"Fort Bend, TX",violent,0.061378368913264515,0.04732117350206567,0.030348506008511918
6,TX0790000,"Fort Bend, TX",violent,0.0731202394301756,0.06337842570321514,0.030322029045276568
7,TX0790000,"Fort Bend, TX",violent,0.07742077716314569,0.06820298623631132,0.030283596529475685
8,TX0790000,"Fort Bend, TX",violent,0.08304573516707066,0.058488860646070506,0.030322029045276568
9,TX0790000,"Fort Bend, TX",violent,0.05826335062100446,0.014149464478276206,0.030348506008511918
10,TX0790000,"Fort Bend, TX",violent,0.009030746272720444,-0.02856202323902229,0.030360206671773637
11,TX0790000,"Fort Bend, TX",violent,-0.02523155287966163,-0.022307896018603793,0.03034850600851191
12,TX0790000,"Fort Bend, TX",violent,-0.0478903472037861,-0.002291910821402521,0.030322029045276568
1,TX0790100,"Missouri City, TX",violent,-0.08833770097035916,-0.04591788853583028,0.038601709224313774
2,TX0790100,"Missouri City, TX",violent,-0.11919255120067358,-0.12260123684045474,0.03864974644604285
3,TX0790100,"Missouri City, TX",violent,-0.08349324284739391,-0.11957120196892745,0.03864919685421541
4,TX0790100,"Missouri City, TX",violent,0.0018861775344930175,-0.012947232074515935,0.038701835361616505
5,TX0790100,"Missouri City, TX",violent,0.061378368913264515,0.0755202011731356,0.03864919685421541
6,TX0790100,"Missouri City, TX",violent,0.0731202394301756,0.08550841900903862,0.03864974644604285
7,TX0790100,"Missouri City, TX",violent,0.07742077716314569,0.0822850078245227,0.038601709224313774
8,TX0790100,"Missouri City, TX",violent,0.08304573516707066,0.09002028999105809,0.03864974644604285
9,TX0790100,"Missouri City, TX",violent,0.05826335062100446,0.05062313583083839,0.03864919685421542
10,TX0790100,"Missouri City, TX",violent,0.009030746272720444,-0.023419887214176486,0.038701835361616505
11,TX0790100,"Missouri City, TX",violent,-0.02523155287966163,-0.04293925432373897,0.03864919685421541
12,TX0790100,"Missouri City, TX",violent,-0.0478903472037861,-0.016560352870949546,0.03864974644604285
1,TX0790500,"Sugar Land, TX",violent,-0.08833770097035916,-0.07423247713354617,0.04007126410793537
2,TX0790500,"Sugar Land, TX",violent,-0.11919255120067358,-0.08193884048684838,0.04013268289866776
3,TX0790500,"Sugar Land, TX",violent,-0.08349324284739391,-0.05159253516629657,0.04011262310267942
4,TX0790500,"Sugar Land, TX",violent,0.0018861775344930175,-0.0012458880882574685,0.040105432341052405
5,TX0790500,"Sugar Land, TX",violent,0.061378368913264515,0.028338383735051237,0.04011262310267943
6,TX0790500,"Sugar Land, TX",violent,0.0731202394301756,0.04280011416569418,0.04013268289866776
7,TX0790500,"Sugar Land, TX",violent,0.07742077716314569,0.07053565522484441,0.040071264107935364
8,TX0790500,"Sugar Land, TX",violent,0.08304573516707066,0.0918995062101312,0.04013268289866776
9,TX0790500,"Sugar Land, TX",violent,0.05826335062100446,0.06525002279828117,0.04011262310267943
10,TX0790500,"Sugar Land, TX",violent,0.009030746272720444,0.004942709996959228,0.040105432341052405
11,TX0790500,"Sugar Land, TX",violent,-0.02523155287966163,-0.038299049458334095,0.04011262310267942
12,TX0790500,"Sugar Land, TX",violent,-0.0478903472037861,-0.05645760179767874,0.04013268289866776
1,TX0840400,"Galveston, TX",violent,-0.08833770097035916,-0.10745264817830863,0.03502021842348242
2,TX0840400,"Galveston, TX",violent,-0.11919255120067358,-0.13017858878592786,0.03507179630564349
3,TX0840400,"Galveston, TX",violent,-0.08349324284739391,-0.06121029893209165,0.03507396447440354
4,TX0840400,"Galveston, TX",violent,0.0018861775344930175,0.02754618882025583,0.035099527331048284
5,TX0840400,"Galveston, TX",violent,0.061378368913264515,0.0658257756840798,0.03507396447440355
6,TX0840400,"Galveston, TX",violent,0.0731202394301756,0.086972909698448,0.03507179630564349
7,TX0840400,"Galveston, TX",violent,0.07742077716314569,0.11808704206788591,0.035020218423482415
8,TX0840400,"Galveston, TX",violent,0.08304573516707066,0.10333727540754607,0.0350717963056435
9,TX0840400,"Galveston, TX",violent,0.05826335062100446,0.023734591664132578,0.03507396447440355
10,TX0840400,"Galveston, TX",violent,0.009030746272720444,-0.03818058270983314,0.035099527331048284
11,TX0840400,"Galveston, TX",violent,-0.02523155287966163,-0.038984462305698034,0.03507396447440354
12,TX0840400,"Galveston, TX",violent,-0.0478903472037861,-0.04949720243048884,0.03507179630564349
1,TX0840800,"League City, TX",violent,-0.08833770097035916,-0.0667499867891604,0.03882501418492769
2,TX0840800,"League City, TX",violent,-0.11919255120067358,-0.08195366095896314,0.03891174598997453
3,TX0840800,"League City, TX",violent,-0.08349324284739391,-0.08198927484968367,0.038900188270575564
4,TX0840800,"League City, TX",violent,0.0018861775344930175,-0.012116730000425877,0.038944327623706074
5,TX0840800,"League City, TX",violent,0.061378368913264515,0.08978702092701699,0.038900188270575564
6,TX0840800,"League City, TX",violent,0.0731202394301756,0.12943321225402973,0.03891174598997453
7,TX0840800,"League City, TX",violent,0.07742077716314569,0.09336015865987751,0.03882501418492768
8,TX0840800,"League City, TX",violent,0.08304573516707066,0.048477344731790314,0.03891174598997453
9,TX0840800,"League City, TX",violent,0.05826335062100446,0.021902786751793725,0.03890018827057557
10,TX0840800,"League City, TX",violent,0.009030746272720444,-0.014493441870291234,0.038944327623706074
11,TX0840800,"League City, TX",violent,-0.02523155287966163,-0.056310704699844186,0.038900188270575564
12,TX0840800,"League City, TX",violent,-0.0478903472037861,-0.06934672415613977,0.03891174598997453
1,TX0840900,"Texas City, TX",violent,-0.08833770097035916,-0.09346888929963262,0.03655897059068404
2,TX0840900,"Texas City, TX",violent,-0.11919255120067358,-0.09521717822588927,0.036603052915121156
3,TX0840900,"Texas City, TX",violent,-0.08349324284739391,-0.03058025767880415,0.036589700168556234
4,TX0840900,"Texas City, TX",violent,0.0018861775344930175,0.0682452335435782,0.03659731074761294
5,TX0840900,"Texas City, TX",violent,0.061378368913264515,0.10077470940630123,0.036589700168556234
6,TX0840900,"Texas City, TX",violent,0.0731202394301756,0.06046538958885648,0.036603052915121156
7,TX0840900,"Texas City, TX",violent,0.07742077716314569,0.039260415936325926,0.03655897059068403
8,TX0840900,"Texas City, TX",violent,0.08304573516707066,0.06050985589865493,0.036603052915121156
9,TX0840900,"Texas City, TX",violent,0.05826335062100446,0.05008140871487652,0.03658970016855624
10,TX0840900,"Texas City, TX",violent,0.009030746272720444,-0.01403676018027149,0.03659731074761294
11,TX0840900,"Texas City, TX",violent,-0.02523155287966163,-0.06606738707906692,0.036589700168556234
12,TX0840900,"Texas City, TX",violent,-0.0478903472037861,-0.07996654062492883,0.036603052915121156
1,TX0920500,"Longview, TX",violent,-0.08833770097035916,-0.06722553287976776,0.03428082771412409
2,TX0920500,"Longview, TX",violent,-0.11919255120067358,-0.1303823060862793,0.03432824738986158
3,TX0920500,"Longview, TX",violent,-0.08349324284739391,-0.09417478507883437,0.03432536622173361
4,TX0920500,"Longview, TX",violent,0.0018861775344930175,0.032519987814264364,0.0343326080883803
5,TX0920500,"Longview, TX",violent,0.061378368913264515,0.09272647141634702,0.03432536622173361
6,TX0920500,"Longview, TX",violent,0.0731202394301756,0.05851395227753526,0.03432824738986158
7,TX0920500,"Longview, TX",violent,0.07742077716314569,0.055423550594311,0.03428082771412409
8,TX0920500,"Longview, TX",violent,0.08304573516707066,0.10040159712305591,0.03432824738986158
9,TX0920500,"Longview, TX",violent,0.05826335062100446,0.07599605840106777,0.034325366221733614
10,TX0920500,"Longview, TX",violent,0.009030746272720444,-0.020718005528807593,0.0343326080883803
11,TX0920500,"Longview, TX",violent,-0.02523155287966163,-0.06274576245312366,0.03432536622173361
12,TX0920500,"Longview, TX",violent,-0.0478903472037861,-0.04033522559976863,0.03432824738986158
1,TX1010100,"Baytown, TX",violent,-0.08833770097035916,-0.079321289096704245,0.03416535385649597
2,TX1010100,"Baytown, TX",violent,-0.11919255120067358,-0.1279045051003399,0.03425832729291993
3,TX1010100,"Baytown, TX",violent,-0.08349324284739391,-0.09574165617630466,0.03421042100140488
4,TX1010100,"Baytown, TX",violent,0.0018861775344930175,0.0026057214750925665,0.03421607319679517
5,TX1010100,"Baytown, TX",violent,0.061378368913264515,0.08203501885739223,0.03421042100140489
6,TX1010100,"Baytown, TX",violent,0.0731202394301756,0.08982517146944066,0.03425832729291993
7,TX1010100,"Baytown, TX",violent,0.07742077716314569,0.05438504601338684,0.03416535385649596
8,TX1010100,"Baytown, TX",violent,0.08304573516707066,0.0257761423404713,0.03425832729291993
9,TX1010100,"Baytown, TX",violent,0.05826335062100446,0.018549536499753425,0.03421042100140489
10,TX1010100,"Baytown, TX",violent,0.009030746272720444,0.022330521608224827,0.03421607319679517
11,TX1010100,"Baytown, TX",violent,-0.02523155287966163,0.02009334390247636,0.03421042100140488
12,TX1010100,"Baytown, TX",violent,-0.0478903472037861,-0.0126330517928894,0.03425832729291993
1,TX1011500,"Pasadena, TX",violent,-0.08833770097035916,-0.08185621147955485,0.030571187424940263
2,TX1011500,"Pasadena, TX",violent,-0.11919255120067358,-0.08223302783066967,0.03057395701533654
3,TX1011500,"Pasadena, TX",violent,-0.08349324284739391,-0.018417283303257787,0.03058963104884021
4,TX1011500,"Pasadena, TX",violent,0.0018861775344930175,0.03376121368742316,0.030541159619736608
5,TX1011500,"Pasadena, TX",violent,0.061378368913264515,0.03117157004162341,0.030589631048840212
6,TX1011500,"Pasadena, TX",violent,0.0731202394301756,0.022396563760794318,0.03057395701533654
7,TX1011500,"Pasadena, TX",violent,0.07742077716314569,0.042500720873597436,0.030571187424940253
8,TX1011500,"Pasadena, TX",violent,0.08304573516707066,0.05261337297945414,0.03057395701533654
9,TX1011500,"Pasadena, TX",violent,0.05826335062100446,0.028153119057999658,0.030589631048840212
10,TX1011500,"Pasadena, TX",violent,0.009030746272720444,0.00559427691853423,0.030541159619736608
11,TX1011500,"Pasadena, TX",violent,-0.02523155287966163,-0.0015519151904079,0.03058963104884021
12,TX1011500,"Pasadena, TX",violent,-0.0478903472037861,-0.03213239951553613,0.03057395701533654
1,TX1050000,"Hays, TX",violent,-0.08833770097035916,0.0051159003810563805,0.037292329921341884
2,TX1050000,"Hays, TX",violent,-0.11919255120067358,-0.08400635296444961,0.03730122318864529
3,TX1050000,"Hays, TX",violent,-0.08349324284739391,-0.10437721605985602,0.037277017743186834
4,TX1050000,"Hays, TX",violent,0.0018861775344930175,-0.025854235079878614,0.037267028599892754
5,TX1050000,"Hays, TX",violent,0.061378368913264515,0.029306171351061193,0.037277017743186834
6,TX1050000,"Hays, TX",violent,0.0731202394301756,0.010981359743029058,0.03730122318864529
7,TX1050000,"Hays, TX",violent,0.07742077716314569,0.009345937996825628,0.03729232992134188
8,TX1050000,"Hays, TX",violent,0.08304573516707066,0.05488717294949253,0.03730122318864529
9,TX1050000,"Hays, TX",violent,0.05826335062100446,0.060796197667016945,0.03727701774318684
10,TX1050000,"Hays, TX",violent,0.009030746272720444,0.011392396701996625,0.037267028599892754
11,TX1050000,"Hays, TX",violent,-0.02523155287966163,-1.8699133610413114e-4,0.037277017743186834
12,TX1050000,"Hays, TX",violent,-0.0478903472037861,0.03259965864981002,0.03730122318864529
1,TX1050100,"San Marcos, TX",violent,-0.08833770097035916,-0.0429275467885511,0.03465955514739785
2,TX1050100,"San Marcos, TX",violent,-0.11919255120067358,-0.11838418617957648,0.03469436653894387
3,TX1050100,"San Marcos, TX",violent,-0.08349324284739391,-0.10563975844271635,0.03467128833507811
4,TX1050100,"San Marcos, TX",violent,0.0018861775344930175,-0.013415210422536118,0.0346914220800233
5,TX1050100,"San Marcos, TX",violent,0.061378368913264515,0.045802131813374704,0.03467128833507812
6,TX1050100,"San Marcos, TX",violent,0.0731202394301756,0.038258435987274124,0.03469436653894387
7,TX1050100,"San Marcos, TX",violent,0.07742077716314569,0.033872542745797915,0.034659555147397846
8,TX1050100,"San Marcos, TX",violent,0.08304573516707066,0.05502060339981955,0.03469436653894387
9,TX1050100,"San Marcos, TX",violent,0.05826335062100446,0.05133117970571261,0.03467128833507812
10,TX1050100,"San Marcos, TX",violent,0.009030746272720444,0.022470214465289313,0.0346914220800233
11,TX1050100,"San Marcos, TX",violent,-0.02523155287966163,0.017561450966382203,0.03467128833507811
12,TX1050100,"San Marcos, TX",violent,-0.0478903472037861,0.016050142749729632,0.03469436653894387
1,TX1050700,"Kyle, TX",violent,-0.08833770097035916,-0.06968911481919501,0.039010852237839615
2,TX1050700,"Kyle, TX",violent,-0.11919255120067358,-0.10028543757049678,0.03905958579525626
3,TX1050700,"Kyle, TX",violent,-0.08349324284739391,-0.07415614932196431,0.039037659111870564
4,TX1050700,"Kyle, TX",violent,0.0018861775344930175,0.0011306557150673688,0.03906404449581733
5,TX1050700,"Kyle, TX",violent,0.061378368913264515,0.05173037430861733,0.03903765911187057
6,TX1050700,"Kyle, TX",violent,0.0731202394301756,0.060478070038984894,0.03905958579525626
7,TX1050700,"Kyle, TX",violent,0.07742077716314569,0.07323128868866759,0.03901085223783961
8,TX1050700,"Kyle, TX",violent,0.08304573516707066,0.08888307268405406,0.039059585795256264
9,TX1050700,"Kyle, TX",violent,0.05826335062100446,0.059211610566049025,0.03903765911187057
10,TX1050700,"Kyle, TX",violent,0.009030746272720444,-0.004672829584539944,0.03906404449581733
11,TX1050700,"Kyle, TX",violent,-0.02523155287966163,-0.04032800942217464,0.039037659111870564
12,TX1050700,"Kyle, TX",violent,-0.0478903472037861,-0.04553353128306958,0.03905958579525626
1,TX1080000,"Hidalgo, TX",violent,-0.08833770097035916,-0.08327126280305243,0.031609831308996535
2,TX1080000,"Hidalgo, TX",violent,-0.11919255120067358,-0.12607043200638615,0.03166772623941353
3,TX1080000,"Hidalgo, TX",violent,-0.08349324284739391,-0.06318657887961297,0.03165274630352169
4,TX1080000,"Hidalgo, TX",violent,0.0018861775344930175,0.02849409102434724,0.03166096301303053
5,TX1080000,"Hidalgo, TX",violent,0.061378368913264515,0.05137882271952813,0.03165274630352169
6,TX1080000,"Hidalgo, TX",violent,0.0731202394301756,0.041706234370371485,0.03166772623941353
7,TX1080000,"Hidalgo, TX",violent,0.07742077716314569,0.06435349938260188,0.03160983130899653
8,TX1080000,"Hidalgo, TX",violent,0.08304573516707066,0.07780611983891918,0.03166772623941353
9,TX1080000,"Hidalgo, TX",violent,0.05826335062100446,0.03384003013259654,0.031652746303521696
10,TX1080000,"Hidalgo, TX",violent,0.009030746272720444,-0.009576327603896706,0.03166096301303053
11,TX1080000,"Hidalgo, TX",violent,-0.02523155287966163,-0.003114510552061198,0.03165274630352169
12,TX1080000,"Hidalgo, TX",violent,-0.0478903472037861,-0.012359685623355,0.03166772623941353
1,TX1080400,"Edinburg, TX",violent,-0.08833770097035916,-0.11064108603407284,0.034626478947752656
2,TX1080400,"Edinburg, TX",violent,-0.11919255120067358,-0.13362698541217094,0.03468107721629638
3,TX1080400,"Edinburg, TX",violent,-0.08349324284739391,-0.06937987483618846,0.03464167941722325
4,TX1080400,"Edinburg, TX",violent,0.0018861775344930175,0.02924649988159699,0.03465598403796708
5,TX1080400,"Edinburg, TX",violent,0.061378368913264515,0.07400403702156802,0.03464167941722326
6,TX1080400,"Edinburg, TX",violent,0.0731202394301756,0.06907464947212459,0.03468107721629638
7,TX1080400,"Edinburg, TX",violent,0.07742077716314569,0.07220490133511703,0.034626478947752656
8,TX1080400,"Edinburg, TX",violent,0.08304573516707066,0.08045000535585803,0.03468107721629638
9,TX1080400,"Edinburg, TX",violent,0.05826335062100446,0.05463907947883134,0.03464167941722326
10,TX1080400,"Edinburg, TX",violent,0.009030746272720444,0.009189684817358806,0.03465598403796708
11,TX1080400,"Edinburg, TX",violent,-0.02523155287966163,-0.020827056965255147,0.03464167941722325
12,TX1080400,"Edinburg, TX",violent,-0.0478903472037861,-0.05433385411476742,0.03468107721629638
1,TX1080800,"McAllen, TX",violent,-0.08833770097035916,-0.08146955090621975,0.036577298984294355
2,TX1080800,"McAllen, TX",violent,-0.11919255120067358,-0.1065997330397723,0.03664333719414357
3,TX1080800,"McAllen, TX",violent,-0.08349324284739391,-0.07003113164927292,0.03664222024919993
4,TX1080800,"McAllen, TX",violent,0.0018861775344930175,-0.008384131017618935,0.03665231806012081
5,TX1080800,"McAllen, TX",violent,0.061378368913264515,0.036898541792490115,0.036642220249199935
6,TX1080800,"McAllen, TX",violent,0.0731202394301756,0.07141890258347179,0.03664333719414357
7,TX1080800,"McAllen, TX",violent,0.07742077716314569,0.09632708940087936,0.036577298984294355
8,TX1080800,"McAllen, TX",violent,0.08304573516707066,0.08177526576230544,0.03664333719414357
9,TX1080800,"McAllen, TX",violent,0.05826335062100446,0.030349125877146443,0.036642220249199935
10,TX1080800,"McAllen, TX",violent,0.009030746272720444,-0.006473407477040698,0.03665231806012081
11,TX1080800,"McAllen, TX",violent,-0.02523155287966163,-0.012074074515023282,0.03664222024919993
12,TX1080800,"McAllen, TX",violent,-0.0478903472037861,-0.03173689681134524,0.03664333719414357
1,TX1081100,"Pharr, TX",violent,-0.08833770097035916,-0.07003021979419846,0.036068446518555806
2,TX1081100,"Pharr, TX",violent,-0.11919255120067358,-0.0832001192532876,0.03610373648450553
3,TX1081100,"Pharr, TX",violent,-0.08349324284739391,-0.03043839252685649,0.03608315957326944
4,TX1081100,"Pharr, TX",violent,0.0018861775344930175,0.026183231909710187,0.0360686794298491
5,TX1081100,"Pharr, TX",violent,0.061378368913264515,0.0260608312200368,0.03608315957326944
6,TX1081100,"Pharr, TX",violent,0.0731202394301756,0.015291523260774514,0.03610373648450553
7,TX1081100,"Pharr, TX",violent,0.07742077716314569,0.04828316755647657,0.0360684465185558
8,TX1081100,"Pharr, TX",violent,0.08304573516707066,0.0780913325468681,0.03610373648450553
9,TX1081100,"Pharr, TX",violent,0.05826335062100446,0.047076658058158874,0.03608315957326945
10,TX1081100,"Pharr, TX",violent,0.009030746272720444,-0.004436179671988324,0.0360686794298491
11,TX1081100,"Pharr, TX",violent,-0.02523155287966163,-0.020952044513617332,0.03608315957326944
12,TX1081100,"Pharr, TX",violent,-0.0478903472037861,-0.03192978879207685,0.03610373648450553
1,TX1230100,"Beaumont, TX",violent,-0.08833770097035916,-0.061869866531880445,0.02909363740407395
2,TX1230100,"Beaumont, TX",violent,-0.11919255120067358,-0.12325448514908156,0.029144139970782787
3,TX1230100,"Beaumont, TX",violent,-0.08349324284739391,-0.07701353393486561,0.029155782393772534
4,TX1230100,"Beaumont, TX",violent,0.0018861775344930175,0.05326344537089648,0.029164344079138652
5,TX1230100,"Beaumont, TX",violent,0.061378368913264515,0.11953752249162053,0.029155782393772537
6,TX1230100,"Beaumont, TX",violent,0.0731202394301756,0.08414088420422425,0.029144139970782787
7,TX1230100,"Beaumont, TX",violent,0.07742077716314569,0.04482072497143133,0.029093637404073946
8,TX1230100,"Beaumont, TX",violent,0.08304573516707066,0.0382629964092397,0.029144139970782787
9,TX1230100,"Beaumont, TX",violent,0.05826335062100446,0.009071186755472863,0.029155782393772537
10,TX1230100,"Beaumont, TX",violent,0.009030746272720444,-0.03621430381044738,0.029164344079138652
11,TX1230100,"Beaumont, TX",violent,-0.02523155287966163,-0.0345460337517787,0.029155782393772534
12,TX1230100,"Beaumont, TX",violent,-0.0478903472037861,-0.01619853702483148,0.029144139970782787
1,TX1230700,"Port Arthur, TX",violent,-0.08833770097035916,-0.12346792035901291,0.0335288085857873
2,TX1230700,"Port Arthur, TX",violent,-0.11919255120067358,-0.12600568982208585,0.03360576621952162
3,TX1230700,"Port Arthur, TX",violent,-0.08349324284739391,-0.05085744038441468,0.03361041659802705
4,TX1230700,"Port Arthur, TX",violent,0.0018861775344930175,0.007501160038671119,0.033604871553341235
5,TX1230700,"Port Arthur, TX",violent,0.061378368913264515,0.04365151012830965,0.033610416598027056
6,TX1230700,"Port Arthur, TX",violent,0.0731202394301756,0.1028546674429274,0.03360576621952162
7,TX1230700,"Port Arthur, TX",violent,0.07742077716314569,0.1353040797423842,0.033528808585787294
8,TX1230700,"Port Arthur, TX",violent,0.08304573516707066,0.07302510351757323,0.03360576621952162
9,TX1230700,"Port Arthur, TX",violent,0.05826335062100446,-0.013959305303469262,0.033610416598027056
10,TX1230700,"Port Arthur, TX",violent,0.009030746272720444,-0.019337319422042455,0.033604871553341235
11,TX1230700,"Port Arthur, TX",violent,-0.02523155287966163,0.009329076176202922,0.03361041659802705
12,TX1230700,"Port Arthur, TX",violent,-0.0478903472037861,-0.03803792175504337,0.03360576621952162
1,TX1260200,"Burleson, TX",violent,-0.08833770097035916,-0.07494059456063425,0.03885989418147496
2,TX1260200,"Burleson, TX",violent,-0.11919255120067358,-0.09775508659706517,0.038903304494182736
3,TX1260200,"Burleson, TX",violent,-0.08349324284739391,-0.050894313414108563,0.03889706989233058
4,TX1260200,"Burleson, TX",violent,0.0018861775344930175,-0.003820779378499514,0.03894222411033376
5,TX1260200,"Burleson, TX",violent,0.061378368913264515,0.012002747983799996,0.03889706989233058
6,TX1260200,"Burleson, TX",violent,0.0731202394301756,0.05095580943211522,0.038903304494182736
7,TX1260200,"Burleson, TX",violent,0.07742077716314569,0.1102423284174581,0.03885989418147495
8,TX1260200,"Burleson, TX",violent,0.08304573516707066,0.10243575652895381,0.038903304494182736
9,TX1260200,"Burleson, TX",violent,0.05826335062100446,0.020273249489173337,0.03889706989233058
10,TX1260200,"Burleson, TX",violent,0.009030746272720444,-0.03148095447832437,0.03894222411033376
11,TX1260200,"Burleson, TX",violent,-0.02523155287966163,-0.01668341791568866,0.03889706989233058
12,TX1260200,"Burleson, TX",violent,-0.0478903472037861,-0.02033474550717993,0.03890330449418273
1,TX1290000,"Kaufman, TX",violent,-0.08833770097035916,-0.10686395480536542,0.038404673880816274
2,TX1290000,"Kaufman, TX",violent,-0.11919255120067358,-0.11604929575857291,0.038442733693216574
3,TX1290000,"Kaufman, TX",violent,-0.08349324284739391,-0.05517690831437118,0.03842963213593149
4,TX1290000,"Kaufman, TX",violent,0.0018861775344930175,0.006831556067796548,0.03842376317477709
5,TX1290000,"Kaufman, TX",violent,0.061378368913264515,0.03773232296375485,0.03842963213593149
6,TX1290000,"Kaufman, TX",violent,0.0731202394301756,0.06570348392813016,0.038442733693216574
7,TX1290000,"Kaufman, TX",violent,0.07742077716314569,0.08919361967633291,0.03840467388081627
8,TX1290000,"Kaufman, TX",violent,0.08304573516707066,0.0719184317652445,0.038442733693216574
9,TX1290000,"Kaufman, TX",violent,0.05826335062100446,0.028716379450075272,0.038429632135931494
10,TX1290000,"Kaufman, TX",violent,0.009030746272720444,0.010838779061235947,0.03842376317477709
11,TX1290000,"Kaufman, TX",violent,-0.02523155287966163,0.006398541029573518,0.03842963213593149
12,TX1290000,"Kaufman, TX",violent,-0.0478903472037861,-0.03924295506383417,0.03844273369321657
1,TX1520200,"Lubbock, TX",violent,-0.08833770097035916,-0.09716859853948213,0.027647900169562156
2,TX1520200,"Lubbock, TX",violent,-0.11919255120067358,-0.122083074691313,0.02768778234083868
3,TX1520200,"Lubbock, TX",violent,-0.08349324284739391,-0.07510489558728986,0.02769305916392058
4,TX1520200,"Lubbock, TX",violent,0.0018861775344930175,0.01016034426623627,0.027739635888031213
5,TX1520200,"Lubbock, TX",violent,0.061378368913264515,0.07053467998338477,0.02769305916392058
6,TX1520200,"Lubbock, TX",violent,0.0731202394301756,0.10796668433044215,0.02768778234083868
7,TX1520200,"Lubbock, TX",violent,0.07742077716314569,0.1357455488088275,0.02764790016956215
8,TX1520200,"Lubbock, TX",violent,0.08304573516707066,0.1141819780505327,0.02768778234083868
9,TX1520200,"Lubbock, TX",violent,0.05826335062100446,0.02862684867716423,0.027693059163920584
10,TX1520200,"Lubbock, TX",violent,0.009030746272720444,-0.04873729453558164,0.027739635888031213
11,TX1520200,"Lubbock, TX",violent,-0.02523155287966163,-0.06263358334260449,0.02769305916392058
12,TX1520200,"Lubbock, TX",violent,-0.0478903472037861,-0.06148863742031645,0.02768778234083868
1,TX1551200,"Waco, TX",violent,-0.08833770097035916,-0.1387459850635753,0.0307689531342059
2,TX1551200,"Waco, TX",violent,-0.11919255120067358,-0.1529666505423008,0.030801648623607545
3,TX1551200,"Waco, TX",violent,-0.08349324284739391,-0.07552548886231361,0.030778582468687084
4,TX1551200,"Waco, TX",violent,0.0018861775344930175,0.04314806017262864,0.030771374923796897
5,TX1551200,"Waco, TX",violent,0.061378368913264515,0.11403086826627726,0.03077858246868709
6,TX1551200,"Waco, TX",violent,0.0731202394301756,0.11011627998045612,0.030801648623607545
7,TX1551200,"Waco, TX",violent,0.07742077716314569,0.07523256914051069,0.030768953134205895
8,TX1551200,"Waco, TX",violent,0.08304573516707066,0.04998798585620672,0.030801648623607545
9,TX1551200,"Waco, TX",violent,0.05826335062100446,0.03606024009928412,0.03077858246868709
10,TX1551200,"Waco, TX",violent,0.009030746272720444,0.020365355750435965,0.030771374923796897
11,TX1551200,"Waco, TX",violent,-0.02523155287966163,-0.011052203580183217,0.030778582468687088
12,TX1551200,"Waco, TX",violent,-0.0478903472037861,-0.07065103121742658,0.03080164862360754
1,TX1650100,"Midland, TX",violent,-0.08833770097035916,-0.13068552803372252,0.03234899074795602
2,TX1650100,"Midland, TX",violent,-0.11919255120067358,-0.14469033577421675,0.03239749446230628
3,TX1650100,"Midland, TX",violent,-0.08349324284739391,-0.08208426726429124,0.032337405487067664
4,TX1650100,"Midland, TX",violent,0.0018861775344930175,0.007695772569447114,0.03238436231353997
5,TX1650100,"Midland, TX",violent,0.061378368913264515,0.06099470416633601,0.032337405487067664
6,TX1650100,"Midland, TX",violent,0.0731202394301756,0.07589044530385874,0.03239749446230628
7,TX1650100,"Midland, TX",violent,0.07742077716314569,0.08456809912893316,0.03234899074795601
8,TX1650100,"Midland, TX",violent,0.08304573516707066,0.0892233223869982,0.03239749446230628
9,TX1650100,"Midland, TX",violent,0.05826335062100446,0.07273468278186204,0.03233740548706767
10,TX1650100,"Midland, TX",violent,0.009030746272720444,0.038421656335342225,0.03238436231353997
11,TX1650100,"Midland, TX",violent,-0.02523155287966163,-0.005527690779117514,0.032337405487067664
12,TX1650100,"Midland, TX",violent,-0.0478903472037861,-0.06654086082142946,0.03239749446230628
1,TX1700100,"Conroe, TX",violent,-0.08833770097035916,-0.07913986067246151,0.035451197324523495
2,TX1700100,"Conroe, TX",violent,-0.11919255120067358,-0.11973284747265536,0.035530681972322974
3,TX1700100,"Conroe, TX",violent,-0.08349324284739391,-0.0646382858318705,0.03549126065066012
4,TX1700100,"Conroe, TX",violent,0.0018861775344930175,0.042775808688590176,0.035529140527943606
5,TX1700100,"Conroe, TX",violent,0.061378368913264515,0.08928956181561225,0.03549126065066013
6,TX1700100,"Conroe, TX",violent,0.0731202394301756,0.07008430894832844,0.035530681972322974
7,TX1700100,"Conroe, TX",violent,0.07742077716314569,0.060577805820140336,0.03545119732452349
8,TX1700100,"Conroe, TX",violent,0.08304573516707066,0.06246683790302085,0.035530681972322974
9,TX1700100,"Conroe, TX",violent,0.05826335062100446,0.025934331114557178,0.03549126065066013
10,TX1700100,"Conroe, TX",violent,0.009030746272720444,-0.024213753836269027,0.035529140527943606
11,TX1700100,"Conroe, TX",violent,-0.02523155287966163,-0.03202355224597778,0.03549126065066012
12,TX1700100,"Conroe, TX",violent,-0.0478903472037861,-0.03138035423101507,0.035530681972322974
1,TX1840000,"Parker, TX",violent,-0.08833770097035916,-0.0847466961588477,0.0381166412187869
2,TX1840000,"Parker, TX",violent,-0.11919255120067358,-0.1439177204402544,0.03814840571234863
3,TX1840000,"Parker, TX",violent,-0.08349324284739391,-0.10751718419874622,0.03813799313382808
4,TX1840000,"Parker, TX",violent,0.0018861775344930175,0.012280764859903684,0.03813065808356348
5,TX1840000,"Parker, TX",violent,0.061378368913264515,0.08024672089749671,0.03813799313382809
6,TX1840000,"Parker, TX",violent,0.0731202394301756,0.06535555283839056,0.03814840571234863
7,TX1840000,"Parker, TX",violent,0.07742077716314569,0.06625942771139585,0.03811664121878689
8,TX1840000,"Parker, TX",violent,0.08304573516707066,0.1022966709151421,0.038148405712348635
9,TX1840000,"Parker, TX",violent,0.05826335062100446,0.08438340312108575,0.038137993133828096
10,TX1840000,"Parker, TX",violent,0.009030746272720444,0.00620650358754815,0.03813065808356348
11,TX1840000,"Parker, TX",violent,-0.02523155287966163,-0.03862567137238445,0.03813799313382809
12,TX1840000,"Parker, TX",violent,-0.0478903472037861,-0.04222177176073008,0.03814840571234863
1,TX1990100,"Rockwall, TX",violent,-0.08833770097035916,-0.07784672134962488,0.040868470460260195
2,TX1990100,"Rockwall, TX",violent,-0.11919255120067358,-0.11389037336715731,0.04090428682511542
3,TX1990100,"Rockwall, TX",violent,-0.08349324284739391,-0.08131881478975189,0.04089571653007054
4,TX1990100,"Rockwall, TX",violent,0.0018861775344930175,-0.002669225484117712,0.04090480404493786
5,TX1990100,"Rockwall, TX",violent,0.061378368913264515,0.043502628204903956,0.04089571653007054
6,TX1990100,"Rockwall, TX",violent,0.0731202394301756,0.05556426864247295,0.04090428682511542
7,TX1990100,"Rockwall, TX",violent,0.07742077716314569,0.08286003682327447,0.04086847046026019
8,TX1990100,"Rockwall, TX",violent,0.08304573516707066,0.10550181961175328,0.040904286825115425
9,TX1990100,"Rockwall, TX",violent,0.05826335062100446,0.06791694556069827,0.04089571653007054
10,TX1990100,"Rockwall, TX",violent,0.009030746272720444,-0.002344089989531899,0.04090480404493786
11,TX1990100,"Rockwall, TX",violent,-0.02523155287966163,-0.035114074449499974,0.04089571653007054
12,TX1990100,"Rockwall, TX",violent,-0.0478903472037861,-0.04216239941341928,0.04090428682511542
1,TX2120000,"Smith, TX",violent,-0.08833770097035916,-0.13159984784775908,0.03470334001139445
2,TX2120000,"Smith, TX",violent,-0.11919255120067358,-0.13184959572430038,0.03472552971758233
3,TX2120000,"Smith, TX",violent,-0.08349324284739391,-0.0414758381932962,0.034708842021287226
4,TX2120000,"Smith, TX",violent,0.0018861775344930175,0.03493201598008304,0.03470152528949647
5,TX2120000,"Smith, TX",violent,0.061378368913264515,0.03878619754451279,0.03470884202128723
6,TX2120000,"Smith, TX",violent,0.0731202394301756,0.04509855120549906,0.03472552971758233
7,TX2120000,"Smith, TX",violent,0.07742077716314569,0.09819118775365936,0.03470334001139445
8,TX2120000,"Smith, TX",violent,0.08304573516707066,0.12002182685953719,0.03472552971758233
9,TX2120000,"Smith, TX",violent,0.05826335062100446,0.06305672942263271,0.03470884202128723
10,TX2120000,"Smith, TX",violent,0.009030746272720444,-0.0015233558859833478,0.03470152528949647
11,TX2120000,"Smith, TX",violent,-0.02523155287966163,-0.02695842867974965,0.034708842021287226
12,TX2120000,"Smith, TX",violent,-0.0478903472037861,-0.06667944243483548,0.03472552971758233
1,TX2120400,"Tyler, TX",violent,-0.08833770097035916,-0.09205854751485754,0.03271943331554846
2,TX2120400,"Tyler, TX",violent,-0.11919255120067358,-0.10789766312787324,0.032793214360292366
3,TX2120400,"Tyler, TX",violent,-0.08349324284739391,-0.06514219406329108,0.03277307030625539
4,TX2120400,"Tyler, TX",violent,0.0018861775344930175,0.008257737814444313,0.032804417453621296
5,TX2120400,"Tyler, TX",violent,0.061378368913264515,0.055533955379236166,0.0327730703062554
6,TX2120400,"Tyler, TX",violent,0.0731202394301756,0.07451673674153715,0.032793214360292366
7,TX2120400,"Tyler, TX",violent,0.07742077716314569,0.09144795277715653,0.032719433315548455
8,TX2120400,"Tyler, TX",violent,0.08304573516707066,0.09151648857975231,0.032793214360292366
9,TX2120400,"Tyler, TX",violent,0.05826335062100446,0.04937161425287115,0.0327730703062554
10,TX2120400,"Tyler, TX",violent,0.009030746272720444,-0.0076471430767433195,0.032804417453621296
11,TX2120400,"Tyler, TX",violent,-0.02523155287966163,-0.03915278083111525,0.03277307030625539
12,TX2120400,"Tyler, TX",violent,-0.0478903472037861,-0.05874615693111716,0.032793214360292366
1,TX2200100,"Arlington, TX",violent,-0.08833770097035916,-0.055691605938392154,0.02798257353941975
2,TX2200100,"Arlington, TX",violent,-0.11919255120067358,-0.11267481651575366,0.028034884708679583
3,TX2200100,"Arlington, TX",violent,-0.08349324284739391,-0.08205381914766897,0.02801762972912507
4,TX2200100,"Arlington, TX",violent,0.0018861775344930175,0.02347865557125016,0.028028850034292226
5,TX2200100,"Arlington, TX",violent,0.061378368913264515,0.07785135340615401,0.028017629729125075
6,TX2200100,"Arlington, TX",violent,0.0731202394301756,0.04520987591202994,0.028034884708679583
7,TX2200100,"Arlington, TX",violent,0.07742077716314569,0.019550001713449706,0.027982573539419745
8,TX2200100,"Arlington, TX",violent,0.08304573516707066,0.04226129662950787,0.028034884708679583
9,TX2200100,"Arlington, TX",violent,0.05826335062100446,0.04778190348636563,0.02801762972912508
10,TX2200100,"Arlington, TX",violent,0.009030746272720444,0.012662948653692297,0.028028850034292226
11,TX2200100,"Arlington, TX",violent,-0.02523155287966163,-0.0074378335199082575,0.028017629729125075
12,TX2200100,"Arlington, TX",violent,-0.0478903472037861,-0.010937960250726584,0.028034884708679583
1,TX2200900,"Euless, TX",violent,-0.08833770097035916,-0.10376802727095727,0.03882323949099533
2,TX2200900,"Euless, TX",violent,-0.11919255120067358,-0.14277591164573702,0.03885588861696049
3,TX2200900,"Euless, TX",violent,-0.08349324284739391,-0.05921404885761,0.0388027130880345
4,TX2200900,"Euless, TX",violent,0.0018861775344930175,0.04751922051357644,0.03881992303558768
5,TX2200900,"Euless, TX",violent,0.061378368913264515,0.06107274506034122,0.0388027130880345
6,TX2200900,"Euless, TX",violent,0.0731202394301756,0.029982132127432285,0.03885588861696049
7,TX2200900,"Euless, TX",violent,0.07742077716314569,0.04646409554038752,0.03882323949099533
8,TX2200900,"Euless, TX",violent,0.08304573516707066,0.07490973796149508,0.03885588861696049
9,TX2200900,"Euless, TX",violent,0.05826335062100446,0.048651806903937785,0.038802713088034506
10,TX2200900,"Euless, TX",violent,0.009030746272720444,0.009784711216993272,0.03881992303558768
11,TX2200900,"Euless, TX",violent,-0.02523155287966163,0.0067934286239006705,0.0388027130880345
12,TX2200900,"Euless, TX",violent,-0.0478903472037861,-0.019419890173760005,0.03885588861696049
1,TX2201200,"Fort Worth, TX",violent,-0.08833770097035916,-0.07607382432550452,0.02670298706859642
2,TX2201200,"Fort Worth, TX",violent,-0.11919255120067358,-0.12295425294166831,0.026747867907802262
3,TX2201200,"Fort Worth, TX",violent,-0.08349324284739391,-0.08937473003676774,0.02675773614308728
4,TX2201200,"Fort Worth, TX",violent,0.0018861775344930175,0.007470797856604275,0.026772506652138782
5,TX2201200,"Fort Worth, TX",violent,0.061378368913264515,0.07505978764253515,0.026757736143087282
6,TX2201200,"Fort Worth, TX",violent,0.0731202394301756,0.08826354384850199,0.026747867907802262
7,TX2201200,"Fort Worth, TX",violent,0.07742077716314569,0.08985727788395173,0.026702987068596414
8,TX2201200,"Fort Worth, TX",violent,0.08304573516707066,0.08138713608900838,0.026747867907802262
9,TX2201200,"Fort Worth, TX",violent,0.05826335062100446,0.034024159625660605,0.026757736143087286
10,TX2201200,"Fort Worth, TX",violent,0.009030746272720444,-0.021254251415051488,0.026772506652138782
11,TX2201200,"Fort Worth, TX",violent,-0.02523155287966163,-0.03349267078987525,0.02675773614308728
12,TX2201200,"Fort Worth, TX",violent,-0.0478903472037861,-0.03291297343739483,0.026747867907802262
1,TX2201300,"Grapevine, TX",violent,-0.08833770097035916,-0.0769738024432875,0.039587393784865164
2,TX2201300,"Grapevine, TX",violent,-0.11919255120067358,-0.11585787981989035,0.039638879049920264
3,TX2201300,"Grapevine, TX",violent,-0.08349324284739391,-0.07551000626491755,0.03962408702587327
4,TX2201300,"Grapevine, TX",violent,0.0018861775344930175,0.0018162663505621136,0.039654651888886734
5,TX2201300,"Grapevine, TX",violent,0.061378368913264515,0.04100428476795709,0.03962408702587327
6,TX2201300,"Grapevine, TX",violent,0.0731202394301756,0.05876439377674025,0.039638879049920264
7,TX2201300,"Grapevine, TX",violent,0.07742077716314569,0.09419858896724201,0.039587393784865164
8,TX2201300,"Grapevine, TX",violent,0.08304573516707066,0.10429685423379983,0.039638879049920264
9,TX2201300,"Grapevine, TX",violent,0.05826335062100446,0.04672419415487252,0.03962408702587328
10,TX2201300,"Grapevine, TX",violent,0.009030746272720444,-0.01904105287451665,0.039654651888886734
11,TX2201300,"Grapevine, TX",violent,-0.02523155287966163,-0.029443259181866615,0.03962408702587327
12,TX2201300,"Grapevine, TX",violent,-0.0478903472037861,-0.02997858166669516,0.039638879049920264
1,TX2202000,"Mansfield, TX",violent,-0.08833770097035916,-0.12221641607508946,0.03970664456373656
2,TX2202000,"Mansfield, TX",violent,-0.11919255120067358,-0.13400299140696043,0.03968961941539312
3,TX2202000,"Mansfield, TX",violent,-0.08349324284739391,-0.07121679972768466,0.03971201410590564
4,TX2202000,"Mansfield, TX",violent,0.0018861775344930175,-0.001792148311435518,0.039697642705713986
5,TX2202000,"Mansfield, TX",violent,0.061378368913264515,0.0399293145901435,0.03971201410590565
6,TX2202000,"Mansfield, TX",violent,0.0731202394301756,0.07247607029157543,0.03968961941539312
7,TX2202000,"Mansfield, TX",violent,0.07742077716314569,0.09238323038339492,0.03970664456373655
8,TX2202000,"Mansfield, TX",violent,0.08304573516707066,0.07552867762833436,0.03968961941539312
9,TX2202000,"Mansfield, TX",violent,0.05826335062100446,0.04257567164075312,0.03971201410590565
10,TX2202000,"Mansfield, TX",violent,0.009030746272720444,0.03162533400313002,0.039697642705713986
11,TX2202000,"Mansfield, TX",violent,-0.02523155287966163,0.018544999188482524,0.03971201410590564
12,TX2202000,"Mansfield, TX",violent,-0.0478903472037861,-0.043834942204643804,0.03968961941539311
1,TX2202100,"North Richland Hills, TX",violent,-0.08833770097035916,-0.10831581129429535,0.038018153877021614
2,TX2202100,"North Richland Hills, TX",violent,-0.11919255120067358,-0.14404448130595882,0.03802776804975362
3,TX2202100,"North Richland Hills, TX",violent,-0.08349324284739391,-0.10623637702744405,0.0380052555992796
4,TX2202100,"North Richland Hills, TX",violent,0.0018861775344930175,0.011081404441235265,0.03799490874023735
5,TX2202100,"North Richland Hills, TX",violent,0.061378368913264515,0.10056759493152892,0.03800525559927961
6,TX2202100,"North Richland Hills, TX",violent,0.0731202394301756,0.0931247532633319,0.03802776804975362
7,TX2202100,"North Richland Hills, TX",violent,0.07742077716314569,0.05657541197450428,0.03801815387702161
8,TX2202100,"North Richland Hills, TX",violent,0.08304573516707066,0.06477092680476482,0.03802776804975362
9,TX2202100,"North Richland Hills, TX",violent,0.05826335062100446,0.07870322184604113,0.038005255599279614
10,TX2202100,"North Richland Hills, TX",violent,0.009030746272720444,0.040658994878555815,0.03799490874023735
11,TX2202100,"North Richland Hills, TX",violent,-0.02523155287966163,-0.021294040430334973,0.0380052555992796
12,TX2202100,"North Richland Hills, TX",violent,-0.0478903472037861,-0.06559159808192896,0.03802776804975362
1,TX2210100,"Abilene, TX",violent,-0.08833770097035916,-0.12490483758637597,0.031783450010422945
2,TX2210100,"Abilene, TX",violent,-0.11919255120067358,-0.15756620958471879,0.031841581903671895
3,TX2210100,"Abilene, TX",violent,-0.08349324284739391,-0.07724825553278926,0.03180383081458427
4,TX2210100,"Abilene, TX",violent,0.0018861775344930175,0.04512624393196795,0.03181575174035674
5,TX2210100,"Abilene, TX",violent,0.061378368913264515,0.08604279025592387,0.03180383081458428
6,TX2210100,"Abilene, TX",violent,0.0731202394301756,0.06484797584489377,0.031841581903671895
7,TX2210100,"Abilene, TX",violent,0.07742077716314569,0.07655210943609164,0.031783450010422945
8,TX2210100,"Abilene, TX",violent,0.08304573516707066,0.10540725678054735,0.031841581903671895
9,TX2210100,"Abilene, TX",violent,0.05826335062100446,0.07344203087890215,0.03180383081458428
10,TX2210100,"Abilene, TX",violent,0.009030746272720444,0.0032264842183163667,0.03181575174035674
11,TX2210100,"Abilene, TX",violent,-0.02523155287966163,-0.033883837451752497,0.03180383081458427
12,TX2210100,"Abilene, TX",violent,-0.0478903472037861,-0.061041751191006605,0.031841581903671895
1,TX2260100,"San Angelo, TX",violent,-0.08833770097035916,-0.040190129408768836,0.03438356032238719
2,TX2260100,"San Angelo, TX",violent,-0.11919255120067358,-0.10101833519526306,0.034445410811506844
3,TX2260100,"San Angelo, TX",violent,-0.08349324284739391,-0.10626749909282956,0.034430275351315334
4,TX2260100,"San Angelo, TX",violent,0.0018861775344930175,-0.03571948388563178,0.03449753972123727
5,TX2260100,"San Angelo, TX",violent,0.061378368913264515,0.028738357391469554,0.03443027535131534
6,TX2260100,"San Angelo, TX",violent,0.0731202394301756,0.04664420685536578,0.034445410811506844
7,TX2260100,"San Angelo, TX",violent,0.07742077716314569,0.06333419617357355,0.03438356032238719
8,TX2260100,"San Angelo, TX",violent,0.08304573516707066,0.08905533117084939,0.034445410811506844
9,TX2260100,"San Angelo, TX",violent,0.05826335062100446,0.07116042830361119,0.03443027535131534
10,TX2260100,"San Angelo, TX",violent,0.009030746272720444,0.012575417120827048,0.03449753972123727
11,TX2260100,"San Angelo, TX",violent,-0.02523155287966163,-0.016775353367055924,0.034430275351315334
12,TX2260100,"San Angelo, TX",violent,-0.0478903472037861,-0.01153713606614738,0.034445410811506844
1,TX2270000,"Travis, TX",violent,-0.08833770097035916,-0.09966758206998454,0.030399454661845418
2,TX2270000,"Travis, TX",violent,-0.11919255120067358,-0.10951822996574816,0.03048545588266199
3,TX2270000,"Travis, TX",violent,-0.08349324284739391,-0.06695754350335564,0.030450638954722782
4,TX2270000,"Travis, TX",violent,0.0018861775344930175,-0.016652373990700103,0.030487650412382883
5,TX2270000,"Travis, TX",violent,0.061378368913264515,0.02343446801038514,0.030450638954722786
6,TX2270000,"Travis, TX",violent,0.0731202394301756,0.06432764270229807,0.03048545588266199
7,TX2270000,"Travis, TX",violent,0.07742077716314569,0.09116774255829374,0.03039945466184541
8,TX2270000,"Travis, TX",violent,0.08304573516707066,0.07810824454285431,0.03048545588266199
9,TX2270000,"Travis, TX",violent,0.05826335062100446,0.044047397592152586,0.03045063895472279
10,TX2270000,"Travis, TX",violent,0.009030746272720444,0.025152213502390875,0.030487650412382883
11,TX2270000,"Travis, TX",violent,-0.02523155287966163,0.007975517412508674,0.030450638954722782
12,TX2270000,"Travis, TX",violent,-0.0478903472037861,-0.04141749679109494,0.03048545588266199
1,TX2270100,"Austin, TX",violent,-0.08833770097035916,-0.07887084449190472,0.026817563973451985
2,TX2270100,"Austin, TX",violent,-0.11919255120067358,-0.08537385813887688,0.0268483692787222
3,TX2270100,"Austin, TX",violent,-0.08349324284739391,-0.04987798063683033,0.026864601833368272
4,TX2270100,"Austin, TX",violent,0.0018861775344930175,-0.0027262029717867184,0.026877815188711473
5,TX2270100,"Austin, TX",violent,0.061378368913264515,0.03191488943636948,0.026864601833368272
6,TX2270100,"Austin, TX",violent,0.0731202394301756,0.06321170187733444,0.0268483692787222
7,TX2270100,"Austin, TX",violent,0.07742077716314569,0.0884287177403309,0.02681756397345198
8,TX2270100,"Austin, TX",violent,0.08304573516707066,0.07886217554887712,0.0268483692787222
9,TX2270100,"Austin, TX",violent,0.05826335062100446,0.03380842479840439,0.026864601833368276
10,TX2270100,"Austin, TX",violent,0.009030746272720444,-0.006831670276639469,0.026877815188711473
11,TX2270100,"Austin, TX",violent,-0.02523155287966163,-0.025403206846369743,0.026864601833368272
12,TX2270100,"Austin, TX",violent,-0.0478903472037861,-0.04714214603890845,0.0268483692787222
1,TX2270900,"Pflugerville, TX",violent,-0.08833770097035916,-0.10514974658112544,0.03916792658631984
2,TX2270900,"Pflugerville, TX",violent,-0.11919255120067358,-0.10621736090116835,0.03916768973465407
3,TX2270900,"Pflugerville, TX",violent,-0.08349324284739391,-0.04365047168598308,0.03914856598426996
4,TX2270900,"Pflugerville, TX",violent,0.0018861775344930175,0.021027650578953526,0.03914878335622486
5,TX2270900,"Pflugerville, TX",violent,0.061378368913264515,0.04469873702345712,0.03914856598426996
6,TX2270900,"Pflugerville, TX",violent,0.0731202394301756,0.05028550507146662,0.03916768973465407
7,TX2270900,"Pflugerville, TX",violent,0.07742077716314569,0.06227784934703451,0.03916792658631983
8,TX2270900,"Pflugerville, TX",violent,0.08304573516707066,0.06388926846156862,0.03916768973465407
9,TX2270900,"Pflugerville, TX",violent,0.05826335062100446,0.04419427648047426,0.03914856598426997
10,TX2270900,"Pflugerville, TX",violent,0.009030746272720444,0.021844246655137387,0.03914878335622486
11,TX2270900,"Pflugerville, TX",violent,-0.02523155287966163,-0.0023706445838574206,0.03914856598426996
12,TX2270900,"Pflugerville, TX",violent,-0.0478903472037861,-0.05082930986595773,0.03916768973465407
1,TX2350100,"Victoria, TX",violent,-0.08833770097035916,-0.052826587160197704,0.034974593876453804
2,TX2350100,"Victoria, TX",violent,-0.11919255120067358,-0.08630833317993472,0.035021230679123445
3,TX2350100,"Victoria, TX",violent,-0.08349324284739391,-0.03513836834795102,0.03498177043077433
4,TX2350100,"Victoria, TX",violent,0.0018861775344930175,0.059650893317458875,0.03500839184577385
5,TX2350100,"Victoria, TX",violent,0.061378368913264515,0.07410060521628248,0.034981770430774335
6,TX2350100,"Victoria, TX",violent,0.0731202394301756,0.023471788051864333,0.035021230679123445
7,TX2350100,"Victoria, TX",violent,0.07742077716314569,0.02272121138107395,0.034974593876453804
8,TX2350100,"Victoria, TX",violent,0.08304573516707066,0.06393651460484663,0.035021230679123445
9,TX2350100,"Victoria, TX",violent,0.05826335062100446,0.04287192555198671,0.034981770430774335
10,TX2350100,"Victoria, TX",violent,0.009030746272720444,-0.029545517538335113,0.03500839184577385
11,TX2350100,"Victoria, TX",violent,-0.02523155287966163,-0.05172878664119441,0.03498177043077433
12,TX2350100,"Victoria, TX",violent,-0.0478903472037861,-0.031205345255900012,0.035021230679123445
1,TX2400100,"Laredo, TX",violent,-0.08833770097035916,-0.06565511297269523,0.030222261932581023
2,TX2400100,"Laredo, TX",violent,-0.11919255120067358,-0.09839234205345983,0.030309028906357362
3,TX2400100,"Laredo, TX",violent,-0.08349324284739391,-0.042434289625761276,0.03025235286288557
4,TX2400100,"Laredo, TX",violent,0.0018861775344930175,0.059030348969212804,0.030283013298379215
5,TX2400100,"Laredo, TX",violent,0.061378368913264515,0.08674709863868497,0.030252352862885572
6,TX2400100,"Laredo, TX",violent,0.0731202394301756,0.03914570316105043,0.030309028906357362
7,TX2400100,"Laredo, TX",violent,0.07742077716314569,0.01664764681051641,0.03022226193258102
8,TX2400100,"Laredo, TX",violent,0.08304573516707066,0.03736281873879634,0.030309028906357362
9,TX2400100,"Laredo, TX",violent,0.05826335062100446,0.030412232473276613,0.030252352862885575
10,TX2400100,"Laredo, TX",violent,0.009030746272720444,-0.010022882807033982,0.030283013298379215
11,TX2400100,"Laredo, TX",violent,-0.02523155287966163,-0.025717575324021514,0.03025235286288557
12,TX2400100,"Laredo, TX",violent,-0.0478903472037861,-0.027123646008565747,0.030309028906357362
1,TX2430500,"Wichita Falls, TX",violent,-0.08833770097035916,-0.11178581021158447,0.03310405695297579
2,TX2430500,"Wichita Falls, TX",violent,-0.11919255120067358,-0.13575112022259303,0.033156447070058936
3,TX2430500,"Wichita Falls, TX",violent,-0.08349324284739391,-0.06032581685427882,0.03313731384485775
4,TX2430500,"Wichita Falls, TX",violent,0.0018861775344930175,0.05510581418277311,0.033145443772990626
5,TX2430500,"Wichita Falls, TX",violent,0.061378368913264515,0.09997625847169786,0.033137313844857755
6,TX2430500,"Wichita Falls, TX",violent,0.0731202394301756,0.07963475549426022,0.033156447070058936
7,TX2430500,"Wichita Falls, TX",violent,0.07742077716314569,0.07194891464111428,0.03310405695297579
8,TX2430500,"Wichita Falls, TX",violent,0.08304573516707066,0.0761872277557067,0.033156447070058936
9,TX2430500,"Wichita Falls, TX",violent,0.05826335062100446,0.040598819957862686,0.033137313844857755
10,TX2430500,"Wichita Falls, TX",violent,0.009030746272720444,-0.015268918612302937,0.033145443772990626
11,TX2430500,"Wichita Falls, TX",violent,-0.02523155287966163,-0.04041236600481157,0.03313731384485775
12,TX2430500,"Wichita Falls, TX",violent,-0.0478903472037861,-0.059907758597844044,0.033156447070058936
1,TX2460000,"Williamson, TX",violent,-0.08833770097035916,-0.1266946466153764,0.036647766947319756
2,TX2460000,"Williamson, TX",violent,-0.11919255120067358,-0.14785436435956226,0.036693008290043135
3,TX2460000,"Williamson, TX",violent,-0.08349324284739391,-0.06279650085671547,0.036670529353388465
4,TX2460000,"Williamson, TX",violent,0.0018861775344930175,0.02870843651913432,0.03667861187483729
5,TX2460000,"Williamson, TX",violent,0.061378368913264515,0.056586386747537125,0.03667052935338847
6,TX2460000,"Williamson, TX",violent,0.0731202394301756,0.07016197887910097,0.036693008290043135
7,TX2460000,"Williamson, TX",violent,0.07742077716314569,0.10068749195924334,0.036647766947319756
8,TX2460000,"Williamson, TX",violent,0.08304573516707066,0.09270841539294639,0.036693008290043135
9,TX2460000,"Williamson, TX",violent,0.05826335062100446,0.033657706546232666,0.03667052935338847
10,TX2460000,"Williamson, TX",violent,0.009030746272720444,-0.002701281863001277,0.03667861187483729
11,TX2460000,"Williamson, TX",violent,-0.02523155287966163,-0.0014404377809213017,0.036670529353388465
12,TX2460000,"Williamson, TX",violent,-0.0478903472037861,-0.041023184568618073,0.036693008290043135
1,TX2460200,"Georgetown, TX",violent,-0.08833770097035916,-0.10211532948330719,0.03860583687685077
2,TX2460200,"Georgetown, TX",violent,-0.11919255120067358,-0.13036940948185088,0.03855432211153655
3,TX2460200,"Georgetown, TX",violent,-0.08349324284739391,-0.0804076220373448,0.03854271880802131
4,TX2460200,"Georgetown, TX",violent,0.0018861775344930175,0.03958861740516996,0.03851969118800915
5,TX2460200,"Georgetown, TX",violent,0.061378368913264515,0.09628151219631546,0.03854271880802132
6,TX2460200,"Georgetown, TX",violent,0.0731202394301756,0.0477063462355042,0.03855432211153655
7,TX2460200,"Georgetown, TX",violent,0.07742077716314569,0.01747581434365169,0.03860583687685077
8,TX2460200,"Georgetown, TX",violent,0.08304573516707066,0.07144427655777207,0.03855432211153656
9,TX2460200,"Georgetown, TX",violent,0.05826335062100446,0.10612200425292152,0.03854271880802132
10,TX2460200,"Georgetown, TX",violent,0.009030746272720444,0.045050897734485576,0.03851969118800915
11,TX2460200,"Georgetown, TX",violent,-0.02523155287966163,-0.03735637927223668,0.03854271880802131
12,TX2460200,"Georgetown, TX",violent,-0.0478903472037861,-0.0734207284510809,0.03855432211153655
1,TX2460900,"Cedar Park, TX",violent,-0.08833770097035916,-0.084432216107636,0.03969816523498587
2,TX2460900,"Cedar Park, TX",violent,-0.11919255120067358,-0.12795680076288501,0.03977787057778246
3,TX2460900,"Cedar Park, TX",violent,-0.08349324284739391,-0.07767610368588657,0.03972375958244864
4,TX2460900,"Cedar Park, TX",violent,0.0018861775344930175,0.021644252279658997,0.03975968181771485
5,TX2460900,"Cedar Park, TX",violent,0.061378368913264515,0.0498455079958987,0.03972375958244865
6,TX2460900,"Cedar Park, TX",violent,0.0731202394301756,0.028287767619425582,0.03977787057778246
7,TX2460900,"Cedar Park, TX",violent,0.07742077716314569,0.06209354026810201,0.039698165234985865
8,TX2460900,"Cedar Park, TX",violent,0.08304573516707066,0.12146451145407723,0.03977787057778246
9,TX2460900,"Cedar Park, TX",violent,0.05826335062100446,0.09352249021661277,0.03972375958244865
10,TX2460900,"Cedar Park, TX",violent,0.009030746272720444,6.944235598749928e-4,0.03975968181771485
11,TX2460900,"Cedar Park, TX",violent,-0.02523155287966163,-0.043353218687090966,0.03972375958244864
12,TX2460900,"Cedar Park, TX",violent,-0.0478903472037861,-0.04413415415015176,0.03977787057778246
1,TX2461700,"Leander, TX",violent,-0.08833770097035916,-0.05109121483320499,0.04097325401986634
2,TX2461700,"Leander, TX",violent,-0.11919255120067358,-0.08845925932506052,0.040990292699356216
3,TX2461700,"Leander, TX",violent,-0.08349324284739391,-0.09491166182200003,0.040989304673361454
4,TX2461700,"Leander, TX",violent,0.0018861775344930175,-0.02793058353055223,0.04099228042278196
5,TX2461700,"Leander, TX",violent,0.061378368913264515,0.04671803113488489,0.04098930467336146
6,TX2461700,"Leander, TX",violent,0.0731202394301756,0.0626144680044673,0.040990292699356216
7,TX2461700,"Leander, TX",violent,0.07742077716314569,0.055921094265938,0.04097325401986634
8,TX2461700,"Leander, TX",violent,0.08304573516707066,0.07308121359171763,0.040990292699356216
9,TX2461700,"Leander, TX",violent,0.05826335062100446,0.07470373665592414,0.04098930467336147
10,TX2461700,"Leander, TX",violent,0.009030746272720444,0.02310070409781922,0.04099228042278196
11,TX2461700,"Leander, TX",violent,-0.02523155287966163,-0.03133998540154203,0.04098930467336146
12,TX2461700,"Leander, TX",violent,-0.0478903472037861,-0.04240654283839139,0.040990292699356216
1,TXDPD0000,"Dallas, TX",violent,-0.08833770097035916,-0.07853470586426166,0.02613680845264426
2,TXDPD0000,"Dallas, TX",violent,-0.11919255120067358,-0.12164908829359834,0.026164466221093256
3,TXDPD0000,"Dallas, TX",violent,-0.08349324284739391,-0.08040637871501313,0.026182970156806307
4,TXDPD0000,"Dallas, TX",violent,0.0018861775344930175,0.010313208424289018,0.02619231200560445
5,TXDPD0000,"Dallas, TX",violent,0.061378368913264515,0.061588449593012455,0.02618297015680631
6,TXDPD0000,"Dallas, TX",violent,0.0731202394301756,0.07030566030030995,0.026164466221093256
7,TXDPD0000,"Dallas, TX",violent,0.07742077716314569,0.08366166745879058,0.026136808452644256
8,TXDPD0000,"Dallas, TX",violent,0.08304573516707066,0.08557566657638732,0.02616446622109326
9,TXDPD0000,"Dallas, TX",violent,0.05826335062100446,0.039205995403273186,0.026182970156806314
10,TXDPD0000,"Dallas, TX",violent,0.009030746272720444,-0.015440170018817955,0.02619231200560445
11,TXDPD0000,"Dallas, TX",violent,-0.02523155287966163,-0.02551502787580147,0.026182970156806307
12,TXDPD0000,"Dallas, TX",violent,-0.0478903472037861,-0.029105276988569954,0.026164466221093256
1,TXHPD0000,"Houston, TX",violent,-0.08833770097035916,-0.07028549196859879,0.025815398572591904
2,TXHPD0000,"Houston, TX",violent,-0.11919255120067358,-0.11461693036143274,0.025838588513879518
3,TXHPD0000,"Houston, TX",violent,-0.08349324284739391,-0.060421341862325874,0.025854404719097817
4,TXHPD0000,"Houston, TX",violent,0.0018861775344930175,0.034611540230855546,0.02586225002360568
5,TXHPD0000,"Houston, TX",violent,0.061378368913264515,0.0646818789388973,0.025854404719097824
6,TXHPD0000,"Houston, TX",violent,0.0731202394301756,0.04352483819835122,0.025838588513879518
7,TXHPD0000,"Houston, TX",violent,0.07742077716314569,0.04501817912664692,0.0258153985725919
8,TXHPD0000,"Houston, TX",violent,0.08304573516707066,0.05621775370404457,0.025838588513879518
9,TXHPD0000,"Houston, TX",violent,0.05826335062100446,0.027289478046889536,0.025854404719097824
10,TXHPD0000,"Houston, TX",violent,0.009030746272720444,-0.009344227388903703,0.02586225002360568
11,TXHPD0000,"Houston, TX",violent,-0.02523155287966163,-0.006282702281509158,0.025854404719097817
12,TXHPD0000,"Houston, TX",violent,-0.0478903472037861,-0.010392974382914855,0.025838588513879518
1,TXSPD0000,"San Antonio, TX",violent,-0.08833770097035916,-0.07330136363469351,0.02611154657419781
2,TXSPD0000,"San Antonio, TX",violent,-0.11919255120067358,-0.10924808433728718,0.026134813782308364
3,TXSPD0000,"San Antonio, TX",violent,-0.08349324284739391,-0.07771228499262185,0.026157685928653415
4,TXSPD0000,"San Antonio, TX",violent,0.0018861775344930175,0.0032825152929928207,0.02616508482540176
5,TXSPD0000,"San Antonio, TX",violent,0.061378368913264515,0.06435863722305536,0.02615768592865342
6,TXSPD0000,"San Antonio, TX",violent,0.0731202394301756,0.08277864353711772,0.026134813782308364
7,TXSPD0000,"San Antonio, TX",violent,0.07742077716314569,0.08211164334681774,0.026111546574197807
8,TXSPD0000,"San Antonio, TX",violent,0.08304573516707066,0.06568371233787675,0.026134813782308364
9,TXSPD0000,"San Antonio, TX",violent,0.05826335062100446,0.025337633281087187,0.02615768592865342
10,TXSPD0000,"San Antonio, TX",violent,0.009030746272720444,-0.012092795005117063,0.02616508482540176
11,TXSPD0000,"San Antonio, TX",violent,-0.02523155287966163,-0.02079426522364495,0.026157685928653418
12,TXSPD0000,"San Antonio, TX",violent,-0.0478903472037861,-0.03040399182558301,0.026134813782308364
1,UT0030100,"Logan, UT",violent,-0.08833770097035916,-0.13368384508768016,0.03967270350391892
2,UT0030100,"Logan, UT",violent,-0.11919255120067358,-0.12794989797041378,0.03967589050016456
3,UT0030100,"Logan, UT",violent,-0.08349324284739391,-0.04872396271092958,0.039658315859484566
4,UT0030100,"Logan, UT",violent,0.0018861775344930175,0.011902105463592012,0.03965213918241073
5,UT0030100,"Logan, UT",violent,0.061378368913264515,0.027714898564016485,0.039658315859484566
6,UT0030100,"Logan, UT",violent,0.0731202394301756,0.04847802322044121,0.03967589050016456
7,UT0030100,"Logan, UT",violent,0.07742077716314569,0.0810129181478243,0.03967270350391891
8,UT0030100,"Logan, UT",violent,0.08304573516707066,0.08188015005396697,0.03967589050016456
9,UT0030100,"Logan, UT",violent,0.05826335062100446,0.0553251417343386,0.03965831585948457
10,UT0030100,"Logan, UT",violent,0.009030746272720444,0.04076882147626382,0.03965213918241073
11,UT0030100,"Logan, UT",violent,-0.02523155287966163,0.018354849352430293,0.039658315859484566
12,UT0030100,"Logan, UT",violent,-0.0478903472037861,-0.05507920224385013,0.03967589050016456
1,UT0060300,"Layton, UT",violent,-0.08833770097035916,-0.11487837072246829,0.03837977356377572
2,UT0060300,"Layton, UT",violent,-0.11919255120067358,-0.1219156812588604,0.038460093817893115
3,UT0060300,"Layton, UT",violent,-0.08349324284739391,-0.03794533670122337,0.03841402526021504
4,UT0060300,"Layton, UT",violent,0.0018861775344930175,0.04846972134660324,0.03843597258071494
5,UT0060300,"Layton, UT",violent,0.061378368913264515,0.05737923726136305,0.03841402526021505
6,UT0060300,"Layton, UT",violent,0.0731202394301756,0.04758624150430296,0.038460093817893115
7,UT0060300,"Layton, UT",violent,0.07742077716314569,0.08468784267031677,0.03837977356377571
8,UT0060300,"Layton, UT",violent,0.08304573516707066,0.10860286885426473,0.038460093817893115
9,UT0060300,"Layton, UT",violent,0.05826335062100446,0.054823052348779225,0.03841402526021505
10,UT0060300,"Layton, UT",violent,0.009030746272720444,-0.01827919329445175,0.03843597258071494
11,UT0060300,"Layton, UT",violent,-0.02523155287966163,-0.044066424856767414,0.03841402526021504
12,UT0060300,"Layton, UT",violent,-0.0478903472037861,-0.06446395715185874,0.038460093817893115
1,UT0180500,"Sandy, UT",violent,-0.08833770097035916,-0.06380239033812624,0.03667360743652403
2,UT0180500,"Sandy, UT",violent,-0.11919255120067358,-0.09061119622086747,0.036710500269585375
3,UT0180500,"Sandy, UT",violent,-0.08349324284739391,-0.06590834692185327,0.03671900717060247
4,UT0180500,"Sandy, UT",violent,0.0018861775344930175,-0.00517507504185719,0.036736299136561776
5,UT0180500,"Sandy, UT",violent,0.061378368913264515,0.03189845387499754,0.036719007170602475
6,UT0180500,"Sandy, UT",violent,0.0731202394301756,0.04833697647142304,0.036710500269585375
7,UT0180500,"Sandy, UT",violent,0.07742077716314569,0.08096648009534611,0.03667360743652402
8,UT0180500,"Sandy, UT",violent,0.08304573516707066,0.10180286394077435,0.036710500269585375
9,UT0180500,"Sandy, UT",violent,0.05826335062100446,0.059935924884540276,0.036719007170602475
10,UT0180500,"Sandy, UT",violent,0.009030746272720444,-0.011989014715362697,0.036736299136561776
11,UT0180500,"Sandy, UT",violent,-0.02523155287966163,-0.043090121594904454,0.03671900717060247
12,UT0180500,"Sandy, UT",violent,-0.0478903472037861,-0.04236455443411002,0.036710500269585375
1,UT0180600,"West Jordan, UT",violent,-0.08833770097035916,-0.10801684462698738,0.03419948881369292
2,UT0180600,"West Jordan, UT",violent,-0.11919255120067358,-0.12411964553892588,0.034275669105847305
3,UT0180600,"West Jordan, UT",violent,-0.08349324284739391,-0.09315335335083755,0.03424991383262463
4,UT0180600,"West Jordan, UT",violent,0.0018861775344930175,-0.024462241860095563,0.03426041730146398
5,UT0180600,"West Jordan, UT",violent,0.061378368913264515,0.0288188971323139,0.034249913832624636
6,UT0180600,"West Jordan, UT",violent,0.0731202394301756,0.05607250614215543,0.034275669105847305
7,UT0180600,"West Jordan, UT",violent,0.07742077716314569,0.0928783427310194,0.03419948881369291
8,UT0180600,"West Jordan, UT",violent,0.08304573516707066,0.13125630829674007,0.034275669105847305
9,UT0180600,"West Jordan, UT",violent,0.05826335062100446,0.11542851800461974,0.034249913832624636
10,UT0180600,"West Jordan, UT",violent,0.009030746272720444,0.03960074375606354,0.03426041730146398
11,UT0180600,"West Jordan, UT",violent,-0.02523155287966163,-0.03595555989012816,0.03424991383262463
12,UT0180600,"West Jordan, UT",violent,-0.0478903472037861,-0.07834767079593756,0.034275669105847305
1,UT0181200,"Draper, UT",violent,-0.08833770097035916,-0.09261404943577405,0.04018803046522383
2,UT0181200,"Draper, UT",violent,-0.11919255120067358,-0.0932360756629312,0.04020964815736097
3,UT0181200,"Draper, UT",violent,-0.08349324284739391,-0.03209701868029678,0.04018925743955706
4,UT0181200,"Draper, UT",violent,0.0018861775344930175,0.021797428065644935,0.04020877354363935
5,UT0181200,"Draper, UT",violent,0.061378368913264515,0.03616913708351617,0.04018925743955707
6,UT0181200,"Draper, UT",violent,0.0731202394301756,0.051273283380754875,0.04020964815736097
7,UT0181200,"Draper, UT",violent,0.07742077716314569,0.07780345961427823,0.04018803046522383
8,UT0181200,"Draper, UT",violent,0.08304573516707066,0.06996591577432544,0.04020964815736097
9,UT0181200,"Draper, UT",violent,0.05826335062100446,0.02363744861318685,0.04018925743955707
10,UT0181200,"Draper, UT",violent,0.009030746272720444,-0.006986838244149132,0.04020877354363935
11,UT0181200,"Draper, UT",violent,-0.02523155287966163,-0.01289897719491045,0.04018925743955706
12,UT0181200,"Draper, UT",violent,-0.0478903472037861,-0.04281371331364487,0.04020964815736097
1,UT0181800,"South Jordan, UT",violent,-0.08833770097035916,-0.09030547874546095,0.04001803909900946
2,UT0181800,"South Jordan, UT",violent,-0.11919255120067358,-0.11737231336541545,0.040048001160700016
3,UT0181800,"South Jordan, UT",violent,-0.08349324284739391,-0.0710105284220725,0.04002341633306427
4,UT0181800,"South Jordan, UT",violent,0.0018861775344930175,0.007098933120869376,0.04004696267258729
5,UT0181800,"South Jordan, UT",violent,0.061378368913264515,0.05242042897910838,0.04002341633306428
6,UT0181800,"South Jordan, UT",violent,0.0731202394301756,0.06566900951555042,0.040048001160700016
7,UT0181800,"South Jordan, UT",violent,0.07742077716314569,0.07580801272181939,0.04001803909900945
8,UT0181800,"South Jordan, UT",violent,0.08304573516707066,0.07256823315400214,0.040048001160700016
9,UT0181800,"South Jordan, UT",violent,0.05826335062100446,0.04070391423430074,0.04002341633306428
10,UT0181800,"South Jordan, UT",violent,0.009030746272720444,0.00739853290277216,0.04004696267258729
11,UT0181800,"South Jordan, UT",violent,-0.02523155287966163,-0.0076163487676951,0.04002341633306427
12,UT0181800,"South Jordan, UT",violent,-0.0478903472037861,-0.0353623953277786,0.040048001160700016
1,UT0182500,"West Valley, UT",violent,-0.08833770097035916,-0.0720022941710686,0.031049815185283016
2,UT0182500,"West Valley, UT",violent,-0.11919255120067358,-0.12363917000196621,0.031061823699007757
3,UT0182500,"West Valley, UT",violent,-0.08349324284739391,-0.09617306814139102,0.031079601779686182
4,UT0182500,"West Valley, UT",violent,0.0018861775344930175,0.010754481244681058,0.031062013575517754
5,UT0182500,"West Valley, UT",violent,0.061378368913264515,0.0736601176365018,0.031079601779686186
6,UT0182500,"West Valley, UT",violent,0.0731202394301756,0.05415363746400412,0.031061823699007757
7,UT0182500,"West Valley, UT",violent,0.07742077716314569,0.04746029284282524,0.031049815185283013
8,UT0182500,"West Valley, UT",violent,0.08304573516707066,0.08589124510423478,0.031061823699007757
9,UT0182500,"West Valley, UT",violent,0.05826335062100446,0.08296714457190295,0.031079601779686186
10,UT0182500,"West Valley, UT",violent,0.009030746272720444,0.013787520083562299,0.031062013575517754
11,UT0182500,"West Valley, UT",violent,-0.02523155287966163,-0.03591219273877041,0.031079601779686182
12,UT0182500,"West Valley, UT",violent,-0.0478903472037861,-0.04094771389451603,0.031061823699007753
1,UT0250300,"Orem, UT",violent,-0.08833770097035916,-0.11101246460853337,0.03848430798434262
2,UT0250300,"Orem, UT",violent,-0.11919255120067358,-0.09148465135958288,0.038511277190775635
3,UT0250300,"Orem, UT",violent,-0.08349324284739391,-0.05645574047044259,0.038447540081796724
4,UT0250300,"Orem, UT",violent,0.0018861775344930175,-0.01525821122989031,0.03848887627803598
5,UT0250300,"Orem, UT",violent,0.061378368913264515,0.036938391795656056,0.038447540081796724
6,UT0250300,"Orem, UT",violent,0.0731202394301756,0.0682491680690652,0.038511277190775635
7,UT0250300,"Orem, UT",violent,0.07742077716314569,0.05651661265319159,0.03848430798434261
8,UT0250300,"Orem, UT",violent,0.08304573516707066,0.042730183422191294,0.038511277190775635
9,UT0250300,"Orem, UT",violent,0.05826335062100446,0.06219712448839276,0.03844754008179673
10,UT0250300,"Orem, UT",violent,0.009030746272720444,0.06975406318523207,0.03848887627803598
11,UT0250300,"Orem, UT",violent,-0.02523155287966163,0.011816076141735497,0.038447540081796724
12,UT0250300,"Orem, UT",violent,-0.0478903472037861,-0.07399055208701531,0.038511277190775635
1,UT0252200,"Saratoga Springs, UT",violent,-0.08833770097035916,-0.07983675786676152,0.04155416315986425
2,UT0252200,"Saratoga Springs, UT",violent,-0.11919255120067358,-0.11606728915344082,0.04157770381974624
3,UT0252200,"Saratoga Springs, UT",violent,-0.08349324284739391,-0.07998906731399504,0.0415639468505007
4,UT0252200,"Saratoga Springs, UT",violent,0.0018861775344930175,0.00994456950969593,0.04156505985403802
5,UT0252200,"Saratoga Springs, UT",violent,0.061378368913264515,0.05768470012067864,0.0415639468505007
6,UT0252200,"Saratoga Springs, UT",violent,0.0731202394301756,0.05294936147069154,0.04157770381974624
7,UT0252200,"Saratoga Springs, UT",violent,0.07742077716314569,0.06727890967825706,0.041554163159864245
8,UT0252200,"Saratoga Springs, UT",violent,0.08304573516707066,0.09892027893160873,0.04157770381974624
9,UT0252200,"Saratoga Springs, UT",violent,0.05826335062100446,0.07539990528066742,0.04156394685050071
10,UT0252200,"Saratoga Springs, UT",violent,0.009030746272720444,0.0026132786788085325,0.04156505985403802
11,UT0252200,"Saratoga Springs, UT",violent,-0.02523155287966163,-0.0405376898988466,0.0415639468505007
12,UT0252200,"Saratoga Springs, UT",violent,-0.0478903472037861,-0.04836019943736391,0.04157770381974624
1,UT0270100,"St. George, UT",violent,-0.08833770097035916,-0.08587891404134154,0.03691485299748469
2,UT0270100,"St. George, UT",violent,-0.11919255120067358,-0.08772527226707076,0.036992126735173776
3,UT0270100,"St. George, UT",violent,-0.08349324284739391,-0.025369259265647374,0.03696661986990502
4,UT0270100,"St. George, UT",violent,0.0018861775344930175,0.023115092062250205,0.03696347193832117
5,UT0270100,"St. George, UT",violent,0.061378368913264515,0.018877822623560688,0.03696661986990503
6,UT0270100,"St. George, UT",violent,0.0731202394301756,0.02869803485487438,0.036992126735173776
7,UT0270100,"St. George, UT",violent,0.07742077716314569,0.08163452227665824,0.03691485299748468
8,UT0270100,"St. George, UT",violent,0.08304573516707066,0.09941282153121227,0.036992126735173776
9,UT0270100,"St. George, UT",violent,0.05826335062100446,0.04130120029447219,0.036966619869905036
10,UT0270100,"St. George, UT",violent,0.009030746272720444,-0.018870700297566923,0.03696347193832117
11,UT0270100,"St. George, UT",violent,-0.02523155287966163,-0.030565371887702232,0.03696661986990503
12,UT0270100,"St. George, UT",violent,-0.0478903472037861,-0.04462997588369912,0.036992126735173776
1,UT0290100,"Ogden, UT",violent,-0.08833770097035916,-0.0790043162361641,0.03286530282369167
2,UT0290100,"Ogden, UT",violent,-0.11919255120067358,-0.11007554657704524,0.03294694273849562
3,UT0290100,"Ogden, UT",violent,-0.08349324284739391,-0.09293634721290484,0.03292581588862981
4,UT0290100,"Ogden, UT",violent,0.0018861775344930175,-0.021062190106839802,0.03294562942925095
5,UT0290100,"Ogden, UT",violent,0.061378368913264515,0.05212880425027686,0.03292581588862981
6,UT0290100,"Ogden, UT",violent,0.0731202394301756,0.08156517571696288,0.03294694273849562
7,UT0290100,"Ogden, UT",violent,0.07742077716314569,0.07912995415387127,0.03286530282369167
8,UT0290100,"Ogden, UT",violent,0.08304573516707066,0.07088966085292601,0.03294694273849562
9,UT0290100,"Ogden, UT",violent,0.05826335062100446,0.05362482357107843,0.03292581588862982
10,UT0290100,"Ogden, UT",violent,0.009030746272720444,0.02093655218913263,0.03294562942925095
11,UT0290100,"Ogden, UT",violent,-0.02523155287966163,-0.012942918526157662,0.03292581588862981
12,UT0290100,"Ogden, UT",violent,-0.0478903472037861,-0.04225365207513644,0.03294694273849561
1,VA0020300,"Albemarle, VA",violent,-0.08833770097035916,-0.07612843187154195,0.03857014850783335
2,VA0020300,"Albemarle, VA",violent,-0.11919255120067358,-0.11287213830092929,0.038610741998955034
3,VA0020300,"Albemarle, VA",violent,-0.08349324284739391,-0.09978669906007441,0.03860374125082999
4,VA0020300,"Albemarle, VA",violent,0.0018861775344930175,-0.00953149261189623,0.03859637792912439
5,VA0020300,"Albemarle, VA",violent,0.061378368913264515,0.06474169442623903,0.03860374125083
6,VA0020300,"Albemarle, VA",violent,0.0731202394301756,0.06992640858869428,0.038610741998955034
7,VA0020300,"Albemarle, VA",violent,0.07742077716314569,0.0725522146330554,0.03857014850783334
8,VA0020300,"Albemarle, VA",violent,0.08304573516707066,0.10642952928847615,0.038610741998955034
9,VA0020300,"Albemarle, VA",violent,0.05826335062100446,0.09692030728610783,0.03860374125083
10,VA0020300,"Albemarle, VA",violent,0.009030746272720444,0.013107709850382772,0.03859637792912439
11,VA0020300,"Albemarle, VA",violent,-0.02523155287966163,-0.058299085413785943,0.03860374125082999
12,VA0020300,"Albemarle, VA",violent,-0.0478903472037861,-0.0670600168147277,0.038610741998955034
1,VA0070100,"Arlington, VA",violent,-0.08833770097035916,-0.0787112627891555,0.03242419727653433
2,VA0070100,"Arlington, VA",violent,-0.11919255120067358,-0.14147620366766533,0.032481537208908555
3,VA0070100,"Arlington, VA",violent,-0.08349324284739391,-0.0962698806328619,0.032444945944440924
4,VA0070100,"Arlington, VA",violent,0.0018861775344930175,0.017685280725013082,0.0324875633189682
5,VA0070100,"Arlington, VA",violent,0.061378368913264515,0.07034751190328795,0.032444945944440924
6,VA0070100,"Arlington, VA",violent,0.0731202394301756,0.05285915104291426,0.032481537208908555
7,VA0070100,"Arlington, VA",violent,0.07742077716314569,0.05590510945591775,0.032424197276534325
8,VA0070100,"Arlington, VA",violent,0.08304573516707066,0.08176371607113221,0.032481537208908555
9,VA0070100,"Arlington, VA",violent,0.05826335062100446,0.05936354636956652,0.03244494594444093
10,VA0070100,"Arlington, VA",violent,0.009030746272720444,0.0051208726082246515,0.0324875633189682
11,VA0070100,"Arlington, VA",violent,-0.02523155287966163,-0.010635024306754864,0.032444945944440924
12,VA0070100,"Arlington, VA",violent,-0.0478903472037861,-0.01595281677961884,0.032481537208908555
1,VA0210100,"Chesterfield, VA",violent,-0.08833770097035916,-0.07160363714174647,0.03171493730278284
2,VA0210100,"Chesterfield, VA",violent,-0.11919255120067358,-0.11315437204646123,0.03176351851014878
3,VA0210100,"Chesterfield, VA",violent,-0.08349324284739391,-0.07611303669208683,0.03174315438654608
4,VA0210100,"Chesterfield, VA",violent,0.0018861775344930175,0.0073395744109684856,0.03175953886961483
5,VA0210100,"Chesterfield, VA",violent,0.061378368913264515,0.03773141299561501,0.03174315438654609
6,VA0210100,"Chesterfield, VA",violent,0.0731202394301756,0.02206521971158465,0.03176351851014878
7,VA0210100,"Chesterfield, VA",violent,0.07742077716314569,0.04447141874657327,0.03171493730278283
8,VA0210100,"Chesterfield, VA",violent,0.08304573516707066,0.09373115910238061,0.03176351851014878
9,VA0210100,"Chesterfield, VA",violent,0.05826335062100446,0.08382204214317944,0.03174315438654609
10,VA0210100,"Chesterfield, VA",violent,0.009030746272720444,0.019792643984204723,0.03175953886961483
11,VA0210100,"Chesterfield, VA",violent,-0.02523155287966163,-0.01830820005153444,0.03174315438654608
12,VA0210100,"Chesterfield, VA",violent,-0.0478903472037861,-0.029774225162677234,0.03176351851014878
1,VA0420000,"Hanover, VA",violent,-0.08833770097035916,-0.09274613220350669,0.03738194699154881
2,VA0420000,"Hanover, VA",violent,-0.11919255120067358,-0.1250323902705402,0.03736528640841812
3,VA0420000,"Hanover, VA",violent,-0.08349324284739391,-0.06686883032941346,0.037344712133335095
4,VA0420000,"Hanover, VA",violent,0.0018861775344930175,0.030853291321312704,0.037317492935821435
5,VA0420000,"Hanover, VA",violent,0.061378368913264515,0.07052409866979523,0.037344712133335095
6,VA0420000,"Hanover, VA",violent,0.0731202394301756,0.04628659888710816,0.03736528640841812
7,VA0420000,"Hanover, VA",violent,0.07742077716314569,0.02889723270086671,0.0373819469915488
8,VA0420000,"Hanover, VA",violent,0.08304573516707066,0.04161301799601866,0.03736528640841812
9,VA0420000,"Hanover, VA",violent,0.05826335062100446,0.04729835755753191,0.0373447121333351
10,VA0420000,"Hanover, VA",violent,0.009030746272720444,0.03299560818132728,0.037317492935821435
11,VA0420000,"Hanover, VA",violent,-0.02523155287966163,0.012895273604726261,0.037344712133335095
12,VA0420000,"Hanover, VA",violent,-0.0478903472037861,-0.026716126115226585,0.03736528640841812
1,VA0430100,"Henrico, VA",violent,-0.08833770097035916,-0.0487558617971852,0.03186875431129813
2,VA0430100,"Henrico, VA",violent,-0.11919255120067358,-0.12426162764853146,0.03188961695738429
3,VA0430100,"Henrico, VA",violent,-0.08349324284739391,-0.11814288669900842,0.031943248282644686
4,VA0430100,"Henrico, VA",violent,0.0018861775344930175,-0.022162149868975595,0.03190711953071313
5,VA0430100,"Henrico, VA",violent,0.061378368913264515,0.052695255948366715,0.03194324828264469
6,VA0430100,"Henrico, VA",violent,0.0731202394301756,0.05927277199000995,0.03188961695738429
7,VA0430100,"Henrico, VA",violent,0.07742077716314569,0.05980828126539337,0.031868754311298125
8,VA0430100,"Henrico, VA",violent,0.08304573516707066,0.07721140552475579,0.03188961695738429
9,VA0430100,"Henrico, VA",violent,0.05826335062100446,0.06004024510702458,0.03194324828264469
10,VA0430100,"Henrico, VA",violent,0.009030746272720444,0.011109730400767417,0.03190711953071313
11,VA0430100,"Henrico, VA",violent,-0.02523155287966163,-0.005645033824591088,0.03194324828264469
12,VA0430100,"Henrico, VA",violent,-0.0478903472037861,-0.00117013039802608,0.03188961695738429
1,VA0530000,"Loudoun, VA",violent,-0.08833770097035916,-0.03218558365102256,0.03441632408872496
2,VA0530000,"Loudoun, VA",violent,-0.11919255120067358,-0.05934302125441484,0.03443677853145638
3,VA0530000,"Loudoun, VA",violent,-0.08349324284739391,-0.05799283793028623,0.03443903003871916
4,VA0530000,"Loudoun, VA",violent,0.0018861775344930175,0.006968042508652527,0.03441573987595803
5,VA0530000,"Loudoun, VA",violent,0.061378368913264515,0.05927704481343795,0.03443903003871916
6,VA0530000,"Loudoun, VA",violent,0.0731202394301756,0.04363019124722817,0.03443677853145638
7,VA0530000,"Loudoun, VA",violent,0.07742077716314569,0.021254493848068837,0.034416324088724956
8,VA0530000,"Loudoun, VA",violent,0.08304573516707066,0.043434382035474936,0.03443677853145638
9,VA0530000,"Loudoun, VA",violent,0.05826335062100446,0.05301528851430006,0.03443903003871917
10,VA0530000,"Loudoun, VA",violent,0.009030746272720444,0.003963047294301213,0.03441573987595803
11,VA0530000,"Loudoun, VA",violent,-0.02523155287966163,-0.04336840559449805,0.03443903003871916
12,VA0530000,"Loudoun, VA",violent,-0.0478903472037861,-0.038652641831242,0.03443677853145638
1,VA0890000,"Stafford, VA",violent,-0.08833770097035916,-0.06653607482702081,0.034365136375902786
2,VA0890000,"Stafford, VA",violent,-0.11919255120067358,-0.10059434869545304,0.034410650470236684
3,VA0890000,"Stafford, VA",violent,-0.08349324284739391,-0.07072894100797988,0.03442932089407858
4,VA0890000,"Stafford, VA",violent,0.0018861775344930175,0.03111977686101196,0.03439015483375558
5,VA0890000,"Stafford, VA",violent,0.061378368913264515,0.09881411971959247,0.03442932089407858
6,VA0890000,"Stafford, VA",violent,0.0731202394301756,0.08013870992232061,0.034410650470236684
7,VA0890000,"Stafford, VA",violent,0.07742077716314569,0.04779136080352645,0.03436513637590278
8,VA0890000,"Stafford, VA",violent,0.08304573516707066,0.05137729310048078,0.034410650470236684
9,VA0890000,"Stafford, VA",violent,0.05826335062100446,0.04025659943650199,0.03442932089407859
10,VA0890000,"Stafford, VA",violent,0.009030746272720444,-0.012375062837517598,0.03439015483375558
11,VA0890000,"Stafford, VA",violent,-0.02523155287966163,-0.04959706412462024,0.03442932089407858
12,VA0890000,"Stafford, VA",violent,-0.0478903472037861,-0.04966636835084272,0.034410650470236684
1,VA0990000,"Alexandria, VA",violent,-0.08833770097035916,-0.0723898494481168,0.03476024058550374
2,VA0990000,"Alexandria, VA",violent,-0.11919255120067358,-0.09940394118194146,0.03480837529662452
3,VA0990000,"Alexandria, VA",violent,-0.08349324284739391,-0.07434213455688313,0.034807906197016104
4,VA0990000,"Alexandria, VA",violent,0.0018861775344930175,-0.0038660870186815687,0.03475954620818376
5,VA0990000,"Alexandria, VA",violent,0.061378368913264515,0.044922251227423986,0.03480790619701611
6,VA0990000,"Alexandria, VA",violent,0.0731202394301756,0.047121316242770904,0.03480837529662452
7,VA0990000,"Alexandria, VA",violent,0.07742077716314569,0.04764275210594327,0.03476024058550374
8,VA0990000,"Alexandria, VA",violent,0.08304573516707066,0.06723367490122362,0.03480837529662452
9,VA0990000,"Alexandria, VA",violent,0.05826335062100446,0.06691896561833881,0.03480790619701611
10,VA0990000,"Alexandria, VA",violent,0.009030746272720444,0.028613184360855085,0.03475954620818376
11,VA0990000,"Alexandria, VA",violent,-0.02523155287966163,-0.012751984946706178,0.034807906197016104
12,VA0990000,"Alexandria, VA",violent,-0.0478903472037861,-0.03969814730422656,0.03480837529662452
1,VA1030000,"Chesapeake, VA",violent,-0.08833770097035916,-0.08725592996576309,0.029800540294635722
2,VA1030000,"Chesapeake, VA",violent,-0.11919255120067358,-0.138857643070077,0.029874848199204575
3,VA1030000,"Chesapeake, VA",violent,-0.08349324284739391,-0.08988239912157761,0.02985136682316797
4,VA1030000,"Chesapeake, VA",violent,0.0018861775344930175,0.013604904356389707,0.029866017012709193
5,VA1030000,"Chesapeake, VA",violent,0.061378368913264515,0.06332185046790949,0.02985136682316797
6,VA1030000,"Chesapeake, VA",violent,0.0731202394301756,0.056957241880556994,0.029874848199204575
7,VA1030000,"Chesapeake, VA",violent,0.07742077716314569,0.06352431832932615,0.02980054029463572
8,VA1030000,"Chesapeake, VA",violent,0.08304573516707066,0.0789393914865196,0.029874848199204575
9,VA1030000,"Chesapeake, VA",violent,0.05826335062100446,0.053695759174457146,0.029851366823167972
10,VA1030000,"Chesapeake, VA",violent,0.009030746272720444,0.01012670728004723,0.029866017012709193
11,VA1030000,"Chesapeake, VA",violent,-0.02523155287966163,-0.003403598884352126,0.02985136682316797
12,VA1030000,"Chesapeake, VA",violent,-0.0478903472037861,-0.020770601933436487,0.029874848199204575
1,VA1120000,"Harrisonburg, VA",violent,-0.08833770097035916,-0.09364605447603376,0.03864302178589264
2,VA1120000,"Harrisonburg, VA",violent,-0.11919255120067358,-0.12622564588169735,0.03866520424420981
3,VA1120000,"Harrisonburg, VA",violent,-0.08349324284739391,-0.08846531368259945,0.0386425675110113
4,VA1120000,"Harrisonburg, VA",violent,0.0018861775344930175,0.004883468646589891,0.03864688070938715
5,VA1120000,"Harrisonburg, VA",violent,0.061378368913264515,0.06352723634463567,0.0386425675110113
6,VA1120000,"Harrisonburg, VA",violent,0.0731202394301756,0.057589929649439,0.03866520424420981
7,VA1120000,"Harrisonburg, VA",violent,0.07742077716314569,0.05082180844125694,0.03864302178589264
8,VA1120000,"Harrisonburg, VA",violent,0.08304573516707066,0.07487365684503045,0.03866520424420981
9,VA1120000,"Harrisonburg, VA",violent,0.05826335062100446,0.07993757068070936,0.038642567511011305
10,VA1120000,"Harrisonburg, VA",violent,0.009030746272720444,0.037940777388186936,0.03864688070938715
11,VA1120000,"Harrisonburg, VA",violent,-0.02523155287966163,-0.012175247307968812,0.0386425675110113
12,VA1120000,"Harrisonburg, VA",violent,-0.0478903472037861,-0.049062186647548876,0.03866520424420981
1,VA1140000,"Lynchburg, VA",violent,-0.08833770097035916,-0.08415626617585428,0.03469916291990698
2,VA1140000,"Lynchburg, VA",violent,-0.11919255120067358,-0.11144409589932573,0.03473836051674058
3,VA1140000,"Lynchburg, VA",violent,-0.08349324284739391,-0.09679717144204553,0.03469669190626843
4,VA1140000,"Lynchburg, VA",violent,0.0018861775344930175,0.0045486254553382165,0.0347003395177783
5,VA1140000,"Lynchburg, VA",violent,0.061378368913264515,0.09355582179255424,0.03469669190626843
6,VA1140000,"Lynchburg, VA",violent,0.0731202394301756,0.07814221644219617,0.03473836051674058
7,VA1140000,"Lynchburg, VA",violent,0.07742077716314569,0.03336622243510056,0.034699162919906976
8,VA1140000,"Lynchburg, VA",violent,0.08304573516707066,0.05804877222249924,0.03473836051674058
9,VA1140000,"Lynchburg, VA",violent,0.05826335062100446,0.09419189150597278,0.03469669190626843
10,VA1140000,"Lynchburg, VA",violent,0.009030746272720444,0.046241418285415524,0.0347003395177783
11,VA1140000,"Lynchburg, VA",violent,-0.02523155287966163,-0.0401604981157278,0.03469669190626843
12,VA1140000,"Lynchburg, VA",violent,-0.0478903472037861,-0.07553693650612342,0.03473836051674058
1,VA1170000,"Norfolk, VA",violent,-0.08833770097035916,-0.06024006033707172,0.0290335757434208
2,VA1170000,"Norfolk, VA",violent,-0.11919255120067358,-0.14193278147373195,0.029093798526521067
3,VA1170000,"Norfolk, VA",violent,-0.08349324284739391,-0.12203819700936552,0.02910593802264471
4,VA1170000,"Norfolk, VA",violent,0.0018861775344930175,-0.007151234439339505,0.029114965226942877
5,VA1170000,"Norfolk, VA",violent,0.061378368913264515,0.06821735777507847,0.029105938022644714
6,VA1170000,"Norfolk, VA",violent,0.0731202394301756,0.06773843603842285,0.029093798526521067
7,VA1170000,"Norfolk, VA",violent,0.07742077716314569,0.0731452130859101,0.029033575743420793
8,VA1170000,"Norfolk, VA",violent,0.08304573516707066,0.09439952380515933,0.029093798526521067
9,VA1170000,"Norfolk, VA",violent,0.05826335062100446,0.06159978659195454,0.029105938022644714
10,VA1170000,"Norfolk, VA",violent,0.009030746272720444,-0.005753918309498874,0.029114965226942877
11,VA1170000,"Norfolk, VA",violent,-0.02523155287966163,-0.020684100106505895,0.02910593802264471
12,VA1170000,"Norfolk, VA",violent,-0.0478903472037861,-0.0073000256210118296,0.029093798526521067
1,VA1200000,"Portsmouth, VA",violent,-0.08833770097035916,-0.05209651007023531,0.0306483029844887
2,VA1200000,"Portsmouth, VA",violent,-0.11919255120067358,-0.0981027547056058,0.030657429393114194
3,VA1200000,"Portsmouth, VA",violent,-0.08349324284739391,-0.08915241352000829,0.030676331862941948
4,VA1200000,"Portsmouth, VA",violent,0.0018861775344930175,-0.009269404577591038,0.03069306575627607
5,VA1200000,"Portsmouth, VA",violent,0.061378368913264515,0.061424565292532464,0.03067633186294195
6,VA1200000,"Portsmouth, VA",violent,0.0731202394301756,0.06973505485233106,0.030657429393114194
7,VA1200000,"Portsmouth, VA",violent,0.07742077716314569,0.05515513085041818,0.030648302984488698
8,VA1200000,"Portsmouth, VA",violent,0.08304573516707066,0.05472398834430517,0.030657429393114194
9,VA1200000,"Portsmouth, VA",violent,0.05826335062100446,0.04271502637852479,0.03067633186294195
10,VA1200000,"Portsmouth, VA",violent,0.009030746272720444,0.006210783797408165,0.03069306575627607
11,VA1200000,"Portsmouth, VA",violent,-0.02523155287966163,-0.01804579893123186,0.030676331862941948
12,VA1200000,"Portsmouth, VA",violent,-0.0478903472037861,-0.02329766771084755,0.030657429393114194
1,VA1220000,"Richmond, VA",violent,-0.08833770097035916,-0.10567783047166314,0.029576158745553333
2,VA1220000,"Richmond, VA",violent,-0.11919255120067358,-0.16656654458091424,0.02965522595671524
3,VA1220000,"Richmond, VA",violent,-0.08349324284739391,-0.11428470104344055,0.029640612784007203
4,VA1220000,"Richmond, VA",violent,0.0018861775344930175,-0.012725135498362738,0.029669580319406072
5,VA1220000,"Richmond, VA",violent,0.061378368913264515,0.039912212182078875,0.029640612784007207
6,VA1220000,"Richmond, VA",violent,0.0731202394301756,0.06154889017887483,0.02965522595671524
7,VA1220000,"Richmond, VA",violent,0.07742077716314569,0.10116722550144511,0.02957615874555333
8,VA1220000,"Richmond, VA",violent,0.08304573516707066,0.11777683021649682,0.02965522595671524
9,VA1220000,"Richmond, VA",violent,0.05826335062100446,0.07000559164924113,0.029640612784007207
10,VA1220000,"Richmond, VA",violent,0.009030746272720444,0.017235740468580747,0.029669580319406072
11,VA1220000,"Richmond, VA",violent,-0.02523155287966163,0.008877502182338522,0.029640612784007203
12,VA1220000,"Richmond, VA",violent,-0.0478903472037861,-0.01726978078467533,0.02965522595671524
1,VA1230000,"Roanoke, VA",violent,-0.08833770097035916,-0.08921028646721851,0.03257249689619008
2,VA1230000,"Roanoke, VA",violent,-0.11919255120067358,-0.14114633168237994,0.03259634346091809
3,VA1230000,"Roanoke, VA",violent,-0.08349324284739391,-0.12192150462033846,0.032572855788874096
4,VA1230000,"Roanoke, VA",violent,0.0018861775344930175,0.015339407864538518,0.03258469472477466
5,VA1230000,"Roanoke, VA",violent,0.061378368913264515,0.12659514334025784,0.0325728557888741
6,VA1230000,"Roanoke, VA",violent,0.0731202394301756,0.10508569678278867,0.03259634346091809
7,VA1230000,"Roanoke, VA",violent,0.07742077716314569,0.05239098717734561,0.03257249689619007
8,VA1230000,"Roanoke, VA",violent,0.08304573516707066,0.07305643884771679,0.032596343460918095
9,VA1230000,"Roanoke, VA",violent,0.05826335062100446,0.09065091107554821,0.0325728557888741
10,VA1230000,"Roanoke, VA",violent,0.009030746272720444,0.02147989142533441,0.03258469472477466
11,VA1230000,"Roanoke, VA",violent,-0.02523155287966163,-0.05850525050559471,0.032572855788874096
12,VA1230000,"Roanoke, VA",violent,-0.0478903472037861,-0.07381510323799846,0.03259634346091809
1,VA1270000,"Suffolk, VA",violent,-0.08833770097035916,-0.08815179429674415,0.03363728827075033
2,VA1270000,"Suffolk, VA",violent,-0.11919255120067358,-0.14516260169372477,0.033786158412148805
3,VA1270000,"Suffolk, VA",violent,-0.08349324284739391,-0.0657022748400793,0.03372717066551562
4,VA1270000,"Suffolk, VA",violent,0.0018861775344930175,0.06719128702094938,0.03382612907540835
5,VA1270000,"Suffolk, VA",violent,0.061378368913264515,0.11156685208409671,0.03372717066551563
6,VA1270000,"Suffolk, VA",violent,0.0731202394301756,0.0918640481372287,0.033786158412148805
7,VA1270000,"Suffolk, VA",violent,0.07742077716314569,0.09264394815846214,0.033637288270750326
8,VA1270000,"Suffolk, VA",violent,0.08304573516707066,0.07572331152562244,0.033786158412148805
9,VA1270000,"Suffolk, VA",violent,0.05826335062100446,-0.008229169189741026,0.03372717066551563
10,VA1270000,"Suffolk, VA",violent,0.009030746272720444,-0.07168344088266737,0.03382612907540835
11,VA1270000,"Suffolk, VA",violent,-0.02523155287966163,-0.0421275619159944,0.03372717066551562
12,VA1270000,"Suffolk, VA",violent,-0.0478903472037861,-0.017932604107408316,0.033786158412148805
1,VA1280000,"Virginia Beach, VA",violent,-0.08833770097035916,-0.07516456030002314,0.03250503112087916
2,VA1280000,"Virginia Beach, VA",violent,-0.11919255120067358,-0.14289319806579517,0.03259973683752873
3,VA1280000,"Virginia Beach, VA",violent,-0.08349324284739391,-0.11281503333835664,0.03258929819697985
4,VA1280000,"Virginia Beach, VA",violent,0.0018861775344930175,0.00875623617872768,0.03260790064861049
5,VA1280000,"Virginia Beach, VA",violent,0.061378368913264515,0.09485656441545887,0.03258929819697986
6,VA1280000,"Virginia Beach, VA",violent,0.0731202394301756,0.10028565371136652,0.03259973683752873
7,VA1280000,"Virginia Beach, VA",violent,0.07742077716314569,0.09158393595399208,0.03250503112087916
8,VA1280000,"Virginia Beach, VA",violent,0.08304573516707066,0.08720290502693903,0.03259973683752873
9,VA1280000,"Virginia Beach, VA",violent,0.05826335062100446,0.040705364645531567,0.03258929819697986
10,VA1280000,"Virginia Beach, VA",violent,0.009030746272720444,-0.025175611832696634,0.03260790064861049
11,VA1280000,"Virginia Beach, VA",violent,-0.02523155287966163,-0.03916627137660275,0.03258929819697985
12,VA1280000,"Virginia Beach, VA",violent,-0.0478903472037861,-0.028175985018541416,0.03259973683752873
1,VT0040100,"Burlington, VT",violent,-0.08833770097035916,-0.15581163778653176,0.03726861809266615
2,VT0040100,"Burlington, VT",violent,-0.11919255120067358,-0.1442516792222891,0.03729860254320277
3,VT0040100,"Burlington, VT",violent,-0.08349324284739391,-0.08387858081734903,0.03722595625245974
4,VT0040100,"Burlington, VT",violent,0.0018861775344930175,-9.88995864370546e-4,0.03720010087150818
5,VT0040100,"Burlington, VT",violent,0.061378368913264515,0.06644981758315774,0.037225956252459745
6,VT0040100,"Burlington, VT",violent,0.0731202394301756,0.10789963179365114,0.03729860254320277
7,VT0040100,"Burlington, VT",violent,0.07742077716314569,0.1335658164897492,0.03726861809266614
8,VT0040100,"Burlington, VT",violent,0.08304573516707066,0.1371817260618222,0.03729860254320277
9,VT0040100,"Burlington, VT",violent,0.05826335062100446,0.09905444895366472,0.037225956252459745
10,VT0040100,"Burlington, VT",violent,0.009030746272720444,0.023234817161153106,0.03720010087150818
11,VT0040100,"Burlington, VT",violent,-0.02523155287966163,-0.05937986442269089,0.03722595625245974
12,VT0040100,"Burlington, VT",violent,-0.0478903472037861,-0.12307549992996675,0.03729860254320277
1,WA0030200,"Richland, WA",violent,-0.08833770097035916,-0.09247133785117852,0.037646797695490584
2,WA0030200,"Richland, WA",violent,-0.11919255120067358,-0.13151889985074378,0.037687807726841056
3,WA0030200,"Richland, WA",violent,-0.08349324284739391,-0.11550990135456278,0.03768271325214719
4,WA0030200,"Richland, WA",violent,0.0018861775344930175,-0.027943250260121615,0.03768439801125656
5,WA0030200,"Richland, WA",violent,0.061378368913264515,0.06099018104194298,0.0376827132521472
6,WA0030200,"Richland, WA",violent,0.0731202394301756,0.0960880311529233,0.037687807726841056
7,WA0030200,"Richland, WA",violent,0.07742077716314569,0.1009777320676639,0.037646797695490584
8,WA0030200,"Richland, WA",violent,0.08304573516707066,0.10260825629818258,0.037687807726841056
9,WA0030200,"Richland, WA",violent,0.05826335062100446,0.0780928635855162,0.0376827132521472
10,WA0030200,"Richland, WA",violent,0.009030746272720444,0.019436856043636225,0.03768439801125656
11,WA0030200,"Richland, WA",violent,-0.02523155287966163,-0.032079537489381846,0.03768271325214719
12,WA0030200,"Richland, WA",violent,-0.0478903472037861,-0.0586709933838767,0.037687807726841056
1,WA0171200,"Redmond, WA",violent,-0.08833770097035916,-0.07294805289830934,0.03971846445769386
2,WA0171200,"Redmond, WA",violent,-0.11919255120067358,-0.09664442379693126,0.0397736539056771
3,WA0171200,"Redmond, WA",violent,-0.08349324284739391,-0.053909290925187384,0.03975682745271702
4,WA0171200,"Redmond, WA",violent,0.0018861775344930175,0.03414634851750238,0.039776554374893636
5,WA0171200,"Redmond, WA",violent,0.061378368913264515,0.07262107873094557,0.039756827452717025
6,WA0171200,"Redmond, WA",violent,0.0731202394301756,0.057095731103898865,0.0397736539056771
7,WA0171200,"Redmond, WA",violent,0.07742077716314569,0.06293300257626264,0.03971846445769385
8,WA0171200,"Redmond, WA",violent,0.08304573516707066,0.08634445953061044,0.0397736539056771
9,WA0171200,"Redmond, WA",violent,0.05826335062100446,0.05362437698091328,0.039756827452717025
10,WA0171200,"Redmond, WA",violent,0.009030746272720444,-0.024131298195455675,0.039776554374893636
11,WA0171200,"Redmond, WA",violent,-0.02523155287966163,-0.06232111446462478,0.03975682745271702
12,WA0171200,"Redmond, WA",violent,-0.0478903472037861,-0.05681081715962474,0.0397736539056771
1,WA0310300,"Everett, WA",violent,-0.08833770097035916,-0.05765940912664557,0.03439513725288637
2,WA0310300,"Everett, WA",violent,-0.11919255120067358,-0.07227348127836745,0.034492762011332584
3,WA0310300,"Everett, WA",violent,-0.08349324284739391,-0.06274845380423333,0.034462305483796085
4,WA0310300,"Everett, WA",violent,0.0018861775344930175,-3.1425384773762046e-4,0.034496881258681424
5,WA0310300,"Everett, WA",violent,0.061378368913264515,0.0618976815383624,0.034462305483796085
6,WA0310300,"Everett, WA",violent,0.0731202394301756,0.07154792674094204,0.034492762011332584
7,WA0310300,"Everett, WA",violent,0.07742077716314569,0.05798593989752247,0.034395137252886364
8,WA0310300,"Everett, WA",violent,0.08304573516707066,0.060395913640143364,0.034492762011332584
9,WA0310300,"Everett, WA",violent,0.05826335062100446,0.05054435539513235,0.034462305483796085
10,WA0310300,"Everett, WA",violent,0.009030746272720444,-1.2276923139281987e-5,0.034496881258681424
11,WA0310300,"Everett, WA",violent,-0.02523155287966163,-0.050020113900138344,0.034462305483796085
12,WA0310300,"Everett, WA",violent,-0.0478903472037861,-0.05934382833184105,0.034492762011332584
1,WA0340000,"Thurston, WA",violent,-0.08833770097035916,-0.08391775412625498,0.035641267408850166
2,WA0340000,"Thurston, WA",violent,-0.11919255120067358,-0.10342453930491179,0.03573940781564678
3,WA0340000,"Thurston, WA",violent,-0.08349324284739391,-0.06135048722551645,0.035708829696589596
4,WA0340000,"Thurston, WA",violent,0.0018861775344930175,-0.003334675213802202,0.03574281441518197
5,WA0340000,"Thurston, WA",violent,0.061378368913264515,0.03187902861913576,0.035708829696589596
6,WA0340000,"Thurston, WA",violent,0.0731202394301756,0.06365853538546548,0.03573940781564678
7,WA0340000,"Thurston, WA",violent,0.07742077716314569,0.09651444628120442,0.035641267408850166
8,WA0340000,"Thurston, WA",violent,0.08304573516707066,0.08822894256617443,0.03573940781564678
9,WA0340000,"Thurston, WA",violent,0.05826335062100446,0.033558198331829645,0.0357088296965896
10,WA0340000,"Thurston, WA",violent,0.009030746272720444,-0.009262016941147264,0.03574281441518197
11,WA0340000,"Thurston, WA",violent,-0.02523155287966163,-0.016683431880398433,0.035708829696589596
12,WA0340000,"Thurston, WA",violent,-0.0478903472037861,-0.03586624649177861,0.03573940781564678
1,WA0390500,"Yakima, WA",violent,-0.08833770097035916,-0.1299688046497613,0.03229713773701862
2,WA0390500,"Yakima, WA",violent,-0.11919255120067358,-0.14626707695693092,0.03238301459862258
3,WA0390500,"Yakima, WA",violent,-0.08349324284739391,-0.05531868624285294,0.03229384572729543
4,WA0390500,"Yakima, WA",violent,0.0018861775344930175,0.03752152959876034,0.03234681811758022
5,WA0390500,"Yakima, WA",violent,0.061378368913264515,0.05436172478324783,0.032293845727295434
6,WA0390500,"Yakima, WA",violent,0.0731202394301756,0.04540205433186852,0.03238301459862258
7,WA0390500,"Yakima, WA",violent,0.07742077716314569,0.06395027886226846,0.032297137737018616
8,WA0390500,"Yakima, WA",violent,0.08304573516707066,0.07448840242779148,0.03238301459862258
9,WA0390500,"Yakima, WA",violent,0.05826335062100446,0.04955853750120629,0.032293845727295434
10,WA0390500,"Yakima, WA",violent,0.009030746272720444,0.028496996188732453,0.03234681811758022
11,WA0390500,"Yakima, WA",violent,-0.02523155287966163,0.017416949745891558,0.03229384572729543
12,WA0390500,"Yakima, WA",violent,-0.0478903472037861,-0.03964190559022181,0.03238301459862258
1,WASPD0000,"Seattle, WA",violent,-0.08833770097035916,-0.1036049139398302,0.02662614166464121
2,WASPD0000,"Seattle, WA",violent,-0.11919255120067358,-0.1334983880450919,0.026661730393733204
3,WASPD0000,"Seattle, WA",violent,-0.08349324284739391,-0.10266341443455976,0.026675658050363173
4,WASPD0000,"Seattle, WA",violent,0.0018861775344930175,-0.030304662980328634,0.026688767336484197
5,WASPD0000,"Seattle, WA",violent,0.061378368913264515,0.03166842294861624,0.026675658050363173
6,WASPD0000,"Seattle, WA",violent,0.0731202394301756,0.07275724432263643,0.026661730393733204
7,WASPD0000,"Seattle, WA",violent,0.07742077716314569,0.10802117203762393,0.026626141664641206
8,WASPD0000,"Seattle, WA",violent,0.08304573516707066,0.12028776318945039,0.026661730393733207
9,WASPD0000,"Seattle, WA",violent,0.05826335062100446,0.08503653148112453,0.026675658050363177
10,WASPD0000,"Seattle, WA",violent,0.009030746272720444,0.025888404882534886,0.026688767336484197
11,WASPD0000,"Seattle, WA",violent,-0.02523155287966163,-0.01845779809297477,0.026675658050363173
12,WASPD0000,"Seattle, WA",violent,-0.0478903472037861,-0.05513036136920112,0.026661730393733204
1,WI0050200,"Green Bay, WI",violent,-0.08833770097035916,-0.14049724640677969,0.03244593518540168
2,WI0050200,"Green Bay, WI",violent,-0.11919255120067358,-0.14121644912171125,0.032474213464450945
3,WI0050200,"Green Bay, WI",violent,-0.08349324284739391,-0.08964493303494098,0.032427386897441596
4,WI0050200,"Green Bay, WI",violent,0.0018861775344930175,-0.009312056900217231,0.032453104744131954
5,WI0050200,"Green Bay, WI",violent,0.061378368913264515,0.05153282515924809,0.0324273868974416
6,WI0050200,"Green Bay, WI",violent,0.0731202394301756,0.07303414204719029,0.032474213464450945
7,WI0050200,"Green Bay, WI",violent,0.07742077716314569,0.08368612500451848,0.032445935185401675
8,WI0050200,"Green Bay, WI",violent,0.08304573516707066,0.1049811315356001,0.03247421346445095
9,WI0050200,"Green Bay, WI",violent,0.05826335062100446,0.11022073685109104,0.0324273868974416
10,WI0050200,"Green Bay, WI",violent,0.009030746272720444,0.06612317830247844,0.032453104744131954
11,WI0050200,"Green Bay, WI",violent,-0.02523155287966163,-0.015297507573137015,0.032427386897441596
12,WI0050200,"Green Bay, WI",violent,-0.0478903472037861,-0.09360994586334029,0.032474213464450945
1,WI0130100,"Madison, WI",violent,-0.08833770097035916,-0.07303765297675796,0.03038931680360316
2,WI0130100,"Madison, WI",violent,-0.11919255120067358,-0.1299676722760543,0.030459707690846174
3,WI0130100,"Madison, WI",violent,-0.08349324284739391,-0.10802746047161604,0.030457196125136938
4,WI0130100,"Madison, WI",violent,0.0018861775344930175,-0.02060074815397213,0.03047989758829925
5,WI0130100,"Madison, WI",violent,0.061378368913264515,0.043442908244892366,0.03045719612513694
6,WI0130100,"Madison, WI",violent,0.0731202394301756,0.06331918187346705,0.030459707690846174
7,WI0130100,"Madison, WI",violent,0.07742077716314569,0.08400339220889953,0.030389316803603152
8,WI0130100,"Madison, WI",violent,0.08304573516707066,0.09956336350459427,0.030459707690846178
9,WI0130100,"Madison, WI",violent,0.05826335062100446,0.06665741246801443,0.030457196125136945
10,WI0130100,"Madison, WI",violent,0.009030746272720444,0.009635008921830543,0.03047989758829925
11,WI0130100,"Madison, WI",violent,-0.02523155287966163,-0.013038599473432375,0.030457196125136938
12,WI0130100,"Madison, WI",violent,-0.0478903472037861,-0.021949133869865384,0.030459707690846174
1,WI0180100,"Eau Claire, WI",violent,-0.08833770097035916,-0.10398399284460212,0.037933368685603645
2,WI0180100,"Eau Claire, WI",violent,-0.11919255120067358,-0.1297236730435731,0.03800255201399201
3,WI0180100,"Eau Claire, WI",violent,-0.08349324284739391,-0.10259419369850126,0.037958849945557385
4,WI0180100,"Eau Claire, WI",violent,0.0018861775344930175,-0.008335173743856608,0.03797252588201823
5,WI0180100,"Eau Claire, WI",violent,0.061378368913264515,0.07581495614943538,0.03795884994555739
6,WI0180100,"Eau Claire, WI",violent,0.0731202394301756,0.09712516547878561,0.03800255201399201
7,WI0180100,"Eau Claire, WI",violent,0.07742077716314569,0.09609969028055942,0.03793336868560364
8,WI0180100,"Eau Claire, WI",violent,0.08304573516707066,0.10608223199024969,0.03800255201399201
9,WI0180100,"Eau Claire, WI",violent,0.05826335062100446,0.08683705520922055,0.0379588499455574
10,WI0180100,"Eau Claire, WI",violent,0.009030746272720444,0.016219476307899314,0.03797252588201823
11,WI0180100,"Eau Claire, WI",violent,-0.02523155287966163,-0.052173515096112025,0.03795884994555739
12,WI0180100,"Eau Claire, WI",violent,-0.0478903472037861,-0.08136802698950488,0.03800255201399201
1,WI0300100,"Kenosha, WI",violent,-0.08833770097035916,-0.0993293802426656,0.03386955910502311
2,WI0300100,"Kenosha, WI",violent,-0.11919255120067358,-0.1384423272112926,0.03395838201323481
3,WI0300100,"Kenosha, WI",violent,-0.08349324284739391,-0.09912755340862751,0.0339277641023745
4,WI0300100,"Kenosha, WI",violent,0.0018861775344930175,-0.014474917695610106,0.033969513484736494
5,WI0300100,"Kenosha, WI",violent,0.061378368913264515,0.0388546734312374,0.033927764102374504
6,WI0300100,"Kenosha, WI",violent,0.0731202394301756,0.06569152011429887,0.03395838201323481
7,WI0300100,"Kenosha, WI",violent,0.07742077716314569,0.10669238817397779,0.0338695591050231
8,WI0300100,"Kenosha, WI",violent,0.08304573516707066,0.1290561591560772,0.03395838201323481
9,WI0300100,"Kenosha, WI",violent,0.05826335062100446,0.08237837742209995,0.033927764102374504
10,WI0300100,"Kenosha, WI",violent,0.009030746272720444,0.007111909764297907,0.033969513484736494
11,WI0300100,"Kenosha, WI",violent,-0.02523155287966163,-0.029468505376022067,0.0339277641023745
12,WI0300100,"Kenosha, WI",violent,-0.0478903472037861,-0.04894234412777123,0.03395838201323481
1,WI0320100,"La Crosse, WI",violent,-0.08833770097035916,-0.15579908075659585,0.03762533597444929
2,WI0320100,"La Crosse, WI",violent,-0.11919255120067358,-0.15050092882875438,0.03761571307815881
3,WI0320100,"La Crosse, WI",violent,-0.08349324284739391,-0.075640154218587,0.03757735079286164
4,WI0320100,"La Crosse, WI",violent,0.0018861775344930175,0.006861178263762401,0.037582342169043485
5,WI0320100,"La Crosse, WI",violent,0.061378368913264515,0.06297951886273494,0.03757735079286165
6,WI0320100,"La Crosse, WI",violent,0.0731202394301756,0.09150674997473472,0.03761571307815881
7,WI0320100,"La Crosse, WI",violent,0.07742077716314569,0.09202493176937551,0.03762533597444928
8,WI0320100,"La Crosse, WI",violent,0.08304573516707066,0.07390943004683365,0.03761571307815881
9,WI0320100,"La Crosse, WI",violent,0.05826335062100446,0.06282280442388657,0.03757735079286165
10,WI0320100,"La Crosse, WI",violent,0.009030746272720444,0.05691297072345792,0.037582342169043485
11,WI0320100,"La Crosse, WI",violent,-0.02523155287966163,0.013611979919185759,0.03757735079286164
12,WI0320100,"La Crosse, WI",violent,-0.0478903472037861,-0.07868940018003422,0.03761571307815881
1,WI0411600,"West Allis, WI",violent,-0.08833770097035916,-0.08724348442448669,0.03714265905164573
2,WI0411600,"West Allis, WI",violent,-0.11919255120067358,-0.13682060077073793,0.03721832631312511
3,WI0411600,"West Allis, WI",violent,-0.08349324284739391,-0.10019310820530156,0.037204615539961274
4,WI0411600,"West Allis, WI",violent,0.0018861775344930175,0.004827960315323171,0.0372233205969713
5,WI0411600,"West Allis, WI",violent,0.061378368913264515,0.08326666412172938,0.03720461553996128
6,WI0411600,"West Allis, WI",violent,0.0731202394301756,0.10261952648631306,0.03721832631312511
7,WI0411600,"West Allis, WI",violent,0.07742077716314569,0.10028167095771587,0.037142659051645724
8,WI0411600,"West Allis, WI",violent,0.08304573516707066,0.08359310593373763,0.03721832631312511
9,WI0411600,"West Allis, WI",violent,0.05826335062100446,0.03392742683507207,0.03720461553996128
10,WI0411600,"West Allis, WI",violent,0.009030746272720444,-0.017866146848552356,0.0372233205969713
11,WI0411600,"West Allis, WI",violent,-0.02523155287966163,-0.030039169284729095,0.037204615539961274
12,WI0411600,"West Allis, WI",violent,-0.0478903472037861,-0.03635384511608352,0.03721832631312511
1,WI0450100,"Appleton, WI",violent,-0.08833770097035916,-0.11450546910862267,0.03663309606496186
2,WI0450100,"Appleton, WI",violent,-0.11919255120067358,-0.1326538583881977,0.036699012395509004
3,WI0450100,"Appleton, WI",violent,-0.08349324284739391,-0.06968159460770794,0.036647979179984504
4,WI0450100,"Appleton, WI",violent,0.0018861775344930175,0.02643493922747849,0.036685719929020165
5,WI0450100,"Appleton, WI",violent,0.061378368913264515,0.08155923905596474,0.036647979179984504
6,WI0450100,"Appleton, WI",violent,0.0731202394301756,0.08847279871227356,0.036699012395509004
7,WI0450100,"Appleton, WI",violent,0.07742077716314569,0.08203814646730925,0.03663309606496185
8,WI0450100,"Appleton, WI",violent,0.08304573516707066,0.06831130161637489,0.036699012395509004
9,WI0450100,"Appleton, WI",violent,0.05826335062100446,0.037806360477198514,0.03664797917998451
10,WI0450100,"Appleton, WI",violent,0.009030746272720444,0.006032383413834903,0.036685719929020165
11,WI0450100,"Appleton, WI",violent,-0.02523155287966163,-0.01721668228414196,0.036647979179984504
12,WI0450100,"Appleton, WI",violent,-0.0478903472037861,-0.05659756458176409,0.036699012395509004
1,WI0520200,"Racine, WI",violent,-0.08833770097035916,-0.08716519627015115,0.03384759473936999
2,WI0520200,"Racine, WI",violent,-0.11919255120067358,-0.08900477792864962,0.03399596514189869
3,WI0520200,"Racine, WI",violent,-0.08349324284739391,-0.061435842639424636,0.03395606798888248
4,WI0520200,"Racine, WI",violent,0.0018861775344930175,-0.00819894527771107,0.03394323447074174
5,WI0520200,"Racine, WI",violent,0.061378368913264515,0.017182421762603955,0.03395606798888249
6,WI0520200,"Racine, WI",violent,0.0731202394301756,0.025211687521269788,0.03399596514189869
7,WI0520200,"Racine, WI",violent,0.07742077716314569,0.07748879796883211,0.033847594739369984
8,WI0520200,"Racine, WI",violent,0.08304573516707066,0.14624360533265385,0.0339959651418987
9,WI0520200,"Racine, WI",violent,0.05826335062100446,0.1283510683447479,0.03395606798888249
10,WI0520200,"Racine, WI",violent,0.009030746272720444,0.01787534357903011,0.03394323447074174
11,WI0520200,"Racine, WI",violent,-0.02523155287966163,-0.07442124916660822,0.03395606798888248
12,WI0520200,"Racine, WI",violent,-0.0478903472037861,-0.09212691322659303,0.03399596514189869
1,WI0540200,"Janesville, WI",violent,-0.08833770097035916,-0.10161328979774507,0.03830482411100408
2,WI0540200,"Janesville, WI",violent,-0.11919255120067358,-0.1382000840277247,0.0383626702078458
3,WI0540200,"Janesville, WI",violent,-0.08349324284739391,-0.10242011114503097,0.03833832532741488
4,WI0540200,"Janesville, WI",violent,0.0018861775344930175,0.00522452034757636,0.03833090292611927
5,WI0540200,"Janesville, WI",violent,0.061378368913264515,0.08744465682689935,0.038338325327414886
6,WI0540200,"Janesville, WI",violent,0.0731202394301756,0.09842767663172945,0.0383626702078458
7,WI0540200,"Janesville, WI",violent,0.07742077716314569,0.09236497282189524,0.03830482411100408
8,WI0540200,"Janesville, WI",violent,0.08304573516707066,0.0980479634326002,0.0383626702078458
9,WI0540200,"Janesville, WI",violent,0.05826335062100446,0.07151630752575629,0.038338325327414886
10,WI0540200,"Janesville, WI",violent,0.009030746272720444,0.004023796628273483,0.03833090292611927
11,WI0540200,"Janesville, WI",violent,-0.02523155287966163,-0.04729253623177487,0.03833832532741488
12,WI0540200,"Janesville, WI",violent,-0.0478903472037861,-0.06752387301245474,0.03836267020784579
1,WI0680500,"Waukesha, WI",violent,-0.08833770097035916,-0.08013390799204265,0.03950632165285326
2,WI0680500,"Waukesha, WI",violent,-0.11919255120067358,-0.10574654865717958,0.03957160622707513
3,WI0680500,"Waukesha, WI",violent,-0.08349324284739391,-0.08664705634510372,0.03953874338745235
4,WI0680500,"Waukesha, WI",violent,0.0018861775344930175,-0.01821610864462904,0.039571806557662695
5,WI0680500,"Waukesha, WI",violent,0.061378368913264515,0.047140804982385195,0.03953874338745235
6,WI0680500,"Waukesha, WI",violent,0.0731202394301756,0.07026972164330673,0.03957160622707513
7,WI0680500,"Waukesha, WI",violent,0.07742077716314569,0.07062033409713876,0.039506321652853255
8,WI0680500,"Waukesha, WI",violent,0.08304573516707066,0.07322253641281928,0.03957160622707514
9,WI0680500,"Waukesha, WI",violent,0.05826335062100446,0.06363661799564732,0.03953874338745235
10,WI0680500,"Waukesha, WI",violent,0.009030746272720444,0.02772968253953291,0.039571806557662695
11,WI0680500,"Waukesha, WI",violent,-0.02523155287966163,-0.014616792738024941,0.03953874338745235
12,WI0680500,"Waukesha, WI",violent,-0.0478903472037861,-0.047259283293850284,0.03957160622707513
1,WI0710300,"Oshkosh, WI",violent,-0.08833770097035916,-0.08307929200925487,0.03700291939633164
2,WI0710300,"Oshkosh, WI",violent,-0.11919255120067358,-0.13260450366907167,0.03708095244033115
3,WI0710300,"Oshkosh, WI",violent,-0.08349324284739391,-0.1026729242489229,0.03704800919190916
4,WI0710300,"Oshkosh, WI",violent,0.0018861775344930175,0.004561139779863841,0.037072475660856426
5,WI0710300,"Oshkosh, WI",violent,0.061378368913264515,0.0754704142389828,0.03704800919190916
6,WI0710300,"Oshkosh, WI",violent,0.0731202394301756,0.07802612601297115,0.03708095244033115
7,WI0710300,"Oshkosh, WI",violent,0.07742077716314569,0.08761458195656671,0.037002919396331636
8,WI0710300,"Oshkosh, WI",violent,0.08304573516707066,0.11303522199704259,0.03708095244033115
9,WI0710300,"Oshkosh, WI",violent,0.05826335062100446,0.078568352629582,0.03704800919190917
10,WI0710300,"Oshkosh, WI",violent,0.009030746272720444,-0.00909642972717568,0.037072475660856426
11,WI0710300,"Oshkosh, WI",violent,-0.02523155287966163,-0.05590113256695378,0.03704800919190916
12,WI0710300,"Oshkosh, WI",violent,-0.0478903472037861,-0.05392155439363023,0.03708095244033115
1,WIMPD0000,"Milwaukee, WI",violent,-0.08833770097035916,-0.12480191616075287,0.026261305502485646
2,WIMPD0000,"Milwaukee, WI",violent,-0.11919255120067358,-0.16268360623610845,0.02629016078342306
3,WIMPD0000,"Milwaukee, WI",violent,-0.08349324284739391,-0.11136256195273779,0.026298406763769343
4,WIMPD0000,"Milwaukee, WI",violent,0.0018861775344930175,-0.004739040691864123,0.026302955618423496
5,WIMPD0000,"Milwaukee, WI",violent,0.061378368913264515,0.07618575990294636,0.026298406763769346
6,WIMPD0000,"Milwaukee, WI",violent,0.0731202394301756,0.11023048999288357,0.02629016078342306
7,WIMPD0000,"Milwaukee, WI",violent,0.07742077716314569,0.12206115221773367,0.026261305502485642
8,WIMPD0000,"Milwaukee, WI",violent,0.08304573516707066,0.10900853428912534,0.02629016078342306
9,WIMPD0000,"Milwaukee, WI",violent,0.05826335062100446,0.06042825394877386,0.026298406763769346
10,WIMPD0000,"Milwaukee, WI",violent,0.009030746272720444,0.007479804634883301,0.026302955618423496
11,WIMPD0000,"Milwaukee, WI",violent,-0.02523155287966163,-0.02251068795596329,0.026298406763769343
12,WIMPD0000,"Milwaukee, WI",violent,-0.0478903472037861,-0.059296181988919554,0.02629016078342306
1,WY0110100,"Cheyenne, WY",violent,-0.08833770097035916,-0.11209112489547166,0.0362663978064798
2,WY0110100,"Cheyenne, WY",violent,-0.11919255120067358,-0.11368504799104716,0.03634885117077283
3,WY0110100,"Cheyenne, WY",violent,-0.08349324284739391,-0.10228991732267557,0.0363357106471646
4,WY0110100,"Cheyenne, WY",violent,0.0018861775344930175,-0.06274761018782332,0.036357786980925406
5,WY0110100,"Cheyenne, WY",violent,0.061378368913264515,0.02100248473886849,0.03633571064716461
6,WY0110100,"Cheyenne, WY",violent,0.0731202394301756,0.10469016828958673,0.03634885117077283
7,WY0110100,"Cheyenne, WY",violent,0.07742077716314569,0.12931359937319697,0.0362663978064798
8,WY0110100,"Cheyenne, WY",violent,0.08304573516707066,0.10380051520726222,0.03634885117077283
9,WY0110100,"Cheyenne, WY",violent,0.05826335062100446,0.07518291006116531,0.03633571064716461
10,WY0110100,"Cheyenne, WY",violent,0.009030746272720444,0.04552513571009799,0.036357786980925406
11,WY0110100,"Cheyenne, WY",violent,-0.02523155287966163,-0.011117951955083588,0.0363357106471646
12,WY0110100,"Cheyenne, WY",violent,-0.0478903472037861,-0.0775831610280764,0.03634885117077283
