month,city_id,city_label,crime_type,global_season_centered,city_season_centered,city_season_se
1,AL0011200,"Hoover, AL",robbery,-0.014718746777558186,0.026726444574568527,0.052989971153865924
2,AL0011200,"Hoover, AL",robbery,-0.10674012224271302,-0.09344791327446836,0.05297988091265362
3,AL0011200,"Hoover, AL",robbery,-0.12944676536406494,-0.1618566538818209,0.05299143662305288
4,AL0011200,"Hoover, AL",robbery,-0.07056587126363142,-0.11516515999231636,0.0530597865885909
5,AL0011200,"Hoover, AL",robbery,-0.006666007958024384,-0.013393396649712553,0.05299143662305288
6,AL0011200,"Hoover, AL",robbery,0.022721889338011475,0.05820378314739405,0.05297988091265362
7,AL0011200,"Hoover, AL",robbery,0.04369013349377921,0.07700280767231124,0.05298997115386592
8,AL0011200,"Hoover, AL",robbery,0.06242505534559063,0.057984143245827145,0.052979880912653626
9,AL0011200,"Hoover, AL",robbery,0.05616031175072153,0.02266363160629997,0.05299143662305289
10,AL0011200,"Hoover, AL",robbery,0.041594484547410396,0.011435907745436581,0.0530597865885909
11,AL0011200,"Hoover, AL",robbery,0.05098107485514673,0.048857166678353735,0.05299143662305288
12,AL0011200,"Hoover, AL",robbery,0.05056456427533197,0.08098923912812694,0.05297988091265362
1,AR0040100,"Bentonville, AR",robbery,-0.014718746777558186,-0.00879567036317388,0.054432085176889765
2,AR0040100,"Bentonville, AR",robbery,-0.10674012224271302,-0.10097481976459323,0.054442780078455044
3,AR0040100,"Bentonville, AR",robbery,-0.12944676536406494,-0.13208374752725074,0.054443045051241194
4,AR0040100,"Bentonville, AR",robbery,-0.07056587126363142,-0.08591861474282583,0.05444540002068527
5,AR0040100,"Bentonville, AR",robbery,-0.006666007958024384,-0.02239419464716272,0.0544430450512412
6,AR0040100,"Bentonville, AR",robbery,0.022721889338011475,0.017578086628552654,0.054442780078455044
7,AR0040100,"Bentonville, AR",robbery,0.04369013349377921,0.04248098768158644,0.05443208517688975
8,AR0040100,"Bentonville, AR",robbery,0.06242505534559063,0.05720222347940496,0.054442780078455044
9,AR0040100,"Bentonville, AR",robbery,0.05616031175072153,0.054625833923649926,0.0544430450512412
10,AR0040100,"Bentonville, AR",robbery,0.041594484547410396,0.05223329742441327,0.05444540002068527
11,AR0040100,"Bentonville, AR",robbery,0.05098107485514673,0.06616679093235095,0.054443045051241194
12,AR0040100,"Bentonville, AR",robbery,0.05056456427533197,0.05987982697504822,0.05444278007845504
1,AR0230100,"Conway, AR",robbery,-0.014718746777558186,-0.0244467799855062,0.05116653828689454
2,AR0230100,"Conway, AR",robbery,-0.10674012224271302,-0.09769685399389483,0.05121908879281874
3,AR0230100,"Conway, AR",robbery,-0.12944676536406494,-0.10579532695926097,0.05121486933232225
4,AR0230100,"Conway, AR",robbery,-0.07056587126363142,-0.06080347823257655,0.05121009904789436
5,AR0230100,"Conway, AR",robbery,-0.006666007958024384,-0.021110496462784508,0.05121486933232225
6,AR0230100,"Conway, AR",robbery,0.022721889338011475,0.003365335009528566,0.05121908879281874
7,AR0230100,"Conway, AR",robbery,0.04369013349377921,0.035016697957938284,0.05116653828689453
8,AR0230100,"Conway, AR",robbery,0.06242505534559063,0.060776357677433696,0.05121908879281874
9,AR0230100,"Conway, AR",robbery,0.05616031175072153,0.05830491267036777,0.051214869332322256
10,AR0230100,"Conway, AR",robbery,0.041594484547410396,0.05023356026014446,0.05121009904789436
11,AR0230100,"Conway, AR",robbery,0.05098107485514673,0.05803099277924559,0.05121486933232225
12,AR0230100,"Conway, AR",robbery,0.05056456427533197,0.044125079279364696,0.05121908879281874
1,AR0600200,"Little Rock, AR",robbery,-0.014718746777558186,-0.04164521519869101,0.03679224445078976
2,AR0600200,"Little Rock, AR",robbery,-0.10674012224271302,-0.18171478853173245,0.03687179200412182
3,AR0600200,"Little Rock, AR",robbery,-0.12944676536406494,-0.1942847637292608,0.036891461224325024
4,AR0600200,"Little Rock, AR",robbery,-0.07056587126363142,-0.07963611774516499,0.03688417816500608
5,AR0600200,"Little Rock, AR",robbery,-0.006666007958024384,0.022928292993380662,0.03689146122432503
6,AR0600200,"Little Rock, AR",robbery,0.022721889338011475,0.04392496233702135,0.03687179200412182
7,AR0600200,"Little Rock, AR",robbery,0.04369013349377921,0.04092409540187303,0.036792244450789754
8,AR0600200,"Little Rock, AR",robbery,0.06242505534559063,0.05699517534439687,0.03687179200412182
9,AR0600200,"Little Rock, AR",robbery,0.05616031175072153,0.07028627033874316,0.03689146122432503
10,AR0600200,"Little Rock, AR",robbery,0.041594484547410396,0.08035723754198296,0.03688417816500608
11,AR0600200,"Little Rock, AR",robbery,0.05098107485514673,0.10179132019395488,0.036891461224325024
12,AR0600200,"Little Rock, AR",robbery,0.05056456427533197,0.08007353105349632,0.03687179200412182
1,AR0600300,"North Little Rock, AR",robbery,-0.014718746777558186,-0.0032849322508946067,0.046446645365141245
2,AR0600300,"North Little Rock, AR",robbery,-0.10674012224271302,-0.1259090925906607,0.04656295960150609
3,AR0600300,"North Little Rock, AR",robbery,-0.12944676536406494,-0.16187178864621854,0.04653046687168426
4,AR0600300,"North Little Rock, AR",robbery,-0.07056587126363142,-0.06324486173316791,0.046537614862687426
5,AR0600300,"North Little Rock, AR",robbery,-0.006666007958024384,0.043496640291345465,0.046530466871684266
6,AR0600300,"North Little Rock, AR",robbery,0.022721889338011475,0.04914463050644136,0.04656295960150609
7,AR0600300,"North Little Rock, AR",robbery,0.04369013349377921,0.008141386844508615,0.04644664536514123
8,AR0600300,"North Little Rock, AR",robbery,0.06242505534559063,0.01030289723275722,0.04656295960150609
9,AR0600300,"North Little Rock, AR",robbery,0.05616031175072153,0.04140913869470104,0.04653046687168427
10,AR0600300,"North Little Rock, AR",robbery,0.041594484547410396,0.05838840713955392,0.046537614862687426
11,AR0600300,"North Little Rock, AR",robbery,0.05098107485514673,0.07210955506655799,0.046530466871684266
12,AR0600300,"North Little Rock, AR",robbery,0.05056456427533197,0.07131801944507613,0.04656295960150609
1,AR0660100,"Fort Smith, AR",robbery,-0.014718746777558186,-0.03450060956798388,0.047712782316078194
2,AR0660100,"Fort Smith, AR",robbery,-0.10674012224271302,-0.09764235159165136,0.04778048457419425
3,AR0660100,"Fort Smith, AR",robbery,-0.12944676536406494,-0.11881728334558903,0.04779398990273736
4,AR0660100,"Fort Smith, AR",robbery,-0.07056587126363142,-0.0940908583704278,0.047812510301693124
5,AR0660100,"Fort Smith, AR",robbery,-0.006666007958024384,-0.03404647179231987,0.047793989902737366
6,AR0660100,"Fort Smith, AR",robbery,0.022721889338011475,0.03560672445146445,0.04778048457419425
7,AR0660100,"Fort Smith, AR",robbery,0.04369013349377921,0.07425316909839506,0.04771278231607819
8,AR0660100,"Fort Smith, AR",robbery,0.06242505534559063,0.06660743890505343,0.04778048457419426
9,AR0660100,"Fort Smith, AR",robbery,0.05616031175072153,0.048029811128579916,0.047793989902737366
10,AR0660100,"Fort Smith, AR",robbery,0.041594484547410396,0.05433829884001659,0.047812510301693124
11,AR0660100,"Fort Smith, AR",robbery,0.05098107485514673,0.06508138447891776,0.04779398990273736
12,AR0660100,"Fort Smith, AR",robbery,0.05056456427533197,0.03518074776554473,0.04778048457419425
1,AR0720100,"Fayetteville, AR",robbery,-0.014718746777558186,-0.0205345457912332,0.05019078249835253
2,AR0720100,"Fayetteville, AR",robbery,-0.10674012224271302,-0.08777443345259836,0.05025766275543399
3,AR0720100,"Fayetteville, AR",robbery,-0.12944676536406494,-0.1140399144009819,0.05024985931318755
4,AR0720100,"Fayetteville, AR",robbery,-0.07056587126363142,-0.07917759493367946,0.05025345791598915
5,AR0720100,"Fayetteville, AR",robbery,-0.006666007958024384,-0.007350319816846675,0.05024985931318756
6,AR0720100,"Fayetteville, AR",robbery,0.022721889338011475,0.043503706772528725,0.05025766275543399
7,AR0720100,"Fayetteville, AR",robbery,0.04369013349377921,0.041375002714897906,0.05019078249835252
8,AR0720100,"Fayetteville, AR",robbery,0.06242505534559063,0.017897959697795736,0.05025766275543399
9,AR0720100,"Fayetteville, AR",robbery,0.05616031175072153,0.02332298372251456,0.05024985931318756
10,AR0720100,"Fayetteville, AR",robbery,0.041594484547410396,0.05833713801001475,0.05025345791598915
11,AR0720100,"Fayetteville, AR",robbery,0.05098107485514673,0.07722679357164927,0.05024985931318755
12,AR0720100,"Fayetteville, AR",robbery,0.05056456427533197,0.04721322390593866,0.05025766275543399
1,AZ0070100,"Avondale, AZ",robbery,-0.014718746777558186,0.05378729288243835,0.04831515962531078
2,AZ0070100,"Avondale, AZ",robbery,-0.10674012224271302,-0.061970128043415736,0.048375369398832704
3,AZ0070100,"Avondale, AZ",robbery,-0.12944676536406494,-0.1348388733883749,0.048416988076957455
4,AZ0070100,"Avondale, AZ",robbery,-0.07056587126363142,-0.07484719840801905,0.04842394104415423
5,AZ0070100,"Avondale, AZ",robbery,-0.006666007958024384,0.006692955616344381,0.04841698807695746
6,AZ0070100,"Avondale, AZ",robbery,0.022721889338011475,0.014206608819152863,0.048375369398832704
7,AZ0070100,"Avondale, AZ",robbery,0.04369013349377921,0.01314064181858178,0.04831515962531077
8,AZ0070100,"Avondale, AZ",robbery,0.06242505534559063,0.05300971673221805,0.048375369398832704
9,AZ0070100,"Avondale, AZ",robbery,0.05616031175072153,0.05895052737615712,0.04841698807695747
10,AZ0070100,"Avondale, AZ",robbery,0.041594484547410396,0.007919263706998934,0.04842394104415423
11,AZ0070100,"Avondale, AZ",robbery,0.05098107485514673,0.002267455694853294,0.048416988076957455
12,AZ0070100,"Avondale, AZ",robbery,0.05056456427533197,0.06168173719306492,0.0483753693988327
1,AZ0070300,"Buckeye, AZ",robbery,-0.014718746777558186,-0.014476249108715469,0.05363940029020808
2,AZ0070300,"Buckeye, AZ",robbery,-0.10674012224271302,-0.09653679885187304,0.05366423948450001
3,AZ0070300,"Buckeye, AZ",robbery,-0.12944676536406494,-0.12065039685648382,0.05365979866655282
4,AZ0070300,"Buckeye, AZ",robbery,-0.07056587126363142,-0.06639389482240035,0.053665282343765545
5,AZ0070300,"Buckeye, AZ",robbery,-0.006666007958024384,5.500732999913978e-4,0.05365979866655283
6,AZ0070300,"Buckeye, AZ",robbery,0.022721889338011475,0.029545497290417572,0.05366423948450001
7,AZ0070300,"Buckeye, AZ",robbery,0.04369013349377921,0.0369904547180703,0.05363940029020807
8,AZ0070300,"Buckeye, AZ",robbery,0.06242505534559063,0.04534773207722022,0.05366423948450002
9,AZ0070300,"Buckeye, AZ",robbery,0.05616031175072153,0.04694712447247618,0.053659798666552835
10,AZ0070300,"Buckeye, AZ",robbery,0.041594484547410396,0.04387968921304552,0.053665282343765545
11,AZ0070300,"Buckeye, AZ",robbery,0.05098107485514673,0.05063899347466139,0.05365979866655283
12,AZ0070300,"Buckeye, AZ",robbery,0.05056456427533197,0.0441577750935901,0.05366423948450001
1,AZ0070500,"Chandler, AZ",robbery,-0.014718746777558186,-0.050141006915572495,0.04710710965226176
2,AZ0070500,"Chandler, AZ",robbery,-0.10674012224271302,-0.12476160020557472,0.047138938192781324
3,AZ0070500,"Chandler, AZ",robbery,-0.12944676536406494,-0.07840074150197548,0.04706672677340898
4,AZ0070500,"Chandler, AZ",robbery,-0.07056587126363142,0.005776314498159144,0.04713139004197206
5,AZ0070500,"Chandler, AZ",robbery,-0.006666007958024384,0.017959306404982854,0.04706672677340899
6,AZ0070500,"Chandler, AZ",robbery,0.022721889338011475,-0.012465884997155749,0.047138938192781324
7,AZ0070500,"Chandler, AZ",robbery,0.04369013349377921,-0.0071971437129124604,0.04710710965226175
8,AZ0070500,"Chandler, AZ",robbery,0.06242505534559063,0.020690691394338392,0.047138938192781324
9,AZ0070500,"Chandler, AZ",robbery,0.05616031175072153,0.03166798331922411,0.04706672677340899
10,AZ0070500,"Chandler, AZ",robbery,0.041594484547410396,0.051561836130325805,0.04713139004197206
11,AZ0070500,"Chandler, AZ",robbery,0.05098107485514673,0.08611160240625343,0.04706672677340898
12,AZ0070500,"Chandler, AZ",robbery,0.05056456427533197,0.05919864317990717,0.047138938192781324
1,AZ0071100,"Gilbert, AZ",robbery,-0.014718746777558186,0.027088523594774296,0.05133900250508339
2,AZ0071100,"Gilbert, AZ",robbery,-0.10674012224271302,-0.08961406509414724,0.05138357893823772
3,AZ0071100,"Gilbert, AZ",robbery,-0.12944676536406494,-0.12411490631352523,0.05133206205702223
4,AZ0071100,"Gilbert, AZ",robbery,-0.07056587126363142,-0.07963863772687871,0.05133142825595562
5,AZ0071100,"Gilbert, AZ",robbery,-0.006666007958024384,-0.03950734905585844,0.05133206205702224
6,AZ0071100,"Gilbert, AZ",robbery,0.022721889338011475,-0.020674607769481188,0.05138357893823772
7,AZ0071100,"Gilbert, AZ",robbery,0.04369013349377921,0.010712435268574513,0.051339002505083386
8,AZ0071100,"Gilbert, AZ",robbery,0.06242505534559063,0.03860795707046125,0.05138357893823772
9,AZ0071100,"Gilbert, AZ",robbery,0.05616031175072153,0.035307839426490434,0.05133206205702224
10,AZ0071100,"Gilbert, AZ",robbery,0.041594484547410396,0.04183767886352989,0.05133142825595562
11,AZ0071100,"Gilbert, AZ",robbery,0.05098107485514673,0.09051345707954439,0.05133206205702223
12,AZ0071100,"Gilbert, AZ",robbery,0.05056456427533197,0.10948167465651601,0.05138357893823772
1,AZ0071500,"Goodyear, AZ",robbery,-0.014718746777558186,-0.019735182804479463,0.052234521832074526
2,AZ0071500,"Goodyear, AZ",robbery,-0.10674012224271302,-0.08029948824973966,0.05228238650899471
3,AZ0071500,"Goodyear, AZ",robbery,-0.12944676536406494,-0.09596124108017391,0.052265145229466424
4,AZ0071500,"Goodyear, AZ",robbery,-0.07056587126363142,-0.061497604389982766,0.05228041845644965
5,AZ0071500,"Goodyear, AZ",robbery,-0.006666007958024384,-0.013649237750257188,0.05226514522946644
6,AZ0071500,"Goodyear, AZ",robbery,0.022721889338011475,0.018666145992598516,0.05228238650899471
7,AZ0071500,"Goodyear, AZ",robbery,0.04369013349377921,0.034002955710833255,0.05223452183207452
8,AZ0071500,"Goodyear, AZ",robbery,0.06242505534559063,0.03912611993296507,0.05228238650899471
9,AZ0071500,"Goodyear, AZ",robbery,0.05616031175072153,0.04052009985704553,0.05226514522946644
10,AZ0071500,"Goodyear, AZ",robbery,0.041594484547410396,0.04722983148362897,0.05228041845644965
11,AZ0071500,"Goodyear, AZ",robbery,0.05098107485514673,0.05482260606703175,0.052265145229466424
12,AZ0071500,"Goodyear, AZ",robbery,0.05056456427533197,0.03677499523052991,0.05228238650899471
1,AZ0072300,"Phoenix, AZ",robbery,-0.014718746777558186,-0.0032083096745110984,0.02817700141233997
2,AZ0072300,"Phoenix, AZ",robbery,-0.10674012224271302,-0.04668359211172426,0.028236997337281376
3,AZ0072300,"Phoenix, AZ",robbery,-0.12944676536406494,-0.07877766986014492,0.02824622755595979
4,AZ0072300,"Phoenix, AZ",robbery,-0.07056587126363142,-0.052908067086761726,0.028267918827975174
5,AZ0072300,"Phoenix, AZ",robbery,-0.006666007958024384,4.020903825543945e-4,0.028246227555959794
6,AZ0072300,"Phoenix, AZ",robbery,0.022721889338011475,0.017997511370003313,0.028236997337281376
7,AZ0072300,"Phoenix, AZ",robbery,0.04369013349377921,0.0066186489561259896,0.028177001412339968
8,AZ0072300,"Phoenix, AZ",robbery,0.06242505534559063,0.016937066858431604,0.028236997337281376
9,AZ0072300,"Phoenix, AZ",robbery,0.05616031175072153,0.04562080532523741,0.028246227555959798
10,AZ0072300,"Phoenix, AZ",robbery,0.041594484547410396,0.04949772780514685,0.028267918827975174
11,AZ0072300,"Phoenix, AZ",robbery,0.05098107485514673,0.029344434870738227,0.028246227555959794
12,AZ0072300,"Phoenix, AZ",robbery,0.05056456427533197,0.01515935316490421,0.028236997337281376
1,AZ0072500,"Scottsdale, AZ",robbery,-0.014718746777558186,-8.346734440904247e-4,0.04773588821985449
2,AZ0072500,"Scottsdale, AZ",robbery,-0.10674012224271302,-0.07014680276216106,0.04782633426069326
3,AZ0072500,"Scottsdale, AZ",robbery,-0.12944676536406494,-0.09790752259905733,0.04782059713186107
4,AZ0072500,"Scottsdale, AZ",robbery,-0.07056587126363142,-0.08511159734199879,0.04784869086797054
5,AZ0072500,"Scottsdale, AZ",robbery,-0.006666007958024384,-0.03670369126453667,0.04782059713186108
6,AZ0072500,"Scottsdale, AZ",robbery,0.022721889338011475,0.02670000513660399,0.04782633426069326
7,AZ0072500,"Scottsdale, AZ",robbery,0.04369013349377921,0.05406450167258253,0.04773588821985448
8,AZ0072500,"Scottsdale, AZ",robbery,0.06242505534559063,0.02621936538057668,0.04782633426069326
9,AZ0072500,"Scottsdale, AZ",robbery,0.05616031175072153,7.502569889808226e-4,0.04782059713186108
10,AZ0072500,"Scottsdale, AZ",robbery,0.041594484547410396,0.03188176911350667,0.04784869086797054
11,AZ0072500,"Scottsdale, AZ",robbery,0.05098107485514673,0.08063112864612103,0.04782059713186107
12,AZ0072500,"Scottsdale, AZ",robbery,0.05056456427533197,0.07045726047347257,0.04782633426069326
1,AZ0072900,"Tempe, AZ",robbery,-0.014718746777558186,-0.00893564786914422,0.042468349223321995
2,AZ0072900,"Tempe, AZ",robbery,-0.10674012224271302,-0.07088419188716286,0.0425562060476482
3,AZ0072900,"Tempe, AZ",robbery,-0.12944676536406494,-0.07039810084086384,0.042523401469220116
4,AZ0072900,"Tempe, AZ",robbery,-0.07056587126363142,-0.0211014659423045,0.04252970637227668
5,AZ0072900,"Tempe, AZ",robbery,-0.006666007958024384,5.901317511916841e-4,0.042523401469220116
6,AZ0072900,"Tempe, AZ",robbery,0.022721889338011475,-0.014581425591415339,0.0425562060476482
7,AZ0072900,"Tempe, AZ",robbery,0.04369013349377921,-0.00952645901417205,0.04246834922332199
8,AZ0072900,"Tempe, AZ",robbery,0.06242505534559063,0.024604029143987165,0.0425562060476482
9,AZ0072900,"Tempe, AZ",robbery,0.05616031175072153,0.042580044981004435,0.04252340146922012
10,AZ0072900,"Tempe, AZ",robbery,0.041594484547410396,0.03956357282562077,0.04252970637227668
11,AZ0072900,"Tempe, AZ",robbery,0.05098107485514673,0.045690030991983974,0.042523401469220116
12,AZ0072900,"Tempe, AZ",robbery,0.05056456427533197,0.04239948145127478,0.0425562060476482
1,AZ0100000,"Pima, AZ",robbery,-0.014718746777558186,-0.039824029800569226,0.045346535678863424
2,AZ0100000,"Pima, AZ",robbery,-0.10674012224271302,-0.11173575518130513,0.045426438310948745
3,AZ0100000,"Pima, AZ",robbery,-0.12944676536406494,-0.10378013924697241,0.04539036351699571
4,AZ0100000,"Pima, AZ",robbery,-0.07056587126363142,-0.01576413999911381,0.04540741463031747
5,AZ0100000,"Pima, AZ",robbery,-0.006666007958024384,0.04645347048816974,0.04539036351699572
6,AZ0100000,"Pima, AZ",robbery,0.022721889338011475,0.029721370076155575,0.045426438310948745
7,AZ0100000,"Pima, AZ",robbery,0.04369013349377921,8.924091066907167e-4,0.04534653567886342
8,AZ0100000,"Pima, AZ",robbery,0.06242505534559063,0.018421410228292044,0.045426438310948745
9,AZ0100000,"Pima, AZ",robbery,0.05616031175072153,0.049397414987837826,0.04539036351699572
10,AZ0100000,"Pima, AZ",robbery,0.041594484547410396,0.054695760692992326,0.04540741463031747
11,AZ0100000,"Pima, AZ",robbery,0.05098107485514673,0.04686087446484331,0.04539036351699571
12,AZ0100000,"Pima, AZ",robbery,0.05056456427533197,0.02466135418297902,0.045426438310948745
1,AZ0100300,"Tucson, AZ",robbery,-0.014718746777558186,-0.00689445208101579,0.03199297930171526
2,AZ0100300,"Tucson, AZ",robbery,-0.10674012224271302,-0.07934176688686066,0.03211024414732684
3,AZ0100300,"Tucson, AZ",robbery,-0.12944676536406494,-0.08211302851531413,0.032145160537678186
4,AZ0100300,"Tucson, AZ",robbery,-0.07056587126363142,-0.01904970744366344,0.03216105887523838
5,AZ0100300,"Tucson, AZ",robbery,-0.006666007958024384,0.023358254061882345,0.03214516053767819
6,AZ0100300,"Tucson, AZ",robbery,0.022721889338011475,0.028042667414363842,0.03211024414732684
7,AZ0100300,"Tucson, AZ",robbery,0.04369013349377921,0.04068374662969062,0.031992979301715255
8,AZ0100300,"Tucson, AZ",robbery,0.06242505534559063,0.051231594108786346,0.03211024414732684
9,AZ0100300,"Tucson, AZ",robbery,0.05616031175072153,0.020213561188565002,0.03214516053767819
10,AZ0100300,"Tucson, AZ",robbery,0.041594484547410396,-0.014739587105011385,0.03216105887523838
11,AZ0100300,"Tucson, AZ",robbery,0.05098107485514673,0.004751918716191935,0.032145160537678186
12,AZ0100300,"Tucson, AZ",robbery,0.05056456427533197,0.033856799912385306,0.03211024414732684
1,AZ0100900,"Marana, AZ",robbery,-0.014718746777558186,-0.0011449877376236658,0.05405193580400972
2,AZ0100900,"Marana, AZ",robbery,-0.10674012224271302,-0.08997827691420007,0.054072004391101
3,AZ0100900,"Marana, AZ",robbery,-0.12944676536406494,-0.1282055598927132,0.054070892623181405
4,AZ0100900,"Marana, AZ",robbery,-0.07056587126363142,-0.0739650968933599,0.05408211954181412
5,AZ0100900,"Marana, AZ",robbery,-0.006666007958024384,0.003736677731575474,0.05407089262318141
6,AZ0100900,"Marana, AZ",robbery,0.022721889338011475,0.037473147641081284,0.054072004391101
7,AZ0100900,"Marana, AZ",robbery,0.04369013349377921,0.04253857585447005,0.05405193580400971
8,AZ0100900,"Marana, AZ",robbery,0.06242505534559063,0.0490310687478862,0.054072004391101006
9,AZ0100900,"Marana, AZ",robbery,0.05616031175072153,0.04586476360955295,0.05407089262318142
10,AZ0100900,"Marana, AZ",robbery,0.041594484547410396,0.032571508776513505,0.05408211954181412
11,AZ0100900,"Marana, AZ",robbery,0.05098107485514673,0.037210530434738376,0.054070892623181405
12,AZ0100900,"Marana, AZ",robbery,0.05056456427533197,0.044867648642079,0.054072004391101
1,AZ0110000,"Pinal, AZ",robbery,-0.014718746777558186,-0.01442253166874146,0.05344347514254819
2,AZ0110000,"Pinal, AZ",robbery,-0.10674012224271302,-0.09804522533297175,0.053461223247345514
3,AZ0110000,"Pinal, AZ",robbery,-0.12944676536406494,-0.11197107666148291,0.053443670276005405
4,AZ0110000,"Pinal, AZ",robbery,-0.07056587126363142,-0.05906770901144317,0.05345407593022794
5,AZ0110000,"Pinal, AZ",robbery,-0.006666007958024384,-0.009010384325387772,0.05344367027600542
6,AZ0110000,"Pinal, AZ",robbery,0.022721889338011475,0.009608137227034732,0.053461223247345514
7,AZ0110000,"Pinal, AZ",robbery,0.04369013349377921,0.022546369641746795,0.053443475142548186
8,AZ0110000,"Pinal, AZ",robbery,0.06242505534559063,0.03854393336214909,0.053461223247345514
9,AZ0110000,"Pinal, AZ",robbery,0.05616031175072153,0.04434594671765492,0.05344367027600542
10,AZ0110000,"Pinal, AZ",robbery,0.041594484547410396,0.050943871038437824,0.05345407593022794
11,AZ0110000,"Pinal, AZ",robbery,0.05098107485514673,0.0685116762962104,0.053443670276005405
12,AZ0110000,"Pinal, AZ",robbery,0.05056456427533197,0.0580169927167933,0.053461223247345514
1,AZ0110100,"Casa Grande, AZ",robbery,-0.014718746777558186,-0.030362251536403533,0.05125532946821761
2,AZ0110100,"Casa Grande, AZ",robbery,-0.10674012224271302,-0.12124501482307574,0.05128020902027658
3,AZ0110100,"Casa Grande, AZ",robbery,-0.12944676536406494,-0.11369818706316609,0.05129604128286445
4,AZ0110100,"Casa Grande, AZ",robbery,-0.07056587126363142,-0.06729534694894453,0.05129021199367891
5,AZ0110100,"Casa Grande, AZ",robbery,-0.006666007958024384,-0.03847693524731814,0.051296041282864455
6,AZ0110100,"Casa Grande, AZ",robbery,0.022721889338011475,0.0011904311729638844,0.05128020902027658
7,AZ0110100,"Casa Grande, AZ",robbery,0.04369013349377921,0.05475882578900625,0.051255329468217606
8,AZ0110100,"Casa Grande, AZ",robbery,0.06242505534559063,0.06278962130799366,0.05128020902027658
9,AZ0110100,"Casa Grande, AZ",robbery,0.05616031175072153,0.03084621929548127,0.05129604128286446
10,AZ0110100,"Casa Grande, AZ",robbery,0.041594484547410396,0.04289877269634177,0.05129021199367891
11,AZ0110100,"Casa Grande, AZ",robbery,0.05098107485514673,0.09693232876240018,0.05129604128286445
12,AZ0110100,"Casa Grande, AZ",robbery,0.05056456427533197,0.08166153659472103,0.05128020902027658
1,AZ0111700,"Maricopa, AZ",robbery,-0.014718746777558186,-0.01470203648714779,0.05411960351368142
2,AZ0111700,"Maricopa, AZ",robbery,-0.10674012224271302,-0.09418361243960129,0.054128186800906586
3,AZ0111700,"Maricopa, AZ",robbery,-0.12944676536406494,-0.11840319950711317,0.05411697004832324
4,AZ0111700,"Maricopa, AZ",robbery,-0.07056587126363142,-0.06929871222024611,0.05412613648987874
5,AZ0111700,"Maricopa, AZ",robbery,-0.006666007958024384,-0.011319522738548294,0.05411697004832325
6,AZ0111700,"Maricopa, AZ",robbery,0.022721889338011475,0.00995554504848601,0.054128186800906586
7,AZ0111700,"Maricopa, AZ",robbery,0.04369013349377921,0.019785984144287783,0.05411960351368141
8,AZ0111700,"Maricopa, AZ",robbery,0.06242505534559063,0.04372022922793236,0.054128186800906586
9,AZ0111700,"Maricopa, AZ",robbery,0.05616031175072153,0.06285586863830428,0.054116970048323255
10,AZ0111700,"Maricopa, AZ",robbery,0.041594484547410396,0.06421476456310612,0.05412613648987874
11,AZ0111700,"Maricopa, AZ",robbery,0.05098107485514673,0.06178290595021717,0.05411697004832324
12,AZ0111700,"Maricopa, AZ",robbery,0.05056456427533197,0.04559178582032292,0.054128186800906586
1,AZ0130000,"Yavapai, AZ",robbery,-0.014718746777558186,-0.014884627189287795,0.054490180113001885
2,AZ0130000,"Yavapai, AZ",robbery,-0.10674012224271302,-0.12162832045059285,0.054513776840944786
3,AZ0130000,"Yavapai, AZ",robbery,-0.12944676536406494,-0.13434909837115203,0.05450173101284783
4,AZ0130000,"Yavapai, AZ",robbery,-0.07056587126363142,-0.06718627664240288,0.05451730806754905
5,AZ0130000,"Yavapai, AZ",robbery,-0.006666007958024384,-0.01824163967357672,0.05450173101284784
6,AZ0130000,"Yavapai, AZ",robbery,0.022721889338011475,0.004098827007937295,0.054513776840944786
7,AZ0130000,"Yavapai, AZ",robbery,0.04369013349377921,0.04874256219136362,0.05449018011300188
8,AZ0130000,"Yavapai, AZ",robbery,0.06242505534559063,0.08660575833451006,0.054513776840944786
9,AZ0130000,"Yavapai, AZ",robbery,0.05616031175072153,0.06546860125299343,0.05450173101284784
10,AZ0130000,"Yavapai, AZ",robbery,0.041594484547410396,0.03332834164032705,0.05451730806754905
11,AZ0130000,"Yavapai, AZ",robbery,0.05098107485514673,0.05326420178965946,0.05450173101284783
12,AZ0130000,"Yavapai, AZ",robbery,0.05056456427533197,0.06478167011022136,0.054513776840944786
1,AZ0131100,"Prescott Valley, AZ",robbery,-0.014718746777558186,-0.02517068566126935,0.05439357827543124
2,AZ0131100,"Prescott Valley, AZ",robbery,-0.10674012224271302,-0.11620286664064002,0.05441219334255924
3,AZ0131100,"Prescott Valley, AZ",robbery,-0.12944676536406494,-0.13491646918193623,0.05440785542405143
4,AZ0131100,"Prescott Valley, AZ",robbery,-0.07056587126363142,-0.06809835682867459,0.054405978020972745
5,AZ0131100,"Prescott Valley, AZ",robbery,-0.006666007958024384,0.009855827892123158,0.05440785542405144
6,AZ0131100,"Prescott Valley, AZ",robbery,0.022721889338011475,0.04661647552726893,0.05441219334255924
7,AZ0131100,"Prescott Valley, AZ",robbery,0.04369013349377921,0.054754096698933635,0.054393578275431224
8,AZ0131100,"Prescott Valley, AZ",robbery,0.06242505534559063,0.05270179102610115,0.05441219334255925
9,AZ0131100,"Prescott Valley, AZ",robbery,0.05616031175072153,0.04183198252973306,0.05440785542405144
10,AZ0131100,"Prescott Valley, AZ",robbery,0.041594484547410396,0.0385149457910103,0.054405978020972745
11,AZ0131100,"Prescott Valley, AZ",robbery,0.05098107485514673,0.053645247722415676,0.05440785542405143
12,AZ0131100,"Prescott Valley, AZ",robbery,0.05056456427533197,0.046468011124934275,0.05441219334255924
1,AZ0140500,"Yuma, AZ",robbery,-0.014718746777558186,0.04292309167120662,0.050446926926921425
2,AZ0140500,"Yuma, AZ",robbery,-0.10674012224271302,-0.08984489123338535,0.05052744518952203
3,AZ0140500,"Yuma, AZ",robbery,-0.12944676536406494,-0.136969300570384,0.05046749916861013
4,AZ0140500,"Yuma, AZ",robbery,-0.07056587126363142,-0.08124107343373377,0.05048540829230235
5,AZ0140500,"Yuma, AZ",robbery,-0.006666007958024384,-0.03298182007764188,0.05046749916861013
6,AZ0140500,"Yuma, AZ",robbery,0.022721889338011475,-0.02602153171410153,0.05052744518952203
7,AZ0140500,"Yuma, AZ",robbery,0.04369013349377921,8.318110899317149e-4,0.05044692692692142
8,AZ0140500,"Yuma, AZ",robbery,0.06242505534559063,0.04526643411324608,0.05052744518952203
9,AZ0140500,"Yuma, AZ",robbery,0.05616031175072153,0.04863594068910642,0.05046749916861014
10,AZ0140500,"Yuma, AZ",robbery,0.041594484547410396,0.03748617067259544,0.05048540829230235
11,AZ0140500,"Yuma, AZ",robbery,0.05098107485514673,0.07756027719778111,0.05046749916861013
12,AZ0140500,"Yuma, AZ",robbery,0.05056456427533197,0.11435489159537914,0.05052744518952203
1,CA0010000,"Alameda, CA",robbery,-0.014718746777558186,0.034295968111233845,0.041745612427941114
2,CA0010000,"Alameda, CA",robbery,-0.10674012224271302,-0.031198708517016015,0.04194162548918338
3,CA0010000,"Alameda, CA",robbery,-0.12944676536406494,-0.13138593627550152,0.04187429554996492
4,CA0010000,"Alameda, CA",robbery,-0.07056587126363142,-0.12774321005887046,0.041942103572981476
5,CA0010000,"Alameda, CA",robbery,-0.006666007958024384,-0.02538504918654768,0.04187429554996493
6,CA0010000,"Alameda, CA",robbery,0.022721889338011475,0.03030279146209181,0.04194162548918338
7,CA0010000,"Alameda, CA",robbery,0.04369013349377921,0.00710272892884883,0.041745612427941114
8,CA0010000,"Alameda, CA",robbery,0.06242505534559063,0.014037194768512787,0.04194162548918338
9,CA0010000,"Alameda, CA",robbery,0.05616031175072153,0.07282572548691565,0.041874295549964934
10,CA0010000,"Alameda, CA",robbery,0.041594484547410396,0.08634451301878782,0.041942103572981476
11,CA0010000,"Alameda, CA",robbery,0.05098107485514673,0.04254656293505087,0.04187429554996493
12,CA0010000,"Alameda, CA",robbery,0.05056456427533197,0.02825741932649405,0.04194162548918338
1,CA0010100,"Alameda, CA",robbery,-0.014718746777558186,0.020404220137945333,0.04622233831231601
2,CA0010100,"Alameda, CA",robbery,-0.10674012224271302,-0.08176120751011216,0.04630117215241781
3,CA0010100,"Alameda, CA",robbery,-0.12944676536406494,-0.14048887022248074,0.04629929649018049
4,CA0010100,"Alameda, CA",robbery,-0.07056587126363142,-0.07499100240360276,0.04626467181446918
5,CA0010100,"Alameda, CA",robbery,-0.006666007958024384,0.021582690115398304,0.0462992964901805
6,CA0010100,"Alameda, CA",robbery,0.022721889338011475,0.029429214947727777,0.04630117215241781
7,CA0010100,"Alameda, CA",robbery,0.04369013349377921,-0.01046625443337152,0.046222338312316
8,CA0010100,"Alameda, CA",robbery,0.06242505534559063,0.0028748423308509606,0.04630117215241781
9,CA0010100,"Alameda, CA",robbery,0.05616031175072153,0.05166453933864571,0.0462992964901805
10,CA0010100,"Alameda, CA",robbery,0.041594484547410396,0.065053036699029,0.04626467181446918
11,CA0010100,"Alameda, CA",robbery,0.05098107485514673,0.05730367506386289,0.04629929649018049
12,CA0010100,"Alameda, CA",robbery,0.05056456427533197,0.059395115936107225,0.04630117215241781
1,CA0010300,"Berkeley, CA",robbery,-0.014718746777558186,0.008092057910450819,0.039150465671306554
2,CA0010300,"Berkeley, CA",robbery,-0.10674012224271302,-0.06683002656556941,0.03931016159485932
3,CA0010300,"Berkeley, CA",robbery,-0.12944676536406494,-0.10462837040165657,0.039288508468286604
4,CA0010300,"Berkeley, CA",robbery,-0.07056587126363142,-0.07300520845785456,0.039312935411930774
5,CA0010300,"Berkeley, CA",robbery,-0.006666007958024384,-0.032860030822485356,0.03928850846828661
6,CA0010300,"Berkeley, CA",robbery,0.022721889338011475,-0.014169657623630278,0.03931016159485932
7,CA0010300,"Berkeley, CA",robbery,0.04369013349377921,0.022306912083645165,0.03915046567130655
8,CA0010300,"Berkeley, CA",robbery,0.06242505534559063,0.07488896783757923,0.03931016159485932
9,CA0010300,"Berkeley, CA",robbery,0.05616031175072153,0.08228834167957046,0.03928850846828661
10,CA0010300,"Berkeley, CA",robbery,0.041594484547410396,0.0426062384637586,0.039312935411930774
11,CA0010300,"Berkeley, CA",robbery,0.05098107485514673,0.024801089550475483,0.039288508468286604
12,CA0010300,"Berkeley, CA",robbery,0.05056456427533197,0.036509686345716406,0.03931016159485932
1,CA0010600,"Hayward, CA",robbery,-0.014718746777558186,0.03743673277146557,0.03947782644928159
2,CA0010600,"Hayward, CA",robbery,-0.10674012224271302,-0.0804689079023731,0.03962359675422055
3,CA0010600,"Hayward, CA",robbery,-0.12944676536406494,-0.10619446253477567,0.03959650253724246
4,CA0010600,"Hayward, CA",robbery,-0.07056587126363142,-0.07081156795070544,0.039619055638920445
5,CA0010600,"Hayward, CA",robbery,-0.006666007958024384,-0.0581243111043295,0.039596502537242464
6,CA0010600,"Hayward, CA",robbery,0.022721889338011475,-0.04245482072640931,0.03962359675422055
7,CA0010600,"Hayward, CA",robbery,0.04369013349377921,0.017372577846660606,0.039477826449281585
8,CA0010600,"Hayward, CA",robbery,0.06242505534559063,0.056188169936433816,0.03962359675422055
9,CA0010600,"Hayward, CA",robbery,0.05616031175072153,0.02710441395071021,0.039596502537242464
10,CA0010600,"Hayward, CA",robbery,0.041594484547410396,0.01600225733257923,0.039619055638920445
11,CA0010600,"Hayward, CA",robbery,0.05098107485514673,0.08240504907026874,0.03959650253724246
12,CA0010600,"Hayward, CA",robbery,0.05056456427533197,0.12154486931047483,0.039623596754220544
1,CA0011100,"Pleasanton, CA",robbery,-0.014718746777558186,0.0012735173791793488,0.05060020014873811
2,CA0011100,"Pleasanton, CA",robbery,-0.10674012224271302,-0.08754814783866949,0.050680117527146476
3,CA0011100,"Pleasanton, CA",robbery,-0.12944676536406494,-0.12188196084011473,0.050668498084473844
4,CA0011100,"Pleasanton, CA",robbery,-0.07056587126363142,-0.0693643321992954,0.05068705903897077
5,CA0011100,"Pleasanton, CA",robbery,-0.006666007958024384,0.0060579395455090624,0.05066849808447385
6,CA0011100,"Pleasanton, CA",robbery,0.022721889338011475,0.03858001768915659,0.050680117527146476
7,CA0011100,"Pleasanton, CA",robbery,0.04369013349377921,0.034014457000597735,0.0506002001487381
8,CA0011100,"Pleasanton, CA",robbery,0.06242505534559063,0.02626380060803548,0.050680117527146476
9,CA0011100,"Pleasanton, CA",robbery,0.05616031175072153,0.025309639229703623,0.05066849808447385
10,CA0011100,"Pleasanton, CA",robbery,0.041594484547410396,0.034076357819518316,0.05068705903897077
11,CA0011100,"Pleasanton, CA",robbery,0.05098107485514673,0.05522640768512493,0.050668498084473844
12,CA0011100,"Pleasanton, CA",robbery,0.05056456427533197,0.05799230392125454,0.050680117527146476
1,CA0070100,"Antioch, CA",robbery,-0.014718746777558186,-0.06335099065673004,0.04196538813629113
2,CA0070100,"Antioch, CA",robbery,-0.10674012224271302,-0.14214030600262545,0.04198645114548202
3,CA0070100,"Antioch, CA",robbery,-0.12944676536406494,-0.13360627108699963,0.04193253466665034
4,CA0070100,"Antioch, CA",robbery,-0.07056587126363142,-0.05715100132024676,0.041970734192264804
5,CA0070100,"Antioch, CA",robbery,-0.006666007958024384,0.005310426691750085,0.041932534666650347
6,CA0070100,"Antioch, CA",robbery,0.022721889338011475,0.012318448905324977,0.04198645114548202
7,CA0070100,"Antioch, CA",robbery,0.04369013349377921,0.003494656591530189,0.041965388136291124
8,CA0070100,"Antioch, CA",robbery,0.06242505534559063,0.027835391470054722,0.04198645114548202
9,CA0070100,"Antioch, CA",robbery,0.05616031175072153,0.07915769061962873,0.041932534666650347
10,CA0070100,"Antioch, CA",robbery,0.041594484547410396,0.11700733538544661,0.041970734192264804
11,CA0070100,"Antioch, CA",robbery,0.05098107485514673,0.10899448784082058,0.04193253466665034
12,CA0070100,"Antioch, CA",robbery,0.05056456427533197,0.04213013156204597,0.04198645114548202
1,CA0070200,"Brentwood, CA",robbery,-0.014718746777558186,-0.005057533830757364,0.04973586851470415
2,CA0070200,"Brentwood, CA",robbery,-0.10674012224271302,-0.07707921492063495,0.04980913614083877
3,CA0070200,"Brentwood, CA",robbery,-0.12944676536406494,-0.1249035389100537,0.04980284402179502
4,CA0070200,"Brentwood, CA",robbery,-0.07056587126363142,-0.09490260232912583,0.04982645626270622
5,CA0070200,"Brentwood, CA",robbery,-0.006666007958024384,-0.022872413089716218,0.04980284402179502
6,CA0070200,"Brentwood, CA",robbery,0.022721889338011475,0.0279605813626724,0.04980913614083877
7,CA0070200,"Brentwood, CA",robbery,0.04369013349377921,0.05158878168446432,0.04973586851470415
8,CA0070200,"Brentwood, CA",robbery,0.06242505534559063,0.06857542830472985,0.04980913614083877
9,CA0070200,"Brentwood, CA",robbery,0.05616031175072153,0.06986850444044167,0.04980284402179503
10,CA0070200,"Brentwood, CA",robbery,0.041594484547410396,0.04837135447541888,0.04982645626270622
11,CA0070200,"Brentwood, CA",robbery,0.05098107485514673,0.031376199705621284,0.04980284402179502
12,CA0070200,"Brentwood, CA",robbery,0.05056456427533197,0.027074453106939664,0.04980913614083877
1,CA0070400,"Concord, CA",robbery,-0.014718746777558186,0.008976452233867595,0.042458024776178015
2,CA0070400,"Concord, CA",robbery,-0.10674012224271302,-0.05841442872965295,0.04257201208998827
3,CA0070400,"Concord, CA",robbery,-0.12944676536406494,-0.08718502142358253,0.042612154049358454
4,CA0070400,"Concord, CA",robbery,-0.07056587126363142,-0.07328665501255968,0.04267384289634284
5,CA0070400,"Concord, CA",robbery,-0.006666007958024384,-0.043289011686501906,0.04261215404935846
6,CA0070400,"Concord, CA",robbery,0.022721889338011475,0.0098286414305289,0.04257201208998827
7,CA0070400,"Concord, CA",robbery,0.04369013349377921,0.07524873206236352,0.04245802477617801
8,CA0070400,"Concord, CA",robbery,0.06242505534559063,0.08955486548459227,0.04257201208998827
9,CA0070400,"Concord, CA",robbery,0.05616031175072153,0.03410027388229078,0.04261215404935846
10,CA0070400,"Concord, CA",robbery,0.041594484547410396,-0.010938529283671432,0.04267384289634284
11,CA0070400,"Concord, CA",robbery,0.05098107485514673,0.012148574931562548,0.042612154049358454
12,CA0070400,"Concord, CA",robbery,0.05056456427533197,0.043256106110762915,0.04257201208998827
1,CA0071000,"Richmond, CA",robbery,-0.014718746777558186,0.07065144943559645,0.038932606438725
2,CA0071000,"Richmond, CA",robbery,-0.10674012224271302,-0.03986327510247305,0.03908407424126193
3,CA0071000,"Richmond, CA",robbery,-0.12944676536406494,-0.1027679534975699,0.03908072991796635
4,CA0071000,"Richmond, CA",robbery,-0.07056587126363142,-0.06676898823775052,0.03917539939937801
5,CA0071000,"Richmond, CA",robbery,-0.006666007958024384,-0.009011428276788908,0.03908072991796636
6,CA0071000,"Richmond, CA",robbery,0.022721889338011475,0.011712663015149928,0.03908407424126193
7,CA0071000,"Richmond, CA",robbery,0.04369013349377921,0.01655282540157229,0.038932606438724995
8,CA0071000,"Richmond, CA",robbery,0.06242505534559063,0.015609133192630265,0.03908407424126193
9,CA0071000,"Richmond, CA",robbery,0.05616031175072153,-0.0086904632494416,0.039080729917966364
10,CA0071000,"Richmond, CA",robbery,0.041594484547410396,-0.02043528659941822,0.03917539939937801
11,CA0071000,"Richmond, CA",robbery,0.05098107485514673,0.03326557018663168,0.03908072991796635
12,CA0071000,"Richmond, CA",robbery,0.05056456427533197,0.09974575373186156,0.039084074241261924
1,CA0071200,"Walnut Creek, CA",robbery,-0.014718746777558186,0.011744792582296366,0.05051070677609359
2,CA0071200,"Walnut Creek, CA",robbery,-0.10674012224271302,-0.06925538720378943,0.050570163779342835
3,CA0071200,"Walnut Creek, CA",robbery,-0.12944676536406494,-0.11255584863307944,0.05058182857372921
4,CA0071200,"Walnut Creek, CA",robbery,-0.07056587126363142,-0.06244418661061246,0.050597123536725255
5,CA0071200,"Walnut Creek, CA",robbery,-0.006666007958024384,0.007580675516695513,0.05058182857372922
6,CA0071200,"Walnut Creek, CA",robbery,0.022721889338011475,0.026784183711249222,0.050570163779342835
7,CA0071200,"Walnut Creek, CA",robbery,0.04369013349377921,0.027768193422543334,0.050510706776093574
8,CA0071200,"Walnut Creek, CA",robbery,0.06242505534559063,0.04777773216642438,0.050570163779342835
9,CA0071200,"Walnut Creek, CA",robbery,0.05616031175072153,0.0515652075908747,0.050581828573729226
10,CA0071200,"Walnut Creek, CA",robbery,0.041594484547410396,0.02293120060577277,0.050597123536725255
11,CA0071200,"Walnut Creek, CA",robbery,0.05098107485514673,0.01389697952066952,0.05058182857372922
12,CA0071200,"Walnut Creek, CA",robbery,0.05056456427533197,0.034206457330955516,0.050570163779342835
1,CA0090000,"El Dorado, CA",robbery,-0.014718746777558186,0.010968936020705242,0.05242139563432629
2,CA0090000,"El Dorado, CA",robbery,-0.10674012224271302,-0.06768283837390737,0.052472564905499244
3,CA0090000,"El Dorado, CA",robbery,-0.12944676536406494,-0.10676761770907234,0.052470578092758735
4,CA0090000,"El Dorado, CA",robbery,-0.07056587126363142,-0.0810027394206644,0.05247620099801505
5,CA0090000,"El Dorado, CA",robbery,-0.006666007958024384,-0.03586953165660134,0.05247057809275874
6,CA0090000,"El Dorado, CA",robbery,0.022721889338011475,0.004779795161079511,0.052472564905499244
7,CA0090000,"El Dorado, CA",robbery,0.04369013349377921,0.049535792517272095,0.052421395634326275
8,CA0090000,"El Dorado, CA",robbery,0.06242505534559063,0.07601866321978483,0.052472564905499244
9,CA0090000,"El Dorado, CA",robbery,0.05616031175072153,0.0545987140169725,0.05247057809275874
10,CA0090000,"El Dorado, CA",robbery,0.041594484547410396,0.02049801088268706,0.05247620099801505
11,CA0090000,"El Dorado, CA",robbery,0.05098107485514673,0.02753370681072384,0.052470578092758735
12,CA0090000,"El Dorado, CA",robbery,0.05056456427533197,0.04738910853102037,0.052472564905499244
1,CA0100100,"Clovis, CA",robbery,-0.014718746777558186,-0.03407161584333587,0.04997728356339332
2,CA0100100,"Clovis, CA",robbery,-0.10674012224271302,-0.11099674578484076,0.0500307590340556
3,CA0100100,"Clovis, CA",robbery,-0.12944676536406494,-0.11122199752086914,0.05004394900146831
4,CA0100100,"Clovis, CA",robbery,-0.07056587126363142,-0.0521069052734423,0.0500582795793466
5,CA0100100,"Clovis, CA",robbery,-0.006666007958024384,0.003252214988478509,0.050043949001468316
6,CA0100100,"Clovis, CA",robbery,0.022721889338011475,0.04163664754851906,0.0500307590340556
7,CA0100100,"Clovis, CA",robbery,0.04369013349377921,0.07077737480472554,0.049977283563393315
8,CA0100100,"Clovis, CA",robbery,0.06242505534559063,0.06781620632538017,0.05003075903405561
9,CA0100100,"Clovis, CA",robbery,0.05616031175072153,0.03133569910001889,0.050043949001468316
10,CA0100100,"Clovis, CA",robbery,0.041594484547410396,0.015401146312052616,0.0500582795793466
11,CA0100100,"Clovis, CA",robbery,0.05098107485514673,0.03992832447098204,0.05004394900146831
12,CA0100100,"Clovis, CA",robbery,0.05056456427533197,0.03824965087233126,0.0500307590340556
1,CA0100500,"Fresno, CA",robbery,-0.014718746777558186,-0.013087242577976218,0.03217271338330582
2,CA0100500,"Fresno, CA",robbery,-0.10674012224271302,-0.059287072688130056,0.03226059297009513
3,CA0100500,"Fresno, CA",robbery,-0.12944676536406494,-0.0597639932009052,0.03229565410196748
4,CA0100500,"Fresno, CA",robbery,-0.07056587126363142,-0.002802746292119807,0.032339646921503554
5,CA0100500,"Fresno, CA",robbery,-0.006666007958024384,0.03880114490891724,0.03229565410196749
6,CA0100500,"Fresno, CA",robbery,0.022721889338011475,0.034366515673038125,0.03226059297009513
7,CA0100500,"Fresno, CA",robbery,0.04369013349377921,0.02888578730728036,0.032172713383305816
8,CA0100500,"Fresno, CA",robbery,0.06242505534559063,0.03757828351729074,0.03226059297009513
9,CA0100500,"Fresno, CA",robbery,0.05616031175072153,0.022256659300761785,0.03229565410196749
10,CA0100500,"Fresno, CA",robbery,0.041594484547410396,-0.012995798437184332,0.032339646921503554
11,CA0100500,"Fresno, CA",robbery,0.05098107485514673,-0.01709235573807796,0.03229565410196748
12,CA0100500,"Fresno, CA",robbery,0.05056456427533197,0.0031408182271053056,0.03226059297009513
1,CA0150200,"Bakersfield, CA",robbery,-0.014718746777558186,-0.02041622796931922,0.03408877794768238
2,CA0150200,"Bakersfield, CA",robbery,-0.10674012224271302,-0.11184925423258608,0.03420283587046621
3,CA0150200,"Bakersfield, CA",robbery,-0.12944676536406494,-0.08929536645801651,0.03424506073109846
4,CA0150200,"Bakersfield, CA",robbery,-0.07056587126363142,-0.011336168119177372,0.03429638389257628
5,CA0150200,"Bakersfield, CA",robbery,-0.006666007958024384,0.026523278693427736,0.03424506073109847
6,CA0150200,"Bakersfield, CA",robbery,0.022721889338011475,0.04484604563525746,0.03420283587046621
7,CA0150200,"Bakersfield, CA",robbery,0.04369013349377921,0.07245879188101817,0.03408877794768237
8,CA0150200,"Bakersfield, CA",robbery,0.06242505534559063,0.05220632404881059,0.03420283587046621
9,CA0150200,"Bakersfield, CA",robbery,0.05616031175072153,-0.02239012763745793,0.03424506073109847
10,CA0150200,"Bakersfield, CA",robbery,0.041594484547410396,-0.04070639579252161,0.03429638389257628
11,CA0150200,"Bakersfield, CA",robbery,0.05098107485514673,0.033119651490347735,0.03424506073109846
12,CA0150200,"Bakersfield, CA",robbery,0.05056456427533197,0.06683944846021705,0.03420283587046621
1,CA0190000,"Los Angeles, CA",robbery,-0.014718746777558186,0.0023371249199664046,0.027670038679453307
2,CA0190000,"Los Angeles, CA",robbery,-0.10674012224271302,-0.05016123807218227,0.027715505494533905
3,CA0190000,"Los Angeles, CA",robbery,-0.12944676536406494,-0.06612052570436094,0.02775160110077206
4,CA0190000,"Los Angeles, CA",robbery,-0.07056587126363142,-0.03899715674281597,0.027765428004021236
5,CA0190000,"Los Angeles, CA",robbery,-0.006666007958024384,-0.0018315524281826041,0.02775160110077207
6,CA0190000,"Los Angeles, CA",robbery,0.022721889338011475,0.024470887743862874,0.027715505494533905
7,CA0190000,"Los Angeles, CA",robbery,0.04369013349377921,0.03594379177770646,0.027670038679453304
8,CA0190000,"Los Angeles, CA",robbery,0.06242505534559063,0.026448122144491527,0.02771550549453391
9,CA0190000,"Los Angeles, CA",robbery,0.05616031175072153,0.004126493078997352,0.02775160110077207
10,CA0190000,"Los Angeles, CA",robbery,0.041594484547410396,7.162400451430836e-4,0.027765428004021236
11,CA0190000,"Los Angeles, CA",robbery,0.05098107485514673,0.02554466835587333,0.02775160110077206
12,CA0190000,"Los Angeles, CA",robbery,0.05056456427533197,0.037523144881500756,0.027715505494533905
1,CA0190100,"Alhambra, CA",robbery,-0.014718746777558186,0.027335462760270872,0.0480180899502752
2,CA0190100,"Alhambra, CA",robbery,-0.10674012224271302,-0.05699710088770958,0.048087642832302865
3,CA0190100,"Alhambra, CA",robbery,-0.12944676536406494,-0.0817704187905289,0.04801332422294467
4,CA0190100,"Alhambra, CA",robbery,-0.07056587126363142,-0.0570873758624728,0.04797004492998845
5,CA0190100,"Alhambra, CA",robbery,-0.006666007958024384,-0.05490353469328597,0.04801332422294468
6,CA0190100,"Alhambra, CA",robbery,0.022721889338011475,-0.06278273687969473,0.048087642832302865
7,CA0190100,"Alhambra, CA",robbery,0.04369013349377921,-0.019763195960573247,0.04801808995027519
8,CA0190100,"Alhambra, CA",robbery,0.06242505534559063,0.04683507792216436,0.04808764283230287
9,CA0190100,"Alhambra, CA",robbery,0.05616031175072153,0.06403612902528609,0.04801332422294469
10,CA0190100,"Alhambra, CA",robbery,0.041594484547410396,0.049515109062775176,0.04797004492998845
11,CA0190100,"Alhambra, CA",robbery,0.05098107485514673,0.06506555765883112,0.04801332422294467
12,CA0190100,"Alhambra, CA",robbery,0.05056456427533197,0.08051702664493757,0.048087642832302865
1,CA0190200,"Arcadia, CA",robbery,-0.014718746777558186,-0.02719214539297755,0.050270700440556815
2,CA0190200,"Arcadia, CA",robbery,-0.10674012224271302,-0.12187214309720272,0.05033101053079324
3,CA0190200,"Arcadia, CA",robbery,-0.12944676536406494,-0.13321375991518078,0.050325087463335465
4,CA0190200,"Arcadia, CA",robbery,-0.07056587126363142,-0.06413724862682904,0.050336064444325555
5,CA0190200,"Arcadia, CA",robbery,-0.006666007958024384,5.893291620054928e-5,0.050325087463335465
6,CA0190200,"Arcadia, CA",robbery,0.022721889338011475,0.03328815444129951,0.05033101053079324
7,CA0190200,"Arcadia, CA",robbery,0.04369013349377921,0.06481915046781511,0.050270700440556815
8,CA0190200,"Arcadia, CA",robbery,0.06242505534559063,0.08131609161916911,0.05033101053079324
9,CA0190200,"Arcadia, CA",robbery,0.05616031175072153,0.055030703362309634,0.05032508746333547
10,CA0190200,"Arcadia, CA",robbery,0.041594484547410396,0.02651024355199147,0.050336064444325555
11,CA0190200,"Arcadia, CA",robbery,0.05098107485514673,0.04049711856183301,0.050325087463335465
12,CA0190200,"Arcadia, CA",robbery,0.05056456427533197,0.04489490211157169,0.05033101053079324
1,CA0190600,"Baldwin Park, CA",robbery,-0.014718746777558186,0.013622237229412183,0.0488709115597187
2,CA0190600,"Baldwin Park, CA",robbery,-0.10674012224271302,-0.09225644049148236,0.04895720210545741
3,CA0190600,"Baldwin Park, CA",robbery,-0.12944676536406494,-0.12478905446728353,0.049006009414784016
4,CA0190600,"Baldwin Park, CA",robbery,-0.07056587126363142,-0.0572994784324721,0.04907116014975803
5,CA0190600,"Baldwin Park, CA",robbery,-0.006666007958024384,0.013548432246267103,0.049006009414784016
6,CA0190600,"Baldwin Park, CA",robbery,0.022721889338011475,0.04731785347506786,0.04895720210545741
7,CA0190600,"Baldwin Park, CA",robbery,0.04369013349377921,0.07690936338739167,0.04887091155971869
8,CA0190600,"Baldwin Park, CA",robbery,0.06242505534559063,0.08271025877046258,0.04895720210545741
9,CA0190600,"Baldwin Park, CA",robbery,0.05616031175072153,0.024711272129459935,0.04900600941478402
10,CA0190600,"Baldwin Park, CA",robbery,0.041594484547410396,-0.03323212218433175,0.04907116014975803
11,CA0190600,"Baldwin Park, CA",robbery,0.05098107485514673,-0.004002250525247352,0.049006009414784016
12,CA0190600,"Baldwin Park, CA",robbery,0.05056456427533197,0.052759928862755774,0.04895720210545741
1,CA0191200,"Burbank, CA",robbery,-0.014718746777558186,0.045795723761448894,0.047834643491856274
2,CA0191200,"Burbank, CA",robbery,-0.10674012224271302,-0.053661659927520346,0.047926751864385005
3,CA0191200,"Burbank, CA",robbery,-0.12944676536406494,-0.12112044131782426,0.047918464949119034
4,CA0191200,"Burbank, CA",robbery,-0.07056587126363142,-0.08046017877025358,0.04792939400110376
5,CA0191200,"Burbank, CA",robbery,-0.006666007958024384,-0.016296710107019392,0.04791846494911904
6,CA0191200,"Burbank, CA",robbery,0.022721889338011475,-0.004271869305188613,0.047926751864385005
7,CA0191200,"Burbank, CA",robbery,0.04369013349377921,0.006549280513944438,0.04783464349185627
8,CA0191200,"Burbank, CA",robbery,0.06242505534559063,0.05255690403434166,0.047926751864385005
9,CA0191200,"Burbank, CA",robbery,0.05616031175072153,0.06767068114925226,0.04791846494911904
10,CA0191200,"Burbank, CA",robbery,0.041594484547410396,0.02811517449486027,0.04792939400110376
11,CA0191200,"Burbank, CA",robbery,0.05098107485514673,0.01740146600019806,0.047918464949119034
12,CA0191200,"Burbank, CA",robbery,0.05056456427533197,0.0577216294737606,0.047926751864385005
1,CA0192200,"El Monte, CA",robbery,-0.014718746777558186,-0.056186999030104864,0.043859228595774534
2,CA0192200,"El Monte, CA",robbery,-0.10674012224271302,-0.10233693927078062,0.04395210069947283
3,CA0192200,"El Monte, CA",robbery,-0.12944676536406494,-0.0688194163145254,0.043875470714790976
4,CA0192200,"El Monte, CA",robbery,-0.07056587126363142,-0.012679503932014625,0.04393357089085429
5,CA0192200,"El Monte, CA",robbery,-0.006666007958024384,-0.004547185088220962,0.04387547071479098
6,CA0192200,"El Monte, CA",robbery,0.022721889338011475,-0.01353973395483824,0.04395210069947283
7,CA0192200,"El Monte, CA",robbery,0.04369013349377921,0.017498427868041126,0.04385922859577453
8,CA0192200,"El Monte, CA",robbery,0.06242505534559063,0.06134987577177443,0.04395210069947283
9,CA0192200,"El Monte, CA",robbery,0.05616031175072153,0.06652092397758294,0.04387547071479099
10,CA0192200,"El Monte, CA",robbery,0.041594484547410396,0.05136807509407836,0.04393357089085429
11,CA0192200,"El Monte, CA",robbery,0.05098107485514673,0.04553424858722711,0.043875470714790976
12,CA0192200,"El Monte, CA",robbery,0.05056456427533197,0.01583822629178074,0.04395210069947283
1,CA0192400,"Gardena, CA",robbery,-0.014718746777558186,-0.00932114869973002,0.04462732171633848
2,CA0192400,"Gardena, CA",robbery,-0.10674012224271302,-0.12093039350959098,0.04474839516968764
3,CA0192400,"Gardena, CA",robbery,-0.12944676536406494,-0.13089670105095746,0.0447681152542482
4,CA0192400,"Gardena, CA",robbery,-0.07056587126363142,-0.056463592644335515,0.04480024574805384
5,CA0192400,"Gardena, CA",robbery,-0.006666007958024384,0.0026151179425866772,0.04476811525424821
6,CA0192400,"Gardena, CA",robbery,0.022721889338011475,0.029284730989345843,0.04474839516968764
7,CA0192400,"Gardena, CA",robbery,0.04369013349377921,0.057452703580895575,0.04462732171633847
8,CA0192400,"Gardena, CA",robbery,0.06242505534559063,0.06317868532758222,0.04474839516968764
9,CA0192400,"Gardena, CA",robbery,0.05616031175072153,0.025013437987783167,0.04476811525424821
10,CA0192400,"Gardena, CA",robbery,0.041594484547410396,0.008332037763169943,0.04480024574805384
11,CA0192400,"Gardena, CA",robbery,0.05098107485514673,0.05513659023942204,0.0447681152542482
12,CA0192400,"Gardena, CA",robbery,0.05056456427533197,0.07659853207382852,0.04474839516968764
1,CA0194100,"Long Beach, CA",robbery,-0.014718746777558186,-0.01476368109665055,0.03209710158498569
2,CA0194100,"Long Beach, CA",robbery,-0.10674012224271302,-0.06449499832451477,0.0321876026563139
3,CA0194100,"Long Beach, CA",robbery,-0.12944676536406494,-0.06610427692137529,0.032194078434055175
4,CA0194100,"Long Beach, CA",robbery,-0.07056587126363142,-0.029315789233648814,0.032240255056030544
5,CA0194100,"Long Beach, CA",robbery,-0.006666007958024384,0.0024153167383979784,0.032194078434055175
6,CA0194100,"Long Beach, CA",robbery,0.022721889338011475,0.018457481766373456,0.0321876026563139
7,CA0194100,"Long Beach, CA",robbery,0.04369013349377921,0.030181790971976406,0.03209710158498568
8,CA0194100,"Long Beach, CA",robbery,0.06242505534559063,0.030932540287279115,0.03218760265631391
9,CA0194100,"Long Beach, CA",robbery,0.05616031175072153,0.017123709008813773,0.03219407843405518
10,CA0194100,"Long Beach, CA",robbery,0.041594484547410396,0.013897679358322939,0.032240255056030544
11,CA0194100,"Long Beach, CA",robbery,0.05098107485514673,0.031147141298837663,0.032194078434055175
12,CA0194100,"Long Beach, CA",robbery,0.05056456427533197,0.03052308614618809,0.0321876026563139
1,CA0194200,"Los Angeles, CA",robbery,-0.014718746777558186,-0.02490811669690641,0.026737000178397544
2,CA0194200,"Los Angeles, CA",robbery,-0.10674012224271302,-0.06904172773027437,0.026773868322071927
3,CA0194200,"Los Angeles, CA",robbery,-0.12944676536406494,-0.07418160588638349,0.02680463498783443
4,CA0194200,"Los Angeles, CA",robbery,-0.07056587126363142,-0.04950442352602506,0.02681143157515136
5,CA0194200,"Los Angeles, CA",robbery,-0.006666007958024384,-0.01568879859272882,0.026804634987834433
6,CA0194200,"Los Angeles, CA",robbery,0.022721889338011475,0.022782700336809465,0.026773868322071927
7,CA0194200,"Los Angeles, CA",robbery,0.04369013349377921,0.05330022309614779,0.02673700017839754
8,CA0194200,"Los Angeles, CA",robbery,0.06242505534559063,0.05271609108211542,0.026773868322071927
9,CA0194200,"Los Angeles, CA",robbery,0.05616031175072153,0.029463862838983175,0.026804634987834437
10,CA0194200,"Los Angeles, CA",robbery,0.041594484547410396,0.02111231712678368,0.02681143157515136
11,CA0194200,"Los Angeles, CA",robbery,0.05098107485514673,0.03201443524088773,0.02680463498783443
12,CA0194200,"Los Angeles, CA",robbery,0.05056456427533197,0.021935042710590907,0.026773868322071927
1,CA0194800,"Monterey Park, CA",robbery,-0.014718746777558186,0.006427591795584881,0.04929621680295919
2,CA0194800,"Monterey Park, CA",robbery,-0.10674012224271302,-0.09357152506158747,0.04936643532248329
3,CA0194800,"Monterey Park, CA",robbery,-0.12944676536406494,-0.10213074640135647,0.04933443435132326
4,CA0194800,"Monterey Park, CA",robbery,-0.07056587126363142,-0.04857753235772879,0.049351528394521345
5,CA0194800,"Monterey Park, CA",robbery,-0.006666007958024384,-0.022231430474327935,0.04933443435132326
6,CA0194800,"Monterey Park, CA",robbery,0.022721889338011475,-0.013450681752453396,0.04936643532248329
7,CA0194800,"Monterey Park, CA",robbery,0.04369013349377921,0.02423786815064486,0.04929621680295919
8,CA0194800,"Monterey Park, CA",robbery,0.06242505534559063,0.052810089643411565,0.04936643532248329
9,CA0194800,"Monterey Park, CA",robbery,0.05616031175072153,0.03070385103695082,0.04933443435132326
10,CA0194800,"Monterey Park, CA",robbery,0.041594484547410396,0.017912072411499037,0.049351528394521345
11,CA0194800,"Monterey Park, CA",robbery,0.05098107485514673,0.0629928658925038,0.04933443435132326
12,CA0194800,"Monterey Park, CA",robbery,0.05056456427533197,0.08487757711685909,0.04936643532248328
1,CA0195300,"Pasadena, CA",robbery,-0.014718746777558186,-0.006481159933461754,0.043734520790477335
2,CA0195300,"Pasadena, CA",robbery,-0.10674012224271302,-0.06375202729979297,0.043843506256421444
3,CA0195300,"Pasadena, CA",robbery,-0.12944676536406494,-0.055443330708603536,0.04382443223582981
4,CA0195300,"Pasadena, CA",robbery,-0.07056587126363142,-0.027342370668488145,0.04380834912298008
5,CA0195300,"Pasadena, CA",robbery,-0.006666007958024384,-0.03221331838557084,0.04382443223582981
6,CA0195300,"Pasadena, CA",robbery,0.022721889338011475,-0.03141607349835252,0.043843506256421444
7,CA0195300,"Pasadena, CA",robbery,0.04369013349377921,0.011871298696580393,0.04373452079047733
8,CA0195300,"Pasadena, CA",robbery,0.06242505534559063,0.04674212020557303,0.043843506256421444
9,CA0195300,"Pasadena, CA",robbery,0.05616031175072153,0.03304328485126497,0.04382443223582982
10,CA0195300,"Pasadena, CA",robbery,0.041594484547410396,0.021952231905369497,0.04380834912298008
11,CA0195300,"Pasadena, CA",robbery,0.05098107485514673,0.049223225479790744,0.04382443223582981
12,CA0195300,"Pasadena, CA",robbery,0.05056456427533197,0.05381611935569114,0.043843506256421444
1,CA0195500,"Pomona, CA",robbery,-0.014718746777558186,-0.0327545474604265,0.03875015607886187
2,CA0195500,"Pomona, CA",robbery,-0.10674012224271302,-0.10810402498228798,0.03885982585737314
3,CA0195500,"Pomona, CA",robbery,-0.12944676536406494,-0.13228959799178658,0.0388640184721457
4,CA0195500,"Pomona, CA",robbery,-0.07056587126363142,-0.05751918394842371,0.03888543421343242
5,CA0195500,"Pomona, CA",robbery,-0.006666007958024384,0.03534984098557868,0.038864018472145705
6,CA0195500,"Pomona, CA",robbery,0.022721889338011475,0.06832497447495953,0.03885982585737314
7,CA0195500,"Pomona, CA",robbery,0.04369013349377921,0.06850934991032576,0.03875015607886187
8,CA0195500,"Pomona, CA",robbery,0.06242505534559063,0.0758747201410391,0.038859825857373145
9,CA0195500,"Pomona, CA",robbery,0.05616031175072153,0.06430549070063848,0.038864018472145705
10,CA0195500,"Pomona, CA",robbery,0.041594484547410396,0.021764381498524464,0.03888543421343242
11,CA0195500,"Pomona, CA",robbery,0.05098107485514673,-0.0031205361443298533,0.0388640184721457
12,CA0195500,"Pomona, CA",robbery,0.05056456427533197,-3.4086718381140464e-4,0.03885982585737314
1,CA0196500,"Santa Monica, CA",robbery,-0.014718746777558186,-0.11530304345400225,0.041673415056169824
2,CA0196500,"Santa Monica, CA",robbery,-0.10674012224271302,-0.13626621904197722,0.04171829852484109
3,CA0196500,"Santa Monica, CA",robbery,-0.12944676536406494,-0.10291366217095384,0.04163394511288653
4,CA0196500,"Santa Monica, CA",robbery,-0.07056587126363142,-0.04942371674509532,0.041560278087181
5,CA0196500,"Santa Monica, CA",robbery,-0.006666007958024384,-0.009130397347546856,0.04163394511288654
6,CA0196500,"Santa Monica, CA",robbery,0.022721889338011475,0.03361884282815151,0.04171829852484109
7,CA0196500,"Santa Monica, CA",robbery,0.04369013349377921,0.09500716820902366,0.04167341505616982
8,CA0196500,"Santa Monica, CA",robbery,0.06242505534559063,0.13956532331686555,0.04171829852484109
9,CA0196500,"Santa Monica, CA",robbery,0.05616031175072153,0.12650864169082077,0.04163394511288654
10,CA0196500,"Santa Monica, CA",robbery,0.041594484547410396,0.06971959199007391,0.041560278087181
11,CA0196500,"Santa Monica, CA",robbery,0.05098107485514673,0.0058312930726584595,0.04163394511288653
12,CA0196500,"Santa Monica, CA",robbery,0.05056456427533197,-0.057213822348018355,0.04171829852484108
1,CA0197200,"Torrance, CA",robbery,-0.014718746777558186,-0.005121685146457434,0.04475982064080991
2,CA0197200,"Torrance, CA",robbery,-0.10674012224271302,-0.10040782598748033,0.04485075602683722
3,CA0197200,"Torrance, CA",robbery,-0.12944676536406494,-0.12376956397085635,0.04486721327450732
4,CA0197200,"Torrance, CA",robbery,-0.07056587126363142,-0.04393364900918329,0.044897079196906
5,CA0197200,"Torrance, CA",robbery,-0.006666007958024384,0.03694275150633207,0.04486721327450733
6,CA0197200,"Torrance, CA",robbery,0.022721889338011475,0.04939839296727862,0.04485075602683722
7,CA0197200,"Torrance, CA",robbery,0.04369013349377921,0.03657228800139471,0.044759820640809904
8,CA0197200,"Torrance, CA",robbery,0.06242505534559063,0.03817993987062618,0.04485075602683722
9,CA0197200,"Torrance, CA",robbery,0.05616031175072153,0.030091074999064944,0.04486721327450733
10,CA0197200,"Torrance, CA",robbery,0.041594484547410396,0.012483046154246018,0.044897079196906
11,CA0197200,"Torrance, CA",robbery,0.05098107485514673,0.025285134610522047,0.04486721327450732
12,CA0197200,"Torrance, CA",robbery,0.05056456427533197,0.044280096004512805,0.04485075602683722
1,CA0197500,"West Covina, CA",robbery,-0.014718746777558186,-0.01197441817985728,0.04575333085609331
2,CA0197500,"West Covina, CA",robbery,-0.10674012224271302,-0.0867274025638002,0.04589140346302437
3,CA0197500,"West Covina, CA",robbery,-0.12944676536406494,-0.11821729849782298,0.04586570436668259
4,CA0197500,"West Covina, CA",robbery,-0.07056587126363142,-0.09038903095707505,0.04592146454461172
5,CA0197500,"West Covina, CA",robbery,-0.006666007958024384,-0.042485262750637846,0.045865704366682594
6,CA0197500,"West Covina, CA",robbery,0.022721889338011475,0.002534898791277032,0.04589140346302437
7,CA0197500,"West Covina, CA",robbery,0.04369013349377921,0.04851405494776527,0.0457533308560933
8,CA0197500,"West Covina, CA",robbery,0.06242505534559063,0.07988102398081032,0.04589140346302437
9,CA0197500,"West Covina, CA",robbery,0.05616031175072153,0.07483128314692512,0.045865704366682594
10,CA0197500,"West Covina, CA",robbery,0.041594484547410396,0.053849394189167066,0.04592146454461172
11,CA0197500,"West Covina, CA",robbery,0.05098107485514673,0.04933164133362769,0.04586570436668259
12,CA0197500,"West Covina, CA",robbery,0.05056456427533197,0.04085111655962088,0.04589140346302437
1,CA0200200,"Madera, CA",robbery,-0.014718746777558186,-0.01237329262194156,0.04886076611268313
2,CA0200200,"Madera, CA",robbery,-0.10674012224271302,-0.10478446872091117,0.04893759655118756
3,CA0200200,"Madera, CA",robbery,-0.12944676536406494,-0.11150085625914712,0.04897609397175311
4,CA0200200,"Madera, CA",robbery,-0.07056587126363142,-0.05388788191227892,0.048977782624103544
5,CA0200200,"Madera, CA",robbery,-0.006666007958024384,-0.002927587770429873,0.04897609397175311
6,CA0200200,"Madera, CA",robbery,0.022721889338011475,0.03323923956694169,0.04893759655118756
7,CA0200200,"Madera, CA",robbery,0.04369013349377921,0.06394043991991284,0.04886076611268312
8,CA0200200,"Madera, CA",robbery,0.06242505534559063,0.05656078247358484,0.04893759655118756
9,CA0200200,"Madera, CA",robbery,0.05616031175072153,0.011710022713849506,0.048976093971753114
10,CA0200200,"Madera, CA",robbery,0.041594484547410396,0.002320734614307622,0.048977782624103544
11,CA0200200,"Madera, CA",robbery,0.05098107485514673,0.05115127401775617,0.04897609397175311
12,CA0200200,"Madera, CA",robbery,0.05056456427533197,0.06655159397835597,0.04893759655118756
1,CA0210600,"Novato, CA",robbery,-0.014718746777558186,0.011331993276190465,0.05269191739141039
2,CA0210600,"Novato, CA",robbery,-0.10674012224271302,-0.10607202140995659,0.052730547862433454
3,CA0210600,"Novato, CA",robbery,-0.12944676536406494,-0.14321140014639291,0.05273499021618173
4,CA0210600,"Novato, CA",robbery,-0.07056587126363142,-0.0710045595955011,0.05273484622148208
5,CA0210600,"Novato, CA",robbery,-0.006666007958024384,-0.010402533009662297,0.052734990216181735
6,CA0210600,"Novato, CA",robbery,0.022721889338011475,-1.9083643611305604e-4,0.052730547862433454
7,CA0210600,"Novato, CA",robbery,0.04369013349377921,0.03728528780789821,0.052691917391410374
8,CA0210600,"Novato, CA",robbery,0.06242505534559063,0.09673623451990693,0.05273054786243346
9,CA0210600,"Novato, CA",robbery,0.05616031175072153,0.08525833217225462,0.052734990216181735
10,CA0210600,"Novato, CA",robbery,0.041594484547410396,0.022387278511412433,0.05273484622148208
11,CA0210600,"Novato, CA",robbery,0.05098107485514673,0.01973831989971191,0.05273499021618173
12,CA0210600,"Novato, CA",robbery,0.05056456427533197,0.05814390441025138,0.052730547862433454
1,CA0210900,"San Rafael, CA",robbery,-0.014718746777558186,-0.017795360807345537,0.047580623347735426
2,CA0210900,"San Rafael, CA",robbery,-0.10674012224271302,-0.07098466022805908,0.04765034223961809
3,CA0210900,"San Rafael, CA",robbery,-0.12944676536406494,-0.08908605267710146,0.04767789006662269
4,CA0210900,"San Rafael, CA",robbery,-0.07056587126363142,-0.08568927936234083,0.04767760798328604
5,CA0210900,"San Rafael, CA",robbery,-0.006666007958024384,-0.05213261885463692,0.047677890066622694
6,CA0210900,"San Rafael, CA",robbery,0.022721889338011475,0.016531038762252398,0.04765034223961809
7,CA0210900,"San Rafael, CA",robbery,0.04369013349377921,0.0690642992084482,0.04758062334773542
8,CA0210900,"San Rafael, CA",robbery,0.06242505534559063,0.05868659389178876,0.04765034223961809
9,CA0210900,"San Rafael, CA",robbery,0.05616031175072153,0.02551904793972849,0.0476778900666227
10,CA0210900,"San Rafael, CA",robbery,0.041594484547410396,0.034420340961238145,0.04767760798328604
11,CA0210900,"San Rafael, CA",robbery,0.05098107485514673,0.0644306851909072,0.04767789006662269
12,CA0210900,"San Rafael, CA",robbery,0.05056456427533197,0.04703596597512065,0.04765034223961808
1,CA0240600,"Merced, CA",robbery,-0.014718746777558186,-0.02575743067055382,0.04418988406184204
2,CA0240600,"Merced, CA",robbery,-0.10674012224271302,-0.11692945984589743,0.04427254632866941
3,CA0240600,"Merced, CA",robbery,-0.12944676536406494,-0.12808473598594958,0.0442840130417327
4,CA0240600,"Merced, CA",robbery,-0.07056587126363142,-0.05461990923880119,0.044306004835784694
5,CA0240600,"Merced, CA",robbery,-0.006666007958024384,0.018710900064354486,0.044284013041732705
6,CA0240600,"Merced, CA",robbery,0.022721889338011475,0.046782264259086076,0.04427254632866941
7,CA0240600,"Merced, CA",robbery,0.04369013349377921,0.05322554262819256,0.04418988406184204
8,CA0240600,"Merced, CA",robbery,0.06242505534559063,0.05173673369690234,0.044272546328669414
9,CA0240600,"Merced, CA",robbery,0.05616031175072153,0.03542389787931574,0.044284013041732705
10,CA0240600,"Merced, CA",robbery,0.041594484547410396,0.02715179728116244,0.044306004835784694
11,CA0240600,"Merced, CA",robbery,0.05098107485514673,0.04648182608464057,0.044284013041732705
12,CA0240600,"Merced, CA",robbery,0.05056456427533197,0.04587857384754781,0.04427254632866941
1,CA0270000,"Monterey, CA",robbery,-0.014718746777558186,-1.2659366398161368e-4,0.05059285284355381
2,CA0270000,"Monterey, CA",robbery,-0.10674012224271302,-0.10448515329912184,0.050645637603481404
3,CA0270000,"Monterey, CA",robbery,-0.12944676536406494,-0.16796627916426465,0.050657257210065046
4,CA0270000,"Monterey, CA",robbery,-0.07056587126363142,-0.11081860614734615,0.05067874108867087
5,CA0270000,"Monterey, CA",robbery,-0.006666007958024384,-0.007976184699389228,0.05065725721006505
6,CA0270000,"Monterey, CA",robbery,0.022721889338011475,0.034885050213929736,0.050645637603481404
7,CA0270000,"Monterey, CA",robbery,0.04369013349377921,0.03702012919783786,0.05059285284355381
8,CA0270000,"Monterey, CA",robbery,0.06242505534559063,0.06247237951304036,0.050645637603481404
9,CA0270000,"Monterey, CA",robbery,0.05616031175072153,0.08905996984432693,0.05065725721006505
10,CA0270000,"Monterey, CA",robbery,0.041594484547410396,0.07392507061348991,0.05067874108867087
11,CA0270000,"Monterey, CA",robbery,0.05098107485514673,0.04998895848547068,0.050657257210065046
12,CA0270000,"Monterey, CA",robbery,0.05056456427533197,0.044021259106008,0.050645637603481404
1,CA0280200,"Napa, CA",robbery,-0.014718746777558186,0.0066301428382171245,0.0508164752606856
2,CA0280200,"Napa, CA",robbery,-0.10674012224271302,-0.11353377844062129,0.05080659813913674
3,CA0280200,"Napa, CA",robbery,-0.12944676536406494,-0.1532851396142476,0.05086226375237514
4,CA0280200,"Napa, CA",robbery,-0.07056587126363142,-0.058453999860983645,0.05079871260500438
5,CA0280200,"Napa, CA",robbery,-0.006666007958024384,0.014702205579305605,0.050862263752375146
6,CA0280200,"Napa, CA",robbery,0.022721889338011475,-0.00625946690599073,0.05080659813913674
7,CA0280200,"Napa, CA",robbery,0.04369013349377921,0.0024715143349238037,0.05081647526068559
8,CA0280200,"Napa, CA",robbery,0.06242505534559063,0.08806504963106859,0.05080659813913674
9,CA0280200,"Napa, CA",robbery,0.05616031175072153,0.11871475363155404,0.05086226375237515
10,CA0280200,"Napa, CA",robbery,0.041594484547410396,0.049352342687842755,0.05079871260500438
11,CA0280200,"Napa, CA",robbery,0.05098107485514673,0.010766523230247042,0.05086226375237514
12,CA0280200,"Napa, CA",robbery,0.05056456427533197,0.0408298528886843,0.05080659813913674
1,CA0300100,"Anaheim, CA",robbery,-0.014718746777558186,-0.07586313521469953,0.03730258530190991
2,CA0300100,"Anaheim, CA",robbery,-0.10674012224271302,-0.10547250751324826,0.03733824432103883
3,CA0300100,"Anaheim, CA",robbery,-0.12944676536406494,-0.06847235448247443,0.03734550277652987
4,CA0300100,"Anaheim, CA",robbery,-0.07056587126363142,-0.015675323509688515,0.03729984429612036
5,CA0300100,"Anaheim, CA",robbery,-0.006666007958024384,0.0032720019457645063,0.03734550277652987
6,CA0300100,"Anaheim, CA",robbery,0.022721889338011475,0.009096344890332965,0.03733824432103883
7,CA0300100,"Anaheim, CA",robbery,0.04369013349377921,0.03543838265839221,0.037302585301909906
8,CA0300100,"Anaheim, CA",robbery,0.06242505534559063,0.06423263031934247,0.037338244321038834
9,CA0300100,"Anaheim, CA",robbery,0.05616031175072153,0.06765722984487597,0.03734550277652988
10,CA0300100,"Anaheim, CA",robbery,0.041594484547410396,0.05610007606599584,0.03729984429612036
11,CA0300100,"Anaheim, CA",robbery,0.05098107485514673,0.03796787524814123,0.03734550277652987
12,CA0300100,"Anaheim, CA",robbery,0.05056456427533197,-0.008281220252734438,0.03733824432103883
1,CA0300300,"Buena Park, CA",robbery,-0.014718746777558186,-0.053273542082623936,0.048040931183407624
2,CA0300300,"Buena Park, CA",robbery,-0.10674012224271302,-0.06286122477136168,0.048139066036343284
3,CA0300300,"Buena Park, CA",robbery,-0.12944676536406494,-0.07123857815809612,0.04814704075056067
4,CA0300300,"Buena Park, CA",robbery,-0.07056587126363142,-0.0699912904407779,0.04815820536565746
5,CA0300300,"Buena Park, CA",robbery,-0.006666007958024384,-0.016390899912127846,0.04814704075056068
6,CA0300300,"Buena Park, CA",robbery,0.022721889338011475,0.05939440113391033,0.048139066036343284
7,CA0300300,"Buena Park, CA",robbery,0.04369013349377921,0.07602962309023838,0.04804093118340762
8,CA0300300,"Buena Park, CA",robbery,0.06242505534559063,0.03653407886618148,0.048139066036343284
9,CA0300300,"Buena Park, CA",robbery,0.05616031175072153,0.022155351245301463,0.04814704075056068
10,CA0300300,"Buena Park, CA",robbery,0.041594484547410396,0.047235209433163415,0.04815820536565746
11,CA0300300,"Buena Park, CA",robbery,0.05098107485514673,0.042718045817308,0.04814704075056067
12,CA0300300,"Buena Park, CA",robbery,0.05056456427533197,-0.010311174221115611,0.048139066036343284
1,CA0300700,"Fountain Valley, CA",robbery,-0.014718746777558186,-5.735934674382836e-4,0.05191559921843186
2,CA0300700,"Fountain Valley, CA",robbery,-0.10674012224271302,-0.09926464478713062,0.051960381613028676
3,CA0300700,"Fountain Valley, CA",robbery,-0.12944676536406494,-0.1398967557957295,0.05196129138137972
4,CA0300700,"Fountain Valley, CA",robbery,-0.07056587126363142,-0.07855759447856545,0.051963205274940194
5,CA0300700,"Fountain Valley, CA",robbery,-0.006666007958024384,-0.005696816027411601,0.051961291381379726
6,CA0300700,"Fountain Valley, CA",robbery,0.022721889338011475,0.017180589312906294,0.051960381613028676
7,CA0300700,"Fountain Valley, CA",robbery,0.04369013349377921,0.036025283671421084,0.051915599218431856
8,CA0300700,"Fountain Valley, CA",robbery,0.06242505534559063,0.07479363069034002,0.051960381613028676
9,CA0300700,"Fountain Valley, CA",robbery,0.05616031175072153,0.07997405149495611,0.051961291381379726
10,CA0300700,"Fountain Valley, CA",robbery,0.041594484547410396,0.04310590427458265,0.051963205274940194
11,CA0300700,"Fountain Valley, CA",robbery,0.05098107485514673,0.030167830124202166,0.05196129138137972
12,CA0300700,"Fountain Valley, CA",robbery,0.05056456427533197,0.04274211498786711,0.051960381613028676
1,CA0300800,"Fullerton, CA",robbery,-0.014718746777558186,-0.017122476507498288,0.04530169173048432
2,CA0300800,"Fullerton, CA",robbery,-0.10674012224271302,-0.08843290100142853,0.04537158808331136
3,CA0300800,"Fullerton, CA",robbery,-0.12944676536406494,-0.09558373348484026,0.045433589962971845
4,CA0300800,"Fullerton, CA",robbery,-0.07056587126363142,-0.06767784310106395,0.04546895016495684
5,CA0300800,"Fullerton, CA",robbery,-0.006666007958024384,-0.026314855366065298,0.04543358996297186
6,CA0300800,"Fullerton, CA",robbery,0.022721889338011475,0.04044823971748397,0.04537158808331136
7,CA0300800,"Fullerton, CA",robbery,0.04369013349377921,0.09305764791164944,0.04530169173048431
8,CA0300800,"Fullerton, CA",robbery,0.06242505534559063,0.06659632984442079,0.04537158808331136
9,CA0300800,"Fullerton, CA",robbery,0.05616031175072153,-0.002188009076318657,0.04543358996297186
10,CA0300800,"Fullerton, CA",robbery,0.041594484547410396,-0.008257328303087223,0.04546895016495684
11,CA0300800,"Fullerton, CA",robbery,0.05098107485514673,0.04815142652307301,0.045433589962971845
12,CA0300800,"Fullerton, CA",robbery,0.05056456427533197,0.05732350284367501,0.04537158808331136
1,CA0301400,"Newport Beach, CA",robbery,-0.014718746777558186,-0.02530034762264316,0.05126042399186093
2,CA0301400,"Newport Beach, CA",robbery,-0.10674012224271302,-0.11297441372583525,0.05130742179411038
3,CA0301400,"Newport Beach, CA",robbery,-0.12944676536406494,-0.1298931465342421,0.051298111490024806
4,CA0301400,"Newport Beach, CA",robbery,-0.07056587126363142,-0.06585031049052291,0.05131307176856508
5,CA0301400,"Newport Beach, CA",robbery,-0.006666007958024384,0.0022350530687319727,0.05129811149002481
6,CA0301400,"Newport Beach, CA",robbery,0.022721889338011475,0.037074423446648026,0.05130742179411038
7,CA0301400,"Newport Beach, CA",robbery,0.04369013349377921,0.06220951425350123,0.051260423991860926
8,CA0301400,"Newport Beach, CA",robbery,0.06242505534559063,0.07644080810129829,0.05130742179411038
9,CA0301400,"Newport Beach, CA",robbery,0.05616031175072153,0.05645037427884709,0.05129811149002482
10,CA0301400,"Newport Beach, CA",robbery,0.041594484547410396,0.02894114385966485,0.05131307176856508
11,CA0301400,"Newport Beach, CA",robbery,0.05098107485514673,0.034298552555804954,0.051298111490024806
12,CA0301400,"Newport Beach, CA",robbery,0.05056456427533197,0.036368348808747036,0.05130742179411038
1,CA0302200,"Tustin, CA",robbery,-0.014718746777558186,-0.04138551738743511,0.0490806648520521
2,CA0302200,"Tustin, CA",robbery,-0.10674012224271302,-0.11188683041003684,0.04914524871604385
3,CA0302200,"Tustin, CA",robbery,-0.12944676536406494,-0.10623432622901095,0.049113781132188124
4,CA0302200,"Tustin, CA",robbery,-0.07056587126363142,-0.03568235638145707,0.049138795234002434
5,CA0302200,"Tustin, CA",robbery,-0.006666007958024384,0.02247011938233466,0.04911378113218813
6,CA0302200,"Tustin, CA",robbery,0.022721889338011475,0.03241955577390612,0.04914524871604385
7,CA0302200,"Tustin, CA",robbery,0.04369013349377921,0.025681347060836846,0.04908066485205209
8,CA0302200,"Tustin, CA",robbery,0.06242505534559063,0.030030752480798603,0.04914524871604386
9,CA0302200,"Tustin, CA",robbery,0.05616031175072153,0.04008241862637098,0.04911378113218813
10,CA0302200,"Tustin, CA",robbery,0.041594484547410396,0.05138652670805534,0.049138795234002434
11,CA0302200,"Tustin, CA",robbery,0.05098107485514673,0.05938595854690354,0.049113781132188124
12,CA0302200,"Tustin, CA",robbery,0.05056456427533197,0.033732351828733895,0.04914524871604385
1,CA0302400,"Westminster, CA",robbery,-0.014718746777558186,-0.03383599085140513,0.04553694806299325
2,CA0302400,"Westminster, CA",robbery,-0.10674012224271302,-0.1434134277650954,0.04566691444420802
3,CA0302400,"Westminster, CA",robbery,-0.12944676536406494,-0.14450061419211294,0.04562057258490562
4,CA0302400,"Westminster, CA",robbery,-0.07056587126363142,-0.06084611336621515,0.04570672372236481
5,CA0302400,"Westminster, CA",robbery,-0.006666007958024384,0.0076493055111929225,0.04562057258490563
6,CA0302400,"Westminster, CA",robbery,0.022721889338011475,0.04853083328269494,0.04566691444420802
7,CA0302400,"Westminster, CA",robbery,0.04369013349377921,0.08972992141274666,0.04553694806299324
8,CA0302400,"Westminster, CA",robbery,0.06242505534559063,0.09385022598917121,0.04566691444420802
9,CA0302400,"Westminster, CA",robbery,0.05616031175072153,0.03904348185484723,0.04562057258490563
10,CA0302400,"Westminster, CA",robbery,0.041594484547410396,0.004952182804873611,0.04570672372236481
11,CA0302400,"Westminster, CA",robbery,0.05098107485514673,0.041913896264731215,0.04562057258490562
12,CA0302400,"Westminster, CA",robbery,0.05056456427533197,0.05692629905457084,0.04566691444420802
1,CA0302500,"Yorba Linda, CA",robbery,-0.014718746777558186,-0.014253211995136541,0.053886862433536804
2,CA0302500,"Yorba Linda, CA",robbery,-0.10674012224271302,-0.10595647170259903,0.053909519568935985
3,CA0302500,"Yorba Linda, CA",robbery,-0.12944676536406494,-0.12848128163613845,0.053905843351318754
4,CA0302500,"Yorba Linda, CA",robbery,-0.07056587126363142,-0.0612238116925613,0.05390809396207076
5,CA0302500,"Yorba Linda, CA",robbery,-0.006666007958024384,0.012661784569467455,0.05390584335131876
6,CA0302500,"Yorba Linda, CA",robbery,0.022721889338011475,0.034558063229833944,0.053909519568935985
7,CA0302500,"Yorba Linda, CA",robbery,0.04369013349377921,0.03271974874033387,0.0538868624335368
8,CA0302500,"Yorba Linda, CA",robbery,0.06242505534559063,0.03970005248461357,0.05390951956893599
9,CA0302500,"Yorba Linda, CA",robbery,0.05616031175072153,0.04375832567295568,0.05390584335131876
10,CA0302500,"Yorba Linda, CA",robbery,0.041594484547410396,0.04275727494736397,0.05390809396207076
11,CA0302500,"Yorba Linda, CA",robbery,0.05098107485514673,0.053594634648517964,0.053905843351318754
12,CA0302500,"Yorba Linda, CA",robbery,0.05056456427533197,0.05016489273334887,0.053909519568935985
1,CA0302600,"Irvine, CA",robbery,-0.014718746777558186,-0.04722985876884045,0.0488865776603675
2,CA0302600,"Irvine, CA",robbery,-0.10674012224271302,-0.08452869455805992,0.048937768278840145
3,CA0302600,"Irvine, CA",robbery,-0.12944676536406494,-0.06234609256072787,0.04894580084954532
4,CA0302600,"Irvine, CA",robbery,-0.07056587126363142,-0.016103557603991042,0.04898726889913483
5,CA0302600,"Irvine, CA",robbery,-0.006666007958024384,0.012398345036891882,0.04894580084954533
6,CA0302600,"Irvine, CA",robbery,0.022721889338011475,0.02491128454037264,0.048937768278840145
7,CA0302600,"Irvine, CA",robbery,0.04369013349377921,0.03271586947783625,0.04888657766036749
8,CA0302600,"Irvine, CA",robbery,0.06242505534559063,0.0296446254349653,0.048937768278840145
9,CA0302600,"Irvine, CA",robbery,0.05616031175072153,0.021976012728637466,0.04894580084954533
10,CA0302600,"Irvine, CA",robbery,0.041594484547410396,0.030617546894995233,0.04898726889913483
11,CA0302600,"Irvine, CA",robbery,0.05098107485514673,0.0424857240862027,0.04894580084954532
12,CA0302600,"Irvine, CA",robbery,0.05056456427533197,0.01545879529171782,0.048937768278840145
1,CA030350X,"Mission Viejo, CA",robbery,-0.014718746777558186,-0.009725144321331577,0.05208727781825978
2,CA030350X,"Mission Viejo, CA",robbery,-0.10674012224271302,-0.030837966497245337,0.05220416336417893
3,CA030350X,"Mission Viejo, CA",robbery,-0.12944676536406494,-0.05819849655006876,0.05217269685376917
4,CA030350X,"Mission Viejo, CA",robbery,-0.07056587126363142,-0.06642693969301024,0.05213331821217673
5,CA030350X,"Mission Viejo, CA",robbery,-0.006666007958024384,-0.04338347092036322,0.05217269685376918
6,CA030350X,"Mission Viejo, CA",robbery,0.022721889338011475,-0.006647197590410503,0.05220416336417893
7,CA030350X,"Mission Viejo, CA",robbery,0.04369013349377921,0.025041254241457093,0.052087277818259774
8,CA030350X,"Mission Viejo, CA",robbery,0.06242505534559063,0.048989532689417664,0.05220416336417893
9,CA030350X,"Mission Viejo, CA",robbery,0.05616031175072153,0.061033952822115586,0.052172696853769185
10,CA030350X,"Mission Viejo, CA",robbery,0.041594484547410396,0.05111082977288473,0.05213331821217673
11,CA030350X,"Mission Viejo, CA",robbery,0.05098107485514673,0.02523190472819086,0.05217269685376917
12,CA030350X,"Mission Viejo, CA",robbery,0.05056456427533197,0.0038117413183636965,0.05220416336417893
1,CA030390X,"Laguna Niguel, CA",robbery,-0.014718746777558186,-0.032996557015122704,0.05337954143969868
2,CA030390X,"Laguna Niguel, CA",robbery,-0.10674012224271302,-0.12363021924551677,0.05339904177188716
3,CA030390X,"Laguna Niguel, CA",robbery,-0.12944676536406494,-0.13811249646680246,0.05338041768037297
4,CA030390X,"Laguna Niguel, CA",robbery,-0.07056587126363142,-0.06618027237993626,0.05338471822548705
5,CA030390X,"Laguna Niguel, CA",robbery,-0.006666007958024384,0.011295117147576783,0.05338041768037298
6,CA030390X,"Laguna Niguel, CA",robbery,0.022721889338011475,0.050650100453619014,0.05339904177188716
7,CA030390X,"Laguna Niguel, CA",robbery,0.04369013349377921,0.07210171355308996,0.05337954143969867
8,CA030390X,"Laguna Niguel, CA",robbery,0.06242505534559063,0.07849263693271241,0.05339904177188717
9,CA030390X,"Laguna Niguel, CA",robbery,0.05616031175072153,0.05386975761603087,0.05338041768037299
10,CA030390X,"Laguna Niguel, CA",robbery,0.041594484547410396,0.027075115841969002,0.05338471822548705
11,CA030390X,"Laguna Niguel, CA",robbery,0.05098107485514673,0.03384246516522753,0.05338041768037297
12,CA030390X,"Laguna Niguel, CA",robbery,0.05056456427533197,0.03359263839715265,0.05339904177188716
1,CA030490X,"Aliso Viejo, CA",robbery,-0.014718746777558186,-0.01502429274410052,0.05397515693392283
2,CA030490X,"Aliso Viejo, CA",robbery,-0.10674012224271302,-0.1085699373343898,0.05399270047326838
3,CA030490X,"Aliso Viejo, CA",robbery,-0.12944676536406494,-0.12908459322524737,0.053990106404914265
4,CA030490X,"Aliso Viejo, CA",robbery,-0.07056587126363142,-0.0697914169529368,0.05399313350001547
5,CA030490X,"Aliso Viejo, CA",robbery,-0.006666007958024384,-0.010182401673776285,0.05399010640491427
6,CA030490X,"Aliso Viejo, CA",robbery,0.022721889338011475,0.01822976603151201,0.05399270047326838
7,CA030490X,"Aliso Viejo, CA",robbery,0.04369013349377921,0.04588145636448375,0.05397515693392282
8,CA030490X,"Aliso Viejo, CA",robbery,0.06242505534559063,0.06960941453232716,0.05399270047326838
9,CA030490X,"Aliso Viejo, CA",robbery,0.05616031175072153,0.05926690680280154,0.05399010640491428
10,CA030490X,"Aliso Viejo, CA",robbery,0.041594484547410396,0.03893425333255356,0.05399313350001547
11,CA030490X,"Aliso Viejo, CA",robbery,0.05098107485514673,0.04914292447583887,0.053990106404914265
12,CA030490X,"Aliso Viejo, CA",robbery,0.05056456427533197,0.05158792039093388,0.053992700473268374
1,CA0310300,"Lincoln, CA",robbery,-0.014718746777558186,-0.005511601074256135,0.05422279403568656
2,CA0310300,"Lincoln, CA",robbery,-0.10674012224271302,-0.10208500741426393,0.05423700490649478
3,CA0310300,"Lincoln, CA",robbery,-0.12944676536406494,-0.12609797367440706,0.05423445038216038
4,CA0310300,"Lincoln, CA",robbery,-0.07056587126363142,-0.0754691358658623,0.05423704306960938
5,CA0310300,"Lincoln, CA",robbery,-0.006666007958024384,-0.024075084110824638,0.05423445038216039
6,CA0310300,"Lincoln, CA",robbery,0.022721889338011475,0.006464316219241504,0.05423700490649478
7,CA0310300,"Lincoln, CA",robbery,0.04369013349377921,0.04252652666458525,0.054222794035686556
8,CA0310300,"Lincoln, CA",robbery,0.06242505534559063,0.0687491746817833,0.05423700490649478
9,CA0310300,"Lincoln, CA",robbery,0.05616031175072153,0.05574721535159732,0.05423445038216039
10,CA0310300,"Lincoln, CA",robbery,0.041594484547410396,0.03845421027553319,0.05423704306960938
11,CA0310300,"Lincoln, CA",robbery,0.05098107485514673,0.057410916843305224,0.05423445038216038
12,CA0310300,"Lincoln, CA",robbery,0.05056456427533197,0.06388644210356828,0.05423700490649478
1,CA0310400,"Rocklin, CA",robbery,-0.014718746777558186,-0.02523552297734201,0.05326163520277901
2,CA0310400,"Rocklin, CA",robbery,-0.10674012224271302,-0.13517209463611876,0.053290704385171604
3,CA0310400,"Rocklin, CA",robbery,-0.12944676536406494,-0.1468805815208771,0.053280866122078226
4,CA0310400,"Rocklin, CA",robbery,-0.07056587126363142,-0.060313130116073047,0.05328625339748492
5,CA0310400,"Rocklin, CA",robbery,-0.006666007958024384,0.009861938045455343,0.05328086612207823
6,CA0310400,"Rocklin, CA",robbery,0.022721889338011475,0.023689505100547514,0.053290704385171604
7,CA0310400,"Rocklin, CA",robbery,0.04369013349377921,0.0394815350354282,0.053261635202779004
8,CA0310400,"Rocklin, CA",robbery,0.06242505534559063,0.06894392888679916,0.05329070438517161
9,CA0310400,"Rocklin, CA",robbery,0.05616031175072153,0.06640640371347133,0.05328086612207824
10,CA0310400,"Rocklin, CA",robbery,0.041594484547410396,0.04606711805798685,0.05328625339748492
11,CA0310400,"Rocklin, CA",robbery,0.05098107485514673,0.0563662277038642,0.053280866122078226
12,CA0310400,"Rocklin, CA",robbery,0.05056456427533197,0.0567846727068583,0.053290704385171604
1,CA0310500,"Roseville, CA",robbery,-0.014718746777558186,0.018947152460929255,0.04649833449199806
2,CA0310500,"Roseville, CA",robbery,-0.10674012224271302,-0.09276604014232818,0.046601899784552106
3,CA0310500,"Roseville, CA",robbery,-0.12944676536406494,-0.11758975518968513,0.046587853345643776
4,CA0310500,"Roseville, CA",robbery,-0.07056587126363142,-0.044994722352365714,0.04664255890694384
5,CA0310500,"Roseville, CA",robbery,-0.006666007958024384,0.003315975664063982,0.04658785334564378
6,CA0310500,"Roseville, CA",robbery,0.022721889338011475,9.117868874205276e-4,0.046601899784552106
7,CA0310500,"Roseville, CA",robbery,0.04369013349377921,0.024995956365291137,0.046498334491998056
8,CA0310500,"Roseville, CA",robbery,0.06242505534559063,0.06651659563694261,0.046601899784552106
9,CA0310500,"Roseville, CA",robbery,0.05616031175072153,0.047397201858079205,0.04658785334564378
10,CA0310500,"Roseville, CA",robbery,0.041594484547410396,0.0010516135261453394,0.04664255890694384
11,CA0310500,"Roseville, CA",robbery,0.05098107485514673,0.02293346884132155,0.046587853345643776
12,CA0310500,"Roseville, CA",robbery,0.05056456427533197,0.06928076644418542,0.046601899784552106
1,CA0330200,"Beaumont, CA",robbery,-0.014718746777558186,-0.020953521337427172,0.05278378175516184
2,CA0330200,"Beaumont, CA",robbery,-0.10674012224271302,-0.09977163774643974,0.05280153584246857
3,CA0330200,"Beaumont, CA",robbery,-0.12944676536406494,-0.11191121136947677,0.052805866973522034
4,CA0330200,"Beaumont, CA",robbery,-0.07056587126363142,-0.07030409945504787,0.05279988484412512
5,CA0330200,"Beaumont, CA",robbery,-0.006666007958024384,-0.02195222509132608,0.05280586697352204
6,CA0330200,"Beaumont, CA",robbery,0.022721889338011475,0.017619853823142018,0.05280153584246857
7,CA0330200,"Beaumont, CA",robbery,0.04369013349377921,0.04581051295171244,0.05278378175516183
8,CA0330200,"Beaumont, CA",robbery,0.06242505534559063,0.048536509764554876,0.05280153584246857
9,CA0330200,"Beaumont, CA",robbery,0.05616031175072153,0.03581909177330663,0.05280586697352204
10,CA0330200,"Beaumont, CA",robbery,0.041594484547410396,0.04544710784076259,0.05279988484412512
11,CA0330200,"Beaumont, CA",robbery,0.05098107485514673,0.0731873530732109,0.052805866973522034
12,CA0330200,"Beaumont, CA",robbery,0.05056456427533197,0.05847226577302818,0.052801535842468564
1,CA0331300,"Riverside, CA",robbery,-0.014718746777558186,-0.03456707464411793,0.03639389284458253
2,CA0331300,"Riverside, CA",robbery,-0.10674012224271302,-0.10984726039739584,0.03650853252912668
3,CA0331300,"Riverside, CA",robbery,-0.12944676536406494,-0.10871846551126656,0.03650700431344266
4,CA0331300,"Riverside, CA",robbery,-0.07056587126363142,-0.055216654468181366,0.03653627154442452
5,CA0331300,"Riverside, CA",robbery,-0.006666007958024384,-0.015257312114727415,0.03650700431344267
6,CA0331300,"Riverside, CA",robbery,0.022721889338011475,0.015454687762382634,0.03650853252912668
7,CA0331300,"Riverside, CA",robbery,0.04369013349377921,0.06163203812009732,0.036393892844582526
8,CA0331300,"Riverside, CA",robbery,0.06242505534559063,0.08599289130977758,0.03650853252912668
9,CA0331300,"Riverside, CA",robbery,0.05616031175072153,0.05779913294766892,0.03650700431344267
10,CA0331300,"Riverside, CA",robbery,0.041594484547410396,0.02815169099220197,0.03653627154442452
11,CA0331300,"Riverside, CA",robbery,0.05098107485514673,0.039111681202345636,0.03650700431344266
12,CA0331300,"Riverside, CA",robbery,0.05056456427533197,0.03546464480121507,0.03650853252912668
1,CA0331500,"Corona, CA",robbery,-0.014718746777558186,0.029770982511786566,0.04643533594507664
2,CA0331500,"Corona, CA",robbery,-0.10674012224271302,-0.06911109135627899,0.046506894883002796
3,CA0331500,"Corona, CA",robbery,-0.12944676536406494,-0.12332742826677673,0.04653937406575699
4,CA0331500,"Corona, CA",robbery,-0.07056587126363142,-0.08126892258069221,0.04648505159856359
5,CA0331500,"Corona, CA",robbery,-0.006666007958024384,-0.0371335132075901,0.04653937406575699
6,CA0331500,"Corona, CA",robbery,0.022721889338011475,-0.03589837008039563,0.046506894883002796
7,CA0331500,"Corona, CA",robbery,0.04369013349377921,-0.0014144898788517836,0.046435335945076636
8,CA0331500,"Corona, CA",robbery,0.06242505534559063,0.07985012551305136,0.046506894883002796
9,CA0331500,"Corona, CA",robbery,0.05616031175072153,0.10570996979061437,0.046539374065757
10,CA0331500,"Corona, CA",robbery,0.041594484547410396,0.05291242994775745,0.04648505159856359
11,CA0331500,"Corona, CA",robbery,0.05098107485514673,0.026394479050817685,0.04653937406575699
12,CA0331500,"Corona, CA",robbery,0.05056456427533197,0.053515828556557996,0.046506894883002796
1,CA0334200,"Murrieta, CA",robbery,-0.014718746777558186,-0.033832131928408726,0.051398336028599
2,CA0334200,"Murrieta, CA",robbery,-0.10674012224271302,-0.12287710253332558,0.05142898802135608
3,CA0334200,"Murrieta, CA",robbery,-0.12944676536406494,-0.11037337381606006,0.051437326815221104
4,CA0334200,"Murrieta, CA",robbery,-0.07056587126363142,-0.0467093093450137,0.05141778424192947
5,CA0334200,"Murrieta, CA",robbery,-0.006666007958024384,-0.005844737589396942,0.05143732681522112
6,CA0334200,"Murrieta, CA",robbery,0.022721889338011475,0.01850933263359797,0.05142898802135608
7,CA0334200,"Murrieta, CA",robbery,0.04369013349377921,0.04341967718595929,0.051398336028598994
8,CA0334200,"Murrieta, CA",robbery,0.06242505534559063,0.04146368405373545,0.05142898802135608
9,CA0334200,"Murrieta, CA",robbery,0.05616031175072153,0.01937241007891935,0.05143732681522112
10,CA0334200,"Murrieta, CA",robbery,0.041594484547410396,0.037121764087463115,0.05141778424192947
11,CA0334200,"Murrieta, CA",robbery,0.05098107485514673,0.08725815606898704,0.051437326815221104
12,CA0334200,"Murrieta, CA",robbery,0.05056456427533197,0.07249163110354281,0.05142898802135608
1,CA0340000,"Sacramento, CA",robbery,-0.014718746777558186,-0.0011411748473601454,0.033957174315900986
2,CA0340000,"Sacramento, CA",robbery,-0.10674012224271302,-0.08434578402196463,0.03404115222524715
3,CA0340000,"Sacramento, CA",robbery,-0.12944676536406494,-0.11836437086395833,0.03403431977960483
4,CA0340000,"Sacramento, CA",robbery,-0.07056587126363142,-0.03934388395659489,0.03408279451245912
5,CA0340000,"Sacramento, CA",robbery,-0.006666007958024384,0.04118919832697971,0.03403431977960483
6,CA0340000,"Sacramento, CA",robbery,0.022721889338011475,0.030476785817431434,0.03404115222524715
7,CA0340000,"Sacramento, CA",robbery,0.04369013349377921,0.004186192454593422,0.033957174315900986
8,CA0340000,"Sacramento, CA",robbery,0.06242505534559063,0.039426723506815996,0.03404115222524715
9,CA0340000,"Sacramento, CA",robbery,0.05616031175072153,0.07040029274157644,0.03403431977960483
10,CA0340000,"Sacramento, CA",robbery,0.041594484547410396,0.03629886634936165,0.03408279451245912
11,CA0340000,"Sacramento, CA",robbery,0.05098107485514673,0.003729862188168903,0.03403431977960483
12,CA0340000,"Sacramento, CA",robbery,0.05056456427533197,0.017487292304950434,0.03404115222524715
1,CA0340100,"Folsom, CA",robbery,-0.014718746777558186,0.028038787855876955,0.0521930900823747
2,CA0340100,"Folsom, CA",robbery,-0.10674012224271302,-0.04722454562286136,0.052235671644057305
3,CA0340100,"Folsom, CA",robbery,-0.12944676536406494,-0.09716921578305002,0.052185647032492045
4,CA0340100,"Folsom, CA",robbery,-0.07056587126363142,-0.07563291503442147,0.05218556820476839
5,CA0340100,"Folsom, CA",robbery,-0.006666007958024384,-0.025067614161019904,0.05218564703249205
6,CA0340100,"Folsom, CA",robbery,0.022721889338011475,4.7978904819165596e-4,0.052235671644057305
7,CA0340100,"Folsom, CA",robbery,0.04369013349377921,0.009417118849022774,0.052193090082374695
8,CA0340100,"Folsom, CA",robbery,0.06242505534559063,0.026137777817975365,0.05223567164405731
9,CA0340100,"Folsom, CA",robbery,0.05616031175072153,0.0386265412732643,0.05218564703249206
10,CA0340100,"Folsom, CA",robbery,0.041594484547410396,0.03817700832952175,0.05218556820476839
11,CA0340100,"Folsom, CA",robbery,0.05098107485514673,0.04615438196590588,0.05218564703249205
12,CA0340100,"Folsom, CA",robbery,0.05056456427533197,0.05806288546159406,0.052235671644057305
1,CA0340400,"Sacramento, CA",robbery,-0.014718746777558186,-0.0050886208335518225,0.03157149707642092
2,CA0340400,"Sacramento, CA",robbery,-0.10674012224271302,-0.0754136549653811,0.03166682996463384
3,CA0340400,"Sacramento, CA",robbery,-0.12944676536406494,-0.10027756210940575,0.031674379013659534
4,CA0340400,"Sacramento, CA",robbery,-0.07056587126363142,-0.03346986361831778,0.03168928233706392
5,CA0340400,"Sacramento, CA",robbery,-0.006666007958024384,0.021156829706754768,0.03167437901365954
6,CA0340400,"Sacramento, CA",robbery,0.022721889338011475,0.01168701122222424,0.03166682996463384
7,CA0340400,"Sacramento, CA",robbery,0.04369013349377921,0.022504782137520933,0.031571497076420915
8,CA0340400,"Sacramento, CA",robbery,0.06242505534559063,0.081615100280278,0.031666829964633846
9,CA0340400,"Sacramento, CA",robbery,0.05616031175072153,0.08906284612033358,0.03167437901365954
10,CA0340400,"Sacramento, CA",robbery,0.041594484547410396,0.0160537023143487,0.03168928233706392
11,CA0340400,"Sacramento, CA",robbery,0.05098107485514673,-0.027358275021651706,0.031674379013659534
12,CA0340400,"Sacramento, CA",robbery,0.05056456427533197,-4.72295233152069e-4,0.03166682996463384
1,CA0340H00,"Elk Grove, CA",robbery,-0.014718746777558186,-0.01656527421186049,0.046748479358342546
2,CA0340H00,"Elk Grove, CA",robbery,-0.10674012224271302,-0.09101909131385419,0.04682864863969965
3,CA0340H00,"Elk Grove, CA",robbery,-0.12944676536406494,-0.12044945484770958,0.046786780568934615
4,CA0340H00,"Elk Grove, CA",robbery,-0.07056587126363142,-0.07003517237867467,0.04680414107323605
5,CA0340H00,"Elk Grove, CA",robbery,-0.006666007958024384,-4.187788481110541e-4,0.04678678056893463
6,CA0340H00,"Elk Grove, CA",robbery,0.022721889338011475,0.01812493163578879,0.04682864863969965
7,CA0340H00,"Elk Grove, CA",robbery,0.04369013349377921,0.006690050755311785,0.04674847935834253
8,CA0340H00,"Elk Grove, CA",robbery,0.06242505534559063,0.02357626594278338,0.04682864863969965
9,CA0340H00,"Elk Grove, CA",robbery,0.05616031175072153,0.06288185293318749,0.04678678056893463
10,CA0340H00,"Elk Grove, CA",robbery,0.041594484547410396,0.07991039583522337,0.04680414107323605
11,CA0340H00,"Elk Grove, CA",robbery,0.05098107485514673,0.06786160421918182,0.046786780568934615
12,CA0340H00,"Elk Grove, CA",robbery,0.05056456427533197,0.03944267027873333,0.04682864863969965
1,CA0349600,"Citrus Heights, CA",robbery,-0.014718746777558186,0.0035971066912590874,0.04765911651186941
2,CA0349600,"Citrus Heights, CA",robbery,-0.10674012224271302,-0.0694556779435874,0.047755895864179006
3,CA0349600,"Citrus Heights, CA",robbery,-0.12944676536406494,-0.09037507050948192,0.04775785860190927
4,CA0349600,"Citrus Heights, CA",robbery,-0.07056587126363142,-0.0595908457739278,0.04774309482063429
5,CA0349600,"Citrus Heights, CA",robbery,-0.006666007958024384,-0.029793116975343998,0.04775785860190927
6,CA0349600,"Citrus Heights, CA",robbery,0.022721889338011475,-0.006963212008537063,0.047755895864179006
7,CA0349600,"Citrus Heights, CA",robbery,0.04369013349377921,0.03065413529243711,0.0476591165118694
8,CA0349600,"Citrus Heights, CA",robbery,0.06242505534559063,0.05843961294662502,0.047755895864179006
9,CA0349600,"Citrus Heights, CA",robbery,0.05616031175072153,0.04510776352882337,0.04775785860190927
10,CA0349600,"Citrus Heights, CA",robbery,0.041594484547410396,0.0253396037902316,0.04774309482063429
11,CA0349600,"Citrus Heights, CA",robbery,0.05098107485514673,0.04080918197230633,0.04775785860190927
12,CA0349600,"Citrus Heights, CA",robbery,0.05056456427533197,0.05223051898919565,0.047755895864179006
1,CA0360200,"Chino, CA",robbery,-0.014718746777558186,0.008520343771606265,0.04815900367495811
2,CA0360200,"Chino, CA",robbery,-0.10674012224271302,-0.0051027283001767905,0.04830972599583357
3,CA0360200,"Chino, CA",robbery,-0.12944676536406494,-0.06397803582980734,0.048309003828429814
4,CA0360200,"Chino, CA",robbery,-0.07056587126363142,-0.09812606459658398,0.04833041134355097
5,CA0360200,"Chino, CA",robbery,-0.006666007958024384,-0.051122542173033345,0.048309003828429814
6,CA0360200,"Chino, CA",robbery,0.022721889338011475,0.02643590019661054,0.04830972599583357
7,CA0360200,"Chino, CA",robbery,0.04369013349377921,0.058253960776731784,0.0481590036749581
8,CA0360200,"Chino, CA",robbery,0.06242505534559063,0.04936699951485747,0.04830972599583357
9,CA0360200,"Chino, CA",robbery,0.05616031175072153,0.04146800249615,0.04830900382842982
10,CA0360200,"Chino, CA",robbery,0.041594484547410396,0.03135176004824594,0.04833041134355097
11,CA0360200,"Chino, CA",robbery,0.05098107485514673,0.0068582709583526365,0.048309003828429814
12,CA0360200,"Chino, CA",robbery,0.05056456427533197,-0.003925866862953171,0.04830972599583357
1,CA0360400,"Fontana, CA",robbery,-0.014718746777558186,-0.003997147234011819,0.04304173218207749
2,CA0360400,"Fontana, CA",robbery,-0.10674012224271302,-0.07825892494995676,0.043128217173368295
3,CA0360400,"Fontana, CA",robbery,-0.12944676536406494,-0.0869098017595224,0.04316412752875842
4,CA0360400,"Fontana, CA",robbery,-0.07056587126363142,-0.06531050432421692,0.04317928618250564
5,CA0360400,"Fontana, CA",robbery,-0.006666007958024384,-0.050601244625886874,0.04316412752875843
6,CA0360400,"Fontana, CA",robbery,0.022721889338011475,-0.00969224057121763,0.043128217173368295
7,CA0360400,"Fontana, CA",robbery,0.04369013349377921,0.05755612037956563,0.043041732182077484
8,CA0360400,"Fontana, CA",robbery,0.06242505534559063,0.07648963309476091,0.043128217173368295
9,CA0360400,"Fontana, CA",robbery,0.05616031175072153,0.03158153675877273,0.04316412752875843
10,CA0360400,"Fontana, CA",robbery,0.041594484547410396,0.011751531178663087,0.04317928618250564
11,CA0360400,"Fontana, CA",robbery,0.05098107485514673,0.05237053648108271,0.04316412752875842
12,CA0360400,"Fontana, CA",robbery,0.05056456427533197,0.06502050557196735,0.043128217173368295
1,CA0370000,"San Diego, CA",robbery,-0.014718746777558186,-0.0012048202856762907,0.036384981907341706
2,CA0370000,"San Diego, CA",robbery,-0.10674012224271302,-0.0229609352342655,0.0365311534428612
3,CA0370000,"San Diego, CA",robbery,-0.12944676536406494,-0.04808567414799898,0.036536390666853234
4,CA0370000,"San Diego, CA",robbery,-0.07056587126363142,-0.05478224200676436,0.03657194419439704
5,CA0370000,"San Diego, CA",robbery,-0.006666007958024384,-0.030749562626141747,0.036536390666853234
6,CA0370000,"San Diego, CA",robbery,0.022721889338011475,0.008052915297994475,0.0365311534428612
7,CA0370000,"San Diego, CA",robbery,0.04369013349377921,0.034191961191461985,0.0363849819073417
8,CA0370000,"San Diego, CA",robbery,0.06242505534559063,0.03810941891033224,0.0365311534428612
9,CA0370000,"San Diego, CA",robbery,0.05616031175072153,0.030247016918280068,0.03653639066685324
10,CA0370000,"San Diego, CA",robbery,0.041594484547410396,0.02179510110097867,0.03657194419439704
11,CA0370000,"San Diego, CA",robbery,0.05098107485514673,0.015601078950074973,0.036536390666853234
12,CA0370000,"San Diego, CA",robbery,0.05056456427533197,0.009785741931724474,0.0365311534428612
1,CA0370100,"Carlsbad, CA",robbery,-0.014718746777558186,0.009099902040894907,0.05055982070791561
2,CA0370100,"Carlsbad, CA",robbery,-0.10674012224271302,-0.07469009075854881,0.05063729968911477
3,CA0370100,"Carlsbad, CA",robbery,-0.12944676536406494,-0.12072913180787978,0.050655441410801735
4,CA0370100,"Carlsbad, CA",robbery,-0.07056587126363142,-0.0913707482474474,0.0506760260419812
5,CA0370100,"Carlsbad, CA",robbery,-0.006666007958024384,-0.037930823353217194,0.05065544141080174
6,CA0370100,"Carlsbad, CA",robbery,0.022721889338011475,-0.0016511314451958653,0.05063729968911477
7,CA0370100,"Carlsbad, CA",robbery,0.04369013349377921,0.03385991606025759,0.050559820707915606
8,CA0370100,"Carlsbad, CA",robbery,0.06242505534559063,0.0702853674957113,0.05063729968911477
9,CA0370100,"Carlsbad, CA",robbery,0.05616031175072153,0.07336459044388981,0.05065544141080174
10,CA0370100,"Carlsbad, CA",robbery,0.041594484547410396,0.048410930146294905,0.0506760260419812
11,CA0370100,"Carlsbad, CA",robbery,0.05098107485514673,0.04233554661605465,0.050655441410801735
12,CA0370100,"Carlsbad, CA",robbery,0.05056456427533197,0.04901567280918587,0.05063729968911477
1,CA0370200,"Chula Vista, CA",robbery,-0.014718746777558186,-0.015572191855016302,0.0399819812279035
2,CA0370200,"Chula Vista, CA",robbery,-0.10674012224271302,-0.06213940730529302,0.04003608805846161
3,CA0370200,"Chula Vista, CA",robbery,-0.12944676536406494,-0.08356657039763331,0.040037522234210525
4,CA0370200,"Chula Vista, CA",robbery,-0.07056587126363142,-0.04592803326887555,0.04002898706954535
5,CA0370200,"Chula Vista, CA",robbery,-0.006666007958024384,0.0065244836498843505,0.04003752223421053
6,CA0370200,"Chula Vista, CA",robbery,0.022721889338011475,0.014509622939968573,0.04003608805846161
7,CA0370200,"Chula Vista, CA",robbery,0.04369013349377921,-9.431709376862244e-4,0.039981981227903494
8,CA0370200,"Chula Vista, CA",robbery,0.06242505534559063,0.015578455861403908,0.04003608805846161
9,CA0370200,"Chula Vista, CA",robbery,0.05616031175072153,0.05352098174644673,0.04003752223421053
10,CA0370200,"Chula Vista, CA",robbery,0.041594484547410396,0.06244339606157808,0.04002898706954535
11,CA0370200,"Chula Vista, CA",robbery,0.05098107485514673,0.04003646779400473,0.040037522234210525
12,CA0370200,"Chula Vista, CA",robbery,0.05056456427533197,0.01553596571121801,0.04003608805846161
1,CA0370500,"El Cajon, CA",robbery,-0.014718746777558186,0.006544550171858935,0.04463124997652734
2,CA0370500,"El Cajon, CA",robbery,-0.10674012224271302,-0.07506112011578717,0.04475094400830277
3,CA0370500,"El Cajon, CA",robbery,-0.12944676536406494,-0.1261605237848171,0.0447018016592277
4,CA0370500,"El Cajon, CA",robbery,-0.07056587126363142,-0.09642160514237734,0.04472841181359251
5,CA0370500,"El Cajon, CA",robbery,-0.006666007958024384,-0.04119590891188916,0.044701801659227706
6,CA0370500,"El Cajon, CA",robbery,0.022721889338011475,-0.023620013354801735,0.04475094400830277
7,CA0370500,"El Cajon, CA",robbery,0.04369013349377921,-0.011064726460337045,0.044631249976527336
8,CA0370500,"El Cajon, CA",robbery,0.06242505534559063,0.04309916969360249,0.04475094400830277
9,CA0370500,"El Cajon, CA",robbery,0.05616031175072153,0.09871874965111052,0.044701801659227706
10,CA0370500,"El Cajon, CA",robbery,0.041594484547410396,0.10094178143085547,0.04472841181359251
11,CA0370500,"El Cajon, CA",robbery,0.05098107485514673,0.0731578593340738,0.0447018016592277
12,CA0370500,"El Cajon, CA",robbery,0.05056456427533197,0.0510617874885083,0.04475094400830277
1,CA0370600,"Escondido, CA",robbery,-0.014718746777558186,-0.034016604165523184,0.04394569810228834
2,CA0370600,"Escondido, CA",robbery,-0.10674012224271302,-0.1224895910153758,0.04408531311080917
3,CA0370600,"Escondido, CA",robbery,-0.12944676536406494,-0.12147456694666459,0.044060424788042264
4,CA0370600,"Escondido, CA",robbery,-0.07056587126363142,-0.06516026201747144,0.04405515249226553
5,CA0370600,"Escondido, CA",robbery,-0.006666007958024384,-0.0280714838830533,0.044060424788042264
6,CA0370600,"Escondido, CA",robbery,0.022721889338011475,-0.003961307627415412,0.04408531311080917
7,CA0370600,"Escondido, CA",robbery,0.04369013349377921,0.04016354207571311,0.043945698102288336
8,CA0370600,"Escondido, CA",robbery,0.06242505534559063,0.07404507888625007,0.04408531311080917
9,CA0370600,"Escondido, CA",robbery,0.05616031175072153,0.06688311690734894,0.04406042478804227
10,CA0370600,"Escondido, CA",robbery,0.041594484547410396,0.05901332410728149,0.04405515249226553
11,CA0370600,"Escondido, CA",robbery,0.05098107485514673,0.07651599601217898,0.044060424788042264
12,CA0370600,"Escondido, CA",robbery,0.05056456427533197,0.05855275766673113,0.04408531311080917
1,CA0370800,"La Mesa, CA",robbery,-0.014718746777558186,-1.1881668885540374e-4,0.04934136798683865
2,CA0370800,"La Mesa, CA",robbery,-0.10674012224271302,-0.10102998185647377,0.049393207148633766
3,CA0370800,"La Mesa, CA",robbery,-0.12944676536406494,-0.13521855787486198,0.04940325028660816
4,CA0370800,"La Mesa, CA",robbery,-0.07056587126363142,-0.07126217189339269,0.04940138021510463
5,CA0370800,"La Mesa, CA",robbery,-0.006666007958024384,0.00500924646919405,0.049403250286608164
6,CA0370800,"La Mesa, CA",robbery,0.022721889338011475,0.029695809387207728,0.049393207148633766
7,CA0370800,"La Mesa, CA",robbery,0.04369013349377921,0.032003561836206514,0.04934136798683864
8,CA0370800,"La Mesa, CA",robbery,0.06242505534559063,0.04310653956388636,0.049393207148633766
9,CA0370800,"La Mesa, CA",robbery,0.05616031175072153,0.04541037043492347,0.049403250286608164
10,CA0370800,"La Mesa, CA",robbery,0.041594484547410396,0.03937742674604158,0.04940138021510463
11,CA0370800,"La Mesa, CA",robbery,0.05098107485514673,0.05291419582339332,0.04940325028660816
12,CA0370800,"La Mesa, CA",robbery,0.05056456427533197,0.060112378052730814,0.049393207148633766
1,CA0370900,"National City, CA",robbery,-0.014718746777558186,0.01617384654585064,0.045749014788053745
2,CA0370900,"National City, CA",robbery,-0.10674012224271302,-0.08736871823313183,0.04585343923399969
3,CA0370900,"National City, CA",robbery,-0.12944676536406494,-0.12909929147441707,0.04579247209633127
4,CA0370900,"National City, CA",robbery,-0.07056587126363142,-0.07540832642314807,0.04583331289332814
5,CA0370900,"National City, CA",robbery,-0.006666007958024384,-0.004992675745870056,0.04579247209633128
6,CA0370900,"National City, CA",robbery,0.022721889338011475,0.013143884568664374,0.04585343923399969
7,CA0370900,"National City, CA",robbery,0.04369013349377921,0.0035313802691760944,0.04574901478805373
8,CA0370900,"National City, CA",robbery,0.06242505534559063,0.011668819773583593,0.04585343923399969
9,CA0370900,"National City, CA",robbery,0.05616031175072153,0.03369416619984208,0.04579247209633128
10,CA0370900,"National City, CA",robbery,0.041594484547410396,0.05570309960812134,0.04583331289332814
11,CA0370900,"National City, CA",robbery,0.05098107485514673,0.08069257420541827,0.04579247209633127
12,CA0370900,"National City, CA",robbery,0.05056456427533197,0.08226124070591062,0.04585343923399969
1,CA0371000,"Oceanside, CA",robbery,-0.014718746777558186,-0.05157875084448756,0.04389364599197572
2,CA0371000,"Oceanside, CA",robbery,-0.10674012224271302,-0.09953907431958853,0.043999200513584476
3,CA0371000,"Oceanside, CA",robbery,-0.12944676536406494,-0.06361108877460434,0.04400375891802402
4,CA0371000,"Oceanside, CA",robbery,-0.07056587126363142,-0.022553085015734775,0.04404912878080897
5,CA0371000,"Oceanside, CA",robbery,-0.006666007958024384,-0.01770061698343966,0.04400375891802403
6,CA0371000,"Oceanside, CA",robbery,0.022721889338011475,0.012856442951803536,0.043999200513584476
7,CA0371000,"Oceanside, CA",robbery,0.04369013349377921,0.07629617245027483,0.04389364599197571
8,CA0371000,"Oceanside, CA",robbery,0.06242505534559063,0.08336240048096773,0.043999200513584476
9,CA0371000,"Oceanside, CA",robbery,0.05616031175072153,0.022716993330196285,0.04400375891802403
10,CA0371000,"Oceanside, CA",robbery,0.041594484547410396,-0.002164336590052522,0.04404912878080897
11,CA0371000,"Oceanside, CA",robbery,0.05098107485514673,0.03387729082206041,0.04400375891802402
12,CA0371000,"Oceanside, CA",robbery,0.05056456427533197,0.028037652492604613,0.043999200513584476
1,CA0371100,"San Diego, CA",robbery,-0.014718746777558186,-0.027245781229050102,0.03093293162228244
2,CA0371100,"San Diego, CA",robbery,-0.10674012224271302,-0.06297189907051551,0.03100234726943145
3,CA0371100,"San Diego, CA",robbery,-0.12944676536406494,-0.07142905645098849,0.031012247609115865
4,CA0371100,"San Diego, CA",robbery,-0.07056587126363142,-0.04641701169000113,0.031040452942770996
5,CA0371100,"San Diego, CA",robbery,-0.006666007958024384,-0.00953317390304405,0.03101224760911587
6,CA0371100,"San Diego, CA",robbery,0.022721889338011475,0.021132193873414275,0.03100234726943145
7,CA0371100,"San Diego, CA",robbery,0.04369013349377921,0.04242769984103984,0.030932931622282434
8,CA0371100,"San Diego, CA",robbery,0.06242505534559063,0.051297530970912074,0.03100234726943145
9,CA0371100,"San Diego, CA",robbery,0.05616031175072153,0.044572769739395335,0.031012247609115872
10,CA0371100,"San Diego, CA",robbery,0.041594484547410396,0.03123509307801139,0.031040452942770996
11,CA0371100,"San Diego, CA",robbery,0.05098107485514673,0.02120754200264745,0.031012247609115865
12,CA0371100,"San Diego, CA",robbery,0.05056456427533197,0.0057240928381789204,0.03100234726943145
1,CA0380100,"San Francisco, CA",robbery,-0.014718746777558186,-0.03228589639384971,0.028702302404390558
2,CA0380100,"San Francisco, CA",robbery,-0.10674012224271302,-0.03883685209669258,0.028744316211920657
3,CA0380100,"San Francisco, CA",robbery,-0.12944676536406494,-0.05963660968563025,0.02876679907296685
4,CA0380100,"San Francisco, CA",robbery,-0.07056587126363142,-0.07336553317924689,0.028778767148354926
5,CA0380100,"San Francisco, CA",robbery,-0.006666007958024384,-0.04209013043281983,0.028766799072966854
6,CA0380100,"San Francisco, CA",robbery,0.022721889338011475,0.012240874786781012,0.028744316211920657
7,CA0380100,"San Francisco, CA",robbery,0.04369013349377921,0.04012370949491784,0.028702302404390555
8,CA0380100,"San Francisco, CA",robbery,0.06242505534559063,0.0447868568017562,0.028744316211920657
9,CA0380100,"San Francisco, CA",robbery,0.05616031175072153,0.05774880128962575,0.028766799072966854
10,CA0380100,"San Francisco, CA",robbery,0.041594484547410396,0.06552772007817875,0.028778767148354926
11,CA0380100,"San Francisco, CA",robbery,0.05098107485514673,0.03614012572775616,0.02876679907296685
12,CA0380100,"San Francisco, CA",robbery,0.05056456427533197,-0.010353066390776478,0.028744316211920657
1,CA0390300,"Manteca, CA",robbery,-0.014718746777558186,0.006129362455990097,0.04828364724392893
2,CA0390300,"Manteca, CA",robbery,-0.10674012224271302,-0.10003681026167766,0.048388548974553865
3,CA0390300,"Manteca, CA",robbery,-0.12944676536406494,-0.12382832360946723,0.04840116991956074
4,CA0390300,"Manteca, CA",robbery,-0.07056587126363142,-0.040823095866920976,0.04842645075460218
5,CA0390300,"Manteca, CA",robbery,-0.006666007958024384,0.034844583112179486,0.04840116991956075
6,CA0390300,"Manteca, CA",robbery,0.022721889338011475,0.040585693054120034,0.048388548974553865
7,CA0390300,"Manteca, CA",robbery,0.04369013349377921,0.029461201785553677,0.048283647243928925
8,CA0390300,"Manteca, CA",robbery,0.06242505534559063,0.03373878390879963,0.048388548974553865
9,CA0390300,"Manteca, CA",robbery,0.05616031175072153,0.02193973301504544,0.048401169919560755
10,CA0390300,"Manteca, CA",robbery,0.041594484547410396,0.005232531625377202,0.04842645075460218
11,CA0390300,"Manteca, CA",robbery,0.05098107485514673,0.03145344324069851,0.04840116991956074
12,CA0390300,"Manteca, CA",robbery,0.05056456427533197,0.06130289754030178,0.048388548974553865
1,CA0390600,"Tracy, CA",robbery,-0.014718746777558186,-0.057906288141356864,0.048736985115742065
2,CA0390600,"Tracy, CA",robbery,-0.10674012224271302,-0.11638097173843795,0.04878396550684703
3,CA0390600,"Tracy, CA",robbery,-0.12944676536406494,-0.08221417288361227,0.04881514570370396
4,CA0390600,"Tracy, CA",robbery,-0.07056587126363142,-0.03063093997187449,0.048808892348621576
5,CA0390600,"Tracy, CA",robbery,-0.006666007958024384,-0.004558867403317472,0.04881514570370396
6,CA0390600,"Tracy, CA",robbery,0.022721889338011475,0.03342148858192152,0.04878396550684703
7,CA0390600,"Tracy, CA",robbery,0.04369013349377921,0.07450063197956505,0.04873698511574206
8,CA0390600,"Tracy, CA",robbery,0.06242505534559063,0.05719205353692119,0.048783965506847035
9,CA0390600,"Tracy, CA",robbery,0.05616031175072153,0.006430910843887322,0.04881514570370397
10,CA0390600,"Tracy, CA",robbery,0.041594484547410396,0.014036596133666271,0.048808892348621576
11,CA0390600,"Tracy, CA",robbery,0.05098107485514673,0.06374778560483418,0.04881514570370396
12,CA0390600,"Tracy, CA",robbery,0.05056456427533197,0.042361773457803516,0.04878396550684703
1,CA0410000,"San Mateo, CA",robbery,-0.014718746777558186,-0.024933291804395158,0.04892628549234123
2,CA0410000,"San Mateo, CA",robbery,-0.10674012224271302,-0.09053266910177059,0.04897831995947138
3,CA0410000,"San Mateo, CA",robbery,-0.12944676536406494,-0.09462752352044129,0.04899261055609083
4,CA0410000,"San Mateo, CA",robbery,-0.07056587126363142,-0.0274077386492195,0.0489993075149029
5,CA0410000,"San Mateo, CA",robbery,-0.006666007958024384,0.01961015381298186,0.04899261055609084
6,CA0410000,"San Mateo, CA",robbery,0.022721889338011475,0.014884076578645005,0.04897831995947138
7,CA0410000,"San Mateo, CA",robbery,0.04369013349377921,0.023484829395543704,0.04892628549234122
8,CA0410000,"San Mateo, CA",robbery,0.06242505534559063,0.06258169250261432,0.048978319959471384
9,CA0410000,"San Mateo, CA",robbery,0.05616031175072153,0.06812500933013652,0.04899261055609084
10,CA0410000,"San Mateo, CA",robbery,0.041594484547410396,0.028856201058070963,0.0489993075149029
11,CA0410000,"San Mateo, CA",robbery,0.05098107485514673,0.008340822786174366,0.04899261055609083
12,CA0410000,"San Mateo, CA",robbery,0.05056456427533197,0.011618437611659801,0.04897831995947138
1,CA0410600,"Daly City, CA",robbery,-0.014718746777558186,0.01945638811365174,0.046898159667728166
2,CA0410600,"Daly City, CA",robbery,-0.10674012224271302,-0.08734312382433475,0.04699228896149178
3,CA0410600,"Daly City, CA",robbery,-0.12944676536406494,-0.1221237936236642,0.04696934253776547
4,CA0410600,"Daly City, CA",robbery,-0.07056587126363142,-0.0692166910437774,0.046999601601594956
5,CA0410600,"Daly City, CA",robbery,-0.006666007958024384,-0.02437379942279598,0.04696934253776547
6,CA0410600,"Daly City, CA",robbery,0.022721889338011475,-0.01461605136544707,0.04699228896149178
7,CA0410600,"Daly City, CA",robbery,0.04369013349377921,0.017012985125651768,0.04689815966772816
8,CA0410600,"Daly City, CA",robbery,0.06242505534559063,0.06369493420826353,0.04699228896149178
9,CA0410600,"Daly City, CA",robbery,0.05616031175072153,0.06200623076828948,0.04696934253776547
10,CA0410600,"Daly City, CA",robbery,0.041594484547410396,0.032747317804473895,0.046999601601594956
11,CA0410600,"Daly City, CA",robbery,0.05098107485514673,0.04802198903886717,0.04696934253776547
12,CA0410600,"Daly City, CA",robbery,0.05056456427533197,0.0747336142208218,0.04699228896149178
1,CA0411300,"Redwood City, CA",robbery,-0.014718746777558186,-0.015403006033281229,0.04747024626189927
2,CA0411300,"Redwood City, CA",robbery,-0.10674012224271302,-0.09853551755804554,0.04755231897801961
3,CA0411300,"Redwood City, CA",robbery,-0.12944676536406494,-0.11412149779235806,0.04752738866960753
4,CA0411300,"Redwood City, CA",robbery,-0.07056587126363142,-0.06947673186573039,0.04756525435742046
5,CA0411300,"Redwood City, CA",robbery,-0.006666007958024384,-0.02074519759548739,0.04752738866960754
6,CA0411300,"Redwood City, CA",robbery,0.022721889338011475,0.015068037943471922,0.04755231897801961
7,CA0411300,"Redwood City, CA",robbery,0.04369013349377921,0.04593374296871621,0.04747024626189926
8,CA0411300,"Redwood City, CA",robbery,0.06242505534559063,0.05635394325154293,0.04755231897801961
9,CA0411300,"Redwood City, CA",robbery,0.05616031175072153,0.04140918655042047,0.04752738866960754
10,CA0411300,"Redwood City, CA",robbery,0.041594484547410396,0.0389459949302954,0.04756525435742046
11,CA0411300,"Redwood City, CA",robbery,0.05098107485514673,0.06292677190198996,0.04752738866960753
12,CA0411300,"Redwood City, CA",robbery,0.05056456427533197,0.05764427329846573,0.04755231897801961
1,CA0420400,"Santa Maria, CA",robbery,-0.014718746777558186,-0.01518753301019329,0.0429054466217517
2,CA0420400,"Santa Maria, CA",robbery,-0.10674012224271302,-0.1131168932186288,0.04299323065578887
3,CA0420400,"Santa Maria, CA",robbery,-0.12944676536406494,-0.0877447637009942,0.04296251209164785
4,CA0420400,"Santa Maria, CA",robbery,-0.07056587126363142,-0.0277546693270388,0.04299651006143322
5,CA0420400,"Santa Maria, CA",robbery,-0.006666007958024384,-0.04285003757475592,0.042962512091647864
6,CA0420400,"Santa Maria, CA",robbery,0.022721889338011475,-0.05434402378465669,0.04299323065578887
7,CA0420400,"Santa Maria, CA",robbery,0.04369013349377921,0.02400270081886578,0.04290544662175169
8,CA0420400,"Santa Maria, CA",robbery,0.06242505534559063,0.09332856636401463,0.04299323065578887
9,CA0420400,"Santa Maria, CA",robbery,0.05616031175072153,0.05914126903770755,0.042962512091647864
10,CA0420400,"Santa Maria, CA",robbery,0.041594484547410396,0.018939501518366292,0.04299651006143322
11,CA0420400,"Santa Maria, CA",robbery,0.05098107485514673,0.06263836442937004,0.04296251209164785
12,CA0420400,"Santa Maria, CA",robbery,0.05056456427533197,0.08294751844794342,0.04299323065578887
1,CA0430400,"Gilroy, CA",robbery,-0.014718746777558186,-0.01331601263330927,0.048237293768591635
2,CA0430400,"Gilroy, CA",robbery,-0.10674012224271302,-0.11928818040829818,0.04832499369713394
3,CA0430400,"Gilroy, CA",robbery,-0.12944676536406494,-0.13150452011131614,0.048300150507907307
4,CA0430400,"Gilroy, CA",robbery,-0.07056587126363142,-0.07588404688697156,0.04832758068230486
5,CA0430400,"Gilroy, CA",robbery,-0.006666007958024384,-0.03452050540477064,0.04830015050790732
6,CA0430400,"Gilroy, CA",robbery,0.022721889338011475,-0.01327539972057417,0.04832499369713394
7,CA0430400,"Gilroy, CA",robbery,0.04369013349377921,0.022146289399753452,0.04823729376859163
8,CA0430400,"Gilroy, CA",robbery,0.06242505534559063,0.053799419862521985,0.04832499369713394
9,CA0430400,"Gilroy, CA",robbery,0.05616031175072153,0.05718548279909575,0.04830015050790732
10,CA0430400,"Gilroy, CA",robbery,0.041594484547410396,0.06705377012052735,0.04832758068230486
11,CA0430400,"Gilroy, CA",robbery,0.05098107485514673,0.1000092659505468,0.048300150507907307
12,CA0430400,"Gilroy, CA",robbery,0.05056456427533197,0.08759443703279463,0.04832499369713394
1,CA0430800,"Milpitas, CA",robbery,-0.014718746777558186,0.01554793871129661,0.04897494058772279
2,CA0430800,"Milpitas, CA",robbery,-0.10674012224271302,-0.09011122556180894,0.04905434517252049
3,CA0430800,"Milpitas, CA",robbery,-0.12944676536406494,-0.14384391171316804,0.04906309942620296
4,CA0430800,"Milpitas, CA",robbery,-0.07056587126363142,-0.106025431398386,0.04910252639808194
5,CA0430800,"Milpitas, CA",robbery,-0.006666007958024384,-0.02951853611208233,0.04906309942620296
6,CA0430800,"Milpitas, CA",robbery,0.022721889338011475,0.02961210499293544,0.04905434517252049
7,CA0430800,"Milpitas, CA",robbery,0.04369013349377921,0.06019157036530082,0.04897494058772278
8,CA0430800,"Milpitas, CA",robbery,0.06242505534559063,0.06186824090674646,0.04905434517252049
9,CA0430800,"Milpitas, CA",robbery,0.05616031175072153,0.039861417981508156,0.04906309942620297
10,CA0430800,"Milpitas, CA",robbery,0.041594484547410396,0.030285922321788564,0.04910252639808194
11,CA0430800,"Milpitas, CA",robbery,0.05098107485514673,0.057761520767144775,0.04906309942620296
12,CA0430800,"Milpitas, CA",robbery,0.05056456427533197,0.07437038873872451,0.04905434517252049
1,CA0431100,"Mountain View, CA",robbery,-0.014718746777558186,-0.008474235680689784,0.05017407154792099
2,CA0431100,"Mountain View, CA",robbery,-0.10674012224271302,-0.05239888881197563,0.050240898213453324
3,CA0431100,"Mountain View, CA",robbery,-0.12944676536406494,-0.08650481643406813,0.05021812563173178
4,CA0431100,"Mountain View, CA",robbery,-0.07056587126363142,-0.0943170712720705,0.05021421051548034
5,CA0431100,"Mountain View, CA",robbery,-0.006666007958024384,-0.057402843355356295,0.050218125631731794
6,CA0431100,"Mountain View, CA",robbery,0.022721889338011475,0.0020828989941280656,0.050240898213453324
7,CA0431100,"Mountain View, CA",robbery,0.04369013349377921,0.03662869131432185,0.05017407154792098
8,CA0431100,"Mountain View, CA",robbery,0.06242505534559063,0.03893660122194917,0.050240898213453324
9,CA0431100,"Mountain View, CA",robbery,0.05616031175072153,0.0448880732104096,0.050218125631731794
10,CA0431100,"Mountain View, CA",robbery,0.041594484547410396,0.06616261563843842,0.05021421051548034
11,CA0431100,"Mountain View, CA",robbery,0.05098107485514673,0.07086513094538273,0.05021812563173179
12,CA0431100,"Mountain View, CA",robbery,0.05056456427533197,0.03953384422953052,0.050240898213453324
1,CA0431200,"Palo Alto, CA",robbery,-0.014718746777558186,0.004415666462656441,0.050877730056545306
2,CA0431200,"Palo Alto, CA",robbery,-0.10674012224271302,-0.10199924440240063,0.05093493209312543
3,CA0431200,"Palo Alto, CA",robbery,-0.12944676536406494,-0.13990018571098764,0.05094284752303492
4,CA0431200,"Palo Alto, CA",robbery,-0.07056587126363142,-0.08826888356368882,0.05096539561381312
5,CA0431200,"Palo Alto, CA",robbery,-0.006666007958024384,-0.0240211207743575,0.05094284752303493
6,CA0431200,"Palo Alto, CA",robbery,0.022721889338011475,0.016498950247574952,0.05093493209312543
7,CA0431200,"Palo Alto, CA",robbery,0.04369013349377921,0.05536698732923976,0.0508777300565453
8,CA0431200,"Palo Alto, CA",robbery,0.06242505534559063,0.0794153775842617,0.05093493209312543
9,CA0431200,"Palo Alto, CA",robbery,0.05616031175072153,0.05753366510095252,0.05094284752303493
10,CA0431200,"Palo Alto, CA",robbery,0.041594484547410396,0.028486229771792618,0.05096539561381312
11,CA0431200,"Palo Alto, CA",robbery,0.05098107485514673,0.046604987592496386,0.05094284752303492
12,CA0431200,"Palo Alto, CA",robbery,0.05056456427533197,0.0658675703624602,0.05093493209312543
1,CA0431400,"Santa Clara, CA",robbery,-0.014718746777558186,0.0075984162681498844,0.047678168536536
2,CA0431400,"Santa Clara, CA",robbery,-0.10674012224271302,-0.06420838043292867,0.04784082185500668
3,CA0431400,"Santa Clara, CA",robbery,-0.12944676536406494,-0.16100136822625008,0.04781353964725512
4,CA0431400,"Santa Clara, CA",robbery,-0.07056587126363142,-0.1455325411702641,0.047865607611594196
5,CA0431400,"Santa Clara, CA",robbery,-0.006666007958024384,-0.034768897640204424,0.04781353964725512
6,CA0431400,"Santa Clara, CA",robbery,0.022721889338011475,0.02896952696204753,0.04784082185500668
7,CA0431400,"Santa Clara, CA",robbery,0.04369013349377921,0.027317497076715914,0.047678168536536
8,CA0431400,"Santa Clara, CA",robbery,0.06242505534559063,0.06057856806416375,0.04784082185500668
9,CA0431400,"Santa Clara, CA",robbery,0.05616031175072153,0.12245564251261938,0.04781353964725513
10,CA0431400,"Santa Clara, CA",robbery,0.041594484547410396,0.11061662782539831,0.047865607611594196
11,CA0431400,"Santa Clara, CA",robbery,0.05098107485514673,0.03839871000896931,0.04781353964725512
12,CA0431400,"Santa Clara, CA",robbery,0.05056456427533197,0.009576198751583168,0.04784082185500668
1,CA0431600,"Sunnyvale, CA",robbery,-0.014718746777558186,-0.012919426695688787,0.04800003567215214
2,CA0431600,"Sunnyvale, CA",robbery,-0.10674012224271302,-0.09556333484178954,0.04807896656016601
3,CA0431600,"Sunnyvale, CA",robbery,-0.12944676536406494,-0.10891880531224415,0.048064929687232534
4,CA0431600,"Sunnyvale, CA",robbery,-0.07056587126363142,-0.05272163412366507,0.048075014548087644
5,CA0431600,"Sunnyvale, CA",robbery,-0.006666007958024384,-0.00567615893573186,0.04806492968723254
6,CA0431600,"Sunnyvale, CA",robbery,0.022721889338011475,0.008965215756705154,0.04807896656016601
7,CA0431600,"Sunnyvale, CA",robbery,0.04369013349377921,0.03052179246047964,0.04800003567215213
8,CA0431600,"Sunnyvale, CA",robbery,0.06242505534559063,0.05742119823032201,0.04807896656016601
9,CA0431600,"Sunnyvale, CA",robbery,0.05616031175072153,0.05317430293598579,0.04806492968723254
10,CA0431600,"Sunnyvale, CA",robbery,0.041594484547410396,0.0351192683588742,0.048075014548087644
11,CA0431600,"Sunnyvale, CA",robbery,0.05098107485514673,0.04381829554719935,0.048064929687232534
12,CA0431600,"Sunnyvale, CA",robbery,0.05056456427533197,0.04677928661955325,0.04807896656016601
1,CA0440000,"Santa Cruz, CA",robbery,-0.014718746777558186,0.007279673289593079,0.05123631303466042
2,CA0440000,"Santa Cruz, CA",robbery,-0.10674012224271302,-0.105720634241565,0.051283959624466885
3,CA0440000,"Santa Cruz, CA",robbery,-0.12944676536406494,-0.13582289205727813,0.051286467510093005
4,CA0440000,"Santa Cruz, CA",robbery,-0.07056587126363142,-0.07903542250618945,0.05130371895753273
5,CA0440000,"Santa Cruz, CA",robbery,-0.006666007958024384,-0.025721989624479486,0.05128646751009302
6,CA0440000,"Santa Cruz, CA",robbery,0.022721889338011475,0.0015755039135015028,0.051283959624466885
7,CA0440000,"Santa Cruz, CA",robbery,0.04369013349377921,0.04077154734487023,0.05123631303466041
8,CA0440000,"Santa Cruz, CA",robbery,0.06242505534559063,0.07203223643859702,0.051283959624466885
9,CA0440000,"Santa Cruz, CA",robbery,0.05616031175072153,0.05408327361984684,0.05128646751009302
10,CA0440000,"Santa Cruz, CA",robbery,0.041594484547410396,0.03098420187172613,0.05130371895753273
11,CA0440000,"Santa Cruz, CA",robbery,0.05098107485514673,0.05941038742744743,0.051286467510093005
12,CA0440000,"Santa Cruz, CA",robbery,0.05056456427533197,0.08016411452392982,0.051283959624466885
1,CA0440200,"Santa Cruz, CA",robbery,-0.014718746777558186,-0.05986838010265144,0.04699246899023658
2,CA0440200,"Santa Cruz, CA",robbery,-0.10674012224271302,-0.14966560721272643,0.04707361783744837
3,CA0440200,"Santa Cruz, CA",robbery,-0.12944676536406494,-0.1157308542893139,0.047007665274370225
4,CA0440200,"Santa Cruz, CA",robbery,-0.07056587126363142,-0.02376463883274177,0.04706608292179081
5,CA0440200,"Santa Cruz, CA",robbery,-0.006666007958024384,0.008339095935536585,0.04700766527437023
6,CA0440200,"Santa Cruz, CA",robbery,0.022721889338011475,0.007437010662969577,0.04707361783744837
7,CA0440200,"Santa Cruz, CA",robbery,0.04369013349377921,0.04962348345458407,0.046992468990236576
8,CA0440200,"Santa Cruz, CA",robbery,0.06242505534559063,0.09188574497405669,0.04707361783744837
9,CA0440200,"Santa Cruz, CA",robbery,0.05616031175072153,0.06819588869871152,0.04700766527437023
10,CA0440200,"Santa Cruz, CA",robbery,0.041594484547410396,0.03400953548080913,0.04706608292179081
11,CA0440200,"Santa Cruz, CA",robbery,0.05098107485514673,0.04944076630313311,0.047007665274370225
12,CA0440200,"Santa Cruz, CA",robbery,0.05056456427533197,0.04009795492763287,0.04707361783744837
1,CA0480300,"Fairfield, CA",robbery,-0.014718746777558186,-0.05329441227294161,0.04288799838565318
2,CA0480300,"Fairfield, CA",robbery,-0.10674012224271302,-0.11792360683397829,0.0429741212413548
3,CA0480300,"Fairfield, CA",robbery,-0.12944676536406494,-0.07372859886563728,0.04294512356031817
4,CA0480300,"Fairfield, CA",robbery,-0.07056587126363142,-0.016104732042683798,0.042937969114916257
5,CA0480300,"Fairfield, CA",robbery,-0.006666007958024384,-0.025028365192171897,0.042945123560318176
6,CA0480300,"Fairfield, CA",robbery,0.022721889338011475,-0.031165721497354838,0.0429741212413548
7,CA0480300,"Fairfield, CA",robbery,0.04369013349377921,0.02529987156243866,0.04288799838565317
8,CA0480300,"Fairfield, CA",robbery,0.06242505534559063,0.07254252047322451,0.0429741212413548
9,CA0480300,"Fairfield, CA",robbery,0.05616031175072153,0.05634205321538646,0.042945123560318176
10,CA0480300,"Fairfield, CA",robbery,0.041594484547410396,0.044099272753186744,0.042937969114916257
11,CA0480300,"Fairfield, CA",robbery,0.05098107485514673,0.07040945155292562,0.04294512356031817
12,CA0480300,"Fairfield, CA",robbery,0.05056456427533197,0.04855226714760573,0.0429741212413548
1,CA0480600,"Vacaville, CA",robbery,-0.014718746777558186,-0.023828876766756362,0.04898936833438881
2,CA0480600,"Vacaville, CA",robbery,-0.10674012224271302,-0.0994777973776434,0.04907715079342858
3,CA0480600,"Vacaville, CA",robbery,-0.12944676536406494,-0.08670136109451698,0.04903142107993863
4,CA0480600,"Vacaville, CA",robbery,-0.07056587126363142,-0.011774755805853823,0.04906503186934798
5,CA0480600,"Vacaville, CA",robbery,-0.006666007958024384,0.005834171790077365,0.049031421079938645
6,CA0480600,"Vacaville, CA",robbery,0.022721889338011475,-0.02360364945721052,0.04907715079342858
7,CA0480600,"Vacaville, CA",robbery,0.04369013349377921,0.005893296782128144,0.04898936833438881
8,CA0480600,"Vacaville, CA",robbery,0.06242505534559063,0.07799697871163921,0.04907715079342858
9,CA0480600,"Vacaville, CA",robbery,0.05616031175072153,0.08315612241314105,0.049031421079938645
10,CA0480600,"Vacaville, CA",robbery,0.041594484547410396,0.029710335790482063,0.04906503186934798
11,CA0480600,"Vacaville, CA",robbery,0.05098107485514673,0.015646646875926765,0.04903142107993863
12,CA0480600,"Vacaville, CA",robbery,0.05056456427533197,0.02714888813858646,0.04907715079342858
1,CA0480700,"Vallejo, CA",robbery,-0.014718746777558186,0.02387996529835357,0.037562984571565955
2,CA0480700,"Vallejo, CA",robbery,-0.10674012224271302,-0.021092602661407132,0.0376542132616939
3,CA0480700,"Vallejo, CA",robbery,-0.12944676536406494,-0.07103745632654915,0.03755953844871564
4,CA0480700,"Vallejo, CA",robbery,-0.07056587126363142,-0.08499015551028162,0.03762362131791859
5,CA0480700,"Vallejo, CA",robbery,-0.006666007958024384,-0.06752702979877295,0.037559538448715644
6,CA0480700,"Vallejo, CA",robbery,0.022721889338011475,-0.053602221536834964,0.0376542132616939
7,CA0480700,"Vallejo, CA",robbery,0.04369013349377921,-0.03665067759521795,0.03756298457156595
8,CA0480700,"Vallejo, CA",robbery,0.06242505534559063,0.01373476655462568,0.0376542132616939
9,CA0480700,"Vallejo, CA",robbery,0.05616031175072153,0.07645033251663208,0.037559538448715644
10,CA0480700,"Vallejo, CA",robbery,0.041594484547410396,0.09776086780714602,0.03762362131791859
11,CA0480700,"Vallejo, CA",robbery,0.05098107485514673,0.07488486590555438,0.03755953844871564
12,CA0480700,"Vallejo, CA",robbery,0.05056456427533197,0.04818934534675202,0.0376542132616939
1,CA0490000,"Sonoma, CA",robbery,-0.014718746777558186,-0.03646598186836433,0.05111665039566182
2,CA0490000,"Sonoma, CA",robbery,-0.10674012224271302,-0.11837120555054903,0.051182302220806525
3,CA0490000,"Sonoma, CA",robbery,-0.12944676536406494,-0.12635773263173108,0.051154815757439416
4,CA0490000,"Sonoma, CA",robbery,-0.07056587126363142,-0.05901420977194309,0.05115305875350322
5,CA0490000,"Sonoma, CA",robbery,-0.006666007958024384,8.935117946735556e-4,0.05115481575743943
6,CA0490000,"Sonoma, CA",robbery,0.022721889338011475,0.035815151548523744,0.051182302220806525
7,CA0490000,"Sonoma, CA",robbery,0.04369013349377921,0.08216207646447671,0.051116650395661815
8,CA0490000,"Sonoma, CA",robbery,0.06242505534559063,0.11228778886915483,0.051182302220806525
9,CA0490000,"Sonoma, CA",robbery,0.05616031175072153,0.07457822135422454,0.05115481575743943
10,CA0490000,"Sonoma, CA",robbery,0.041594484547410396,0.013318115175830722,0.05115305875350322
11,CA0490000,"Sonoma, CA",robbery,0.05098107485514673,0.005189904886720593,0.051154815757439416
12,CA0490000,"Sonoma, CA",robbery,0.05056456427533197,0.01596435972898286,0.051182302220806525
1,CA0490500,"Santa Rosa, CA",robbery,-0.014718746777558186,-0.03639682434643532,0.045175906812305
2,CA0490500,"Santa Rosa, CA",robbery,-0.10674012224271302,-0.1331912719380754,0.04529585216002365
3,CA0490500,"Santa Rosa, CA",robbery,-0.12944676536406494,-0.11439642559173767,0.04524836002367954
4,CA0490500,"Santa Rosa, CA",robbery,-0.07056587126363142,-0.02518634099464146,0.04528401355688105
5,CA0490500,"Santa Rosa, CA",robbery,-0.006666007958024384,4.1024906436122523e-05,0.04524836002367954
6,CA0490500,"Santa Rosa, CA",robbery,0.022721889338011475,-0.009286647472726985,0.04529585216002365
7,CA0490500,"Santa Rosa, CA",robbery,0.04369013349377921,0.0506547492139323,0.045175906812304996
8,CA0490500,"Santa Rosa, CA",robbery,0.06242505534559063,0.12239787068814031,0.04529585216002365
9,CA0490500,"Santa Rosa, CA",robbery,0.05616031175072153,0.08934509947430563,0.045248360023679546
10,CA0490500,"Santa Rosa, CA",robbery,0.041594484547410396,0.010928416127144475,0.04528401355688105
11,CA0490500,"Santa Rosa, CA",robbery,0.05098107485514673,0.010752376343498904,0.04524836002367954
12,CA0490500,"Santa Rosa, CA",robbery,0.05056456427533197,0.03433797359015908,0.04529585216002365
1,CA0490800,"Petaluma, CA",robbery,-0.014718746777558186,0.01873444181835198,0.05158274045703999
2,CA0490800,"Petaluma, CA",robbery,-0.10674012224271302,-0.08568954095102775,0.05162410572146533
3,CA0490800,"Petaluma, CA",robbery,-0.12944676536406494,-0.10992324928899343,0.05159820037419373
4,CA0490800,"Petaluma, CA",robbery,-0.07056587126363142,-0.04522934928727905,0.05160400682045459
5,CA0490800,"Petaluma, CA",robbery,-0.006666007958024384,-0.0016780976217874017,0.05159820037419373
6,CA0490800,"Petaluma, CA",robbery,0.022721889338011475,-0.008751930772455719,0.05162410572146533
7,CA0490800,"Petaluma, CA",robbery,0.04369013349377921,0.004212142374195451,0.051582740457039984
8,CA0490800,"Petaluma, CA",robbery,0.06242505534559063,0.043154289910156386,0.05162410572146533
9,CA0490800,"Petaluma, CA",robbery,0.05616031175072153,0.04444141405557466,0.051598200374193735
10,CA0490800,"Petaluma, CA",robbery,0.041594484547410396,0.022282765094731635,0.05160400682045459
11,CA0490800,"Petaluma, CA",robbery,0.05098107485514673,0.04421334866265873,0.05159820037419373
12,CA0490800,"Petaluma, CA",robbery,0.05056456427533197,0.0742337660058745,0.05162410572146533
1,CA0540000,"Tulare, CA",robbery,-0.014718746777558186,0.020669185766753702,0.048542047083601825
2,CA0540000,"Tulare, CA",robbery,-0.10674012224271302,-0.07895625361098088,0.048635940091336954
3,CA0540000,"Tulare, CA",robbery,-0.12944676536406494,-0.11587942390616585,0.048631881114470206
4,CA0540000,"Tulare, CA",robbery,-0.07056587126363142,-0.060737832707764186,0.04868205580831789
5,CA0540000,"Tulare, CA",robbery,-0.006666007958024384,-0.0073645602512885005,0.04863188111447021
6,CA0540000,"Tulare, CA",robbery,0.022721889338011475,0.008278460181096563,0.048635940091336954
7,CA0540000,"Tulare, CA",robbery,0.04369013349377921,0.037554596577771215,0.04854204708360182
8,CA0540000,"Tulare, CA",robbery,0.06242505534559063,0.07296855642127693,0.048635940091336954
9,CA0540000,"Tulare, CA",robbery,0.05616031175072153,0.05166794437193701,0.04863188111447022
10,CA0540000,"Tulare, CA",robbery,0.041594484547410396,0.002514050363239272,0.04868205580831789
11,CA0540000,"Tulare, CA",robbery,0.05098107485514673,0.013352257440992412,0.048631881114470206
12,CA0540000,"Tulare, CA",robbery,0.05056456427533197,0.05593301935313229,0.04863594009133695
1,CA0540500,"Porterville, CA",robbery,-0.014718746777558186,-0.037831374194332676,0.04992684692747966
2,CA0540500,"Porterville, CA",robbery,-0.10674012224271302,-0.09430657619717822,0.04997245223991862
3,CA0540500,"Porterville, CA",robbery,-0.12944676536406494,-0.08035477272403667,0.04997925274354394
4,CA0540500,"Porterville, CA",robbery,-0.07056587126363142,0.0022431066205939334,0.050063436563918144
5,CA0540500,"Porterville, CA",robbery,-0.006666007958024384,0.05550571094340762,0.04997925274354395
6,CA0540500,"Porterville, CA",robbery,0.022721889338011475,0.03448311893770682,0.04997245223991862
7,CA0540500,"Porterville, CA",robbery,0.04369013349377921,0.00423423485189968,0.04992684692747965
8,CA0540500,"Porterville, CA",robbery,0.06242505534559063,0.015839878734158222,0.04997245223991863
9,CA0540500,"Porterville, CA",robbery,0.05616031175072153,0.03548521460344965,0.04997925274354395
10,CA0540500,"Porterville, CA",robbery,0.041594484547410396,0.03135403272183907,0.050063436563918144
11,CA0540500,"Porterville, CA",robbery,0.05098107485514673,0.02296098651961235,0.04997925274354394
12,CA0540500,"Porterville, CA",robbery,0.05056456427533197,0.010386439182880203,0.04997245223991862
1,CA0540600,"Tulare, CA",robbery,-0.014718746777558186,0.013740121801192048,0.048694656462073466
2,CA0540600,"Tulare, CA",robbery,-0.10674012224271302,-0.09972391935351245,0.04876015389331253
3,CA0540600,"Tulare, CA",robbery,-0.12944676536406494,-0.1408354345122556,0.048780033174813095
4,CA0540600,"Tulare, CA",robbery,-0.07056587126363142,-0.06786936214967101,0.048780166330426554
5,CA0540600,"Tulare, CA",robbery,-0.006666007958024384,0.005154595211117646,0.0487800331748131
6,CA0540600,"Tulare, CA",robbery,0.022721889338011475,0.01757181033140782,0.04876015389331253
7,CA0540600,"Tulare, CA",robbery,0.04369013349377921,0.03301967624766688,0.04869465646207346
8,CA0540600,"Tulare, CA",robbery,0.06242505534559063,0.07134159263689115,0.04876015389331253
9,CA0540600,"Tulare, CA",robbery,0.05616031175072153,0.0656933097467754,0.0487800331748131
10,CA0540600,"Tulare, CA",robbery,0.041594484547410396,0.021109564100812103,0.048780166330426554
11,CA0540600,"Tulare, CA",robbery,0.05098107485514673,0.023227731505503627,0.048780033174813095
12,CA0540600,"Tulare, CA",robbery,0.05056456427533197,0.057570314434072394,0.04876015389331253
1,CA0540700,"Visalia, CA",robbery,-0.014718746777558186,0.017584088723228586,0.044588084772421696
2,CA0540700,"Visalia, CA",robbery,-0.10674012224271302,-0.059936983351820725,0.04472201221446808
3,CA0540700,"Visalia, CA",robbery,-0.12944676536406494,-0.10861004983496882,0.04473445119688937
4,CA0540700,"Visalia, CA",robbery,-0.07056587126363142,-0.06934095926563932,0.044784928007439696
5,CA0540700,"Visalia, CA",robbery,-0.006666007958024384,0.005297674058533718,0.04473445119688938
6,CA0540700,"Visalia, CA",robbery,0.022721889338011475,0.041099734275011734,0.04472201221446808
7,CA0540700,"Visalia, CA",robbery,0.04369013349377921,0.04094495343025724,0.04458808477242169
8,CA0540700,"Visalia, CA",robbery,0.06242505534559063,0.03765844297844374,0.04472201221446808
9,CA0540700,"Visalia, CA",robbery,0.05616031175072153,0.027802467308106028,0.04473445119688938
10,CA0540700,"Visalia, CA",robbery,0.041594484547410396,0.010811917112153499,0.044784928007439696
11,CA0540700,"Visalia, CA",robbery,0.05098107485514673,0.016980866314843242,0.04473445119688937
12,CA0540700,"Visalia, CA",robbery,0.05056456427533197,0.03970784825185106,0.04472201221446808
1,CA0560100,"Camarillo, CA",robbery,-0.014718746777558186,0.002593246015401912,0.05302863884612858
2,CA0560100,"Camarillo, CA",robbery,-0.10674012224271302,-0.10138895030073714,0.05306642434596503
3,CA0560100,"Camarillo, CA",robbery,-0.12944676536406494,-0.14047916128085325,0.053062626823575286
4,CA0560100,"Camarillo, CA",robbery,-0.07056587126363142,-0.07760506815875988,0.0530642146796716
5,CA0560100,"Camarillo, CA",robbery,-0.006666007958024384,0.0012304941646936747,0.053062626823575286
6,CA0560100,"Camarillo, CA",robbery,0.022721889338011475,0.0278269057692283,0.05306642434596503
7,CA0560100,"Camarillo, CA",robbery,0.04369013349377921,0.03132130022662881,0.05302863884612857
8,CA0560100,"Camarillo, CA",robbery,0.06242505534559063,0.045440466542450084,0.05306642434596503
9,CA0560100,"Camarillo, CA",robbery,0.05616031175072153,0.050616131280535465,0.05306262682357529
10,CA0560100,"Camarillo, CA",robbery,0.041594484547410396,0.04369052191672916,0.0530642146796716
11,CA0560100,"Camarillo, CA",robbery,0.05098107485514673,0.05471798959359334,0.053062626823575286
12,CA0560100,"Camarillo, CA",robbery,0.05056456427533197,0.06203612423108949,0.05306642434596502
1,CA0560400,"Oxnard, CA",robbery,-0.014718746777558186,-0.014509298842147536,0.03995946354713894
2,CA0560400,"Oxnard, CA",robbery,-0.10674012224271302,-0.08792218871373914,0.040095853267986495
3,CA0560400,"Oxnard, CA",robbery,-0.12944676536406494,-0.10695709164234024,0.040062578837238315
4,CA0560400,"Oxnard, CA",robbery,-0.07056587126363142,-0.05162417243324094,0.04011450653876748
5,CA0560400,"Oxnard, CA",robbery,-0.006666007958024384,0.018774692011809386,0.04006257883723832
6,CA0560400,"Oxnard, CA",robbery,0.022721889338011475,0.0424786990837816,0.040095853267986495
7,CA0560400,"Oxnard, CA",robbery,0.04369013349377921,0.02555924771226729,0.03995946354713893
8,CA0560400,"Oxnard, CA",robbery,0.06242505534559063,0.011402812964568314,0.040095853267986495
9,CA0560400,"Oxnard, CA",robbery,0.05616031175072153,0.019387767023049653,0.04006257883723832
10,CA0560400,"Oxnard, CA",robbery,0.041594484547410396,0.04057422356312119,0.04011450653876748
11,CA0560400,"Oxnard, CA",robbery,0.05098107485514673,0.057744683737361406,0.040062578837238315
12,CA0560400,"Oxnard, CA",robbery,0.05056456427533197,0.045090625535509,0.040095853267986495
1,CA0560700,"Thousand Oaks, CA",robbery,-0.014718746777558186,-0.042666489206080155,0.052136001460201656
2,CA0560700,"Thousand Oaks, CA",robbery,-0.10674012224271302,-0.10968212970482265,0.05216323576008236
3,CA0560700,"Thousand Oaks, CA",robbery,-0.12944676536406494,-0.12373415599415591,0.05217040019377328
4,CA0560700,"Thousand Oaks, CA",robbery,-0.07056587126363142,-0.08970776496687546,0.05216924042487105
5,CA0560700,"Thousand Oaks, CA",robbery,-0.006666007958024384,-0.027837470170679394,0.05217040019377329
6,CA0560700,"Thousand Oaks, CA",robbery,0.022721889338011475,0.03719221326426701,0.05216323576008236
7,CA0560700,"Thousand Oaks, CA",robbery,0.04369013349377921,0.07169264700599415,0.05213600146020165
8,CA0560700,"Thousand Oaks, CA",robbery,0.06242505534559063,0.06390157616990765,0.05216323576008236
9,CA0560700,"Thousand Oaks, CA",robbery,0.05616031175072153,0.04892744465932691,0.052170400193773295
10,CA0560700,"Thousand Oaks, CA",robbery,0.041594484547410396,0.06068160716696146,0.05216924042487105
11,CA0560700,"Thousand Oaks, CA",robbery,0.05098107485514673,0.07361802370559435,0.05217040019377329
12,CA0560700,"Thousand Oaks, CA",robbery,0.05056456427533197,0.037614498070562066,0.05216323576008236
1,CA0560800,"Ventura, CA",robbery,-0.014718746777558186,-0.010144984649876265,0.04689720987302158
2,CA0560800,"Ventura, CA",robbery,-0.10674012224271302,-0.09333299056727307,0.04699374898782764
3,CA0560800,"Ventura, CA",robbery,-0.12944676536406494,-0.10264475435414933,0.04699336386847712
4,CA0560800,"Ventura, CA",robbery,-0.07056587126363142,-0.06354433617544368,0.04700850012251314
5,CA0560800,"Ventura, CA",robbery,-0.006666007958024384,-0.028139511429317553,0.04699336386847713
6,CA0560800,"Ventura, CA",robbery,0.022721889338011475,0.0086878466304105,0.04699374898782764
7,CA0560800,"Ventura, CA",robbery,0.04369013349377921,0.05055523138924577,0.046897209873021574
8,CA0560800,"Ventura, CA",robbery,0.06242505534559063,0.056848313086977506,0.04699374898782765
9,CA0560800,"Ventura, CA",robbery,0.05616031175072153,0.02574983013448426,0.04699336386847713
10,CA0560800,"Ventura, CA",robbery,0.041594484547410396,0.023134089436074166,0.04700850012251314
11,CA0560800,"Ventura, CA",robbery,0.05098107485514673,0.06462418890961308,0.04699336386847712
12,CA0560800,"Ventura, CA",robbery,0.05056456427533197,0.06820707758925462,0.04699374898782764
1,CA0560900,"Simi Valley, CA",robbery,-0.014718746777558186,-0.04717492690258689,0.0515420851384966
2,CA0560900,"Simi Valley, CA",robbery,-0.10674012224271302,-0.10381619942743672,0.05156588648949926
3,CA0560900,"Simi Valley, CA",robbery,-0.12944676536406494,-0.09197376273702054,0.051591687013354405
4,CA0560900,"Simi Valley, CA",robbery,-0.07056587126363142,-0.04392803586275821,0.05159285759862706
5,CA0560900,"Simi Valley, CA",robbery,-0.006666007958024384,0.004356766513439434,0.05159168701335441
6,CA0560900,"Simi Valley, CA",robbery,0.022721889338011475,0.04457085050400307,0.05156588648949926
7,CA0560900,"Simi Valley, CA",robbery,0.04369013349377921,0.05989444956064991,0.05154208513849659
8,CA0560900,"Simi Valley, CA",robbery,0.06242505534559063,0.0369378693583212,0.05156588648949926
9,CA0560900,"Simi Valley, CA",robbery,0.05616031175072153,0.012375910009841975,0.05159168701335442
10,CA0560900,"Simi Valley, CA",robbery,0.041594484547410396,0.03120851320469516,0.05159285759862706
11,CA0560900,"Simi Valley, CA",robbery,0.05098107485514673,0.06252156355567606,0.05159168701335441
12,CA0560900,"Simi Valley, CA",robbery,0.05056456427533197,0.035027002223175556,0.05156588648949926
1,CA0570100,"Davis, CA",robbery,-0.014718746777558186,-0.027108615091803206,0.05153483720359996
2,CA0570100,"Davis, CA",robbery,-0.10674012224271302,-0.10446225985620852,0.05157963380415037
3,CA0570100,"Davis, CA",robbery,-0.12944676536406494,-0.12452513740226255,0.05155780713731006
4,CA0570100,"Davis, CA",robbery,-0.07056587126363142,-0.06281585438665675,0.051577690675984965
5,CA0570100,"Davis, CA",robbery,-0.006666007958024384,0.008586439820696585,0.05155780713731007
6,CA0570100,"Davis, CA",robbery,0.022721889338011475,0.02913245890460925,0.05157963380415037
7,CA0570100,"Davis, CA",robbery,0.04369013349377921,0.026699367676927467,0.051534837203599956
8,CA0570100,"Davis, CA",robbery,0.06242505534559063,0.043506005162096,0.05157963380415037
9,CA0570100,"Davis, CA",robbery,0.05616031175072153,0.06397813012302576,0.05155780713731007
10,CA0570100,"Davis, CA",robbery,0.041594484547410396,0.0632251018015325,0.051577690675984965
11,CA0570100,"Davis, CA",robbery,0.05098107485514673,0.0523698148734159,0.05155780713731006
12,CA0570100,"Davis, CA",robbery,0.05056456427533197,0.031414548374627566,0.051579633804150364
1,CO0010000,"Adams, CO",robbery,-0.014718746777558186,-0.0036889198470784926,0.04862762972561033
2,CO0010000,"Adams, CO",robbery,-0.10674012224271302,-0.10122975662104021,0.048724150570084265
3,CO0010000,"Adams, CO",robbery,-0.12944676536406494,-0.11936805509278015,0.04871719038596865
4,CO0010000,"Adams, CO",robbery,-0.07056587126363142,-0.046950293974495697,0.048746916097719056
5,CO0010000,"Adams, CO",robbery,-0.006666007958024384,0.005263547156369996,0.04871719038596865
6,CO0010000,"Adams, CO",robbery,0.022721889338011475,0.009048807818003178,0.048724150570084265
7,CO0010000,"Adams, CO",robbery,0.04369013349377921,0.03525303601778052,0.04862762972561032
8,CO0010000,"Adams, CO",robbery,0.06242505534559063,0.079535565521882165,0.048724150570084265
9,CO0010000,"Adams, CO",robbery,0.05616031175072153,0.0661097478229201,0.04871719038596865
10,CO0010000,"Adams, CO",robbery,0.041594484547410396,0.015386177803793673,0.048746916097719056
11,CO0010000,"Adams, CO",robbery,0.05098107485514673,0.016430643942788006,0.04871719038596865
12,CO0010000,"Adams, CO",robbery,0.05056456427533197,0.044209499451856885,0.048724150570084265
1,CO0010100,"Aurora, CO",robbery,-0.014718746777558186,-0.03106686913291708,0.03422058460909759
2,CO0010100,"Aurora, CO",robbery,-0.10674012224271302,-0.11634551997920199,0.03425162424866842
3,CO0010100,"Aurora, CO",robbery,-0.12944676536406494,-0.14990359537382353,0.03434816638269598
4,CO0010100,"Aurora, CO",robbery,-0.07056587126363142,-0.10044333806332516,0.03431580336810463
5,CO0010100,"Aurora, CO",robbery,-0.006666007958024384,-0.016681667506956568,0.03434816638269598
6,CO0010100,"Aurora, CO",robbery,0.022721889338011475,0.06250003692177462,0.03425162424866842
7,CO0010100,"Aurora, CO",robbery,0.04369013349377921,0.12341559566436283,0.03422058460909758
8,CO0010100,"Aurora, CO",robbery,0.06242505534559063,0.132378261422837,0.03425162424866842
9,CO0010100,"Aurora, CO",robbery,0.05616031175072153,0.07358761028601282,0.034348166382695985
10,CO0010100,"Aurora, CO",robbery,0.041594484547410396,0.008094611531879388,0.03431580336810463
11,CO0010100,"Aurora, CO",robbery,0.05098107485514673,6.489260633214927e-4,0.03434816638269598
12,CO0010100,"Aurora, CO",robbery,0.05056456427533197,0.01381594816603617,0.03425162424866842
1,CO0010400,"Thornton, CO",robbery,-0.014718746777558186,0.04216655722711842,0.047890916177967695
2,CO0010400,"Thornton, CO",robbery,-0.10674012224271302,-0.09307991294709199,0.0479483580955639
3,CO0010400,"Thornton, CO",robbery,-0.12944676536406494,-0.14604235913632208,0.04796132449179056
4,CO0010400,"Thornton, CO",robbery,-0.07056587126363142,-0.06716339496990892,0.04795591978433775
5,CO0010400,"Thornton, CO",robbery,-0.006666007958024384,0.010644625982421354,0.047961324491790566
6,CO0010400,"Thornton, CO",robbery,0.022721889338011475,0.010400240834731251,0.0479483580955639
7,CO0010400,"Thornton, CO",robbery,0.04369013349377921,0.005669715389473361,0.04789091617796769
8,CO0010400,"Thornton, CO",robbery,0.06242505534559063,0.03634416562654579,0.047948358095563894
9,CO0010400,"Thornton, CO",robbery,0.05616031175072153,0.0414703391991841,0.047961324491790566
10,CO0010400,"Thornton, CO",robbery,0.041594484547410396,0.01932712235331715,0.04795591978433775
11,CO0010400,"Thornton, CO",robbery,0.05098107485514673,0.046091121338124826,0.04796132449179056
12,CO0010400,"Thornton, CO",robbery,0.05056456427533197,0.0941717791024067,0.047948358095563894
1,CO0030000,"Arapahoe, CO",robbery,-0.014718746777558186,-0.01643228783516132,0.051432390850575965
2,CO0030000,"Arapahoe, CO",robbery,-0.10674012224271302,-0.12153041938562932,0.05148375176160262
3,CO0030000,"Arapahoe, CO",robbery,-0.12944676536406494,-0.12500728292895477,0.05148741327000933
4,CO0030000,"Arapahoe, CO",robbery,-0.07056587126363142,-0.06072858513636094,0.05147901670455369
5,CO0030000,"Arapahoe, CO",robbery,-0.006666007958024384,-0.011565457516610407,0.05148741327000934
6,CO0030000,"Arapahoe, CO",robbery,0.022721889338011475,0.018414035973160846,0.05148375176160262
7,CO0030000,"Arapahoe, CO",robbery,0.04369013349377921,0.04915507584825572,0.05143239085057596
8,CO0030000,"Arapahoe, CO",robbery,0.06242505534559063,0.051338097218239856,0.05148375176160262
9,CO0030000,"Arapahoe, CO",robbery,0.05616031175072153,0.022092172748470897,0.051487413270009344
10,CO0030000,"Arapahoe, CO",robbery,0.041594484547410396,0.028005797123266517,0.05147901670455369
11,CO0030000,"Arapahoe, CO",robbery,0.05098107485514673,0.08175777968399983,0.05148741327000933
12,CO0030000,"Arapahoe, CO",robbery,0.05056456427533197,0.08450107420732308,0.05148375176160262
1,CO0031100,"Centennial, CO",robbery,-0.014718746777558186,-0.0181955860231823,0.052190932919772955
2,CO0031100,"Centennial, CO",robbery,-0.10674012224271302,-0.10245801797517827,0.05222267864181588
3,CO0031100,"Centennial, CO",robbery,-0.12944676536406494,-0.10819088650815495,0.05222094503542066
4,CO0031100,"Centennial, CO",robbery,-0.07056587126363142,-0.06307924146156998,0.05222869086875094
5,CO0031100,"Centennial, CO",robbery,-0.006666007958024384,-0.028434549561621444,0.052220945035420664
6,CO0031100,"Centennial, CO",robbery,0.022721889338011475,0.0034600693529898328,0.05222267864181588
7,CO0031100,"Centennial, CO",robbery,0.04369013349377921,0.0495752804788765,0.05219093291977295
8,CO0031100,"Centennial, CO",robbery,0.06242505534559063,0.06906888752437343,0.05222267864181588
9,CO0031100,"Centennial, CO",robbery,0.05616031175072153,0.043422061601655904,0.05222094503542067
10,CO0031100,"Centennial, CO",robbery,0.041594484547410396,0.03169954700587577,0.05222869086875094
11,CO0031100,"Centennial, CO",robbery,0.05098107485514673,0.06182368001242625,0.05222094503542066
12,CO0031100,"Centennial, CO",robbery,0.05056456427533197,0.06130875555350928,0.05222267864181588
1,CO0070100,"Boulder, CO",robbery,-0.014718746777558186,-0.013779769454609916,0.04995921139110985
2,CO0070100,"Boulder, CO",robbery,-0.10674012224271302,-0.1050977932393276,0.05000653540279566
3,CO0070100,"Boulder, CO",robbery,-0.12944676536406494,-0.12431732073747179,0.050001345656265586
4,CO0070100,"Boulder, CO",robbery,-0.07056587126363142,-0.058123399073105646,0.05000353556897457
5,CO0070100,"Boulder, CO",robbery,-0.006666007958024384,0.005636171984528404,0.05000134565626559
6,CO0070100,"Boulder, CO",robbery,0.022721889338011475,0.020374706825613577,0.05000653540279566
7,CO0070100,"Boulder, CO",robbery,0.04369013349377921,0.026325059845209664,0.04995921139110984
8,CO0070100,"Boulder, CO",robbery,0.06242505534559063,0.04680330381139256,0.05000653540279566
9,CO0070100,"Boulder, CO",robbery,0.05616031175072153,0.053477540918937014,0.05000134565626559
10,CO0070100,"Boulder, CO",robbery,0.041594484547410396,0.045578108682505905,0.05000353556897457
11,CO0070100,"Boulder, CO",robbery,0.05098107485514673,0.052658317443406585,0.050001345656265586
12,CO0070100,"Boulder, CO",robbery,0.05056456427533197,0.05046507299292122,0.05000653540279566
1,CO0180000,"Douglas, CO",robbery,-0.014718746777558186,-0.03393590489693438,0.05264544990019209
2,CO0180000,"Douglas, CO",robbery,-0.10674012224271302,-0.11457566132466553,0.05267861379334323
3,CO0180000,"Douglas, CO",robbery,-0.12944676536406494,-0.11554540196477332,0.05268539654082531
4,CO0180000,"Douglas, CO",robbery,-0.07056587126363142,-0.051749218639484756,0.052685365370205094
5,CO0180000,"Douglas, CO",robbery,-0.006666007958024384,0.0092319401518188,0.05268539654082532
6,CO0180000,"Douglas, CO",robbery,0.022721889338011475,0.042497528098798976,0.05267861379334323
7,CO0180000,"Douglas, CO",robbery,0.04369013349377921,0.05733249648645741,0.05264544990019208
8,CO0180000,"Douglas, CO",robbery,0.06242505534559063,0.049758774690539714,0.05267861379334323
9,CO0180000,"Douglas, CO",robbery,0.05616031175072153,0.02733192374112447,0.052685396540825324
10,CO0180000,"Douglas, CO",robbery,0.041594484547410396,0.028352627049961714,0.052685365370205094
11,CO0180000,"Douglas, CO",robbery,0.05098107485514673,0.055584946482306975,0.05268539654082531
12,CO0180000,"Douglas, CO",robbery,0.05056456427533197,0.045715950124849934,0.05267861379334323
1,CO0180500,"Parker, CO",robbery,-0.014718746777558186,-0.015927486551024998,0.05406662335182881
2,CO0180500,"Parker, CO",robbery,-0.10674012224271302,-0.124894585704736,0.054089117461958415
3,CO0180500,"Parker, CO",robbery,-0.12944676536406494,-0.1417288277972908,0.05407965758901845
4,CO0180500,"Parker, CO",robbery,-0.07056587126363142,-0.06936718074392166,0.054090709266356854
5,CO0180500,"Parker, CO",robbery,-0.006666007958024384,-0.009011719373331107,0.05407965758901845
6,CO0180500,"Parker, CO",robbery,0.022721889338011475,0.01668013313904127,0.054089117461958415
7,CO0180500,"Parker, CO",robbery,0.04369013349377921,0.05456270765999554,0.0540666233518288
8,CO0180500,"Parker, CO",robbery,0.06242505534559063,0.08682915257510036,0.054089117461958415
9,CO0180500,"Parker, CO",robbery,0.05616031175072153,0.06502817355868462,0.054079657589018455
10,CO0180500,"Parker, CO",robbery,0.041594484547410396,0.030731959634951116,0.054090709266356854
11,CO0180500,"Parker, CO",robbery,0.05098107485514673,0.04707715250296669,0.05407965758901845
12,CO0180500,"Parker, CO",robbery,0.05056456427533197,0.06002052109956494,0.054089117461958415
1,CO0210000,"El Paso, CO",robbery,-0.014718746777558186,-0.013480568245424342,0.050970510263999555
2,CO0210000,"El Paso, CO",robbery,-0.10674012224271302,-0.107740574944545,0.051016596999539664
3,CO0210000,"El Paso, CO",robbery,-0.12944676536406494,-0.14330413734792743,0.05102174933716402
4,CO0210000,"El Paso, CO",robbery,-0.07056587126363142,-0.078521697335927,0.05101907235312866
5,CO0210000,"El Paso, CO",robbery,-0.006666007958024384,0.004600777064907506,0.051021749337164024
6,CO0210000,"El Paso, CO",robbery,0.022721889338011475,0.0379294134191072,0.051016596999539664
7,CO0210000,"El Paso, CO",robbery,0.04369013349377921,0.05005374282571533,0.05097051026399954
8,CO0210000,"El Paso, CO",robbery,0.06242505534559063,0.0701996225649213,0.051016596999539664
9,CO0210000,"El Paso, CO",robbery,0.05616031175072153,0.06919001038801276,0.05102174933716403
10,CO0210000,"El Paso, CO",robbery,0.041594484547410396,0.04194852275563602,0.05101907235312866
11,CO0210000,"El Paso, CO",robbery,0.05098107485514673,0.03294017531471616,0.05102174933716402
12,CO0210000,"El Paso, CO",robbery,0.05056456427533197,0.0361847135408075,0.051016596999539664
1,CO0210100,"Colorado Springs, CO",robbery,-0.014718746777558186,0.04154869173303015,0.03676335641585922
2,CO0210100,"Colorado Springs, CO",robbery,-0.10674012224271302,-0.0466794680922679,0.03687926336125143
3,CO0210100,"Colorado Springs, CO",robbery,-0.12944676536406494,-0.09790459135997119,0.03686225872879847
4,CO0210100,"Colorado Springs, CO",robbery,-0.07056587126363142,-0.0742584439937647,0.03691479454121608
5,CO0210100,"Colorado Springs, CO",robbery,-0.006666007958024384,-0.042963891676490965,0.036862258728798475
6,CO0210100,"Colorado Springs, CO",robbery,0.022721889338011475,-0.03278222032872775,0.03687926336125143
7,CO0210100,"Colorado Springs, CO",robbery,0.04369013349377921,0.0021990733953494252,0.03676335641585921
8,CO0210100,"Colorado Springs, CO",robbery,0.06242505534559063,0.05696992259606709,0.03687926336125143
9,CO0210100,"Colorado Springs, CO",robbery,0.05616031175072153,0.06444728073539084,0.036862258728798475
10,CO0210100,"Colorado Springs, CO",robbery,0.041594484547410396,0.030510678865385138,0.03691479454121608
11,CO0210100,"Colorado Springs, CO",robbery,0.05098107485514673,0.032673437172691736,0.03686225872879847
12,CO0210100,"Colorado Springs, CO",robbery,0.05056456427533197,0.0662395309533081,0.03687926336125143
1,CO0300000,"Jefferson, CO",robbery,-0.014718746777558186,-5.027101540819413e-4,0.05198630687383226
2,CO0300000,"Jefferson, CO",robbery,-0.10674012224271302,-0.08640950799208322,0.05203631557009838
3,CO0300000,"Jefferson, CO",robbery,-0.12944676536406494,-0.12582410830463284,0.0520354737827652
4,CO0300000,"Jefferson, CO",robbery,-0.07056587126363142,-0.0893029196836233,0.05203196429393221
5,CO0300000,"Jefferson, CO",robbery,-0.006666007958024384,-0.03632925853420463,0.0520354737827652
6,CO0300000,"Jefferson, CO",robbery,0.022721889338011475,-0.007200590037113569,0.05203631557009838
7,CO0300000,"Jefferson, CO",robbery,0.04369013349377921,0.024112909056743057,0.05198630687383225
8,CO0300000,"Jefferson, CO",robbery,0.06242505534559063,0.06668209482182642,0.05203631557009838
9,CO0300000,"Jefferson, CO",robbery,0.05616031175072153,0.08248649623171496,0.052035473782765206
10,CO0300000,"Jefferson, CO",robbery,0.041594484547410396,0.06569272078096221,0.05203196429393221
11,CO0300000,"Jefferson, CO",robbery,0.05098107485514673,0.05605667170446137,0.0520354737827652
12,CO0300000,"Jefferson, CO",robbery,0.05056456427533197,0.05053820211003148,0.05203631557009838
1,CO0300100,"Arvada, CO",robbery,-0.014718746777558186,0.007399854627607099,0.049216896231258266
2,CO0300100,"Arvada, CO",robbery,-0.10674012224271302,-0.08477841604707961,0.049301915010533076
3,CO0300100,"Arvada, CO",robbery,-0.12944676536406494,-0.14272133862194952,0.049303201104649
4,CO0300100,"Arvada, CO",robbery,-0.07056587126363142,-0.10582822594182409,0.04931835100844308
5,CO0300100,"Arvada, CO",robbery,-0.006666007958024384,-0.03548847923131274,0.04930320110464901
6,CO0300100,"Arvada, CO",robbery,0.022721889338011475,-0.003159787000548937,0.049301915010533076
7,CO0300100,"Arvada, CO",robbery,0.04369013349377921,0.017390238913311453,0.04921689623125826
8,CO0300100,"Arvada, CO",robbery,0.06242505534559063,0.06419164184728449,0.049301915010533076
9,CO0300100,"Arvada, CO",robbery,0.05616031175072153,0.09734447088123588,0.04930320110464901
10,CO0300100,"Arvada, CO",robbery,0.041594484547410396,0.08103813240090554,0.04931835100844308
11,CO0300100,"Arvada, CO",robbery,0.05098107485514673,0.05607525343110783,0.049303201104649
12,CO0300100,"Arvada, CO",robbery,0.05056456427533197,0.04853665474126262,0.049301915010533076
1,CO0350300,"Fort Collins, CO",robbery,-0.014718746777558186,-0.04854071173893634,0.050339705913706304
2,CO0350300,"Fort Collins, CO",robbery,-0.10674012224271302,-0.14380371413396742,0.050422874465884004
3,CO0350300,"Fort Collins, CO",robbery,-0.12944676536406494,-0.11389837923876502,0.05037515177048958
4,CO0350300,"Fort Collins, CO",robbery,-0.07056587126363142,-0.03977807931976615,0.05041731027932305
5,CO0350300,"Fort Collins, CO",robbery,-0.006666007958024384,-0.02626185119165149,0.05037515177048959
6,CO0350300,"Fort Collins, CO",robbery,0.022721889338011475,-0.015374421016873122,0.050422874465884004
7,CO0350300,"Fort Collins, CO",robbery,0.04369013349377921,0.05955182319185488,0.050339705913706304
8,CO0350300,"Fort Collins, CO",robbery,0.06242505534559063,0.11281317204204586,0.05042287446588401
9,CO0350300,"Fort Collins, CO",robbery,0.05616031175072153,0.07189672569392491,0.05037515177048959
10,CO0350300,"Fort Collins, CO",robbery,0.041594484547410396,0.02876696786684759,0.05041731027932305
11,CO0350300,"Fort Collins, CO",robbery,0.05098107485514673,0.057252393283573004,0.05037515177048958
12,CO0350300,"Fort Collins, CO",robbery,0.05056456427533197,0.05737607456171331,0.050422874465884004
1,CO0350400,"Loveland, CO",robbery,-0.014718746777558186,0.011827491582406762,0.05296304141793623
2,CO0350400,"Loveland, CO",robbery,-0.10674012224271302,-0.07809324523371267,0.05299821753853832
3,CO0350400,"Loveland, CO",robbery,-0.12944676536406494,-0.1272781139209601,0.05298180348763017
4,CO0350400,"Loveland, CO",robbery,-0.07056587126363142,-0.08279424151322445,0.05299671672628808
5,CO0350400,"Loveland, CO",robbery,-0.006666007958024384,-0.005455179157413094,0.05298180348763018
6,CO0350400,"Loveland, CO",robbery,0.022721889338011475,0.028737248393504545,0.05299821753853832
7,CO0350400,"Loveland, CO",robbery,0.04369013349377921,0.029033955318212987,0.052963041417936216
8,CO0350400,"Loveland, CO",robbery,0.06242505534559063,0.03567799708618179,0.05299821753853832
9,CO0350400,"Loveland, CO",robbery,0.05616031175072153,0.044001418872809506,0.05298180348763019
10,CO0350400,"Loveland, CO",robbery,0.041594484547410396,0.041932794612604705,0.05299671672628808
11,CO0350400,"Loveland, CO",robbery,0.05098107485514673,0.04787042730494394,0.05298180348763017
12,CO0350400,"Loveland, CO",robbery,0.05056456427533197,0.054539446654646086,0.05299821753853831
1,CO0390100,"Grand Junction, CO",robbery,-0.014718746777558186,0.008134722507834606,0.0515778748988266
2,CO0390100,"Grand Junction, CO",robbery,-0.10674012224271302,-0.0665317967967666,0.051651649530490555
3,CO0390100,"Grand Junction, CO",robbery,-0.12944676536406494,-0.1262006622156726,0.051622418058027926
4,CO0390100,"Grand Junction, CO",robbery,-0.07056587126363142,-0.09482521266147767,0.05166900404690279
5,CO0390100,"Grand Junction, CO",robbery,-0.006666007958024384,-0.007121914583752199,0.05162241805802793
6,CO0390100,"Grand Junction, CO",robbery,0.022721889338011475,0.04285238282182123,0.051651649530490555
7,CO0390100,"Grand Junction, CO",robbery,0.04369013349377921,0.03992652497067874,0.05157787489882659
8,CO0390100,"Grand Junction, CO",robbery,0.06242505534559063,0.03784967689870565,0.05165164953049056
9,CO0390100,"Grand Junction, CO",robbery,0.05616031175072153,0.04945729483909833,0.05162241805802794
10,CO0390100,"Grand Junction, CO",robbery,0.041594484547410396,0.04676396518296433,0.05166900404690279
11,CO0390100,"Grand Junction, CO",robbery,0.05098107485514673,0.03580403448181313,0.051622418058027926
12,CO0390100,"Grand Junction, CO",robbery,0.05056456427533197,0.033890984554753076,0.051651649530490555
1,CO0640100,"Broomfield, CO",robbery,-0.014718746777558186,-0.005077241519049903,0.053434715967107985
2,CO0640100,"Broomfield, CO",robbery,-0.10674012224271302,-0.10595011366332134,0.05347333316750845
3,CO0640100,"Broomfield, CO",robbery,-0.12944676536406494,-0.1076638582832603,0.053448711653326826
4,CO0640100,"Broomfield, CO",robbery,-0.07056587126363142,-0.04711534267419139,0.053469141364068745
5,CO0640100,"Broomfield, CO",robbery,-0.006666007958024384,-0.018906112976632965,0.05344871165332683
6,CO0640100,"Broomfield, CO",robbery,0.022721889338011475,-0.006822616936318928,0.05347333316750845
7,CO0640100,"Broomfield, CO",robbery,0.04369013349377921,0.03846892652308484,0.05343471596710797
8,CO0640100,"Broomfield, CO",robbery,0.06242505534559063,0.06883828735019651,0.05347333316750845
9,CO0640100,"Broomfield, CO",robbery,0.05616031175072153,0.03716034696610055,0.05344871165332683
10,CO0640100,"Broomfield, CO",robbery,0.041594484547410396,0.013723657670156441,0.053469141364068745
11,CO0640100,"Broomfield, CO",robbery,0.05098107485514673,0.05601793928975775,0.053448711653326826
12,CO0640100,"Broomfield, CO",robbery,0.05056456427533197,0.07732612825347873,0.05347333316750845
1,CODPD0000,"Denver, CO",robbery,-0.014718746777558186,-0.016885462511994145,0.03085455864511584
2,CODPD0000,"Denver, CO",robbery,-0.10674012224271302,-0.14016070424438293,0.030961564168392183
3,CODPD0000,"Denver, CO",robbery,-0.12944676536406494,-0.1939294905367781,0.030982503725390197
4,CODPD0000,"Denver, CO",robbery,-0.07056587126363142,-0.12392251940454954,0.031004237442663608
5,CODPD0000,"Denver, CO",robbery,-0.006666007958024384,-0.014072420716601992,0.0309825037253902
6,CODPD0000,"Denver, CO",robbery,0.022721889338011475,0.0599714514570804,0.030961564168392183
7,CODPD0000,"Denver, CO",robbery,0.04369013349377921,0.10495472336818769,0.030854558645115833
8,CODPD0000,"Denver, CO",robbery,0.06242505534559063,0.12280368570741348,0.030961564168392183
9,CODPD0000,"Denver, CO",robbery,0.05616031175072153,0.08850321114361516,0.0309825037253902
10,CODPD0000,"Denver, CO",robbery,0.041594484547410396,0.035853258548356,0.031004237442663608
11,CODPD0000,"Denver, CO",robbery,0.05098107485514673,0.031429439253571376,0.030982503725390197
12,CODPD0000,"Denver, CO",robbery,0.05056456427533197,0.04545482793608261,0.030961564168392183
1,CT0001500,"Bridgeport, CT",robbery,-0.014718746777558186,-0.03317086623926815,0.03874823027272511
2,CT0001500,"Bridgeport, CT",robbery,-0.10674012224271302,-0.16729583982137008,0.03891112603743969
3,CT0001500,"Bridgeport, CT",robbery,-0.12944676536406494,-0.2237865190953663,0.03898471399083884
4,CT0001500,"Bridgeport, CT",robbery,-0.07056587126363142,-0.14539072944248793,0.038979363651216896
5,CT0001500,"Bridgeport, CT",robbery,-0.006666007958024384,-0.017459866877482792,0.038984713990838846
6,CT0001500,"Bridgeport, CT",robbery,0.022721889338011475,0.04723511619529931,0.03891112603743969
7,CT0001500,"Bridgeport, CT",robbery,0.04369013349377921,0.05231930529249637,0.03874823027272511
8,CT0001500,"Bridgeport, CT",robbery,0.06242505534559063,0.06791356200808772,0.03891112603743969
9,CT0001500,"Bridgeport, CT",robbery,0.05616031175072153,0.1052558022288557,0.03898471399083885
10,CT0001500,"Bridgeport, CT",robbery,0.041594484547410396,0.12624229038925971,0.038979363651216896
11,CT0001500,"Bridgeport, CT",robbery,0.05098107485514673,0.11684214469076508,0.03898471399083884
12,CT0001500,"Bridgeport, CT",robbery,0.05056456427533197,0.07129560067121132,0.03891112603743969
1,CT0001700,"Bristol, CT",robbery,-0.014718746777558186,0.0019113987296590623,0.052603586670526836
2,CT0001700,"Bristol, CT",robbery,-0.10674012224271302,-0.06914623682244475,0.05267141222428793
3,CT0001700,"Bristol, CT",robbery,-0.12944676536406494,-0.10314904982840993,0.05267447557503164
4,CT0001700,"Bristol, CT",robbery,-0.07056587126363142,-0.08584884532969661,0.05264317790672573
5,CT0001700,"Bristol, CT",robbery,-0.006666007958024384,-0.05294367721025971,0.052674475575031646
6,CT0001700,"Bristol, CT",robbery,0.022721889338011475,-0.012104013769131084,0.05267141222428793
7,CT0001700,"Bristol, CT",robbery,0.04369013349377921,0.045660689141710946,0.05260358667052683
8,CT0001700,"Bristol, CT",robbery,0.06242505534559063,0.08631338842891406,0.05267141222428793
9,CT0001700,"Bristol, CT",robbery,0.05616031175072153,0.07274411356350924,0.052674475575031646
10,CT0001700,"Bristol, CT",robbery,0.041594484547410396,0.0382767574583266,0.05264317790672573
11,CT0001700,"Bristol, CT",robbery,0.05098107485514673,0.035776525603790375,0.05267447557503164
12,CT0001700,"Bristol, CT",robbery,0.05056456427533197,0.042508950034031816,0.05267141222428793
1,CT0003400,"Danbury, CT",robbery,-0.014718746777558186,-0.03759230204656465,0.05103335445858432
2,CT0003400,"Danbury, CT",robbery,-0.10674012224271302,-0.12552737063108474,0.05109707878587287
3,CT0003400,"Danbury, CT",robbery,-0.12944676536406494,-0.13759680396048932,0.0510858473518326
4,CT0003400,"Danbury, CT",robbery,-0.07056587126363142,-0.07891602243828447,0.051094360077679514
5,CT0003400,"Danbury, CT",robbery,-0.006666007958024384,-0.01896017036604248,0.05108584735183261
6,CT0003400,"Danbury, CT",robbery,0.022721889338011475,0.02155703939594133,0.05109707878587287
7,CT0003400,"Danbury, CT",robbery,0.04369013349377921,0.06317046575951474,0.05103335445858431
8,CT0003400,"Danbury, CT",robbery,0.06242505534559063,0.09001615775118758,0.05109707878587287
9,CT0003400,"Danbury, CT",robbery,0.05616031175072153,0.0765074273676421,0.05108584735183261
10,CT0003400,"Danbury, CT",robbery,0.041594484547410396,0.05333785872533438,0.051094360077679514
11,CT0003400,"Danbury, CT",robbery,0.05098107485514673,0.05447138324593958,0.0510858473518326
12,CT0003400,"Danbury, CT",robbery,0.05056456427533197,0.03953233719690596,0.05109707878587287
1,CT0004300,"East Hartford, CT",robbery,-0.014718746777558186,0.021139648623633815,0.05147038802785325
2,CT0004300,"East Hartford, CT",robbery,-0.10674012224271302,-0.09253271027703101,0.05153050066510956
3,CT0004300,"East Hartford, CT",robbery,-0.12944676536406494,-0.14927212583989638,0.051526299285584144
4,CT0004300,"East Hartford, CT",robbery,-0.07056587126363142,-0.10260120564711805,0.05154499454057281
5,CT0004300,"East Hartford, CT",robbery,-0.006666007958024384,-0.0280494667536596,0.05152629928558415
6,CT0004300,"East Hartford, CT",robbery,0.022721889338011475,0.008403913416874537,0.05153050066510956
7,CT0004300,"East Hartford, CT",robbery,0.04369013349377921,0.027487575915014936,0.05147038802785324
8,CT0004300,"East Hartford, CT",robbery,0.06242505534559063,0.05229236848184778,0.05153050066510956
9,CT0004300,"East Hartford, CT",robbery,0.05616031175072153,0.06040455950606441,0.05152629928558416
10,CT0004300,"East Hartford, CT",robbery,0.041594484547410396,0.05397398110846931,0.05154499454057281
11,CT0004300,"East Hartford, CT",robbery,0.05098107485514673,0.0682898085488428,0.051526299285584144
12,CT0004300,"East Hartford, CT",robbery,0.05056456427533197,0.08046365291695745,0.05153050066510956
1,CT0005100,"Fairfield, CT",robbery,-0.014718746777558186,-0.01083095180873815,0.054090170109632275
2,CT0005100,"Fairfield, CT",robbery,-0.10674012224271302,-0.09437312917718577,0.05410075272314182
3,CT0005100,"Fairfield, CT",robbery,-0.12944676536406494,-0.11952575045273253,0.05409212478151253
4,CT0005100,"Fairfield, CT",robbery,-0.07056587126363142,-0.06612175065692559,0.05409720766055358
5,CT0005100,"Fairfield, CT",robbery,-0.006666007958024384,-0.00812607631662846,0.054092124781512534
6,CT0005100,"Fairfield, CT",robbery,0.022721889338011475,0.00869065273231483,0.05410075272314182
7,CT0005100,"Fairfield, CT",robbery,0.04369013349377921,0.019501038234381225,0.05409017010963227
8,CT0005100,"Fairfield, CT",robbery,0.06242505534559063,0.04846569997149406,0.05410075272314182
9,CT0005100,"Fairfield, CT",robbery,0.05616031175072153,0.06494823482139775,0.054092124781512534
10,CT0005100,"Fairfield, CT",robbery,0.041594484547410396,0.05745166423128252,0.05409720766055358
11,CT0005100,"Fairfield, CT",robbery,0.05098107485514673,0.054033505522320134,0.05409212478151253
12,CT0005100,"Fairfield, CT",robbery,0.05056456427533197,0.04588686289901997,0.05410075272314182
1,CT0006400,"Hartford, CT",robbery,-0.014718746777558186,-0.02193578250467306,0.04081336424805619
2,CT0006400,"Hartford, CT",robbery,-0.10674012224271302,-0.12210331054703515,0.040935371222767476
3,CT0006400,"Hartford, CT",robbery,-0.12944676536406494,-0.141218619321934,0.04102214456924703
4,CT0006400,"Hartford, CT",robbery,-0.07056587126363142,-0.11318723000417133,0.04102802513577707
5,CT0006400,"Hartford, CT",robbery,-0.006666007958024384,-0.07211998349563153,0.041022144569247035
6,CT0006400,"Hartford, CT",robbery,0.022721889338011475,0.00800493492578518,0.040935371222767476
7,CT0006400,"Hartford, CT",robbery,0.04369013349377921,0.10127580471605566,0.04081336424805619
8,CT0006400,"Hartford, CT",robbery,0.06242505534559063,0.11663455771190824,0.040935371222767476
9,CT0006400,"Hartford, CT",robbery,0.05616031175072153,0.05640984427542449,0.04102214456924704
10,CT0006400,"Hartford, CT",robbery,0.041594484547410396,0.03384720779278871,0.04102802513577707
11,CT0006400,"Hartford, CT",robbery,0.05098107485514673,0.0775887363307584,0.04102214456924703
12,CT0006400,"Hartford, CT",robbery,0.05056456427533197,0.07680384012072444,0.04093537122276747
1,CT0007700,"Manchester, CT",robbery,-0.014718746777558186,-0.006621398957203548,0.05184359126163878
2,CT0007700,"Manchester, CT",robbery,-0.10674012224271302,-0.0999409928938237,0.05187776984263728
3,CT0007700,"Manchester, CT",robbery,-0.12944676536406494,-0.12146635056618912,0.05187332582883014
4,CT0007700,"Manchester, CT",robbery,-0.07056587126363142,-0.07320874397902148,0.05186901011443393
5,CT0007700,"Manchester, CT",robbery,-0.006666007958024384,-0.027581323248429726,0.05187332582883015
6,CT0007700,"Manchester, CT",robbery,0.022721889338011475,-0.005797318271183231,0.05187776984263728
7,CT0007700,"Manchester, CT",robbery,0.04369013349377921,0.02302010957062921,0.051843591261638775
8,CT0007700,"Manchester, CT",robbery,0.06242505534559063,0.05413440844432085,0.05187776984263728
9,CT0007700,"Manchester, CT",robbery,0.05616031175072153,0.05926105550326062,0.05187332582883015
10,CT0007700,"Manchester, CT",robbery,0.041594484547410396,0.05681003336559581,0.05186901011443393
11,CT0007700,"Manchester, CT",robbery,0.05098107485514673,0.07338790769793253,0.05187332582883014
12,CT0007700,"Manchester, CT",robbery,0.05056456427533197,0.06800261333411178,0.05187776984263728
1,CT0008000,"Meriden, CT",robbery,-0.014718746777558186,-0.003189990878917526,0.05037853356515253
2,CT0008000,"Meriden, CT",robbery,-0.10674012224271302,-0.13034424819516965,0.05045601105118215
3,CT0008000,"Meriden, CT",robbery,-0.12944676536406494,-0.18437286202237882,0.05049520259617438
4,CT0008000,"Meriden, CT",robbery,-0.07056587126363142,-0.1097483243771521,0.05051835298724292
5,CT0008000,"Meriden, CT",robbery,-0.006666007958024384,-0.013572903361245081,0.05049520259617438
6,CT0008000,"Meriden, CT",robbery,0.022721889338011475,0.006792437721600488,0.05045601105118215
7,CT0008000,"Meriden, CT",robbery,0.04369013349377921,0.0026535897485640814,0.050378533565152525
8,CT0008000,"Meriden, CT",robbery,0.06242505534559063,0.04690672704275035,0.05045601105118215
9,CT0008000,"Meriden, CT",robbery,0.05616031175072153,0.10147174200031298,0.05049520259617438
10,CT0008000,"Meriden, CT",robbery,0.041594484547410396,0.11028472550750555,0.05051835298724292
11,CT0008000,"Meriden, CT",robbery,0.05098107485514673,0.09701042451366433,0.05049520259617438
12,CT0008000,"Meriden, CT",robbery,0.05056456427533197,0.07610868230046537,0.05045601105118215
1,CT0008400,"Milford, CT",robbery,-0.014718746777558186,0.016783747699864175,0.052378579866789
2,CT0008400,"Milford, CT",robbery,-0.10674012224271302,-0.06595592092341651,0.05243858341080714
3,CT0008400,"Milford, CT",robbery,-0.12944676536406494,-0.12120295295659923,0.05243270089915994
4,CT0008400,"Milford, CT",robbery,-0.07056587126363142,-0.09736231548523061,0.05242492996661442
5,CT0008400,"Milford, CT",robbery,-0.006666007958024384,-0.04165671543263735,0.05243270089915995
6,CT0008400,"Milford, CT",robbery,0.022721889338011475,-0.0034660661736892074,0.05243858341080714
7,CT0008400,"Milford, CT",robbery,0.04369013349377921,0.03221449641373825,0.052378579866788996
8,CT0008400,"Milford, CT",robbery,0.06242505534559063,0.07234343513933232,0.05243858341080714
9,CT0008400,"Milford, CT",robbery,0.05616031175072153,0.07859222305891266,0.05243270089915995
10,CT0008400,"Milford, CT",robbery,0.041594484547410396,0.048364071371628195,0.05242492996661442
11,CT0008400,"Milford, CT",robbery,0.05098107485514673,0.035269201216721495,0.05243270089915994
12,CT0008400,"Milford, CT",robbery,0.05056456427533197,0.04607679607137581,0.05243858341080714
1,CT0008900,"New Britain, CT",robbery,-0.014718746777558186,0.0042262757753296415,0.04850009662508149
2,CT0008900,"New Britain, CT",robbery,-0.10674012224271302,-0.09256191232105668,0.048619345048482664
3,CT0008900,"New Britain, CT",robbery,-0.12944676536406494,-0.17998301719832827,0.048598285669507114
4,CT0008900,"New Britain, CT",robbery,-0.07056587126363142,-0.1392593639370259,0.048681862108689626
5,CT0008900,"New Britain, CT",robbery,-0.006666007958024384,-0.011974756286144776,0.048598285669507114
6,CT0008900,"New Britain, CT",robbery,0.022721889338011475,0.05738706030804227,0.048619345048482664
7,CT0008900,"New Britain, CT",robbery,0.04369013349377921,0.04710086300136323,0.04850009662508149
8,CT0008900,"New Britain, CT",robbery,0.06242505534559063,0.0515137309767981,0.048619345048482664
9,CT0008900,"New Britain, CT",robbery,0.05616031175072153,0.08760769707737684,0.04859828566950712
10,CT0008900,"New Britain, CT",robbery,0.041594484547410396,0.08793222516033303,0.048681862108689626
11,CT0008900,"New Britain, CT",robbery,0.05098107485514673,0.05302293763040331,0.048598285669507114
12,CT0008900,"New Britain, CT",robbery,0.05056456427533197,0.03498825981290917,0.048619345048482664
1,CT0013500,"Stamford, CT",robbery,-0.014718746777558186,-0.045403081549615226,0.04817029007075515
2,CT0013500,"Stamford, CT",robbery,-0.10674012224271302,-0.1257015399456372,0.0482483317883485
3,CT0013500,"Stamford, CT",robbery,-0.12944676536406494,-0.15411886147330411,0.04824090267718212
4,CT0013500,"Stamford, CT",robbery,-0.07056587126363142,-0.1088372245944868,0.04825110792339944
5,CT0013500,"Stamford, CT",robbery,-0.006666007958024384,-0.024351976214326852,0.048240902677182125
6,CT0013500,"Stamford, CT",robbery,0.022721889338011475,0.052513730775800384,0.0482483317883485
7,CT0013500,"Stamford, CT",robbery,0.04369013349377921,0.09528568531636775,0.04817029007075515
8,CT0013500,"Stamford, CT",robbery,0.06242505534559063,0.09843027535955362,0.04824833178834851
9,CT0013500,"Stamford, CT",robbery,0.05616031175072153,0.076964993120468,0.04824090267718213
10,CT0013500,"Stamford, CT",robbery,0.041594484547410396,0.05895462082773426,0.04825110792339944
11,CT0013500,"Stamford, CT",robbery,0.05098107485514673,0.05162324080041039,0.04824090267718212
12,CT0013500,"Stamford, CT",robbery,0.05056456427533197,0.024640137577035804,0.0482483317883485
1,CT0013800,"Stratford, CT",robbery,-0.014718746777558186,0.02616702600418628,0.05188801560317296
2,CT0013800,"Stratford, CT",robbery,-0.10674012224271302,-0.0789244684778281,0.051924112396871315
3,CT0013800,"Stratford, CT",robbery,-0.12944676536406494,-0.1273852656935005,0.051925385908034236
4,CT0013800,"Stratford, CT",robbery,-0.07056587126363142,-0.07008587705284944,0.0519211618930628
5,CT0013800,"Stratford, CT",robbery,-0.006666007958024384,-0.002810963012803386,0.05192538590803424
6,CT0013800,"Stratford, CT",robbery,0.022721889338011475,0.008745750952807448,0.051924112396871315
7,CT0013800,"Stratford, CT",robbery,0.04369013349377921,0.015239967296699693,0.05188801560317295
8,CT0013800,"Stratford, CT",robbery,0.06242505534559063,0.04744302113752491,0.051924112396871315
9,CT0013800,"Stratford, CT",robbery,0.05616031175072153,0.05449682505231137,0.05192538590803425
10,CT0013800,"Stratford, CT",robbery,0.041594484547410396,0.028678883751963483,0.0519211618930628
11,CT0013800,"Stratford, CT",robbery,0.05098107485514673,0.034292410353106546,0.05192538590803424
12,CT0013800,"Stratford, CT",robbery,0.05056456427533197,0.06414268968838169,0.051924112396871315
1,CT0015100,"Waterbury, CT",robbery,-0.014718746777558186,-0.0227894366339467,0.04348645702491178
2,CT0015100,"Waterbury, CT",robbery,-0.10674012224271302,-0.1335832823809053,0.04360227600012964
3,CT0015100,"Waterbury, CT",robbery,-0.12944676536406494,-0.156804476734483,0.04359521447810135
4,CT0015100,"Waterbury, CT",robbery,-0.07056587126363142,-0.07579140563038644,0.04358004153671795
5,CT0015100,"Waterbury, CT",robbery,-0.006666007958024384,0.010261106147430317,0.04359521447810136
6,CT0015100,"Waterbury, CT",robbery,0.022721889338011475,0.029689549496372154,0.04360227600012964
7,CT0015100,"Waterbury, CT",robbery,0.04369013349377921,0.018265213017185197,0.04348645702491177
8,CT0015100,"Waterbury, CT",robbery,0.06242505534559063,0.0293110272847248,0.04360227600012964
9,CT0015100,"Waterbury, CT",robbery,0.05616031175072153,0.05705644525506397,0.04359521447810136
10,CT0015100,"Waterbury, CT",robbery,0.041594484547410396,0.08031562924714794,0.04358004153671795
11,CT0015100,"Waterbury, CT",robbery,0.05098107485514673,0.09401114894875015,0.04359521447810135
12,CT0015100,"Waterbury, CT",robbery,0.05056456427533197,0.0700584819830469,0.04360227600012964
1,CT0015500,"West Hartford, CT",robbery,-0.014718746777558186,0.0032029946848459085,0.05153646920068913
2,CT0015500,"West Hartford, CT",robbery,-0.10674012224271302,-0.13010074542085567,0.05163946528529013
3,CT0015500,"West Hartford, CT",robbery,-0.12944676536406494,-0.13820158508860358,0.05157943565655637
4,CT0015500,"West Hartford, CT",robbery,-0.07056587126363142,-0.05291521306090787,0.0516390175991035
5,CT0015500,"West Hartford, CT",robbery,-0.006666007958024384,-0.01570620069195142,0.05157943565655638
6,CT0015500,"West Hartford, CT",robbery,0.022721889338011475,-0.02162698795144499,0.05163946528529013
7,CT0015500,"West Hartford, CT",robbery,0.04369013349377921,0.0214344896673126,0.05153646920068912
8,CT0015500,"West Hartford, CT",robbery,0.06242505534559063,0.07800431400754215,0.05163946528529013
9,CT0015500,"West Hartford, CT",robbery,0.05616031175072153,0.061467669323131545,0.051579435656556386
10,CT0015500,"West Hartford, CT",robbery,0.041594484547410396,0.028277728708749363,0.0516390175991035
11,CT0015500,"West Hartford, CT",robbery,0.05098107485514673,0.06780263210526491,0.05157943565655637
12,CT0015500,"West Hartford, CT",robbery,0.05056456427533197,0.09836090371691705,0.05163946528529012
1,DCMPD0000,"Washington, DC",robbery,-0.014718746777558186,-0.04060092203461423,0.02913542202367744
2,DCMPD0000,"Washington, DC",robbery,-0.10674012224271302,-0.11311961559794627,0.029255506343816455
3,DCMPD0000,"Washington, DC",robbery,-0.12944676536406494,-0.19806141634029037,0.029252056748567696
4,DCMPD0000,"Washington, DC",robbery,-0.07056587126363142,-0.18197667595693406,0.029300578407985643
5,DCMPD0000,"Washington, DC",robbery,-0.006666007958024384,-0.0338082281234688,0.0292520567485677
6,DCMPD0000,"Washington, DC",robbery,0.022721889338011475,0.09665203502052061,0.029255506343816455
7,DCMPD0000,"Washington, DC",robbery,0.04369013349377921,0.09849054454110948,0.029135422023677433
8,DCMPD0000,"Washington, DC",robbery,0.06242505534559063,0.060115877042945534,0.029255506343816455
9,DCMPD0000,"Washington, DC",robbery,0.05616031175072153,0.08716805527879438,0.029252056748567703
10,DCMPD0000,"Washington, DC",robbery,0.041594484547410396,0.12408705345043884,0.029300578407985643
11,DCMPD0000,"Washington, DC",robbery,0.05098107485514673,0.0868119666784695,0.029252056748567696
12,DCMPD0000,"Washington, DC",robbery,0.05056456427533197,0.014241326040975432,0.029255506343816455
1,FL0130600,"Miami, FL",robbery,-0.014718746777558186,-0.00840015460329932,0.034148155722802116
2,FL0130600,"Miami, FL",robbery,-0.10674012224271302,-0.08102030765579882,0.0342735882141005
3,FL0130600,"Miami, FL",robbery,-0.12944676536406494,-0.0608344875085209,0.0342619164864582
4,FL0130600,"Miami, FL",robbery,-0.07056587126363142,4.78703811038721e-4,0.03432125514063449
5,FL0130600,"Miami, FL",robbery,-0.006666007958024384,0.017480264028995898,0.034261916486458203
6,FL0130600,"Miami, FL",robbery,0.022721889338011475,0.0076990405680477415,0.0342735882141005
7,FL0130600,"Miami, FL",robbery,0.04369013349377921,0.015852802139112776,0.03414815572280211
8,FL0130600,"Miami, FL",robbery,0.06242505534559063,0.01494449483722122,0.0342735882141005
9,FL0130600,"Miami, FL",robbery,0.05616031175072153,-0.012693972845870148,0.034261916486458203
10,FL0130600,"Miami, FL",robbery,0.041594484547410396,-0.00793135134685218,0.03432125514063449
11,FL0130600,"Miami, FL",robbery,0.05098107485514673,0.04859554878958166,0.0342619164864582
12,FL0130600,"Miami, FL",robbery,0.05056456427533197,0.06582941978634334,0.0342735882141005
1,FL0130700,"Miami Beach, FL",robbery,-0.014718746777558186,-0.04039592968615266,0.04223716566902447
2,FL0130700,"Miami Beach, FL",robbery,-0.10674012224271302,-0.09510194489528864,0.042370062103195404
3,FL0130700,"Miami Beach, FL",robbery,-0.12944676536406494,-0.06549746187541107,0.04233856187199327
4,FL0130700,"Miami Beach, FL",robbery,-0.07056587126363142,-0.011036906665781145,0.04237715979874213
5,FL0130700,"Miami Beach, FL",robbery,-0.006666007958024384,-0.002807104388540483,0.04233856187199328
6,FL0130700,"Miami Beach, FL",robbery,0.022721889338011475,-0.004840467138386259,0.042370062103195404
7,FL0130700,"Miami Beach, FL",robbery,0.04369013349377921,0.030262080590524102,0.04223716566902446
8,FL0130700,"Miami Beach, FL",robbery,0.06242505534559063,0.058631328909714904,0.042370062103195404
9,FL0130700,"Miami Beach, FL",robbery,0.05616031175072153,0.03916069498546589,0.04233856187199328
10,FL0130700,"Miami Beach, FL",robbery,0.041594484547410396,0.02117075576140969,0.04237715979874213
11,FL0130700,"Miami Beach, FL",robbery,0.05098107485514673,0.039277720374114186,0.04233856187199327
12,FL0130700,"Miami Beach, FL",robbery,0.05056456427533197,0.03117723402833149,0.042370062103195404
1,FL0580000,"Sarasota, FL",robbery,-0.014718746777558186,-0.012948438525957943,0.04986066225366079
2,FL0580000,"Sarasota, FL",robbery,-0.10674012224271302,-0.12368412075122862,0.049950207880570516
3,FL0580000,"Sarasota, FL",robbery,-0.12944676536406494,-0.12441418644731854,0.04995528987201571
4,FL0580000,"Sarasota, FL",robbery,-0.07056587126363142,-0.05831938637512618,0.04999079561763238
5,FL0580000,"Sarasota, FL",robbery,-0.006666007958024384,-0.008952488403616735,0.04995528987201571
6,FL0580000,"Sarasota, FL",robbery,0.022721889338011475,0.03285174765038312,0.049950207880570516
7,FL0580000,"Sarasota, FL",robbery,0.04369013349377921,0.07722460838736975,0.04986066225366077
8,FL0580000,"Sarasota, FL",robbery,0.06242505534559063,0.06635664995229974,0.049950207880570516
9,FL0580000,"Sarasota, FL",robbery,0.05616031175072153,0.0028105457869778525,0.049955289872015717
10,FL0580000,"Sarasota, FL",robbery,0.041594484547410396,-0.005956783486285647,0.04999079561763238
11,FL0580000,"Sarasota, FL",robbery,0.05098107485514673,0.06627995920254558,0.04995528987201571
12,FL0580000,"Sarasota, FL",robbery,0.05056456427533197,0.08875189300995764,0.049950207880570516
1,GA0447100,"Dunwoody, GA",robbery,-0.014718746777558186,-0.05445352991091135,0.05225676761701013
2,GA0447100,"Dunwoody, GA",robbery,-0.10674012224271302,-0.14659796914211798,0.05228901918183204
3,GA0447100,"Dunwoody, GA",robbery,-0.12944676536406494,-0.14548142989266608,0.052288950987035177
4,GA0447100,"Dunwoody, GA",robbery,-0.07056587126363142,-0.08260398178572478,0.05229340355182052
5,GA0447100,"Dunwoody, GA",robbery,-0.006666007958024384,-0.023084328716541182,0.052288950987035183
6,GA0447100,"Dunwoody, GA",robbery,0.022721889338011475,0.026657114648365534,0.05228901918183204
7,GA0447100,"Dunwoody, GA",robbery,0.04369013349377921,0.07307420539372479,0.052256767617010126
8,GA0447100,"Dunwoody, GA",robbery,0.06242505534559063,0.08738605296983067,0.05228901918183205
9,GA0447100,"Dunwoody, GA",robbery,0.05616031175072153,0.0676488382375653,0.05228895098703519
10,GA0447100,"Dunwoody, GA",robbery,0.041594484547410396,0.06398330630291132,0.05229340355182052
11,GA0447100,"Dunwoody, GA",robbery,0.05098107485514673,0.08229624488882845,0.052288950987035177
12,GA0447100,"Dunwoody, GA",robbery,0.05056456427533197,0.05117547700673533,0.05228901918183204
1,GA0470100,"Albany, GA",robbery,-0.014718746777558186,-0.024224366804519663,0.04573887765235055
2,GA0470100,"Albany, GA",robbery,-0.10674012224271302,-0.11016943065995202,0.04586360861805014
3,GA0470100,"Albany, GA",robbery,-0.12944676536406494,-0.12796817317903036,0.04582629347018709
4,GA0470100,"Albany, GA",robbery,-0.07056587126363142,-0.047245770622632674,0.045861275875445376
5,GA0470100,"Albany, GA",robbery,-0.006666007958024384,0.04478147050961021,0.0458262934701871
6,GA0470100,"Albany, GA",robbery,0.022721889338011475,0.06023557807713649,0.04586360861805014
7,GA0470100,"Albany, GA",robbery,0.04369013349377921,0.02329055650887979,0.04573887765235055
8,GA0470100,"Albany, GA",robbery,0.06242505534559063,0.007406939986437767,0.04586360861805014
9,GA0470100,"Albany, GA",robbery,0.05616031175072153,0.02613949280115596,0.0458262934701871
10,GA0470100,"Albany, GA",robbery,0.041594484547410396,0.04817958091827255,0.045861275875445376
11,GA0470100,"Albany, GA",robbery,0.05098107485514673,0.057981020163904023,0.04582629347018709
12,GA0470100,"Albany, GA",robbery,0.05056456427533197,0.04159310230073792,0.04586360861805014
1,GA0580000,"Forsyth, GA",robbery,-0.014718746777558186,-0.015531541948991586,0.05396353850886358
2,GA0580000,"Forsyth, GA",robbery,-0.10674012224271302,-0.10410284949356513,0.05397718499136512
3,GA0580000,"Forsyth, GA",robbery,-0.12944676536406494,-0.13072716897792575,0.05398627534374226
4,GA0580000,"Forsyth, GA",robbery,-0.07056587126363142,-0.09065090319394162,0.053989547440383805
5,GA0580000,"Forsyth, GA",robbery,-0.006666007958024384,-0.03306788588140944,0.053986275343742264
6,GA0580000,"Forsyth, GA",robbery,0.022721889338011475,0.01647591465252735,0.05397718499136512
7,GA0580000,"Forsyth, GA",robbery,0.04369013349377921,0.05589107891894186,0.053963538508863575
8,GA0580000,"Forsyth, GA",robbery,0.06242505534559063,0.06996037498763245,0.05397718499136512
9,GA0580000,"Forsyth, GA",robbery,0.05616031175072153,0.05622515750204281,0.053986275343742264
10,GA0580000,"Forsyth, GA",robbery,0.041594484547410396,0.050291366223991336,0.053989547440383805
11,GA0580000,"Forsyth, GA",robbery,0.05098107485514673,0.06721036038734207,0.05398627534374226
12,GA0580000,"Forsyth, GA",robbery,0.05056456427533197,0.058026096823355654,0.05397718499136512
1,GA0600400,"Alpharetta, GA",robbery,-0.014718746777558186,-0.017688322861837205,0.05367433750883924
2,GA0600400,"Alpharetta, GA",robbery,-0.10674012224271302,-0.09865592169050406,0.053696492706484696
3,GA0600400,"Alpharetta, GA",robbery,-0.12944676536406494,-0.1104354408623411,0.05369340742105774
4,GA0600400,"Alpharetta, GA",robbery,-0.07056587126363142,-0.05455901072362747,0.053697273139288085
5,GA0600400,"Alpharetta, GA",robbery,-0.006666007958024384,-0.00601710086837429,0.05369340742105775
6,GA0600400,"Alpharetta, GA",robbery,0.022721889338011475,0.012184445104290707,0.053696492706484696
7,GA0600400,"Alpharetta, GA",robbery,0.04369013349377921,0.03438722094778889,0.05367433750883923
8,GA0600400,"Alpharetta, GA",robbery,0.06242505534559063,0.058528867944808424,0.0536964927064847
9,GA0600400,"Alpharetta, GA",robbery,0.05616031175072153,0.053609489030693784,0.05369340742105776
10,GA0600400,"Alpharetta, GA",robbery,0.041594484547410396,0.03786011263767578,0.053697273139288085
11,GA0600400,"Alpharetta, GA",robbery,0.05098107485514673,0.04614415461406989,0.05369340742105775
12,GA0600400,"Alpharetta, GA",robbery,0.05056456427533197,0.04464150672735665,0.053696492706484696
1,GA0600500,"Roswell, GA",robbery,-0.014718746777558186,0.010337762821536667,0.052457460199455595
2,GA0600500,"Roswell, GA",robbery,-0.10674012224271302,-0.07798325676070217,0.05249520710472633
3,GA0600500,"Roswell, GA",robbery,-0.12944676536406494,-0.10577609395440457,0.05250833539542303
4,GA0600500,"Roswell, GA",robbery,-0.07056587126363142,-0.06254774079820771,0.052541631824713816
5,GA0600500,"Roswell, GA",robbery,-0.006666007958024384,-0.01003107839402213,0.05250833539542304
6,GA0600500,"Roswell, GA",robbery,0.022721889338011475,0.025997662286796418,0.05249520710472633
7,GA0600500,"Roswell, GA",robbery,0.04369013349377921,0.05387316372901722,0.05245746019945559
8,GA0600500,"Roswell, GA",robbery,0.06242505534559063,0.054327811205521694,0.052495207104726334
9,GA0600500,"Roswell, GA",robbery,0.05616031175072153,0.017909721848670214,0.052508335395423045
10,GA0600500,"Roswell, GA",robbery,0.041594484547410396,-0.0016631857523461842,0.052541631824713816
11,GA0600500,"Roswell, GA",robbery,0.05098107485514673,0.03368652394920258,0.05250833539542303
12,GA0600500,"Roswell, GA",robbery,0.05056456427533197,0.06186870981893798,0.05249520710472633
1,GA0605800,"Johns Creek, GA",robbery,-0.014718746777558186,-0.020976187932328576,0.05432913216593853
2,GA0605800,"Johns Creek, GA",robbery,-0.10674012224271302,-0.09350119202987373,0.054331825816221674
3,GA0605800,"Johns Creek, GA",robbery,-0.12944676536406494,-0.10822661252258872,0.05432839154495517
4,GA0605800,"Johns Creek, GA",robbery,-0.07056587126363142,-0.07025888567980922,0.05432561917016748
5,GA0605800,"Johns Creek, GA",robbery,-0.006666007958024384,-0.025742894406986728,0.054328391544955175
6,GA0605800,"Johns Creek, GA",robbery,0.022721889338011475,0.005985462248089465,0.054331825816221674
7,GA0605800,"Johns Creek, GA",robbery,0.04369013349377921,0.03192759044190261,0.05432913216593852
8,GA0605800,"Johns Creek, GA",robbery,0.06242505534559063,0.04853170148536873,0.054331825816221674
9,GA0605800,"Johns Creek, GA",robbery,0.05616031175072153,0.05230571946850969,0.05432839154495518
10,GA0605800,"Johns Creek, GA",robbery,0.041594484547410396,0.05930748317023518,0.05432561917016748
11,GA0605800,"Johns Creek, GA",robbery,0.05098107485514673,0.0707123849514917,0.05432839154495517
12,GA0605800,"Johns Creek, GA",robbery,0.05056456427533197,0.04993543080598961,0.05433182581622167
1,GA0690000,"Hall, GA",robbery,-0.014718746777558186,-0.015076375521263459,0.05273408672605147
2,GA0690000,"Hall, GA",robbery,-0.10674012224271302,-0.11984887128966362,0.05277067977647054
3,GA0690000,"Hall, GA",robbery,-0.12944676536406494,-0.131941299443542,0.05276174462217424
4,GA0690000,"Hall, GA",robbery,-0.07056587126363142,-0.04771979986471748,0.05277134284044298
5,GA0690000,"Hall, GA",robbery,-0.006666007958024384,0.01078002752457596,0.05276174462217424
6,GA0690000,"Hall, GA",robbery,0.022721889338011475,0.012375367959496487,0.05277067977647054
7,GA0690000,"Hall, GA",robbery,0.04369013349377921,0.03404876307118623,0.05273408672605146
8,GA0690000,"Hall, GA",robbery,0.06242505534559063,0.07855630158703267,0.05277067977647054
9,GA0690000,"Hall, GA",robbery,0.05616031175072153,0.07167634219098828,0.05276174462217425
10,GA0690000,"Hall, GA",robbery,0.041594484547410396,0.028747412314794704,0.05277134284044298
11,GA0690000,"Hall, GA",robbery,0.05098107485514673,0.030512542178054953,0.05276174462217424
12,GA0690000,"Hall, GA",robbery,0.05056456427533197,0.047889589293057255,0.05277067977647054
1,GA1100000,"Paulding, GA",robbery,-0.014718746777558186,0.005749741477791207,0.05300577685738704
2,GA1100000,"Paulding, GA",robbery,-0.10674012224271302,-0.11515353634245251,0.05304526451307488
3,GA1100000,"Paulding, GA",robbery,-0.12944676536406494,-0.1459406678885992,0.05304183045658279
4,GA1100000,"Paulding, GA",robbery,-0.07056587126363142,-0.07051373316456366,0.053046357552918394
5,GA1100000,"Paulding, GA",robbery,-0.006666007958024384,0.003011927939557901,0.0530418304565828
6,GA1100000,"Paulding, GA",robbery,0.022721889338011475,0.02563220546575098,0.05304526451307488
7,GA1100000,"Paulding, GA",robbery,0.04369013349377921,0.04072529023265353,0.05300577685738703
8,GA1100000,"Paulding, GA",robbery,0.06242505534559063,0.05653892856017031,0.05304526451307488
9,GA1100000,"Paulding, GA",robbery,0.05616031175072153,0.04085102839587226,0.0530418304565828
10,GA1100000,"Paulding, GA",robbery,0.041594484547410396,0.024038701454118922,0.053046357552918394
11,GA1100000,"Paulding, GA",robbery,0.05098107485514673,0.055602679842724254,0.05304183045658279
12,GA1100000,"Paulding, GA",robbery,0.05056456427533197,0.07945743402697598,0.053045264513074876
1,GAAPD0000,"Atlanta, GA",robbery,-0.014718746777558186,-0.047714264018422534,0.03271066484736283
2,GAAPD0000,"Atlanta, GA",robbery,-0.10674012224271302,-0.14397390254082748,0.03278411533101702
3,GAAPD0000,"Atlanta, GA",robbery,-0.12944676536406494,-0.1805630394645456,0.032760774695241045
4,GAAPD0000,"Atlanta, GA",robbery,-0.07056587126363142,-0.07311449873091175,0.03277282246665869
5,GAAPD0000,"Atlanta, GA",robbery,-0.006666007958024384,0.05842425183343965,0.03276077469524105
6,GAAPD0000,"Atlanta, GA",robbery,0.022721889338011475,0.07012058327427959,0.03278411533101702
7,GAAPD0000,"Atlanta, GA",robbery,0.04369013349377921,0.024405141514304503,0.032710664847362826
8,GAAPD0000,"Atlanta, GA",robbery,0.06242505534559063,0.05074600019827483,0.03278411533101702
9,GAAPD0000,"Atlanta, GA",robbery,0.05616031175072153,0.11064425962611099,0.03276077469524105
10,GAAPD0000,"Atlanta, GA",robbery,0.041594484547410396,0.09642362123502979,0.03277282246665869
11,GAAPD0000,"Atlanta, GA",robbery,0.05098107485514673,0.03480365050911295,0.032760774695241045
12,GAAPD0000,"Atlanta, GA",robbery,0.05056456427533197,-2.0180343584495485e-4,0.03278411533101702
1,HI0020000,"Honolulu, HI",robbery,-0.014718746777558186,-0.03180751943645084,0.033310959950875234
2,HI0020000,"Honolulu, HI",robbery,-0.10674012224271302,-0.06105879143103802,0.033386574810523435
3,HI0020000,"Honolulu, HI",robbery,-0.12944676536406494,-0.032436304394,0.033308365186922276
4,HI0020000,"Honolulu, HI",robbery,-0.07056587126363142,-0.0019177915786067346,0.033364182430664
5,HI0020000,"Honolulu, HI",robbery,-0.006666007958024384,-0.013467350674314439,0.033308365186922276
6,HI0020000,"Honolulu, HI",robbery,0.022721889338011475,-0.03563388067857261,0.033386574810523435
7,HI0020000,"Honolulu, HI",robbery,0.04369013349377921,-0.025622353512385572,0.03331095995087523
8,HI0020000,"Honolulu, HI",robbery,0.06242505534559063,0.006549036670531353,0.033386574810523435
9,HI0020000,"Honolulu, HI",robbery,0.05616031175072153,0.03535642258232974,0.03330836518692228
10,HI0020000,"Honolulu, HI",robbery,0.041594484547410396,0.059347664527443146,0.033364182430664
11,HI0020000,"Honolulu, HI",robbery,0.05098107485514673,0.06797710543482108,0.033308365186922276
12,HI0020000,"Honolulu, HI",robbery,0.05056456427533197,0.0327137624902429,0.033386574810523435
1,IA0070300,"Waterloo, IA",robbery,-0.014718746777558186,-0.05042496179625354,0.05077103065435167
2,IA0070300,"Waterloo, IA",robbery,-0.10674012224271302,-0.16112874254224485,0.0508365858497893
3,IA0070300,"Waterloo, IA",robbery,-0.12944676536406494,-0.14873894528952775,0.05081907031238129
4,IA0070300,"Waterloo, IA",robbery,-0.07056587126363142,-0.059058931239208995,0.050835920028722704
5,IA0070300,"Waterloo, IA",robbery,-0.006666007958024384,-0.006195342006196303,0.050819070312381295
6,IA0070300,"Waterloo, IA",robbery,0.022721889338011475,0.007443434325170172,0.0508365858497893
7,IA0070300,"Waterloo, IA",robbery,0.04369013349377921,0.041001809115690784,0.050771030654351665
8,IA0070300,"Waterloo, IA",robbery,0.06242505534559063,0.0771805882461139,0.050836585849789305
9,IA0070300,"Waterloo, IA",robbery,0.05616031175072153,0.07421394367395956,0.050819070312381295
10,IA0070300,"Waterloo, IA",robbery,0.041594484547410396,0.06848208391977174,0.050835920028722704
11,IA0070300,"Waterloo, IA",robbery,0.05098107485514673,0.0901434963023272,0.05081907031238129
12,IA0070300,"Waterloo, IA",robbery,0.05056456427533197,0.06708156729039809,0.0508365858497893
1,IA0310100,"Dubuque, IA",robbery,-0.014718746777558186,-0.028994374820663082,0.052995907069478376
2,IA0310100,"Dubuque, IA",robbery,-0.10674012224271302,-0.10950794495622344,0.05302547694168825
3,IA0310100,"Dubuque, IA",robbery,-0.12944676536406494,-0.13264675892951555,0.05302836440949555
4,IA0310100,"Dubuque, IA",robbery,-0.07056587126363142,-0.08908894372125727,0.053031380354663114
5,IA0310100,"Dubuque, IA",robbery,-0.006666007958024384,-0.0253181471134589,0.05302836440949556
6,IA0310100,"Dubuque, IA",robbery,0.022721889338011475,0.025974372527933477,0.05302547694168825
7,IA0310100,"Dubuque, IA",robbery,0.04369013349377921,0.06148333073880084,0.05299590706947837
8,IA0310100,"Dubuque, IA",robbery,0.06242505534559063,0.07540627254819686,0.05302547694168825
9,IA0310100,"Dubuque, IA",robbery,0.05616031175072153,0.0660561306033512,0.05302836440949556
10,IA0310100,"Dubuque, IA",robbery,0.041594484547410396,0.0565999878031195,0.053031380354663114
11,IA0310100,"Dubuque, IA",robbery,0.05098107485514673,0.05941981952148545,0.05302836440949555
12,IA0310100,"Dubuque, IA",robbery,0.05056456427533197,0.04061625579823093,0.05302547694168825
1,IA0520200,"Iowa City, IA",robbery,-0.014718746777558186,-0.02889338580137594,0.05181602402399774
2,IA0520200,"Iowa City, IA",robbery,-0.10674012224271302,-0.12231421731425998,0.05186542654443993
3,IA0520200,"Iowa City, IA",robbery,-0.12944676536406494,-0.14299253537266685,0.05185571956615002
4,IA0520200,"Iowa City, IA",robbery,-0.07056587126363142,-0.06801338619883229,0.05185165767616258
5,IA0520200,"Iowa City, IA",robbery,-0.006666007958024384,0.016947702746802958,0.051855719566150024
6,IA0520200,"Iowa City, IA",robbery,0.022721889338011475,0.05016315033187911,0.05186542654443993
7,IA0520200,"Iowa City, IA",robbery,0.04369013349377921,0.056591503622281825,0.05181602402399773
8,IA0520200,"Iowa City, IA",robbery,0.06242505534559063,0.06333440174702788,0.05186542654443993
9,IA0520200,"Iowa City, IA",robbery,0.05616031175072153,0.05631460198452886,0.05185571956615003
10,IA0520200,"Iowa City, IA",robbery,0.041594484547410396,0.04031526837792641,0.05185165767616258
11,IA0520200,"Iowa City, IA",robbery,0.05098107485514673,0.0420321128204291,0.05185571956615002
12,IA0520200,"Iowa City, IA",robbery,0.05056456427533197,0.03651478305625891,0.05186542654443993
1,IA0570100,"Cedar Rapids, IA",robbery,-0.014718746777558186,0.009007242951524878,0.04824095430597599
2,IA0570100,"Cedar Rapids, IA",robbery,-0.10674012224271302,-0.11159161948114302,0.04831092122797184
3,IA0570100,"Cedar Rapids, IA",robbery,-0.12944676536406494,-0.15516687545339147,0.04837578901660391
4,IA0570100,"Cedar Rapids, IA",robbery,-0.07056587126363142,-0.12747534365586577,0.04843082084176503
5,IA0570100,"Cedar Rapids, IA",robbery,-0.006666007958024384,-0.06918327187137127,0.04837578901660391
6,IA0570100,"Cedar Rapids, IA",robbery,0.022721889338011475,0.006294011415359142,0.04831092122797184
7,IA0570100,"Cedar Rapids, IA",robbery,0.04369013349377921,0.06841240656336259,0.04824095430597598
8,IA0570100,"Cedar Rapids, IA",robbery,0.06242505534559063,0.06998579620801851,0.04831092122797184
9,IA0570100,"Cedar Rapids, IA",robbery,0.05616031175072153,0.03614140266537947,0.048375789016603915
10,IA0570100,"Cedar Rapids, IA",robbery,0.041594484547410396,0.05005569414097829,0.04843082084176503
11,IA0570100,"Cedar Rapids, IA",robbery,0.05098107485514673,0.11078909514449575,0.04837578901660391
12,IA0570100,"Cedar Rapids, IA",robbery,0.05056456427533197,0.11273146137265293,0.04831092122797184
1,IA0770100,"Ankeny, IA",robbery,-0.014718746777558186,0.008642672344699029,0.05429274963118596
2,IA0770100,"Ankeny, IA",robbery,-0.10674012224271302,-0.0956211584349721,0.05429752434135187
3,IA0770100,"Ankeny, IA",robbery,-0.12944676536406494,-0.13554553949828407,0.054301056173330683
4,IA0770100,"Ankeny, IA",robbery,-0.07056587126363142,-0.07244310057230996,0.05429821986436802
5,IA0770100,"Ankeny, IA",robbery,-0.006666007958024384,-4.0550245715648706e-4,0.05430105617333069
6,IA0770100,"Ankeny, IA",robbery,0.022721889338011475,0.019431685937490534,0.05429752434135187
7,IA0770100,"Ankeny, IA",robbery,0.04369013349377921,0.03069459282263689,0.05429274963118595
8,IA0770100,"Ankeny, IA",robbery,0.06242505534559063,0.057800045697383805,0.05429752434135187
9,IA0770100,"Ankeny, IA",robbery,0.05616031175072153,0.058387161593359896,0.05430105617333069
10,IA0770100,"Ankeny, IA",robbery,0.041594484547410396,0.03310583540497404,0.05429821986436802
11,IA0770100,"Ankeny, IA",robbery,0.05098107485514673,0.03822661519474474,0.054301056173330683
12,IA0770100,"Ankeny, IA",robbery,0.05056456427533197,0.05772669196743367,0.05429752434135187
1,IA0770300,"Des Moines, IA",robbery,-0.014718746777558186,-0.002836650409990089,0.041065424917291954
2,IA0770300,"Des Moines, IA",robbery,-0.10674012224271302,-0.10585435577451024,0.041209154332515555
3,IA0770300,"Des Moines, IA",robbery,-0.12944676536406494,-0.12464744466205686,0.04121142114199572
4,IA0770300,"Des Moines, IA",robbery,-0.07056587126363142,-0.08148101650885371,0.04123814197382296
5,IA0770300,"Des Moines, IA",robbery,-0.006666007958024384,-0.049674109796238756,0.041211421141995726
6,IA0770300,"Des Moines, IA",robbery,0.022721889338011475,-0.02176852885706833,0.041209154332515555
7,IA0770300,"Des Moines, IA",robbery,0.04369013349377921,0.03384234402996235,0.041065424917291954
8,IA0770300,"Des Moines, IA",robbery,0.06242505534559063,0.07492791822299587,0.041209154332515555
9,IA0770300,"Des Moines, IA",robbery,0.05616031175072153,0.06271531349057023,0.041211421141995726
10,IA0770300,"Des Moines, IA",robbery,0.041594484547410396,0.05047532288888144,0.04123814197382296
11,IA0770300,"Des Moines, IA",robbery,0.05098107485514673,0.08060054734775308,0.04121142114199572
12,IA0770300,"Des Moines, IA",robbery,0.05056456427533197,0.08370066002855502,0.041209154332515555
1,IA0770500,"West Des Moines, IA",robbery,-0.014718746777558186,-0.012648932100757158,0.05356809187629343
2,IA0770500,"West Des Moines, IA",robbery,-0.10674012224271302,-0.11189555726634491,0.05359342668016747
3,IA0770500,"West Des Moines, IA",robbery,-0.12944676536406494,-0.13352276839425528,0.053591156991426206
4,IA0770500,"West Des Moines, IA",robbery,-0.07056587126363142,-0.07284457577551269,0.05359424531364366
5,IA0770500,"West Des Moines, IA",robbery,-0.006666007958024384,-0.007777953668377987,0.05359115699142621
6,IA0770500,"West Des Moines, IA",robbery,0.022721889338011475,0.025880340951255194,0.05359342668016747
7,IA0770500,"West Des Moines, IA",robbery,0.04369013349377921,0.04826302270145033,0.053568091876293425
8,IA0770500,"West Des Moines, IA",robbery,0.06242505534559063,0.05869921631833151,0.05359342668016748
9,IA0770500,"West Des Moines, IA",robbery,0.05616031175072153,0.04471233684554871,0.05359115699142622
10,IA0770500,"West Des Moines, IA",robbery,0.041594484547410396,0.037230485174819514,0.05359424531364366
11,IA0770500,"West Des Moines, IA",robbery,0.05098107485514673,0.060974294616391346,0.053591156991426206
12,IA0770500,"West Des Moines, IA",robbery,0.05056456427533197,0.06293009059745142,0.05359342668016747
1,IA0780100,"Council Bluffs, IA",robbery,-0.014718746777558186,-0.02773793339269919,0.04990777772656711
2,IA0780100,"Council Bluffs, IA",robbery,-0.10674012224271302,-0.0655114236211436,0.05004732934489585
3,IA0780100,"Council Bluffs, IA",robbery,-0.12944676536406494,-0.1240631889255408,0.049964720658374616
4,IA0780100,"Council Bluffs, IA",robbery,-0.07056587126363142,-0.11061610077222357,0.05004875157859586
5,IA0780100,"Council Bluffs, IA",robbery,-0.006666007958024384,-0.009424461542395688,0.04996472065837462
6,IA0780100,"Council Bluffs, IA",robbery,0.022721889338011475,0.07663425044548759,0.05004732934489585
7,IA0780100,"Council Bluffs, IA",robbery,0.04369013349377921,0.0853787907081203,0.04990777772656711
8,IA0780100,"Council Bluffs, IA",robbery,0.06242505534559063,0.06913130897663189,0.050047329344895856
9,IA0780100,"Council Bluffs, IA",robbery,0.05616031175072153,0.07004221696560804,0.04996472065837462
10,IA0780100,"Council Bluffs, IA",robbery,0.041594484547410396,0.05297524345680248,0.05004875157859586
11,IA0780100,"Council Bluffs, IA",robbery,0.05098107485514673,0.005804576186907346,0.049964720658374616
12,IA0780100,"Council Bluffs, IA",robbery,0.05056456427533197,-0.02261327848555478,0.05004732934489585
1,IA0820200,"Davenport, IA",robbery,-0.014718746777558186,-0.07343894159906543,0.045513620433987045
2,IA0820200,"Davenport, IA",robbery,-0.10674012224271302,-0.14892400607649942,0.04555710270545014
3,IA0820200,"Davenport, IA",robbery,-0.12944676536406494,-0.1425116166772822,0.04555293368575528
4,IA0820200,"Davenport, IA",robbery,-0.07056587126363142,-0.07537702382467687,0.04557049736723081
5,IA0820200,"Davenport, IA",robbery,-0.006666007958024384,-0.02156480382227735,0.04555293368575528
6,IA0820200,"Davenport, IA",robbery,0.022721889338011475,0.002209970293665446,0.04555710270545014
7,IA0820200,"Davenport, IA",robbery,0.04369013349377921,0.037158982160142365,0.045513620433987045
8,IA0820200,"Davenport, IA",robbery,0.06242505534559063,0.0894931912178622,0.04555710270545014
9,IA0820200,"Davenport, IA",robbery,0.05616031175072153,0.11936076125756809,0.04555293368575528
10,IA0820200,"Davenport, IA",robbery,0.041594484547410396,0.11165698326359992,0.04557049736723081
11,IA0820200,"Davenport, IA",robbery,0.05098107485514673,0.08099561868091448,0.04555293368575528
12,IA0820200,"Davenport, IA",robbery,0.05056456427533197,0.020940885126048758,0.04555710270545014
1,IA0850100,"Ames, IA",robbery,-0.014718746777558186,-0.018462110640356938,0.053733166984593794
2,IA0850100,"Ames, IA",robbery,-0.10674012224271302,-0.09383484439600609,0.05376544693127211
3,IA0850100,"Ames, IA",robbery,-0.12944676536406494,-0.1157248341036202,0.05376305163723499
4,IA0850100,"Ames, IA",robbery,-0.07056587126363142,-0.07030588888672389,0.053758622193092326
5,IA0850100,"Ames, IA",robbery,-0.006666007958024384,-0.015646585598599046,0.053763051637235
6,IA0850100,"Ames, IA",robbery,0.022721889338011475,0.020286918656393767,0.05376544693127211
7,IA0850100,"Ames, IA",robbery,0.04369013349377921,0.05502315240214618,0.05373316698459379
8,IA0850100,"Ames, IA",robbery,0.06242505534559063,0.07919254071420634,0.05376544693127211
9,IA0850100,"Ames, IA",robbery,0.05616031175072153,0.06452148866003123,0.05376305163723501
10,IA0850100,"Ames, IA",robbery,0.041594484547410396,0.03374484712493465,0.053758622193092326
11,IA0850100,"Ames, IA",robbery,0.05098107485514673,0.030288889280398756,0.05376305163723499
12,IA0850100,"Ames, IA",robbery,0.05056456427533197,0.03091642678719525,0.05376544693127211
1,IA0970100,"Sioux City, IA",robbery,-0.014718746777558186,-0.05817779159849029,0.04869028475658064
2,IA0970100,"Sioux City, IA",robbery,-0.10674012224271302,-0.19201984678602385,0.04879375481465792
3,IA0970100,"Sioux City, IA",robbery,-0.12944676536406494,-0.1706713489454901,0.04868789514013802
4,IA0970100,"Sioux City, IA",robbery,-0.07056587126363142,-0.04045351801181187,0.0487373183046852
5,IA0970100,"Sioux City, IA",robbery,-0.006666007958024384,0.03012617908099273,0.04868789514013803
6,IA0970100,"Sioux City, IA",robbery,0.022721889338011475,0.03259378533930275,0.04879375481465792
7,IA0970100,"Sioux City, IA",robbery,0.04369013349377921,0.06664244312630456,0.04869028475658064
8,IA0970100,"Sioux City, IA",robbery,0.06242505534559063,0.10961274874681544,0.04879375481465792
9,IA0970100,"Sioux City, IA",robbery,0.05616031175072153,0.07979959937846738,0.048687895140138035
10,IA0970100,"Sioux City, IA",robbery,0.041594484547410396,0.0319888664839976,0.0487373183046852
11,IA0970100,"Sioux City, IA",robbery,0.05098107485514673,0.05228091895821565,0.04868789514013802
12,IA0970100,"Sioux City, IA",robbery,0.05056456427533197,0.05827796422772001,0.04879375481465792
1,ID0010000,"Ada, ID",robbery,-0.014718746777558186,-0.03064670651898355,0.05433728556466792
2,ID0010000,"Ada, ID",robbery,-0.10674012224271302,-0.11066762333500907,0.0543478534167878
3,ID0010000,"Ada, ID",robbery,-0.12944676536406494,-0.1295838042861421,0.054338316946279754
4,ID0010000,"Ada, ID",robbery,-0.07056587126363142,-0.06856863313643945,0.05434215384454334
5,ID0010000,"Ada, ID",robbery,-0.006666007958024384,0.002693004713898388,0.05433831694627977
6,ID0010000,"Ada, ID",robbery,0.022721889338011475,0.034553701376775166,0.0543478534167878
7,ID0010000,"Ada, ID",robbery,0.04369013349377921,0.048487336086045454,0.05433728556466791
8,ID0010000,"Ada, ID",robbery,0.06242505534559063,0.06478318860745683,0.0543478534167878
9,ID0010000,"Ada, ID",robbery,0.05616031175072153,0.06585873999152796,0.05433831694627977
10,ID0010000,"Ada, ID",robbery,0.041594484547410396,0.050728003569377546,0.05434215384454334
11,ID0010000,"Ada, ID",robbery,0.05098107485514673,0.04319143001365381,0.05433831694627976
12,ID0010000,"Ada, ID",robbery,0.05056456427533197,0.029171362917839016,0.05434785341678779
1,ID0010300,"Meridian, ID",robbery,-0.014718746777558186,-0.010310676958136035,0.05384040040189761
2,ID0010300,"Meridian, ID",robbery,-0.10674012224271302,-0.1147625309497514,0.05386516801209807
3,ID0010300,"Meridian, ID",robbery,-0.12944676536406494,-0.12868538646419878,0.05385405606500036
4,ID0010300,"Meridian, ID",robbery,-0.07056587126363142,-0.05486970606991242,0.053864795213242375
5,ID0010300,"Meridian, ID",robbery,-0.006666007958024384,-0.002046916768561054,0.053854056065000364
6,ID0010300,"Meridian, ID",robbery,0.022721889338011475,0.005364256609832641,0.05386516801209807
7,ID0010300,"Meridian, ID",robbery,0.04369013349377921,0.03024728473029749,0.0538404004018976
8,ID0010300,"Meridian, ID",robbery,0.06242505534559063,0.068902376487583,0.05386516801209807
9,ID0010300,"Meridian, ID",robbery,0.05616031175072153,0.06288862422986892,0.053854056065000364
10,ID0010300,"Meridian, ID",robbery,0.041594484547410396,0.034933098297750965,0.053864795213242375
11,ID0010300,"Meridian, ID",robbery,0.05098107485514673,0.04790707123072942,0.05385405606500036
12,ID0010300,"Meridian, ID",robbery,0.05056456427533197,0.06043250562449724,0.05386516801209807
1,ID0030200,"Pocatello, ID",robbery,-0.014718746777558186,-0.021594170217900964,0.05387575630891303
2,ID0030200,"Pocatello, ID",robbery,-0.10674012224271302,-0.09590012852764561,0.05389317300167942
3,ID0030200,"Pocatello, ID",robbery,-0.12944676536406494,-0.11184713152072884,0.05389425735936347
4,ID0030200,"Pocatello, ID",robbery,-0.07056587126363142,-0.07012006989739528,0.05389532834224463
5,ID0030200,"Pocatello, ID",robbery,-0.006666007958024384,-0.01746905873692459,0.05389425735936348
6,ID0030200,"Pocatello, ID",robbery,0.022721889338011475,0.02402298290981666,0.05389317300167942
7,ID0030200,"Pocatello, ID",robbery,0.04369013349377921,0.05400975184749522,0.053875756308913024
8,ID0030200,"Pocatello, ID",robbery,0.06242505534559063,0.06056651433049832,0.05389317300167942
9,ID0030200,"Pocatello, ID",robbery,0.05616031175072153,0.04409793569398729,0.05389425735936348
10,ID0030200,"Pocatello, ID",robbery,0.041594484547410396,0.03770448826780101,0.05389532834224463
11,ID0030200,"Pocatello, ID",robbery,0.05098107485514673,0.05280267293407185,0.05389425735936347
12,ID0030200,"Pocatello, ID",robbery,0.05056456427533197,0.04372621291692494,0.05389317300167942
1,ID0100200,"Idaho Falls, ID",robbery,-0.014718746777558186,-3.1443127539144473e-4,0.053828485686056915
2,ID0100200,"Idaho Falls, ID",robbery,-0.10674012224271302,-0.09431726812911312,0.0538432062057021
3,ID0100200,"Idaho Falls, ID",robbery,-0.12944676536406494,-0.1256655459015475,0.05384249815929171
4,ID0100200,"Idaho Falls, ID",robbery,-0.07056587126363142,-0.08396595561488833,0.0538513651255923
5,ID0100200,"Idaho Falls, ID",robbery,-0.006666007958024384,-0.02895047728301463,0.05384249815929172
6,ID0100200,"Idaho Falls, ID",robbery,0.022721889338011475,0.013251449263543573,0.0538432062057021
7,ID0100200,"Idaho Falls, ID",robbery,0.04369013349377921,0.05169085905917885,0.05382848568605691
8,ID0100200,"Idaho Falls, ID",robbery,0.06242505534559063,0.06865095240735158,0.0538432062057021
9,ID0100200,"Idaho Falls, ID",robbery,0.05616031175072153,0.04862280239599857,0.05384249815929172
10,ID0100200,"Idaho Falls, ID",robbery,0.041594484547410396,0.032589527831100924,0.0538513651255923
11,ID0100200,"Idaho Falls, ID",robbery,0.05098107485514673,0.05461679300477612,0.05384249815929171
12,ID0100200,"Idaho Falls, ID",robbery,0.05056456427533197,0.06379129424200539,0.0538432062057021
1,ID0280100,"Coeur D Alene, ID",robbery,-0.014718746777558186,-0.010342358260838737,0.053884419186599725
2,ID0280100,"Coeur D Alene, ID",robbery,-0.10674012224271302,-0.09193674589410786,0.05391888663897803
3,ID0280100,"Coeur D Alene, ID",robbery,-0.12944676536406494,-0.13391259503531228,0.053902676050900517
4,ID0280100,"Coeur D Alene, ID",robbery,-0.07056587126363142,-0.09432154941654328,0.0539217283759758
5,ID0280100,"Coeur D Alene, ID",robbery,-0.006666007958024384,-0.015064326689649668,0.05390267605090052
6,ID0280100,"Coeur D Alene, ID",robbery,0.022721889338011475,0.035109830969431564,0.05391888663897803
7,ID0280100,"Coeur D Alene, ID",robbery,0.04369013349377921,0.044672171697730856,0.05388441918659971
8,ID0280100,"Coeur D Alene, ID",robbery,0.06242505534559063,0.04600722354619864,0.05391888663897803
9,ID0280100,"Coeur D Alene, ID",robbery,0.05616031175072153,0.053653259250510954,0.05390267605090052
10,ID0280100,"Coeur D Alene, ID",robbery,0.041594484547410396,0.059991735979651156,0.0539217283759758
11,ID0280100,"Coeur D Alene, ID",robbery,0.05098107485514673,0.06099384903755885,0.053902676050900517
12,ID0280100,"Coeur D Alene, ID",robbery,0.05056456427533197,0.0451495048153698,0.05391888663897802
1,ID0420200,"Twin Falls, ID",robbery,-0.014718746777558186,-0.03481287552674164,0.054058032095607195
2,ID0420200,"Twin Falls, ID",robbery,-0.10674012224271302,-0.12051303825629532,0.05406068363024827
3,ID0420200,"Twin Falls, ID",robbery,-0.12944676536406494,-0.11696615878301105,0.05406482807133686
4,ID0420200,"Twin Falls, ID",robbery,-0.07056587126363142,-0.05725027530295253,0.05406121459239972
5,ID0420200,"Twin Falls, ID",robbery,-0.006666007958024384,-0.012456316855083959,0.05406482807133687
6,ID0420200,"Twin Falls, ID",robbery,0.022721889338011475,0.013689638843851649,0.05406068363024827
7,ID0420200,"Twin Falls, ID",robbery,0.04369013349377921,0.042578329505588944,0.05405803209560719
8,ID0420200,"Twin Falls, ID",robbery,0.06242505534559063,0.055350273093589294,0.05406068363024827
9,ID0420200,"Twin Falls, ID",robbery,0.05616031175072153,0.04403793964145772,0.054064828071336876
10,ID0420200,"Twin Falls, ID",robbery,0.041594484547410396,0.04948482132410521,0.05406121459239972
11,ID0420200,"Twin Falls, ID",robbery,0.05098107485514673,0.07761908201778994,0.05406482807133686
12,ID0420200,"Twin Falls, ID",robbery,0.05056456427533197,0.059238580297701744,0.05406068363024826
1,IL0100100,"Champaign, IL",robbery,-0.014718746777558186,-0.011069472497344333,0.047957035982024124
2,IL0100100,"Champaign, IL",robbery,-0.10674012224271302,-0.11545956563549942,0.04806702698145909
3,IL0100100,"Champaign, IL",robbery,-0.12944676536406494,-0.12331189680366982,0.048027121150586105
4,IL0100100,"Champaign, IL",robbery,-0.07056587126363142,-0.06690727513102729,0.04807644576410703
5,IL0100100,"Champaign, IL",robbery,-0.006666007958024384,-0.040422139985138675,0.04802712115058611
6,IL0100100,"Champaign, IL",robbery,0.022721889338011475,-0.031256936297547416,0.04806702698145909
7,IL0100100,"Champaign, IL",robbery,0.04369013349377921,0.019442165812564124,0.04795703598202412
8,IL0100100,"Champaign, IL",robbery,0.06242505534559063,0.07532953878411547,0.04806702698145909
9,IL0100100,"Champaign, IL",robbery,0.05616031175072153,0.07480917663706609,0.04802712115058611
10,IL0100100,"Champaign, IL",robbery,0.041594484547410396,0.05853458181580748,0.04807644576410703
11,IL0100100,"Champaign, IL",robbery,0.05098107485514673,0.08055216683652257,0.048027121150586105
12,IL0100100,"Champaign, IL",robbery,0.05056456427533197,0.0797596564641512,0.04806702698145909
1,IL0160200,"Arlington Heights, IL",robbery,-0.014718746777558186,-0.02209856171910253,0.053815842827268735
2,IL0160200,"Arlington Heights, IL",robbery,-0.10674012224271302,-0.12774460130297202,0.05385146991738156
3,IL0160200,"Arlington Heights, IL",robbery,-0.12944676536406494,-0.1215662587227382,0.053830637344014325
4,IL0160200,"Arlington Heights, IL",robbery,-0.07056587126363142,-0.04967198808287997,0.05384652345560802
5,IL0160200,"Arlington Heights, IL",robbery,-0.006666007958024384,-0.011742545198306444,0.05383063734401433
6,IL0160200,"Arlington Heights, IL",robbery,0.022721889338011475,0.0035029652983707828,0.05385146991738156
7,IL0160200,"Arlington Heights, IL",robbery,0.04369013349377921,0.04207534267890581,0.05381584282726873
8,IL0160200,"Arlington Heights, IL",robbery,0.06242505534559063,0.06488308129923834,0.05385146991738156
9,IL0160200,"Arlington Heights, IL",robbery,0.05616031175072153,0.03872795775920122,0.05383063734401434
10,IL0160200,"Arlington Heights, IL",robbery,0.041594484547410396,0.029695207123076675,0.05384652345560802
11,IL0160200,"Arlington Heights, IL",robbery,0.05098107485514673,0.07460406520204009,0.053830637344014325
12,IL0160200,"Arlington Heights, IL",robbery,0.05056456427533197,0.07933533566516625,0.05385146991738156
1,IL0162100,"Cicero, IL",robbery,-0.014718746777558186,-0.06374171270798831,0.045910119812255616
2,IL0162100,"Cicero, IL",robbery,-0.10674012224271302,-0.1805389078182062,0.046022560920067776
3,IL0162100,"Cicero, IL",robbery,-0.12944676536406494,-0.18869574523573457,0.046063308994292174
4,IL0162100,"Cicero, IL",robbery,-0.07056587126363142,-0.10866619933764957,0.04610151832980677
5,IL0162100,"Cicero, IL",robbery,-0.006666007958024384,-0.0411126232333399,0.046063308994292174
6,IL0162100,"Cicero, IL",robbery,0.022721889338011475,-0.0016808026445660352,0.046022560920067776
7,IL0162100,"Cicero, IL",robbery,0.04369013349377921,0.05960992587164212,0.04591011981225561
8,IL0162100,"Cicero, IL",robbery,0.06242505534559063,0.1253939596097527,0.046022560920067776
9,IL0162100,"Cicero, IL",robbery,0.05616031175072153,0.1376825838636273,0.04606330899429218
10,IL0162100,"Cicero, IL",robbery,0.041594484547410396,0.11279798617399574,0.04610151832980677
11,IL0162100,"Cicero, IL",robbery,0.05098107485514673,0.09625757144179328,0.046063308994292174
12,IL0162100,"Cicero, IL",robbery,0.05056456427533197,0.05269396401667339,0.046022560920067776
1,IL0162A00,"Schaumburg, IL",robbery,-0.014718746777558186,-0.008440995467769653,0.05282885942332482
2,IL0162A00,"Schaumburg, IL",robbery,-0.10674012224271302,-0.11138490201996974,0.05285310349349352
3,IL0162A00,"Schaumburg, IL",robbery,-0.12944676536406494,-0.11425661649146206,0.05281772859672735
4,IL0162A00,"Schaumburg, IL",robbery,-0.07056587126363142,-0.056375821693054114,0.05281579485431607
5,IL0162A00,"Schaumburg, IL",robbery,-0.006666007958024384,-0.02535633283759215,0.052817728596727356
6,IL0162A00,"Schaumburg, IL",robbery,0.022721889338011475,-0.016106735211689073,0.05285310349349352
7,IL0162A00,"Schaumburg, IL",robbery,0.04369013349377921,0.01273971626262648,0.05282885942332481
8,IL0162A00,"Schaumburg, IL",robbery,0.06242505534559063,0.03847713549177979,0.05285310349349352
9,IL0162A00,"Schaumburg, IL",robbery,0.05616031175072153,0.03705012916841527,0.052817728596727356
10,IL0162A00,"Schaumburg, IL",robbery,0.041594484547410396,0.05207710089819727,0.05281579485431607
11,IL0162A00,"Schaumburg, IL",robbery,0.05098107485514673,0.09826409936578206,0.05281772859672735
12,IL0162A00,"Schaumburg, IL",robbery,0.05056456427533197,0.09331322253473592,0.05285310349349352
1,IL0163200,"Evanston, IL",robbery,-0.014718746777558186,-0.0388111560466621,0.04993229116320313
2,IL0163200,"Evanston, IL",robbery,-0.10674012224271302,-0.12622287857948547,0.04998659935450548
3,IL0163200,"Evanston, IL",robbery,-0.12944676536406494,-0.1391106923148204,0.049975705957482
4,IL0163200,"Evanston, IL",robbery,-0.07056587126363142,-0.07994203886564911,0.049985407472540176
5,IL0163200,"Evanston, IL",robbery,-0.006666007958024384,-0.0073690799393113906,0.049975705957482006
6,IL0163200,"Evanston, IL",robbery,0.022721889338011475,0.04902539481309926,0.04998659935450548
7,IL0163200,"Evanston, IL",robbery,0.04369013349377921,0.08424200908489235,0.04993229116320312
8,IL0163200,"Evanston, IL",robbery,0.06242505534559063,0.08235257710863729,0.04998659935450549
9,IL0163200,"Evanston, IL",robbery,0.05616031175072153,0.04980953780574197,0.049975705957482006
10,IL0163200,"Evanston, IL",robbery,0.041594484547410396,0.03451118582741884,0.049985407472540176
11,IL0163200,"Evanston, IL",robbery,0.05098107485514673,0.051239381410159525,0.049975705957482
12,IL0163200,"Evanston, IL",robbery,0.05056456427533197,0.04027575969597924,0.04998659935450548
1,IL0164A00,"Skokie, IL",robbery,-0.014718746777558186,0.013785804312947673,0.05074344162570712
2,IL0164A00,"Skokie, IL",robbery,-0.10674012224271302,-0.08350329158900707,0.050798172624312604
3,IL0164A00,"Skokie, IL",robbery,-0.12944676536406494,-0.12522680331449773,0.05081526755694715
4,IL0164A00,"Skokie, IL",robbery,-0.07056587126363142,-0.0711497702210767,0.050840502006648004
5,IL0164A00,"Skokie, IL",robbery,-0.006666007958024384,-7.08230817855187e-4,0.05081526755694716
6,IL0164A00,"Skokie, IL",robbery,0.022721889338011475,0.03060066618405676,0.050798172624312604
7,IL0164A00,"Skokie, IL",robbery,0.04369013349377921,0.048842940812493484,0.05074344162570711
8,IL0164A00,"Skokie, IL",robbery,0.06242505534559063,0.06282927370401817,0.050798172624312604
9,IL0164A00,"Skokie, IL",robbery,0.05616031175072153,0.04192404030406771,0.05081526755694716
10,IL0164A00,"Skokie, IL",robbery,0.041594484547410396,0.008521025095635543,0.050840502006648004
11,IL0164A00,"Skokie, IL",robbery,0.05098107485514673,0.021382248702844057,0.05081526755694715
12,IL0164A00,"Skokie, IL",robbery,0.05056456427533197,0.05270209682637329,0.050798172624312604
1,IL0165M00,"Tinley Park, IL",robbery,-0.014718746777558186,-0.016637974152381284,0.05369462432175318
2,IL0165M00,"Tinley Park, IL",robbery,-0.10674012224271302,-0.1107672352307279,0.05372238831465167
3,IL0165M00,"Tinley Park, IL",robbery,-0.12944676536406494,-0.13352076337023225,0.05371388804788038
4,IL0165M00,"Tinley Park, IL",robbery,-0.07056587126363142,-0.07685510019105865,0.053719008973594475
5,IL0165M00,"Tinley Park, IL",robbery,-0.006666007958024384,-0.018354303401545553,0.05371388804788039
6,IL0165M00,"Tinley Park, IL",robbery,0.022721889338011475,0.019041750036153545,0.05372238831465167
7,IL0165M00,"Tinley Park, IL",robbery,0.04369013349377921,0.06477574353332799,0.053694624321753176
8,IL0165M00,"Tinley Park, IL",robbery,0.06242505534559063,0.0962382796966429,0.05372238831465167
9,IL0165M00,"Tinley Park, IL",robbery,0.05616031175072153,0.07085403845520058,0.053713888047880395
10,IL0165M00,"Tinley Park, IL",robbery,0.041594484547410396,0.028717330810111942,0.053719008973594475
11,IL0165M00,"Tinley Park, IL",robbery,0.05098107485514673,0.0328832589356305,0.05371388804788039
12,IL0165M00,"Tinley Park, IL",robbery,0.05056456427533197,0.043624974878878196,0.05372238831465167
1,IL0167200,"Mount Prospect, IL",robbery,-0.014718746777558186,-0.025083848569408325,0.054147122240713295
2,IL0167200,"Mount Prospect, IL",robbery,-0.10674012224271302,-0.12518868540070907,0.05416635808119217
3,IL0167200,"Mount Prospect, IL",robbery,-0.12944676536406494,-0.13657211381913606,0.05416056658245385
4,IL0167200,"Mount Prospect, IL",robbery,-0.07056587126363142,-0.0672903569892919,0.054168748298232726
5,IL0167200,"Mount Prospect, IL",robbery,-0.006666007958024384,-0.012641482143034902,0.054160566582453856
6,IL0167200,"Mount Prospect, IL",robbery,0.022721889338011475,0.008494308918868649,0.05416635808119217
7,IL0167200,"Mount Prospect, IL",robbery,0.04369013349377921,0.044673852028110896,0.05414712224071329
8,IL0167200,"Mount Prospect, IL",robbery,0.06242505534559063,0.08326950881837554,0.054166358081192176
9,IL0167200,"Mount Prospect, IL",robbery,0.05616031175072153,0.07506293377809997,0.05416056658245386
10,IL0167200,"Mount Prospect, IL",robbery,0.041594484547410396,0.047700353530589316,0.054168748298232726
11,IL0167200,"Mount Prospect, IL",robbery,0.05098107485514673,0.05456065872536839,0.05416056658245385
12,IL0167200,"Mount Prospect, IL",robbery,0.05056456427533197,0.053014871122167496,0.05416635808119217
1,IL0168000,"Oak Lawn, IL",robbery,-0.014718746777558186,-0.014980612579353111,0.05213259718597333
2,IL0168000,"Oak Lawn, IL",robbery,-0.10674012224271302,-0.09524938282885864,0.05217821800093757
3,IL0168000,"Oak Lawn, IL",robbery,-0.12944676536406494,-0.12902059767107052,0.052172217196678805
4,IL0168000,"Oak Lawn, IL",robbery,-0.07056587126363142,-0.09094886000207893,0.052194782014110284
5,IL0168000,"Oak Lawn, IL",robbery,-0.006666007958024384,-0.017896852213844867,0.05217221719667882
6,IL0168000,"Oak Lawn, IL",robbery,0.022721889338011475,0.0386081216161617,0.05217821800093757
7,IL0168000,"Oak Lawn, IL",robbery,0.04369013349377921,0.058500833683061575,0.05213259718597332
8,IL0168000,"Oak Lawn, IL",robbery,0.06242505534559063,0.05247461893613186,0.05217821800093757
9,IL0168000,"Oak Lawn, IL",robbery,0.05616031175072153,0.04272561267463529,0.05217221719667882
10,IL0168000,"Oak Lawn, IL",robbery,0.041594484547410396,0.04742863889837046,0.052194782014110284
11,IL0168000,"Oak Lawn, IL",robbery,0.05098107485514673,0.06067161610657161,0.052172217196678805
12,IL0168000,"Oak Lawn, IL",robbery,0.05056456427533197,0.0476868633802736,0.05217821800093757
1,IL0168400,"Palatine, IL",robbery,-0.014718746777558186,-0.012246296613547834,0.05415690523669149
2,IL0168400,"Palatine, IL",robbery,-0.10674012224271302,-0.09560610210484538,0.054174549351175945
3,IL0168400,"Palatine, IL",robbery,-0.12944676536406494,-0.12200956777131199,0.05416802931007839
4,IL0168400,"Palatine, IL",robbery,-0.07056587126363142,-0.0737904091964213,0.054171811999487784
5,IL0168400,"Palatine, IL",robbery,-0.006666007958024384,-0.016748466666406517,0.0541680293100784
6,IL0168400,"Palatine, IL",robbery,0.022721889338011475,0.00998827116686348,0.054174549351175945
7,IL0168400,"Palatine, IL",robbery,0.04369013349377921,0.03174580730297319,0.054156905236691484
8,IL0168400,"Palatine, IL",robbery,0.06242505534559063,0.05940055744751417,0.05417454935117595
9,IL0168400,"Palatine, IL",robbery,0.05616031175072153,0.06630451242455543,0.0541680293100784
10,IL0168400,"Palatine, IL",robbery,0.041594484547410396,0.05429089850699595,0.054171811999487784
11,IL0168400,"Palatine, IL",robbery,0.05098107485514673,0.05295401132373769,0.05416802931007839
12,IL0168400,"Palatine, IL",robbery,0.05056456427533197,0.04571678417989311,0.054174549351175945
1,IL0580200,"Decatur, IL",robbery,-0.014718746777558186,-0.0588390407064905,0.04804812982231675
2,IL0580200,"Decatur, IL",robbery,-0.10674012224271302,-0.17370328932947304,0.048126337273185604
3,IL0580200,"Decatur, IL",robbery,-0.12944676536406494,-0.1806599906196604,0.04805373496334711
4,IL0580200,"Decatur, IL",robbery,-0.07056587126363142,-0.07427682825477427,0.0480663094815563
5,IL0580200,"Decatur, IL",robbery,-0.006666007958024384,0.0267483714183322,0.048053734963347125
6,IL0580200,"Decatur, IL",robbery,0.022721889338011475,0.06453714880784261,0.048126337273185604
7,IL0580200,"Decatur, IL",robbery,0.04369013349377921,0.08305306303684934,0.048048129822316744
8,IL0580200,"Decatur, IL",robbery,0.06242505534559063,0.09928068146406586,0.048126337273185604
9,IL0580200,"Decatur, IL",robbery,0.05616031175072153,0.08202336042389438,0.048053734963347125
10,IL0580200,"Decatur, IL",robbery,0.041594484547410396,0.05006280592441544,0.0480663094815563
11,IL0580200,"Decatur, IL",robbery,0.05098107485514673,0.047674236447074914,0.04805373496334711
12,IL0580200,"Decatur, IL",robbery,0.05056456427533197,0.03409948138792344,0.048126337273185604
1,IL0840200,"Springfield, IL",robbery,-0.014718746777558186,-0.08437847763399225,0.04275347068793585
2,IL0840200,"Springfield, IL",robbery,-0.10674012224271302,-0.1876033770752928,0.04283465755429236
3,IL0840200,"Springfield, IL",robbery,-0.12944676536406494,-0.15721312559193096,0.0427501759321392
4,IL0840200,"Springfield, IL",robbery,-0.07056587126363142,-0.05428057112711243,0.04281367154887542
5,IL0840200,"Springfield, IL",robbery,-0.006666007958024384,-0.009137179310193934,0.04275017593213921
6,IL0840200,"Springfield, IL",robbery,0.022721889338011475,0.0037510126839663768,0.04283465755429236
7,IL0840200,"Springfield, IL",robbery,0.04369013349377921,0.07266801531039548,0.04275347068793584
8,IL0840200,"Springfield, IL",robbery,0.06242505534559063,0.14580380186497838,0.04283465755429236
9,IL0840200,"Springfield, IL",robbery,0.05616031175072153,0.12712401270521329,0.04275017593213921
10,IL0840200,"Springfield, IL",robbery,0.041594484547410396,0.0659910334507092,0.04281367154887542
11,IL0840200,"Springfield, IL",robbery,0.05098107485514673,0.0509367545205083,0.0427501759321392
12,IL0840200,"Springfield, IL",robbery,0.05056456427533197,0.026338100202751367,0.04283465755429236
1,IL0990000,"Will, IL",robbery,-0.014718746777558186,-0.046048321341505535,0.05328316500758641
2,IL0990000,"Will, IL",robbery,-0.10674012224271302,-0.146688521168028,0.05330592258943065
3,IL0990000,"Will, IL",robbery,-0.12944676536406494,-0.13829541320998381,0.05330343567634494
4,IL0990000,"Will, IL",robbery,-0.07056587126363142,-0.06924326594994781,0.05329651917969377
5,IL0990000,"Will, IL",robbery,-0.006666007958024384,-0.017489183755084958,0.05330343567634494
6,IL0990000,"Will, IL",robbery,0.022721889338011475,0.02839527815129544,0.05330592258943065
7,IL0990000,"Will, IL",robbery,0.04369013349377921,0.08169355778852255,0.053283165007586404
8,IL0990000,"Will, IL",robbery,0.06242505534559063,0.08978145280050408,0.05330592258943065
9,IL0990000,"Will, IL",robbery,0.05616031175072153,0.04574310839544286,0.05330343567634495
10,IL0990000,"Will, IL",robbery,0.041594484547410396,0.03359802950293077,0.05329651917969377
11,IL0990000,"Will, IL",robbery,0.05098107485514673,0.07439625212260884,0.05330343567634494
12,IL0990000,"Will, IL",robbery,0.05056456427533197,0.0641570266632456,0.05330592258943065
1,IL0990200,"Bolingbrook, IL",robbery,-0.014718746777558186,0.010870616194938263,0.05258731483170318
2,IL0990200,"Bolingbrook, IL",robbery,-0.10674012224271302,-0.1270282637125426,0.05262156991916148
3,IL0990200,"Bolingbrook, IL",robbery,-0.12944676536406494,-0.16789585178599212,0.05262292397162785
4,IL0990200,"Bolingbrook, IL",robbery,-0.07056587126363142,-0.09105833151835081,0.05266475314438541
5,IL0990200,"Bolingbrook, IL",robbery,-0.006666007958024384,-0.010724265356925326,0.05262292397162785
6,IL0990200,"Bolingbrook, IL",robbery,0.022721889338011475,0.02595152728528846,0.05262156991916148
7,IL0990200,"Bolingbrook, IL",robbery,0.04369013349377921,0.060670097675575504,0.052587314831703175
8,IL0990200,"Bolingbrook, IL",robbery,0.06242505534559063,0.08357228549434728,0.05262156991916148
9,IL0990200,"Bolingbrook, IL",robbery,0.05616031175072153,0.052899159697283024,0.05262292397162786
10,IL0990200,"Bolingbrook, IL",robbery,0.041594484547410396,0.01951761764783704,0.05266475314438541
11,IL0990200,"Bolingbrook, IL",robbery,0.05098107485514673,0.054180243575120614,0.05262292397162785
12,IL0990200,"Bolingbrook, IL",robbery,0.05056456427533197,0.08904516480342067,0.05262156991916148
1,IL1010400,"Rockford, IL",robbery,-0.014718746777558186,-0.022899522797398646,0.040647848156263454
2,IL1010400,"Rockford, IL",robbery,-0.10674012224271302,-0.1401527225566087,0.04078515401654283
3,IL1010400,"Rockford, IL",robbery,-0.12944676536406494,-0.1520688308504161,0.04081070174612224
4,IL1010400,"Rockford, IL",robbery,-0.07056587126363142,-0.07227045614713476,0.04080999808242799
5,IL1010400,"Rockford, IL",robbery,-0.006666007958024384,-0.010939249027698886,0.040810701746122245
6,IL1010400,"Rockford, IL",robbery,0.022721889338011475,0.01704235929453711,0.04078515401654283
7,IL1010400,"Rockford, IL",robbery,0.04369013349377921,0.06302515529434263,0.040647848156263454
8,IL1010400,"Rockford, IL",robbery,0.06242505534559063,0.09844986887592068,0.04078515401654283
9,IL1010400,"Rockford, IL",robbery,0.05616031175072153,0.07024034467278406,0.040810701746122245
10,IL1010400,"Rockford, IL",robbery,0.041594484547410396,0.032144823650190765,0.04080999808242799
11,IL1010400,"Rockford, IL",robbery,0.05098107485514673,0.05264210270838687,0.04081070174612224
12,IL1010400,"Rockford, IL",robbery,0.05056456427533197,0.06478612688309497,0.04078515401654283
1,ILCPD0000,"Chicago, IL",robbery,-0.014718746777558186,-0.03661610842904835,0.026801957610487235
2,ILCPD0000,"Chicago, IL",robbery,-0.10674012224271302,-0.1840501030448459,0.02685367548844078
3,ILCPD0000,"Chicago, IL",robbery,-0.12944676536406494,-0.22545856360003994,0.02689897046573261
4,ILCPD0000,"Chicago, IL",robbery,-0.07056587126363142,-0.1515530926666428,0.026920491319862537
5,ILCPD0000,"Chicago, IL",robbery,-0.006666007958024384,-0.049561910512496476,0.026898970465732613
6,ILCPD0000,"Chicago, IL",robbery,0.022721889338011475,0.030939406575364342,0.02685367548844078
7,ILCPD0000,"Chicago, IL",robbery,0.04369013349377921,0.09161926469544657,0.02680195761048723
8,ILCPD0000,"Chicago, IL",robbery,0.06242505534559063,0.11833311377954796,0.02685367548844078
9,ILCPD0000,"Chicago, IL",robbery,0.05616031175072153,0.10473841806834375,0.026898970465732613
10,ILCPD0000,"Chicago, IL",robbery,0.041594484547410396,0.09654993640024453,0.026920491319862537
11,ILCPD0000,"Chicago, IL",robbery,0.05098107485514673,0.11527889977779437,0.02689897046573261
12,ILCPD0000,"Chicago, IL",robbery,0.05056456427533197,0.08978073895633194,0.026853675488440778
1,IN0020100,"Fort Wayne, IN",robbery,-0.014718746777558186,-0.006126921070195211,0.041090959762177436
2,IN0020100,"Fort Wayne, IN",robbery,-0.10674012224271302,-0.08869100376752148,0.04123199970032037
3,IN0020100,"Fort Wayne, IN",robbery,-0.12944676536406494,-0.1292259749966898,0.041242202320817094
4,IN0020100,"Fort Wayne, IN",robbery,-0.07056587126363142,-0.0819852902709768,0.04131343009832517
5,IN0020100,"Fort Wayne, IN",robbery,-0.006666007958024384,-0.0014386476340219401,0.041242202320817094
6,IN0020100,"Fort Wayne, IN",robbery,0.022721889338011475,0.052836953386218626,0.04123199970032037
7,IN0020100,"Fort Wayne, IN",robbery,0.04369013349377921,0.07850750982450155,0.04109095976217743
8,IN0020100,"Fort Wayne, IN",robbery,0.06242505534559063,0.08019607426932705,0.04123199970032037
9,IN0020100,"Fort Wayne, IN",robbery,0.05616031175072153,0.048350456744189065,0.0412422023208171
10,IN0020100,"Fort Wayne, IN",robbery,0.041594484547410396,0.009604701516670469,0.04131343009832517
11,IN0020100,"Fort Wayne, IN",robbery,0.05098107485514673,0.009933577132216325,0.041242202320817094
12,IN0020100,"Fort Wayne, IN",robbery,0.05056456427533197,0.02803856486628216,0.04123199970032037
1,IN0180100,"Muncie, IN",robbery,-0.014718746777558186,-0.047529513795979736,0.050169208674908136
2,IN0180100,"Muncie, IN",robbery,-0.10674012224271302,-0.1464034548482299,0.050245494542811166
3,IN0180100,"Muncie, IN",robbery,-0.12944676536406494,-0.1518720684958899,0.050239253687025906
4,IN0180100,"Muncie, IN",robbery,-0.07056587126363142,-0.08438121251533395,0.050244062644394884
5,IN0180100,"Muncie, IN",robbery,-0.006666007958024384,-0.012801219085473834,0.050239253687025906
6,IN0180100,"Muncie, IN",robbery,0.022721889338011475,0.042005079409770954,0.050245494542811166
7,IN0180100,"Muncie, IN",robbery,0.04369013349377921,0.0804826917625549,0.05016920867490813
8,IN0180100,"Muncie, IN",robbery,0.06242505534559063,0.08194290349523925,0.050245494542811166
9,IN0180100,"Muncie, IN",robbery,0.05616031175072153,0.054458339176324075,0.05023925368702591
10,IN0180100,"Muncie, IN",robbery,0.041594484547410396,0.05142803454875876,0.050244062644394884
11,IN0180100,"Muncie, IN",robbery,0.05098107485514673,0.07726177043846444,0.050239253687025906
12,IN0180100,"Muncie, IN",robbery,0.05056456427533197,0.055408649909794966,0.050245494542811166
1,IN0290100,"Carmel, IN",robbery,-0.014718746777558186,-0.01752214944723016,0.054102030549772355
2,IN0290100,"Carmel, IN",robbery,-0.10674012224271302,-0.10675826277210662,0.05411416199676505
3,IN0290100,"Carmel, IN",robbery,-0.12944676536406494,-0.12627543675662123,0.05411801586983636
4,IN0290100,"Carmel, IN",robbery,-0.07056587126363142,-0.080430430329018407,0.05411853080449557
5,IN0290100,"Carmel, IN",robbery,-0.006666007958024384,-0.02746545535794012,0.05411801586983637
6,IN0290100,"Carmel, IN",robbery,0.022721889338011475,0.011630168023901044,0.05411416199676505
7,IN0290100,"Carmel, IN",robbery,0.04369013349377921,0.045657029787961906,0.05410203054977235
8,IN0290100,"Carmel, IN",robbery,0.06242505534559063,0.06199697672853137,0.05411416199676506
9,IN0290100,"Carmel, IN",robbery,0.05616031175072153,0.05337927037231423,0.05411801586983637
10,IN0290100,"Carmel, IN",robbery,0.041594484547410396,0.05229554998828665,0.05411853080449557
11,IN0290100,"Carmel, IN",robbery,0.05098107485514673,0.07222674140151533,0.05411801586983636
12,IN0290100,"Carmel, IN",robbery,0.05056456427533197,0.061265998360406,0.05411416199676505
1,IN0290200,"Noblesville, IN",robbery,-0.014718746777558186,0.001138368367589819,0.054386284733886105
2,IN0290200,"Noblesville, IN",robbery,-0.10674012224271302,-0.10051260438649334,0.05439249288581549
3,IN0290200,"Noblesville, IN",robbery,-0.12944676536406494,-0.1246069711609258,0.05438762874090859
4,IN0290200,"Noblesville, IN",robbery,-0.07056587126363142,-0.07308130466243985,0.05439891437565476
5,IN0290200,"Noblesville, IN",robbery,-0.006666007958024384,-0.020676141582761418,0.0543876287409086
6,IN0290200,"Noblesville, IN",robbery,0.022721889338011475,0.014415353230215196,0.05439249288581549
7,IN0290200,"Noblesville, IN",robbery,0.04369013349377921,0.05180296322391337,0.0543862847338861
8,IN0290200,"Noblesville, IN",robbery,0.06242505534559063,0.06624207994239942,0.05439249288581549
9,IN0290200,"Noblesville, IN",robbery,0.05616031175072153,0.037395115125328685,0.0543876287409086
10,IN0290200,"Noblesville, IN",robbery,0.041594484547410396,0.020139973070936654,0.05439891437565476
11,IN0290200,"Noblesville, IN",robbery,0.05098107485514673,0.054946666026855315,0.05438762874090859
12,IN0290200,"Noblesville, IN",robbery,0.05056456427533197,0.07279650280538197,0.05439249288581549
1,IN0290400,"Westfield, IN",robbery,-0.014718746777558186,-0.009957029923009711,0.05459792193244913
2,IN0290400,"Westfield, IN",robbery,-0.10674012224271302,-0.11067824447153687,0.05460792583706157
3,IN0290400,"Westfield, IN",robbery,-0.12944676536406494,-0.13470337606800356,0.05460573623500843
4,IN0290400,"Westfield, IN",robbery,-0.07056587126363142,-0.07221845118917415,0.0546084122262424
5,IN0290400,"Westfield, IN",robbery,-0.006666007958024384,-0.007762990122449699,0.05460573623500844
6,IN0290400,"Westfield, IN",robbery,0.022721889338011475,0.020764599340173884,0.05460792583706157
7,IN0290400,"Westfield, IN",robbery,0.04369013349377921,0.0438575105278322,0.054597921932449126
8,IN0290400,"Westfield, IN",robbery,0.06242505534559063,0.0635471984864334,0.05460792583706157
9,IN0290400,"Westfield, IN",robbery,0.05616031175072153,0.05367184947807764,0.054605736235008445
10,IN0290400,"Westfield, IN",robbery,0.041594484547410396,0.03831797058435166,0.0546084122262424
11,IN0290400,"Westfield, IN",robbery,0.05098107485514673,0.05489403610755311,0.05460573623500843
12,IN0290400,"Westfield, IN",robbery,0.05056456427533197,0.060266927249752085,0.05460792583706157
1,IN0290700,"Fishers, IN",robbery,-0.014718746777558186,-0.01901338120460896,0.05406218146768716
2,IN0290700,"Fishers, IN",robbery,-0.10674012224271302,-0.11220947569145112,0.054079107684164636
3,IN0290700,"Fishers, IN",robbery,-0.12944676536406494,-0.13637007752274297,0.054074683700302155
4,IN0290700,"Fishers, IN",robbery,-0.07056587126363142,-0.0727832098739466,0.05407450942610415
5,IN0290700,"Fishers, IN",robbery,-0.006666007958024384,-0.005532560740217066,0.054074683700302155
6,IN0290700,"Fishers, IN",robbery,0.022721889338011475,0.022601449922468212,0.054079107684164636
7,IN0290700,"Fishers, IN",robbery,0.04369013349377921,0.04799534139905892,0.054062181467687154
8,IN0290700,"Fishers, IN",robbery,0.06242505534559063,0.07799737012320687,0.054079107684164636
9,IN0290700,"Fishers, IN",robbery,0.05616031175072153,0.07317601176004877,0.05407468370030216
10,IN0290700,"Fishers, IN",robbery,0.041594484547410396,0.04380124967949663,0.05407450942610415
11,IN0290700,"Fishers, IN",robbery,0.05098107485514673,0.03974466630846127,0.054074683700302155
12,IN0290700,"Fishers, IN",robbery,0.05056456427533197,0.04059261584022602,0.054079107684164636
1,IN0410300,"Greenwood, IN",robbery,-0.014718746777558186,-0.0010033508704335643,0.053111856133905656
2,IN0410300,"Greenwood, IN",robbery,-0.10674012224271302,-0.11039152760487982,0.05313933545631619
3,IN0410300,"Greenwood, IN",robbery,-0.12944676536406494,-0.13655573651354314,0.05313800620627558
4,IN0410300,"Greenwood, IN",robbery,-0.07056587126363142,-0.06411777446348847,0.05314102899086184
5,IN0410300,"Greenwood, IN",robbery,-0.006666007958024384,3.027325769680294e-4,0.05313800620627559
6,IN0410300,"Greenwood, IN",robbery,0.022721889338011475,0.01361904479602357,0.05313933545631619
7,IN0410300,"Greenwood, IN",robbery,0.04369013349377921,0.031026113368822557,0.05311185613390565
8,IN0410300,"Greenwood, IN",robbery,0.06242505534559063,0.06269595153680234,0.05313933545631619
9,IN0410300,"Greenwood, IN",robbery,0.05616031175072153,0.058837397947076694,0.05313800620627559
10,IN0410300,"Greenwood, IN",robbery,0.041594484547410396,0.03409501196509948,0.05314102899086184
11,IN0410300,"Greenwood, IN",robbery,0.05098107485514673,0.0473928434911094,0.05313800620627558
12,IN0410300,"Greenwood, IN",robbery,0.05056456427533197,0.0640992937704429,0.05313933545631619
1,IN0710000,"St Joseph, IN",robbery,-0.014718746777558186,-0.005735184885999103,0.053325972527490974
2,IN0710000,"St Joseph, IN",robbery,-0.10674012224271302,-0.12045083127187388,0.053351256468179814
3,IN0710000,"St Joseph, IN",robbery,-0.12944676536406494,-0.15521989851231308,0.05335267269684405
4,IN0710000,"St Joseph, IN",robbery,-0.07056587126363142,-0.08014817523555771,0.053358544992102644
5,IN0710000,"St Joseph, IN",robbery,-0.006666007958024384,0.0026264026669839667,0.05335267269684406
6,IN0710000,"St Joseph, IN",robbery,0.022721889338011475,0.03252470647314126,0.053351256468179814
7,IN0710000,"St Joseph, IN",robbery,0.04369013349377921,0.04965894611291276,0.05332597252749096
8,IN0710000,"St Joseph, IN",robbery,0.06242505534559063,0.07176055089244575,0.053351256468179814
9,IN0710000,"St Joseph, IN",robbery,0.05616031175072153,0.06260585690597131,0.05335267269684406
10,IN0710000,"St Joseph, IN",robbery,0.041594484547410396,0.03622441400864406,0.053358544992102644
11,IN0710000,"St Joseph, IN",robbery,0.05098107485514673,0.046063877712444114,0.05335267269684405
12,IN0710000,"St Joseph, IN",robbery,0.05056456427533197,0.06008933513320053,0.053351256468179814
1,IN0710200,"South Bend, IN",robbery,-0.014718746777558186,-0.01907963501013263,0.041130249456328295
2,IN0710200,"South Bend, IN",robbery,-0.10674012224271302,-0.14988540624956637,0.04128007524008573
3,IN0710200,"South Bend, IN",robbery,-0.12944676536406494,-0.1828479869905863,0.041299398324704036
4,IN0710200,"South Bend, IN",robbery,-0.07056587126363142,-0.08748330144054794,0.04129973290576441
5,IN0710200,"South Bend, IN",robbery,-0.006666007958024384,0.026052204859149414,0.04129939832470404
6,IN0710200,"South Bend, IN",robbery,0.022721889338011475,0.07337001381741552,0.04128007524008573
7,IN0710200,"South Bend, IN",robbery,0.04369013349377921,0.07398365408400373,0.041130249456328295
8,IN0710200,"South Bend, IN",robbery,0.06242505534559063,0.0615992063599642,0.04128007524008573
9,IN0710200,"South Bend, IN",robbery,0.05616031175072153,0.03965776802711303,0.04129939832470404
10,IN0710200,"South Bend, IN",robbery,0.041594484547410396,0.03257928236667684,0.04129973290576441
11,IN0710200,"South Bend, IN",robbery,0.05098107485514673,0.0622339950304527,0.041299398324704036
12,IN0710200,"South Bend, IN",robbery,0.05056456427533197,0.06982020514605777,0.04128007524008573
1,IN0820100,"Evansville, IN",robbery,-0.014718746777558186,-0.015356362981484545,0.04607381584249413
2,IN0820100,"Evansville, IN",robbery,-0.10674012224271302,-0.12563114383339502,0.0461434856565603
3,IN0820100,"Evansville, IN",robbery,-0.12944676536406494,-0.14932045893266177,0.046134284864066503
4,IN0820100,"Evansville, IN",robbery,-0.07056587126363142,-0.06263612668483069,0.046150745893803816
5,IN0820100,"Evansville, IN",robbery,-0.006666007958024384,0.005524196486728964,0.04613428486406651
6,IN0820100,"Evansville, IN",robbery,0.022721889338011475,1.940198736882151e-4,0.0461434856565603
7,IN0820100,"Evansville, IN",robbery,0.04369013349377921,0.010856826016356388,0.04607381584249412
8,IN0820100,"Evansville, IN",robbery,0.06242505534559063,0.07300545661292529,0.0461434856565603
9,IN0820100,"Evansville, IN",robbery,0.05616031175072153,0.10119430867732024,0.04613428486406651
10,IN0820100,"Evansville, IN",robbery,0.041594484547410396,0.06713566364995886,0.046150745893803816
11,IN0820100,"Evansville, IN",robbery,0.05098107485514673,0.0471014907337407,0.046134284864066503
12,IN0820100,"Evansville, IN",robbery,0.05056456427533197,0.04793213038165333,0.0461434856565603
1,INIPD0000,"Indianapolis, IN",robbery,-0.014718746777558186,-0.01801337096487106,0.02948040515143249
2,INIPD0000,"Indianapolis, IN",robbery,-0.10674012224271302,-0.140914051629916,0.029597741258159865
3,INIPD0000,"Indianapolis, IN",robbery,-0.12944676536406494,-0.15497550504435492,0.029581985074794332
4,INIPD0000,"Indianapolis, IN",robbery,-0.07056587126363142,-0.07037868179440711,0.029622329679909718
5,INIPD0000,"Indianapolis, IN",robbery,-0.006666007958024384,-0.011993745740814842,0.02958198507479434
6,INIPD0000,"Indianapolis, IN",robbery,0.022721889338011475,0.008320268925142798,0.029597741258159865
7,INIPD0000,"Indianapolis, IN",robbery,0.04369013349377921,0.061311129000730095,0.029480405151432486
8,INIPD0000,"Indianapolis, IN",robbery,0.06242505534559063,0.11314673468000302,0.029597741258159865
9,INIPD0000,"Indianapolis, IN",robbery,0.05616031175072153,0.08391043005858292,0.02958198507479434
10,INIPD0000,"Indianapolis, IN",robbery,0.041594484547410396,0.027080923758548064,0.029622329679909718
11,INIPD0000,"Indianapolis, IN",robbery,0.05098107485514673,0.03976106269072776,0.029581985074794332
12,INIPD0000,"Indianapolis, IN",robbery,0.05056456427533197,0.06274480606062924,0.029597741258159865
1,KS0460900,"Shawnee, KS",robbery,-0.014718746777558186,-0.004675929094642635,0.053710460484580946
2,KS0460900,"Shawnee, KS",robbery,-0.10674012224271302,-0.10296072197332727,0.053731738861498755
3,KS0460900,"Shawnee, KS",robbery,-0.12944676536406494,-0.14517575842754166,0.05373281847574041
4,KS0460900,"Shawnee, KS",robbery,-0.07056587126363142,-0.08601090039376987,0.05373718245471472
5,KS0460900,"Shawnee, KS",robbery,-0.006666007958024384,-0.005294342002225308,0.053732818475740414
6,KS0460900,"Shawnee, KS",robbery,0.022721889338011475,0.02464797481467215,0.053731738861498755
7,KS0460900,"Shawnee, KS",robbery,0.04369013349377921,0.03278138546949986,0.05371046048458094
8,KS0460900,"Shawnee, KS",robbery,0.06242505534559063,0.057337243423019116,0.053731738861498755
9,KS0460900,"Shawnee, KS",robbery,0.05616031175072153,0.07144682350237629,0.05373281847574042
10,KS0460900,"Shawnee, KS",robbery,0.041594484547410396,0.05790544401891265,0.05373718245471472
11,KS0460900,"Shawnee, KS",robbery,0.05098107485514673,0.05091782055253342,0.05373281847574041
12,KS0460900,"Shawnee, KS",robbery,0.05056456427533197,0.04908096011049324,0.053731738861498755
1,KS0461000,"Lenexa, KS",robbery,-0.014718746777558186,6.69235731091609e-4,0.05390302622217613
2,KS0461000,"Lenexa, KS",robbery,-0.10674012224271302,-0.10858322076252433,0.05392381912793414
3,KS0461000,"Lenexa, KS",robbery,-0.12944676536406494,-0.13550956898574285,0.053916647146576506
4,KS0461000,"Lenexa, KS",robbery,-0.07056587126363142,-0.07237144587146113,0.05392222960405969
5,KS0461000,"Lenexa, KS",robbery,-0.006666007958024384,-0.010263054793326596,0.05391664714657651
6,KS0461000,"Lenexa, KS",robbery,0.022721889338011475,0.015238185354128193,0.05392381912793414
7,KS0461000,"Lenexa, KS",robbery,0.04369013349377921,0.0386659126979285,0.053903026222176124
8,KS0461000,"Lenexa, KS",robbery,0.06242505534559063,0.058280548691103815,0.05392381912793414
9,KS0461000,"Lenexa, KS",robbery,0.05616031175072153,0.04587174848530222,0.05391664714657651
10,KS0461000,"Lenexa, KS",robbery,0.041594484547410396,0.03303629744244102,0.05392222960405969
11,KS0461000,"Lenexa, KS",robbery,0.05098107485514673,0.060565726864747066,0.053916647146576506
12,KS0461000,"Lenexa, KS",robbery,0.05056456427533197,0.07439963514631245,0.05392381912793413
1,KY0080000,"Boone, KY",robbery,-0.014718746777558186,-0.004593786948389054,0.05414897604359347
2,KY0080000,"Boone, KY",robbery,-0.10674012224271302,-0.09301186116222326,0.05416409764680071
3,KY0080000,"Boone, KY",robbery,-0.12944676536406494,-0.12626573991598591,0.05416068534541345
4,KY0080000,"Boone, KY",robbery,-0.07056587126363142,-0.07756118978940858,0.05416746863715786
5,KY0080000,"Boone, KY",robbery,-0.006666007958024384,-0.010170772263374902,0.054160685345413455
6,KY0080000,"Boone, KY",robbery,0.022721889338011475,0.025974590223690076,0.05416409764680071
7,KY0080000,"Boone, KY",robbery,0.04369013349377921,0.0432668419834676,0.054148976043593464
8,KY0080000,"Boone, KY",robbery,0.06242505534559063,0.05479093202154549,0.05416409764680071
9,KY0080000,"Boone, KY",robbery,0.05616031175072153,0.04937175574022959,0.054160685345413455
10,KY0080000,"Boone, KY",robbery,0.041594484547410396,0.03888813475433005,0.05416746863715786
11,KY0080000,"Boone, KY",robbery,0.05098107485514673,0.04839170140405265,0.05416068534541345
12,KY0080000,"Boone, KY",robbery,0.05056456427533197,0.05091939395206627,0.054164097646800705
1,KY0300100,"Owensboro, KY",robbery,-0.014718746777558186,-0.04397578162263232,0.05110805391359866
2,KY0300100,"Owensboro, KY",robbery,-0.10674012224271302,-0.10027923727593702,0.051166656707579465
3,KY0300100,"Owensboro, KY",robbery,-0.12944676536406494,-0.10571098210341451,0.05113135654076982
4,KY0300100,"Owensboro, KY",robbery,-0.07056587126363142,-0.04951639271590048,0.051149557119278835
5,KY0300100,"Owensboro, KY",robbery,-0.006666007958024384,0.002419015496728105,0.05113135654076983
6,KY0300100,"Owensboro, KY",robbery,0.022721889338011475,0.01629095643191355,0.051166656707579465
7,KY0300100,"Owensboro, KY",robbery,0.04369013349377921,0.03273576369819711,0.051108053913598656
8,KY0300100,"Owensboro, KY",robbery,0.06242505534559063,0.07134943198163161,0.051166656707579465
9,KY0300100,"Owensboro, KY",robbery,0.05616031175072153,0.08802119473354433,0.051131356540769834
10,KY0300100,"Owensboro, KY",robbery,0.041594484547410396,0.06075641064033569,0.051149557119278835
11,KY0300100,"Owensboro, KY",robbery,0.05098107485514673,0.026510789797577247,0.05113135654076982
12,KY0300100,"Owensboro, KY",robbery,0.05056456427533197,0.0013988309379566553,0.05116665670757946
1,KY0340200,"Lexington, KY",robbery,-0.014718746777558186,-0.08862634903162253,0.038588264323204995
2,KY0340200,"Lexington, KY",robbery,-0.10674012224271302,-0.14164371244026172,0.03875578253896592
3,KY0340200,"Lexington, KY",robbery,-0.12944676536406494,-0.08590545162981245,0.03867545505494094
4,KY0340200,"Lexington, KY",robbery,-0.07056587126363142,-0.011041294101180665,0.038704444505261316
5,KY0340200,"Lexington, KY",robbery,-0.006666007958024384,0.004787372202084236,0.03867545505494094
6,KY0340200,"Lexington, KY",robbery,0.022721889338011475,0.014024689444034748,0.03875578253896592
7,KY0340200,"Lexington, KY",robbery,0.04369013349377921,0.0634888145265749,0.03858826432320499
8,KY0340200,"Lexington, KY",robbery,0.06242505534559063,0.09244143077960737,0.03875578253896592
9,KY0340200,"Lexington, KY",robbery,0.05616031175072153,0.06184070447420574,0.038675455054940945
10,KY0340200,"Lexington, KY",robbery,0.041594484547410396,0.03617882860622828,0.038704444505261316
11,KY0340200,"Lexington, KY",robbery,0.05098107485514673,0.04441490945857005,0.03867545505494094
12,KY0340200,"Lexington, KY",robbery,0.05056456427533197,0.010040057711572046,0.03875578253896592
1,KY0568000,"Louisville, KY",robbery,-0.014718746777558186,-0.03045966130477205,0.031425182054413685
2,KY0568000,"Louisville, KY",robbery,-0.10674012224271302,-0.15803440358967544,0.03151300112795622
3,KY0568000,"Louisville, KY",robbery,-0.12944676536406494,-0.18606163326874467,0.03151745552214883
4,KY0568000,"Louisville, KY",robbery,-0.07056587126363142,-0.069724922912757,0.03154505585065011
5,KY0568000,"Louisville, KY",robbery,-0.006666007958024384,0.05617402506590523,0.03151745552214884
6,KY0568000,"Louisville, KY",robbery,0.022721889338011475,0.092131801422527193,0.03151300112795622
7,KY0568000,"Louisville, KY",robbery,0.04369013349377921,0.08406110121960945,0.03142518205441368
8,KY0568000,"Louisville, KY",robbery,0.06242505534559063,0.08027386117652638,0.03151300112795622
9,KY0568000,"Louisville, KY",robbery,0.05616031175072153,0.05469965094075822,0.03151745552214884
10,KY0568000,"Louisville, KY",robbery,0.041594484547410396,0.016123482997919596,0.03154505585065011
11,KY0568000,"Louisville, KY",robbery,0.05098107485514673,0.021586517347243785,0.03151745552214883
12,KY0568000,"Louisville, KY",robbery,0.05056456427533197,0.039230180905459294,0.03151300112795622
1,KY1140100,"Bowling Green, KY",robbery,-0.014718746777558186,-0.022003384356380492,0.049736441215394105
2,KY1140100,"Bowling Green, KY",robbery,-0.10674012224271302,-0.08820602614097793,0.04984795685904923
3,KY1140100,"Bowling Green, KY",robbery,-0.12944676536406494,-0.11729153109568022,0.04982772572547718
4,KY1140100,"Bowling Green, KY",robbery,-0.07056587126363142,-0.08104705152158664,0.04984732284210012
5,KY1140100,"Bowling Green, KY",robbery,-0.006666007958024384,-0.01992638754101679,0.04982772572547719
6,KY1140100,"Bowling Green, KY",robbery,0.022721889338011475,0.02935027390677807,0.04984795685904923
7,KY1140100,"Bowling Green, KY",robbery,0.04369013349377921,0.06767931651130907,0.0497364412153941
8,KY1140100,"Bowling Green, KY",robbery,0.06242505534559063,0.08841490713459942,0.04984795685904924
9,KY1140100,"Bowling Green, KY",robbery,0.05616031175072153,0.07182447993437314,0.04982772572547719
10,KY1140100,"Bowling Green, KY",robbery,0.041594484547410396,0.03537111936665807,0.04984732284210012
11,KY1140100,"Bowling Green, KY",robbery,0.05098107485514673,0.019717506547395267,0.04982772572547718
12,KY1140100,"Bowling Green, KY",robbery,0.05056456427533197,0.016116777254529053,0.04984795685904923
1,LA0080100,"Bossier City, LA",robbery,-0.014718746777558186,-0.006787925900908102,0.049242567458724074
2,LA0080100,"Bossier City, LA",robbery,-0.10674012224271302,-0.11438598990214704,0.049339285202282715
3,LA0080100,"Bossier City, LA",robbery,-0.12944676536406494,-0.13280245248517658,0.049350061653890276
4,LA0080100,"Bossier City, LA",robbery,-0.07056587126363142,-0.05482196195908194,0.0493856517656475
5,LA0080100,"Bossier City, LA",robbery,-0.006666007958024384,0.018637012299515372,0.04935006165389028
6,LA0080100,"Bossier City, LA",robbery,0.022721889338011475,0.04681328566629134,0.049339285202282715
7,LA0080100,"Bossier City, LA",robbery,0.04369013349377921,0.06285975726509982,0.04924256745872407
8,LA0080100,"Bossier City, LA",robbery,0.06242505534559063,0.06303098506857432,0.049339285202282715
9,LA0080100,"Bossier City, LA",robbery,0.05616031175072153,0.025375616287412153,0.04935006165389029
10,LA0080100,"Bossier City, LA",robbery,0.041594484547410396,-0.0012498694051097865,0.0493856517656475
11,LA0080100,"Bossier City, LA",robbery,0.05098107485514673,0.032717992534057314,0.049350061653890276
12,LA0080100,"Bossier City, LA",robbery,0.05056456427533197,0.06061355053147313,0.049339285202282715
1,LA0090100,"Shreveport, LA",robbery,-0.014718746777558186,-0.0352629138101471,0.04028847749257836
2,LA0090100,"Shreveport, LA",robbery,-0.10674012224271302,-0.14305241612813807,0.04051729260657985
3,LA0090100,"Shreveport, LA",robbery,-0.12944676536406494,-0.1814533342950605,0.04050174169068366
4,LA0090100,"Shreveport, LA",robbery,-0.07056587126363142,-0.11847974269347153,0.04053530337729714
5,LA0090100,"Shreveport, LA",robbery,-0.006666007958024384,0.0011292818673135482,0.040501741690683664
6,LA0090100,"Shreveport, LA",robbery,0.022721889338011475,0.09170474604168678,0.04051729260657985
7,LA0090100,"Shreveport, LA",robbery,0.04369013349377921,0.10089569478598649,0.040288477492578356
8,LA0090100,"Shreveport, LA",robbery,0.06242505534559063,0.05583600745539601,0.04051729260657985
9,LA0090100,"Shreveport, LA",robbery,0.05616031175072153,0.028604144646479025,0.040501741690683664
10,LA0090100,"Shreveport, LA",robbery,0.041594484547410396,0.05284696171763211,0.04053530337729714
11,LA0090100,"Shreveport, LA",robbery,0.05098107485514673,0.08608712680542847,0.04050174169068366
12,LA0090100,"Shreveport, LA",robbery,0.05056456427533197,0.06114444360689476,0.04051729260657985
1,LA0100200,"Lake Charles, LA",robbery,-0.014718746777558186,-0.01447095488273812,0.04805012729785785
2,LA0100200,"Lake Charles, LA",robbery,-0.10674012224271302,-0.07509417959314621,0.04817484817292879
3,LA0100200,"Lake Charles, LA",robbery,-0.12944676536406494,-0.0753098805206045,0.04819748470825262
4,LA0100200,"Lake Charles, LA",robbery,-0.07056587126363142,-0.022644937381475425,0.04822566393360059
5,LA0100200,"Lake Charles, LA",robbery,-0.006666007958024384,0.015476017153716125,0.04819748470825263
6,LA0100200,"Lake Charles, LA",robbery,0.022721889338011475,0.02303211007643593,0.04817484817292879
7,LA0100200,"Lake Charles, LA",robbery,0.04369013349377921,0.031637378360339564,0.04805012729785784
8,LA0100200,"Lake Charles, LA",robbery,0.06242505534559063,0.038509094259304336,0.04817484817292879
9,LA0100200,"Lake Charles, LA",robbery,0.05616031175072153,0.021558371709161174,0.048197484708252636
10,LA0100200,"Lake Charles, LA",robbery,0.041594484547410396,0.005478513903873979,0.04822566393360059
11,LA0100200,"Lake Charles, LA",robbery,0.05098107485514673,0.021109068180125735,0.04819748470825262
12,LA0100200,"Lake Charles, LA",robbery,0.05056456427533197,0.03071939873500742,0.04817484817292879
1,LA0170200,"Baton Rouge, LA",robbery,-0.014718746777558186,0.03450228386614218,0.034593255697594506
2,LA0170200,"Baton Rouge, LA",robbery,-0.10674012224271302,-0.05558314767403183,0.03473291215537075
3,LA0170200,"Baton Rouge, LA",robbery,-0.12944676536406494,-0.11061862416633181,0.034690394170134184
4,LA0170200,"Baton Rouge, LA",robbery,-0.07056587126363142,-0.08238269330648944,0.03476300110223778
5,LA0170200,"Baton Rouge, LA",robbery,-0.006666007958024384,-0.026648196920653545,0.034690394170134184
6,LA0170200,"Baton Rouge, LA",robbery,0.022721889338011475,-0.00401509837283869,0.03473291215537075
7,LA0170200,"Baton Rouge, LA",robbery,0.04369013349377921,0.0020784439135109554,0.0345932556975945
8,LA0170200,"Baton Rouge, LA",robbery,0.06242505534559063,0.02227614461432153,0.03473291215537075
9,LA0170200,"Baton Rouge, LA",robbery,0.05616031175072153,0.04073089332696838,0.03469039417013419
10,LA0170200,"Baton Rouge, LA",robbery,0.041594484547410396,0.045801965526836304,0.03476300110223778
11,LA0170200,"Baton Rouge, LA",robbery,0.05098107485514673,0.059955199980363826,0.034690394170134184
12,LA0170200,"Baton Rouge, LA",robbery,0.05056456427533197,0.07390282921220212,0.03473291215537075
1,LA0260000,"Jefferson, LA",robbery,-0.014718746777558186,0.035461810266844224,0.04045909610589582
2,LA0260000,"Jefferson, LA",robbery,-0.10674012224271302,-0.07213658870108774,0.04052562604674635
3,LA0260000,"Jefferson, LA",robbery,-0.12944676536406494,-0.14045832179418266,0.040603050231426234
4,LA0260000,"Jefferson, LA",robbery,-0.07056587126363142,-0.08857237692501102,0.040612314027143506
5,LA0260000,"Jefferson, LA",robbery,-0.006666007958024384,0.017029845788114516,0.040603050231426234
6,LA0260000,"Jefferson, LA",robbery,0.022721889338011475,0.058814976334658445,0.04052562604674635
7,LA0260000,"Jefferson, LA",robbery,0.04369013349377921,0.028244219658300807,0.04045909610589581
8,LA0260000,"Jefferson, LA",robbery,0.06242505534559063,-5.717002887526667e-4,0.04052562604674635
9,LA0260000,"Jefferson, LA",robbery,0.05616031175072153,0.004044002879197202,0.04060305023142624
10,LA0260000,"Jefferson, LA",robbery,0.041594484547410396,0.024866346999866003,0.040612314027143506
11,LA0260000,"Jefferson, LA",robbery,0.05098107485514673,0.05567844320172589,0.040603050231426234
12,LA0260000,"Jefferson, LA",robbery,0.05056456427533197,0.077599342580327,0.04052562604674635
1,LA0280300,"Lafayette, LA",robbery,-0.014718746777558186,-0.039326143344526755,0.04500165810477652
2,LA0280300,"Lafayette, LA",robbery,-0.10674012224271302,-0.1203286195979102,0.04521095913763862
3,LA0280300,"Lafayette, LA",robbery,-0.12944676536406494,-0.16985303072865418,0.045144612514489695
4,LA0280300,"Lafayette, LA",robbery,-0.07056587126363142,-0.11072707384854033,0.04516776949186471
5,LA0280300,"Lafayette, LA",robbery,-0.006666007958024384,0.02776352230567483,0.045144612514489695
6,LA0280300,"Lafayette, LA",robbery,0.022721889338011475,0.10385072198277137,0.04521095913763862
7,LA0280300,"Lafayette, LA",robbery,0.04369013349377921,0.061658479882786915,0.04500165810477652
8,LA0280300,"Lafayette, LA",robbery,0.06242505534559063,0.008977563056797434,0.04521095913763862
9,LA0280300,"Lafayette, LA",robbery,0.05616031175072153,0.03616963764928124,0.0451446125144897
10,LA0280300,"Lafayette, LA",robbery,0.041594484547410396,0.08839473731028016,0.04516776949186471
11,LA0280300,"Lafayette, LA",robbery,0.05098107485514673,0.08358753423543791,0.045144612514489695
12,LA0280300,"Lafayette, LA",robbery,0.05056456427533197,0.02983267109660162,0.04521095913763862
1,LA0320000,"Livingston, LA",robbery,-0.014718746777558186,-0.02999396715167059,0.05260989382552422
2,LA0320000,"Livingston, LA",robbery,-0.10674012224271302,-0.12144457648384811,0.05263959491141019
3,LA0320000,"Livingston, LA",robbery,-0.12944676536406494,-0.11353983749376603,0.05261346863151014
4,LA0320000,"Livingston, LA",robbery,-0.07056587126363142,-0.03668605806606126,0.052643944315396554
5,LA0320000,"Livingston, LA",robbery,-0.006666007958024384,0.0024311152194390956,0.05261346863151015
6,LA0320000,"Livingston, LA",robbery,0.022721889338011475,0.0013916786871197271,0.05263959491141019
7,LA0320000,"Livingston, LA",robbery,0.04369013349377921,0.027319120609506954,0.052609893825524216
8,LA0320000,"Livingston, LA",robbery,0.06242505534559063,0.06618385433092643,0.05263959491141019
9,LA0320000,"Livingston, LA",robbery,0.05616031175072153,0.06095396188300799,0.05261346863151015
10,LA0320000,"Livingston, LA",robbery,0.041594484547410396,0.03936090460822489,0.052643944315396554
11,LA0320000,"Livingston, LA",robbery,0.05098107485514673,0.05282960693348254,0.05261346863151014
12,LA0320000,"Livingston, LA",robbery,0.05056456427533197,0.051194196923638365,0.05263959491141019
1,MA0031100,"New Bedford, MA",robbery,-0.014718746777558186,-0.020046218670922426,0.04498958282966835
2,MA0031100,"New Bedford, MA",robbery,-0.10674012224271302,-0.08637941655308193,0.04512613416992886
3,MA0031100,"New Bedford, MA",robbery,-0.12944676536406494,-0.12218777037818686,0.0451130341095334
4,MA0031100,"New Bedford, MA",robbery,-0.07056587126363142,-0.0895697355910033,0.045136030046623275
5,MA0031100,"New Bedford, MA",robbery,-0.006666007958024384,-0.02926968950727065,0.045113034109533406
6,MA0031100,"New Bedford, MA",robbery,0.022721889338011475,0.008112595397569382,0.04512613416992886
7,MA0031100,"New Bedford, MA",robbery,0.04369013349377921,0.03350354518020268,0.04498958282966834
8,MA0031100,"New Bedford, MA",robbery,0.06242505534559063,0.06961637580564133,0.04512613416992886
9,MA0031100,"New Bedford, MA",robbery,0.05616031175072153,0.09196740312146601,0.045113034109533406
10,MA0031100,"New Bedford, MA",robbery,0.041594484547410396,0.07611240908172305,0.045136030046623275
11,MA0031100,"New Bedford, MA",robbery,0.05098107485514673,0.046032730254711204,0.0451130341095334
12,MA0031100,"New Bedford, MA",robbery,0.05056456427533197,0.02210777185915149,0.045126134169928854
1,MA0031900,"Taunton, MA",robbery,-0.014718746777558186,0.00511076420264605,0.05281330502142903
2,MA0031900,"Taunton, MA",robbery,-0.10674012224271302,-0.1311716633849786,0.0528569555479726
3,MA0031900,"Taunton, MA",robbery,-0.12944676536406494,-0.16087068555326905,0.0528554531330715
4,MA0031900,"Taunton, MA",robbery,-0.07056587126363142,-0.06446328189598909,0.052855197877114776
5,MA0031900,"Taunton, MA",robbery,-0.006666007958024384,0.016956486280983233,0.05285545313307151
6,MA0031900,"Taunton, MA",robbery,0.022721889338011475,0.02562212430192357,0.0528569555479726
7,MA0031900,"Taunton, MA",robbery,0.04369013349377921,0.03529791246906467,0.05281330502142902
8,MA0031900,"Taunton, MA",robbery,0.06242505534559063,0.06455076250650423,0.0528569555479726
9,MA0031900,"Taunton, MA",robbery,0.05616031175072153,0.05384110800308396,0.05285545313307151
10,MA0031900,"Taunton, MA",robbery,0.041594484547410396,0.024054605224278366,0.052855197877114776
11,MA0031900,"Taunton, MA",robbery,0.05098107485514673,0.04966441459749111,0.0528554531330715
12,MA0031900,"Taunton, MA",robbery,0.05056456427533197,0.08140745324826154,0.0528569555479726
1,MA0051100,"Haverhill, MA",robbery,-0.014718746777558186,-0.030929394589322815,0.05303090718213662
2,MA0051100,"Haverhill, MA",robbery,-0.10674012224271302,-0.1194799272337749,0.053063693868269646
3,MA0051100,"Haverhill, MA",robbery,-0.12944676536406494,-0.1422276405003192,0.05306990945007353
4,MA0051100,"Haverhill, MA",robbery,-0.07056587126363142,-0.08817282480805805,0.053088203487641365
5,MA0051100,"Haverhill, MA",robbery,-0.006666007958024384,-0.020078016076645177,0.05306990945007354
6,MA0051100,"Haverhill, MA",robbery,0.022721889338011475,0.01575467097322526,0.053063693868269646
7,MA0051100,"Haverhill, MA",robbery,0.04369013349377921,0.03380006329045224,0.05303090718213661
8,MA0051100,"Haverhill, MA",robbery,0.06242505534559063,0.05622834061843016,0.053063693868269646
9,MA0051100,"Haverhill, MA",robbery,0.05616031175072153,0.07610538518384503,0.053069909450073546
10,MA0051100,"Haverhill, MA",robbery,0.041594484547410396,0.08530215610692862,0.053088203487641365
11,MA0051100,"Haverhill, MA",robbery,0.05098107485514673,0.08332960269198987,0.05306990945007353
12,MA0051100,"Haverhill, MA",robbery,0.05056456427533197,0.05036758434324896,0.053063693868269646
1,MA0051300,"Lawrence, MA",robbery,-0.014718746777558186,-0.06956223344860633,0.04873110368892079
2,MA0051300,"Lawrence, MA",robbery,-0.10674012224271302,-0.12031245345311346,0.0487680629952865
3,MA0051300,"Lawrence, MA",robbery,-0.12944676536406494,-0.10156353514731843,0.048745643390372816
4,MA0051300,"Lawrence, MA",robbery,-0.07056587126363142,-0.05181950941940418,0.04876640136136044
5,MA0051300,"Lawrence, MA",robbery,-0.006666007958024384,-0.02047948514516887,0.048745643390372816
6,MA0051300,"Lawrence, MA",robbery,0.022721889338011475,-0.0010716427013156438,0.0487680629952865
7,MA0051300,"Lawrence, MA",robbery,0.04369013349377921,0.03230142314287699,0.048731103688920786
8,MA0051300,"Lawrence, MA",robbery,0.06242505534559063,0.06946647566464695,0.04876806299528651
9,MA0051300,"Lawrence, MA",robbery,0.05616031175072153,0.08797836766458127,0.04874564339037282
10,MA0051300,"Lawrence, MA",robbery,0.041594484547410396,0.08908031972513353,0.04876640136136044
11,MA0051300,"Lawrence, MA",robbery,0.05098107485514673,0.07132546293363533,0.048745643390372816
12,MA0051300,"Lawrence, MA",robbery,0.05056456427533197,0.014656810184052875,0.0487680629952865
1,MA0051400,"Lynn, MA",robbery,-0.014718746777558186,-0.059698280928075595,0.047285747161705804
2,MA0051400,"Lynn, MA",robbery,-0.10674012224271302,-0.14404979927533718,0.04740431286072883
3,MA0051400,"Lynn, MA",robbery,-0.12944676536406494,-0.14679570592861357,0.04738221775335478
4,MA0051400,"Lynn, MA",robbery,-0.07056587126363142,-0.08469112195216412,0.04739136557405084
5,MA0051400,"Lynn, MA",robbery,-0.006666007958024384,-0.02283201435311572,0.047382217753354786
6,MA0051400,"Lynn, MA",robbery,0.022721889338011475,0.018659627039482433,0.04740431286072883
7,MA0051400,"Lynn, MA",robbery,0.04369013349377921,0.05705205410848406,0.0472857471617058
8,MA0051400,"Lynn, MA",robbery,0.06242505534559063,0.08657352516880001,0.04740431286072883
9,MA0051400,"Lynn, MA",robbery,0.05616031175072153,0.09196565864166792,0.04738221775335479
10,MA0051400,"Lynn, MA",robbery,0.041594484547410396,0.08733734877175564,0.04739136557405084
11,MA0051400,"Lynn, MA",robbery,0.05098107485514673,0.08030828845965282,0.04738221775335478
12,MA0051400,"Lynn, MA",robbery,0.05056456427533197,0.03617042024746328,0.04740431286072883
1,MA0051900,"Methuen, MA",robbery,-0.014718746777558186,-0.021669565414807003,0.05395713945640677
2,MA0051900,"Methuen, MA",robbery,-0.10674012224271302,-0.10191613331032612,0.05397109108766729
3,MA0051900,"Methuen, MA",robbery,-0.12944676536406494,-0.11480359094637069,0.053971230349827294
4,MA0051900,"Methuen, MA",robbery,-0.07056587126363142,-0.06574588390422717,0.05397244410163738
5,MA0051900,"Methuen, MA",robbery,-0.006666007958024384,-0.013950083428759546,0.0539712303498273
6,MA0051900,"Methuen, MA",robbery,0.022721889338011475,0.01873144424255104,0.05397109108766729
7,MA0051900,"Methuen, MA",robbery,0.04369013349377921,0.04443150684437434,0.05395713945640676
8,MA0051900,"Methuen, MA",robbery,0.06242505534559063,0.05590606788320354,0.05397109108766729
9,MA0051900,"Methuen, MA",robbery,0.05616031175072153,0.04603158408968077,0.0539712303498273
10,MA0051900,"Methuen, MA",robbery,0.041594484547410396,0.04298394247465983,0.05397244410163738
11,MA0051900,"Methuen, MA",robbery,0.05098107485514673,0.059960148855882085,0.053971230349827294
12,MA0051900,"Methuen, MA",robbery,0.05056456427533197,0.05004056261413893,0.05397109108766729
1,MA0070500,"Chicopee, MA",robbery,-0.014718746777558186,-0.016263537061436607,0.05102913809955796
2,MA0070500,"Chicopee, MA",robbery,-0.10674012224271302,-0.12682495539656902,0.05107840896070673
3,MA0070500,"Chicopee, MA",robbery,-0.12944676536406494,-0.16105713687731843,0.051090830481306526
4,MA0070500,"Chicopee, MA",robbery,-0.07056587126363142,-0.08859312508038042,0.05109418194069492
5,MA0070500,"Chicopee, MA",robbery,-0.006666007958024384,-0.005979946181211168,0.05109083048130653
6,MA0070500,"Chicopee, MA",robbery,0.022721889338011475,0.027131136854067792,0.05107840896070673
7,MA0070500,"Chicopee, MA",robbery,0.04369013349377921,0.05024108554202773,0.051029138099557954
8,MA0070500,"Chicopee, MA",robbery,0.06242505534559063,0.08223609028831283,0.05107840896070673
9,MA0070500,"Chicopee, MA",robbery,0.05616031175072153,0.08249072328847114,0.05109083048130653
10,MA0070500,"Chicopee, MA",robbery,0.041594484547410396,0.0546155765997893,0.05109418194069492
11,MA0070500,"Chicopee, MA",robbery,0.05098107485514673,0.0505688112894673,0.051090830481306526
12,MA0070500,"Chicopee, MA",robbery,0.05056456427533197,0.051435276734779545,0.05107840896070673
1,MA0071800,"Springfield, MA",robbery,-0.014718746777558186,-0.051010077219991415,0.03790285685777522
2,MA0071800,"Springfield, MA",robbery,-0.10674012224271302,-0.1203449533883835,0.03803488494450084
3,MA0071800,"Springfield, MA",robbery,-0.12944676536406494,-0.1483474750365538,0.03798605148523048
4,MA0071800,"Springfield, MA",robbery,-0.07056587126363142,-0.0854651616644674,0.038082790766730545
5,MA0071800,"Springfield, MA",robbery,-0.006666007958024384,0.027221401187394658,0.03798605148523049
6,MA0071800,"Springfield, MA",robbery,0.022721889338011475,0.10460576370597424,0.03803488494450084
7,MA0071800,"Springfield, MA",robbery,0.04369013349377921,0.11419421902442056,0.03790285685777521
8,MA0071800,"Springfield, MA",robbery,0.06242505534559063,0.08520272356581765,0.03803488494450084
9,MA0071800,"Springfield, MA",robbery,0.05616031175072153,0.0500211034095588,0.03798605148523049
10,MA0071800,"Springfield, MA",robbery,0.041594484547410396,0.022281019860038245,0.038082790766730545
11,MA0071800,"Springfield, MA",robbery,0.05098107485514673,0.007920828635171146,0.03798605148523048
12,MA0071800,"Springfield, MA",robbery,0.05056456427533197,-0.006279392078979182,0.03803488494450084
1,MA0091100,"Cambridge, MA",robbery,-0.014718746777558186,-0.1227131775136299,0.04707716066008327
2,MA0091100,"Cambridge, MA",robbery,-0.10674012224271302,-0.17919369906904642,0.04705321928886128
3,MA0091100,"Cambridge, MA",robbery,-0.12944676536406494,-0.1515274364015263,0.04695767048937187
4,MA0091100,"Cambridge, MA",robbery,-0.07056587126363142,-0.09295330740674959,0.04688778628500811
5,MA0091100,"Cambridge, MA",robbery,-0.006666007958024384,-0.017240139919723004,0.04695767048937188
6,MA0091100,"Cambridge, MA",robbery,0.022721889338011475,0.08680227519101733,0.04705321928886128
7,MA0091100,"Cambridge, MA",robbery,0.04369013349377921,0.16100554198401507,0.04707716066008326
8,MA0091100,"Cambridge, MA",robbery,0.06242505534559063,0.13999348566318698,0.04705321928886128
9,MA0091100,"Cambridge, MA",robbery,0.05616031175072153,0.07403485852528169,0.04695767048937188
10,MA0091100,"Cambridge, MA",robbery,0.041594484547410396,0.05466094293636438,0.04688778628500811
11,MA0091100,"Cambridge, MA",robbery,0.05098107485514673,0.05644035332558237,0.04695767048937187
12,MA0091100,"Cambridge, MA",robbery,0.05056456427533197,-0.009309697314772547,0.04705321928886128
1,MA0091700,"Everett, MA",robbery,-0.014718746777558186,0.029357240447765443,0.05277087570279855
2,MA0091700,"Everett, MA",robbery,-0.10674012224271302,-0.0924548586010105,0.05279941695986283
3,MA0091700,"Everett, MA",robbery,-0.12944676536406494,-0.12298847167877475,0.05276619210003068
4,MA0091700,"Everett, MA",robbery,-0.07056587126363142,-0.055715840503526716,0.05277015786490831
5,MA0091700,"Everett, MA",robbery,-0.006666007958024384,-0.010680345034276928,0.05276619210003069
6,MA0091700,"Everett, MA",robbery,0.022721889338011475,-0.013508442909417617,0.05279941695986283
7,MA0091700,"Everett, MA",robbery,0.04369013349377921,0.009236254077699468,0.052770875702798536
8,MA0091700,"Everett, MA",robbery,0.06242505534559063,0.050892356316821305,0.05279941695986284
9,MA0091700,"Everett, MA",robbery,0.05616031175072153,0.04283247486912065,0.052766192100030695
10,MA0091700,"Everett, MA",robbery,0.041594484547410396,0.01712234597806181,0.05277015786490831
11,MA0091700,"Everett, MA",robbery,0.05098107485514673,0.0522428473184661,0.05276619210003069
12,MA0091700,"Everett, MA",robbery,0.05056456427533197,0.09366443971907173,0.05279941695986283
1,MA0094700,"Waltham, MA",robbery,-0.014718746777558186,-0.025301634147028,0.053956773343039104
2,MA0094700,"Waltham, MA",robbery,-0.10674012224271302,-0.11090293941398532,0.053959980473719554
3,MA0094700,"Waltham, MA",robbery,-0.12944676536406494,-0.12914067594117873,0.05395757491826273
4,MA0094700,"Waltham, MA",robbery,-0.07056587126363142,-0.05963492805173076,0.05396150590834582
5,MA0094700,"Waltham, MA",robbery,-0.006666007958024384,0.00707990954447072,0.05395757491826274
6,MA0094700,"Waltham, MA",robbery,0.022721889338011475,0.01990593622689939,0.053959980473719554
7,MA0094700,"Waltham, MA",robbery,0.04369013349377921,0.028439639617334457,0.0539567733430391
8,MA0094700,"Waltham, MA",robbery,0.06242505534559063,0.06246754482796617,0.053959980473719554
9,MA0094700,"Waltham, MA",robbery,0.05616031175072153,0.07756727588485313,0.05395757491826274
10,MA0094700,"Waltham, MA",robbery,0.041594484547410396,0.056496922581424316,0.05396150590834582
11,MA0094700,"Waltham, MA",robbery,0.05098107485514673,0.04135548504154839,0.05395757491826273
12,MA0094700,"Waltham, MA",robbery,0.05056456427533197,0.03166746382942623,0.05395998047371955
1,MA0112000,"Quincy, MA",robbery,-0.014718746777558186,0.011595078464481408,0.05097477829979401
2,MA0112000,"Quincy, MA",robbery,-0.10674012224271302,-0.08900752448414805,0.051047793434587256
3,MA0112000,"Quincy, MA",robbery,-0.12944676536406494,-0.13187874500639934,0.05104390003694226
4,MA0112000,"Quincy, MA",robbery,-0.07056587126363142,-0.07669298839239229,0.051049946061081104
5,MA0112000,"Quincy, MA",robbery,-0.006666007958024384,-0.011321308994274323,0.051043900036942265
6,MA0112000,"Quincy, MA",robbery,0.022721889338011475,0.008972801654257135,0.051047793434587256
7,MA0112000,"Quincy, MA",robbery,0.04369013349377921,0.02831764182774678,0.050974778299793994
8,MA0112000,"Quincy, MA",robbery,0.06242505534559063,0.06466791049400629,0.05104779343458726
9,MA0112000,"Quincy, MA",robbery,0.05616031175072153,0.06762641072402945,0.051043900036942265
10,MA0112000,"Quincy, MA",robbery,0.041594484547410396,0.036780268100164104,0.051049946061081104
11,MA0112000,"Quincy, MA",robbery,0.05098107485514673,0.03566092298441603,0.05104390003694226
12,MA0112000,"Quincy, MA",robbery,0.05056456427533197,0.0552795326281128,0.051047793434587256
1,MA0112700,"Weymouth, MA",robbery,-0.014718746777558186,-0.028280031037019895,0.05362861811721677
2,MA0112700,"Weymouth, MA",robbery,-0.10674012224271302,-0.11178763325573036,0.053643071385979714
3,MA0112700,"Weymouth, MA",robbery,-0.12944676536406494,-0.11756191765214864,0.05363968682907916
4,MA0112700,"Weymouth, MA",robbery,-0.07056587126363142,-0.04295139141796239,0.0536461498966816
5,MA0112700,"Weymouth, MA",robbery,-0.006666007958024384,0.012368036365570658,0.053639686829079165
6,MA0112700,"Weymouth, MA",robbery,0.022721889338011475,0.016080359514969073,0.053643071385979714
7,MA0112700,"Weymouth, MA",robbery,0.04369013349377921,0.02989492019751111,0.05362861811721676
8,MA0112700,"Weymouth, MA",robbery,0.06242505534559063,0.06701223776061503,0.053643071385979714
9,MA0112700,"Weymouth, MA",robbery,0.05616031175072153,0.07117163299654211,0.05363968682907917
10,MA0112700,"Weymouth, MA",robbery,0.041594484547410396,0.041336502257471194,0.0536461498966816
11,MA0112700,"Weymouth, MA",robbery,0.05098107485514673,0.03240735912954462,0.05363968682907916
12,MA0112700,"Weymouth, MA",robbery,0.05056456427533197,0.030309925140637486,0.053643071385979714
1,MA0130100,"Boston, MA",robbery,-0.014718746777558186,-0.06211310350996298,0.03213732420144742
2,MA0130100,"Boston, MA",robbery,-0.10674012224271302,-0.16616858408940643,0.03219828251417743
3,MA0130100,"Boston, MA",robbery,-0.12944676536406494,-0.19339748727564593,0.03220360692697141
4,MA0130100,"Boston, MA",robbery,-0.07056587126363142,-0.09793385944612279,0.03219429176107668
5,MA0130100,"Boston, MA",robbery,-0.006666007958024384,0.022939903777867414,0.03220360692697142
6,MA0130100,"Boston, MA",robbery,0.022721889338011475,0.08282362999542428,0.03219828251417743
7,MA0130100,"Boston, MA",robbery,0.04369013349377921,0.10590384044137671,0.032137324201447416
8,MA0130100,"Boston, MA",robbery,0.06242505534559063,0.12397983435717426,0.03219828251417743
9,MA0130100,"Boston, MA",robbery,0.05616031175072153,0.10741800061200008,0.03220360692697142
10,MA0130100,"Boston, MA",robbery,0.041594484547410396,0.05414312251470906,0.03219429176107668
11,MA0130100,"Boston, MA",robbery,0.05098107485514673,0.019248845954364685,0.03220360692697141
12,MA0130100,"Boston, MA",robbery,0.05056456427533197,0.0031558566682216497,0.03219828251417743
1,MA0130400,"Revere, MA",robbery,-0.014718746777558186,-0.007145121178053661,0.05219791207313131
2,MA0130400,"Revere, MA",robbery,-0.10674012224271302,-0.08378282016098358,0.052220614229402024
3,MA0130400,"Revere, MA",robbery,-0.12944676536406494,-0.09495254499578554,0.05221148721213474
4,MA0130400,"Revere, MA",robbery,-0.07056587126363142,-0.06736266947057881,0.052194913086290026
5,MA0130400,"Revere, MA",robbery,-0.006666007958024384,-0.04269700627178774,0.05221148721213475
6,MA0130400,"Revere, MA",robbery,0.022721889338011475,-0.010189034428213535,0.052220614229402024
7,MA0130400,"Revere, MA",robbery,0.04369013349377921,0.03369743914192587,0.052197912073131306
8,MA0130400,"Revere, MA",robbery,0.06242505534559063,0.05010858087662985,0.052220614229402024
9,MA0130400,"Revere, MA",robbery,0.05616031175072153,0.034725987747559625,0.052211487212134755
10,MA0130400,"Revere, MA",robbery,0.041594484547410396,0.040810351506706595,0.052194913086290026
11,MA0130400,"Revere, MA",robbery,0.05098107485514673,0.07637124555614143,0.05221148721213474
12,MA0130400,"Revere, MA",robbery,0.05056456427533197,0.07041559167643952,0.052220614229402024
1,MD0030100,"Baltimore, MD",robbery,-0.014718746777558186,-0.007686448225444648,0.03210889123592434
2,MD0030100,"Baltimore, MD",robbery,-0.10674012224271302,-0.1209939429219236,0.032246836046584314
3,MD0030100,"Baltimore, MD",robbery,-0.12944676536406494,-0.1379337521366357,0.032184426170654964
4,MD0030100,"Baltimore, MD",robbery,-0.07056587126363142,-0.06092184100379601,0.03221579002066551
5,MD0030100,"Baltimore, MD",robbery,-0.006666007958024384,0.008733764681854064,0.03218442617065497
6,MD0030100,"Baltimore, MD",robbery,0.022721889338011475,0.008880637115025278,0.032246836046584314
7,MD0030100,"Baltimore, MD",robbery,0.04369013349377921,-0.02011502429622736,0.03210889123592434
8,MD0030100,"Baltimore, MD",robbery,0.06242505534559063,-0.016819545773686866,0.032246836046584314
9,MD0030100,"Baltimore, MD",robbery,0.05616031175072153,0.027921735962697217,0.03218442617065497
10,MD0030100,"Baltimore, MD",robbery,0.041594484547410396,0.088723313525468,0.03221579002066551
11,MD0030100,"Baltimore, MD",robbery,0.05098107485514673,0.12907972401375636,0.032184426170654964
12,MD0030100,"Baltimore, MD",robbery,0.05056456427533197,0.10113137905891324,0.032246836046584314
1,MD0140100,"Howard, MD",robbery,-0.014718746777558186,0.010662479270119762,0.044397296082153544
2,MD0140100,"Howard, MD",robbery,-0.10674012224271302,-0.10438311495904026,0.04446886966488935
3,MD0140100,"Howard, MD",robbery,-0.12944676536406494,-0.11868702616209831,0.044385080147468337
4,MD0140100,"Howard, MD",robbery,-0.07056587126363142,-0.057266736601160495,0.044381143816725165
5,MD0140100,"Howard, MD",robbery,-0.006666007958024384,-0.02537921486353999,0.044385080147468343
6,MD0140100,"Howard, MD",robbery,0.022721889338011475,-0.03840889074283739,0.04446886966488935
7,MD0140100,"Howard, MD",robbery,0.04369013349377921,-0.03195998952959949,0.04439729608215354
8,MD0140100,"Howard, MD",robbery,0.06242505534559063,0.006875134791723104,0.04446886966488935
9,MD0140100,"Howard, MD",robbery,0.05616031175072153,0.042476556254260854,0.04438508014746835
10,MD0140100,"Howard, MD",robbery,0.041594484547410396,0.07856424686064023,0.044381143816725165
11,MD0140100,"Howard, MD",robbery,0.05098107485514673,0.12288719503085713,0.044385080147468337
12,MD0140100,"Howard, MD",robbery,0.05056456427533197,0.11461936065067484,0.04446886966488935
1,MD0160400,"Montgomery, MD",robbery,-0.014718746777558186,0.03965453115428276,0.034633789413115436
2,MD0160400,"Montgomery, MD",robbery,-0.10674012224271302,-0.017811337916113376,0.03474986246719009
3,MD0160400,"Montgomery, MD",robbery,-0.12944676536406494,-0.10726822072860012,0.034725821701300945
4,MD0160400,"Montgomery, MD",robbery,-0.07056587126363142,-0.1331898933794588,0.034774987246612724
5,MD0160400,"Montgomery, MD",robbery,-0.006666007958024384,-0.07117441104092219,0.03472582170130095
6,MD0160400,"Montgomery, MD",robbery,0.022721889338011475,-0.010708194032825092,0.03474986246719009
7,MD0160400,"Montgomery, MD",robbery,0.04369013349377921,-9.348532119087382e-4,0.03463378941311543
8,MD0160400,"Montgomery, MD",robbery,0.06242505534559063,0.014223888797244776,0.03474986246719009
9,MD0160400,"Montgomery, MD",robbery,0.05616031175072153,0.06496109366735751,0.03472582170130095
10,MD0160400,"Montgomery, MD",robbery,0.041594484547410396,0.09447021543708477,0.034774987246612724
11,MD0160400,"Montgomery, MD",robbery,0.05098107485514673,0.07476186015979076,0.034725821701300945
12,MD0160400,"Montgomery, MD",robbery,0.05056456427533197,0.05301532109406772,0.03474986246719009
1,MD0172100,"Prince George's, MD",robbery,-0.014718746777558186,0.07606402074017758,0.03251850231425268
2,MD0172100,"Prince George's, MD",robbery,-0.10674012224271302,-0.09282595588397269,0.032578057289106226
3,MD0172100,"Prince George's, MD",robbery,-0.12944676536406494,-0.1933826885411452,0.03266926217018793
4,MD0172100,"Prince George's, MD",robbery,-0.07056587126363142,-0.1673592064597565,0.03270525387169764
5,MD0172100,"Prince George's, MD",robbery,-0.006666007958024384,-0.07100075629704099,0.03266926217018793
6,MD0172100,"Prince George's, MD",robbery,0.022721889338011475,0.017366824423221176,0.032578057289106226
7,MD0172100,"Prince George's, MD",robbery,0.04369013349377921,0.05438598154348242,0.03251850231425268
8,MD0172100,"Prince George's, MD",robbery,0.06242505534559063,0.034896115668096424,0.032578057289106226
9,MD0172100,"Prince George's, MD",robbery,0.05616031175072153,0.005002846041608928,0.03266926217018794
10,MD0172100,"Prince George's, MD",robbery,0.041594484547410396,0.036909204176096465,0.03270525387169764
11,MD0172100,"Prince George's, MD",robbery,0.05098107485514673,0.12893059651291722,0.03266926217018793
12,MD0172100,"Prince George's, MD",robbery,0.05056456427533197,0.17101301807631514,0.032578057289106226
1,MD0220000,"Washington, MD",robbery,-0.014718746777558186,-0.014789342656131074,0.05267767511955441
2,MD0220000,"Washington, MD",robbery,-0.10674012224271302,-0.13023166286355134,0.05272185669165534
3,MD0220000,"Washington, MD",robbery,-0.12944676536406494,-0.1502013041987598,0.05271480123240064
4,MD0220000,"Washington, MD",robbery,-0.07056587126363142,-0.06682160245056196,0.05271895947503298
5,MD0220000,"Washington, MD",robbery,-0.006666007958024384,0.004533105703676557,0.052714801232400646
6,MD0220000,"Washington, MD",robbery,0.022721889338011475,0.015893019582623687,0.05272185669165534
7,MD0220000,"Washington, MD",robbery,0.04369013349377921,0.026599650393696446,0.0526776751195544
8,MD0220000,"Washington, MD",robbery,0.06242505534559063,0.058311656654194396,0.05272185669165534
9,MD0220000,"Washington, MD",robbery,0.05616031175072153,0.06647099025183748,0.05271480123240065
10,MD0220000,"Washington, MD",robbery,0.041594484547410396,0.05501129471299659,0.05271895947503298
11,MD0220000,"Washington, MD",robbery,0.05098107485514673,0.06738690050568034,0.05271480123240064
12,MD0220000,"Washington, MD",robbery,0.05056456427533197,0.06783729436429865,0.05272185669165534
1,MDBPD0000,"Baltimore, MD",robbery,-0.014718746777558186,-0.03732179010229944,0.027574179723248816
2,MDBPD0000,"Baltimore, MD",robbery,-0.10674012224271302,-0.13124507393368515,0.02762319226357843
3,MDBPD0000,"Baltimore, MD",robbery,-0.12944676536406494,-0.1619402732197566,0.027640489565084313
4,MDBPD0000,"Baltimore, MD",robbery,-0.07056587126363142,-0.1057566053310019,0.027669770662559958
5,MDBPD0000,"Baltimore, MD",robbery,-0.006666007958024384,-0.026095688250513453,0.02764048956508432
6,MDBPD0000,"Baltimore, MD",robbery,0.022721889338011475,0.017417074537728183,0.02762319226357843
7,MDBPD0000,"Baltimore, MD",robbery,0.04369013349377921,0.03826879775539357,0.027574179723248812
8,MDBPD0000,"Baltimore, MD",robbery,0.06242505534559063,0.06880597523084245,0.02762319226357843
9,MDBPD0000,"Baltimore, MD",robbery,0.05616031175072153,0.09855416686381976,0.02764048956508432
10,MDBPD0000,"Baltimore, MD",robbery,0.041594484547410396,0.10480959767790778,0.027669770662559958
11,MDBPD0000,"Baltimore, MD",robbery,0.05098107485514673,0.0885347869533561,0.027640489565084313
12,MDBPD0000,"Baltimore, MD",robbery,0.05056456427533197,0.0459690318182087,0.02762319226357843
1,MI1323700,"Battle Creek, MI",robbery,-0.014718746777558186,-0.030147836103883198,0.050331343310610184
2,MI1323700,"Battle Creek, MI",robbery,-0.10674012224271302,-0.12783646939485985,0.05037401292077278
3,MI1323700,"Battle Creek, MI",robbery,-0.12944676536406494,-0.16274391204206112,0.05036566907987524
4,MI1323700,"Battle Creek, MI",robbery,-0.07056587126363142,-0.09200084168344924,0.050355024932957196
5,MI1323700,"Battle Creek, MI",robbery,-0.006666007958024384,-0.0031802335579778273,0.05036566907987525
6,MI1323700,"Battle Creek, MI",robbery,0.022721889338011475,0.03819116449103428,0.05037401292077278
7,MI1323700,"Battle Creek, MI",robbery,0.04369013349377921,0.06769184799190073,0.05033134331061018
8,MI1323700,"Battle Creek, MI",robbery,0.06242505534559063,0.10540240813825653,0.05037401292077278
9,MI1323700,"Battle Creek, MI",robbery,0.05616031175072153,0.10276583889744034,0.05036566907987525
10,MI1323700,"Battle Creek, MI",robbery,0.041594484547410396,0.054456829795431726,0.050355024932957196
11,MI1323700,"Battle Creek, MI",robbery,0.05098107485514673,0.025614294814581075,0.05036566907987524
12,MI1323700,"Battle Creek, MI",robbery,0.05056456427533197,0.02178690865358656,0.05037401292077278
1,MI3351900,"Lansing, MI",robbery,-0.014718746777558186,-0.02041197761259035,0.04315329320130284
2,MI3351900,"Lansing, MI",robbery,-0.10674012224271302,-0.12065883208664062,0.04332804779524227
3,MI3351900,"Lansing, MI",robbery,-0.12944676536406494,-0.18204203885985423,0.04335583191254869
4,MI3351900,"Lansing, MI",robbery,-0.07056587126363142,-0.14416585356521988,0.04341827500208944
5,MI3351900,"Lansing, MI",robbery,-0.006666007958024384,-0.046149013049581925,0.043355831912548694
6,MI3351900,"Lansing, MI",robbery,0.022721889338011475,0.01818342812974495,0.04332804779524227
7,MI3351900,"Lansing, MI",robbery,0.04369013349377921,0.03251874563081454,0.04315329320130283
8,MI3351900,"Lansing, MI",robbery,0.06242505534559063,0.05614593935007596,0.04332804779524227
9,MI3351900,"Lansing, MI",robbery,0.05616031175072153,0.10542237810506538,0.043355831912548694
10,MI3351900,"Lansing, MI",robbery,0.041594484547410396,0.1320590855469957,0.04341827500208944
11,MI3351900,"Lansing, MI",robbery,0.05098107485514673,0.11066190578614651,0.04335583191254869
12,MI3351900,"Lansing, MI",robbery,0.05056456427533197,0.058436232625043945,0.04332804779524227
1,MI3913900,"Kalamazoo, MI",robbery,-0.014718746777558186,0.010810537079531671,0.05150260573864747
2,MI3913900,"Kalamazoo, MI",robbery,-0.10674012224271302,-0.11856480332722456,0.05153960993953497
3,MI3913900,"Kalamazoo, MI",robbery,-0.12944676536406494,-0.17430745330294756,0.0515639081911374
4,MI3913900,"Kalamazoo, MI",robbery,-0.07056587126363142,-0.09427937233331986,0.05156206591037735
5,MI3913900,"Kalamazoo, MI",robbery,-0.006666007958024384,0.006634906082459018,0.05156390819113741
6,MI3913900,"Kalamazoo, MI",robbery,0.022721889338011475,0.03660559231972538,0.05153960993953497
7,MI3913900,"Kalamazoo, MI",robbery,0.04369013349377921,0.043555676140898725,0.05150260573864746
8,MI3913900,"Kalamazoo, MI",robbery,0.06242505534559063,0.0705133632709146,0.05153960993953497
9,MI3913900,"Kalamazoo, MI",robbery,0.05616031175072153,0.0718898000262072,0.05156390819113741
10,MI3913900,"Kalamazoo, MI",robbery,0.041594484547410396,0.039913159112889465,0.05156206591037735
11,MI3913900,"Kalamazoo, MI",robbery,0.05098107485514673,0.041416533973850894,0.0515639081911374
12,MI3913900,"Kalamazoo, MI",robbery,0.05056456427533197,0.06581206095701499,0.05153960993953497
1,MI4114100,"Kent, MI",robbery,-0.014718746777558186,-0.009852641568524634,0.051752691901969836
2,MI4114100,"Kent, MI",robbery,-0.10674012224271302,-0.11604174243002932,0.051799502703695426
3,MI4114100,"Kent, MI",robbery,-0.12944676536406494,-0.16301458543760605,0.05179359659498161
4,MI4114100,"Kent, MI",robbery,-0.07056587126363142,-0.0847647666106188,0.05179683969992016
5,MI4114100,"Kent, MI",robbery,-0.006666007958024384,0.016577767767716967,0.05179359659498162
6,MI4114100,"Kent, MI",robbery,0.022721889338011475,0.04126302189678729,0.051799502703695426
7,MI4114100,"Kent, MI",robbery,0.04369013349377921,0.03533654091547144,0.05175269190196982
8,MI4114100,"Kent, MI",robbery,0.06242505534559063,0.06365391162321894,0.051799502703695426
9,MI4114100,"Kent, MI",robbery,0.05616031175072153,0.0851428552838489,0.05179359659498162
10,MI4114100,"Kent, MI",robbery,0.041594484547410396,0.05928086726367201,0.05179683969992016
11,MI4114100,"Kent, MI",robbery,0.05098107485514673,0.035810063039093364,0.05179359659498161
12,MI4114100,"Kent, MI",robbery,0.05056456427533197,0.03660870825696989,0.051799502703695426
1,MI4143600,"Grand Rapids, MI",robbery,-0.014718746777558186,-0.053531119866662334,0.04006017521322815
2,MI4143600,"Grand Rapids, MI",robbery,-0.10674012224271302,-0.11217571180111653,0.040073506110830194
3,MI4143600,"Grand Rapids, MI",robbery,-0.12944676536406494,-0.12462694898641544,0.04013133086047948
4,MI4143600,"Grand Rapids, MI",robbery,-0.07056587126363142,-0.06712236174374266,0.04010868401178574
5,MI4143600,"Grand Rapids, MI",robbery,-0.006666007958024384,0.016193451669487373,0.040131330860479486
6,MI4143600,"Grand Rapids, MI",robbery,0.022721889338011475,0.07313966549605816,0.040073506110830194
7,MI4143600,"Grand Rapids, MI",robbery,0.04369013349377921,0.09323207136487366,0.04006017521322814
8,MI4143600,"Grand Rapids, MI",robbery,0.06242505534559063,0.08641178938302675,0.040073506110830194
9,MI4143600,"Grand Rapids, MI",robbery,0.05616031175072153,0.05916207507011433,0.040131330860479486
10,MI4143600,"Grand Rapids, MI",robbery,0.041594484547410396,0.027421410245531328,0.04010868401178574
11,MI4143600,"Grand Rapids, MI",robbery,0.05098107485514673,0.00957047074860238,0.04013133086047948
12,MI4143600,"Grand Rapids, MI",robbery,0.05056456427533197,-0.007674791579756998,0.040073506110830194
1,MI4183400,"Wyoming, MI",robbery,-0.014718746777558186,-0.0549683739164554,0.04983211958182377
2,MI4183400,"Wyoming, MI",robbery,-0.10674012224271302,-0.17503318238766313,0.0499140516775707
3,MI4183400,"Wyoming, MI",robbery,-0.12944676536406494,-0.1444649287676186,0.04987963563443541
4,MI4183400,"Wyoming, MI",robbery,-0.07056587126363142,-0.04488233811698519,0.0499210321374308
5,MI4183400,"Wyoming, MI",robbery,-0.006666007958024384,-0.0062964563382640355,0.04987963563443541
6,MI4183400,"Wyoming, MI",robbery,0.022721889338011475,-0.0051320315715191155,0.0499140516775707
7,MI4183400,"Wyoming, MI",robbery,0.04369013349377921,0.030916733567768733,0.04983211958182376
8,MI4183400,"Wyoming, MI",robbery,0.06242505534559063,0.06707980522090722,0.0499140516775707
9,MI4183400,"Wyoming, MI",robbery,0.05616031175072153,0.060563191949549317,0.04987963563443542
10,MI4183400,"Wyoming, MI",robbery,0.041594484547410396,0.06893397846567183,0.0499210321374308
11,MI4183400,"Wyoming, MI",robbery,0.05098107485514673,0.1142498335050199,0.04987963563443541
12,MI4183400,"Wyoming, MI",robbery,0.05056456427533197,0.08903376838958846,0.0499140516775707
1,MI5015000,"Macomb, MI",robbery,-0.014718746777558186,-0.03889855873105691,0.05290240052136579
2,MI5015000,"Macomb, MI",robbery,-0.10674012224271302,-0.12162582344610913,0.052922576236132945
3,MI5015000,"Macomb, MI",robbery,-0.12944676536406494,-0.12328357494895698,0.05291790289911139
4,MI5015000,"Macomb, MI",robbery,-0.07056587126363142,-0.06402798580980398,0.052927040946802874
5,MI5015000,"Macomb, MI",robbery,-0.006666007958024384,-0.013100887016212323,0.0529179028991114
6,MI5015000,"Macomb, MI",robbery,0.022721889338011475,0.014650871207197635,0.052922576236132945
7,MI5015000,"Macomb, MI",robbery,0.04369013349377921,0.0421603367818557,0.052902400521365786
8,MI5015000,"Macomb, MI",robbery,0.06242505534559063,0.06206345222473919,0.052922576236132945
9,MI5015000,"Macomb, MI",robbery,0.05616031175072153,0.06045942567678825,0.0529179028991114
10,MI5015000,"Macomb, MI",robbery,0.041594484547410396,0.06076620775900518,0.052927040946802874
11,MI5015000,"Macomb, MI",robbery,0.05098107485514673,0.07266325823758221,0.05291790289911139
12,MI5015000,"Macomb, MI",robbery,0.05056456427533197,0.04817327806497116,0.052922576236132945
1,MI5072200,"St. Clair Shores, MI",robbery,-0.014718746777558186,-0.015158697623027736,0.053710874878109535
2,MI5072200,"St. Clair Shores, MI",robbery,-0.10674012224271302,-0.12105487585337286,0.053733440883887935
3,MI5072200,"St. Clair Shores, MI",robbery,-0.12944676536406494,-0.14521322448248963,0.0537375022721545
4,MI5072200,"St. Clair Shores, MI",robbery,-0.07056587126363142,-0.07897957447534323,0.053744780679676626
5,MI5072200,"St. Clair Shores, MI",robbery,-0.006666007958024384,-0.0134238633540077,0.05373750227215451
6,MI5072200,"St. Clair Shores, MI",robbery,0.022721889338011475,0.012193563630851717,0.053733440883887935
7,MI5072200,"St. Clair Shores, MI",robbery,0.04369013349377921,0.03687040080593767,0.05371087487810953
8,MI5072200,"St. Clair Shores, MI",robbery,0.06242505534559063,0.06774222005051463,0.053733440883887935
9,MI5072200,"St. Clair Shores, MI",robbery,0.05616031175072153,0.07018886549672146,0.05373750227215451
10,MI5072200,"St. Clair Shores, MI",robbery,0.041594484547410396,0.057267871292433284,0.053744780679676626
11,MI5072200,"St. Clair Shores, MI",robbery,0.05098107485514673,0.06673651915686589,0.0537375022721545
12,MI5072200,"St. Clair Shores, MI",robbery,0.05056456427533197,0.0628307953549165,0.053733440883887935
1,MI5074000,"Shelby Township, MI",robbery,-0.014718746777558186,-0.023859260396560437,0.05453307697923925
2,MI5074000,"Shelby Township, MI",robbery,-0.10674012224271302,-0.11198628873059309,0.054542736581951315
3,MI5074000,"Shelby Township, MI",robbery,-0.12944676536406494,-0.126451407104043,0.05454233342957493
4,MI5074000,"Shelby Township, MI",robbery,-0.07056587126363142,-0.07275710766999727,0.05454183696392602
5,MI5074000,"Shelby Township, MI",robbery,-0.006666007958024384,-0.019379354886177466,0.054542333429574937
6,MI5074000,"Shelby Township, MI",robbery,0.022721889338011475,0.01655329202922033,0.054542736581951315
7,MI5074000,"Shelby Township, MI",robbery,0.04369013349377921,0.055657810201680785,0.054533076979239245
8,MI5074000,"Shelby Township, MI",robbery,0.06242505534559063,0.0786431320002898,0.054542736581951315
9,MI5074000,"Shelby Township, MI",robbery,0.05616031175072153,0.06130970056861937,0.054542333429574937
10,MI5074000,"Shelby Township, MI",robbery,0.041594484547410396,0.04095855786487692,0.05454183696392602
11,MI5074000,"Shelby Township, MI",robbery,0.05098107485514673,0.05272251161648072,0.05454233342957493
12,MI5074000,"Shelby Township, MI",robbery,0.05056456427533197,0.04858841450620337,0.05454273658195131
1,MI5076500,"Sterling Heights, MI",robbery,-0.014718746777558186,-0.044076611988028674,0.05289344828216074
2,MI5076500,"Sterling Heights, MI",robbery,-0.10674012224271302,-0.116876900634417,0.05291986950225068
3,MI5076500,"Sterling Heights, MI",robbery,-0.12944676536406494,-0.12104132734742142,0.05292336624412352
4,MI5076500,"Sterling Heights, MI",robbery,-0.07056587126363142,-0.07742319474025981,0.05291646262179605
5,MI5076500,"Sterling Heights, MI",robbery,-0.006666007958024384,-0.03231757601785904,0.052923366244123526
6,MI5076500,"Sterling Heights, MI",robbery,0.022721889338011475,0.013276610703485806,0.05291986950225068
7,MI5076500,"Sterling Heights, MI",robbery,0.04369013349377921,0.06368927530603244,0.052893448282160735
8,MI5076500,"Sterling Heights, MI",robbery,0.06242505534559063,0.08714655601648869,0.05291986950225068
9,MI5076500,"Sterling Heights, MI",robbery,0.05616031175072153,0.07169831941148935,0.052923366244123526
10,MI5076500,"Sterling Heights, MI",robbery,0.041594484547410396,0.05781053142225605,0.05291646262179605
11,MI5076500,"Sterling Heights, MI",robbery,0.05098107485514673,0.06204792063578731,0.05292336624412352
12,MI5076500,"Sterling Heights, MI",robbery,0.05056456427533197,0.03606639723244633,0.05291986950225068
1,MI5080600,"Warren, MI",robbery,-0.014718746777558186,-0.027542125961907,0.04784168957418887
2,MI5080600,"Warren, MI",robbery,-0.10674012224271302,-0.14342899874800358,0.0479104021340073
3,MI5080600,"Warren, MI",robbery,-0.12944676536406494,-0.10444675288010498,0.04781554397491739
4,MI5080600,"Warren, MI",robbery,-0.07056587126363142,0.005117052378018229,0.04789022935113729
5,MI5080600,"Warren, MI",robbery,-0.006666007958024384,0.013867593727371182,0.0478155439749174
6,MI5080600,"Warren, MI",robbery,0.022721889338011475,-0.03956139100167332,0.0479104021340073
7,MI5080600,"Warren, MI",robbery,0.04369013349377921,-0.015811638749963653,0.04784168957418887
8,MI5080600,"Warren, MI",robbery,0.06242505534559063,0.053643264462186355,0.0479104021340073
9,MI5080600,"Warren, MI",robbery,0.05616031175072153,0.0580147833061584,0.0478155439749174
10,MI5080600,"Warren, MI",robbery,0.041594484547410396,0.03823671233385241,0.04789022935113729
11,MI5080600,"Warren, MI",robbery,0.05098107485514673,0.07591814055844599,0.04781554397491739
12,MI5080600,"Warren, MI",robbery,0.05056456427533197,0.08599336057561996,0.0479104021340073
1,MI631910X,"Rochester Hills, MI",robbery,-0.014718746777558186,-0.01631430751537446,0.05467641699777303
2,MI631910X,"Rochester Hills, MI",robbery,-0.10674012224271302,-0.12475740688084788,0.054691049975880396
3,MI631910X,"Rochester Hills, MI",robbery,-0.12944676536406494,-0.13783252555306302,0.054683300720128544
4,MI631910X,"Rochester Hills, MI",robbery,-0.07056587126363142,-0.06125358556016275,0.05468944728886867
5,MI631910X,"Rochester Hills, MI",robbery,-0.006666007958024384,-1.0554552677670595e-4,0.05468330072012855
6,MI631910X,"Rochester Hills, MI",robbery,0.022721889338011475,0.018302267323303055,0.054691049975880396
7,MI631910X,"Rochester Hills, MI",robbery,0.04369013349377921,0.04350760237291139,0.05467641699777302
8,MI631910X,"Rochester Hills, MI",robbery,0.06242505534559063,0.06972803299819104,0.054691049975880396
9,MI631910X,"Rochester Hills, MI",robbery,0.05616031175072153,0.05560985681286925,0.05468330072012856
10,MI631910X,"Rochester Hills, MI",robbery,0.041594484547410396,0.03406029070262581,0.05468944728886867
11,MI631910X,"Rochester Hills, MI",robbery,0.05098107485514673,0.055134919409433505,0.054683300720128544
12,MI631910X,"Rochester Hills, MI",robbery,0.05056456427533197,0.06392040141689076,0.054691049975880396
1,MI6338900,"Farmington Hills, MI",robbery,-0.014718746777558186,-0.015947197832578454,0.05397911140382145
2,MI6338900,"Farmington Hills, MI",robbery,-0.10674012224271302,-0.11049098000944378,0.053991745127577505
3,MI6338900,"Farmington Hills, MI",robbery,-0.12944676536406494,-0.12620072249651193,0.053988752838984376
4,MI6338900,"Farmington Hills, MI",robbery,-0.07056587126363142,-0.06631870651602072,0.05398966258874274
5,MI6338900,"Farmington Hills, MI",robbery,-0.006666007958024384,-0.010571387939913973,0.05398875283898438
6,MI6338900,"Farmington Hills, MI",robbery,0.022721889338011475,0.012581186639538099,0.053991745127577505
7,MI6338900,"Farmington Hills, MI",robbery,0.04369013349377921,0.03329309204297896,0.053979111403821445
8,MI6338900,"Farmington Hills, MI",robbery,0.06242505534559063,0.05318814961108481,0.053991745127577505
9,MI6338900,"Farmington Hills, MI",robbery,0.05616031175072153,0.05155199788775245,0.05398875283898438
10,MI6338900,"Farmington Hills, MI",robbery,0.041594484547410396,0.048972812305620214,0.05398966258874274
11,MI6338900,"Farmington Hills, MI",robbery,0.05098107485514673,0.0678742183382729,0.053988752838984376
12,MI6338900,"Farmington Hills, MI",robbery,0.05056456427533197,0.06206753796922142,0.053991745127577505
1,MI6362700,"Novi, MI",robbery,-0.014718746777558186,-0.017897779816980597,0.05462962869693004
2,MI6362700,"Novi, MI",robbery,-0.10674012224271302,-0.09685378833802942,0.05463742680233502
3,MI6362700,"Novi, MI",robbery,-0.12944676536406494,-0.12180793772115898,0.05463602760184038
4,MI6362700,"Novi, MI",robbery,-0.07056587126363142,-0.08200489600567987,0.05463751358750007
5,MI6362700,"Novi, MI",robbery,-0.006666007958024384,-0.023308467837913186,0.05463602760184039
6,MI6362700,"Novi, MI",robbery,0.022721889338011475,0.0190713531828187,0.05463742680233502
7,MI6362700,"Novi, MI",robbery,0.04369013349377921,0.04400733443997452,0.05462962869693003
8,MI6362700,"Novi, MI",robbery,0.06242505534559063,0.05474347269288653,0.05463742680233502
9,MI6362700,"Novi, MI",robbery,0.05616031175072153,0.05358806745302218,0.05463602760184039
10,MI6362700,"Novi, MI",robbery,0.041594484547410396,0.05589534138268594,0.05463751358750007
11,MI6362700,"Novi, MI",robbery,0.05098107485514673,0.06541878348305605,0.05463602760184038
12,MI6362700,"Novi, MI",robbery,0.05056456427533197,0.04914851708531816,0.054637426802335014
1,MI6367300,"Pontiac, MI",robbery,-0.014718746777558186,0.014378961313697782,0.048278880576223884
2,MI6367300,"Pontiac, MI",robbery,-0.10674012224271302,-0.11789066017895776,0.048373569088758846
3,MI6367300,"Pontiac, MI",robbery,-0.12944676536406494,-0.14828582178720418,0.04838299062377811
4,MI6367300,"Pontiac, MI",robbery,-0.07056587126363142,-0.08472066810486886,0.04844318595997858
5,MI6367300,"Pontiac, MI",robbery,-0.006666007958024384,-0.031683678746001386,0.04838299062377813
6,MI6367300,"Pontiac, MI",robbery,0.022721889338011475,0.0031348502984918517,0.048373569088758846
7,MI6367300,"Pontiac, MI",robbery,0.04369013349377921,0.06080481653771393,0.04827888057622388
8,MI6367300,"Pontiac, MI",robbery,0.06242505534559063,0.09183350396745267,0.048373569088758846
9,MI6367300,"Pontiac, MI",robbery,0.05616031175072153,0.04704488772428739,0.04838299062377813
10,MI6367300,"Pontiac, MI",robbery,0.041594484547410396,0.009536890253457143,0.04844318595997858
11,MI6367300,"Pontiac, MI",robbery,0.05098107485514673,0.05774083495750643,0.04838299062377811
12,MI6367300,"Pontiac, MI",robbery,0.05056456427533197,0.09810608376442498,0.048373569088758846
1,MI6371400,"Royal Oak, MI",robbery,-0.014718746777558186,-7.550124381321015e-4,0.05435620499374821
2,MI6371400,"Royal Oak, MI",robbery,-0.10674012224271302,-0.10197698177435376,0.05436251708906632
3,MI6371400,"Royal Oak, MI",robbery,-0.12944676536406494,-0.14184398506455265,0.05436584298096946
4,MI6371400,"Royal Oak, MI",robbery,-0.07056587126363142,-0.07928800670075872,0.0543637380700576
5,MI6371400,"Royal Oak, MI",robbery,-0.006666007958024384,-0.00225201361567689,0.05436584298096947
6,MI6371400,"Royal Oak, MI",robbery,0.022721889338011475,0.02218197997719416,0.05436251708906632
7,MI6371400,"Royal Oak, MI",robbery,0.04369013349377921,0.03138287478579739,0.05435620499374819
8,MI6371400,"Royal Oak, MI",robbery,0.06242505534559063,0.05811500487188705,0.05436251708906632
9,MI6371400,"Royal Oak, MI",robbery,0.05616031175072153,0.06735414581442067,0.05436584298096948
10,MI6371400,"Royal Oak, MI",robbery,0.041594484547410396,0.04866014435309344,0.0543637380700576
11,MI6371400,"Royal Oak, MI",robbery,0.05098107485514673,0.046113990518143556,0.05436584298096946
12,MI6371400,"Royal Oak, MI",robbery,0.05056456427533197,0.05230785927293784,0.054362517089066316
1,MI6375100,"Southfield, MI",robbery,-0.014718746777558186,-0.019162188720220127,0.05027640356175929
2,MI6375100,"Southfield, MI",robbery,-0.10674012224271302,-0.11673717906037002,0.0503549062209515
3,MI6375100,"Southfield, MI",robbery,-0.12944676536406494,-0.13049083329914274,0.0503346001576146
4,MI6375100,"Southfield, MI",robbery,-0.07056587126363142,-0.07747084942613293,0.05037597167466725
5,MI6375100,"Southfield, MI",robbery,-0.006666007958024384,-0.02667211526918669,0.05033460015761461
6,MI6375100,"Southfield, MI",robbery,0.022721889338011475,0.01896081288546683,0.0503549062209515
7,MI6375100,"Southfield, MI",robbery,0.04369013349377921,0.07242665276816794,0.05027640356175929
8,MI6375100,"Southfield, MI",robbery,0.06242505534559063,0.08923620529153566,0.0503549062209515
9,MI6375100,"Southfield, MI",robbery,0.05616031175072153,0.049725395482360546,0.05033460015761461
10,MI6375100,"Southfield, MI",robbery,0.041594484547410396,0.024206385378185095,0.05037597167466725
11,MI6375100,"Southfield, MI",robbery,0.05098107485514673,0.054173089038021024,0.0503346001576146
12,MI6375100,"Southfield, MI",robbery,0.05056456427533197,0.06180462493131543,0.05035490622095149
1,MI6378400,"Troy, MI",robbery,-0.014718746777558186,-0.008623333911948299,0.053479961588941714
2,MI6378400,"Troy, MI",robbery,-0.10674012224271302,-0.11080245555051581,0.05350226449190876
3,MI6378400,"Troy, MI",robbery,-0.12944676536406494,-0.13889976496592488,0.0535057941538847
4,MI6378400,"Troy, MI",robbery,-0.07056587126363142,-0.08303450929391777,0.053511956029886905
5,MI6378400,"Troy, MI",robbery,-0.006666007958024384,-0.02340926406148508,0.053505794153884706
6,MI6378400,"Troy, MI",robbery,0.022721889338011475,0.0018774169136620037,0.05350226449190876
7,MI6378400,"Troy, MI",robbery,0.04369013349377921,0.025380169679469294,0.0534799615889417
8,MI6378400,"Troy, MI",robbery,0.06242505534559063,0.05679004054364731,0.05350226449190876
9,MI6378400,"Troy, MI",robbery,0.05616031175072153,0.06813051419153539,0.053505794153884706
10,MI6378400,"Troy, MI",robbery,0.041594484547410396,0.06627767352639677,0.053511956029886905
11,MI6378400,"Troy, MI",robbery,0.05098107485514673,0.07742167906835354,0.0535057941538847
12,MI6378400,"Troy, MI",robbery,0.05056456427533197,0.06889183386072753,0.05350226449190875
1,MI6380800,"Waterford Township, MI",robbery,-0.014718746777558186,0.0027465375165119012,0.0537370964948465
2,MI6380800,"Waterford Township, MI",robbery,-0.10674012224271302,-0.08784304388457495,0.05376310893264734
3,MI6380800,"Waterford Township, MI",robbery,-0.12944676536406494,-0.13854889646639582,0.05375701676904776
4,MI6380800,"Waterford Township, MI",robbery,-0.07056587126363142,-0.08644303559616878,0.05377056259111212
5,MI6380800,"Waterford Township, MI",robbery,-0.006666007958024384,0.0026404097087504227,0.05375701676904777
6,MI6380800,"Waterford Township, MI",robbery,0.022721889338011475,0.04082698599697107,0.05376310893264734
7,MI6380800,"Waterford Township, MI",robbery,0.04369013349377921,0.039595537661498495,0.053737096494846495
8,MI6380800,"Waterford Township, MI",robbery,0.06242505534559063,0.04778237134819655,0.05376310893264734
9,MI6380800,"Waterford Township, MI",robbery,0.05616031175072153,0.05614614875200703,0.05375701676904777
10,MI6380800,"Waterford Township, MI",robbery,0.041594484547410396,0.044100960418158384,0.05377056259111212
11,MI6380800,"Waterford Township, MI",robbery,0.05098107485514673,0.03742026282762795,0.05375701676904776
12,MI6380800,"Waterford Township, MI",robbery,0.05056456427533197,0.041575761717417725,0.05376310893264734
1,MI6381500,"West Bloomfield Township, MI",robbery,-0.014718746777558186,-0.016431794982358836,0.05457133668101831
2,MI6381500,"West Bloomfield Township, MI",robbery,-0.10674012224271302,-0.10973659407411121,0.054579428098023144
3,MI6381500,"West Bloomfield Township, MI",robbery,-0.12944676536406494,-0.13018850445987526,0.054577533404086616
4,MI6381500,"West Bloomfield Township, MI",robbery,-0.07056587126363142,-0.069630937431233,0.05458006970698987
5,MI6381500,"West Bloomfield Township, MI",robbery,-0.006666007958024384,-0.006786260023384817,0.05457753340408662
6,MI6381500,"West Bloomfield Township, MI",robbery,0.022721889338011475,0.02345617970349952,0.054579428098023144
7,MI6381500,"West Bloomfield Township, MI",robbery,0.04369013349377921,0.04841034643176322,0.0545713366810183
8,MI6381500,"West Bloomfield Township, MI",robbery,0.06242505534559063,0.0677349966322093,0.054579428098023144
9,MI6381500,"West Bloomfield Township, MI",robbery,0.05616031175072153,0.05620835556856899,0.05457753340408663
10,MI6381500,"West Bloomfield Township, MI",robbery,0.041594484547410396,0.03765238598182861,0.05458006970698987
11,MI6381500,"West Bloomfield Township, MI",robbery,0.05098107485514673,0.04878785746528668,0.054577533404086616
12,MI6381500,"West Bloomfield Township, MI",robbery,0.05056456427533197,0.05052396918780681,0.05457942809802314
1,MI8118100,"Washtenaw, MI",robbery,-0.014718746777558186,-0.03531025132653043,0.05043720458648855
2,MI8118100,"Washtenaw, MI",robbery,-0.10674012224271302,-0.11732771094361825,0.05052215715007457
3,MI8118100,"Washtenaw, MI",robbery,-0.12944676536406494,-0.16917394086030985,0.05048154386006859
4,MI8118100,"Washtenaw, MI",robbery,-0.07056587126363142,-0.11987768868199625,0.05050582572305469
5,MI8118100,"Washtenaw, MI",robbery,-0.006666007958024384,-0.008018911108183025,0.05048154386006859
6,MI8118100,"Washtenaw, MI",robbery,0.022721889338011475,0.06748617215598765,0.05052215715007457
7,MI8118100,"Washtenaw, MI",robbery,0.04369013349377921,0.08260234093797111,0.05043720458648854
8,MI8118100,"Washtenaw, MI",robbery,0.06242505534559063,0.08491287441205146,0.05052215715007457
9,MI8118100,"Washtenaw, MI",robbery,0.05616031175072153,0.0894670147173024,0.050481543860068596
10,MI8118100,"Washtenaw, MI",robbery,0.041594484547410396,0.07258559907055559,0.05050582572305469
11,MI8118100,"Washtenaw, MI",robbery,0.05098107485514673,0.04043374763974976,0.05048154386006859
12,MI8118100,"Washtenaw, MI",robbery,0.05056456427533197,0.012220753987019847,0.05052215715007457
1,MI8121800,"Ann Arbor, MI",robbery,-0.014718746777558186,-0.030447636202964572,0.050805362272215264
2,MI8121800,"Ann Arbor, MI",robbery,-0.10674012224271302,-0.12188153703961245,0.05085676724434142
3,MI8121800,"Ann Arbor, MI",robbery,-0.12944676536406494,-0.16590887120584863,0.050826668360312986
4,MI8121800,"Ann Arbor, MI",robbery,-0.07056587126363142,-0.09036489283431803,0.05083995086103025
5,MI8121800,"Ann Arbor, MI",robbery,-0.006666007958024384,0.018091478385970725,0.05082666836031299
6,MI8121800,"Ann Arbor, MI",robbery,0.022721889338011475,0.048517242579079245,0.05085676724434142
7,MI8121800,"Ann Arbor, MI",robbery,0.04369013349377921,0.03572911245362583,0.05080536227221526
8,MI8121800,"Ann Arbor, MI",robbery,0.06242505534559063,0.06310270546565572,0.05085676724434142
9,MI8121800,"Ann Arbor, MI",robbery,0.05616031175072153,0.10184856338123066,0.05082666836031299
10,MI8121800,"Ann Arbor, MI",robbery,0.041594484547410396,0.08508341658365678,0.05083995086103025
11,MI8121800,"Ann Arbor, MI",robbery,0.05098107485514673,0.040687353187985956,0.050826668360312986
12,MI8121800,"Ann Arbor, MI",robbery,0.05056456427533197,0.015543065245538742,0.05085676724434141
1,MI8234300,"Dearborn, MI",robbery,-0.014718746777558186,-0.05486711842330921,0.05011238126214569
2,MI8234300,"Dearborn, MI",robbery,-0.10674012224271302,-0.13890125326290154,0.05016086018244611
3,MI8234300,"Dearborn, MI",robbery,-0.12944676536406494,-0.14727804055362087,0.050117870590865136
4,MI8234300,"Dearborn, MI",robbery,-0.07056587126363142,-0.08859131800212687,0.05012671252921467
5,MI8234300,"Dearborn, MI",robbery,-0.006666007958024384,-0.015419573244498549,0.05011787059086514
6,MI8234300,"Dearborn, MI",robbery,0.022721889338011475,0.0551174524450183,0.05016086018244611
7,MI8234300,"Dearborn, MI",robbery,0.04369013349377921,0.11178692871793766,0.050112381262145685
8,MI8234300,"Dearborn, MI",robbery,0.06242505534559063,0.11608364998267431,0.05016086018244611
9,MI8234300,"Dearborn, MI",robbery,0.05616031175072153,0.06754062697876523,0.05011787059086515
10,MI8234300,"Dearborn, MI",robbery,0.041594484547410396,0.0316715077074984,0.05012671252921467
11,MI8234300,"Dearborn, MI",robbery,0.05098107485514673,0.03823717652472571,0.050117870590865136
12,MI8234300,"Dearborn, MI",robbery,0.05056456427533197,0.024619961129837453,0.05016086018244611
1,MI8234400,"Dearborn Heights, MI",robbery,-0.014718746777558186,-0.031059833780765406,0.051978838221842474
2,MI8234400,"Dearborn Heights, MI",robbery,-0.10674012224271302,-0.12791367315393537,0.052025085188614394
3,MI8234400,"Dearborn Heights, MI",robbery,-0.12944676536406494,-0.136528193172685,0.05201059037184618
4,MI8234400,"Dearborn Heights, MI",robbery,-0.07056587126363142,-0.06338659495527608,0.05202290797626009
5,MI8234400,"Dearborn Heights, MI",robbery,-0.006666007958024384,-0.005422679531789952,0.05201059037184619
6,MI8234400,"Dearborn Heights, MI",robbery,0.022721889338011475,0.014025409763194321,0.052025085188614394
7,MI8234400,"Dearborn Heights, MI",robbery,0.04369013349377921,0.045279257754585064,0.05197883822184247
8,MI8234400,"Dearborn Heights, MI",robbery,0.06242505534559063,0.0825665097178348,0.0520250851886144
9,MI8234400,"Dearborn Heights, MI",robbery,0.05616031175072153,0.07696160576276477,0.052010590371846195
10,MI8234400,"Dearborn Heights, MI",robbery,0.041594484547410396,0.04916717098145642,0.05202290797626009
11,MI8234400,"Dearborn Heights, MI",robbery,0.05098107485514673,0.05076984296789048,0.05201059037184618
12,MI8234400,"Dearborn Heights, MI",robbery,0.05056456427533197,0.04554117764672595,0.052025085188614394
1,MI8234900,"Detroit, MI",robbery,-0.014718746777558186,-0.08077471848772574,0.02997888578299724
2,MI8234900,"Detroit, MI",robbery,-0.10674012224271302,-0.1922176261642991,0.030063959715461615
3,MI8234900,"Detroit, MI",robbery,-0.12944676536406494,-0.18431862987764325,0.030018677543926297
4,MI8234900,"Detroit, MI",robbery,-0.07056587126363142,-0.0750288676969111,0.030065907007052424
5,MI8234900,"Detroit, MI",robbery,-0.006666007958024384,0.02293728803173398,0.0300186775439263
6,MI8234900,"Detroit, MI",robbery,0.022721889338011475,0.0787399224842796,0.030063959715461615
7,MI8234900,"Detroit, MI",robbery,0.04369013349377921,0.12444721835150169,0.029978885782997237
8,MI8234900,"Detroit, MI",robbery,0.06242505534559063,0.13641666073159386,0.030063959715461618
9,MI8234900,"Detroit, MI",robbery,0.05616031175072153,0.08484516458116206,0.0300186775439263
10,MI8234900,"Detroit, MI",robbery,0.041594484547410396,0.031356367833135126,0.030065907007052424
11,MI8234900,"Detroit, MI",robbery,0.05098107485514673,0.03286367740097121,0.030018677543926297
12,MI8234900,"Detroit, MI",robbery,0.05056456427533197,0.020733542812201685,0.030063959715461615
1,MI8253800,"Livonia, MI",robbery,-0.014718746777558186,-0.0010607049087301421,0.05335703391592125
2,MI8253800,"Livonia, MI",robbery,-0.10674012224271302,-0.10996384077629984,0.05337556061176969
3,MI8253800,"Livonia, MI",robbery,-0.12944676536406494,-0.14288215795435433,0.05337980149389329
4,MI8253800,"Livonia, MI",robbery,-0.07056587126363142,-0.07191351674019726,0.05337976047021333
5,MI8253800,"Livonia, MI",robbery,-0.006666007958024384,-0.0051673474485701785,0.0533798014938933
6,MI8253800,"Livonia, MI",robbery,0.022721889338011475,0.005100926265091222,0.05337556061176969
7,MI8253800,"Livonia, MI",robbery,0.04369013349377921,0.022204913266090396,0.05335703391592124
8,MI8253800,"Livonia, MI",robbery,0.06242505534559063,0.06819313814432544,0.05337556061176969
9,MI8253800,"Livonia, MI",robbery,0.05616031175072153,0.0799672469650197,0.0533798014938933
10,MI8253800,"Livonia, MI",robbery,0.041594484547410396,0.050769308382837025,0.05337976047021333
11,MI8253800,"Livonia, MI",robbery,0.05098107485514673,0.04693805008054453,0.05337980149389329
12,MI8253800,"Livonia, MI",robbery,0.05056456427533197,0.05781398472424343,0.05337556061176969
1,MI8277500,"Taylor, MI",robbery,-0.014718746777558186,-0.04323338172331593,0.05079919202960429
2,MI8277500,"Taylor, MI",robbery,-0.10674012224271302,-0.15051577382214731,0.05086057149693385
3,MI8277500,"Taylor, MI",robbery,-0.12944676536406494,-0.1625497936727316,0.0508445733840727
4,MI8277500,"Taylor, MI",robbery,-0.07056587126363142,-0.07013708548766731,0.05081695671706655
5,MI8277500,"Taylor, MI",robbery,-0.006666007958024384,0.026960000535364008,0.0508445733840727
6,MI8277500,"Taylor, MI",robbery,0.022721889338011475,0.06377136027432082,0.05086057149693385
7,MI8277500,"Taylor, MI",robbery,0.04369013349377921,0.06462486465744734,0.050799192029604284
8,MI8277500,"Taylor, MI",robbery,0.06242505534559063,0.060415010030790285,0.05086057149693385
9,MI8277500,"Taylor, MI",robbery,0.05616031175072153,0.05105754694724316,0.05084457338407271
10,MI8277500,"Taylor, MI",robbery,0.041594484547410396,0.04874560255353589,0.05081695671706655
11,MI8277500,"Taylor, MI",robbery,0.05098107485514673,0.06314076325599295,0.0508445733840727
12,MI8277500,"Taylor, MI",robbery,0.05056456427533197,0.04772088645116768,0.05086057149693385
1,MI8281700,"Westland, MI",robbery,-0.014718746777558186,-0.0333255366863246,0.05137133830774657
2,MI8281700,"Westland, MI",robbery,-0.10674012224271302,-0.1465445598961032,0.05142118831136948
3,MI8281700,"Westland, MI",robbery,-0.12944676536406494,-0.16561871704949035,0.05142118952240355
4,MI8281700,"Westland, MI",robbery,-0.07056587126363142,-0.08168226559364604,0.05142910891516149
5,MI8281700,"Westland, MI",robbery,-0.006666007958024384,-9.656776756983946e-4,0.05142118952240356
6,MI8281700,"Westland, MI",robbery,0.022721889338011475,0.026406225012445966,0.05142118831136948
7,MI8281700,"Westland, MI",robbery,0.04369013349377921,0.04706712207679818,0.05137133830774656
8,MI8281700,"Westland, MI",robbery,0.06242505534559063,0.07894805063637306,0.05142118831136948
9,MI8281700,"Westland, MI",robbery,0.05616031175072153,0.08428062239928662,0.05142118952240356
10,MI8281700,"Westland, MI",robbery,0.041594484547410396,0.06794068020317245,0.05142910891516149
11,MI8281700,"Westland, MI",robbery,0.05098107485514673,0.0685621869354285,0.05142118952240355
12,MI8281700,"Westland, MI",robbery,0.05056456427533197,0.05493186963775781,0.05142118831136948
1,MI8290800,"Canton Township, MI",robbery,-0.014718746777558186,-0.011031084492608848,0.053814443630448086
2,MI8290800,"Canton Township, MI",robbery,-0.10674012224271302,-0.10243010253688481,0.05383700357305872
3,MI8290800,"Canton Township, MI",robbery,-0.12944676536406494,-0.13438475955923135,0.05383257865283547
4,MI8290800,"Canton Township, MI",robbery,-0.07056587126363142,-0.08035374569066188,0.053839704375617824
5,MI8290800,"Canton Township, MI",robbery,-0.006666007958024384,-0.009283479992667406,0.05383257865283547
6,MI8290800,"Canton Township, MI",robbery,0.022721889338011475,0.026476523957807082,0.05383700357305872
7,MI8290800,"Canton Township, MI",robbery,0.04369013349377921,0.044306426180740745,0.05381444363044808
8,MI8290800,"Canton Township, MI",robbery,0.06242505534559063,0.060555391674211166,0.05383700357305873
9,MI8290800,"Canton Township, MI",robbery,0.05616031175072153,0.05923470700842582,0.05383257865283548
10,MI8290800,"Canton Township, MI",robbery,0.041594484547410396,0.04707840400252998,0.053839704375617824
11,MI8290800,"Canton Township, MI",robbery,0.05098107485514673,0.051158190855341006,0.05383257865283547
12,MI8290800,"Canton Township, MI",robbery,0.05056456427533197,0.04867352859299848,0.05383700357305872
1,MN0020200,"Blaine, MN",robbery,-0.014718746777558186,-0.005657717539672424,0.053518195528672347
2,MN0020200,"Blaine, MN",robbery,-0.10674012224271302,-0.06152271416371838,0.05355316533756146
3,MN0020200,"Blaine, MN",robbery,-0.12944676536406494,-0.0988674047534057,0.0535343518861045
4,MN0020200,"Blaine, MN",robbery,-0.07056587126363142,-0.08759622465840228,0.05354970436895709
5,MN0020200,"Blaine, MN",robbery,-0.006666007958024384,-0.031811168151779715,0.05353435188610452
6,MN0020200,"Blaine, MN",robbery,0.022721889338011475,0.025399925959897773,0.05355316533756146
7,MN0020200,"Blaine, MN",robbery,0.04369013349377921,0.04671139866777037,0.05351819552867234
8,MN0020200,"Blaine, MN",robbery,0.06242505534559063,0.03952644582438631,0.053553165337561465
9,MN0020200,"Blaine, MN",robbery,0.05616031175072153,0.0358174552859757,0.05353435188610452
10,MN0020200,"Blaine, MN",robbery,0.041594484547410396,0.046542543530304334,0.05354970436895709
11,MN0020200,"Blaine, MN",robbery,0.05098107485514673,0.05380743649111176,0.0535343518861045
12,MN0020200,"Blaine, MN",robbery,0.05056456427533197,0.037650023507532285,0.05355316533756146
1,MN0020500,"Coon Rapids, MN",robbery,-0.014718746777558186,7.123173466643318e-4,0.052702087885682244
2,MN0020500,"Coon Rapids, MN",robbery,-0.10674012224271302,-0.09575217618163953,0.05273591427179106
3,MN0020500,"Coon Rapids, MN",robbery,-0.12944676536406494,-0.13989637301424823,0.052738723507419774
4,MN0020500,"Coon Rapids, MN",robbery,-0.07056587126363142,-0.08012579566238591,0.05274383317802872
5,MN0020500,"Coon Rapids, MN",robbery,-0.006666007958024384,5.140356449443104e-4,0.05273872350741978
6,MN0020500,"Coon Rapids, MN",robbery,0.022721889338011475,0.03124531875949191,0.05273591427179106
7,MN0020500,"Coon Rapids, MN",robbery,0.04369013349377921,0.0448004833556385,0.05270208788568224
8,MN0020500,"Coon Rapids, MN",robbery,0.06242505534559063,0.07005901724382417,0.052735914271791064
9,MN0020500,"Coon Rapids, MN",robbery,0.05616031175072153,0.06869041337413007,0.05273872350741978
10,MN0020500,"Coon Rapids, MN",robbery,0.041594484547410396,0.03461299496008309,0.05274383317802872
11,MN0020500,"Coon Rapids, MN",robbery,0.05098107485514673,0.025179123292871006,0.052738723507419774
12,MN0020500,"Coon Rapids, MN",robbery,0.05056456427533197,0.03996064088062627,0.05273591427179106
1,MN0190100,"Burnsville, MN",robbery,-0.014718746777558186,-0.030016227207718023,0.0525885081715543
2,MN0190100,"Burnsville, MN",robbery,-0.10674012224271302,-0.12711336352749145,0.05262107692737561
3,MN0190100,"Burnsville, MN",robbery,-0.12944676536406494,-0.14635359731615938,0.052608473492965525
4,MN0190100,"Burnsville, MN",robbery,-0.07056587126363142,-0.07838621670009098,0.052616091162555764
5,MN0190100,"Burnsville, MN",robbery,-0.006666007958024384,-0.004103520764348328,0.05260847349296553
6,MN0190100,"Burnsville, MN",robbery,0.022721889338011475,0.03667434311100137,0.05262107692737561
7,MN0190100,"Burnsville, MN",robbery,0.04369013349377921,0.06659270228495533,0.05258850817155429
8,MN0190100,"Burnsville, MN",robbery,0.06242505534559063,0.08416319651130956,0.05262107692737562
9,MN0190100,"Burnsville, MN",robbery,0.05616031175072153,0.06682695522274022,0.05260847349296554
10,MN0190100,"Burnsville, MN",robbery,0.041594484547410396,0.041809741622853676,0.052616091162555764
11,MN0190100,"Burnsville, MN",robbery,0.05098107485514673,0.04705368778053015,0.052608473492965525
12,MN0190100,"Burnsville, MN",robbery,0.05056456427533197,0.04285229898241785,0.05262107692737561
1,MN0191000,"Apple Valley, MN",robbery,-0.014718746777558186,0.015851483090812087,0.053691243536861666
2,MN0191000,"Apple Valley, MN",robbery,-0.10674012224271302,-0.0819742199131486,0.05370476864568153
3,MN0191000,"Apple Valley, MN",robbery,-0.12944676536406494,-0.13474395904385444,0.05370523405067097
4,MN0191000,"Apple Valley, MN",robbery,-0.07056587126363142,-0.08206143783687803,0.053703831647405144
5,MN0191000,"Apple Valley, MN",robbery,-0.006666007958024384,-0.0028029763697966737,0.05370523405067098
6,MN0191000,"Apple Valley, MN",robbery,0.022721889338011475,0.022665800090483783,0.05370476864568153
7,MN0191000,"Apple Valley, MN",robbery,0.04369013349377921,0.02460195241482286,0.05369124353686166
8,MN0191000,"Apple Valley, MN",robbery,0.06242505534559063,0.0468080896095407,0.053704768645681536
9,MN0191000,"Apple Valley, MN",robbery,0.05616031175072153,0.05912439323461164,0.05370523405067098
10,MN0191000,"Apple Valley, MN",robbery,0.041594484547410396,0.04160800233124309,0.053703831647405144
11,MN0191000,"Apple Valley, MN",robbery,0.05098107485514673,0.03796910667340453,0.05370523405067097
12,MN0191000,"Apple Valley, MN",robbery,0.05056456427533197,0.05295376571875904,0.05370476864568153
1,MN0191100,"Lakeville, MN",robbery,-0.014718746777558186,-0.007616795637569188,0.054559240163965246
2,MN0191100,"Lakeville, MN",robbery,-0.10674012224271302,-0.10471007110194641,0.054566672500849296
3,MN0191100,"Lakeville, MN",robbery,-0.12944676536406494,-0.13505604331037172,0.05456649780829726
4,MN0191100,"Lakeville, MN",robbery,-0.07056587126363142,-0.07465467451686625,0.05457169935086953
5,MN0191100,"Lakeville, MN",robbery,-0.006666007958024384,-8.040753991671848e-4,0.05456649780829727
6,MN0191100,"Lakeville, MN",robbery,0.022721889338011475,0.035051250917857546,0.054566672500849296
7,MN0191100,"Lakeville, MN",robbery,0.04369013349377921,0.05228161655001874,0.05455924016396524
8,MN0191100,"Lakeville, MN",robbery,0.06242505534559063,0.0615779945621729,0.054566672500849296
9,MN0191100,"Lakeville, MN",robbery,0.05616031175072153,0.047259145858148666,0.054566497808297275
10,MN0191100,"Lakeville, MN",robbery,0.041594484547410396,0.029989853604416694,0.05457169935086953
11,MN0191100,"Lakeville, MN",robbery,0.05098107485514673,0.04393615193894066,0.05456649780829726
12,MN0191100,"Lakeville, MN",robbery,0.05056456427533197,0.05274564653436555,0.05456667250084929
1,MN0270100,"Bloomington, MN",robbery,-0.014718746777558186,0.018199805868236277,0.05000568639596972
2,MN0270100,"Bloomington, MN",robbery,-0.10674012224271302,-0.1294290829659706,0.05011174879731464
3,MN0270100,"Bloomington, MN",robbery,-0.12944676536406494,-0.1660460052693955,0.050098045924166924
4,MN0270100,"Bloomington, MN",robbery,-0.07056587126363142,-0.07033264541652944,0.050131512306112756
5,MN0270100,"Bloomington, MN",robbery,-0.006666007958024384,0.01720645976424036,0.05009804592416694
6,MN0270100,"Bloomington, MN",robbery,0.022721889338011475,0.036227659861491394,0.05011174879731464
7,MN0270100,"Bloomington, MN",robbery,0.04369013349377921,0.04718074096108701,0.05000568639596972
8,MN0270100,"Bloomington, MN",robbery,0.06242505534559063,0.060087510646999825,0.05011174879731465
9,MN0270100,"Bloomington, MN",robbery,0.05616031175072153,0.0313238861211014,0.05009804592416694
10,MN0270100,"Bloomington, MN",robbery,0.041594484547410396,0.0049520985872061486,0.050131512306112756
11,MN0270100,"Bloomington, MN",robbery,0.05098107485514673,0.052135112554730405,0.05009804592416693
12,MN0270100,"Bloomington, MN",robbery,0.05056456427533197,0.09849445928680271,0.05011174879731464
1,MN0270300,"Brooklyn Park, MN",robbery,-0.014718746777558186,-0.041233524750171446,0.04753852686461705
2,MN0270300,"Brooklyn Park, MN",robbery,-0.10674012224271302,-0.12984769035349428,0.04764637293968574
3,MN0270300,"Brooklyn Park, MN",robbery,-0.12944676536406494,-0.1333109487752829,0.04762244849470385
4,MN0270300,"Brooklyn Park, MN",robbery,-0.07056587126363142,-0.07700683756025124,0.04765333359081557
5,MN0270300,"Brooklyn Park, MN",robbery,-0.006666007958024384,-0.03450613295235257,0.04762244849470385
6,MN0270300,"Brooklyn Park, MN",robbery,0.022721889338011475,0.0016080455630034394,0.04764637293968574
7,MN0270300,"Brooklyn Park, MN",robbery,0.04369013349377921,0.06422207126145504,0.04753852686461704
8,MN0270300,"Brooklyn Park, MN",robbery,0.06242505534559063,0.10933926451100033,0.047646372939685745
9,MN0270300,"Brooklyn Park, MN",robbery,0.05616031175072153,0.08981397642150539,0.04762244849470386
10,MN0270300,"Brooklyn Park, MN",robbery,0.041594484547410396,0.05401829104896766,0.04765333359081557
11,MN0270300,"Brooklyn Park, MN",robbery,0.05098107485514673,0.05501455879484645,0.04762244849470385
12,MN0270300,"Brooklyn Park, MN",robbery,0.05056456427533197,0.04188892679077415,0.04764637293968574
1,MN0270600,"Edina, MN",robbery,-0.014718746777558186,-0.028804192557441894,0.053724707525332635
2,MN0270600,"Edina, MN",robbery,-0.10674012224271302,-0.1234468142064988,0.05373943412286262
3,MN0270600,"Edina, MN",robbery,-0.12944676536406494,-0.12666482895380177,0.05373235739135925
4,MN0270600,"Edina, MN",robbery,-0.07056587126363142,-0.05814359699767796,0.05373895377971434
5,MN0270600,"Edina, MN",robbery,-0.006666007958024384,-0.0042944361117363125,0.05373235739135926
6,MN0270600,"Edina, MN",robbery,0.022721889338011475,0.013952570033736515,0.05373943412286262
7,MN0270600,"Edina, MN",robbery,0.04369013349377921,0.031663728088178134,0.05372470752533263
8,MN0270600,"Edina, MN",robbery,0.06242505534559063,0.04954792940441233,0.05373943412286262
9,MN0270600,"Edina, MN",robbery,0.05616031175072153,0.04990640862097906,0.05373235739135926
10,MN0270600,"Edina, MN",robbery,0.041594484547410396,0.0552840614669417,0.05373895377971434
11,MN0270600,"Edina, MN",robbery,0.05098107485514673,0.07819332091382274,0.05373235739135925
12,MN0270600,"Edina, MN",robbery,0.05056456427533197,0.06280585029908625,0.05373943412286262
1,MN0271100,"Minneapolis, MN",robbery,-0.014718746777558186,-0.13794218354075005,0.030367464055517587
2,MN0271100,"Minneapolis, MN",robbery,-0.10674012224271302,-0.24439563518125274,0.03044361834567516
3,MN0271100,"Minneapolis, MN",robbery,-0.12944676536406494,-0.27510856492893954,0.030371815205539585
4,MN0271100,"Minneapolis, MN",robbery,-0.07056587126363142,-0.17685987013253074,0.030396347944377636
5,MN0271100,"Minneapolis, MN",robbery,-0.006666007958024384,-0.006975777455617882,0.03037181520553959
6,MN0271100,"Minneapolis, MN",robbery,0.022721889338011475,0.12125036162660267,0.03044361834567516
7,MN0271100,"Minneapolis, MN",robbery,0.04369013349377921,0.16996017761664364,0.030367464055517584
8,MN0271100,"Minneapolis, MN",robbery,0.06242505534559063,0.18215556148203216,0.030443618345675164
9,MN0271100,"Minneapolis, MN",robbery,0.05616031175072153,0.1808504971538254,0.03037181520553959
10,MN0271100,"Minneapolis, MN",robbery,0.041594484547410396,0.14484187605663715,0.030396347944377636
11,MN0271100,"Minneapolis, MN",robbery,0.05098107485514673,0.06921585115483836,0.030371815205539585
12,MN0271100,"Minneapolis, MN",robbery,0.05056456427533197,-0.026992293851488398,0.03044361834567516
1,MN0271700,"Plymouth, MN",robbery,-0.014718746777558186,-0.026931610426627863,0.053991084998060095
2,MN0271700,"Plymouth, MN",robbery,-0.10674012224271302,-0.09307005119622755,0.05400825802819392
3,MN0271700,"Plymouth, MN",robbery,-0.12944676536406494,-0.11181307783392769,0.05400791840400981
4,MN0271700,"Plymouth, MN",robbery,-0.07056587126363142,-0.07318509420245445,0.05400895442708529
5,MN0271700,"Plymouth, MN",robbery,-0.006666007958024384,-0.014348160332469084,0.054007918404009814
6,MN0271700,"Plymouth, MN",robbery,0.022721889338011475,0.03154086192850647,0.05400825802819392
7,MN0271700,"Plymouth, MN",robbery,0.04369013349377921,0.05594133671223933,0.05399108499806009
8,MN0271700,"Plymouth, MN",robbery,0.06242505534559063,0.05908843266006144,0.05400825802819392
9,MN0271700,"Plymouth, MN",robbery,0.05616031175072153,0.04882173301215011,0.05400791840400982
10,MN0271700,"Plymouth, MN",robbery,0.041594484547410396,0.04417536791684298,0.05400895442708529
11,MN0271700,"Plymouth, MN",robbery,0.05098107485514673,0.04832977886863516,0.05400791840400981
12,MN0271700,"Plymouth, MN",robbery,0.05056456427533197,0.03145048289327115,0.05400825802819392
1,MN0272600,"Eden Prairie, MN",robbery,-0.014718746777558186,-0.01585171793275769,0.054246471672876176
2,MN0272600,"Eden Prairie, MN",robbery,-0.10674012224271302,-0.10027685429989347,0.05425987891155732
3,MN0272600,"Eden Prairie, MN",robbery,-0.12944676536406494,-0.12237910311197836,0.054260595426654845
4,MN0272600,"Eden Prairie, MN",robbery,-0.07056587126363142,-0.0753729418072529,0.05425914773433068
5,MN0272600,"Eden Prairie, MN",robbery,-0.006666007958024384,-0.022505427659173207,0.05426059542665485
6,MN0272600,"Eden Prairie, MN",robbery,0.022721889338011475,0.008643448678799664,0.05425987891155732
7,MN0272600,"Eden Prairie, MN",robbery,0.04369013349377921,0.03926014587853282,0.05424647167287616
8,MN0272600,"Eden Prairie, MN",robbery,0.06242505534559063,0.06598704829128053,0.05425987891155733
9,MN0272600,"Eden Prairie, MN",robbery,0.05616031175072153,0.0646808691575903,0.05426059542665486
10,MN0272600,"Eden Prairie, MN",robbery,0.041594484547410396,0.05196451386147777,0.05425914773433068
11,MN0272600,"Eden Prairie, MN",robbery,0.05098107485514673,0.056795233667786105,0.054260595426654845
12,MN0272600,"Eden Prairie, MN",robbery,0.05056456427533197,0.049054785275588444,0.05425987891155732
1,MN0272700,"Maple Grove, MN",robbery,-0.014718746777558186,-0.018359279484670386,0.05377474652417264
2,MN0272700,"Maple Grove, MN",robbery,-0.10674012224271302,-0.11313553165180298,0.05379475580015575
3,MN0272700,"Maple Grove, MN",robbery,-0.12944676536406494,-0.12441529109932489,0.053793516526585615
4,MN0272700,"Maple Grove, MN",robbery,-0.07056587126363142,-0.05380596143798738,0.05379449288333624
5,MN0272700,"Maple Grove, MN",robbery,-0.006666007958024384,0.009225519825269207,0.05379351652658562
6,MN0272700,"Maple Grove, MN",robbery,0.022721889338011475,0.02764985393990784,0.05379475580015575
7,MN0272700,"Maple Grove, MN",robbery,0.04369013349377921,0.03589067404003732,0.053774746524172634
8,MN0272700,"Maple Grove, MN",robbery,0.06242505534559063,0.04546298751213537,0.053794755800155754
9,MN0272700,"Maple Grove, MN",robbery,0.05616031175072153,0.039211352404290356,0.05379351652658563
10,MN0272700,"Maple Grove, MN",robbery,0.041594484547410396,0.03627456688262044,0.05379449288333624
11,MN0272700,"Maple Grove, MN",robbery,0.05098107485514673,0.05844702431439836,0.053793516526585615
12,MN0272700,"Maple Grove, MN",robbery,0.05056456427533197,0.05755408475512673,0.05379475580015575
1,MN0550100,"Rochester, MN",robbery,-0.014718746777558186,-0.05684412755289764,0.051086691910949056
2,MN0550100,"Rochester, MN",robbery,-0.10674012224271302,-0.13859971278617914,0.05112357638930784
3,MN0550100,"Rochester, MN",robbery,-0.12944676536406494,-0.15160858588615336,0.05109184124758427
4,MN0550100,"Rochester, MN",robbery,-0.07056587126363142,-0.08732211664402621,0.0510803022956193
5,MN0550100,"Rochester, MN",robbery,-0.006666007958024384,0.0010899515884504004,0.051091841247584285
6,MN0550100,"Rochester, MN",robbery,0.022721889338011475,0.06453539192389122,0.05112357638930784
7,MN0550100,"Rochester, MN",robbery,0.04369013349377921,0.08962154631978217,0.05108669191094905
8,MN0550100,"Rochester, MN",robbery,0.06242505534559063,0.08303151662870929,0.05112357638930784
9,MN0550100,"Rochester, MN",robbery,0.05616031175072153,0.06326297096179899,0.051091841247584285
10,MN0550100,"Rochester, MN",robbery,0.041594484547410396,0.05454469787714166,0.0510803022956193
11,MN0550100,"Rochester, MN",robbery,0.05098107485514673,0.05447824456901938,0.05109184124758427
12,MN0550100,"Rochester, MN",robbery,0.05056456427533197,0.023810223000463225,0.05112357638930784
1,MN0620900,"St. Paul, MN",robbery,-0.014718746777558186,-0.056809469103210546,0.035920136145917596
2,MN0620900,"St. Paul, MN",robbery,-0.10674012224271302,-0.13107639890530695,0.03608684352873941
3,MN0620900,"St. Paul, MN",robbery,-0.12944676536406494,-0.16037825472868178,0.03599039051197429
4,MN0620900,"St. Paul, MN",robbery,-0.07056587126363142,-0.07270902662994923,0.036032063575606656
5,MN0620900,"St. Paul, MN",robbery,-0.006666007958024384,0.038261380394691,0.03599039051197429
6,MN0620900,"St. Paul, MN",robbery,0.022721889338011475,0.07571090529618538,0.03608684352873941
7,MN0620900,"St. Paul, MN",robbery,0.04369013349377921,0.08612187154310877,0.03592013614591759
8,MN0620900,"St. Paul, MN",robbery,0.06242505534559063,0.12306321530126313,0.03608684352873941
9,MN0620900,"St. Paul, MN",robbery,0.05616031175072153,0.12305266868473975,0.03599039051197429
10,MN0620900,"St. Paul, MN",robbery,0.041594484547410396,0.043396624190051025,0.036032063575606656
11,MN0620900,"St. Paul, MN",robbery,0.05098107485514673,-0.030248196790647223,0.03599039051197429
12,MN0620900,"St. Paul, MN",robbery,0.05056456427533197,-0.038385319252243304,0.03608684352873941
1,MN0690600,"Duluth, MN",robbery,-0.014718746777558186,-0.020275272658191585,0.050373131858676055
2,MN0690600,"Duluth, MN",robbery,-0.10674012224271302,-0.1113357396266946,0.050430230316766383
3,MN0690600,"Duluth, MN",robbery,-0.12944676536406494,-0.13011653044628146,0.050458284252283415
4,MN0690600,"Duluth, MN",robbery,-0.07056587126363142,-0.09329814445374512,0.05046704122793116
5,MN0690600,"Duluth, MN",robbery,-0.006666007958024384,-0.04843310035415968,0.05045828425228342
6,MN0690600,"Duluth, MN",robbery,0.022721889338011475,0.009461800306449874,0.050430230316766383
7,MN0690600,"Duluth, MN",robbery,0.04369013349377921,0.07706587728938216,0.050373131858676055
8,MN0690600,"Duluth, MN",robbery,0.06242505534559063,0.09847311798186961,0.050430230316766383
9,MN0690600,"Duluth, MN",robbery,0.05616031175072153,0.060463304170265915,0.05045828425228342
10,MN0690600,"Duluth, MN",robbery,0.041594484547410396,0.036507539822554544,0.05046704122793116
11,MN0690600,"Duluth, MN",robbery,0.05098107485514673,0.06129572199898463,0.05045828425228342
12,MN0690600,"Duluth, MN",robbery,0.05056456427533197,0.060191425969565754,0.050430230316766383
1,MN0730400,"St. Cloud, MN",robbery,-0.014718746777558186,-0.03498935432733511,0.050647506388499186
2,MN0730400,"St. Cloud, MN",robbery,-0.10674012224271302,-0.09532329081779867,0.05069757455640538
3,MN0730400,"St. Cloud, MN",robbery,-0.12944676536406494,-0.125952242014498,0.05066701858303106
4,MN0730400,"St. Cloud, MN",robbery,-0.07056587126363142,-0.07622757022518936,0.0506840825122892
5,MN0730400,"St. Cloud, MN",robbery,-0.006666007958024384,-0.002152054797144256,0.05066701858303107
6,MN0730400,"St. Cloud, MN",robbery,0.022721889338011475,0.020491751474541107,0.05069757455640538
7,MN0730400,"St. Cloud, MN",robbery,0.04369013349377921,0.0202266384280571,0.050647506388499186
8,MN0730400,"St. Cloud, MN",robbery,0.06242505534559063,0.058461250195332715,0.05069757455640538
9,MN0730400,"St. Cloud, MN",robbery,0.05616031175072153,0.10385291729131009,0.05066701858303107
10,MN0730400,"St. Cloud, MN",robbery,0.041594484547410396,0.0909902861244674,0.0506840825122892
11,MN0730400,"St. Cloud, MN",robbery,0.05098107485514673,0.03901409541961015,0.05066701858303106
12,MN0730400,"St. Cloud, MN",robbery,0.05056456427533197,0.0016075732486468285,0.050697574556405375
1,MN0821100,"Woodbury, MN",robbery,-0.014718746777558186,3.6062596027323766e-4,0.05353287877117964
2,MN0821100,"Woodbury, MN",robbery,-0.10674012224271302,-0.09611076510103383,0.05355362737023663
3,MN0821100,"Woodbury, MN",robbery,-0.12944676536406494,-0.13628287709318151,0.053554480565504194
4,MN0821100,"Woodbury, MN",robbery,-0.07056587126363142,-0.08711327955069495,0.05356519143931732
5,MN0821100,"Woodbury, MN",robbery,-0.006666007958024384,-0.01790829793774875,0.05355448056550421
6,MN0821100,"Woodbury, MN",robbery,0.022721889338011475,0.021444297972928385,0.05355362737023663
7,MN0821100,"Woodbury, MN",robbery,0.04369013349377921,0.049291455056279854,0.05353287877117963
8,MN0821100,"Woodbury, MN",robbery,0.06242505534559063,0.07134197789482671,0.05355362737023664
9,MN0821100,"Woodbury, MN",robbery,0.05616031175072153,0.06186200887042133,0.05355448056550421
10,MN0821100,"Woodbury, MN",robbery,0.041594484547410396,0.03746119853414186,0.05356519143931732
11,MN0821100,"Woodbury, MN",robbery,0.05098107485514673,0.04267708514395583,0.053554480565504194
12,MN0821100,"Woodbury, MN",robbery,0.05056456427533197,0.05297657024983184,0.05355362737023663
1,MN0860000,"Wright, MN",robbery,-0.014718746777558186,-0.004016218760263658,0.0546062210349573
2,MN0860000,"Wright, MN",robbery,-0.10674012224271302,-0.10143211564590857,0.05461565274022684
3,MN0860000,"Wright, MN",robbery,-0.12944676536406494,-0.14102717780505408,0.05461411850323069
4,MN0860000,"Wright, MN",robbery,-0.07056587126363142,-0.08003941082574685,0.05461553410380994
5,MN0860000,"Wright, MN",robbery,-0.006666007958024384,0.0017806210067636814,0.054614118503230696
6,MN0860000,"Wright, MN",robbery,0.022721889338011475,0.032378395503006016,0.05461565274022684
7,MN0860000,"Wright, MN",robbery,0.04369013349377921,0.03693625445910941,0.05460622103495729
8,MN0860000,"Wright, MN",robbery,0.06242505534559063,0.05231426462456453,0.054615652740226846
9,MN0860000,"Wright, MN",robbery,0.05616031175072153,0.0589892910848643,0.0546141185032307
10,MN0860000,"Wright, MN",robbery,0.041594484547410396,0.04711937512690109,0.05461553410380994
11,MN0860000,"Wright, MN",robbery,0.05098107485514673,0.04733723001458032,0.05461411850323069
12,MN0860000,"Wright, MN",robbery,0.05056456427533197,0.049659491217183785,0.05461565274022684
1,MO0100200,"Columbia, MO",robbery,-0.014718746777558186,-0.05513486955377181,0.048536782599581524
2,MO0100200,"Columbia, MO",robbery,-0.10674012224271302,-0.13307078487539661,0.04864849515853922
3,MO0100200,"Columbia, MO",robbery,-0.12944676536406494,-0.14782580910868956,0.04861525493371669
4,MO0100200,"Columbia, MO",robbery,-0.07056587126363142,-0.08721524762333054,0.048618156907170716
5,MO0100200,"Columbia, MO",robbery,-0.006666007958024384,0.005448166828858811,0.0486152549337167
6,MO0100200,"Columbia, MO",robbery,0.022721889338011475,0.06347535633127398,0.04864849515853922
7,MO0100200,"Columbia, MO",robbery,0.04369013349377921,0.06218188452344561,0.04853678259958152
8,MO0100200,"Columbia, MO",robbery,0.06242505534559063,0.041194940478193984,0.04864849515853922
9,MO0100200,"Columbia, MO",robbery,0.05616031175072153,0.04890294974181312,0.0486152549337167
10,MO0100200,"Columbia, MO",robbery,0.041594484547410396,0.08016823265365672,0.048618156907170716
11,MO0100200,"Columbia, MO",robbery,0.05098107485514673,0.08642767756834377,0.04861525493371669
12,MO0100200,"Columbia, MO",robbery,0.05056456427533197,0.03544750303560253,0.04864849515853922
1,MO0110100,"St Joseph, MO",robbery,-0.014718746777558186,-0.007359567103816681,0.04971568637188465
2,MO0110100,"St Joseph, MO",robbery,-0.10674012224271302,-0.08034378377131891,0.049808877346791125
3,MO0110100,"St Joseph, MO",robbery,-0.12944676536406494,-0.12491829433530424,0.04979832237625792
4,MO0110100,"St Joseph, MO",robbery,-0.07056587126363142,-0.09209138195109078,0.04980729262441936
5,MO0110100,"St Joseph, MO",robbery,-0.006666007958024384,-0.026583298119643495,0.04979832237625793
6,MO0110100,"St Joseph, MO",robbery,0.022721889338011475,0.008206162450878723,0.049808877346791125
7,MO0110100,"St Joseph, MO",robbery,0.04369013349377921,0.023992484584393573,0.04971568637188464
8,MO0110100,"St Joseph, MO",robbery,0.06242505534559063,0.056304622224639174,0.04980887734679113
9,MO0110100,"St Joseph, MO",robbery,0.05616031175072153,0.08424621530804763,0.04979832237625793
10,MO0110100,"St Joseph, MO",robbery,0.041594484547410396,0.07545846447051388,0.04980729262441936
11,MO0110100,"St Joseph, MO",robbery,0.05098107485514673,0.05062245966632319,0.04979832237625792
12,MO0110100,"St Joseph, MO",robbery,0.05056456427533197,0.032465916576377915,0.049808877346791125
1,MO0390300,"Springfield, MO",robbery,-0.014718746777558186,-0.04987474460843608,0.03901442116050899
2,MO0390300,"Springfield, MO",robbery,-0.10674012224271302,-0.15286441006728163,0.03916560150231677
3,MO0390300,"Springfield, MO",robbery,-0.12944676536406494,-0.1472416913907611,0.03909694813151506
4,MO0390300,"Springfield, MO",robbery,-0.07056587126363142,-0.06285287697138378,0.03917391118561804
5,MO0390300,"Springfield, MO",robbery,-0.006666007958024384,0.006294519633697998,0.03909694813151507
6,MO0390300,"Springfield, MO",robbery,0.022721889338011475,0.03785876825238299,0.03916560150231677
7,MO0390300,"Springfield, MO",robbery,0.04369013349377921,0.05920815937523215,0.03901442116050899
8,MO0390300,"Springfield, MO",robbery,0.06242505534559063,0.06501961507633282,0.03916560150231678
9,MO0390300,"Springfield, MO",robbery,0.05616031175072153,0.0500634816330162,0.03909694813151507
10,MO0390300,"Springfield, MO",robbery,0.041594484547410396,0.05351946220458769,0.03917391118561804
11,MO0390300,"Springfield, MO",robbery,0.05098107485514673,0.08155027535725078,0.03909694813151506
12,MO0390300,"Springfield, MO",robbery,0.05056456427533197,0.059319441505361975,0.03916560150231677
1,MO0480100,"Blue Springs, MO",robbery,-0.014718746777558186,-0.03628496946714402,0.053522300877010986
2,MO0480100,"Blue Springs, MO",robbery,-0.10674012224271302,-0.10880508562657677,0.05354751982936775
3,MO0480100,"Blue Springs, MO",robbery,-0.12944676536406494,-0.11896385950844626,0.05354165989015586
4,MO0480100,"Blue Springs, MO",robbery,-0.07056587126363142,-0.06023605853703259,0.05354825215276486
5,MO0480100,"Blue Springs, MO",robbery,-0.006666007958024384,0.011044955156597855,0.053541659890155864
6,MO0480100,"Blue Springs, MO",robbery,0.022721889338011475,0.04580865013510628,0.05354751982936775
7,MO0480100,"Blue Springs, MO",robbery,0.04369013349377921,0.04571730075709191,0.05352230087701098
8,MO0480100,"Blue Springs, MO",robbery,0.06242505534559063,0.03731375252804982,0.05354751982936775
9,MO0480100,"Blue Springs, MO",robbery,0.05616031175072153,0.038040195119971414,0.05354165989015587
10,MO0480100,"Blue Springs, MO",robbery,0.041594484547410396,0.05080372724708469,0.05354825215276486
11,MO0480100,"Blue Springs, MO",robbery,0.05098107485514673,0.06044637794192906,0.05354165989015586
12,MO0480100,"Blue Springs, MO",robbery,0.05056456427533197,0.035115014253368604,0.05354751982936775
1,MO0480600,"Independence, MO",robbery,-0.014718746777558186,0.02343641059812553,0.046570140845200406
2,MO0480600,"Independence, MO",robbery,-0.10674012224271302,-0.038420646501800576,0.04668892241332166
3,MO0480600,"Independence, MO",robbery,-0.12944676536406494,-0.09310536838809189,0.046682536425679724
4,MO0480600,"Independence, MO",robbery,-0.07056587126363142,-0.08124252040424439,0.04671067394078653
5,MO0480600,"Independence, MO",robbery,-0.006666007958024384,-0.030740451609593544,0.04668253642567973
6,MO0480600,"Independence, MO",robbery,0.022721889338011475,0.004734568955743369,0.04668892241332166
7,MO0480600,"Independence, MO",robbery,0.04369013349377921,0.02665883961372436,0.046570140845200406
8,MO0480600,"Independence, MO",robbery,0.06242505534559063,0.05095591605091694,0.04668892241332166
9,MO0480600,"Independence, MO",robbery,0.05616031175072153,0.05554538772535838,0.04668253642567973
10,MO0480600,"Independence, MO",robbery,0.041594484547410396,0.031147270192394508,0.04671067394078653
11,MO0480600,"Independence, MO",robbery,0.05098107485514673,0.01820518206047715,0.046682536425679724
12,MO0480600,"Independence, MO",robbery,0.05056456427533197,0.032825411706990146,0.04668892241332166
1,MO0490700,"Joplin, MO",robbery,-0.014718746777558186,-0.046104651421274456,0.05026231533580567
2,MO0490700,"Joplin, MO",robbery,-0.10674012224271302,-0.15056859092431607,0.05036346337089795
3,MO0490700,"Joplin, MO",robbery,-0.12944676536406494,-0.14887048351638338,0.0503274522042657
4,MO0490700,"Joplin, MO",robbery,-0.07056587126363142,-0.0490205903011994,0.050326169480472104
5,MO0490700,"Joplin, MO",robbery,-0.006666007958024384,0.041956946967862944,0.05032745220426571
6,MO0490700,"Joplin, MO",robbery,0.022721889338011475,0.07471755860849338,0.05036346337089795
7,MO0490700,"Joplin, MO",robbery,0.04369013349377921,0.07694257765257895,0.05026231533580566
8,MO0490700,"Joplin, MO",robbery,0.06242505534559063,0.06171555968511789,0.05036346337089795
9,MO0490700,"Joplin, MO",robbery,0.05616031175072153,0.029179526045880706,0.05032745220426571
10,MO0490700,"Joplin, MO",robbery,0.041594484547410396,0.018182664069894904,0.050326169480472104
11,MO0490700,"Joplin, MO",robbery,0.05098107485514673,0.046896084271335195,0.0503274522042657
12,MO0490700,"Joplin, MO",robbery,0.05056456427533197,0.044973398862009344,0.05036346337089795
1,MO0500000,"Jefferson, MO",robbery,-0.014718746777558186,-0.011950858074252247,0.053364640308621106
2,MO0500000,"Jefferson, MO",robbery,-0.10674012224271302,-0.11890166037055667,0.053381010372598986
3,MO0500000,"Jefferson, MO",robbery,-0.12944676536406494,-0.15382081378325482,0.05338952807623009
4,MO0500000,"Jefferson, MO",robbery,-0.07056587126363142,-0.08096308314497618,0.053390097310418126
5,MO0500000,"Jefferson, MO",robbery,-0.006666007958024384,4.4531931925023043e-4,0.0533895280762301
6,MO0500000,"Jefferson, MO",robbery,0.022721889338011475,0.021902322071546524,0.053381010372598986
7,MO0500000,"Jefferson, MO",robbery,0.04369013349377921,0.03033385660146693,0.0533646403086211
8,MO0500000,"Jefferson, MO",robbery,0.06242505534559063,0.06344081142255235,0.053381010372598986
9,MO0500000,"Jefferson, MO",robbery,0.05616031175072153,0.07997696630803583,0.053389528076230104
10,MO0500000,"Jefferson, MO",robbery,0.041594484547410396,0.06258008461776149,0.053390097310418126
11,MO0500000,"Jefferson, MO",robbery,0.05098107485514673,0.05501552962875405,0.05338952807623009
12,MO0500000,"Jefferson, MO",robbery,0.05056456427533197,0.051941525403672494,0.053381010372598986
1,MO0920100,"O'Fallon, MO",robbery,-0.014718746777558186,-0.02045623844313281,0.054356162841185295
2,MO0920100,"O'Fallon, MO",robbery,-0.10674012224271302,-0.12503558915663543,0.05437368788583547
3,MO0920100,"O'Fallon, MO",robbery,-0.12944676536406494,-0.14408831231407715,0.05437503080906746
4,MO0920100,"O'Fallon, MO",robbery,-0.07056587126363142,-0.07844998031587519,0.05438378590192179
5,MO0920100,"O'Fallon, MO",robbery,-0.006666007958024384,-0.016505013552698983,0.05437503080906747
6,MO0920100,"O'Fallon, MO",robbery,0.022721889338011475,0.013863555252745288,0.05437368788583547
7,MO0920100,"O'Fallon, MO",robbery,0.04369013349377921,0.048005706643486294,0.05435616284118529
8,MO0920100,"O'Fallon, MO",robbery,0.06242505534559063,0.07797420240777343,0.05437368788583547
9,MO0920100,"O'Fallon, MO",robbery,0.05616031175072153,0.06947745736486169,0.05437503080906747
10,MO0920100,"O'Fallon, MO",robbery,0.041594484547410396,0.0509005121155217,0.05438378590192179
11,MO0920100,"O'Fallon, MO",robbery,0.05098107485514673,0.06356640030156092,0.05437503080906746
12,MO0920100,"O'Fallon, MO",robbery,0.05056456427533197,0.06074729969647023,0.05437368788583547
1,MO0920300,"St Charles, MO",robbery,-0.014718746777558186,-0.028350861469845157,0.05276214959651536
2,MO0920300,"St Charles, MO",robbery,-0.10674012224271302,-0.12022944153401621,0.05279222919159743
3,MO0920300,"St Charles, MO",robbery,-0.12944676536406494,-0.13946215574421902,0.05280043625541165
4,MO0920300,"St Charles, MO",robbery,-0.07056587126363142,-0.08910618802651263,0.05280943273610691
5,MO0920300,"St Charles, MO",robbery,-0.006666007958024384,-0.02643987770234097,0.052800436255411656
6,MO0920300,"St Charles, MO",robbery,0.022721889338011475,0.02499842871081037,0.05279222919159743
7,MO0920300,"St Charles, MO",robbery,0.04369013349377921,0.06634648141428037,0.05276214959651535
8,MO0920300,"St Charles, MO",robbery,0.06242505534559063,0.07936470021885862,0.05279222919159743
9,MO0920300,"St Charles, MO",robbery,0.05616031175072153,0.060601794484626194,0.052800436255411656
10,MO0920300,"St Charles, MO",robbery,0.041594484547410396,0.051110568082077396,0.05280943273610691
11,MO0920300,"St Charles, MO",robbery,0.05098107485514673,0.06730461901749853,0.05280043625541165
12,MO0920300,"St Charles, MO",robbery,0.05056456427533197,0.05386193254878252,0.05279222919159743
1,MO0920400,"St Peters, MO",robbery,-0.014718746777558186,-0.01485873802365746,0.05400134905029664
2,MO0920400,"St Peters, MO",robbery,-0.10674012224271302,-0.10446594094857319,0.05401196728328003
3,MO0920400,"St Peters, MO",robbery,-0.12944676536406494,-0.1150724635168842,0.05400476944044364
4,MO0920400,"St Peters, MO",robbery,-0.07056587126363142,-0.054490393313412155,0.054008521986453305
5,MO0920400,"St Peters, MO",robbery,-0.006666007958024384,-0.0044618835884837945,0.05400476944044364
6,MO0920400,"St Peters, MO",robbery,0.022721889338011475,0.011049699487744315,0.05401196728328003
7,MO0920400,"St Peters, MO",robbery,0.04369013349377921,0.02754237773941894,0.054001349050296625
8,MO0920400,"St Peters, MO",robbery,0.06242505534559063,0.04651268439038911,0.05401196728328003
9,MO0920400,"St Peters, MO",robbery,0.05616031175072153,0.04443556724293865,0.05400476944044365
10,MO0920400,"St Peters, MO",robbery,0.041594484547410396,0.04180675359765067,0.054008521986453305
11,MO0920400,"St Peters, MO",robbery,0.05098107485514673,0.06241514014666783,0.05400476944044364
12,MO0920400,"St Peters, MO",robbery,0.05056456427533197,0.05958719678620128,0.05401196728328003
1,MO0950000,"St Louis, MO",robbery,-0.014718746777558186,0.007814777097867884,0.039301874810325564
2,MO0950000,"St Louis, MO",robbery,-0.10674012224271302,-0.08274608229306703,0.03943049856055783
3,MO0950000,"St Louis, MO",robbery,-0.12944676536406494,-0.16309831043466252,0.03945965561457791
4,MO0950000,"St Louis, MO",robbery,-0.07056587126363142,-0.12792642453071035,0.0395283419533463
5,MO0950000,"St Louis, MO",robbery,-0.006666007958024384,-0.0184305303432668,0.03945965561457792
6,MO0950000,"St Louis, MO",robbery,0.022721889338011475,0.05283895119510905,0.03943049856055783
7,MO0950000,"St Louis, MO",robbery,0.04369013349377921,0.07047813593707775,0.03930187481032556
8,MO0950000,"St Louis, MO",robbery,0.06242505534559063,0.08431450797931961,0.03943049856055783
9,MO0950000,"St Louis, MO",robbery,0.05616031175072153,0.08637382308596953,0.03945965561457792
10,MO0950000,"St Louis, MO",robbery,0.041594484547410396,0.049633511495764726,0.0395283419533463
11,MO0950000,"St Louis, MO",robbery,0.05098107485514673,0.016862104657014182,0.03945965561457792
12,MO0950000,"St Louis, MO",robbery,0.05056456427533197,0.023885536153583995,0.03943049856055783
1,MOKPD0000,"Kansas City, MO",robbery,-0.014718746777558186,-0.07108983045694546,0.030617895769075195
2,MOKPD0000,"Kansas City, MO",robbery,-0.10674012224271302,-0.14243049379886047,0.03070314101718676
3,MOKPD0000,"Kansas City, MO",robbery,-0.12944676536406494,-0.1647560422848266,0.03065957033878554
4,MOKPD0000,"Kansas City, MO",robbery,-0.07056587126363142,-0.08410053239384732,0.030680635346253475
5,MOKPD0000,"Kansas City, MO",robbery,-0.006666007958024384,0.022417046523054762,0.030659570338785545
6,MOKPD0000,"Kansas City, MO",robbery,0.022721889338011475,0.07760831139650634,0.03070314101718676
7,MOKPD0000,"Kansas City, MO",robbery,0.04369013349377921,0.10801383963208591,0.03061789576907519
8,MOKPD0000,"Kansas City, MO",robbery,0.06242505534559063,0.14061845294482833,0.03070314101718676
9,MOKPD0000,"Kansas City, MO",robbery,0.05616031175072153,0.12601999225565408,0.030659570338785545
10,MOKPD0000,"Kansas City, MO",robbery,0.041594484547410396,0.0471765232187069,0.030680635346253475
11,MOKPD0000,"Kansas City, MO",robbery,0.05098107485514673,-0.020605005669022694,0.030659570338785542
12,MOKPD0000,"Kansas City, MO",robbery,0.05056456427533197,-0.038872261367333766,0.030703141017186755
1,MOSPD0000,"St Louis, MO",robbery,-0.014718746777558186,-0.07527884459795313,0.03180687385302573
2,MOSPD0000,"St Louis, MO",robbery,-0.10674012224271302,-0.21441534349175784,0.031907271677335786
3,MOSPD0000,"St Louis, MO",robbery,-0.12944676536406494,-0.23827294041501726,0.031921248775141284
4,MOSPD0000,"St Louis, MO",robbery,-0.07056587126363142,-0.12580444168527413,0.03192976769380835
5,MOSPD0000,"St Louis, MO",robbery,-0.006666007958024384,0.007286178019987526,0.031921248775141284
6,MOSPD0000,"St Louis, MO",robbery,0.022721889338011475,0.06820195199719907,0.031907271677335786
7,MOSPD0000,"St Louis, MO",robbery,0.04369013349377921,0.08144927281297017,0.03180687385302573
8,MOSPD0000,"St Louis, MO",robbery,0.06242505534559063,0.09835544070730079,0.031907271677335786
9,MOSPD0000,"St Louis, MO",robbery,0.05616031175072153,0.11604260941554312,0.031921248775141284
10,MOSPD0000,"St Louis, MO",robbery,0.041594484547410396,0.11963401347025707,0.03192976769380835
11,MOSPD0000,"St Louis, MO",robbery,0.05098107485514673,0.10877372476446948,0.031921248775141284
12,MOSPD0000,"St Louis, MO",robbery,0.05056456427533197,0.05402837900227515,0.031907271677335786
1,MS0170100,"Southaven, MS",robbery,-0.014718746777558186,-1.4392141297037576e-4,0.05199807281665068
2,MS0170100,"Southaven, MS",robbery,-0.10674012224271302,-0.10129785725875196,0.0520749304336944
3,MS0170100,"Southaven, MS",robbery,-0.12944676536406494,-0.12387349023223863,0.05207880902316841
4,MS0170100,"Southaven, MS",robbery,-0.07056587126363142,-0.06457272727858271,0.052053193080504094
5,MS0170100,"Southaven, MS",robbery,-0.006666007958024384,0.009220659753233443,0.05207880902316842
6,MS0170100,"Southaven, MS",robbery,0.022721889338011475,0.04872555735054537,0.0520749304336944
7,MS0170100,"Southaven, MS",robbery,0.04369013349377921,0.046224802634481865,0.05199807281665066
8,MS0170100,"Southaven, MS",robbery,0.06242505534559063,0.014529932706566141,0.0520749304336944
9,MS0170100,"Southaven, MS",robbery,0.05616031175072153,-0.008975315541458695,0.05207880902316842
10,MS0170100,"Southaven, MS",robbery,0.041594484547410396,0.018491846057071205,0.052053193080504094
11,MS0170100,"Southaven, MS",robbery,0.05098107485514673,0.07754726479895235,0.05207880902316841
12,MS0170100,"Southaven, MS",robbery,0.05056456427533197,0.084123248423152,0.0520749304336944
1,MT0070100,"Great Falls, MT",robbery,-0.014718746777558186,-0.0482736123511327,0.05251290740093204
2,MT0070100,"Great Falls, MT",robbery,-0.10674012224271302,-0.1336516822818674,0.052534416126105654
3,MT0070100,"Great Falls, MT",robbery,-0.12944676536406494,-0.14574992361491024,0.05249877617272041
4,MT0070100,"Great Falls, MT",robbery,-0.07056587126363142,-0.06262127155293011,0.05249901368678403
5,MT0070100,"Great Falls, MT",robbery,-0.006666007958024384,0.02538446315735734,0.05249877617272042
6,MT0070100,"Great Falls, MT",robbery,0.022721889338011475,0.05171041189601715,0.052534416126105654
7,MT0070100,"Great Falls, MT",robbery,0.04369013349377921,0.051812381747468314,0.052512907400932035
8,MT0070100,"Great Falls, MT",robbery,0.06242505534559063,0.06734357355017437,0.052534416126105654
9,MT0070100,"Great Falls, MT",robbery,0.05616031175072153,0.07590304548688159,0.052498776172720425
10,MT0070100,"Great Falls, MT",robbery,0.041594484547410396,0.059082502156594496,0.05249901368678403
11,MT0070100,"Great Falls, MT",robbery,0.05098107485514673,0.04092364557433566,0.05249877617272041
12,MT0070100,"Great Falls, MT",robbery,0.05056456427533197,0.018136466232011546,0.052534416126105654
1,MT0160100,"Bozeman, MT",robbery,-0.014718746777558186,-0.023750636262040315,0.054171983784581004
2,MT0160100,"Bozeman, MT",robbery,-0.10674012224271302,-0.12773084814378044,0.054187910090966344
3,MT0160100,"Bozeman, MT",robbery,-0.12944676536406494,-0.13902734506150766,0.054185031974337945
4,MT0160100,"Bozeman, MT",robbery,-0.07056587126363142,-0.06702762226629974,0.05419451950839955
5,MT0160100,"Bozeman, MT",robbery,-0.006666007958024384,-0.009445880468642347,0.054185031974337945
6,MT0160100,"Bozeman, MT",robbery,0.022721889338011475,0.010368282275819807,0.054187910090966344
7,MT0160100,"Bozeman, MT",robbery,0.04369013349377921,0.03944725109229341,0.054171983784581
8,MT0160100,"Bozeman, MT",robbery,0.06242505534559063,0.07217459683056751,0.054187910090966344
9,MT0160100,"Bozeman, MT",robbery,0.05616031175072153,0.06777447891804163,0.05418503197433795
10,MT0160100,"Bozeman, MT",robbery,0.041594484547410396,0.05133100743604664,0.05419451950839955
11,MT0160100,"Bozeman, MT",robbery,0.05098107485514673,0.06500213178185522,0.054185031974337945
12,MT0160100,"Bozeman, MT",robbery,0.05056456427533197,0.06088458386764625,0.054187910090966344
1,MT0320100,"Missoula, MT",robbery,-0.014718746777558186,-0.05575306792862028,0.05123494615150852
2,MT0320100,"Missoula, MT",robbery,-0.10674012224271302,-0.12822662225195644,0.051280223950435126
3,MT0320100,"Missoula, MT",robbery,-0.12944676536406494,-0.10269451450942893,0.05125312074069318
4,MT0320100,"Missoula, MT",robbery,-0.07056587126363142,-0.020188461161638825,0.05126969736056293
5,MT0320100,"Missoula, MT",robbery,-0.006666007958024384,0.017797059693826396,0.05125312074069319
6,MT0320100,"Missoula, MT",robbery,0.022721889338011475,0.02047115097018329,0.051280223950435126
7,MT0320100,"Missoula, MT",robbery,0.04369013349377921,0.05278691197354469,0.05123494615150851
8,MT0320100,"Missoula, MT",robbery,0.06242505534559063,0.08778375652089296,0.051280223950435126
9,MT0320100,"Missoula, MT",robbery,0.05616031175072153,0.06521780473344108,0.05125312074069319
10,MT0320100,"Missoula, MT",robbery,0.041594484547410396,0.023154617116714415,0.05126969736056293
11,MT0320100,"Missoula, MT",robbery,0.05098107485514673,0.02264580603723702,0.05125312074069318
12,MT0320100,"Missoula, MT",robbery,0.05056456427533197,0.01700555880580462,0.051280223950435126
1,MT0560100,"Billings, MT",robbery,-0.014718746777558186,-0.06268802510736249,0.04568611100820136
2,MT0560100,"Billings, MT",robbery,-0.10674012224271302,-0.10322747339929672,0.04577960461230939
3,MT0560100,"Billings, MT",robbery,-0.12944676536406494,-0.12542065679315556,0.04573849860136658
4,MT0560100,"Billings, MT",robbery,-0.07056587126363142,-0.1098763377923628,0.04578633533177254
5,MT0560100,"Billings, MT",robbery,-0.006666007958024384,-0.018774531549890387,0.045738498601366584
6,MT0560100,"Billings, MT",robbery,0.022721889338011475,0.07910369075548862,0.04577960461230939
7,MT0560100,"Billings, MT",robbery,0.04369013349377921,0.07874410790331618,0.045686111008201344
8,MT0560100,"Billings, MT",robbery,0.06242505534559063,0.0187365514069448,0.04577960461230939
9,MT0560100,"Billings, MT",robbery,0.05616031175072153,0.02487365200484993,0.045738498601366584
10,MT0560100,"Billings, MT",robbery,0.041594484547410396,0.09382025499640909,0.04578633533177254
11,MT0560100,"Billings, MT",robbery,0.05098107485514673,0.10326545354224226,0.04573849860136658
12,MT0560100,"Billings, MT",robbery,0.05056456427533197,0.021443314032817115,0.04577960461230939
1,NB0280000,"Douglas, NE",robbery,-0.014718746777558186,-0.02375916128194189,0.05439951618209177
2,NB0280000,"Douglas, NE",robbery,-0.10674012224271302,-0.1172731702285567,0.05440837150332656
3,NB0280000,"Douglas, NE",robbery,-0.12944676536406494,-0.1321403095567679,0.054405195276850844
4,NB0280000,"Douglas, NE",robbery,-0.07056587126363142,-0.06385819319011721,0.0544087130079267
5,NB0280000,"Douglas, NE",robbery,-0.006666007958024384,0.0016141922813812531,0.05440519527685085
6,NB0280000,"Douglas, NE",robbery,0.022721889338011475,0.023671648835030364,0.05440837150332656
7,NB0280000,"Douglas, NE",robbery,0.04369013349377921,0.03676361128100776,0.05439951618209175
8,NB0280000,"Douglas, NE",robbery,0.06242505534559063,0.05568406500174266,0.054408371503326565
9,NB0280000,"Douglas, NE",robbery,0.05616031175072153,0.05754675433088797,0.05440519527685086
10,NB0280000,"Douglas, NE",robbery,0.041594484547410396,0.05085374319105133,0.0544087130079267
11,NB0280000,"Douglas, NE",robbery,0.05098107485514673,0.05997491294543275,0.05440519527685085
12,NB0280000,"Douglas, NE",robbery,0.05056456427533197,0.05092190639084959,0.05440837150332656
1,NB0280200,"Omaha, NE",robbery,-0.014718746777558186,-0.016763799118289388,0.03740043860484509
2,NB0280200,"Omaha, NE",robbery,-0.10674012224271302,-0.1604491976556861,0.03748907094059224
3,NB0280200,"Omaha, NE",robbery,-0.12944676536406494,-0.20275146718392317,0.03753935452348021
4,NB0280200,"Omaha, NE",robbery,-0.07056587126363142,-0.09149383953389865,0.03750156889154248
5,NB0280200,"Omaha, NE",robbery,-0.006666007958024384,0.019437810968335825,0.03753935452348021
6,NB0280200,"Omaha, NE",robbery,0.022721889338011475,0.03685742229564227,0.03748907094059224
7,NB0280200,"Omaha, NE",robbery,0.04369013349377921,0.046622687998053795,0.037400438604845085
8,NB0280200,"Omaha, NE",robbery,0.06242505534559063,0.09864991701797632,0.03748907094059224
9,NB0280200,"Omaha, NE",robbery,0.05616031175072153,0.11109329766644904,0.037539354523480215
10,NB0280200,"Omaha, NE",robbery,0.041594484547410396,0.061634950654134275,0.03750156889154248
11,NB0280200,"Omaha, NE",robbery,0.05098107485514673,0.04236146966937389,0.03753935452348021
12,NB0280200,"Omaha, NE",robbery,0.05056456427533197,0.054800747221831904,0.03748907094059224
1,NB0400100,"Grand Island, NE",robbery,-0.014718746777558186,-0.025658779165336664,0.05317893761750796
2,NB0400100,"Grand Island, NE",robbery,-0.10674012224271302,-0.12442554903112364,0.053195371590246725
3,NB0400100,"Grand Island, NE",robbery,-0.12944676536406494,-0.14804000954199306,0.05319521296143347
4,NB0400100,"Grand Island, NE",robbery,-0.07056587126363142,-0.07482584018885574,0.05319871883552533
5,NB0400100,"Grand Island, NE",robbery,-0.006666007958024384,-0.0020833553456832744,0.05319521296143348
6,NB0400100,"Grand Island, NE",robbery,0.022721889338011475,0.01835738904808205,0.053195371590246725
7,NB0400100,"Grand Island, NE",robbery,0.04369013349377921,0.03741057284804286,0.05317893761750795
8,NB0400100,"Grand Island, NE",robbery,0.06242505534559063,0.0780082216841351,0.053195371590246725
9,NB0400100,"Grand Island, NE",robbery,0.05616031175072153,0.08987088851229834,0.05319521296143348
10,NB0400100,"Grand Island, NE",robbery,0.041594484547410396,0.06307404650614955,0.05319871883552533
11,NB0400100,"Grand Island, NE",robbery,0.05098107485514673,0.048500682692671764,0.05319521296143347
12,NB0400100,"Grand Island, NE",robbery,0.05056456427533197,0.0398117319816127,0.05319537159024672
1,NB0550100,"Lincoln, NE",robbery,-0.014718746777558186,-0.12466889042582853,0.043758831823265995
2,NB0550100,"Lincoln, NE",robbery,-0.10674012224271302,-0.12093752953364993,0.04384666226477373
3,NB0550100,"Lincoln, NE",robbery,-0.12944676536406494,-0.08593010263848026,0.04376632912355135
4,NB0550100,"Lincoln, NE",robbery,-0.07056587126363142,-0.06575870505344922,0.04367671614970552
5,NB0550100,"Lincoln, NE",robbery,-0.006666007958024384,-0.037806516501746996,0.04376632912355135
6,NB0550100,"Lincoln, NE",robbery,0.022721889338011475,0.030277579463799255,0.04384666226477373
7,NB0550100,"Lincoln, NE",robbery,0.04369013349377921,0.10319702265977469,0.04375883182326599
8,NB0550100,"Lincoln, NE",robbery,0.06242505534559063,0.12943147344208272,0.04384666226477373
9,NB0550100,"Lincoln, NE",robbery,0.05616031175072153,0.11589591431296688,0.043766329123551356
10,NB0550100,"Lincoln, NE",robbery,0.041594484547410396,0.08723057281950301,0.04367671614970552
11,NB0550100,"Lincoln, NE",robbery,0.05098107485514673,0.02931257259331411,0.04376632912355135
12,NB0550100,"Lincoln, NE",robbery,0.05056456427533197,-0.06024339113828576,0.043846662264773725
1,NB0770000,"Sarpy, NE",robbery,-0.014718746777558186,-0.012674909891794017,0.054489243265370475
2,NB0770000,"Sarpy, NE",robbery,-0.10674012224271302,-0.1125755941466805,0.05450191711566706
3,NB0770000,"Sarpy, NE",robbery,-0.12944676536406494,-0.1333191887338711,0.054501156929376765
4,NB0770000,"Sarpy, NE",robbery,-0.07056587126363142,-0.06283755134201777,0.05449894562042836
5,NB0770000,"Sarpy, NE",robbery,-0.006666007958024384,0.007164658822201692,0.05450115692937677
6,NB0770000,"Sarpy, NE",robbery,0.022721889338011475,0.02890331380753114,0.05450191711566706
7,NB0770000,"Sarpy, NE",robbery,0.04369013349377921,0.03769686818785796,0.05448924326537047
8,NB0770000,"Sarpy, NE",robbery,0.06242505534559063,0.051057516048940155,0.05450191711566706
9,NB0770000,"Sarpy, NE",robbery,0.05616031175072153,0.04677915234006683,0.05450115692937677
10,NB0770000,"Sarpy, NE",robbery,0.041594484547410396,0.03781559304595382,0.05449894562042836
11,NB0770000,"Sarpy, NE",robbery,0.05098107485514673,0.054353419275538606,0.054501156929376765
12,NB0770000,"Sarpy, NE",robbery,0.05056456427533197,0.05763672258627317,0.054501917115667056
1,NB0770100,"Bellevue, NE",robbery,-0.014718746777558186,-0.02606288410492754,0.05349567295851754
2,NB0770100,"Bellevue, NE",robbery,-0.10674012224271302,-0.11203346539465717,0.053514380967347265
3,NB0770100,"Bellevue, NE",robbery,-0.12944676536406494,-0.1337181750718248,0.05351774224429554
4,NB0770100,"Bellevue, NE",robbery,-0.07056587126363142,-0.08066548081428947,0.05352314287449693
5,NB0770100,"Bellevue, NE",robbery,-0.006666007958024384,-0.017103636649380187,0.05351774224429555
6,NB0770100,"Bellevue, NE",robbery,0.022721889338011475,0.015883349119610552,0.053514380967347265
7,NB0770100,"Bellevue, NE",robbery,0.04369013349377921,0.036307973238951456,0.05349567295851753
8,NB0770100,"Bellevue, NE",robbery,0.06242505534559063,0.05900017477293952,0.053514380967347265
9,NB0770100,"Bellevue, NE",robbery,0.05616031175072153,0.07043979531608321,0.05351774224429555
10,NB0770100,"Bellevue, NE",robbery,0.041594484547410396,0.07042039168026555,0.05352314287449693
11,NB0770100,"Bellevue, NE",robbery,0.05098107485514673,0.0701369272710978,0.05351774224429554
12,NB0770100,"Bellevue, NE",robbery,0.05056456427533197,0.047395030636131055,0.053514380967347265
1,NC0010100,"Burlington, NC",robbery,-0.014718746777558186,-0.045259533310899054,0.04862125609408952
2,NC0010100,"Burlington, NC",robbery,-0.10674012224271302,-0.15083613205878574,0.04873018932549515
3,NC0010100,"Burlington, NC",robbery,-0.12944676536406494,-0.14062483845450585,0.048706212410265834
4,NC0010100,"Burlington, NC",robbery,-0.07056587126363142,-0.052217782379037715,0.04870217065306888
5,NC0010100,"Burlington, NC",robbery,-0.006666007958024384,0.01251909564749472,0.04870621241026584
6,NC0010100,"Burlington, NC",robbery,0.022721889338011475,0.04031532453446795,0.04873018932549515
7,NC0010100,"Burlington, NC",robbery,0.04369013349377921,0.06419068652883828,0.04862125609408951
8,NC0010100,"Burlington, NC",robbery,0.06242505534559063,0.06674279156741438,0.04873018932549515
9,NC0010100,"Burlington, NC",robbery,0.05616031175072153,0.03760034474519527,0.04870621241026584
10,NC0010100,"Burlington, NC",robbery,0.041594484547410396,0.03328662916109848,0.04870217065306888
11,NC0010100,"Burlington, NC",robbery,0.05098107485514673,0.07157424484387659,0.048706212410265834
12,NC0010100,"Burlington, NC",robbery,0.05056456427533197,0.06270916917484272,0.04873018932549515
1,NC0110000,"Buncombe, NC",robbery,-0.014718746777558186,0.017951731444923416,0.05280923892741303
2,NC0110000,"Buncombe, NC",robbery,-0.10674012224271302,-0.07016822707989379,0.05284535004648764
3,NC0110000,"Buncombe, NC",robbery,-0.12944676536406494,-0.1249850587714835,0.052847309149101934
4,NC0110000,"Buncombe, NC",robbery,-0.07056587126363142,-0.08086096821942677,0.05284685207472251
5,NC0110000,"Buncombe, NC",robbery,-0.006666007958024384,-0.008038373234392826,0.05284730914910194
6,NC0110000,"Buncombe, NC",robbery,0.022721889338011475,0.017681314949442785,0.05284535004648764
7,NC0110000,"Buncombe, NC",robbery,0.04369013349377921,0.026292449681899418,0.05280923892741302
8,NC0110000,"Buncombe, NC",robbery,0.06242505534559063,0.05558184582063967,0.052845350046487646
9,NC0110000,"Buncombe, NC",robbery,0.05616031175072153,0.06615449638540657,0.05284730914910194
10,NC0110000,"Buncombe, NC",robbery,0.041594484547410396,0.03661678709260395,0.05284685207472251
11,NC0110000,"Buncombe, NC",robbery,0.05098107485514673,0.02262475449364691,0.052847309149101934
12,NC0110000,"Buncombe, NC",robbery,0.05056456427533197,0.041149247436634145,0.05284535004648764
1,NC0110100,"Asheville, NC",robbery,-0.014718746777558186,-0.047871967761874766,0.04445239358021709
2,NC0110100,"Asheville, NC",robbery,-0.10674012224271302,-0.13045656338481126,0.044519490951356565
3,NC0110100,"Asheville, NC",robbery,-0.12944676536406494,-0.15508299051401297,0.04452683935119348
4,NC0110100,"Asheville, NC",robbery,-0.07056587126363142,-0.09506175991200663,0.04453055313314468
5,NC0110100,"Asheville, NC",robbery,-0.006666007958024384,0.002842468721488414,0.04452683935119349
6,NC0110100,"Asheville, NC",robbery,0.022721889338011475,0.06949696124664048,0.044519490951356565
7,NC0110100,"Asheville, NC",robbery,0.04369013349377921,0.08231000573119784,0.04445239358021708
8,NC0110100,"Asheville, NC",robbery,0.06242505534559063,0.06814253564156889,0.044519490951356565
9,NC0110100,"Asheville, NC",robbery,0.05616031175072153,0.0583309248014475,0.04452683935119349
10,NC0110100,"Asheville, NC",robbery,0.041594484547410396,0.060623721942683555,0.04453055313314468
11,NC0110100,"Asheville, NC",robbery,0.05098107485514673,0.05947155902175393,0.04452683935119348
12,NC0110100,"Asheville, NC",robbery,0.05056456427533197,0.02725510446592506,0.044519490951356565
1,NC0130100,"Concord, NC",robbery,-0.014718746777558186,-0.004308002408269082,0.05183590775513515
2,NC0130100,"Concord, NC",robbery,-0.10674012224271302,-0.09999404051205803,0.05188060506212883
3,NC0130100,"Concord, NC",robbery,-0.12944676536406494,-0.12684544685233276,0.05187222604931845
4,NC0130100,"Concord, NC",robbery,-0.07056587126363142,-0.07160133719340286,0.051876707182222564
5,NC0130100,"Concord, NC",robbery,-0.006666007958024384,-0.00683261236864924,0.05187222604931846
6,NC0130100,"Concord, NC",robbery,0.022721889338011475,0.022357665770518044,0.05188060506212883
7,NC0130100,"Concord, NC",robbery,0.04369013349377921,0.03353586798531721,0.05183590775513514
8,NC0130100,"Concord, NC",robbery,0.06242505534559063,0.040756997059688535,0.05188060506212883
9,NC0130100,"Concord, NC",robbery,0.05616031175072153,0.038380537822915145,0.05187222604931846
10,NC0130100,"Concord, NC",robbery,0.041594484547410396,0.042373471616354734,0.051876707182222564
11,NC0130100,"Concord, NC",robbery,0.05098107485514673,0.0660696558210187,0.05187222604931845
12,NC0130100,"Concord, NC",robbery,0.05056456427533197,0.0661072432588996,0.05188060506212883
1,NC0130200,"Kannapolis, NC",robbery,-0.014718746777558186,-0.009707965029829343,0.052135800654919184
2,NC0130200,"Kannapolis, NC",robbery,-0.10674012224271302,-0.11400059641312715,0.05217355688562816
3,NC0130200,"Kannapolis, NC",robbery,-0.12944676536406494,-0.14971238410595042,0.052174923654100834
4,NC0130200,"Kannapolis, NC",robbery,-0.07056587126363142,-0.08595252228051085,0.052195510866934663
5,NC0130200,"Kannapolis, NC",robbery,-0.006666007958024384,0.0016247316910377185,0.05217492365410084
6,NC0130200,"Kannapolis, NC",robbery,0.022721889338011475,0.05232491632879242,0.05217355688562816
7,NC0130200,"Kannapolis, NC",robbery,0.04369013349377921,0.07231185283092643,0.05213580065491917
8,NC0130200,"Kannapolis, NC",robbery,0.06242505534559063,0.07054365139453984,0.05217355688562816
9,NC0130200,"Kannapolis, NC",robbery,0.05616031175072153,0.043651551286266015,0.05217492365410084
10,NC0130200,"Kannapolis, NC",robbery,0.041594484547410396,0.023348634479413755,0.052195510866934663
11,NC0130200,"Kannapolis, NC",robbery,0.05098107485514673,0.041832213327549564,0.052174923654100834
12,NC0130200,"Kannapolis, NC",robbery,0.05056456427533197,0.05373591649089202,0.05217355688562815
1,NC0320100,"Durham, NC",robbery,-0.014718746777558186,-6.941065413056238e-4,0.03451532030049667
2,NC0320100,"Durham, NC",robbery,-0.10674012224271302,-0.1406071487034737,0.0346572668047713
3,NC0320100,"Durham, NC",robbery,-0.12944676536406494,-0.14512667152786002,0.03462267291728013
4,NC0320100,"Durham, NC",robbery,-0.07056587126363142,-0.07111468228326182,0.034697781355830445
5,NC0320100,"Durham, NC",robbery,-0.006666007958024384,-0.04933685834857582,0.034622672917280134
6,NC0320100,"Durham, NC",robbery,0.022721889338011475,-0.04910457072428589,0.0346572668047713
7,NC0320100,"Durham, NC",robbery,0.04369013349377921,0.014025503543918292,0.034515320300496664
8,NC0320100,"Durham, NC",robbery,0.06242505534559063,0.0817341027311403,0.0346572668047713
9,NC0320100,"Durham, NC",robbery,0.05616031175072153,0.07292222855291394,0.034622672917280134
10,NC0320100,"Durham, NC",robbery,0.041594484547410396,0.057783285280649126,0.034697781355830445
11,NC0320100,"Durham, NC",robbery,0.05098107485514673,0.10820990432090917,0.03462267291728013
12,NC0320100,"Durham, NC",robbery,0.05056456427533197,0.12130901369923201,0.0346572668047713
1,NC0330100,"Rocky Mount, NC",robbery,-0.014718746777558186,-0.0012102796603648798,0.04724034577271185
2,NC0330100,"Rocky Mount, NC",robbery,-0.10674012224271302,-0.10795957205213312,0.04735690314753893
3,NC0330100,"Rocky Mount, NC",robbery,-0.12944676536406494,-0.13459352703189165,0.04734098450427218
4,NC0330100,"Rocky Mount, NC",robbery,-0.07056587126363142,-0.06692349452345463,0.047366104431150614
5,NC0330100,"Rocky Mount, NC",robbery,-0.006666007958024384,3.64169678986964e-4,0.04734098450427218
6,NC0330100,"Rocky Mount, NC",robbery,0.022721889338011475,0.022704879203344856,0.04735690314753893
7,NC0330100,"Rocky Mount, NC",robbery,0.04369013349377921,0.03779349155878928,0.04724034577271184
8,NC0330100,"Rocky Mount, NC",robbery,0.06242505534559063,0.05473155143138775,0.04735690314753893
9,NC0330100,"Rocky Mount, NC",robbery,0.05616031175072153,0.04478229451272191,0.04734098450427219
10,NC0330100,"Rocky Mount, NC",robbery,0.041594484547410396,0.03034028262503022,0.047366104431150614
11,NC0330100,"Rocky Mount, NC",robbery,0.05098107485514673,0.05286385094175836,0.04734098450427218
12,NC0330100,"Rocky Mount, NC",robbery,0.05056456427533197,0.06710635331582493,0.04735690314753893
1,NC0340000,"Forsyth, NC",robbery,-0.014718746777558186,-0.005252589385699666,0.052226893091164794
2,NC0340000,"Forsyth, NC",robbery,-0.10674012224271302,-0.11971426250306194,0.05230517649551261
3,NC0340000,"Forsyth, NC",robbery,-0.12944676536406494,-0.15049556871647712,0.05230734827243288
4,NC0340000,"Forsyth, NC",robbery,-0.07056587126363142,-0.08659270508565962,0.05227177007640471
5,NC0340000,"Forsyth, NC",robbery,-0.006666007958024384,-0.002243870247098211,0.05230734827243289
6,NC0340000,"Forsyth, NC",robbery,0.022721889338011475,0.043366901718061256,0.05230517649551261
7,NC0340000,"Forsyth, NC",robbery,0.04369013349377921,0.046287166474789934,0.05222689309116478
8,NC0340000,"Forsyth, NC",robbery,0.06242505534559063,0.027297575695326697,0.05230517649551262
9,NC0340000,"Forsyth, NC",robbery,0.05616031175072153,0.017044304819651593,0.05230734827243289
10,NC0340000,"Forsyth, NC",robbery,0.041594484547410396,0.04555812799656934,0.05227177007640471
11,NC0340000,"Forsyth, NC",robbery,0.05098107485514673,0.09466055705483342,0.052307348272432885
12,NC0340000,"Forsyth, NC",robbery,0.05056456427533197,0.09008436217876434,0.05230517649551262
1,NC0360600,"Gastonia, NC",robbery,-0.014718746777558186,0.00800935834820377,0.04549268631661525
2,NC0360600,"Gastonia, NC",robbery,-0.10674012224271302,-0.10702814040312977,0.045550113953129676
3,NC0360600,"Gastonia, NC",robbery,-0.12944676536406494,-0.1469549858300761,0.045604473018923994
4,NC0360600,"Gastonia, NC",robbery,-0.07056587126363142,-0.06458514004704045,0.045583921706886285
5,NC0360600,"Gastonia, NC",robbery,-0.006666007958024384,0.021136685036419137,0.04560447301892401
6,NC0360600,"Gastonia, NC",robbery,0.022721889338011475,0.03227179752258669,0.045550113953129676
7,NC0360600,"Gastonia, NC",robbery,0.04369013349377921,0.030231338546749094,0.045492686316615245
8,NC0360600,"Gastonia, NC",robbery,0.06242505534559063,0.056534579014578576,0.045550113953129676
9,NC0360600,"Gastonia, NC",robbery,0.05616031175072153,0.058220727546572065,0.04560447301892401
10,NC0360600,"Gastonia, NC",robbery,0.041594484547410396,0.026344443152087605,0.045583921706886285
11,NC0360600,"Gastonia, NC",robbery,0.05098107485514673,0.029356876352132025,0.045604473018923994
12,NC0360600,"Gastonia, NC",robbery,0.05056456427533197,0.056462460760917356,0.045550113953129676
1,NC0410000,"Guilford, NC",robbery,-0.014718746777558186,0.0015404681823275419,0.05157825977987341
2,NC0410000,"Guilford, NC",robbery,-0.10674012224271302,-0.08918859973640207,0.05161218144086566
3,NC0410000,"Guilford, NC",robbery,-0.12944676536406494,-0.13771812767715214,0.051614754608714807
4,NC0410000,"Guilford, NC",robbery,-0.07056587126363142,-0.07985692411514998,0.051613090952732456
5,NC0410000,"Guilford, NC",robbery,-0.006666007958024384,0.0028368748646967136,0.051614754608714807
6,NC0410000,"Guilford, NC",robbery,0.022721889338011475,0.02332628480563728,0.05161218144086566
7,NC0410000,"Guilford, NC",robbery,0.04369013349377921,0.02043893438227815,0.0515782597798734
8,NC0410000,"Guilford, NC",robbery,0.06242505534559063,0.05178271491121282,0.05161218144086566
9,NC0410000,"Guilford, NC",robbery,0.05616031175072153,0.07833284028735721,0.051614754608714813
10,NC0410000,"Guilford, NC",robbery,0.041594484547410396,0.05787752155054431,0.051613090952732456
11,NC0410000,"Guilford, NC",robbery,0.05098107485514673,0.03456900996049251,0.051614754608714807
12,NC0410000,"Guilford, NC",robbery,0.05056456427533197,0.03605900258415765,0.05161218144086566
1,NC0410300,"High Point, NC",robbery,-0.014718746777558186,0.05959428658989887,0.045472101915217375
2,NC0410300,"High Point, NC",robbery,-0.10674012224271302,-0.10374148605496007,0.045601166824752556
3,NC0410300,"High Point, NC",robbery,-0.12944676536406494,-0.21004460405841888,0.045674755412463824
4,NC0410300,"High Point, NC",robbery,-0.07056587126363142,-0.14151301287143714,0.04570337811554511
5,NC0410300,"High Point, NC",robbery,-0.006666007958024384,-0.022841007223689896,0.045674755412463824
6,NC0410300,"High Point, NC",robbery,0.022721889338011475,0.005612422975364125,0.045601166824752556
7,NC0410300,"High Point, NC",robbery,0.04369013349377921,0.0010971901223583507,0.04547210191521737
8,NC0410300,"High Point, NC",robbery,0.06242505534559063,0.05116944677597981,0.045601166824752556
9,NC0410300,"High Point, NC",robbery,0.05616031175072153,0.09678108806718139,0.045674755412463824
10,NC0410300,"High Point, NC",robbery,0.041594484547410396,0.08082153615917996,0.04570337811554511
11,NC0410300,"High Point, NC",robbery,0.05098107485514673,0.07541304650267015,0.045674755412463824
12,NC0410300,"High Point, NC",robbery,0.05056456427533197,0.10765109301587335,0.045601166824752556
1,NC0490000,"Iredell, NC",robbery,-0.014718746777558186,-0.011746373485016405,0.05396025937467384
2,NC0490000,"Iredell, NC",robbery,-0.10674012224271302,-0.08643532711784278,0.05397959113053411
3,NC0490000,"Iredell, NC",robbery,-0.12944676536406494,-0.10923150945435403,0.05397635158164608
4,NC0490000,"Iredell, NC",robbery,-0.07056587126363142,-0.06708426865269652,0.053976350590021274
5,NC0490000,"Iredell, NC",robbery,-0.006666007958024384,-0.0143787019223057,0.05397635158164608
6,NC0490000,"Iredell, NC",robbery,0.022721889338011475,0.015575945197411425,0.05397959113053411
7,NC0490000,"Iredell, NC",robbery,0.04369013349377921,0.03652948175861852,0.05396025937467383
8,NC0490000,"Iredell, NC",robbery,0.06242505534559063,0.052983008845659735,0.05397959113053411
9,NC0490000,"Iredell, NC",robbery,0.05616031175072153,0.050996082908568885,0.053976351581646084
10,NC0490000,"Iredell, NC",robbery,0.041594484547410396,0.04230116037909441,0.053976350590021274
11,NC0490000,"Iredell, NC",robbery,0.05098107485514673,0.04783102019448871,0.05397635158164608
12,NC0490000,"Iredell, NC",robbery,0.05056456427533197,0.042659481348373766,0.05397959113053411
1,NC0490100,"Mooresville, NC",robbery,-0.014718746777558186,-0.010445621687205463,0.05347979945732675
2,NC0490100,"Mooresville, NC",robbery,-0.10674012224271302,-0.10232963862230958,0.05349971568160859
3,NC0490100,"Mooresville, NC",robbery,-0.12944676536406494,-0.1337339327465149,0.053504958033657596
4,NC0490100,"Mooresville, NC",robbery,-0.07056587126363142,-0.09227596856159322,0.05351413164359502
5,NC0490100,"Mooresville, NC",robbery,-0.006666007958024384,-0.02923351363438533,0.0535049580336576
6,NC0490100,"Mooresville, NC",robbery,0.022721889338011475,0.023216727821301776,0.05349971568160859
7,NC0490100,"Mooresville, NC",robbery,0.04369013349377921,0.06127009724256191,0.053479799457326734
8,NC0490100,"Mooresville, NC",robbery,0.06242505534559063,0.07141170516358991,0.05349971568160859
9,NC0490100,"Mooresville, NC",robbery,0.05616031175072153,0.05199152373243879,0.05350495803365761
10,NC0490100,"Mooresville, NC",robbery,0.041594484547410396,0.04145149300623676,0.05351413164359502
11,NC0490100,"Mooresville, NC",robbery,0.05098107485514673,0.06015144709310496,0.0535049580336576
12,NC0490100,"Mooresville, NC",robbery,0.05056456427533197,0.05852568119277439,0.05349971568160859
1,NC0510000,"Johnston, NC",robbery,-0.014718746777558186,-0.0028931503333962383,0.05335227008720798
2,NC0510000,"Johnston, NC",robbery,-0.10674012224271302,-0.08555720958556301,0.053398421748986735
3,NC0510000,"Johnston, NC",robbery,-0.12944676536406494,-0.12235375396657154,0.05339283819717544
4,NC0510000,"Johnston, NC",robbery,-0.07056587126363142,-0.07238266222408855,0.05341438018492488
5,NC0510000,"Johnston, NC",robbery,-0.006666007958024384,0.00989974792884337,0.05339283819717544
6,NC0510000,"Johnston, NC",robbery,0.022721889338011475,0.05075173546868185,0.053398421748986735
7,NC0510000,"Johnston, NC",robbery,0.04369013349377921,0.044434675183127485,0.05335227008720797
8,NC0510000,"Johnston, NC",robbery,0.06242505534559063,0.02913020053906714,0.053398421748986735
9,NC0510000,"Johnston, NC",robbery,0.05616031175072153,0.024385220070344424,0.05339283819717545
10,NC0510000,"Johnston, NC",robbery,0.041594484547410396,0.030841137374357314,0.05341438018492488
11,NC0510000,"Johnston, NC",robbery,0.05098107485514673,0.04652726111765247,0.05339283819717544
12,NC0510000,"Johnston, NC",robbery,0.05056456427533197,0.04721679842754529,0.053398421748986735
1,NC0600100,"Charlotte, NC",robbery,-0.014718746777558186,0.02672477336298166,0.030197454210586585
2,NC0600100,"Charlotte, NC",robbery,-0.10674012224271302,-0.09121075181643636,0.030271892188237167
3,NC0600100,"Charlotte, NC",robbery,-0.12944676536406494,-0.17488242910003657,0.03029323717100054
4,NC0600100,"Charlotte, NC",robbery,-0.07056587126363142,-0.12583734281387365,0.030387572868968957
5,NC0600100,"Charlotte, NC",robbery,-0.006666007958024384,-0.008582069253067228,0.030293237171000544
6,NC0600100,"Charlotte, NC",robbery,0.022721889338011475,0.06958528407415071,0.030271892188237167
7,NC0600100,"Charlotte, NC",robbery,0.04369013349377921,0.09476864950574532,0.03019745421058658
8,NC0600100,"Charlotte, NC",robbery,0.06242505534559063,0.0916301370982675,0.030271892188237167
9,NC0600100,"Charlotte, NC",robbery,0.05616031175072153,0.05380839151314077,0.030293237171000548
10,NC0600100,"Charlotte, NC",robbery,0.041594484547410396,0.004343919945146681,0.030387572868968957
11,NC0600100,"Charlotte, NC",robbery,0.05098107485514673,0.00816268397123605,0.03029323717100054
12,NC0600100,"Charlotte, NC",robbery,0.05056456427533197,0.051488753512745136,0.030271892188237167
1,NC0600600,"Huntersville, NC",robbery,-0.014718746777558186,-0.01369650344133463,0.05329118925878493
2,NC0600600,"Huntersville, NC",robbery,-0.10674012224271302,-0.11640559483575393,0.05332105448809275
3,NC0600600,"Huntersville, NC",robbery,-0.12944676536406494,-0.13027739251180678,0.053315832762790005
4,NC0600600,"Huntersville, NC",robbery,-0.07056587126363142,-0.06934222537302527,0.05333173080376953
5,NC0600600,"Huntersville, NC",robbery,-0.006666007958024384,-0.01802579920660826,0.05331583276279001
6,NC0600600,"Huntersville, NC",robbery,0.022721889338011475,0.01576223550484985,0.05332105448809275
7,NC0600600,"Huntersville, NC",robbery,0.04369013349377921,0.061619004783067755,0.05329118925878492
8,NC0600600,"Huntersville, NC",robbery,0.06242505534559063,0.08387582696133025,0.05332105448809275
9,NC0600600,"Huntersville, NC",robbery,0.05616031175072153,0.04982512329565001,0.05331583276279002
10,NC0600600,"Huntersville, NC",robbery,0.041594484547410396,0.021419724031292137,0.05333173080376953
11,NC0600600,"Huntersville, NC",robbery,0.05098107485514673,0.05055556708103189,0.053315832762790005
12,NC0600600,"Huntersville, NC",robbery,0.05056456427533197,0.064690033711307,0.05332105448809275
1,NC0650000,"New Hanover, NC",robbery,-0.014718746777558186,-0.028789654077897603,0.05252053610062344
2,NC0650000,"New Hanover, NC",robbery,-0.10674012224271302,-0.12429038519494236,0.05255184284756883
3,NC0650000,"New Hanover, NC",robbery,-0.12944676536406494,-0.11861545172435296,0.05254899637158408
4,NC0650000,"New Hanover, NC",robbery,-0.07056587126363142,-0.047688022610006535,0.052536803201358104
5,NC0650000,"New Hanover, NC",robbery,-0.006666007958024384,0.0017301762867329743,0.052548996371584084
6,NC0650000,"New Hanover, NC",robbery,0.022721889338011475,0.018215679858038996,0.05255184284756883
7,NC0650000,"New Hanover, NC",robbery,0.04369013349377921,0.03152303036101788,0.05252053610062343
8,NC0650000,"New Hanover, NC",robbery,0.06242505534559063,0.03526794743931935,0.05255184284756883
9,NC0650000,"New Hanover, NC",robbery,0.05616031175072153,0.02685963768560967,0.052548996371584084
10,NC0650000,"New Hanover, NC",robbery,0.041594484547410396,0.04495464632688624,0.052536803201358104
11,NC0650000,"New Hanover, NC",robbery,0.05098107485514673,0.08729226146888999,0.05254899637158408
12,NC0650000,"New Hanover, NC",robbery,0.05056456427533197,0.07354013418070435,0.05255184284756883
1,NC0650200,"Wilmington, NC",robbery,-0.014718746777558186,0.0032926615430871227,0.04475480218607139
2,NC0650200,"Wilmington, NC",robbery,-0.10674012224271302,-0.1205078581045941,0.044890208012188515
3,NC0650200,"Wilmington, NC",robbery,-0.12944676536406494,-0.12395923984926852,0.04486190433219584
4,NC0650200,"Wilmington, NC",robbery,-0.07056587126363142,-0.05019205695458463,0.04492588215594398
5,NC0650200,"Wilmington, NC",robbery,-0.006666007958024384,-0.022242100102303878,0.04486190433219585
6,NC0650200,"Wilmington, NC",robbery,0.022721889338011475,-0.018001641127656162,0.044890208012188515
7,NC0650200,"Wilmington, NC",robbery,0.04369013349377921,0.03587001853634067,0.044754802186071384
8,NC0650200,"Wilmington, NC",robbery,0.06242505534559063,0.08100657886661773,0.04489020801218852
9,NC0650200,"Wilmington, NC",robbery,0.05616031175072153,0.04529528053186434,0.04486190433219585
10,NC0650200,"Wilmington, NC",robbery,0.041594484547410396,0.011029376875156822,0.04492588215594398
11,NC0650200,"Wilmington, NC",robbery,0.05098107485514673,0.061743379340280215,0.04486190433219584
12,NC0650200,"Wilmington, NC",robbery,0.05056456427533197,0.0966656004450604,0.044890208012188515
1,NC0670000,"Onslow, NC",robbery,-0.014718746777558186,-0.019437105626569803,0.05287661340345076
2,NC0670000,"Onslow, NC",robbery,-0.10674012224271302,-0.11514004553106405,0.05291733171829194
3,NC0670000,"Onslow, NC",robbery,-0.12944676536406494,-0.13304096950366898,0.052915444840517654
4,NC0670000,"Onslow, NC",robbery,-0.07056587126363142,-0.061005791283513966,0.05292157858436178
5,NC0670000,"Onslow, NC",robbery,-0.006666007958024384,0.01569313406276754,0.05291544484051766
6,NC0670000,"Onslow, NC",robbery,0.022721889338011475,0.04570951310232417,0.05291733171829194
7,NC0670000,"Onslow, NC",robbery,0.04369013349377921,0.05170344021426576,0.052876613403450755
8,NC0670000,"Onslow, NC",robbery,0.06242505534559063,0.05105342764933174,0.05291733171829194
9,NC0670000,"Onslow, NC",robbery,0.05616031175072153,0.03668801703424071,0.05291544484051766
10,NC0670000,"Onslow, NC",robbery,0.041594484547410396,0.028739456695818004,0.05292157858436178
11,NC0670000,"Onslow, NC",robbery,0.05098107485514673,0.04839348381896473,0.052915444840517654
12,NC0670000,"Onslow, NC",robbery,0.05056456427533197,0.05064343936710412,0.05291733171829194
1,NC0680100,"Chapel Hill, NC",robbery,-0.014718746777558186,-0.004179024806552202,0.05211153513092271
2,NC0680100,"Chapel Hill, NC",robbery,-0.10674012224271302,-0.1071569329350447,0.052124445524628756
3,NC0680100,"Chapel Hill, NC",robbery,-0.12944676536406494,-0.13370735233589098,0.05213330654805135
4,NC0680100,"Chapel Hill, NC",robbery,-0.07056587126363142,-0.05362746375254832,0.05212051993826898
5,NC0680100,"Chapel Hill, NC",robbery,-0.006666007958024384,0.005815284342966201,0.05213330654805136
6,NC0680100,"Chapel Hill, NC",robbery,0.022721889338011475,-0.007826234593246132,0.052124445524628756
7,NC0680100,"Chapel Hill, NC",robbery,0.04369013349377921,0.0022050214255905625,0.052111535130922704
8,NC0680100,"Chapel Hill, NC",robbery,0.06242505534559063,0.0704632110305665,0.052124445524628756
9,NC0680100,"Chapel Hill, NC",robbery,0.05616031175072153,0.09898763381237446,0.05213330654805136
10,NC0680100,"Chapel Hill, NC",robbery,0.041594484547410396,0.05560146713350998,0.05212051993826898
11,NC0680100,"Chapel Hill, NC",robbery,0.05098107485514673,0.030878437561511946,0.05213330654805135
12,NC0680100,"Chapel Hill, NC",robbery,0.05056456427533197,0.042545953116762666,0.052124445524628756
1,NC0740300,"Greenville, NC",robbery,-0.014718746777558186,-0.05317019529306341,0.04763138848672174
2,NC0740300,"Greenville, NC",robbery,-0.10674012224271302,-0.1573645968123962,0.04770787982278589
3,NC0740300,"Greenville, NC",robbery,-0.12944676536406494,-0.14011065855142457,0.047698474398536896
4,NC0740300,"Greenville, NC",robbery,-0.07056587126363142,-0.06610132974340824,0.04772774316218859
5,NC0740300,"Greenville, NC",robbery,-0.006666007958024384,-0.025515605969205303,0.04769847439853691
6,NC0740300,"Greenville, NC",robbery,0.022721889338011475,-0.008844877042023108,0.04770787982278589
7,NC0740300,"Greenville, NC",robbery,0.04369013349377921,0.021644984189251752,0.047631388486721736
8,NC0740300,"Greenville, NC",robbery,0.06242505534559063,0.04893975005770161,0.04770787982278589
9,NC0740300,"Greenville, NC",robbery,0.05616031175072153,0.06321102290054162,0.04769847439853691
10,NC0740300,"Greenville, NC",robbery,0.041594484547410396,0.09762654084721989,0.04772774316218859
11,NC0740300,"Greenville, NC",robbery,0.05098107485514673,0.13394045272389982,0.0476984743985369
12,NC0740300,"Greenville, NC",robbery,0.05056456427533197,0.08574451269290614,0.04770787982278589
1,NC0920000,"Wake, NC",robbery,-0.014718746777558186,-0.010035804856012963,0.052423869156037896
2,NC0920000,"Wake, NC",robbery,-0.10674012224271302,-0.0943367077712946,0.05245395495266384
3,NC0920000,"Wake, NC",robbery,-0.12944676536406494,-0.10364737821535082,0.052455086672280986
4,NC0920000,"Wake, NC",robbery,-0.07056587126363142,-0.05506262855214891,0.05245588000331637
5,NC0920000,"Wake, NC",robbery,-0.006666007958024384,-0.01693949991152326,0.052455086672281
6,NC0920000,"Wake, NC",robbery,0.022721889338011475,0.006609574601745881,0.05245395495266384
7,NC0920000,"Wake, NC",robbery,0.04369013349377921,0.04011625625140209,0.05242386915603788
8,NC0920000,"Wake, NC",robbery,0.06242505534559063,0.05748961895293467,0.05245395495266384
9,NC0920000,"Wake, NC",robbery,0.05616031175072153,0.03671983800160177,0.052455086672281
10,NC0920000,"Wake, NC",robbery,0.041594484547410396,0.02498217715675978,0.05245588000331637
11,NC0920000,"Wake, NC",robbery,0.05098107485514673,0.05378658872988316,0.052455086672280986
12,NC0920000,"Wake, NC",robbery,0.05056456427533197,0.06031796561200322,0.052453954952663834
1,NC0920100,"Raleigh, NC",robbery,-0.014718746777558186,-0.07507686744952805,0.036106833085284215
2,NC0920100,"Raleigh, NC",robbery,-0.10674012224271302,-0.16058299038644355,0.03617481287468969
3,NC0920100,"Raleigh, NC",robbery,-0.12944676536406494,-0.13732566920963835,0.03615925122577045
4,NC0920100,"Raleigh, NC",robbery,-0.07056587126363142,-0.048462184130138586,0.036167718452485564
5,NC0920100,"Raleigh, NC",robbery,-0.006666007958024384,0.015510313796507988,0.036159251225770454
6,NC0920100,"Raleigh, NC",robbery,0.022721889338011475,0.0419727990591172,0.03617481287468969
7,NC0920100,"Raleigh, NC",robbery,0.04369013349377921,0.06266195082620683,0.03610683308528421
8,NC0920100,"Raleigh, NC",robbery,0.06242505534559063,0.07205594881363922,0.03617481287468969
9,NC0920100,"Raleigh, NC",robbery,0.05616031175072153,0.06121354426015524,0.036159251225770454
10,NC0920100,"Raleigh, NC",robbery,0.041594484547410396,0.060877100753459784,0.036167718452485564
11,NC0920100,"Raleigh, NC",robbery,0.05098107485514673,0.07301672777629628,0.03615925122577045
12,NC0920100,"Raleigh, NC",robbery,0.05056456427533197,0.034139325890366,0.03617481287468969
1,NC0920200,"Apex, NC",robbery,-0.014718746777558186,-0.004520573875232973,0.054194969551248896
2,NC0920200,"Apex, NC",robbery,-0.10674012224271302,-0.10093758883659275,0.054209737027461
3,NC0920200,"Apex, NC",robbery,-0.12944676536406494,-0.1217672299638094,0.05420589497932406
4,NC0920200,"Apex, NC",robbery,-0.07056587126363142,-0.06521597204837053,0.05421015776872036
5,NC0920200,"Apex, NC",robbery,-0.006666007958024384,-0.008319861393509034,0.054205894979324064
6,NC0920200,"Apex, NC",robbery,0.022721889338011475,0.020294207702283403,0.054209737027461
7,NC0920200,"Apex, NC",robbery,0.04369013349377921,0.043430786831563206,0.05419496955124889
8,NC0920200,"Apex, NC",robbery,0.06242505534559063,0.0540299492883917,0.054209737027461
9,NC0920200,"Apex, NC",robbery,0.05616031175072153,0.035949377459278106,0.054205894979324064
10,NC0920200,"Apex, NC",robbery,0.041594484547410396,0.026305759092040287,0.05421015776872036
11,NC0920200,"Apex, NC",robbery,0.05098107485514673,0.055227500941710056,0.05420589497932406
12,NC0920200,"Apex, NC",robbery,0.05056456427533197,0.06552364480224793,0.054209737027461
1,NC0920300,"Cary, NC",robbery,-0.014718746777558186,0.01751306539964796,0.05168055655635755
2,NC0920300,"Cary, NC",robbery,-0.10674012224271302,-0.06011580450611754,0.051735617502800584
3,NC0920300,"Cary, NC",robbery,-0.12944676536406494,-0.10199958742038072,0.05170446790357492
4,NC0920300,"Cary, NC",robbery,-0.07056587126363142,-0.07696210233882797,0.0517171166435687
5,NC0920300,"Cary, NC",robbery,-0.006666007958024384,-0.024483618897324953,0.05170446790357493
6,NC0920300,"Cary, NC",robbery,0.022721889338011475,0.010779623353626425,0.051735617502800584
7,NC0920300,"Cary, NC",robbery,0.04369013349377921,0.025694191945937233,0.051680556556357546
8,NC0920300,"Cary, NC",robbery,0.06242505534559063,0.03104345874584446,0.051735617502800584
9,NC0920300,"Cary, NC",robbery,0.05616031175072153,0.02971998431452247,0.051704467903574934
10,NC0920300,"Cary, NC",robbery,0.041594484547410396,0.033754844993242786,0.0517171166435687
11,NC0920300,"Cary, NC",robbery,0.05098107485514673,0.053555964657598,0.05170446790357492
12,NC0920300,"Cary, NC",robbery,0.05056456427533197,0.06149997975223185,0.051735617502800584
1,NC0920700,"Wake Forest, NC",robbery,-0.014718746777558186,-0.01837545712025716,0.05406704525585945
2,NC0920700,"Wake Forest, NC",robbery,-0.10674012224271302,-0.10799349498194914,0.0540821446019208
3,NC0920700,"Wake Forest, NC",robbery,-0.12944676536406494,-0.12167434711125866,0.054080607511846734
4,NC0920700,"Wake Forest, NC",robbery,-0.07056587126363142,-0.05465603262399918,0.05408604671650375
5,NC0920700,"Wake Forest, NC",robbery,-0.006666007958024384,0.006637379897527356,0.05408060751184675
6,NC0920700,"Wake Forest, NC",robbery,0.022721889338011475,0.024069064004547343,0.0540821446019208
7,NC0920700,"Wake Forest, NC",robbery,0.04369013349377921,0.03480430515988398,0.054067045255859446
8,NC0920700,"Wake Forest, NC",robbery,0.06242505534559063,0.05166653449027689,0.054082144601920804
9,NC0920700,"Wake Forest, NC",robbery,0.05616031175072153,0.04891853857995959,0.05408060751184675
10,NC0920700,"Wake Forest, NC",robbery,0.041594484547410396,0.03822718458437235,0.05408604671650375
11,NC0920700,"Wake Forest, NC",robbery,0.05098107485514673,0.049689580594144855,0.05408060751184674
12,NC0920700,"Wake Forest, NC",robbery,0.05056456427533197,0.04868674452675176,0.0540821446019208
1,ND0080100,"Bismarck, ND",robbery,-0.014718746777558186,-0.060174811649302704,0.05099210811864054
2,ND0080100,"Bismarck, ND",robbery,-0.10674012224271302,-0.16666727029200637,0.051052833527517
3,ND0080100,"Bismarck, ND",robbery,-0.12944676536406494,-0.14858833152876114,0.05100449914724576
4,ND0080100,"Bismarck, ND",robbery,-0.07056587126363142,-0.04533186222618587,0.05100031601846462
5,ND0080100,"Bismarck, ND",robbery,-0.006666007958024384,0.027356017164238577,0.051004499147245766
6,ND0080100,"Bismarck, ND",robbery,0.022721889338011475,0.051038354817552006,0.051052833527517
7,ND0080100,"Bismarck, ND",robbery,0.04369013349377921,0.07025030923378472,0.050992108118640536
8,ND0080100,"Bismarck, ND",robbery,0.06242505534559063,0.07511645791315974,0.051052833527517
9,ND0080100,"Bismarck, ND",robbery,0.05616031175072153,0.04696202156543248,0.051004499147245766
10,ND0080100,"Bismarck, ND",robbery,0.041594484547410396,0.03525636464170383,0.05100031601846462
11,ND0080100,"Bismarck, ND",robbery,0.05098107485514673,0.064194795214608,0.05100449914724576
12,ND0080100,"Bismarck, ND",robbery,0.05056456427533197,0.05058795514577673,0.051052833527517
1,ND0090200,"Fargo, ND",robbery,-0.014718746777558186,-0.11486166822749347,0.047464574329399135
2,ND0090200,"Fargo, ND",robbery,-0.10674012224271302,-0.15594764095677477,0.04745998725841484
3,ND0090200,"Fargo, ND",robbery,-0.12944676536406494,-0.12831230704623312,0.047339005269745535
4,ND0090200,"Fargo, ND",robbery,-0.07056587126363142,-0.05843147963114512,0.047301020094418514
5,ND0090200,"Fargo, ND",robbery,-0.006666007958024384,0.01172674122519881,0.04733900526974554
6,ND0090200,"Fargo, ND",robbery,0.022721889338011475,0.06567361466230873,0.04745998725841484
7,ND0090200,"Fargo, ND",robbery,0.04369013349377921,0.10064172045407434,0.04746457432939913
8,ND0090200,"Fargo, ND",robbery,0.06242505534559063,0.11015614725793377,0.04745998725841484
9,ND0090200,"Fargo, ND",robbery,0.05616031175072153,0.09674076112081126,0.04733900526974554
10,ND0090200,"Fargo, ND",robbery,0.041594484547410396,0.07265142740456425,0.047301020094418514
11,ND0090200,"Fargo, ND",robbery,0.05098107485514673,0.034064752473642136,0.047339005269745535
12,ND0090200,"Fargo, ND",robbery,0.05056456427533197,-0.034102068736886766,0.04745998725841484
1,ND0180100,"Grand Forks, ND",robbery,-0.014718746777558186,-0.035587431643580344,0.05300818819305662
2,ND0180100,"Grand Forks, ND",robbery,-0.10674012224271302,-0.11145316800337461,0.05306896264953603
3,ND0180100,"Grand Forks, ND",robbery,-0.12944676536406494,-0.1183590331498108,0.05305995676817323
4,ND0180100,"Grand Forks, ND",robbery,-0.07056587126363142,-0.07232250474286199,0.05303454790007018
5,ND0180100,"Grand Forks, ND",robbery,-0.006666007958024384,-0.03593464161722669,0.05305995676817324
6,ND0180100,"Grand Forks, ND",robbery,0.022721889338011475,-8.246473907521619e-4,0.05306896264953603
7,ND0180100,"Grand Forks, ND",robbery,0.04369013349377921,0.06378672873183631,0.05300818819305661
8,ND0180100,"Grand Forks, ND",robbery,0.06242505534559063,0.11214436667250058,0.05306896264953604
9,ND0180100,"Grand Forks, ND",robbery,0.05616031175072153,0.09085093473068083,0.053059956768173246
10,ND0180100,"Grand Forks, ND",robbery,0.041594484547410396,0.04412320765460601,0.05303454790007018
11,ND0180100,"Grand Forks, ND",robbery,0.05098107485514673,0.03524344294810067,0.05305995676817323
12,ND0180100,"Grand Forks, ND",robbery,0.05056456427533197,0.02833274580988221,0.05306896264953603
1,NH0063400,"Manchester, NH",robbery,-0.014718746777558186,-0.01981092391850425,0.04612585276098405
2,NH0063400,"Manchester, NH",robbery,-0.10674012224271302,-0.1578872981727607,0.04627308512661651
3,NH0063400,"Manchester, NH",robbery,-0.12944676536406494,-0.15939124645541872,0.04627325143045098
4,NH0063400,"Manchester, NH",robbery,-0.07056587126363142,-0.06195728980309348,0.04628068225982125
5,NH0063400,"Manchester, NH",robbery,-0.006666007958024384,0.00916279961087453,0.04627325143045098
6,NH0063400,"Manchester, NH",robbery,0.022721889338011475,0.03939424260510205,0.04627308512661651
7,NH0063400,"Manchester, NH",robbery,0.04369013349377921,0.06842959169148084,0.046125852760984035
8,NH0063400,"Manchester, NH",robbery,0.06242505534559063,0.06621138968457624,0.046273085126616514
9,NH0063400,"Manchester, NH",robbery,0.05616031175072153,0.019096670194257634,0.04627325143045099
10,NH0063400,"Manchester, NH",robbery,0.041594484547410396,0.013338622030116869,0.04628068225982125
11,NH0063400,"Manchester, NH",robbery,0.05098107485514673,0.0825131088773099,0.04627325143045098
12,NH0063400,"Manchester, NH",robbery,0.05056456427533197,0.1009003336560591,0.04627308512661651
1,NJ0041200,"Cherry Hill Township, NJ",robbery,-0.014718746777558186,0.024416058210842008,0.05022517410840537
2,NJ0041200,"Cherry Hill Township, NJ",robbery,-0.10674012224271302,-0.08066509909356588,0.05027068912937436
3,NJ0041200,"Cherry Hill Township, NJ",robbery,-0.12944676536406494,-0.1319645527387659,0.05025773923842447
4,NJ0041200,"Cherry Hill Township, NJ",robbery,-0.07056587126363142,-0.073519321410146,0.050249619405274004
5,NJ0041200,"Cherry Hill Township, NJ",robbery,-0.006666007958024384,0.005487006867826003,0.05025773923842447
6,NJ0041200,"Cherry Hill Township, NJ",robbery,0.022721889338011475,0.019329366842964272,0.05027068912937436
7,NJ0041200,"Cherry Hill Township, NJ",robbery,0.04369013349377921,0.00479273517797375,0.050225174108405365
8,NJ0041200,"Cherry Hill Township, NJ",robbery,0.06242505534559063,0.01963641358711497,0.05027068912937436
9,NJ0041200,"Cherry Hill Township, NJ",robbery,0.05616031175072153,0.04172707384349925,0.05025773923842447
10,NJ0041200,"Cherry Hill Township, NJ",robbery,0.041594484547410396,0.044310528021330266,0.050249619405274004
11,NJ0041200,"Cherry Hill Township, NJ",robbery,0.05098107485514673,0.05554167863862488,0.05025773923842447
12,NJ0041200,"Cherry Hill Township, NJ",robbery,0.05056456427533197,0.07090811205230237,0.05027068912937436
1,NJ0070200,"Bloomfield, NJ",robbery,-0.014718746777558186,-0.007845658836407138,0.05320413090271165
2,NJ0070200,"Bloomfield, NJ",robbery,-0.10674012224271302,-0.10963243732356992,0.05322576425712553
3,NJ0070200,"Bloomfield, NJ",robbery,-0.12944676536406494,-0.132315798489458,0.05322974378890805
4,NJ0070200,"Bloomfield, NJ",robbery,-0.07056587126363142,-0.07323926482854466,0.05324930158367745
5,NJ0070200,"Bloomfield, NJ",robbery,-0.006666007958024384,-0.009836206132344552,0.05322974378890806
6,NJ0070200,"Bloomfield, NJ",robbery,0.022721889338011475,0.032212541725750006,0.05322576425712553
7,NJ0070200,"Bloomfield, NJ",robbery,0.04369013349377921,0.0688142935734678,0.053204130902711644
8,NJ0070200,"Bloomfield, NJ",robbery,0.06242505534559063,0.07653760791191253,0.05322576425712554
9,NJ0070200,"Bloomfield, NJ",robbery,0.05616031175072153,0.03825233434073994,0.05322974378890806
10,NJ0070200,"Bloomfield, NJ",robbery,0.041594484547410396,0.012270630091484002,0.05324930158367745
11,NJ0070200,"Bloomfield, NJ",robbery,0.05098107485514673,0.04293103554400191,0.05322974378890805
12,NJ0070200,"Bloomfield, NJ",robbery,0.05056456427533197,0.06185092242296808,0.05322576425712553
1,NJ0090500,"Hoboken, NJ",robbery,-0.014718746777558186,-0.040122848305006675,0.05237345377581249
2,NJ0090500,"Hoboken, NJ",robbery,-0.10674012224271302,-0.12168571708994401,0.05240089493896035
3,NJ0090500,"Hoboken, NJ",robbery,-0.12944676536406494,-0.12834166269274327,0.052402859337930666
4,NJ0090500,"Hoboken, NJ",robbery,-0.07056587126363142,-0.06420243599821314,0.0523940687774709
5,NJ0090500,"Hoboken, NJ",robbery,-0.006666007958024384,0.008370562595549491,0.05240285933793067
6,NJ0090500,"Hoboken, NJ",robbery,0.022721889338011475,0.049278552410705445,0.05240089493896035
7,NJ0090500,"Hoboken, NJ",robbery,0.04369013349377921,0.05920350243555785,0.05237345377581248
8,NJ0090500,"Hoboken, NJ",robbery,0.06242505534559063,0.04915493050575767,0.05240089493896035
9,NJ0090500,"Hoboken, NJ",robbery,0.05616031175072153,0.03673022197800575,0.05240285933793068
10,NJ0090500,"Hoboken, NJ",robbery,0.041594484547410396,0.04512178186766196,0.0523940687774709
11,NJ0090500,"Hoboken, NJ",robbery,0.05098107485514673,0.06416022398863681,0.052402859337930666
12,NJ0090500,"Hoboken, NJ",robbery,0.05056456427533197,0.04233288830403213,0.05240089493896034
1,NJ0090600,"Jersey City, NJ",robbery,-0.014718746777558186,0.02932328541772119,0.03709303408038208
2,NJ0090600,"Jersey City, NJ",robbery,-0.10674012224271302,-0.049906700333658925,0.0372987834425207
3,NJ0090600,"Jersey City, NJ",robbery,-0.12944676536406494,-0.16703447458455026,0.03727827390697053
4,NJ0090600,"Jersey City, NJ",robbery,-0.07056587126363142,-0.1345703254780995,0.03734495234203496
5,NJ0090600,"Jersey City, NJ",robbery,-0.006666007958024384,0.014223217863783992,0.037278273906970534
6,NJ0090600,"Jersey City, NJ",robbery,0.022721889338011475,0.08115456861501291,0.0372987834425207
7,NJ0090600,"Jersey City, NJ",robbery,0.04369013349377921,0.043852176331778105,0.03709303408038208
8,NJ0090600,"Jersey City, NJ",robbery,0.06242505534559063,0.04384958601681255,0.0372987834425207
9,NJ0090600,"Jersey City, NJ",robbery,0.05616031175072153,0.08780189851820464,0.03727827390697054
10,NJ0090600,"Jersey City, NJ",robbery,0.041594484547410396,0.06139486372860023,0.03734495234203496
11,NJ0090600,"Jersey City, NJ",robbery,0.05098107485514673,-0.008166103546937638,0.03727827390697053
12,NJ0090600,"Jersey City, NJ",robbery,0.05056456427533197,-0.0019219925486673145,0.0372987834425207
1,NJ0090800,"North Bergen Township, NJ",robbery,-0.014718746777558186,-0.008327701759375774,0.052577223146358355
2,NJ0090800,"North Bergen Township, NJ",robbery,-0.10674012224271302,-0.10917449678136415,0.05263836115016996
3,NJ0090800,"North Bergen Township, NJ",robbery,-0.12944676536406494,-0.11442874932728622,0.052623798084829664
4,NJ0090800,"North Bergen Township, NJ",robbery,-0.07056587126363142,-0.042798905565869655,0.052652443089283345
5,NJ0090800,"North Bergen Township, NJ",robbery,-0.006666007958024384,5.11791909764365e-4,0.05262379808482967
6,NJ0090800,"North Bergen Township, NJ",robbery,0.022721889338011475,0.010644960805582523,0.05263836115016996
7,NJ0090800,"North Bergen Township, NJ",robbery,0.04369013349377921,0.044343264742131856,0.05257722314635835
8,NJ0090800,"North Bergen Township, NJ",robbery,0.06242505534559063,0.07264797529183693,0.05263836115016996
9,NJ0090800,"North Bergen Township, NJ",robbery,0.05616031175072153,0.041886664855002934,0.05262379808482967
10,NJ0090800,"North Bergen Township, NJ",robbery,0.041594484547410396,0.006783342583113561,0.052652443089283345
11,NJ0090800,"North Bergen Township, NJ",robbery,0.05098107485514673,0.036014729579762816,0.052623798084829664
12,NJ0090800,"North Bergen Township, NJ",robbery,0.05056456427533197,0.06189712366670082,0.05263836115016996
1,NJ0091200,"West New York, NJ",robbery,-0.014718746777558186,-0.05864067364638761,0.05095353786117889
2,NJ0091200,"West New York, NJ",robbery,-0.10674012224271302,-0.114459198906014,0.050979565614007794
3,NJ0091200,"West New York, NJ",robbery,-0.12944676536406494,-0.12008836073341987,0.05096272447842454
4,NJ0091200,"West New York, NJ",robbery,-0.07056587126363142,-0.07430336017621594,0.05096854152949166
5,NJ0091200,"West New York, NJ",robbery,-0.006666007958024384,-0.0030988914734364926,0.050962724478424544
6,NJ0091200,"West New York, NJ",robbery,0.022721889338011475,0.051189312965524786,0.050979565614007794
7,NJ0091200,"West New York, NJ",robbery,0.04369013349377921,0.06271135660650498,0.05095353786117888
8,NJ0091200,"West New York, NJ",robbery,0.06242505534559063,0.05014649630958882,0.050979565614007794
9,NJ0091200,"West New York, NJ",robbery,0.05616031175072153,0.05170497517687731,0.050962724478424544
10,NJ0091200,"West New York, NJ",robbery,0.041594484547410396,0.07023267721609856,0.05096854152949166
11,NJ0091200,"West New York, NJ",robbery,0.05098107485514673,0.06741159406986162,0.05096272447842454
12,NJ0091200,"West New York, NJ",robbery,0.05056456427533197,0.01719407259101784,0.05097956561400779
1,NJ0160200,"Clifton, NJ",robbery,-0.014718746777558186,0.021178232838049628,0.05028454645115532
2,NJ0160200,"Clifton, NJ",robbery,-0.10674012224271302,-0.07921394070925265,0.050355698653661456
3,NJ0160200,"Clifton, NJ",robbery,-0.12944676536406494,-0.15426394272987204,0.05036134995817516
4,NJ0160200,"Clifton, NJ",robbery,-0.07056587126363142,-0.10120182891040441,0.0503793997488638
5,NJ0160200,"Clifton, NJ",robbery,-0.006666007958024384,-3.0768163915637455e-4,0.050361349958175164
6,NJ0160200,"Clifton, NJ",robbery,0.022721889338011475,0.03257769825623161,0.050355698653661456
7,NJ0160200,"Clifton, NJ",robbery,0.04369013349377921,0.02987288642465487,0.05028454645115532
8,NJ0160200,"Clifton, NJ",robbery,0.06242505534559063,0.062422924015566525,0.050355698653661456
9,NJ0160200,"Clifton, NJ",robbery,0.05616031175072153,0.08642180677348145,0.050361349958175164
10,NJ0160200,"Clifton, NJ",robbery,0.041594484547410396,0.05015070964769993,0.0503793997488638
11,NJ0160200,"Clifton, NJ",robbery,0.05098107485514673,0.017098698332842468,0.05036134995817516
12,NJ0160200,"Clifton, NJ",robbery,0.05056456427533197,0.035264437700158975,0.050355698653661456
1,NJ0160800,"Paterson, NJ",robbery,-0.014718746777558186,0.03544376943907681,0.036683902286891244
2,NJ0160800,"Paterson, NJ",robbery,-0.10674012224271302,-0.08581022364301832,0.03676610709747245
3,NJ0160800,"Paterson, NJ",robbery,-0.12944676536406494,-0.16995553964652113,0.036838134600779074
4,NJ0160800,"Paterson, NJ",robbery,-0.07056587126363142,-0.13112564273482893,0.03683845419200051
5,NJ0160800,"Paterson, NJ",robbery,-0.006666007958024384,-0.049004739360211165,0.03683813460077908
6,NJ0160800,"Paterson, NJ",robbery,0.022721889338011475,-0.013287811252207515,0.03676610709747245
7,NJ0160800,"Paterson, NJ",robbery,0.04369013349377921,0.013462693142891929,0.03668390228689124
8,NJ0160800,"Paterson, NJ",robbery,0.06242505534559063,0.07386874204965818,0.03676610709747245
9,NJ0160800,"Paterson, NJ",robbery,0.05616031175072153,0.10910759547119228,0.03683813460077909
10,NJ0160800,"Paterson, NJ",robbery,0.041594484547410396,0.0822191801528602,0.03683845419200051
11,NJ0160800,"Paterson, NJ",robbery,0.05098107485514673,0.060946220953571266,0.036838134600779074
12,NJ0160800,"Paterson, NJ",robbery,0.05056456427533197,0.07413575542753637,0.03676610709747245
1,NJ0161400,"Wayne Township, NJ",robbery,-0.014718746777558186,-0.01837304806198769,0.05423659833968375
2,NJ0161400,"Wayne Township, NJ",robbery,-0.10674012224271302,-0.09802172388352282,0.05425359567477179
3,NJ0161400,"Wayne Township, NJ",robbery,-0.12944676536406494,-0.11030404359770955,0.05425238951905894
4,NJ0161400,"Wayne Township, NJ",robbery,-0.07056587126363142,-0.06502598357669136,0.05424824796998552
5,NJ0161400,"Wayne Township, NJ",robbery,-0.006666007958024384,-0.023716145609613437,0.05425238951905895
6,NJ0161400,"Wayne Township, NJ",robbery,0.022721889338011475,0.0059529735281178475,0.05425359567477179
7,NJ0161400,"Wayne Township, NJ",robbery,0.04369013349377921,0.04571830698337233,0.05423659833968374
8,NJ0161400,"Wayne Township, NJ",robbery,0.06242505534559063,0.07151926538443781,0.05425359567477179
9,NJ0161400,"Wayne Township, NJ",robbery,0.05616031175072153,0.056456326177239946,0.05425238951905895
10,NJ0161400,"Wayne Township, NJ",robbery,0.041594484547410396,0.03768072465530672,0.05424824796998552
11,NJ0161400,"Wayne Township, NJ",robbery,0.05098107485514673,0.050218604108698384,0.05425238951905894
12,NJ0161400,"Wayne Township, NJ",robbery,0.05056456427533197,0.04789474389235182,0.05425359567477178
1,NJ0200400,"Elizabeth, NJ",robbery,-0.014718746777558186,-0.0531061715132839,0.03972119441747972
2,NJ0200400,"Elizabeth, NJ",robbery,-0.10674012224271302,-0.11780336656818075,0.03986702986973507
3,NJ0200400,"Elizabeth, NJ",robbery,-0.12944676536406494,-0.13900664552499306,0.03984551168514305
4,NJ0200400,"Elizabeth, NJ",robbery,-0.07056587126363142,-0.08881340460187798,0.03987590487629837
5,NJ0200400,"Elizabeth, NJ",robbery,-0.006666007958024384,0.005341415532033715,0.039845511685143054
6,NJ0200400,"Elizabeth, NJ",robbery,0.022721889338011475,0.07723716509158476,0.03986702986973507
7,NJ0200400,"Elizabeth, NJ",robbery,0.04369013349377921,0.08950244001020652,0.03972119441747971
8,NJ0200400,"Elizabeth, NJ",robbery,0.06242505534559063,0.06652075267245382,0.03986702986973507
9,NJ0200400,"Elizabeth, NJ",robbery,0.05616031175072153,0.05132776313234352,0.039845511685143054
10,NJ0200400,"Elizabeth, NJ",robbery,0.041594484547410396,0.05241713610495537,0.03987590487629837
11,NJ0200400,"Elizabeth, NJ",robbery,0.05098107485514673,0.04594119836369317,0.03984551168514305
12,NJ0200400,"Elizabeth, NJ",robbery,0.05056456427533197,0.01044171730106485,0.03986702986973507
1,NJNPD0000,"Newark, NJ",robbery,-0.014718746777558186,4.333510166357523e-4,0.03571576584414297
2,NJNPD0000,"Newark, NJ",robbery,-0.10674012224271302,-0.18704383654500178,0.03593068115487644
3,NJNPD0000,"Newark, NJ",robbery,-0.12944676536406494,-0.23893712984672652,0.035940088810189785
4,NJNPD0000,"Newark, NJ",robbery,-0.07056587126363142,-0.12128230163780923,0.03602282752415521
5,NJNPD0000,"Newark, NJ",robbery,-0.006666007958024384,-0.01246176572084457,0.03594008881018979
6,NJNPD0000,"Newark, NJ",robbery,0.022721889338011475,0.022698937531446813,0.03593068115487644
7,NJNPD0000,"Newark, NJ",robbery,0.04369013349377921,0.07750156143922646,0.03571576584414296
8,NJNPD0000,"Newark, NJ",robbery,0.06242505534559063,0.14440279503658468,0.03593068115487644
9,NJNPD0000,"Newark, NJ",robbery,0.05616031175072153,0.11836117588244721,0.03594008881018979
10,NJNPD0000,"Newark, NJ",robbery,0.041594484547410396,0.043347389181947006,0.03602282752415521
11,NJNPD0000,"Newark, NJ",robbery,0.05098107485514673,0.05510280722926162,0.03594008881018979
12,NJNPD0000,"Newark, NJ",robbery,0.05056456427533197,0.09787701643283253,0.03593068115487644
1,NV0020100,"Las Vegas, NV",robbery,-0.014718746777558186,0.03256804809791332,0.030024938077208144
2,NV0020100,"Las Vegas, NV",robbery,-0.10674012224271302,-0.05889195973108617,0.03009588062149284
3,NV0020100,"Las Vegas, NV",robbery,-0.12944676536406494,-0.08725954822390873,0.030127659146272995
4,NV0020100,"Las Vegas, NV",robbery,-0.07056587126363142,-0.04215412635366443,0.030116294741661186
5,NV0020100,"Las Vegas, NV",robbery,-0.006666007958024384,-0.015788270317234652,0.030127659146272998
6,NV0020100,"Las Vegas, NV",robbery,0.022721889338011475,-0.02449558870317214,0.03009588062149284
7,NV0020100,"Las Vegas, NV",robbery,0.04369013349377921,-0.003093984086867733,0.03002493807720814
8,NV0020100,"Las Vegas, NV",robbery,0.06242505534559063,0.04116264343303448,0.03009588062149284
9,NV0020100,"Las Vegas, NV",robbery,0.05616031175072153,0.04005616791481147,0.030127659146272998
10,NV0020100,"Las Vegas, NV",robbery,0.041594484547410396,0.012680062342618856,0.030116294741661186
11,NV0020100,"Las Vegas, NV",robbery,0.05098107485514673,0.03351758661528631,0.030127659146272995
12,NV0020100,"Las Vegas, NV",robbery,0.05056456427533197,0.0716989690122694,0.03009588062149284
1,NV0020300,"Henderson, NV",robbery,-0.014718746777558186,-0.003252420427854938,0.04185330740548089
2,NV0020300,"Henderson, NV",robbery,-0.10674012224271302,-0.08266557098166495,0.04194824619108997
3,NV0020300,"Henderson, NV",robbery,-0.12944676536406494,-0.1056542370684252,0.041936171806126514
4,NV0020300,"Henderson, NV",robbery,-0.07056587126363142,-0.05998637424663111,0.04192447232422034
5,NV0020300,"Henderson, NV",robbery,-0.006666007958024384,-0.01469631278066436,0.04193617180612652
6,NV0020300,"Henderson, NV",robbery,0.022721889338011475,-0.004934349562358477,0.04194824619108997
7,NV0020300,"Henderson, NV",robbery,0.04369013349377921,0.005658258960053928,0.041853307405480884
8,NV0020300,"Henderson, NV",robbery,0.06242505534559063,0.0363774953639371,0.04194824619108998
9,NV0020300,"Henderson, NV",robbery,0.05616031175072153,0.05696032291849835,0.04193617180612652
10,NV0020300,"Henderson, NV",robbery,0.041594484547410396,0.057580535714432134,0.04192447232422034
11,NV0020300,"Henderson, NV",robbery,0.05098107485514673,0.06098438839839219,0.041936171806126514
12,NV0020300,"Henderson, NV",robbery,0.05056456427533197,0.05362826371228535,0.04194824619108997
1,NV0160000,"Washoe, NV",robbery,-0.014718746777558186,-0.051832223415492595,0.05298763457359133
2,NV0160000,"Washoe, NV",robbery,-0.10674012224271302,-0.13312897244860947,0.05301271851135695
3,NV0160000,"Washoe, NV",robbery,-0.12944676536406494,-0.17028688919336862,0.0529142826289587
4,NV0160000,"Washoe, NV",robbery,-0.07056587126363142,-0.09319418142716858,0.05290534946132628
5,NV0160000,"Washoe, NV",robbery,-0.006666007958024384,0.040959523739063704,0.052914282628958705
6,NV0160000,"Washoe, NV",robbery,0.022721889338011475,0.11326565498986829,0.05301271851135695
7,NV0160000,"Washoe, NV",robbery,0.04369013349377921,0.10032581779250771,0.052987634573591326
8,NV0160000,"Washoe, NV",robbery,0.06242505534559063,0.07081953796592451,0.05301271851135695
9,NV0160000,"Washoe, NV",robbery,0.05616031175072153,0.059483860333668565,0.05291428262895871
10,NV0160000,"Washoe, NV",robbery,0.041594484547410396,0.04470058705015348,0.05290534946132628
11,NV0160000,"Washoe, NV",robbery,0.05098107485514673,0.021349910743621213,0.0529142826289587
12,NV0160000,"Washoe, NV",robbery,0.05056456427533197,-0.00246262613016818,0.05301271851135695
1,NV0160200,"Sparks, NV",robbery,-0.014718746777558186,0.033722743045481986,0.04762646879231799
2,NV0160200,"Sparks, NV",robbery,-0.10674012224271302,-0.11737176404835306,0.04774349841094161
3,NV0160200,"Sparks, NV",robbery,-0.12944676536406494,-0.1732120521980242,0.04775969008403995
4,NV0160200,"Sparks, NV",robbery,-0.07056587126363142,-0.0897698561433835,0.04778066800737078
5,NV0160200,"Sparks, NV",robbery,-0.006666007958024384,-7.802195002947996e-4,0.047759690084039956
6,NV0160200,"Sparks, NV",robbery,0.022721889338011475,0.02139826272340114,0.04774349841094161
7,NV0160200,"Sparks, NV",robbery,0.04369013349377921,0.036901429011498635,0.04762646879231798
8,NV0160200,"Sparks, NV",robbery,0.06242505534559063,0.06423887111746479,0.04774349841094161
9,NV0160200,"Sparks, NV",robbery,0.05616031175072153,0.049454987210155336,0.04775969008403996
10,NV0160200,"Sparks, NV",robbery,0.041594484547410396,0.019145684086402874,0.04778066800737078
11,NV0160200,"Sparks, NV",robbery,0.05098107485514673,0.05391311243118304,0.04775969008403995
12,NV0160200,"Sparks, NV",robbery,0.05056456427533197,0.10235880226446775,0.04774349841094161
1,NY0010100,"Albany, NY",robbery,-0.014718746777558186,-0.08062929381631934,0.04153982095872043
2,NY0010100,"Albany, NY",robbery,-0.10674012224271302,-0.17473517702383967,0.04161846276045363
3,NY0010100,"Albany, NY",robbery,-0.12944676536406494,-0.16471986414194453,0.04155396431801865
4,NY0010100,"Albany, NY",robbery,-0.07056587126363142,-0.07291802100710396,0.04154941339273937
5,NY0010100,"Albany, NY",robbery,-0.006666007958024384,-0.004134733920338768,0.04155396431801866
6,NY0010100,"Albany, NY",robbery,0.022721889338011475,0.03548603378422876,0.04161846276045363
7,NY0010100,"Albany, NY",robbery,0.04369013349377921,0.1007906203400463,0.04153982095872043
8,NY0010100,"Albany, NY",robbery,0.06242505534559063,0.15461469394222283,0.04161846276045363
9,NY0010100,"Albany, NY",robbery,0.05616031175072153,0.12443805453660078,0.04155396431801866
10,NY0010100,"Albany, NY",robbery,0.041594484547410396,0.05275669448337701,0.04154941339273937
11,NY0010100,"Albany, NY",robbery,0.05098107485514673,0.02425521700195552,0.04155396431801866
12,NY0010100,"Albany, NY",robbery,0.05056456427533197,0.004795775821115092,0.04161846276045363
1,NY0270100,"Rochester, NY",robbery,-0.014718746777558186,-0.05137237689814725,0.03589366519317713
2,NY0270100,"Rochester, NY",robbery,-0.10674012224271302,-0.12543687626893266,0.03600144290344739
3,NY0270100,"Rochester, NY",robbery,-0.12944676536406494,-0.125059385771142,0.035990530864822234
4,NY0270100,"Rochester, NY",robbery,-0.07056587126363142,-0.07736213752398942,0.03602641664541001
5,NY0270100,"Rochester, NY",robbery,-0.006666007958024384,-0.021685820307480973,0.03599053086482224
6,NY0270100,"Rochester, NY",robbery,0.022721889338011475,0.02752447453598681,0.03600144290344739
7,NY0270100,"Rochester, NY",robbery,0.04369013349377921,0.055561911008513695,0.035893665193177125
8,NY0270100,"Rochester, NY",robbery,0.06242505534559063,0.052907071841725814,0.03600144290344739
9,NY0270100,"Rochester, NY",robbery,0.05616031175072153,0.04834004723356872,0.03599053086482224
10,NY0270100,"Rochester, NY",robbery,0.041594484547410396,0.07317260341362294,0.03602641664541001
11,NY0270100,"Rochester, NY",robbery,0.05098107485514673,0.09421562473468777,0.035990530864822234
12,NY0270100,"Rochester, NY",robbery,0.05056456427533197,0.04919486400158657,0.03600144290344739
1,NY0290600,"Hempstead Village, NY",robbery,-0.014718746777558186,-0.021791401601240934,0.046813856576063614
2,NY0290600,"Hempstead Village, NY",robbery,-0.10674012224271302,-0.10738556502790415,0.04695637386852507
3,NY0290600,"Hempstead Village, NY",robbery,-0.12944676536406494,-0.16733281912705078,0.04690601105448466
4,NY0290600,"Hempstead Village, NY",robbery,-0.07056587126363142,-0.11801887776869076,0.0469713264797753
5,NY0290600,"Hempstead Village, NY",robbery,-0.006666007958024384,-0.013263058639652344,0.046906011054484664
6,NY0290600,"Hempstead Village, NY",robbery,0.022721889338011475,0.042900232472467256,0.04695637386852507
7,NY0290600,"Hempstead Village, NY",robbery,0.04369013349377921,0.05533592531370121,0.04681385657606361
8,NY0290600,"Hempstead Village, NY",robbery,0.06242505534559063,0.08439890684282023,0.04695637386852507
9,NY0290600,"Hempstead Village, NY",robbery,0.05616031175072153,0.11080163722950659,0.04690601105448467
10,NY0290600,"Hempstead Village, NY",robbery,0.041594484547410396,0.0844743540562305,0.0469713264797753
11,NY0290600,"Hempstead Village, NY",robbery,0.05098107485514673,0.03624971682473623,0.04690601105448466
12,NY0290600,"Hempstead Village, NY",robbery,0.05056456427533197,0.013630949425076956,0.04695637386852507
1,NY0303000,"New York City, NY",robbery,-0.014718746777558186,-0.04472135930967788,0.02643355523582735
2,NY0303000,"New York City, NY",robbery,-0.10674012224271302,-0.1304161706434653,0.026461891525141768
3,NY0303000,"New York City, NY",robbery,-0.12944676536406494,-0.16433856536502006,0.026485085350105693
4,NY0303000,"New York City, NY",robbery,-0.07056587126363142,-0.10897231641905422,0.02649482270926415
5,NY0303000,"New York City, NY",robbery,-0.006666007958024384,-0.01433330285323921,0.026485085350105696
6,NY0303000,"New York City, NY",robbery,0.022721889338011475,0.05039275920578645,0.026461891525141768
7,NY0303000,"New York City, NY",robbery,0.04369013349377921,0.07614188160834787,0.026433555235827348
8,NY0303000,"New York City, NY",robbery,0.06242505534559063,0.08834116730858045,0.026461891525141768
9,NY0303000,"New York City, NY",robbery,0.05616031175072153,0.09084303973146522,0.026485085350105696
10,NY0303000,"New York City, NY",robbery,0.041594484547410396,0.07755179412038424,0.02649482270926415
11,NY0303000,"New York City, NY",robbery,0.05098107485514673,0.05640830618812402,0.026485085350105693
12,NY0303000,"New York City, NY",robbery,0.05056456427533197,0.02310276642776845,0.026461891525141768
1,NY0320200,"Utica, NY",robbery,-0.014718746777558186,-0.059752287001733545,0.04786933892415542
2,NY0320200,"Utica, NY",robbery,-0.10674012224271302,-0.13863033888853113,0.04797515549715458
3,NY0320200,"Utica, NY",robbery,-0.12944676536406494,-0.17595943988525492,0.04788714717536979
4,NY0320200,"Utica, NY",robbery,-0.07056587126363142,-0.12491654870789685,0.047938156815605856
5,NY0320200,"Utica, NY",robbery,-0.006666007958024384,-0.01342122348199861,0.0478871471753698
6,NY0320200,"Utica, NY",robbery,0.022721889338011475,0.08075018973800104,0.04797515549715458
7,NY0320200,"Utica, NY",robbery,0.04369013349377921,0.11522298424550906,0.04786933892415542
8,NY0320200,"Utica, NY",robbery,0.06242505534559063,0.10835778193485156,0.04797515549715458
9,NY0320200,"Utica, NY",robbery,0.05616031175072153,0.09021618568779982,0.0478871471753698
10,NY0320200,"Utica, NY",robbery,0.041594484547410396,0.06944585146412133,0.047938156815605856
11,NY0320200,"Utica, NY",robbery,0.05098107485514673,0.04369378043567814,0.04788714717536979
12,NY0320200,"Utica, NY",robbery,0.05056456427533197,0.004993064459454131,0.04797515549715458
1,NY0450000,"Saratoga, NY",robbery,-0.014718746777558186,-0.027053272627638854,0.05430250297326027
2,NY0450000,"Saratoga, NY",robbery,-0.10674012224271302,-0.10507296055849784,0.05431831037461868
3,NY0450000,"Saratoga, NY",robbery,-0.12944676536406494,-0.12679416743215718,0.05430977835217826
4,NY0450000,"Saratoga, NY",robbery,-0.07056587126363142,-0.06859536418101506,0.05431730320946865
5,NY0450000,"Saratoga, NY",robbery,-0.006666007958024384,0.005616498706897812,0.054309778352178276
6,NY0450000,"Saratoga, NY",robbery,0.022721889338011475,0.03958982006583043,0.05431831037461868
7,NY0450000,"Saratoga, NY",robbery,0.04369013349377921,0.046756850700731135,0.05430250297326026
8,NY0450000,"Saratoga, NY",robbery,0.06242505534559063,0.054351772856773034,0.05431831037461868
9,NY0450000,"Saratoga, NY",robbery,0.05616031175072153,0.0563694016573401,0.054309778352178276
10,NY0450000,"Saratoga, NY",robbery,0.041594484547410396,0.048891786107922774,0.05431730320946865
11,NY0450000,"Saratoga, NY",robbery,0.05098107485514673,0.045104688994826954,0.05430977835217826
12,NY0450000,"Saratoga, NY",robbery,0.05056456427533197,0.03083494570898669,0.05431831037461868
1,NY0460100,"Schenectady, NY",robbery,-0.014718746777558186,-0.04221744074935639,0.04591628300620201
2,NY0460100,"Schenectady, NY",robbery,-0.10674012224271302,-0.158223276234228,0.046036834737796864
3,NY0460100,"Schenectady, NY",robbery,-0.12944676536406494,-0.1669929058511419,0.04598684818783997
4,NY0460100,"Schenectady, NY",robbery,-0.07056587126363142,-0.06054275830256508,0.04600284438012651
5,NY0460100,"Schenectady, NY",robbery,-0.006666007958024384,0.037035152531992695,0.045986848187839977
6,NY0460100,"Schenectady, NY",robbery,0.022721889338011475,0.06971767386303365,0.046036834737796864
7,NY0460100,"Schenectady, NY",robbery,0.04369013349377921,0.08457054643454133,0.045916283006202006
8,NY0460100,"Schenectady, NY",robbery,0.06242505534559063,0.09198887280801514,0.046036834737796864
9,NY0460100,"Schenectady, NY",robbery,0.05616031175072153,0.05840539673974415,0.045986848187839977
10,NY0460100,"Schenectady, NY",robbery,0.041594484547410396,0.01818965261738015,0.04600284438012651
11,NY0460100,"Schenectady, NY",robbery,0.05098107485514673,0.029199250894220097,0.04598684818783997
12,NY0460100,"Schenectady, NY",robbery,0.05056456427533197,0.03886983524836416,0.046036834737796864
1,NY0590400,"New Rochelle, NY",robbery,-0.014718746777558186,-0.0264351694205597,0.050279195926182456
2,NY0590400,"New Rochelle, NY",robbery,-0.10674012224271302,-0.11931145929947262,0.05037973449432639
3,NY0590400,"New Rochelle, NY",robbery,-0.12944676536406494,-0.11587221884097948,0.050336340652889645
4,NY0590400,"New Rochelle, NY",robbery,-0.07056587126363142,-0.04954320580500002,0.05038496458564591
5,NY0590400,"New Rochelle, NY",robbery,-0.006666007958024384,-0.017686443550737577,0.050336340652889645
6,NY0590400,"New Rochelle, NY",robbery,0.022721889338011475,-0.002948585340125466,0.05037973449432639
7,NY0590400,"New Rochelle, NY",robbery,0.04369013349377921,0.053711781099879674,0.05027919592618245
8,NY0590400,"New Rochelle, NY",robbery,0.06242505534559063,0.10123928307746609,0.05037973449432639
9,NY0590400,"New Rochelle, NY",robbery,0.05616031175072153,0.07052343093965299,0.05033634065288965
10,NY0590400,"New Rochelle, NY",robbery,0.041594484547410396,0.02226659412568003,0.05038496458564591
11,NY0590400,"New Rochelle, NY",robbery,0.05098107485514673,0.03575861977274406,0.050336340652889645
12,NY0590400,"New Rochelle, NY",robbery,0.05056456427533197,0.048297373241452016,0.05037973449432639
1,OH0090200,"Hamilton, OH",robbery,-0.014718746777558186,0.03996086551664775,0.04931076121025368
2,OH0090200,"Hamilton, OH",robbery,-0.10674012224271302,-0.0598499394970524,0.049410761496152145
3,OH0090200,"Hamilton, OH",robbery,-0.12944676536406494,-0.11992064360285812,0.049387813490532846
4,OH0090200,"Hamilton, OH",robbery,-0.07056587126363142,-0.08249888151708404,0.049463941512840094
5,OH0090200,"Hamilton, OH",robbery,-0.006666007958024384,-0.0168246105718642,0.04938781349053285
6,OH0090200,"Hamilton, OH",robbery,0.022721889338011475,0.014984937262894368,0.049410761496152145
7,OH0090200,"Hamilton, OH",robbery,0.04369013349377921,0.0337688876020902,0.04931076121025367
8,OH0090200,"Hamilton, OH",robbery,0.06242505534559063,0.05202699757208923,0.049410761496152145
9,OH0090200,"Hamilton, OH",robbery,0.05616031175072153,0.03836794855915701,0.04938781349053285
10,OH0090200,"Hamilton, OH",robbery,0.041594484547410396,0.00876912839834609,0.049463941512840094
11,OH0090200,"Hamilton, OH",robbery,0.05098107485514673,0.02464755249682734,0.049387813490532846
12,OH0090200,"Hamilton, OH",robbery,0.05056456427533197,0.06656775778080674,0.049410761496152145
1,OH0091500,"West Chester Township, OH",robbery,-0.014718746777558186,-0.03213520845590252,0.05339723007590564
2,OH0091500,"West Chester Township, OH",robbery,-0.10674012224271302,-0.11898678345807122,0.05342170606557331
3,OH0091500,"West Chester Township, OH",robbery,-0.12944676536406494,-0.14095975654083806,0.05342766409549353
4,OH0091500,"West Chester Township, OH",robbery,-0.07056587126363142,-0.08909908324046295,0.053435239196371206
5,OH0091500,"West Chester Township, OH",robbery,-0.006666007958024384,-0.021844967469978473,0.053427664095493536
6,OH0091500,"West Chester Township, OH",robbery,0.022721889338011475,0.022498867511135282,0.05342170606557331
7,OH0091500,"West Chester Township, OH",robbery,0.04369013349377921,0.052079100862343866,0.05339723007590563
8,OH0091500,"West Chester Township, OH",robbery,0.06242505534559063,0.07195279892527538,0.05342170606557331
9,OH0091500,"West Chester Township, OH",robbery,0.05616031175072153,0.0739818796016009,0.053427664095493536
10,OH0091500,"West Chester Township, OH",robbery,0.041594484547410396,0.06915519083402161,0.053435239196371206
11,OH0091500,"West Chester Township, OH",robbery,0.05098107485514673,0.06887895200277425,0.05342766409549353
12,OH0091500,"West Chester Township, OH",robbery,0.05056456427533197,0.04447900942810194,0.05342170606557331
1,OH0250300,"Dublin, OH",robbery,-0.014718746777558186,-0.0076507623622382405,0.054167023844873013
2,OH0250300,"Dublin, OH",robbery,-0.10674012224271302,-0.09382352742923042,0.05417732392633041
3,OH0250300,"Dublin, OH",robbery,-0.12944676536406494,-0.12386839007206761,0.05417362682206947
4,OH0250300,"Dublin, OH",robbery,-0.07056587126363142,-0.06744481422283191,0.054174723231892034
5,OH0250300,"Dublin, OH",robbery,-0.006666007958024384,-0.003925897349956905,0.05417362682206948
6,OH0250300,"Dublin, OH",robbery,0.022721889338011475,0.012795846582149929,0.05417732392633041
7,OH0250300,"Dublin, OH",robbery,0.04369013349377921,0.022482764138977412,0.054167023844873007
8,OH0250300,"Dublin, OH",robbery,0.06242505534559063,0.05398303562898539,0.05417732392633041
9,OH0250300,"Dublin, OH",robbery,0.05616031175072153,0.06919589649508344,0.05417362682206948
10,OH0250300,"Dublin, OH",robbery,0.041594484547410396,0.05261281244609275,0.054174723231892034
11,OH0250300,"Dublin, OH",robbery,0.05098107485514673,0.04376638915020189,0.05417362682206947
12,OH0250300,"Dublin, OH",robbery,0.05056456427533197,0.04187664699483427,0.05417732392633041
1,OH0314200,"Colerain Township, OH",robbery,-0.014718746777558186,0.0047338959613064105,0.05205404612274296
2,OH0314200,"Colerain Township, OH",robbery,-0.10674012224271302,-0.09742854085296392,0.05209717743236047
3,OH0314200,"Colerain Township, OH",robbery,-0.12944676536406494,-0.14939935443741414,0.05209816590206759
4,OH0314200,"Colerain Township, OH",robbery,-0.07056587126363142,-0.08256587151078726,0.052110455099523625
5,OH0314200,"Colerain Township, OH",robbery,-0.006666007958024384,0.013796149671921564,0.052098165902067596
6,OH0314200,"Colerain Township, OH",robbery,0.022721889338011475,0.04369732292852402,0.05209717743236047
7,OH0314200,"Colerain Township, OH",robbery,0.04369013349377921,0.03900262945869617,0.05205404612274295
8,OH0314200,"Colerain Township, OH",robbery,0.06242505534559063,0.05513058963465612,0.05209717743236047
9,OH0314200,"Colerain Township, OH",robbery,0.05616031175072153,0.06336487779910378,0.052098165902067596
10,OH0314200,"Colerain Township, OH",robbery,0.041594484547410396,0.038829346090784686,0.052110455099523625
11,OH0314200,"Colerain Township, OH",robbery,0.05098107485514673,0.0285018015463862,0.05209816590206759
12,OH0314200,"Colerain Township, OH",robbery,0.05056456427533197,0.04233715370978634,0.05209717743236047
1,OH0314400,"Green Township, OH",robbery,-0.014718746777558186,-0.010149701447693846,0.05340367775767504
2,OH0314400,"Green Township, OH",robbery,-0.10674012224271302,-0.07891135571288098,0.0534265430400045
3,OH0314400,"Green Township, OH",robbery,-0.12944676536406494,-0.10203446676636332,0.053437669030404575
4,OH0314400,"Green Township, OH",robbery,-0.07056587126363142,-0.07898742471005364,0.05343209616771859
5,OH0314400,"Green Township, OH",robbery,-0.006666007958024384,-0.037669845873804994,0.05343766903040458
6,OH0314400,"Green Township, OH",robbery,0.022721889338011475,0.015319999795520168,0.0534265430400045
7,OH0314400,"Green Township, OH",robbery,0.04369013349377921,0.06590747667525582,0.05340367775767503
8,OH0314400,"Green Township, OH",robbery,0.06242505534559063,0.07565620706103889,0.0534265430400045
9,OH0314400,"Green Township, OH",robbery,0.05616031175072153,0.04302154288695928,0.05343766903040458
10,OH0314400,"Green Township, OH",robbery,0.041594484547410396,0.02322964948249166,0.05343209616771859
11,OH0314400,"Green Township, OH",robbery,0.05098107485514673,0.04092499452564704,0.053437669030404575
12,OH0314400,"Green Township, OH",robbery,0.05056456427533197,0.04369292408388394,0.0534265430400045
1,OH0470400,"Elyria, OH",robbery,-0.014718746777558186,-0.002847601380494405,0.05205892016917303
2,OH0470400,"Elyria, OH",robbery,-0.10674012224271302,-0.09405650071220567,0.05211057897786909
3,OH0470400,"Elyria, OH",robbery,-0.12944676536406494,-0.12684297789829654,0.05209997987570661
4,OH0470400,"Elyria, OH",robbery,-0.07056587126363142,-0.08182835914459753,0.0521067170854482
5,OH0470400,"Elyria, OH",robbery,-0.006666007958024384,-0.026762193941958366,0.052099979875706616
6,OH0470400,"Elyria, OH",robbery,0.022721889338011475,-0.0016193906308211833,0.05211057897786909
7,OH0470400,"Elyria, OH",robbery,0.04369013349377921,0.021205213259272448,0.052058920169173024
8,OH0470400,"Elyria, OH",robbery,0.06242505534559063,0.05409640509208021,0.052110578977869096
9,OH0470400,"Elyria, OH",robbery,0.05616031175072153,0.06852527039939305,0.05209997987570662
10,OH0470400,"Elyria, OH",robbery,0.041594484547410396,0.0634707472658195,0.0521067170854482
11,OH0470400,"Elyria, OH",robbery,0.05098107485514673,0.06672228956208379,0.05209997987570661
12,OH0470400,"Elyria, OH",robbery,0.05056456427533197,0.0599370981297247,0.05211057897786909
1,OH0470500,"Lorain, OH",robbery,-0.014718746777558186,-0.05029370923684911,0.049643538615107764
2,OH0470500,"Lorain, OH",robbery,-0.10674012224271302,-0.1309014690814399,0.04970072051510383
3,OH0470500,"Lorain, OH",robbery,-0.12944676536406494,-0.14218767578809496,0.04968892222040016
4,OH0470500,"Lorain, OH",robbery,-0.07056587126363142,-0.08460219649798732,0.04969009794575708
5,OH0470500,"Lorain, OH",robbery,-0.006666007958024384,-0.016382769952002812,0.04968892222040017
6,OH0470500,"Lorain, OH",robbery,0.022721889338011475,0.034463598346532134,0.04970072051510383
7,OH0470500,"Lorain, OH",robbery,0.04369013349377921,0.07490895390745346,0.04964353861510776
8,OH0470500,"Lorain, OH",robbery,0.06242505534559063,0.09483385675302772,0.04970072051510383
9,OH0470500,"Lorain, OH",robbery,0.05616031175072153,0.08150481878907842,0.04968892222040017
10,OH0470500,"Lorain, OH",robbery,0.041594484547410396,0.05998695182738296,0.04969009794575708
11,OH0470500,"Lorain, OH",robbery,0.05098107485514673,0.05245038228041495,0.04968892222040016
12,OH0470500,"Lorain, OH",robbery,0.05056456427533197,0.02621925865248448,0.04970072051510383
1,OH0570200,"Dayton, OH",robbery,-0.014718746777558186,-0.05912470482111551,0.03858182425305414
2,OH0570200,"Dayton, OH",robbery,-0.10674012224271302,-0.12451268368020867,0.03869390172682545
3,OH0570200,"Dayton, OH",robbery,-0.12944676536406494,-0.12386255237246262,0.03866330241027117
4,OH0570200,"Dayton, OH",robbery,-0.07056587126363142,-0.06214411446336362,0.03869899911542614
5,OH0570200,"Dayton, OH",robbery,-0.006666007958024384,0.01287016360274304,0.038663302410271175
6,OH0570200,"Dayton, OH",robbery,0.022721889338011475,0.06066016500323619,0.03869390172682545
7,OH0570200,"Dayton, OH",robbery,0.04369013349377921,0.07033624630556568,0.038581824253054134
8,OH0570200,"Dayton, OH",robbery,0.06242505534559063,0.05562210193398687,0.03869390172682545
9,OH0570200,"Dayton, OH",robbery,0.05616031175072153,0.043760429141790666,0.038663302410271175
10,OH0570200,"Dayton, OH",robbery,0.041594484547410396,0.050932572978913446,0.03869899911542614
11,OH0570200,"Dayton, OH",robbery,0.05098107485514673,0.05602041814347872,0.03866330241027117
12,OH0570200,"Dayton, OH",robbery,0.05056456427533197,0.019441958227435836,0.03869390172682545
1,OH0760000,"Stark, OH",robbery,-0.014718746777558186,0.007828929927436832,0.05335404943012479
2,OH0760000,"Stark, OH",robbery,-0.10674012224271302,-0.10038767695230431,0.05337972137784473
3,OH0760000,"Stark, OH",robbery,-0.12944676536406494,-0.14294884716617168,0.05337975038501662
4,OH0760000,"Stark, OH",robbery,-0.07056587126363142,-0.07436815128986628,0.05338487173924377
5,OH0760000,"Stark, OH",robbery,-0.006666007958024384,0.008048114893542084,0.053379750385016626
6,OH0760000,"Stark, OH",robbery,0.022721889338011475,0.029712723906386518,0.05337972137784473
7,OH0760000,"Stark, OH",robbery,0.04369013349377921,0.03108549104313351,0.053354049430124784
8,OH0760000,"Stark, OH",robbery,0.06242505534559063,0.050058773319939374,0.05337972137784473
9,OH0760000,"Stark, OH",robbery,0.05616031175072153,0.053705522563236414,0.05337975038501663
10,OH0760000,"Stark, OH",robbery,0.041594484547410396,0.03545373031929593,0.05338487173924377
11,OH0760000,"Stark, OH",robbery,0.05098107485514673,0.04228078873882282,0.05337975038501662
12,OH0760000,"Stark, OH",robbery,0.05056456427533197,0.059530600696548766,0.05337972137784473
1,OH0760400,"Canton, OH",robbery,-0.014718746777558186,-0.0071065790798972624,0.04406067454303413
2,OH0760400,"Canton, OH",robbery,-0.10674012224271302,-0.12041517213312505,0.044106883448401336
3,OH0760400,"Canton, OH",robbery,-0.12944676536406494,-0.157316593152708,0.04416313597157059
4,OH0760400,"Canton, OH",robbery,-0.07056587126363142,-0.06654848444120764,0.04414903904796123
5,OH0760400,"Canton, OH",robbery,-0.006666007958024384,0.028725118660812406,0.044163135971570594
6,OH0760400,"Canton, OH",robbery,0.022721889338011475,0.046939848870446596,0.044106883448401336
7,OH0760400,"Canton, OH",robbery,0.04369013349377921,0.05124197221938692,0.044060674543034126
8,OH0760400,"Canton, OH",robbery,0.06242505534559063,0.0803599454071953,0.044106883448401336
9,OH0760400,"Canton, OH",robbery,0.05616031175072153,0.07312597328728859,0.0441631359715706
10,OH0760400,"Canton, OH",robbery,0.041594484547410396,0.022413091301717994,0.04414903904796123
11,OH0760400,"Canton, OH",robbery,0.05098107485514673,0.01133010806511732,0.04416313597157059
12,OH0760400,"Canton, OH",robbery,0.05056456427533197,0.03725077099497283,0.044106883448401336
1,OH0770100,"Akron, OH",robbery,-0.014718746777558186,-0.027970260819598185,0.040494817365193315
2,OH0770100,"Akron, OH",robbery,-0.10674012224271302,-0.12454588824454266,0.040555938872922956
3,OH0770100,"Akron, OH",robbery,-0.12944676536406494,-0.1530261296312501,0.040588740559873965
4,OH0770100,"Akron, OH",robbery,-0.07056587126363142,-0.07463587912081837,0.04055819340458922
5,OH0770100,"Akron, OH",robbery,-0.006666007958024384,0.006667935202917913,0.040588740559873965
6,OH0770100,"Akron, OH",robbery,0.022721889338011475,0.023260703530024882,0.040555938872922956
7,OH0770100,"Akron, OH",robbery,0.04369013349377921,0.0360103746131591,0.04049481736519331
8,OH0770100,"Akron, OH",robbery,0.06242505534559063,0.08439711690439027,0.040555938872922956
9,OH0770100,"Akron, OH",robbery,0.05616031175072153,0.10483724449753681,0.040588740559873965
10,OH0770100,"Akron, OH",robbery,0.041594484547410396,0.06659576532725747,0.04055819340458922
11,OH0770100,"Akron, OH",robbery,0.05098107485514673,0.033480836137234425,0.040588740559873965
12,OH0770100,"Akron, OH",robbery,0.05056456427533197,0.02492818160368842,0.040555938872922956
1,OHCIP0000,"Cincinnati, OH",robbery,-0.014718746777558186,-0.09836175077979493,0.03313316558970112
2,OHCIP0000,"Cincinnati, OH",robbery,-0.10674012224271302,-0.1904699175000002,0.03323829715357494
3,OHCIP0000,"Cincinnati, OH",robbery,-0.12944676536406494,-0.14504245289120765,0.03317050883096162
4,OHCIP0000,"Cincinnati, OH",robbery,-0.07056587126363142,-0.04422853702091223,0.03322811680543766
5,OHCIP0000,"Cincinnati, OH",robbery,-0.006666007958024384,0.0072557864413875135,0.03317050883096163
6,OHCIP0000,"Cincinnati, OH",robbery,0.022721889338011475,0.03337072890721168,0.03323829715357494
7,OHCIP0000,"Cincinnati, OH",robbery,0.04369013349377921,0.07950307139140017,0.033133165589701113
8,OHCIP0000,"Cincinnati, OH",robbery,0.06242505534559063,0.10243905141223125,0.03323829715357494
9,OHCIP0000,"Cincinnati, OH",robbery,0.05616031175072153,0.0758702661918335,0.03317050883096163
10,OHCIP0000,"Cincinnati, OH",robbery,0.041594484547410396,0.06308721640930698,0.03322811680543766
11,OHCIP0000,"Cincinnati, OH",robbery,0.05098107485514673,0.08077507964638135,0.03317050883096162
12,OHCIP0000,"Cincinnati, OH",robbery,0.05056456427533197,0.035801457792162594,0.03323829715357494
1,OHCLP0000,"Cleveland, OH",robbery,-0.014718746777558186,-0.06615264828739456,0.029786726999945733
2,OHCLP0000,"Cleveland, OH",robbery,-0.10674012224271302,-0.11102039147500109,0.02984069208139128
3,OHCLP0000,"Cleveland, OH",robbery,-0.12944676536406494,-0.12100490456725985,0.02985716901704765
4,OHCLP0000,"Cleveland, OH",robbery,-0.07056587126363142,-0.08651253153233993,0.02985801083408617
5,OHCLP0000,"Cleveland, OH",robbery,-0.006666007958024384,-0.019740660428502758,0.029857169017047654
6,OHCLP0000,"Cleveland, OH",robbery,0.022721889338011475,0.05230650658121472,0.02984069208139128
7,OHCLP0000,"Cleveland, OH",robbery,0.04369013349377921,0.0990452328722411,0.02978672699994573
8,OHCLP0000,"Cleveland, OH",robbery,0.06242505534559063,0.10502512614910325,0.02984069208139128
9,OHCLP0000,"Cleveland, OH",robbery,0.05616031175072153,0.08211705465651549,0.029857169017047654
10,OHCLP0000,"Cleveland, OH",robbery,0.041594484547410396,0.053619946947493384,0.02985801083408617
11,OHCLP0000,"Cleveland, OH",robbery,0.05098107485514673,0.025735925754400542,0.02985716901704765
12,OHCLP0000,"Cleveland, OH",robbery,0.05056456427533197,-0.013418656670470281,0.029840692081391278
1,OHCOP0000,"Columbus, OH",robbery,-0.014718746777558186,-0.05666224304535261,0.030416507968655433
2,OHCOP0000,"Columbus, OH",robbery,-0.10674012224271302,-0.19321616516192447,0.030519295791934086
3,OHCOP0000,"Columbus, OH",robbery,-0.12944676536406494,-0.16990672873063034,0.030489948668612116
4,OHCOP0000,"Columbus, OH",robbery,-0.07056587126363142,-0.04438514129291931,0.03052466045951578
5,OHCOP0000,"Columbus, OH",robbery,-0.006666007958024384,0.01824590233642092,0.030489948668612123
6,OHCOP0000,"Columbus, OH",robbery,0.022721889338011475,0.03683133152105976,0.030519295791934086
7,OHCOP0000,"Columbus, OH",robbery,0.04369013349377921,0.10455274579382771,0.03041650796865543
8,OHCOP0000,"Columbus, OH",robbery,0.06242505534559063,0.15010823935882342,0.030519295791934086
9,OHCOP0000,"Columbus, OH",robbery,0.05616031175072153,0.07890830017905424,0.030489948668612123
10,OHCOP0000,"Columbus, OH",robbery,0.041594484547410396,-0.0035053614555558004,0.03052466045951578
11,OHCOP0000,"Columbus, OH",robbery,0.05098107485514673,0.024862023466680042,0.03048994866861212
12,OHCOP0000,"Columbus, OH",robbery,0.05056456427533197,0.054167097030516434,0.030519295791934086
1,OK0140100,"Moore, OK",robbery,-0.014718746777558186,-0.035733189790184076,0.052992423117258936
2,OK0140100,"Moore, OK",robbery,-0.10674012224271302,-0.11752160657026231,0.053018799918455865
3,OK0140100,"Moore, OK",robbery,-0.12944676536406494,-0.12573680840898804,0.053010029746799456
4,OK0140100,"Moore, OK",robbery,-0.07056587126363142,-0.061089991439969175,0.05301556597004004
5,OK0140100,"Moore, OK",robbery,-0.006666007958024384,0.0026445448900392493,0.05301002974679946
6,OK0140100,"Moore, OK",robbery,0.022721889338011475,0.030894475780769558,0.053018799918455865
7,OK0140100,"Moore, OK",robbery,0.04369013349377921,0.04774039125381109,0.05299242311725893
8,OK0140100,"Moore, OK",robbery,0.06242505534559063,0.06176820835902421,0.053018799918455865
9,OK0140100,"Moore, OK",robbery,0.05616031175072153,0.05797620873412294,0.05301002974679947
10,OK0140100,"Moore, OK",robbery,0.041594484547410396,0.04908278997634216,0.05301556597004004
11,OK0140100,"Moore, OK",robbery,0.05098107485514673,0.0531088533211988,0.053010029746799456
12,OK0140100,"Moore, OK",robbery,0.05056456427533197,0.0368661238940956,0.053018799918455865
1,OK0550300,"Edmond, OK",robbery,-0.014718746777558186,-0.005974032668112068,0.05338653203212854
2,OK0550300,"Edmond, OK",robbery,-0.10674012224271302,-0.09407720453955269,0.0534127876238505
3,OK0550300,"Edmond, OK",robbery,-0.12944676536406494,-0.12541700215926746,0.05341682668947147
4,OK0550300,"Edmond, OK",robbery,-0.07056587126363142,-0.08796244162840122,0.053421295523329304
5,OK0550300,"Edmond, OK",robbery,-0.006666007958024384,-0.03512537842177322,0.053416826689471474
6,OK0550300,"Edmond, OK",robbery,0.022721889338011475,0.008588765369745451,0.0534127876238505
7,OK0550300,"Edmond, OK",robbery,0.04369013349377921,0.05147425570077329,0.053386532032128536
8,OK0550300,"Edmond, OK",robbery,0.06242505534559063,0.0757334962365099,0.0534127876238505
9,OK0550300,"Edmond, OK",robbery,0.05616031175072153,0.061573070823563454,0.05341682668947148
10,OK0550300,"Edmond, OK",robbery,0.041594484547410396,0.042462218595739995,0.053421295523329304
11,OK0550300,"Edmond, OK",robbery,0.05098107485514673,0.05346908672481598,0.05341682668947147
12,OK0550300,"Edmond, OK",robbery,0.05056456427533197,0.05525516596595861,0.0534127876238505
1,OK0550400,"Midwest City, OK",robbery,-0.014718746777558186,0.032832432573249665,0.05169186485670044
2,OK0550400,"Midwest City, OK",robbery,-0.10674012224271302,-0.090941213220677,0.05173131308945892
3,OK0550400,"Midwest City, OK",robbery,-0.12944676536406494,-0.11663491124401273,0.05168343717684259
4,OK0550400,"Midwest City, OK",robbery,-0.07056587126363142,-0.043027309706479035,0.051669151949302966
5,OK0550400,"Midwest City, OK",robbery,-0.006666007958024384,0.0048923778080830075,0.051683437176842595
6,OK0550400,"Midwest City, OK",robbery,0.022721889338011475,-0.006751870184230375,0.05173131308945892
7,OK0550400,"Midwest City, OK",robbery,0.04369013349377921,-0.006069146860441498,0.05169186485670043
8,OK0550400,"Midwest City, OK",robbery,0.06242505534559063,0.01799755006938279,0.05173131308945892
9,OK0550400,"Midwest City, OK",robbery,0.05616031175072153,0.016927962379910334,0.0516834371768426
10,OK0550400,"Midwest City, OK",robbery,0.041594484547410396,0.016264023993670856,0.051669151949302966
11,OK0550400,"Midwest City, OK",robbery,0.05098107485514673,0.06805128534321118,0.051683437176842595
12,OK0550400,"Midwest City, OK",robbery,0.05056456427533197,0.10645881904833279,0.05173131308945892
1,OK0550600,"Oklahoma City, OK",robbery,-0.014718746777558186,-0.040516790296808984,0.03296470576449387
2,OK0550600,"Oklahoma City, OK",robbery,-0.10674012224271302,-0.15493808148500193,0.03309052359036905
3,OK0550600,"Oklahoma City, OK",robbery,-0.12944676536406494,-0.14878980280170584,0.03306177810092741
4,OK0550600,"Oklahoma City, OK",robbery,-0.07056587126363142,-0.045042409335211496,0.03310063748919326
5,OK0550600,"Oklahoma City, OK",robbery,-0.006666007958024384,0.01974790751776448,0.03306177810092742
6,OK0550600,"Oklahoma City, OK",robbery,0.022721889338011475,0.029337571447142222,0.03309052359036905
7,OK0550600,"Oklahoma City, OK",robbery,0.04369013349377921,0.06188631860717964,0.03296470576449387
8,OK0550600,"Oklahoma City, OK",robbery,0.06242505534559063,0.09973401148518204,0.03309052359036905
9,OK0550600,"Oklahoma City, OK",robbery,0.05616031175072153,0.07221620449151533,0.03306177810092742
10,OK0550600,"Oklahoma City, OK",robbery,0.041594484547410396,0.023672881024840838,0.03310063748919326
11,OK0550600,"Oklahoma City, OK",robbery,0.05098107485514673,0.03545616248205533,0.03306177810092741
12,OK0550600,"Oklahoma City, OK",robbery,0.05056456427533197,0.04723602686304834,0.03309052359036905
1,OK0720100,"Broken Arrow, OK",robbery,-0.014718746777558186,0.011496295272924674,0.05273214218199429
2,OK0720100,"Broken Arrow, OK",robbery,-0.10674012224271302,-0.09732765610469922,0.052771313555187396
3,OK0720100,"Broken Arrow, OK",robbery,-0.12944676536406494,-0.14631879005582216,0.052774452603298556
4,OK0720100,"Broken Arrow, OK",robbery,-0.07056587126363142,-0.08134704943426362,0.05278459467816939
5,OK0720100,"Broken Arrow, OK",robbery,-0.006666007958024384,0.010654409118241696,0.05277445260329857
6,OK0720100,"Broken Arrow, OK",robbery,0.022721889338011475,0.04464914117268118,0.052771313555187396
7,OK0720100,"Broken Arrow, OK",robbery,0.04369013349377921,0.042065524639085,0.05273214218199428
8,OK0720100,"Broken Arrow, OK",robbery,0.06242505534559063,0.04437557862784277,0.052771313555187396
9,OK0720100,"Broken Arrow, OK",robbery,0.05616031175072153,0.039804892666956034,0.05277445260329857
10,OK0720100,"Broken Arrow, OK",robbery,0.041594484547410396,0.027785229522253943,0.05278459467816939
11,OK0720100,"Broken Arrow, OK",robbery,0.05098107485514673,0.04229766835861473,0.05277445260329856
12,OK0720100,"Broken Arrow, OK",robbery,0.05056456427533197,0.06186475621618495,0.05277131355518739
1,OR0020100,"Corvallis, OR",robbery,-0.014718746777558186,-0.031186449905590944,0.05216365713582346
2,OR0020100,"Corvallis, OR",robbery,-0.10674012224271302,-0.11178360608836661,0.052206461204152045
3,OR0020100,"Corvallis, OR",robbery,-0.12944676536406494,-0.11361451242301433,0.05219588172862887
4,OR0020100,"Corvallis, OR",robbery,-0.07056587126363142,-0.059627999039487165,0.05219842550550063
5,OR0020100,"Corvallis, OR",robbery,-0.006666007958024384,-0.025053311422735074,0.05219588172862888
6,OR0020100,"Corvallis, OR",robbery,0.022721889338011475,-0.005574255924493523,0.052206461204152045
7,OR0020100,"Corvallis, OR",robbery,0.04369013349377921,0.04092855017280252,0.05216365713582345
8,OR0020100,"Corvallis, OR",robbery,0.06242505534559063,0.08484840807185541,0.052206461204152045
9,OR0020100,"Corvallis, OR",robbery,0.05616031175072153,0.07693721413929155,0.052195881728628886
10,OR0020100,"Corvallis, OR",robbery,0.041594484547410396,0.049885898772275575,0.05219842550550063
11,OR0020100,"Corvallis, OR",robbery,0.05098107485514673,0.051988509439246225,0.05219588172862887
12,OR0020100,"Corvallis, OR",robbery,0.05056456427533197,0.04225155420821636,0.052206461204152045
1,OR0030000,"Clackamas, OR",robbery,-0.014718746777558186,-0.006117594598727632,0.04676312379875694
2,OR0030000,"Clackamas, OR",robbery,-0.10674012224271302,-0.09974404511103735,0.046854666613094315
3,OR0030000,"Clackamas, OR",robbery,-0.12944676536406494,-0.11005712803900246,0.04680955357032053
4,OR0030000,"Clackamas, OR",robbery,-0.07056587126363142,-0.04782473906096035,0.04683133530337871
5,OR0030000,"Clackamas, OR",robbery,-0.006666007958024384,0.004165809775062526,0.04680955357032054
6,OR0030000,"Clackamas, OR",robbery,0.022721889338011475,0.014471750903180772,0.046854666613094315
7,OR0030000,"Clackamas, OR",robbery,0.04369013349377921,0.012913218503777009,0.04676312379875694
8,OR0030000,"Clackamas, OR",robbery,0.06242505534559063,0.014932391082058643,0.04685466661309432
9,OR0030000,"Clackamas, OR",robbery,0.05616031175072153,0.01844985010497438,0.046809553570320545
10,OR0030000,"Clackamas, OR",robbery,0.041594484547410396,0.04102911515591096,0.04683133530337871
11,OR0030000,"Clackamas, OR",robbery,0.05098107485514673,0.08064584425391615,0.04680955357032053
12,OR0030000,"Clackamas, OR",robbery,0.05056456427533197,0.07713552703084735,0.04685466661309432
1,OR0090100,"Bend, OR",robbery,-0.014718746777558186,0.009343460923334525,0.052068140744184
2,OR0090100,"Bend, OR",robbery,-0.10674012224271302,-0.0615425786199913,0.05214240976774314
3,OR0090100,"Bend, OR",robbery,-0.12944676536406494,-0.11600169868415888,0.052121876437109756
4,OR0090100,"Bend, OR",robbery,-0.07056587126363142,-0.07853897088161364,0.052168514633491835
5,OR0090100,"Bend, OR",robbery,-0.006666007958024384,0.012418068111037763,0.05212187643710976
6,OR0090100,"Bend, OR",robbery,0.022721889338011475,0.054274369421506166,0.05214240976774314
7,OR0090100,"Bend, OR",robbery,0.04369013349377921,0.0318175073253364,0.05206814074418399
8,OR0090100,"Bend, OR",robbery,0.06242505534559063,0.014222003590638202,0.05214240976774314
9,OR0090100,"Bend, OR",robbery,0.05616031175072153,0.027520155406134866,0.05212187643710976
10,OR0090100,"Bend, OR",robbery,0.041594484547410396,0.03737800263294273,0.052168514633491835
11,OR0090100,"Bend, OR",robbery,0.05098107485514673,0.03490250691831531,0.052121876437109756
12,OR0090100,"Bend, OR",robbery,0.05056456427533197,0.03420717385651785,0.05214240976774314
1,OR0150400,"Medford, OR",robbery,-0.014718746777558186,-0.01695445685771375,0.04756749112059051
2,OR0150400,"Medford, OR",robbery,-0.10674012224271302,-0.07792290684927386,0.04766378016459169
3,OR0150400,"Medford, OR",robbery,-0.12944676536406494,-0.07841359627866015,0.047683764945860845
4,OR0150400,"Medford, OR",robbery,-0.07056587126363142,-0.01905071824709524,0.047716160027319106
5,OR0150400,"Medford, OR",robbery,-0.006666007958024384,0.023026878068346614,0.04768376494586085
6,OR0150400,"Medford, OR",robbery,0.022721889338011475,0.022928765270119444,0.04766378016459169
7,OR0150400,"Medford, OR",robbery,0.04369013349377921,0.0247053722370444,0.047567491120590506
8,OR0150400,"Medford, OR",robbery,0.06242505534559063,0.03865939608102853,0.0476637801645917
9,OR0150400,"Medford, OR",robbery,0.05616031175072153,0.031399170131084196,0.04768376494586085
10,OR0150400,"Medford, OR",robbery,0.041594484547410396,0.011299802867764594,0.047716160027319106
11,OR0150400,"Medford, OR",robbery,0.05098107485514673,0.01623663269989869,0.047683764945860845
12,OR0150400,"Medford, OR",robbery,0.05056456427533197,0.024085660877456543,0.04766378016459169
1,OR0220100,"Albany, OR",robbery,-0.014718746777558186,-0.04089994721475586,0.052468835645573954
2,OR0220100,"Albany, OR",robbery,-0.10674012224271302,-0.1355698906472946,0.05249764258277093
3,OR0220100,"Albany, OR",robbery,-0.12944676536406494,-0.1508512770589816,0.052462583305553874
4,OR0220100,"Albany, OR",robbery,-0.07056587126363142,-0.07994889089832434,0.05246179947251486
5,OR0220100,"Albany, OR",robbery,-0.006666007958024384,-0.005271829338961836,0.05246258330555388
6,OR0220100,"Albany, OR",robbery,0.022721889338011475,0.040035688904423196,0.05249764258277093
7,OR0220100,"Albany, OR",robbery,0.04369013349377921,0.08182926201723978,0.05246883564557395
8,OR0220100,"Albany, OR",robbery,0.06242505534559063,0.10706372723462049,0.05249764258277093
9,OR0220100,"Albany, OR",robbery,0.05616031175072153,0.0814157988438236,0.05246258330555389
10,OR0220100,"Albany, OR",robbery,0.041594484547410396,0.03901957609584042,0.05246179947251486
11,OR0220100,"Albany, OR",robbery,0.05098107485514673,0.0337779927516359,0.052462583305553874
12,OR0220100,"Albany, OR",robbery,0.05056456427533197,0.02939978931073488,0.052497642582770926
1,OR0240200,"Salem, OR",robbery,-0.014718746777558186,0.01603091572256872,0.042993981869367044
2,OR0240200,"Salem, OR",robbery,-0.10674012224271302,-0.10344256477850518,0.043112918749988995
3,OR0240200,"Salem, OR",robbery,-0.12944676536406494,-0.15942947265269197,0.043114944169258054
4,OR0240200,"Salem, OR",robbery,-0.07056587126363142,-0.10522620051780374,0.04320075874175692
5,OR0240200,"Salem, OR",robbery,-0.006666007958024384,-0.015618617486776423,0.04311494416925806
6,OR0240200,"Salem, OR",robbery,0.022721889338011475,0.03440804776612572,0.043112918749988995
7,OR0240200,"Salem, OR",robbery,0.04369013349377921,0.048733080427352964,0.04299398186936704
8,OR0240200,"Salem, OR",robbery,0.06242505534559063,0.05078778088770695,0.043112918749988995
9,OR0240200,"Salem, OR",robbery,0.05616031175072153,0.042010692611972066,0.04311494416925806
10,OR0240200,"Salem, OR",robbery,0.041594484547410396,0.04046220436788204,0.04320075874175692
11,OR0240200,"Salem, OR",robbery,0.05098107485514673,0.06827340137757462,0.043114944169258054
12,OR0240200,"Salem, OR",robbery,0.05056456427533197,0.08301073227459421,0.043112918749988995
1,OR0260100,"Gresham, OR",robbery,-0.014718746777558186,0.05831028849255652,0.046056289227628944
2,OR0260100,"Gresham, OR",robbery,-0.10674012224271302,-0.038040470545597206,0.04611577473714742
3,OR0260100,"Gresham, OR",robbery,-0.12944676536406494,-0.11194462745500522,0.04604986193812978
4,OR0260100,"Gresham, OR",robbery,-0.07056587126363142,-0.08811456231202601,0.04607632719979639
5,OR0260100,"Gresham, OR",robbery,-0.006666007958024384,-0.02761343408742979,0.04604986193812979
6,OR0260100,"Gresham, OR",robbery,0.022721889338011475,-0.012633560517713792,0.04611577473714742
7,OR0260100,"Gresham, OR",robbery,0.04369013349377921,-0.01782540040351672,0.04605628922762894
8,OR0260100,"Gresham, OR",robbery,0.06242505534559063,0.009364787337380364,0.04611577473714742
9,OR0260100,"Gresham, OR",robbery,0.05616031175072153,0.04278405615774859,0.04604986193812979
10,OR0260100,"Gresham, OR",robbery,0.041594484547410396,0.04762967422298623,0.04607632719979639
11,OR0260100,"Gresham, OR",robbery,0.05098107485514673,0.056289117295646625,0.04604986193812978
12,OR0260100,"Gresham, OR",robbery,0.05056456427533197,0.0817941318149704,0.04611577473714742
1,OR0260200,"Portland, OR",robbery,-0.014718746777558186,0.009374714030360332,0.0311948726552462
2,OR0260200,"Portland, OR",robbery,-0.10674012224271302,-0.046135560803745194,0.031308449364130346
3,OR0260200,"Portland, OR",robbery,-0.12944676536406494,-0.06852551761126965,0.03128464635473313
4,OR0260200,"Portland, OR",robbery,-0.07056587126363142,-0.05781742037445145,0.03132354041450894
5,OR0260200,"Portland, OR",robbery,-0.006666007958024384,-0.04782826080966017,0.03128464635473314
6,OR0260200,"Portland, OR",robbery,0.022721889338011475,-0.031461182127244365,0.031308449364130346
7,OR0260200,"Portland, OR",robbery,0.04369013349377921,0.013298772869627593,0.031194872655246193
8,OR0260200,"Portland, OR",robbery,0.06242505534559063,0.05638569416041836,0.031308449364130346
9,OR0260200,"Portland, OR",robbery,0.05616031175072153,0.05610216406795492,0.03128464635473314
10,OR0260200,"Portland, OR",robbery,0.041594484547410396,0.035143933474463526,0.03132354041450894
11,OR0260200,"Portland, OR",robbery,0.05098107485514673,0.03757812745298697,0.03128464635473313
12,OR0260200,"Portland, OR",robbery,0.05056456427533197,0.04388453567055913,0.03130844936413034
1,OR0340000,"Washington, OR",robbery,-0.014718746777558186,-0.026249021994179337,0.0501469486824149
2,OR0340000,"Washington, OR",robbery,-0.10674012224271302,-0.1310657729390969,0.0501990692896937
3,OR0340000,"Washington, OR",robbery,-0.12944676536406494,-0.1397078853975642,0.05018879704581492
4,OR0340000,"Washington, OR",robbery,-0.07056587126363142,-0.0554310620079989,0.050199922195065486
5,OR0340000,"Washington, OR",robbery,-0.006666007958024384,0.015018931553507408,0.05018879704581493
6,OR0340000,"Washington, OR",robbery,0.022721889338011475,0.03230327253863631,0.0501990692896937
7,OR0340000,"Washington, OR",robbery,0.04369013349377921,0.04357836230355894,0.05014694868241489
8,OR0340000,"Washington, OR",robbery,0.06242505534559063,0.059941874733852374,0.0501990692896937
9,OR0340000,"Washington, OR",robbery,0.05616031175072153,0.05125464688294008,0.050188797045814935
10,OR0340000,"Washington, OR",robbery,0.041594484547410396,0.0381017216986193,0.050199922195065486
11,OR0340000,"Washington, OR",robbery,0.05098107485514673,0.05610496665173709,0.05018879704581492
12,OR0340000,"Washington, OR",robbery,0.05056456427533197,0.05614996597598787,0.0501990692896937
1,OR0340100,"Beaverton, OR",robbery,-0.014718746777558186,0.02484720147975125,0.04999969947928737
2,OR0340100,"Beaverton, OR",robbery,-0.10674012224271302,-0.07826545489700165,0.05004650621435092
3,OR0340100,"Beaverton, OR",robbery,-0.12944676536406494,-0.10186117183071881,0.050007607831149645
4,OR0340100,"Beaverton, OR",robbery,-0.07056587126363142,-0.047937207770703684,0.050028509996056986
5,OR0340100,"Beaverton, OR",robbery,-0.006666007958024384,-0.008438905066886535,0.050007607831149645
6,OR0340100,"Beaverton, OR",robbery,0.022721889338011475,-0.003980303406109858,0.05004650621435092
7,OR0340100,"Beaverton, OR",robbery,0.04369013349377921,0.010465001682244818,0.04999969947928736
8,OR0340100,"Beaverton, OR",robbery,0.06242505534559063,0.028131740319398676,0.05004650621435092
9,OR0340100,"Beaverton, OR",robbery,0.05616031175072153,0.016415254091119796,0.05000760783114965
10,OR0340100,"Beaverton, OR",robbery,0.041594484547410396,0.012625004608707614,0.050028509996056986
11,OR0340100,"Beaverton, OR",robbery,0.05098107485514673,0.058572619644489475,0.050007607831149645
12,OR0340100,"Beaverton, OR",robbery,0.05056456427533197,0.0894262211457089,0.05004650621435092
1,OR0340300,"Hillsboro, OR",robbery,-0.014718746777558186,-0.07069512778720417,0.049317013053146376
2,OR0340300,"Hillsboro, OR",robbery,-0.10674012224271302,-0.12036113764241015,0.04934182920927089
3,OR0340300,"Hillsboro, OR",robbery,-0.12944676536406494,-0.06466451574163605,0.04934635131027028
4,OR0340300,"Hillsboro, OR",robbery,-0.07056587126363142,-8.008796226976648e-4,0.049355641505777946
5,OR0340300,"Hillsboro, OR",robbery,-0.006666007958024384,9.281138642449852e-5,0.049346351310270285
6,OR0340300,"Hillsboro, OR",robbery,0.022721889338011475,0.0018708964196435531,0.04934182920927089
7,OR0340300,"Hillsboro, OR",robbery,0.04369013349377921,0.04815426666577806,0.04931701305314637
8,OR0340300,"Hillsboro, OR",robbery,0.06242505534559063,0.07069805531991427,0.04934182920927089
9,OR0340300,"Hillsboro, OR",robbery,0.05616031175072153,0.03754229454056629,0.049346351310270285
10,OR0340300,"Hillsboro, OR",robbery,0.041594484547410396,0.023341740744123745,0.049355641505777946
11,OR0340300,"Hillsboro, OR",robbery,0.05098107485514673,0.04957027093607134,0.04934635131027028
12,OR0340300,"Hillsboro, OR",robbery,0.05056456427533197,0.0252513247814263,0.04934182920927089
1,OR0340400,"Tigard, OR",robbery,-0.014718746777558186,-5.828558242776503e-4,0.05063974539779229
2,OR0340400,"Tigard, OR",robbery,-0.10674012224271302,-0.10828671231249468,0.05070842433513649
3,OR0340400,"Tigard, OR",robbery,-0.12944676536406494,-0.11886934245477833,0.050691405060495326
4,OR0340400,"Tigard, OR",robbery,-0.07056587126363142,-0.04638601572954271,0.05070917289928097
5,OR0340400,"Tigard, OR",robbery,-0.006666007958024384,-0.00706628357011335,0.050691405060495326
6,OR0340400,"Tigard, OR",robbery,0.022721889338011475,-0.006268392891595539,0.05070842433513649
7,OR0340400,"Tigard, OR",robbery,0.04369013349377921,0.03008836550548644,0.050639745397792285
8,OR0340400,"Tigard, OR",robbery,0.06242505534559063,0.07628501791066918,0.05070842433513649
9,OR0340400,"Tigard, OR",robbery,0.05616031175072153,0.05736213837174406,0.05069140506049533
10,OR0340400,"Tigard, OR",robbery,0.041594484547410396,0.016880506048333917,0.05070917289928097
11,OR0340400,"Tigard, OR",robbery,0.05098107485514673,0.0390679779719388,0.050691405060495326
12,OR0340400,"Tigard, OR",robbery,0.05056456427533197,0.06777559697462984,0.05070842433513649
1,PA0061400,"Reading, PA",robbery,-0.014718746777558186,0.005682272988582423,0.04439109931674491
2,PA0061400,"Reading, PA",robbery,-0.10674012224271302,-0.055051770808003456,0.04448619765967356
3,PA0061400,"Reading, PA",robbery,-0.12944676536406494,-0.08049743453514709,0.044366778294213746
4,PA0061400,"Reading, PA",robbery,-0.07056587126363142,-0.060682904949271005,0.044377900797762666
5,PA0061400,"Reading, PA",robbery,-0.006666007958024384,-0.02945234006181358,0.044366778294213746
6,PA0061400,"Reading, PA",robbery,0.022721889338011475,-0.023244934206895867,0.04448619765967356
7,PA0061400,"Reading, PA",robbery,0.04369013349377921,-0.030882488425519095,0.044391099316744904
8,PA0061400,"Reading, PA",robbery,0.06242505534559063,-0.013023617508535573,0.04448619765967356
9,PA0061400,"Reading, PA",robbery,0.05616031175072153,0.037622261655544734,0.044366778294213746
10,PA0061400,"Reading, PA",robbery,0.041594484547410396,0.08588312038620768,0.044377900797762666
11,PA0061400,"Reading, PA",robbery,0.05098107485514673,0.09752772837835257,0.044366778294213746
12,PA0061400,"Reading, PA",robbery,0.05056456427533197,0.06612010708649824,0.04448619765967355
1,PA0090100,"Bensalem, PA",robbery,-0.014718746777558186,0.00134085511204309,0.05165567977778671
2,PA0090100,"Bensalem, PA",robbery,-0.10674012224271302,-0.081154698434932,0.0517254935172128
3,PA0090100,"Bensalem, PA",robbery,-0.12944676536406494,-0.10330757665220713,0.05171761465870494
4,PA0090100,"Bensalem, PA",robbery,-0.07056587126363142,-0.05636885222989276,0.051717943196949924
5,PA0090100,"Bensalem, PA",robbery,-0.006666007958024384,-0.017551338058492044,0.051717614658704954
6,PA0090100,"Bensalem, PA",robbery,0.022721889338011475,-0.003157575226892121,0.0517254935172128
7,PA0090100,"Bensalem, PA",robbery,0.04369013349377921,0.03221911798804579,0.0516556797777867
8,PA0090100,"Bensalem, PA",robbery,0.06242505534559063,0.07271720201801732,0.0517254935172128
9,PA0090100,"Bensalem, PA",robbery,0.05616031175072153,0.0613101071352036,0.051717614658704954
10,PA0090100,"Bensalem, PA",robbery,0.041594484547410396,0.022808879129803887,0.051717943196949924
11,PA0090100,"Bensalem, PA",robbery,0.05098107485514673,0.025988834475406685,0.05171761465870494
12,PA0090100,"Bensalem, PA",robbery,0.05056456427533197,0.04515504474389568,0.0517254935172128
1,PA0140300,"State College, PA",robbery,-0.014718746777558186,-0.014509464706197708,0.05447283994795001
2,PA0140300,"State College, PA",robbery,-0.10674012224271302,-0.09965009835812054,0.05448433633143005
3,PA0140300,"State College, PA",robbery,-0.12944676536406494,-0.12734708209853923,0.054476827911235544
4,PA0140300,"State College, PA",robbery,-0.07056587126363142,-0.07284538449705998,0.054484087097166324
5,PA0140300,"State College, PA",robbery,-0.006666007958024384,-0.003634562169393701,0.05447682791123556
6,PA0140300,"State College, PA",robbery,0.022721889338011475,0.024710076279012266,0.05448433633143005
7,PA0140300,"State College, PA",robbery,0.04369013349377921,0.03154672931479566,0.054472839947950005
8,PA0140300,"State College, PA",robbery,0.06242505534559063,0.04583777427559749,0.05448433633143005
9,PA0140300,"State College, PA",robbery,0.05616031175072153,0.056497493407418234,0.05447682791123556
10,PA0140300,"State College, PA",robbery,0.041594484547410396,0.05580811988846203,0.054484087097166324
11,PA0140300,"State College, PA",robbery,0.05098107485514673,0.05744688625191671,0.054476827911235544
12,PA0140300,"State College, PA",robbery,0.05056456427533197,0.046139512412108764,0.05448433633143005
1,PA0220200,"Harrisburg, PA",robbery,-0.014718746777558186,-0.021526205088363747,0.045303641216503626
2,PA0220200,"Harrisburg, PA",robbery,-0.10674012224271302,-0.16548087473361311,0.04535624764884659
3,PA0220200,"Harrisburg, PA",robbery,-0.12944676536406494,-0.1723742932700425,0.045387170546902264
4,PA0220200,"Harrisburg, PA",robbery,-0.07056587126363142,-0.02626049790980209,0.045279687191861234
5,PA0220200,"Harrisburg, PA",robbery,-0.006666007958024384,0.07880756542281787,0.04538717054690227
6,PA0220200,"Harrisburg, PA",robbery,0.022721889338011475,0.04738661508432022,0.04535624764884659
7,PA0220200,"Harrisburg, PA",robbery,0.04369013349377921,-0.0018408313279700533,0.04530364121650362
8,PA0220200,"Harrisburg, PA",robbery,0.06242505534559063,0.020158988560320508,0.0453562476488466
9,PA0220200,"Harrisburg, PA",robbery,0.05616031175072153,0.050419443513083737,0.04538717054690227
10,PA0220200,"Harrisburg, PA",robbery,0.041594484547410396,0.049627534326135904,0.045279687191861234
11,PA0220200,"Harrisburg, PA",robbery,0.05098107485514673,0.06651432075047468,0.045387170546902264
12,PA0220200,"Harrisburg, PA",robbery,0.05056456427533197,0.07456823467263857,0.04535624764884659
1,PA0220400,"Lower Paxton, PA",robbery,-0.014718746777558186,0.011054668585191833,0.053446272914860093
2,PA0220400,"Lower Paxton, PA",robbery,-0.10674012224271302,-0.08818547864778847,0.05346478177038607
3,PA0220400,"Lower Paxton, PA",robbery,-0.12944676536406494,-0.137361007592137,0.0534649268363695
4,PA0220400,"Lower Paxton, PA",robbery,-0.07056587126363142,-0.08706904762740164,0.05347740687180673
5,PA0220400,"Lower Paxton, PA",robbery,-0.006666007958024384,-0.007220757158665066,0.053464926836369504
6,PA0220400,"Lower Paxton, PA",robbery,0.022721889338011475,0.0316360042849478,0.05346478177038607
7,PA0220400,"Lower Paxton, PA",robbery,0.04369013349377921,0.042863427193588786,0.053446272914860087
8,PA0220400,"Lower Paxton, PA",robbery,0.06242505534559063,0.052870314468110025,0.05346478177038607
9,PA0220400,"Lower Paxton, PA",robbery,0.05616031175072153,0.04812774763367796,0.05346492683636951
10,PA0220400,"Lower Paxton, PA",robbery,0.041594484547410396,0.03315095184862102,0.05347740687180673
11,PA0220400,"Lower Paxton, PA",robbery,0.05098107485514673,0.04253592133834349,0.0534649268363695
12,PA0220400,"Lower Paxton, PA",robbery,0.05056456427533197,0.05759725567351129,0.05346478177038607
1,PA0231400,"Haverford, PA",robbery,-0.014718746777558186,-0.02870498405766756,0.05431064945919208
2,PA0231400,"Haverford, PA",robbery,-0.10674012224271302,-0.12716599239543538,0.054320202589245054
3,PA0231400,"Haverford, PA",robbery,-0.12944676536406494,-0.14076123692198522,0.05431577810479716
4,PA0231400,"Haverford, PA",robbery,-0.07056587126363142,-0.06667625119070811,0.054324042453055554
5,PA0231400,"Haverford, PA",robbery,-0.006666007958024384,-0.002548051729282258,0.05431577810479717
6,PA0231400,"Haverford, PA",robbery,0.022721889338011475,0.015901810892230257,0.054320202589245054
7,PA0231400,"Haverford, PA",robbery,0.04369013349377921,0.038546610400218576,0.054310649459192076
8,PA0231400,"Haverford, PA",robbery,0.06242505534559063,0.07425485711013592,0.05432020258924506
9,PA0231400,"Haverford, PA",robbery,0.05616031175072153,0.07800847529413474,0.05431577810479717
10,PA0231400,"Haverford, PA",robbery,0.041594484547410396,0.056834624848157086,0.054324042453055554
11,PA0231400,"Haverford, PA",robbery,0.05098107485514673,0.05545918701458168,0.05431577810479716
12,PA0231400,"Haverford, PA",robbery,0.05056456427533197,0.04685095073562027,0.054320202589245054
1,PA0233700,"Upper Darby, PA",robbery,-0.014718746777558186,-0.03237692928841512,0.04467985041938615
2,PA0233700,"Upper Darby, PA",robbery,-0.10674012224271302,-0.12075322790364856,0.044735202932689275
3,PA0233700,"Upper Darby, PA",robbery,-0.12944676536406494,-0.12529346552877427,0.04470759521417264
4,PA0233700,"Upper Darby, PA",robbery,-0.07056587126363142,-0.04057752875883744,0.04471872305352066
5,PA0233700,"Upper Darby, PA",robbery,-0.006666007958024384,0.02029526709898694,0.04470759521417265
6,PA0233700,"Upper Darby, PA",robbery,0.022721889338011475,0.011062371721614343,0.044735202932689275
7,PA0233700,"Upper Darby, PA",robbery,0.04369013349377921,0.007833006316856881,0.044679850419386144
8,PA0233700,"Upper Darby, PA",robbery,0.06242505534559063,0.05040790988505907,0.044735202932689275
9,PA0233700,"Upper Darby, PA",robbery,0.05616031175072153,0.07949207048174302,0.04470759521417265
10,PA0233700,"Upper Darby, PA",robbery,0.041594484547410396,0.0651214517303957,0.04471872305352066
11,PA0233700,"Upper Darby, PA",robbery,0.05098107485514673,0.05005005091960251,0.04470759521417264
12,PA0233700,"Upper Darby, PA",robbery,0.05056456427533197,0.03473902332541692,0.044735202932689275
1,PA0250200,"Erie, PA",robbery,-0.014718746777558186,0.015250319648403418,0.047613571639365346
2,PA0250200,"Erie, PA",robbery,-0.10674012224271302,-0.11629158575891421,0.04768702042917289
3,PA0250200,"Erie, PA",robbery,-0.12944676536406494,-0.16176679850332193,0.0477190966220746
4,PA0250200,"Erie, PA",robbery,-0.07056587126363142,-0.1019703948366832,0.04773423979115927
5,PA0250200,"Erie, PA",robbery,-0.006666007958024384,-0.02618686787731657,0.04771909662207461
6,PA0250200,"Erie, PA",robbery,0.022721889338011475,0.013119232433738198,0.04768702042917289
7,PA0250200,"Erie, PA",robbery,0.04369013349377921,0.035107268789444396,0.047613571639365346
8,PA0250200,"Erie, PA",robbery,0.06242505534559063,0.047611823056265955,0.04768702042917289
9,PA0250200,"Erie, PA",robbery,0.05616031175072153,0.04272944736282587,0.04771909662207461
10,PA0250200,"Erie, PA",robbery,0.041594484547410396,0.05161280639883538,0.04773423979115927
11,PA0250200,"Erie, PA",robbery,0.05098107485514673,0.09486663057996479,0.04771909662207461
12,PA0250200,"Erie, PA",robbery,0.05056456427533197,0.10591811870675792,0.04768702042917289
1,PA0250300,"Millcreek, PA",robbery,-0.014718746777558186,-4.534596355742367e-4,0.054235046526902156
2,PA0250300,"Millcreek, PA",robbery,-0.10674012224271302,-0.09974247651801407,0.054247673520923384
3,PA0250300,"Millcreek, PA",robbery,-0.12944676536406494,-0.12976468780289474,0.054244708237360294
4,PA0250300,"Millcreek, PA",robbery,-0.07056587126363142,-0.0732399279457163,0.05425044975334426
5,PA0250300,"Millcreek, PA",robbery,-0.006666007958024384,-0.011407925722245985,0.0542447082373603
6,PA0250300,"Millcreek, PA",robbery,0.022721889338011475,0.01705425560702981,0.054247673520923384
7,PA0250300,"Millcreek, PA",robbery,0.04369013349377921,0.042390610176775916,0.05423504652690214
8,PA0250300,"Millcreek, PA",robbery,0.06242505534559063,0.06457144797877641,0.05424767352092339
9,PA0250300,"Millcreek, PA",robbery,0.05616031175072153,0.05265650872245542,0.05424470823736031
10,PA0250300,"Millcreek, PA",robbery,0.041594484547410396,0.03130277740451461,0.05425044975334426
11,PA0250300,"Millcreek, PA",robbery,0.05098107485514673,0.046578954261483604,0.054244708237360294
12,PA0250300,"Millcreek, PA",robbery,0.05056456427533197,0.06005392347340955,0.054247673520923384
1,PA0350400,"Scranton, PA",robbery,-0.014718746777558186,-0.030202719663962048,0.0504786728874132
2,PA0350400,"Scranton, PA",robbery,-0.10674012224271302,-0.09667604909146152,0.050540442369379435
3,PA0350400,"Scranton, PA",robbery,-0.12944676536406494,-0.11594508409232544,0.05053951724084477
4,PA0350400,"Scranton, PA",robbery,-0.07056587126363142,-0.07439566913446992,0.050542303493324114
5,PA0350400,"Scranton, PA",robbery,-0.006666007958024384,-0.0037190942103605983,0.050539517240844774
6,PA0350400,"Scranton, PA",robbery,0.022721889338011475,0.04378120129259525,0.050540442369379435
7,PA0350400,"Scranton, PA",robbery,0.04369013349377921,0.045442783716217086,0.0504786728874132
8,PA0350400,"Scranton, PA",robbery,0.06242505534559063,0.02860789100620487,0.050540442369379435
9,PA0350400,"Scranton, PA",robbery,0.05616031175072153,0.032636861954813745,0.050539517240844774
10,PA0350400,"Scranton, PA",robbery,0.041594484547410396,0.05915560508221487,0.050542303493324114
11,PA0350400,"Scranton, PA",robbery,0.05098107485514673,0.07178725229561722,0.05053951724084477
12,PA0350400,"Scranton, PA",robbery,0.05056456427533197,0.0395270208449165,0.050540442369379435
1,PA0360500,"Lancaster, PA",robbery,-0.014718746777558186,-0.01166596781729805,0.049088421627563994
2,PA0360500,"Lancaster, PA",robbery,-0.10674012224271302,-0.09850908144802421,0.04922840411143268
3,PA0360500,"Lancaster, PA",robbery,-0.12944676536406494,-0.14177526199937707,0.04918095998541652
4,PA0360500,"Lancaster, PA",robbery,-0.07056587126363142,-0.08674393788046386,0.049245943462801645
5,PA0360500,"Lancaster, PA",robbery,-0.006666007958024384,0.009735256264148734,0.04918095998541653
6,PA0360500,"Lancaster, PA",robbery,0.022721889338011475,0.05601656889593987,0.04922840411143268
7,PA0360500,"Lancaster, PA",robbery,0.04369013349377921,0.046416589278480115,0.04908842162756398
8,PA0360500,"Lancaster, PA",robbery,0.06242505534559063,0.03658224332660021,0.04922840411143268
9,PA0360500,"Lancaster, PA",robbery,0.05616031175072153,0.045097802416771006,0.04918095998541653
10,PA0360500,"Lancaster, PA",robbery,0.041594484547410396,0.051993316419281795,0.049245943462801645
11,PA0360500,"Lancaster, PA",robbery,0.05098107485514673,0.05219158185727524,0.04918095998541653
12,PA0360500,"Lancaster, PA",robbery,0.05056456427533197,0.040660890686666215,0.04922840411143267
1,PA0390100,"Allentown, PA",robbery,-0.014718746777558186,-0.0021492582462160218,0.04456326062870479
2,PA0390100,"Allentown, PA",robbery,-0.10674012224271302,-0.06705648560818012,0.044658882686905745
3,PA0390100,"Allentown, PA",robbery,-0.12944676536406494,-0.09180857529590869,0.044593094616037283
4,PA0390100,"Allentown, PA",robbery,-0.07056587126363142,-0.05699558850215388,0.044585984672045643
5,PA0390100,"Allentown, PA",robbery,-0.006666007958024384,-0.009023303904278628,0.04459309461603729
6,PA0390100,"Allentown, PA",robbery,0.022721889338011475,-0.0022939016871053016,0.044658882686905745
7,PA0390100,"Allentown, PA",robbery,0.04369013349377921,-0.02160763516149483,0.04456326062870478
8,PA0390100,"Allentown, PA",robbery,0.06242505534559063,-0.011545733270187633,0.044658882686905745
9,PA0390100,"Allentown, PA",robbery,0.05616031175072153,0.036963249825251794,0.04459309461603729
10,PA0390100,"Allentown, PA",robbery,0.041594484547410396,0.08075248190986473,0.044585984672045643
11,PA0390100,"Allentown, PA",robbery,0.05098107485514673,0.08762552278264635,0.044593094616037283
12,PA0390100,"Allentown, PA",robbery,0.05056456427533197,0.057139227157762214,0.044658882686905745
1,PA0460100,"Abington, PA",robbery,-0.014718746777558186,0.005602579077909467,0.052751100362983375
2,PA0460100,"Abington, PA",robbery,-0.10674012224271302,-0.09284778766909531,0.052774857087130735
3,PA0460100,"Abington, PA",robbery,-0.12944676536406494,-0.12574217525173761,0.052758240952031785
4,PA0460100,"Abington, PA",robbery,-0.07056587126363142,-0.06820004534329412,0.05276037086094759
5,PA0460100,"Abington, PA",robbery,-0.006666007958024384,-0.01037989337493884,0.05275824095203179
6,PA0460100,"Abington, PA",robbery,0.022721889338011475,-9.807659807712153e-4,0.052774857087130735
7,PA0460100,"Abington, PA",robbery,0.04369013349377921,0.009537612010001906,0.05275110036298336
8,PA0460100,"Abington, PA",robbery,0.06242505534559063,0.04602133876067518,0.052774857087130735
9,PA0460100,"Abington, PA",robbery,0.05616031175072153,0.06377553525540611,0.0527582409520318
10,PA0460100,"Abington, PA",robbery,0.041594484547410396,0.053059854255382746,0.05276037086094759
11,PA0460100,"Abington, PA",robbery,0.05098107485514673,0.05720634228335895,0.052758240952031785
12,PA0460100,"Abington, PA",robbery,0.05056456427533197,0.06294740597710273,0.05277485708713073
1,PA0461400,"Lower Merion, PA",robbery,-0.014718746777558186,3.847041424762513e-4,0.053112390581632564
2,PA0461400,"Lower Merion, PA",robbery,-0.10674012224271302,-0.09671206885635483,0.05314704056464091
3,PA0461400,"Lower Merion, PA",robbery,-0.12944676536406494,-0.11671969188903113,0.053138525113285415
4,PA0461400,"Lower Merion, PA",robbery,-0.07056587126363142,-0.054842371017126176,0.053148496837822495
5,PA0461400,"Lower Merion, PA",robbery,-0.006666007958024384,-0.006291266230346121,0.05313852511328542
6,PA0461400,"Lower Merion, PA",robbery,0.022721889338011475,0.004551987237680315,0.05314704056464091
7,PA0461400,"Lower Merion, PA",robbery,0.04369013349377921,0.030259086101567707,0.05311239058163256
8,PA0461400,"Lower Merion, PA",robbery,0.06242505534559063,0.06409783419780087,0.05314704056464091
9,PA0461400,"Lower Merion, PA",robbery,0.05616031175072153,0.05346166698643323,0.05313852511328543
10,PA0461400,"Lower Merion, PA",robbery,0.041594484547410396,0.024198580773082224,0.053148496837822495
11,PA0461400,"Lower Merion, PA",robbery,0.05098107485514673,0.03890550088890004,0.053138525113285415
12,PA0461400,"Lower Merion, PA",robbery,0.05056456427533197,0.05870603766491761,0.05314704056464091
1,PA0480300,"Bethlehem, PA",robbery,-0.014718746777558186,-0.0013913876375649887,0.05108800188627359
2,PA0480300,"Bethlehem, PA",robbery,-0.10674012224271302,-0.12553960718000617,0.05118213805337357
3,PA0480300,"Bethlehem, PA",robbery,-0.12944676536406494,-0.1684142759301404,0.05120277062914736
4,PA0480300,"Bethlehem, PA",robbery,-0.07056587126363142,-0.10816038002587464,0.051250900135475994
5,PA0480300,"Bethlehem, PA",robbery,-0.006666007958024384,-0.037041565588691594,0.05120277062914736
6,PA0480300,"Bethlehem, PA",robbery,0.022721889338011475,0.004103381408329411,0.05118213805337357
7,PA0480300,"Bethlehem, PA",robbery,0.04369013349377921,0.050849622535576136,0.05108800188627358
8,PA0480300,"Bethlehem, PA",robbery,0.06242505534559063,0.09435112691277961,0.05118213805337357
9,PA0480300,"Bethlehem, PA",robbery,0.05616031175072153,0.08776756076490273,0.05120277062914737
10,PA0480300,"Bethlehem, PA",robbery,0.041594484547410396,0.058702145127863495,0.051250900135475994
11,PA0480300,"Bethlehem, PA",robbery,0.05098107485514673,0.06823004585591808,0.05120277062914736
12,PA0480300,"Bethlehem, PA",robbery,0.05056456427533197,0.07654333375690832,0.05118213805337357
1,PAPEP0000,"Philadelphia, PA",robbery,-0.014718746777558186,0.018183138234554773,0.027378268727932274
2,PAPEP0000,"Philadelphia, PA",robbery,-0.10674012224271302,-0.1104132971099912,0.0274213608670064
3,PAPEP0000,"Philadelphia, PA",robbery,-0.12944676536406494,-0.17404992629226962,0.027455129858204773
4,PAPEP0000,"Philadelphia, PA",robbery,-0.07056587126363142,-0.10647437736293047,0.027454454488673823
5,PAPEP0000,"Philadelphia, PA",robbery,-0.006666007958024384,-0.015221995370910525,0.027455129858204776
6,PAPEP0000,"Philadelphia, PA",robbery,0.022721889338011475,0.0040894936418477594,0.0274213608670064
7,PAPEP0000,"Philadelphia, PA",robbery,0.04369013349377921,0.005192361073299121,0.027378268727932267
8,PAPEP0000,"Philadelphia, PA",robbery,0.06242505534559063,0.050401791892771955,0.0274213608670064
9,PAPEP0000,"Philadelphia, PA",robbery,0.05616031175072153,0.0906629217671965,0.02745512985820478
10,PAPEP0000,"Philadelphia, PA",robbery,0.041594484547410396,0.08309887805507658,0.027454454488673823
11,PAPEP0000,"Philadelphia, PA",robbery,0.05098107485514673,0.07523350058812973,0.027455129858204773
12,PAPEP0000,"Philadelphia, PA",robbery,0.05056456427533197,0.07929751088322537,0.0274213608670064
1,PAPPD0000,"Pittsburgh, PA",robbery,-0.014718746777558186,-0.05828736618433685,0.03497409416507334
2,PAPPD0000,"Pittsburgh, PA",robbery,-0.10674012224271302,-0.1509818088816863,0.03514056104611413
3,PAPPD0000,"Pittsburgh, PA",robbery,-0.12944676536406494,-0.14842844295642224,0.03508790615324258
4,PAPPD0000,"Pittsburgh, PA",robbery,-0.07056587126363142,-0.07368265063238223,0.03515303559837104
5,PAPPD0000,"Pittsburgh, PA",robbery,-0.006666007958024384,-0.005707536074608846,0.03508790615324258
6,PAPPD0000,"Pittsburgh, PA",robbery,0.022721889338011475,0.045550435178174566,0.03514056104611413
7,PAPPD0000,"Pittsburgh, PA",robbery,0.04369013349377921,0.09701329023574098,0.034974094165073334
8,PAPPD0000,"Pittsburgh, PA",robbery,0.06242505534559063,0.11244951514492993,0.03514056104611413
9,PAPPD0000,"Pittsburgh, PA",robbery,0.05616031175072153,0.07117022516826176,0.03508790615324258
10,PAPPD0000,"Pittsburgh, PA",robbery,0.041594484547410396,0.03495672658097808,0.03515303559837104
11,PAPPD0000,"Pittsburgh, PA",robbery,0.05098107485514673,0.04423982981136516,0.03508790615324258
12,PAPPD0000,"Pittsburgh, PA",robbery,0.05056456427533197,0.03170778260998601,0.03514056104611413
1,RI0020300,"Warwick, RI",robbery,-0.014718746777558186,-0.01270699966380677,0.05409274980722627
2,RI0020300,"Warwick, RI",robbery,-0.10674012224271302,-0.10466664683085455,0.054105389035067286
3,RI0020300,"Warwick, RI",robbery,-0.12944676536406494,-0.12389901286089991,0.054103862935524716
4,RI0020300,"Warwick, RI",robbery,-0.07056587126363142,-0.05494911909313048,0.05410868568724321
5,RI0020300,"Warwick, RI",robbery,-0.006666007958024384,0.009321358993268285,0.05410386293552472
6,RI0020300,"Warwick, RI",robbery,0.022721889338011475,0.021490010002408775,0.054105389035067286
7,RI0020300,"Warwick, RI",robbery,0.04369013349377921,0.02740391097229063,0.05409274980722626
8,RI0020300,"Warwick, RI",robbery,0.06242505534559063,0.050300182713319506,0.054105389035067286
9,RI0020300,"Warwick, RI",robbery,0.05616031175072153,0.05483563743488102,0.05410386293552473
10,RI0020300,"Warwick, RI",robbery,0.041594484547410396,0.04025220778464664,0.05410868568724321
11,RI0020300,"Warwick, RI",robbery,0.05098107485514673,0.045045105124266724,0.05410386293552472
12,RI0020300,"Warwick, RI",robbery,0.05056456427533197,0.047573365423610146,0.054105389035067286
1,RI0040200,"Cranston, RI",robbery,-0.014718746777558186,-0.04091191340888768,0.05315013385487239
2,RI0040200,"Cranston, RI",robbery,-0.10674012224271302,-0.1185767899629945,0.05321595034216071
3,RI0040200,"Cranston, RI",robbery,-0.12944676536406494,-0.14073333951377584,0.05318350434634856
4,RI0040200,"Cranston, RI",robbery,-0.07056587126363142,-0.07705553732778296,0.05318920770676246
5,RI0040200,"Cranston, RI",robbery,-0.006666007958024384,0.022058087803268574,0.05318350434634857
6,RI0040200,"Cranston, RI",robbery,0.022721889338011475,0.07219505551194112,0.05321595034216071
7,RI0040200,"Cranston, RI",robbery,0.04369013349377921,0.054732693072541194,0.05315013385487238
8,RI0040200,"Cranston, RI",robbery,0.06242505534559063,0.02714633449629255,0.05321595034216071
9,RI0040200,"Cranston, RI",robbery,0.05616031175072153,0.03548210438342035,0.053183504346348574
10,RI0040200,"Cranston, RI",robbery,0.041594484547410396,0.06323475766412945,0.05318920770676246
11,RI0040200,"Cranston, RI",robbery,0.05098107485514673,0.06937236766343335,0.05318350434634857
12,RI0040200,"Cranston, RI",robbery,0.05056456427533197,0.03305617961841441,0.0532159503421607
1,RI0040800,"Pawtucket, RI",robbery,-0.014718746777558186,-0.031393205542501815,0.05065591255125308
2,RI0040800,"Pawtucket, RI",robbery,-0.10674012224271302,-0.11341764763799844,0.05071667303024308
3,RI0040800,"Pawtucket, RI",robbery,-0.12944676536406494,-0.11600868663078806,0.050689983726600406
4,RI0040800,"Pawtucket, RI",robbery,-0.07056587126363142,-0.05350011748676568,0.050704479957639895
5,RI0040800,"Pawtucket, RI",robbery,-0.006666007958024384,-0.014830518087117989,0.05068998372660041
6,RI0040800,"Pawtucket, RI",robbery,0.022721889338011475,-0.00813806157174715,0.05071667303024308
7,RI0040800,"Pawtucket, RI",robbery,0.04369013349377921,0.026104518008949706,0.050655912551253075
8,RI0040800,"Pawtucket, RI",robbery,0.06242505534559063,0.07843442830865616,0.05071667303024308
9,RI0040800,"Pawtucket, RI",robbery,0.05616031175072153,0.08631415483499791,0.05068998372660042
10,RI0040800,"Pawtucket, RI",robbery,0.041594484547410396,0.05878880502031779,0.050704479957639895
11,RI0040800,"Pawtucket, RI",robbery,0.05098107485514673,0.04981373741646022,0.050689983726600406
12,RI0040800,"Pawtucket, RI",robbery,0.05056456427533197,0.037832593367537345,0.05071667303024308
1,SC0020000,"Aiken, SC",robbery,-0.014718746777558186,-0.0021923398393730613,0.05159328414759777
2,SC0020000,"Aiken, SC",robbery,-0.10674012224271302,-0.10132153209592229,0.05163836294465937
3,SC0020000,"Aiken, SC",robbery,-0.12944676536406494,-0.14528067810358009,0.05164043442040631
4,SC0020000,"Aiken, SC",robbery,-0.07056587126363142,-0.08331688586311312,0.051668048951102594
5,SC0020000,"Aiken, SC",robbery,-0.006666007958024384,0.005651497186064654,0.05164043442040631
6,SC0020000,"Aiken, SC",robbery,0.022721889338011475,0.04979584313589448,0.05163836294465937
7,SC0020000,"Aiken, SC",robbery,0.04369013349377921,0.06690198741361161,0.051593284147597764
8,SC0020000,"Aiken, SC",robbery,0.06242505534559063,0.07669059911041103,0.05163836294465938
9,SC0020000,"Aiken, SC",robbery,0.05616031175072153,0.05594009754383029,0.05164043442040632
10,SC0020000,"Aiken, SC",robbery,0.041594484547410396,0.018607238288874568,0.051668048951102594
11,SC0020000,"Aiken, SC",robbery,0.05098107485514673,0.018979435799446574,0.05164043442040631
12,SC0020000,"Aiken, SC",robbery,0.05056456427533197,0.039544737423855336,0.05163836294465937
1,SC0040000,"Anderson, SC",robbery,-0.014718746777558186,-0.009652816935927221,0.04949892045739896
2,SC0040000,"Anderson, SC",robbery,-0.10674012224271302,-0.07109665458446426,0.049671495459840995
3,SC0040000,"Anderson, SC",robbery,-0.12944676536406494,-0.15321910508801717,0.049573414285714566
4,SC0040000,"Anderson, SC",robbery,-0.07056587126363142,-0.12434968384095796,0.04969554408837585
5,SC0040000,"Anderson, SC",robbery,-0.006666007958024384,0.011412439954650416,0.049573414285714566
6,SC0040000,"Anderson, SC",robbery,0.022721889338011475,0.0927323903647232,0.049671495459840995
7,SC0040000,"Anderson, SC",robbery,0.04369013349377921,0.06033978229248029,0.049498920457398954
8,SC0040000,"Anderson, SC",robbery,0.06242505534559063,0.029318996450694454,0.049671495459840995
9,SC0040000,"Anderson, SC",robbery,0.05616031175072153,0.06075448159769431,0.04957341428571457
10,SC0040000,"Anderson, SC",robbery,0.041594484547410396,0.07366271848440492,0.04969554408837585
11,SC0040000,"Anderson, SC",robbery,0.05098107485514673,0.030365218179119365,0.049573414285714566
12,SC0040000,"Anderson, SC",robbery,0.05056456427533197,-2.677668744003204e-4,0.049671495459840995
1,SC0070000,"Beaufort, SC",robbery,-0.014718746777558186,0.024113978800850033,0.05102477506201345
2,SC0070000,"Beaufort, SC",robbery,-0.10674012224271302,-0.08879550114949301,0.05107537082607742
3,SC0070000,"Beaufort, SC",robbery,-0.12944676536406494,-0.13045370902195025,0.05107680228292717
4,SC0070000,"Beaufort, SC",robbery,-0.07056587126363142,-0.07454307204747794,0.05110473820814767
5,SC0070000,"Beaufort, SC",robbery,-0.006666007958024384,-0.008025581715597788,0.05107680228292718
6,SC0070000,"Beaufort, SC",robbery,0.022721889338011475,0.021518166688285358,0.05107537082607742
7,SC0070000,"Beaufort, SC",robbery,0.04369013349377921,0.04006104444755144,0.051024775062013444
8,SC0070000,"Beaufort, SC",robbery,0.06242505534559063,0.048902101112316874,0.05107537082607742
9,SC0070000,"Beaufort, SC",robbery,0.05616031175072153,0.026385285736372662,0.05107680228292718
10,SC0070000,"Beaufort, SC",robbery,0.041594484547410396,0.010368048799076457,0.05110473820814767
11,SC0070000,"Beaufort, SC",robbery,0.05098107485514673,0.0479189817527739,0.05107680228292717
12,SC0070000,"Beaufort, SC",robbery,0.05056456427533197,0.08255025659729226,0.05107537082607741
1,SC0080000,"Berkeley, SC",robbery,-0.014718746777558186,-0.018692343850661146,0.05071167906925638
2,SC0080000,"Berkeley, SC",robbery,-0.10674012224271302,-0.12481497508382855,0.05076394968736155
3,SC0080000,"Berkeley, SC",robbery,-0.12944676536406494,-0.1319998580591301,0.05079416720597365
4,SC0080000,"Berkeley, SC",robbery,-0.07056587126363142,-0.08753743164059692,0.05079243274052903
5,SC0080000,"Berkeley, SC",robbery,-0.006666007958024384,-0.04508922374342941,0.050794167205973656
6,SC0080000,"Berkeley, SC",robbery,0.022721889338011475,0.011731023614715811,0.05076394968736155
7,SC0080000,"Berkeley, SC",robbery,0.04369013349377921,0.06942235385942809,0.050711679069256374
8,SC0080000,"Berkeley, SC",robbery,0.06242505534559063,0.06619772823537437,0.05076394968736155
9,SC0080000,"Berkeley, SC",robbery,0.05616031175072153,0.02265260120190894,0.050794167205973656
10,SC0080000,"Berkeley, SC",robbery,0.041594484547410396,0.03680742163182995,0.05079243274052903
11,SC0080000,"Berkeley, SC",robbery,0.05098107485514673,0.10370647059188356,0.05079416720597365
12,SC0080000,"Berkeley, SC",robbery,0.05056456427533197,0.09761623324250542,0.05076394968736155
1,SC0100100,"Charleston, SC",robbery,-0.014718746777558186,-0.02525617032427597,0.04732964788844623
2,SC0100100,"Charleston, SC",robbery,-0.10674012224271302,-0.12896621445235334,0.04743622877553741
3,SC0100100,"Charleston, SC",robbery,-0.12944676536406494,-0.15382421760378942,0.04744511722749454
4,SC0100100,"Charleston, SC",robbery,-0.07056587126363142,-0.09696477204055737,0.04747310978832639
5,SC0100100,"Charleston, SC",robbery,-0.006666007958024384,-0.02934398372397721,0.047445117227494546
6,SC0100100,"Charleston, SC",robbery,0.022721889338011475,0.02526620597895296,0.04743622877553741
7,SC0100100,"Charleston, SC",robbery,0.04369013349377921,0.07887834592534601,0.04732964788844623
8,SC0100100,"Charleston, SC",robbery,0.06242505534559063,0.10315303378189455,0.04743622877553741
9,SC0100100,"Charleston, SC",robbery,0.05616031175072153,0.07438886133226061,0.047445117227494546
10,SC0100100,"Charleston, SC",robbery,0.041594484547410396,0.043342596439487305,0.04747310978832639
11,SC0100100,"Charleston, SC",robbery,0.05098107485514673,0.05515716439443596,0.047445117227494546
12,SC0100100,"Charleston, SC",robbery,0.05056456427533197,0.05416915029257594,0.04743622877553741
1,SC0100300,"Mount Pleasant, SC",robbery,-0.014718746777558186,-0.00957107393501785,0.05329896772358112
2,SC0100300,"Mount Pleasant, SC",robbery,-0.10674012224271302,-0.0856320935606836,0.05332614288940692
3,SC0100300,"Mount Pleasant, SC",robbery,-0.12944676536406494,-0.10371547142967885,0.05331614004153127
4,SC0100300,"Mount Pleasant, SC",robbery,-0.07056587126363142,-0.062267489670866774,0.05331381668724607
5,SC0100300,"Mount Pleasant, SC",robbery,-0.006666007958024384,-0.020613843273133953,0.05331614004153127
6,SC0100300,"Mount Pleasant, SC",robbery,0.022721889338011475,0.0018452844044863782,0.05332614288940692
7,SC0100300,"Mount Pleasant, SC",robbery,0.04369013349377921,0.028757997478983614,0.053298967723581114
8,SC0100300,"Mount Pleasant, SC",robbery,0.06242505534559063,0.05412927722330376,0.05332614288940693
9,SC0100300,"Mount Pleasant, SC",robbery,0.05616031175072153,0.05302573154833326,0.053316140041531276
10,SC0100300,"Mount Pleasant, SC",robbery,0.041594484547410396,0.043080566126901004,0.05331381668724607
11,SC0100300,"Mount Pleasant, SC",robbery,0.05098107485514673,0.05211665961051375,0.05331614004153127
12,SC0100300,"Mount Pleasant, SC",robbery,0.05056456427533197,0.048844455476859255,0.05332614288940692
1,SC0100800,"North Charleston, SC",robbery,-0.014718746777558186,0.02149004892367632,0.04068363729100049
2,SC0100800,"North Charleston, SC",robbery,-0.10674012224271302,-0.14299077850024167,0.040883845729294155
3,SC0100800,"North Charleston, SC",robbery,-0.12944676536406494,-0.196616092753106,0.040918893280052424
4,SC0100800,"North Charleston, SC",robbery,-0.07056587126363142,-0.08519932736618317,0.04093126579497173
5,SC0100800,"North Charleston, SC",robbery,-0.006666007958024384,0.05070819131278994,0.040918893280052424
6,SC0100800,"North Charleston, SC",robbery,0.022721889338011475,0.09105046568318799,0.040883845729294155
7,SC0100800,"North Charleston, SC",robbery,0.04369013349377921,0.06151219807022784,0.04068363729100048
8,SC0100800,"North Charleston, SC",robbery,0.06242505534559063,0.023266900180934035,0.040883845729294155
9,SC0100800,"North Charleston, SC",robbery,0.05616031175072153,-0.006110032560105807,0.04091889328005243
10,SC0100800,"North Charleston, SC",robbery,0.041594484547410396,0.002197080372279014,0.04093126579497173
11,SC0100800,"North Charleston, SC",robbery,0.05098107485514673,0.06901568700651767,0.040918893280052424
12,SC0100800,"North Charleston, SC",robbery,0.05056456427533197,0.11167565963002381,0.040883845729294155
1,SC0230000,"Greenville, SC",robbery,-0.014718746777558186,-0.015225019289325667,0.041876910965887866
2,SC0230000,"Greenville, SC",robbery,-0.10674012224271302,-0.09810505641723692,0.04199089124803793
3,SC0230000,"Greenville, SC",robbery,-0.12944676536406494,-0.12342045663566922,0.04201735353691165
4,SC0230000,"Greenville, SC",robbery,-0.07056587126363142,-0.08245156822480751,0.042060803900969036
5,SC0230000,"Greenville, SC",robbery,-0.006666007958024384,-0.01164239498880759,0.04201735353691165
6,SC0230000,"Greenville, SC",robbery,0.022721889338011475,0.050203173963073264,0.04199089124803793
7,SC0230000,"Greenville, SC",robbery,0.04369013349377921,0.07295517164070772,0.04187691096588786
8,SC0230000,"Greenville, SC",robbery,0.06242505534559063,0.049217144639182905,0.04199089124803793
9,SC0230000,"Greenville, SC",robbery,0.05616031175072153,0.01680239250623314,0.042017353536911654
10,SC0230000,"Greenville, SC",robbery,0.041594484547410396,0.024721415873425436,0.042060803900969036
11,SC0230000,"Greenville, SC",robbery,0.05098107485514673,0.06053030676686158,0.04201735353691165
12,SC0230000,"Greenville, SC",robbery,0.05056456427533197,0.056414890166362884,0.04199089124803793
1,SC0230200,"Greenville, SC",robbery,-0.014718746777558186,0.052249973014701606,0.04845395096892926
2,SC0230200,"Greenville, SC",robbery,-0.10674012224271302,-0.11494795031993234,0.04846482242705017
3,SC0230200,"Greenville, SC",robbery,-0.12944676536406494,-0.20096802369771938,0.04856244927863904
4,SC0230200,"Greenville, SC",robbery,-0.07056587126363142,-0.10887055200510565,0.04857367347092097
5,SC0230200,"Greenville, SC",robbery,-0.006666007958024384,0.003775871455628694,0.04856244927863905
6,SC0230200,"Greenville, SC",robbery,0.022721889338011475,0.02413678331047364,0.04846482242705017
7,SC0230200,"Greenville, SC",robbery,0.04369013349377921,0.03789282903222797,0.04845395096892925
8,SC0230200,"Greenville, SC",robbery,0.06242505534559063,0.09101447693866613,0.04846482242705017
9,SC0230200,"Greenville, SC",robbery,0.05616031175072153,0.08689174826952362,0.04856244927863905
10,SC0230200,"Greenville, SC",robbery,0.041594484547410396,0.018727749958176085,0.04857367347092097
11,SC0230200,"Greenville, SC",robbery,0.05098107485514673,0.020157601925637477,0.04856244927863904
12,SC0230200,"Greenville, SC",robbery,0.05056456427533197,0.08993949211772212,0.04846482242705017
1,SC0260400,"Horry, SC",robbery,-0.014718746777558186,0.016678999263535093,0.04812875741898467
2,SC0260400,"Horry, SC",robbery,-0.10674012224271302,-0.09208183998523042,0.04822475828846615
3,SC0260400,"Horry, SC",robbery,-0.12944676536406494,-0.12799400465368632,0.048246071159236494
4,SC0260400,"Horry, SC",robbery,-0.07056587126363142,-0.06550221845360427,0.04826821195680322
5,SC0260400,"Horry, SC",robbery,-0.006666007958024384,-5.83718551748914e-4,0.048246071159236494
6,SC0260400,"Horry, SC",robbery,0.022721889338011475,0.02091212422907924,0.04822475828846615
7,SC0260400,"Horry, SC",robbery,0.04369013349377921,0.03940726261262679,0.04812875741898466
8,SC0260400,"Horry, SC",robbery,0.06242505534559063,0.057871453755396984,0.04822475828846615
9,SC0260400,"Horry, SC",robbery,0.05616031175072153,0.03769735654769102,0.0482460711592365
10,SC0260400,"Horry, SC",robbery,0.041594484547410396,0.009415956577442396,0.04826821195680322
11,SC0260400,"Horry, SC",robbery,0.05098107485514673,0.03479410478158232,0.048246071159236494
12,SC0260400,"Horry, SC",robbery,0.05056456427533197,0.06938452387691608,0.04822475828846615
1,SC0290000,"Lancaster, SC",robbery,-0.014718746777558186,-0.005160700559559526,0.052834177130359775
2,SC0290000,"Lancaster, SC",robbery,-0.10674012224271302,-0.09983145147456349,0.0528663510109631
3,SC0290000,"Lancaster, SC",robbery,-0.12944676536406494,-0.12353343737893455,0.05287170366932642
4,SC0290000,"Lancaster, SC",robbery,-0.07056587126363142,-0.0579122728749883,0.05287574630323887
5,SC0290000,"Lancaster, SC",robbery,-0.006666007958024384,0.005859906832507516,0.05287170366932643
6,SC0290000,"Lancaster, SC",robbery,0.022721889338011475,0.02283308079010996,0.0528663510109631
7,SC0290000,"Lancaster, SC",robbery,0.04369013349377921,0.03519582124878949,0.05283417713035977
8,SC0290000,"Lancaster, SC",robbery,0.06242505534559063,0.056504241609664746,0.0528663510109631
9,SC0290000,"Lancaster, SC",robbery,0.05616031175072153,0.050171106824805856,0.05287170366932643
10,SC0290000,"Lancaster, SC",robbery,0.041594484547410396,0.027877152185758335,0.05287574630323887
11,SC0290000,"Lancaster, SC",robbery,0.05098107485514673,0.03746730303239119,0.05287170366932642
12,SC0290000,"Lancaster, SC",robbery,0.05056456427533197,0.05052924976401876,0.0528663510109631
1,SC0320000,"Lexington, SC",robbery,-0.014718746777558186,-0.0036669668834949996,0.048988235419714095
2,SC0320000,"Lexington, SC",robbery,-0.10674012224271302,-0.09028763288456335,0.049074192528337245
3,SC0320000,"Lexington, SC",robbery,-0.12944676536406494,-0.14726784835527146,0.049076998935288975
4,SC0320000,"Lexington, SC",robbery,-0.07056587126363142,-0.11113616357270717,0.049106014945331414
5,SC0320000,"Lexington, SC",robbery,-0.006666007958024384,-0.02232846168671547,0.04907699893528898
6,SC0320000,"Lexington, SC",robbery,0.022721889338011475,0.0343194960827137,0.049074192528337245
7,SC0320000,"Lexington, SC",robbery,0.04369013349377921,0.04603823855291912,0.04898823541971409
8,SC0320000,"Lexington, SC",robbery,0.06242505534559063,0.055218585539014584,0.049074192528337245
9,SC0320000,"Lexington, SC",robbery,0.05616031175072153,0.06982752934029857,0.04907699893528898
10,SC0320000,"Lexington, SC",robbery,0.041594484547410396,0.06876489190328305,0.049106014945331414
11,SC0320000,"Lexington, SC",robbery,0.05098107485514673,0.0573975090322642,0.049076998935288975
12,SC0320000,"Lexington, SC",robbery,0.05056456427533197,0.04312082293225921,0.049074192528337245
1,SC0460300,"Rock Hill, SC",robbery,-0.014718746777558186,-0.008317653531702062,0.05026310620590121
2,SC0460300,"Rock Hill, SC",robbery,-0.10674012224271302,-0.07341930407792507,0.05036688240459258
3,SC0460300,"Rock Hill, SC",robbery,-0.12944676536406494,-0.09265442544054589,0.0504196574891442
4,SC0460300,"Rock Hill, SC",robbery,-0.07056587126363142,-0.04801229897353978,0.05049623388257216
5,SC0460300,"Rock Hill, SC",robbery,-0.006666007958024384,0.009038428254834675,0.0504196574891442
6,SC0460300,"Rock Hill, SC",robbery,0.022721889338011475,0.05299777135752292,0.05036688240459258
7,SC0460300,"Rock Hill, SC",robbery,0.04369013349377921,0.08585605521165936,0.0502631062059012
8,SC0460300,"Rock Hill, SC",robbery,0.06242505534559063,0.08064119300875262,0.05036688240459258
9,SC0460300,"Rock Hill, SC",robbery,0.05616031175072153,0.022337912691416172,0.050419657489144204
10,SC0460300,"Rock Hill, SC",robbery,0.041594484547410396,-0.029526102706417538,0.05049623388257216
11,SC0460300,"Rock Hill, SC",robbery,0.05098107485514673,-0.016260317185662235,0.0504196574891442
12,SC0460300,"Rock Hill, SC",robbery,0.05056456427533197,0.017318741391606846,0.05036688240459258
1,TN0190100,"Nashville, TN",robbery,-0.014718746777558186,0.031973864008432336,0.030283524114818616
2,TN0190100,"Nashville, TN",robbery,-0.10674012224271302,-0.13342310440535915,0.030398014430379622
3,TN0190100,"Nashville, TN",robbery,-0.12944676536406494,-0.19041095814951758,0.030407747603381025
4,TN0190100,"Nashville, TN",robbery,-0.07056587126363142,-0.0970473701345187,0.03042996239072115
5,TN0190100,"Nashville, TN",robbery,-0.006666007958024384,0.002126547342873135,0.030407747603381028
6,TN0190100,"Nashville, TN",robbery,0.022721889338011475,0.020593142054272276,0.030398014430379622
7,TN0190100,"Nashville, TN",robbery,0.04369013349377921,0.020463652545631723,0.030283524114818612
8,TN0190100,"Nashville, TN",robbery,0.06242505534559063,0.04252339338615336,0.030398014430379622
9,TN0190100,"Nashville, TN",robbery,0.05616031175072153,0.04707373057624774,0.03040774760338103
10,TN0190100,"Nashville, TN",robbery,0.041594484547410396,0.044609853580454634,0.03042996239072115
11,TN0190100,"Nashville, TN",robbery,0.05098107485514673,0.08877316367633262,0.030407747603381025
12,TN0190100,"Nashville, TN",robbery,0.05056456427533197,0.12274408551899758,0.03039801443037962
1,TN0330000,"Hamilton, TN",robbery,-0.014718746777558186,-0.029336972944783213,0.054100308310690376
2,TN0330000,"Hamilton, TN",robbery,-0.10674012224271302,-0.11534665916482903,0.05411478921979231
3,TN0330000,"Hamilton, TN",robbery,-0.12944676536406494,-0.129895892003397,0.05411134359123118
4,TN0330000,"Hamilton, TN",robbery,-0.07056587126363142,-0.07319084016342778,0.054111648574161265
5,TN0330000,"Hamilton, TN",robbery,-0.006666007958024384,-0.007532601321304174,0.05411134359123119
6,TN0330000,"Hamilton, TN",robbery,0.022721889338011475,0.03604400465354145,0.05411478921979231
7,TN0330000,"Hamilton, TN",robbery,0.04369013349377921,0.0630745165147154,0.05410030831069037
8,TN0330000,"Hamilton, TN",robbery,0.06242505534559063,0.0674090802253725,0.05411478921979231
9,TN0330000,"Hamilton, TN",robbery,0.05616031175072153,0.048220769494008255,0.05411134359123119
10,TN0330000,"Hamilton, TN",robbery,0.041594484547410396,0.03945329659349558,0.054111648574161265
11,TN0330000,"Hamilton, TN",robbery,0.05098107485514673,0.05547018026076068,0.05411134359123118
12,TN0330000,"Hamilton, TN",robbery,0.05056456427533197,0.04563111785584736,0.05411478921979231
1,TN0330100,"Chattanooga, TN",robbery,-0.014718746777558186,-0.005465059838739449,0.040962988437226934
2,TN0330100,"Chattanooga, TN",robbery,-0.10674012224271302,-0.12118572490174302,0.04112809010641038
3,TN0330100,"Chattanooga, TN",robbery,-0.12944676536406494,-0.14839276204806676,0.041085025133331905
4,TN0330100,"Chattanooga, TN",robbery,-0.07056587126363142,-0.0560949039184673,0.041110281433506014
5,TN0330100,"Chattanooga, TN",robbery,-0.006666007958024384,0.02537337018017296,0.041085025133331905
6,TN0330100,"Chattanooga, TN",robbery,0.022721889338011475,0.021348730378853254,0.04112809010641038
7,TN0330100,"Chattanooga, TN",robbery,0.04369013349377921,0.00833107586043357,0.04096298843722693
8,TN0330100,"Chattanooga, TN",robbery,0.06242505534559063,0.0415934135843914,0.04112809010641038
9,TN0330100,"Chattanooga, TN",robbery,0.05616031175072153,0.06593443470902102,0.04108502513333191
10,TN0330100,"Chattanooga, TN",robbery,0.041594484547410396,0.05322888789677319,0.041110281433506014
11,TN0330100,"Chattanooga, TN",robbery,0.05098107485514673,0.05421894113717863,0.041085025133331905
12,TN0330100,"Chattanooga, TN",robbery,0.05056456427533197,0.06110959696019249,0.04112809010641038
1,TN0470000,"Knox, TN",robbery,-0.014718746777558186,-0.03213127630268366,0.05174027880403844
2,TN0470000,"Knox, TN",robbery,-0.10674012224271302,-0.11509655858905335,0.05179184363122302
3,TN0470000,"Knox, TN",robbery,-0.12944676536406494,-0.1288418281001453,0.05177391416630338
4,TN0470000,"Knox, TN",robbery,-0.07056587126363142,-0.05843657661943351,0.05178532611628303
5,TN0470000,"Knox, TN",robbery,-0.006666007958024384,0.01664212905111328,0.05177391416630338
6,TN0470000,"Knox, TN",robbery,0.022721889338011475,0.03691368106036183,0.05179184363122302
7,TN0470000,"Knox, TN",robbery,0.04369013349377921,0.03016296641695253,0.051740278804038434
8,TN0470000,"Knox, TN",robbery,0.06242505534559063,0.038282614376553864,0.05179184363122302
9,TN0470000,"Knox, TN",robbery,0.05616031175072153,0.05399619377337696,0.051773914166303385
10,TN0470000,"Knox, TN",robbery,0.041594484547410396,0.06040488650516464,0.05178532611628303
11,TN0470000,"Knox, TN",robbery,0.05098107485514673,0.060171815161386165,0.05177391416630338
12,TN0470000,"Knox, TN",robbery,0.05056456427533197,0.037931953266406554,0.051791843631223015
1,TN0470100,"Knoxville, TN",robbery,-0.014718746777558186,-0.01914914609647524,0.04145103113940798
2,TN0470100,"Knoxville, TN",robbery,-0.10674012224271302,-0.07227176976738908,0.04166136644439645
3,TN0470100,"Knoxville, TN",robbery,-0.12944676536406494,-0.12195904725433582,0.04165974098379619
4,TN0470100,"Knoxville, TN",robbery,-0.07056587126363142,-0.10791021100786198,0.04172885383588351
5,TN0470100,"Knoxville, TN",robbery,-0.006666007958024384,-0.001554751683860211,0.0416597409837962
6,TN0470100,"Knoxville, TN",robbery,0.022721889338011475,0.10145630453095969,0.04166136644439645
7,TN0470100,"Knoxville, TN",robbery,0.04369013349377921,0.09372399161928599,0.04145103113940797
8,TN0470100,"Knoxville, TN",robbery,0.06242505534559063,0.017177055386980118,0.04166136644439645
9,TN0470100,"Knoxville, TN",robbery,0.05616031175072153,-0.0077105126488839,0.0416597409837962
10,TN0470100,"Knoxville, TN",robbery,0.041594484547410396,0.03333536548505121,0.04172885383588351
11,TN0470100,"Knoxville, TN",robbery,0.05098107485514673,0.05664946606426915,0.04165974098379619
12,TN0470100,"Knoxville, TN",robbery,0.05056456427533197,0.0282132553722601,0.04166136644439645
1,TN0570100,"Jackson, TN",robbery,-0.014718746777558186,-0.060823650686079776,0.047961476242729215
2,TN0570100,"Jackson, TN",robbery,-0.10674012224271302,-0.15641302140642388,0.04801443612014635
3,TN0570100,"Jackson, TN",robbery,-0.12944676536406494,-0.16390113846070437,0.04800144865253226
4,TN0570100,"Jackson, TN",robbery,-0.07056587126363142,-0.08770531212005873,0.04798552315048137
5,TN0570100,"Jackson, TN",robbery,-0.006666007958024384,-0.0038057618904296215,0.04800144865253226
6,TN0570100,"Jackson, TN",robbery,0.022721889338011475,0.04920124922198572,0.04801443612014635
7,TN0570100,"Jackson, TN",robbery,0.04369013349377921,0.08228247753877785,0.04796147624272921
8,TN0570100,"Jackson, TN",robbery,0.06242505534559063,0.09483480516116743,0.04801443612014635
9,TN0570100,"Jackson, TN",robbery,0.05616031175072153,0.08086409536274984,0.048001448652532266
10,TN0570100,"Jackson, TN",robbery,0.041594484547410396,0.06624648526736066,0.04798552315048137
11,TN0570100,"Jackson, TN",robbery,0.05098107485514673,0.06538397813568603,0.04800144865253226
12,TN0570100,"Jackson, TN",robbery,0.05056456427533197,0.033835793875968884,0.04801443612014635
1,TN0600300,"Spring Hill, TN",robbery,-0.014718746777558186,-0.018942040807891556,0.054735234593862966
2,TN0600300,"Spring Hill, TN",robbery,-0.10674012224271302,-0.10535564656624241,0.05473950516275017
3,TN0600300,"Spring Hill, TN",robbery,-0.12944676536406494,-0.1257700783451276,0.05473733176669346
4,TN0600300,"Spring Hill, TN",robbery,-0.07056587126363142,-0.07053144292999233,0.054740772885100805
5,TN0600300,"Spring Hill, TN",robbery,-0.006666007958024384,-0.009835483390998333,0.054737331766693466
6,TN0600300,"Spring Hill, TN",robbery,0.022721889338011475,0.017526666977991434,0.05473950516275017
7,TN0600300,"Spring Hill, TN",robbery,0.04369013349377921,0.0352902428883585,0.05473523459386296
8,TN0600300,"Spring Hill, TN",robbery,0.06242505534559063,0.05523935120413606,0.054739505162750175
9,TN0600300,"Spring Hill, TN",robbery,0.05616031175072153,0.05930558090255431,0.054737331766693466
10,TN0600300,"Spring Hill, TN",robbery,0.041594484547410396,0.05418324084952539,0.054740772885100805
11,TN0600300,"Spring Hill, TN",robbery,0.05098107485514673,0.059951778753104645,0.05473733176669346
12,TN0600300,"Spring Hill, TN",robbery,0.05056456427533197,0.048937830464581895,0.05473950516275017
1,TN0630100,"Clarksville, TN",robbery,-0.014718746777558186,0.003259234280374574,0.04764781511072379
2,TN0630100,"Clarksville, TN",robbery,-0.10674012224271302,-0.11087953863249542,0.04775600391074241
3,TN0630100,"Clarksville, TN",robbery,-0.12944676536406494,-0.1623680778761246,0.047759580548312856
4,TN0630100,"Clarksville, TN",robbery,-0.07056587126363142,-0.09845006016011618,0.04781118506369403
5,TN0630100,"Clarksville, TN",robbery,-0.006666007958024384,-0.011255681754430804,0.047759580548312856
6,TN0630100,"Clarksville, TN",robbery,0.022721889338011475,0.0331057439396381,0.04775600391074241
7,TN0630100,"Clarksville, TN",robbery,0.04369013349377921,0.0679141263629228,0.04764781511072379
8,TN0630100,"Clarksville, TN",robbery,0.06242505534559063,0.10053697961006855,0.04775600391074241
9,TN0630100,"Clarksville, TN",robbery,0.05616031175072153,0.08085215821040037,0.04775958054831286
10,TN0630100,"Clarksville, TN",robbery,0.041594484547410396,0.02727669951681881,0.04781118506369403
11,TN0630100,"Clarksville, TN",robbery,0.05098107485514673,0.02159824077685764,0.047759580548312856
12,TN0630100,"Clarksville, TN",robbery,0.05056456427533197,0.04841017572608614,0.04775600391074241
1,TN0750000,"Rutherford, TN",robbery,-0.014718746777558186,-0.028491957657984478,0.0541033287838895
2,TN0750000,"Rutherford, TN",robbery,-0.10674012224271302,-0.10987402515912875,0.05411310121577146
3,TN0750000,"Rutherford, TN",robbery,-0.12944676536406494,-0.12603990437881357,0.054119747755443995
4,TN0750000,"Rutherford, TN",robbery,-0.07056587126363142,-0.08158654026016424,0.05411689515499212
5,TN0750000,"Rutherford, TN",robbery,-0.006666007958024384,-0.023994973058817856,0.054119747755444
6,TN0750000,"Rutherford, TN",robbery,0.022721889338011475,0.024124971894598585,0.05411310121577146
7,TN0750000,"Rutherford, TN",robbery,0.04369013349377921,0.05839670397153458,0.054103328783889494
8,TN0750000,"Rutherford, TN",robbery,0.06242505534559063,0.06586945480245457,0.05411310121577147
9,TN0750000,"Rutherford, TN",robbery,0.05616031175072153,0.05213058770858929,0.054119747755444
10,TN0750000,"Rutherford, TN",robbery,0.041594484547410396,0.051681793946614124,0.05411689515499212
11,TN0750000,"Rutherford, TN",robbery,0.05098107485514673,0.067999543415492,0.054119747755443995
12,TN0750000,"Rutherford, TN",robbery,0.05056456427533197,0.049784344775625766,0.05411310121577146
1,TN0750100,"Murfreesboro, TN",robbery,-0.014718746777558186,-0.03248700676576688,0.047710039650742095
2,TN0750100,"Murfreesboro, TN",robbery,-0.10674012224271302,-0.1202375799553684,0.047771714641890936
3,TN0750100,"Murfreesboro, TN",robbery,-0.12944676536406494,-0.12933003252558112,0.047808687347229525
4,TN0750100,"Murfreesboro, TN",robbery,-0.07056587126363142,-0.08162747345241338,0.04784442018348315
5,TN0750100,"Murfreesboro, TN",robbery,-0.006666007958024384,-0.02098944609241742,0.04780868734722953
6,TN0750100,"Murfreesboro, TN",robbery,0.022721889338011475,0.052259980129431324,0.047771714641890936
7,TN0750100,"Murfreesboro, TN",robbery,0.04369013349377921,0.11206735092140777,0.047710039650742095
8,TN0750100,"Murfreesboro, TN",robbery,0.06242505534559063,0.097355060938748475,0.047771714641890936
9,TN0750100,"Murfreesboro, TN",robbery,0.05616031175072153,0.02686716935332029,0.04780868734722954
10,TN0750100,"Murfreesboro, TN",robbery,0.041594484547410396,0.002047129296772459,0.04784442018348315
11,TN0750100,"Murfreesboro, TN",robbery,0.05098107485514673,0.04387196510903732,0.047808687347229525
12,TN0750100,"Murfreesboro, TN",robbery,0.05056456427533197,0.05020288304282959,0.047771714641890936
1,TN0750200,"Smyrna, TN",robbery,-0.014718746777558186,0.010639244302572785,0.05245622455315913
2,TN0750200,"Smyrna, TN",robbery,-0.10674012224271302,-0.09027242126325163,0.052479838730619816
3,TN0750200,"Smyrna, TN",robbery,-0.12944676536406494,-0.12816558130183617,0.052488119231435024
4,TN0750200,"Smyrna, TN",robbery,-0.07056587126363142,-0.060453029608020036,0.0524789072746473
5,TN0750200,"Smyrna, TN",robbery,-0.006666007958024384,0.005360019267337798,0.05248811923143504
6,TN0750200,"Smyrna, TN",robbery,0.022721889338011475,0.0071419753554830875,0.052479838730619816
7,TN0750200,"Smyrna, TN",robbery,0.04369013349377921,0.013044816099692335,0.052456224553159125
8,TN0750200,"Smyrna, TN",robbery,0.06242505534559063,0.05731494898868326,0.052479838730619816
9,TN0750200,"Smyrna, TN",robbery,0.05616031175072153,0.07152404862500271,0.05248811923143504
10,TN0750200,"Smyrna, TN",robbery,0.041594484547410396,0.036768969205754946,0.0524789072746473
11,TN0750200,"Smyrna, TN",robbery,0.05098107485514673,0.027597453007230533,0.052488119231435024
12,TN0750200,"Smyrna, TN",robbery,0.05056456427533197,0.04949955732135038,0.052479838730619816
1,TN0790000,"Shelby, TN",robbery,-0.014718746777558186,0.019806218005401985,0.04945493202058803
2,TN0790000,"Shelby, TN",robbery,-0.10674012224271302,-0.07552799314594612,0.04956844859814881
3,TN0790000,"Shelby, TN",robbery,-0.12944676536406494,-0.13775153282821812,0.04955588032082731
4,TN0790000,"Shelby, TN",robbery,-0.07056587126363142,-0.08637916142517661,0.04960083747084566
5,TN0790000,"Shelby, TN",robbery,-0.006666007958024384,0.014430370383935884,0.04955588032082732
6,TN0790000,"Shelby, TN",robbery,0.022721889338011475,0.05601903551519664,0.04956844859814881
7,TN0790000,"Shelby, TN",robbery,0.04369013349377921,0.03847180942192785,0.049454932020588024
8,TN0790000,"Shelby, TN",robbery,0.06242505534559063,0.02680541309068984,0.04956844859814881
9,TN0790000,"Shelby, TN",robbery,0.05616031175072153,0.030750925345632004,0.04955588032082732
10,TN0790000,"Shelby, TN",robbery,0.041594484547410396,0.028101133997846788,0.04960083747084566
11,TN0790000,"Shelby, TN",robbery,0.05098107485514673,0.03429220967132038,0.04955588032082731
12,TN0790000,"Shelby, TN",robbery,0.05056456427533197,0.050981571967389464,0.04956844859814881
1,TN0790100,"Collierville, TN",robbery,-0.014718746777558186,0.005598906154425844,0.05381671093700956
2,TN0790100,"Collierville, TN",robbery,-0.10674012224271302,-0.08331938226884109,0.0538383336393823
3,TN0790100,"Collierville, TN",robbery,-0.12944676536406494,-0.12731786127662087,0.05383557483092354
4,TN0790100,"Collierville, TN",robbery,-0.07056587126363142,-0.07746123829650682,0.05384715486252819
5,TN0790100,"Collierville, TN",robbery,-0.006666007958024384,-5.847818784944289e-4,0.05383557483092355
6,TN0790100,"Collierville, TN",robbery,0.022721889338011475,0.03270086503574899,0.0538383336393823
7,TN0790100,"Collierville, TN",robbery,0.04369013349377921,0.038094461506809646,0.05381671093700955
8,TN0790100,"Collierville, TN",robbery,0.06242505534559063,0.04816957370255644,0.0538383336393823
9,TN0790100,"Collierville, TN",robbery,0.05616031175072153,0.04847468504910076,0.053835574830923556
10,TN0790100,"Collierville, TN",robbery,0.041594484547410396,0.033767870635271334,0.05384715486252819
11,TN0790100,"Collierville, TN",robbery,0.05098107485514673,0.035734590444779044,0.05383557483092354
12,TN0790100,"Collierville, TN",robbery,0.05056456427533197,0.04614231119177115,0.05383833363938229
1,TN0790600,"Bartlett, TN",robbery,-0.014718746777558186,0.004606622733693793,0.05314260536992455
2,TN0790600,"Bartlett, TN",robbery,-0.10674012224271302,-0.10393969774997185,0.05317037192006841
3,TN0790600,"Bartlett, TN",robbery,-0.12944676536406494,-0.13739622359418133,0.05316958507023576
4,TN0790600,"Bartlett, TN",robbery,-0.07056587126363142,-0.07818156504114035,0.05319305462502485
5,TN0790600,"Bartlett, TN",robbery,-0.006666007958024384,-0.006255038566778927,0.05316958507023576
6,TN0790600,"Bartlett, TN",robbery,0.022721889338011475,0.03409011371707615,0.05317037192006841
7,TN0790600,"Bartlett, TN",robbery,0.04369013349377921,0.05713382010265132,0.053142605369924545
8,TN0790600,"Bartlett, TN",robbery,0.06242505534559063,0.059123554982954615,0.05317037192006841
9,TN0790600,"Bartlett, TN",robbery,0.05616031175072153,0.03083963799081899,0.05316958507023577
10,TN0790600,"Bartlett, TN",robbery,0.041594484547410396,0.01644112220479523,0.05319305462502485
11,TN0790600,"Bartlett, TN",robbery,0.05098107485514673,0.05107118133379613,0.05316958507023576
12,TN0790600,"Bartlett, TN",robbery,0.05056456427533197,0.07246647188628624,0.05317037192006841
1,TN0820200,"Kingsport, TN",robbery,-0.014718746777558186,-0.020031544187227183,0.05134587867632724
2,TN0820200,"Kingsport, TN",robbery,-0.10674012224271302,-0.11699110405118576,0.05140312470995202
3,TN0820200,"Kingsport, TN",robbery,-0.12944676536406494,-0.1397495378021718,0.05139484633905468
4,TN0820200,"Kingsport, TN",robbery,-0.07056587126363142,-0.08347991718847322,0.051417265570662084
5,TN0820200,"Kingsport, TN",robbery,-0.006666007958024384,-0.020183108572713424,0.05139484633905469
6,TN0820200,"Kingsport, TN",robbery,0.022721889338011475,0.03128234907327802,0.05140312470995202
7,TN0820200,"Kingsport, TN",robbery,0.04369013349377921,0.08653752902791198,0.051345878676327235
8,TN0820200,"Kingsport, TN",robbery,0.06242505534559063,0.10833218070908412,0.05140312470995202
9,TN0820200,"Kingsport, TN",robbery,0.05616031175072153,0.0645846296193854,0.051394846339054695
10,TN0820200,"Kingsport, TN",robbery,0.041594484547410396,0.016973932347788413,0.051417265570662084
11,TN0820200,"Kingsport, TN",robbery,0.05098107485514673,0.028842031914815006,0.05139484633905468
12,TN0820200,"Kingsport, TN",robbery,0.05056456427533197,0.04388255910950845,0.05140312470995202
1,TN0830400,"Hendersonville, TN",robbery,-0.014718746777558186,-0.00360395192150183,0.05425891225695677
2,TN0830400,"Hendersonville, TN",robbery,-0.10674012224271302,-0.09130398174245234,0.054274796304887324
3,TN0830400,"Hendersonville, TN",robbery,-0.12944676536406494,-0.1249694961900898,0.05427559646533235
4,TN0830400,"Hendersonville, TN",robbery,-0.07056587126363142,-0.06925055122099355,0.05427952264399293
5,TN0830400,"Hendersonville, TN",robbery,-0.006666007958024384,0.0011785885700673496,0.05427559646533236
6,TN0830400,"Hendersonville, TN",robbery,0.022721889338011475,0.02781358919029786,0.054274796304887324
7,TN0830400,"Hendersonville, TN",robbery,0.04369013349377921,0.03753778927372398,0.05425891225695676
8,TN0830400,"Hendersonville, TN",robbery,0.06242505534559063,0.054957853604312185,0.054274796304887324
9,TN0830400,"Hendersonville, TN",robbery,0.05616031175072153,0.05468953069972751,0.054275596465332365
10,TN0830400,"Hendersonville, TN",robbery,0.041594484547410396,0.0353167138687714,0.05427952264399293
11,TN0830400,"Hendersonville, TN",robbery,0.05098107485514673,0.03516753956807277,0.05427559646533235
12,TN0830400,"Hendersonville, TN",robbery,0.05056456427533197,0.04246637630006446,0.054274796304887324
1,TN0900100,"Johnson City, TN",robbery,-0.014718746777558186,-0.034644790291214936,0.05124485414787048
2,TN0900100,"Johnson City, TN",robbery,-0.10674012224271302,-0.10205387588748838,0.05131916291746034
3,TN0900100,"Johnson City, TN",robbery,-0.12944676536406494,-0.14338858011415961,0.05128492621981747
4,TN0900100,"Johnson City, TN",robbery,-0.07056587126363142,-0.10185810800109699,0.051313193109719435
5,TN0900100,"Johnson City, TN",robbery,-0.006666007958024384,-0.010743462190534184,0.05128492621981747
6,TN0900100,"Johnson City, TN",robbery,0.022721889338011475,0.044421514286483096,0.05131916291746034
7,TN0900100,"Johnson City, TN",robbery,0.04369013349377921,0.049987853053583685,0.05124485414787047
8,TN0900100,"Johnson City, TN",robbery,0.06242505534559063,0.05996785465789665,0.051319162917460345
9,TN0900100,"Johnson City, TN",robbery,0.05616031175072153,0.08595949612219916,0.05128492621981748
10,TN0900100,"Johnson City, TN",robbery,0.041594484547410396,0.08651504523872823,0.051313193109719435
11,TN0900100,"Johnson City, TN",robbery,0.05098107485514673,0.05282948342012587,0.05128492621981747
12,TN0900100,"Johnson City, TN",robbery,0.05056456427533197,0.013007569705477416,0.05131916291746034
1,TN0940100,"Franklin, TN",robbery,-0.014718746777558186,-0.017802769378277874,0.053968963205004675
2,TN0940100,"Franklin, TN",robbery,-0.10674012224271302,-0.10666922627374813,0.0539885683144247
3,TN0940100,"Franklin, TN",robbery,-0.12944676536406494,-0.13282922681445067,0.05398686149241052
4,TN0940100,"Franklin, TN",robbery,-0.07056587126363142,-0.08285468482157504,0.053992685495969715
5,TN0940100,"Franklin, TN",robbery,-0.006666007958024384,-0.017167078445939517,0.053986861492410526
6,TN0940100,"Franklin, TN",robbery,0.022721889338011475,0.025890845164079256,0.0539885683144247
7,TN0940100,"Franklin, TN",robbery,0.04369013349377921,0.05417584831797985,0.05396896320500467
8,TN0940100,"Franklin, TN",robbery,0.06242505534559063,0.06753732242426694,0.0539885683144247
9,TN0940100,"Franklin, TN",robbery,0.05616031175072153,0.057324244025267514,0.053986861492410526
10,TN0940100,"Franklin, TN",robbery,0.041594484547410396,0.046481605881873056,0.053992685495969715
11,TN0940100,"Franklin, TN",robbery,0.05098107485514673,0.05629898229542066,0.05398686149241052
12,TN0940100,"Franklin, TN",robbery,0.05056456427533197,0.04961413762510394,0.0539885683144247
1,TNMPD0000,"Memphis, TN",robbery,-0.014718746777558186,-0.036429489622751485,0.02887178546408068
2,TNMPD0000,"Memphis, TN",robbery,-0.10674012224271302,-0.16973050373439114,0.028957249813811113
3,TNMPD0000,"Memphis, TN",robbery,-0.12944676536406494,-0.18631045083765393,0.02896082893723373
4,TNMPD0000,"Memphis, TN",robbery,-0.07056587126363142,-0.06206057436204434,0.028955522315393285
5,TNMPD0000,"Memphis, TN",robbery,-0.006666007958024384,0.05172358465156972,0.028960828937233733
6,TNMPD0000,"Memphis, TN",robbery,0.022721889338011475,0.07327929811034996,0.028957249813811113
7,TNMPD0000,"Memphis, TN",robbery,0.04369013349377921,0.07068649962259885,0.028871785464080674
8,TNMPD0000,"Memphis, TN",robbery,0.06242505534559063,0.08337534610529038,0.028957249813811117
9,TNMPD0000,"Memphis, TN",robbery,0.05616031175072153,0.06569828320870583,0.028960828937233736
10,TNMPD0000,"Memphis, TN",robbery,0.041594484547410396,0.02780356436219697,0.028955522315393285
11,TNMPD0000,"Memphis, TN",robbery,0.05098107485514673,0.034631572977530986,0.02896082893723373
12,TNMPD0000,"Memphis, TN",robbery,0.05056456427533197,0.0473328695185982,0.028957249813811113
1,TX0150000,"Bexar, TX",robbery,-0.014718746777558186,0.013505285750787731,0.046302114263501844
2,TX0150000,"Bexar, TX",robbery,-0.10674012224271302,-0.12514095653626048,0.046451591274776445
3,TX0150000,"Bexar, TX",robbery,-0.12944676536406494,-0.13096736961043862,0.04638778195556175
4,TX0150000,"Bexar, TX",robbery,-0.07056587126363142,-0.02951029132699474,0.046469671426420896
5,TX0150000,"Bexar, TX",robbery,-0.006666007958024384,0.022615166635817755,0.04638778195556175
6,TX0150000,"Bexar, TX",robbery,0.022721889338011475,0.009011232530065558,0.046451591274776445
7,TX0150000,"Bexar, TX",robbery,0.04369013349377921,0.02070330708024044,0.04630211426350184
8,TX0150000,"Bexar, TX",robbery,0.06242505534559063,0.044468091730599395,0.046451591274776445
9,TX0150000,"Bexar, TX",robbery,0.05616031175072153,0.016085911973749357,0.04638778195556176
10,TX0150000,"Bexar, TX",robbery,0.041594484547410396,-0.004698301504033438,0.046469671426420896
11,TX0150000,"Bexar, TX",robbery,0.05098107485514673,0.058057698169843304,0.04638778195556175
12,TX0150000,"Bexar, TX",robbery,0.05056456427533197,0.10587022510662372,0.046451591274776445
1,TX0200000,"Brazoria, TX",robbery,-0.014718746777558186,-0.0260842334987004,0.05197887869668643
2,TX0200000,"Brazoria, TX",robbery,-0.10674012224271302,-0.09817682963406932,0.051986031105822054
3,TX0200000,"Brazoria, TX",robbery,-0.12944676536406494,-0.09003721348157119,0.05202446859280032
4,TX0200000,"Brazoria, TX",robbery,-0.07056587126363142,-0.05210103201466775,0.05195241279255028
5,TX0200000,"Brazoria, TX",robbery,-0.006666007958024384,-0.014794002606091471,0.05202446859280033
6,TX0200000,"Brazoria, TX",robbery,0.022721889338011475,0.028260665602666636,0.051986031105822054
7,TX0200000,"Brazoria, TX",robbery,0.04369013349377921,0.04645102865895026,0.05197887869668642
8,TX0200000,"Brazoria, TX",robbery,0.06242505534559063,0.011075049788932785,0.051986031105822054
9,TX0200000,"Brazoria, TX",robbery,0.05616031175072153,-0.017431361523815227,0.05202446859280033
10,TX0200000,"Brazoria, TX",robbery,0.041594484547410396,0.03173423685441785,0.05195241279255028
11,TX0200000,"Brazoria, TX",robbery,0.05098107485514673,0.10189578245122798,0.05202446859280032
12,TX0200000,"Brazoria, TX",robbery,0.05056456427533197,0.07920790940271986,0.051986031105822054
1,TX0201000,"Pearland, TX",robbery,-0.014718746777558186,-0.012282245859964807,0.05181774655785486
2,TX0201000,"Pearland, TX",robbery,-0.10674012224271302,-0.09870669174355776,0.051863779565169285
3,TX0201000,"Pearland, TX",robbery,-0.12944676536406494,-0.12074265243633733,0.051858015236383906
4,TX0201000,"Pearland, TX",robbery,-0.07056587126363142,-0.07015042835563533,0.05186514422170867
5,TX0201000,"Pearland, TX",robbery,-0.006666007958024384,-0.010273919964005295,0.05185801523638391
6,TX0201000,"Pearland, TX",robbery,0.022721889338011475,0.022850102969800144,0.051863779565169285
7,TX0201000,"Pearland, TX",robbery,0.04369013349377921,0.041706199592515314,0.05181774655785485
8,TX0201000,"Pearland, TX",robbery,0.06242505534559063,0.050464887195409154,0.051863779565169285
9,TX0201000,"Pearland, TX",robbery,0.05616031175072153,0.04307689415563823,0.05185801523638392
10,TX0201000,"Pearland, TX",robbery,0.041594484547410396,0.04072647462308481,0.05186514422170867
11,TX0201000,"Pearland, TX",robbery,0.05098107485514673,0.058515724512153866,0.051858015236383906
12,TX0201000,"Pearland, TX",robbery,0.05056456427533197,0.054815655310899006,0.051863779565169285
1,TX0210200,"College Station, TX",robbery,-0.014718746777558186,0.019075282029956966,0.05185433585769921
2,TX0210200,"College Station, TX",robbery,-0.10674012224271302,-0.0998417620385264,0.051916018152792835
3,TX0210200,"College Station, TX",robbery,-0.12944676536406494,-0.14626986789951388,0.05190879734954892
4,TX0210200,"College Station, TX",robbery,-0.07056587126363142,-0.07381735450064475,0.0518957278533858
5,TX0210200,"College Station, TX",robbery,-0.006666007958024384,0.0139407657300506,0.051908797349548924
6,TX0210200,"College Station, TX",robbery,0.022721889338011475,0.03180279205518265,0.051916018152792835
7,TX0210200,"College Station, TX",robbery,0.04369013349377921,0.017881303914598048,0.051854335857699205
8,TX0210200,"College Station, TX",robbery,0.06242505534559063,0.02406648681245729,0.051916018152792835
9,TX0210200,"College Station, TX",robbery,0.05616031175072153,0.03353800672888975,0.051908797349548924
10,TX0210200,"College Station, TX",robbery,0.041594484547410396,0.03686076855608974,0.0518957278533858
11,TX0210200,"College Station, TX",robbery,0.05098107485514673,0.06183450949601849,0.05190879734954892
12,TX0210200,"College Station, TX",robbery,0.05056456427533197,0.08092906911544148,0.051916018152792835
1,TX0310000,"Cameron, TX",robbery,-0.014718746777558186,-0.009460027310819262,0.053150983090088165
2,TX0310000,"Cameron, TX",robbery,-0.10674012224271302,-0.10495603239032751,0.05318491905308155
3,TX0310000,"Cameron, TX",robbery,-0.12944676536406494,-0.12535479603739977,0.053183913444679654
4,TX0310000,"Cameron, TX",robbery,-0.07056587126363142,-0.06395727981099385,0.05320450782815728
5,TX0310000,"Cameron, TX",robbery,-0.006666007958024384,6.042232310439929e-4,0.05318391344467966
6,TX0310000,"Cameron, TX",robbery,0.022721889338011475,0.035635188871585816,0.05318491905308155
7,TX0310000,"Cameron, TX",robbery,0.04369013349377921,0.060928933672012284,0.05315098309008816
8,TX0310000,"Cameron, TX",robbery,0.06242505534559063,0.06626441352116566,0.05318491905308155
9,TX0310000,"Cameron, TX",robbery,0.05616031175072153,0.03519427080704493,0.05318391344467967
10,TX0310000,"Cameron, TX",robbery,0.041594484547410396,0.012488373449800817,0.05320450782815728
11,TX0310000,"Cameron, TX",robbery,0.05098107485514673,0.03808739563811781,0.053183913444679654
12,TX0310000,"Cameron, TX",robbery,0.05056456427533197,0.054525336358769085,0.05318491905308155
1,TX0310100,"Brownsville, TX",robbery,-0.014718746777558186,0.00704298585864401,0.04465476066128118
2,TX0310100,"Brownsville, TX",robbery,-0.10674012224271302,-0.11519514642222287,0.044838799108690014
3,TX0310100,"Brownsville, TX",robbery,-0.12944676536406494,-0.1064473641926568,0.04481132839665525
4,TX0310100,"Brownsville, TX",robbery,-0.07056587126363142,-0.015921803576404856,0.044934792093541634
5,TX0310100,"Brownsville, TX",robbery,-0.006666007958024384,0.015268740634837739,0.04481132839665526
6,TX0310100,"Brownsville, TX",robbery,0.022721889338011475,0.012094048428684357,0.044838799108690014
7,TX0310100,"Brownsville, TX",robbery,0.04369013349377921,0.055743102708927586,0.04465476066128116
8,TX0310100,"Brownsville, TX",robbery,0.06242505534559063,0.0782116100903002,0.044838799108690014
9,TX0310100,"Brownsville, TX",robbery,0.05616031175072153,0.006677739293162543,0.04481132839665526
10,TX0310100,"Brownsville, TX",robbery,0.041594484547410396,-0.04686428499116675,0.044934792093541634
11,TX0310100,"Brownsville, TX",robbery,0.05098107485514673,0.021714795697084895,0.04481132839665525
12,TX0310100,"Brownsville, TX",robbery,0.05056456427533197,0.08767557647080995,0.044838799108690014
1,TX0310300,"Harlingen, TX",robbery,-0.014718746777558186,-0.022133838286077977,0.05031339948029355
2,TX0310300,"Harlingen, TX",robbery,-0.10674012224271302,-0.12159323418036348,0.05036009440663013
3,TX0310300,"Harlingen, TX",robbery,-0.12944676536406494,-0.13139301380411864,0.050361559839457636
4,TX0310300,"Harlingen, TX",robbery,-0.07056587126363142,-0.04468147733267591,0.05036693918126906
5,TX0310300,"Harlingen, TX",robbery,-0.006666007958024384,0.029189770002590845,0.05036155983945764
6,TX0310300,"Harlingen, TX",robbery,0.022721889338011475,0.038088157179651784,0.05036009440663013
7,TX0310300,"Harlingen, TX",robbery,0.04369013349377921,0.03348053513714527,0.05031339948029354
8,TX0310300,"Harlingen, TX",robbery,0.06242505534559063,0.04478716313852274,0.05036009440663013
9,TX0310300,"Harlingen, TX",robbery,0.05616031175072153,0.043240245911210604,0.05036155983945765
10,TX0310300,"Harlingen, TX",robbery,0.041594484547410396,0.03333478048160862,0.05036693918126906
11,TX0310300,"Harlingen, TX",robbery,0.05098107485514673,0.04761630103924985,0.050361559839457636
12,TX0310300,"Harlingen, TX",robbery,0.05056456427533197,0.05006461071325627,0.05036009440663013
1,TX0430000,"Collin, TX",robbery,-0.014718746777558186,-0.014229440317588698,0.05475625186570218
2,TX0430000,"Collin, TX",robbery,-0.10674012224271302,-0.10136168258622831,0.05476196049470938
3,TX0430000,"Collin, TX",robbery,-0.12944676536406494,-0.13102575320749996,0.05475967645020617
4,TX0430000,"Collin, TX",robbery,-0.07056587126363142,-0.07618801275897176,0.05476341139524209
5,TX0430000,"Collin, TX",robbery,-0.006666007958024384,-0.002906299449537357,0.05475967645020618
6,TX0430000,"Collin, TX",robbery,0.022721889338011475,0.03578348177545356,0.05476196049470938
7,TX0430000,"Collin, TX",robbery,0.04369013349377921,0.052540698198254854,0.054756251865702175
8,TX0430000,"Collin, TX",robbery,0.06242505534559063,0.06225250261984061,0.05476196049470938
9,TX0430000,"Collin, TX",robbery,0.05616031175072153,0.05360531536044611,0.05475967645020618
10,TX0430000,"Collin, TX",robbery,0.041594484547410396,0.037876754878305594,0.05476341139524209
11,TX0430000,"Collin, TX",robbery,0.05098107485514673,0.04201547941592502,0.05475967645020617
12,TX0430000,"Collin, TX",robbery,0.05056456427533197,0.041636956071600326,0.05476196049470938
1,TX0430100,"Allen, TX",robbery,-0.014718746777558186,-0.021455209928363868,0.05328495374142208
2,TX0430100,"Allen, TX",robbery,-0.10674012224271302,-0.10108523216878626,0.053320782385399015
3,TX0430100,"Allen, TX",robbery,-0.12944676536406494,-0.11366398188864081,0.053321715442008415
4,TX0430100,"Allen, TX",robbery,-0.07056587126363142,-0.0573875614299538,0.0533261450495457
5,TX0430100,"Allen, TX",robbery,-0.006666007958024384,0.004357477160792481,0.05332171544200843
6,TX0430100,"Allen, TX",robbery,0.022721889338011475,0.035200842188484516,0.053320782385399015
7,TX0430100,"Allen, TX",robbery,0.04369013349377921,0.04512817594821589,0.05328495374142207
8,TX0430100,"Allen, TX",robbery,0.06242505534559063,0.042640308897975376,0.053320782385399015
9,TX0430100,"Allen, TX",robbery,0.05616031175072153,0.0315460925979779,0.05332171544200843
10,TX0430100,"Allen, TX",robbery,0.041594484547410396,0.03371459541010178,0.0533261450495457
11,TX0430100,"Allen, TX",robbery,0.05098107485514673,0.054087446110018374,0.053321715442008415
12,TX0430100,"Allen, TX",robbery,0.05056456427533197,0.046917047102178436,0.053320782385399015
1,TX0430400,"Frisco, TX",robbery,-0.014718746777558186,-0.010545008132267967,0.05194420628325296
2,TX0430400,"Frisco, TX",robbery,-0.10674012224271302,-0.08871739719859151,0.051990142794252764
3,TX0430400,"Frisco, TX",robbery,-0.12944676536406494,-0.10938748776242091,0.05199672115707767
4,TX0430400,"Frisco, TX",robbery,-0.07056587126363142,-0.06938088685040873,0.05201920499104474
5,TX0430400,"Frisco, TX",robbery,-0.006666007958024384,-0.016205602663210986,0.05199672115707768
6,TX0430400,"Frisco, TX",robbery,0.022721889338011475,0.02992932797318116,0.051990142794252764
7,TX0430400,"Frisco, TX",robbery,0.04369013349377921,0.0651416852042447,0.051944206283252956
8,TX0430400,"Frisco, TX",robbery,0.06242505534559063,0.06597333794649732,0.05199014279425277
9,TX0430400,"Frisco, TX",robbery,0.05616031175072153,0.032046751438349994,0.05199672115707768
10,TX0430400,"Frisco, TX",robbery,0.041594484547410396,0.01478420977843199,0.05201920499104474
11,TX0430400,"Frisco, TX",robbery,0.05098107485514673,0.03894966191530515,0.05199672115707767
12,TX0430400,"Frisco, TX",robbery,0.05056456427533197,0.04741140835088981,0.051990142794252764
1,TX0430500,"Mckinney, TX",robbery,-0.014718746777558186,-0.012390416235211562,0.05074879109033295
2,TX0430500,"Mckinney, TX",robbery,-0.10674012224271302,-0.10270850897609281,0.050790409763591754
3,TX0430500,"Mckinney, TX",robbery,-0.12944676536406494,-0.14820054407953087,0.050795603972016955
4,TX0430500,"Mckinney, TX",robbery,-0.07056587126363142,-0.07917720949548515,0.050794741696004425
5,TX0430500,"Mckinney, TX",robbery,-0.006666007958024384,0.017605294392229298,0.05079560397201696
6,TX0430500,"Mckinney, TX",robbery,0.022721889338011475,0.04433128603251621,0.050790409763591754
7,TX0430500,"Mckinney, TX",robbery,0.04369013349377921,0.03825191560965841,0.05074879109033294
8,TX0430500,"Mckinney, TX",robbery,0.06242505534559063,0.06341306756086874,0.05079040976359176
9,TX0430500,"Mckinney, TX",robbery,0.05616031175072153,0.08304360328985999,0.05079560397201696
10,TX0430500,"Mckinney, TX",robbery,0.041594484547410396,0.05331571012103832,0.050794741696004425
11,TX0430500,"Mckinney, TX",robbery,0.05098107485514673,0.021690147022994714,0.050795603972016955
12,TX0430500,"Mckinney, TX",robbery,0.05056456427533197,0.02082565475715469,0.050790409763591754
1,TX0430600,"Plano, TX",robbery,-0.014718746777558186,-0.01968263046080153,0.04648677561121046
2,TX0430600,"Plano, TX",robbery,-0.10674012224271302,-0.11640196295321661,0.046616676038433016
3,TX0430600,"Plano, TX",robbery,-0.12944676536406494,-0.09611245758684951,0.046575787374000845
4,TX0430600,"Plano, TX",robbery,-0.07056587126363142,-0.023133668964012755,0.04660763869650388
5,TX0430600,"Plano, TX",robbery,-0.006666007958024384,-0.0026786272789146347,0.04657578737400085
6,TX0430600,"Plano, TX",robbery,0.022721889338011475,-0.004825844041955219,0.046616676038433016
7,TX0430600,"Plano, TX",robbery,0.04369013349377921,0.029561817429158803,0.04648677561121045
8,TX0430600,"Plano, TX",robbery,0.06242505534559063,0.05225177722422582,0.04661667603843302
9,TX0430600,"Plano, TX",robbery,0.05616031175072153,0.02208308488950144,0.04657578737400085
10,TX0430600,"Plano, TX",robbery,0.041594484547410396,0.013254481995655461,0.04660763869650388
11,TX0430600,"Plano, TX",robbery,0.05098107485514673,0.06682881300790539,0.046575787374000845
12,TX0430600,"Plano, TX",robbery,0.05056456427533197,0.07885521673930335,0.046616676038433016
1,TX0430800,"Wylie, TX",robbery,-0.014718746777558186,-0.0020332472035939205,0.054376609333613525
2,TX0430800,"Wylie, TX",robbery,-0.10674012224271302,-0.08510767547004518,0.054391167718853786
3,TX0430800,"Wylie, TX",robbery,-0.12944676536406494,-0.11585107119778515,0.05439316353806978
4,TX0430800,"Wylie, TX",robbery,-0.07056587126363142,-0.06632689046416826,0.054396548730265594
5,TX0430800,"Wylie, TX",robbery,-0.006666007958024384,-0.004851290653403669,0.05439316353806979
6,TX0430800,"Wylie, TX",robbery,0.022721889338011475,0.022364670751370264,0.054391167718853786
7,TX0430800,"Wylie, TX",robbery,0.04369013349377921,0.03936901005370243,0.05437660933361352
8,TX0430800,"Wylie, TX",robbery,0.06242505534559063,0.05767831075652232,0.054391167718853786
9,TX0430800,"Wylie, TX",robbery,0.05616031175072153,0.051085943634153815,0.05439316353806979
10,TX0430800,"Wylie, TX",robbery,0.041594484547410396,0.028991127614059753,0.054396548730265594
11,TX0430800,"Wylie, TX",robbery,0.05098107485514673,0.03228065536692649,0.05439316353806978
12,TX0430800,"Wylie, TX",robbery,0.05056456427533197,0.0424004568122611,0.054391167718853786
1,TX0460000,"Comal, TX",robbery,-0.014718746777558186,-0.012802673351663367,0.05435856230753147
2,TX0460000,"Comal, TX",robbery,-0.10674012224271302,-0.10194616333115449,0.05436456386211395
3,TX0460000,"Comal, TX",robbery,-0.12944676536406494,-0.11902997391074341,0.05437782908376483
4,TX0460000,"Comal, TX",robbery,-0.07056587126363142,-0.057967510209710416,0.05436842442374205
5,TX0460000,"Comal, TX",robbery,-0.006666007958024384,-5.648886223462156e-4,0.05437782908376484
6,TX0460000,"Comal, TX",robbery,0.022721889338011475,0.019664371434490156,0.05436456386211395
7,TX0460000,"Comal, TX",robbery,0.04369013349377921,0.03719323702056994,0.054358562307531465
8,TX0460000,"Comal, TX",robbery,0.06242505534559063,0.05652983016152333,0.05436456386211395
9,TX0460000,"Comal, TX",robbery,0.05616031175072153,0.049223077072205704,0.05437782908376484
10,TX0460000,"Comal, TX",robbery,0.041594484547410396,0.03357694654080384,0.05436842442374205
11,TX0460000,"Comal, TX",robbery,0.05098107485514673,0.045981221791977334,0.05437782908376483
12,TX0460000,"Comal, TX",robbery,0.05056456427533197,0.050142525404047594,0.05436456386211395
1,TX0460100,"New Braunfels, TX",robbery,-0.014718746777558186,-0.030291505582584997,0.052420378248978536
2,TX0460100,"New Braunfels, TX",robbery,-0.10674012224271302,-0.09499333953898202,0.05247574800671328
3,TX0460100,"New Braunfels, TX",robbery,-0.12944676536406494,-0.1323588130285104,0.05243997594382672
4,TX0460100,"New Braunfels, TX",robbery,-0.07056587126363142,-0.08209547800977463,0.05245320854150855
5,TX0460100,"New Braunfels, TX",robbery,-0.006666007958024384,0.005380208467757641,0.05243997594382673
6,TX0460100,"New Braunfels, TX",robbery,0.022721889338011475,0.045919258535719903,0.05247574800671328
7,TX0460100,"New Braunfels, TX",robbery,0.04369013349377921,0.04850979721388583,0.05242037824897853
8,TX0460100,"New Braunfels, TX",robbery,0.06242505534559063,0.06649928252422353,0.052475748006713285
9,TX0460100,"New Braunfels, TX",robbery,0.05616031175072153,0.0856464643824511,0.05243997594382673
10,TX0460100,"New Braunfels, TX",robbery,0.041594484547410396,0.0638771863784738,0.05245320854150855
11,TX0460100,"New Braunfels, TX",robbery,0.05098107485514673,0.023113848547000798,0.05243997594382672
12,TX0460100,"New Braunfels, TX",robbery,0.05056456427533197,7.930901103394297e-4,0.05247574800671328
1,TX0570400,"Carrollton, TX",robbery,-0.014718746777558186,0.024822148207242833,0.05036285900426677
2,TX0570400,"Carrollton, TX",robbery,-0.10674012224271302,-0.09111261518032442,0.05043595897563051
3,TX0570400,"Carrollton, TX",robbery,-0.12944676536406494,-0.1540145556314466,0.050435626786767496
4,TX0570400,"Carrollton, TX",robbery,-0.07056587126363142,-0.10076159290096148,0.05049246630848565
5,TX0570400,"Carrollton, TX",robbery,-0.006666007958024384,-0.005582841201566254,0.0504356267867675
6,TX0570400,"Carrollton, TX",robbery,0.022721889338011475,0.045464401836213586,0.05043595897563051
7,TX0570400,"Carrollton, TX",robbery,0.04369013349377921,0.05511602171745516,0.05036285900426676
8,TX0570400,"Carrollton, TX",robbery,0.06242505534559063,0.05208070174092135,0.05043595897563051
9,TX0570400,"Carrollton, TX",robbery,0.05616031175072153,0.035044472267345556,0.0504356267867675
10,TX0570400,"Carrollton, TX",robbery,0.041594484547410396,0.02082342297626349,0.05049246630848565
11,TX0570400,"Carrollton, TX",robbery,0.05098107485514673,0.04461475464096929,0.050435626786767496
12,TX0570400,"Carrollton, TX",robbery,0.05056456427533197,0.07350568152788747,0.05043595897563051
1,TX0570800,"Desoto, TX",robbery,-0.014718746777558186,-0.0088636209818749,0.0504292507803856
2,TX0570800,"Desoto, TX",robbery,-0.10674012224271302,-0.06044273333126231,0.05054068849051318
3,TX0570800,"Desoto, TX",robbery,-0.12944676536406494,-0.09181533248459134,0.050546916294584104
4,TX0570800,"Desoto, TX",robbery,-0.07056587126363142,-0.055979685493504315,0.05058975453904903
5,TX0570800,"Desoto, TX",robbery,-0.006666007958024384,0.007238526948104098,0.05054691629458411
6,TX0570800,"Desoto, TX",robbery,0.022721889338011475,0.03928803017630636,0.05054068849051318
7,TX0570800,"Desoto, TX",robbery,0.04369013349377921,0.04541094816406748,0.05042925078038559
8,TX0570800,"Desoto, TX",robbery,0.06242505534559063,0.052201405485400365,0.05054068849051318
9,TX0570800,"Desoto, TX",robbery,0.05616031175072153,0.04702667745653684,0.05054691629458411
10,TX0570800,"Desoto, TX",robbery,0.041594484547410396,0.01943235831131174,0.05058975453904903
11,TX0570800,"Desoto, TX",robbery,0.05098107485514673,0.0010028008977578113,0.050546916294584104
12,TX0570800,"Desoto, TX",robbery,0.05056456427533197,0.0055006248517481615,0.05054068849051318
1,TX0571100,"Garland, TX",robbery,-0.014718746777558186,0.025337781014637496,0.04142953189375843
2,TX0571100,"Garland, TX",robbery,-0.10674012224271302,-0.10204516154537742,0.041625860414783375
3,TX0571100,"Garland, TX",robbery,-0.12944676536406494,-0.11336601876083108,0.04151884688347269
4,TX0571100,"Garland, TX",robbery,-0.07056587126363142,-0.037785373749383705,0.04159176352203517
5,TX0571100,"Garland, TX",robbery,-0.006666007958024384,-0.018160654449151235,0.041518846883472696
6,TX0571100,"Garland, TX",robbery,0.022721889338011475,-0.04529530200147177,0.041625860414783375
7,TX0571100,"Garland, TX",robbery,0.04369013349377921,-0.011951634987826216,0.04142953189375842
8,TX0571100,"Garland, TX",robbery,0.06242505534559063,0.053581281891359196,0.041625860414783375
9,TX0571100,"Garland, TX",robbery,0.05616031175072153,0.051515993080001585,0.041518846883472696
10,TX0571100,"Garland, TX",robbery,0.041594484547410396,0.024399227722572435,0.04159176352203517
11,TX0571100,"Garland, TX",robbery,0.05098107485514673,0.06662453410316943,0.04151884688347269
12,TX0571100,"Garland, TX",robbery,0.05056456427533197,0.10714532768230127,0.041625860414783375
1,TX0571200,"Grand Prairie, TX",robbery,-0.014718746777558186,0.006620645411681581,0.0472478983880582
2,TX0571200,"Grand Prairie, TX",robbery,-0.10674012224271302,-0.07511223344204555,0.04739951726552042
3,TX0571200,"Grand Prairie, TX",robbery,-0.12944676536406494,-0.08529747979333946,0.04739653816913587
4,TX0571200,"Grand Prairie, TX",robbery,-0.07056587126363142,-0.03904434997450407,0.04744891583252015
5,TX0571200,"Grand Prairie, TX",robbery,-0.006666007958024384,0.0018209026047187311,0.047396538169135874
6,TX0571200,"Grand Prairie, TX",robbery,0.022721889338011475,0.02641064254691964,0.04739951726552042
7,TX0571200,"Grand Prairie, TX",robbery,0.04369013349377921,0.04199724259420759,0.047247898388058186
8,TX0571200,"Grand Prairie, TX",robbery,0.06242505534559063,0.02654672773297547,0.04739951726552042
9,TX0571200,"Grand Prairie, TX",robbery,0.05616031175072153,-0.01188591392161978,0.047396538169135874
10,TX0571200,"Grand Prairie, TX",robbery,0.041594484547410396,-0.009573538031385118,0.04744891583252015
11,TX0571200,"Grand Prairie, TX",robbery,0.05098107485514673,0.04674460310435133,0.04739653816913587
12,TX0571200,"Grand Prairie, TX",robbery,0.05056456427533197,0.07077275116803965,0.04739951726552042
1,TX0571500,"Irving, TX",robbery,-0.014718746777558186,0.013753962928944177,0.04202065262499237
2,TX0571500,"Irving, TX",robbery,-0.10674012224271302,-0.06310133940693864,0.0421961009913019
3,TX0571500,"Irving, TX",robbery,-0.12944676536406494,-0.11748911532960386,0.04223267799155091
4,TX0571500,"Irving, TX",robbery,-0.07056587126363142,-0.07998697166357856,0.042352676514534955
5,TX0571500,"Irving, TX",robbery,-0.006666007958024384,0.018569239579967572,0.042232677991550914
6,TX0571500,"Irving, TX",robbery,0.022721889338011475,0.0875188765383816,0.0421961009913019
7,TX0571500,"Irving, TX",robbery,0.04369013349377921,0.0839929259785995,0.04202065262499236
8,TX0571500,"Irving, TX",robbery,0.06242505534559063,0.037410903675484414,0.0421961009913019
9,TX0571500,"Irving, TX",robbery,0.05616031175072153,-0.005948209309394017,0.042232677991550914
10,TX0571500,"Irving, TX",robbery,0.041594484547410396,-0.017759917243965116,0.042352676514534955
11,TX0571500,"Irving, TX",robbery,0.05098107485514673,0.007121196151486629,0.04223267799155091
12,TX0571500,"Irving, TX",robbery,0.05056456427533197,0.035918448100616326,0.0421961009913019
1,TX0571800,"Mesquite, TX",robbery,-0.014718746777558186,-0.042319169166254236,0.0430876710750465
2,TX0571800,"Mesquite, TX",robbery,-0.10674012224271302,-0.12635290137191887,0.043159594955351537
3,TX0571800,"Mesquite, TX",robbery,-0.12944676536406494,-0.12184258094778039,0.04312313158791741
4,TX0571800,"Mesquite, TX",robbery,-0.07056587126363142,-0.04813487792074474,0.04316391148103043
5,TX0571800,"Mesquite, TX",robbery,-0.006666007958024384,0.006510488442946559,0.04312313158791742
6,TX0571800,"Mesquite, TX",robbery,0.022721889338011475,0.016673796354456396,0.043159594955351537
7,TX0571800,"Mesquite, TX",robbery,0.04369013349377921,0.0254137390147715,0.04308767107504649
8,TX0571800,"Mesquite, TX",robbery,0.06242505534559063,0.047353812745095494,0.043159594955351537
9,TX0571800,"Mesquite, TX",robbery,0.05616031175072153,0.059748922472439736,0.04312313158791742
10,TX0571800,"Mesquite, TX",robbery,0.041594484547410396,0.06504030807222747,0.04316391148103043
11,TX0571800,"Mesquite, TX",robbery,0.05098107485514673,0.07248860018387678,0.04312313158791741
12,TX0571800,"Mesquite, TX",robbery,0.05056456427533197,0.0454198621208843,0.043159594955351537
1,TX0572000,"Richardson, TX",robbery,-0.014718746777558186,0.009488348990745098,0.04949483799633056
2,TX0572000,"Richardson, TX",robbery,-0.10674012224271302,-0.09550418414353232,0.04958001694110618
3,TX0572000,"Richardson, TX",robbery,-0.12944676536406494,-0.11556488903940669,0.04955996744888695
4,TX0572000,"Richardson, TX",robbery,-0.07056587126363142,-0.042962739525151235,0.04958339925549172
5,TX0572000,"Richardson, TX",robbery,-0.006666007958024384,0.0037570869645088536,0.04955996744888696
6,TX0572000,"Richardson, TX",robbery,0.022721889338011475,-0.004270857691663343,0.04958001694110618
7,TX0572000,"Richardson, TX",robbery,0.04369013349377921,0.012248593059090106,0.04949483799633056
8,TX0572000,"Richardson, TX",robbery,0.06242505534559063,0.057279701080679646,0.04958001694110618
9,TX0572000,"Richardson, TX",robbery,0.05616031175072153,0.05560346392671885,0.049559967448886966
10,TX0572000,"Richardson, TX",robbery,0.041594484547410396,0.021225797475316045,0.04958339925549172
11,TX0572000,"Richardson, TX",robbery,0.05098107485514673,0.03446739609834378,0.04955996744888695
12,TX0572000,"Richardson, TX",robbery,0.05056456427533197,0.0642322828043512,0.04958001694110618
1,TX0573300,"Rowlett, TX",robbery,-0.014718746777558186,0.00126741833797496,0.053319968381170334
2,TX0573300,"Rowlett, TX",robbery,-0.10674012224271302,-0.12151850753498365,0.05335015310955361
3,TX0573300,"Rowlett, TX",robbery,-0.12944676536406494,-0.15939138758086216,0.053353807944716156
4,TX0573300,"Rowlett, TX",robbery,-0.07056587126363142,-0.09118481166859295,0.05336949386927483
5,TX0573300,"Rowlett, TX",robbery,-0.006666007958024384,-0.01051798221283876,0.05335380794471616
6,TX0573300,"Rowlett, TX",robbery,0.022721889338011475,0.030584787441246097,0.05335015310955361
7,TX0573300,"Rowlett, TX",robbery,0.04369013349377921,0.05607373207609774,0.05331996838117033
8,TX0573300,"Rowlett, TX",robbery,0.06242505534559063,0.06854049336361692,0.05335015310955361
9,TX0573300,"Rowlett, TX",robbery,0.05616031175072153,0.049072222995422736,0.05335380794471617
10,TX0573300,"Rowlett, TX",robbery,0.041594484547410396,0.03384366125452024,0.05336949386927483
11,TX0573300,"Rowlett, TX",robbery,0.05098107485514673,0.06349599638420544,0.053353807944716156
12,TX0573300,"Rowlett, TX",robbery,0.05056456427533197,0.07973437714419337,0.05335015310955361
1,TX0610000,"Denton, TX",robbery,-0.014718746777558186,-0.018789915894488377,0.05470820682050238
2,TX0610000,"Denton, TX",robbery,-0.10674012224271302,-0.0974822818374987,0.05471716423065574
3,TX0610000,"Denton, TX",robbery,-0.12944676536406494,-0.11447524484116416,0.05472041057785265
4,TX0610000,"Denton, TX",robbery,-0.07056587126363142,-0.05955777225336029,0.05472434485098402
5,TX0610000,"Denton, TX",robbery,-0.006666007958024384,0.0011347113670638136,0.05472041057785266
6,TX0610000,"Denton, TX",robbery,0.022721889338011475,0.02952602193797078,0.05471716423065574
7,TX0610000,"Denton, TX",robbery,0.04369013349377921,0.044033404549433934,0.05470820682050237
8,TX0610000,"Denton, TX",robbery,0.06242505534559063,0.05334354172797379,0.05471716423065575
9,TX0610000,"Denton, TX",robbery,0.05616031175072153,0.04509301607669369,0.05472041057785266
10,TX0610000,"Denton, TX",robbery,0.041594484547410396,0.034314283598414735,0.05472434485098402
11,TX0610000,"Denton, TX",robbery,0.05098107485514673,0.04300402874246107,0.05472041057785265
12,TX0610000,"Denton, TX",robbery,0.05056456427533197,0.03985620682649973,0.05471716423065574
1,TX0610600,"Lewisville, TX",robbery,-0.014718746777558186,0.022674523778604565,0.049596473110967494
2,TX0610600,"Lewisville, TX",robbery,-0.10674012224271302,-0.1025855871277979,0.049668256993050275
3,TX0610600,"Lewisville, TX",robbery,-0.12944676536406494,-0.1496086736693646,0.04967237499236101
4,TX0610600,"Lewisville, TX",robbery,-0.07056587126363142,-0.08014919381499869,0.04970823996725286
5,TX0610600,"Lewisville, TX",robbery,-0.006666007958024384,-0.0015628337693008333,0.04967237499236101
6,TX0610600,"Lewisville, TX",robbery,0.022721889338011475,0.02408555499172756,0.049668256993050275
7,TX0610600,"Lewisville, TX",robbery,0.04369013349377921,0.040267314509879575,0.04959647311096749
8,TX0610600,"Lewisville, TX",robbery,0.06242505534559063,0.06061594338132987,0.049668256993050275
9,TX0610600,"Lewisville, TX",robbery,0.05616031175072153,0.04469719163441243,0.04967237499236101
10,TX0610600,"Lewisville, TX",robbery,0.041594484547410396,0.017207355526514544,0.04970823996725286
11,TX0610600,"Lewisville, TX",robbery,0.05098107485514673,0.043532477515768844,0.04967237499236101
12,TX0610600,"Lewisville, TX",robbery,0.05056456427533197,0.08082592704322462,0.049668256993050275
1,TX0611200,"Flower Mound, TX",robbery,-0.014718746777558186,-0.01181874699216119,0.054311099984065164
2,TX0611200,"Flower Mound, TX",robbery,-0.10674012224271302,-0.10846934723668562,0.05432629890773066
3,TX0611200,"Flower Mound, TX",robbery,-0.12944676536406494,-0.13261719572998806,0.05432583467780879
4,TX0611200,"Flower Mound, TX",robbery,-0.07056587126363142,-0.07871055745986533,0.05431969826670804
5,TX0611200,"Flower Mound, TX",robbery,-0.006666007958024384,-0.013141289965949174,0.0543258346778088
6,TX0611200,"Flower Mound, TX",robbery,0.022721889338011475,0.025265658273448597,0.05432629890773066
7,TX0611200,"Flower Mound, TX",robbery,0.04369013349377921,0.04415611717007294,0.05431109998406516
8,TX0611200,"Flower Mound, TX",robbery,0.06242505534559063,0.047887820746239866,0.054326298907730664
9,TX0611200,"Flower Mound, TX",robbery,0.05616031175072153,0.03969829906163055,0.0543258346778088
10,TX0611200,"Flower Mound, TX",robbery,0.041594484547410396,0.04637318728195358,0.05431969826670804
11,TX0611200,"Flower Mound, TX",robbery,0.05098107485514673,0.07372281645639489,0.05432583467780879
12,TX0611200,"Flower Mound, TX",robbery,0.05056456427533197,0.06765323839490896,0.05432629890773066
1,TX0611300,"Little Elm, TX",robbery,-0.014718746777558186,-0.004041166225327107,0.05402748541747378
2,TX0611300,"Little Elm, TX",robbery,-0.10674012224271302,-0.07990130444049284,0.05405331865907717
3,TX0611300,"Little Elm, TX",robbery,-0.12944676536406494,-0.11755838494913756,0.05404340158048672
4,TX0611300,"Little Elm, TX",robbery,-0.07056587126363142,-0.07645257431525536,0.0540486400496047
5,TX0611300,"Little Elm, TX",robbery,-0.006666007958024384,-0.01066514271973508,0.054043401580486726
6,TX0611300,"Little Elm, TX",robbery,0.022721889338011475,0.021384828753478188,0.05405331865907717
7,TX0611300,"Little Elm, TX",robbery,0.04369013349377921,0.03318679442592717,0.054027485417473764
8,TX0611300,"Little Elm, TX",robbery,0.06242505534559063,0.051701778711711374,0.05405331865907717
9,TX0611300,"Little Elm, TX",robbery,0.05616031175072153,0.06021323101975605,0.054043401580486726
10,TX0611300,"Little Elm, TX",robbery,0.041594484547410396,0.0473069461146553,0.0540486400496047
11,TX0611300,"Little Elm, TX",robbery,0.05098107485514673,0.038864668448516514,0.05404340158048672
12,TX0611300,"Little Elm, TX",robbery,0.05056456427533197,0.03596032517590335,0.05405331865907717
1,TX0680200,"Odessa, TX",robbery,-0.014718746777558186,-0.01931800447383587,0.04752959473249573
2,TX0680200,"Odessa, TX",robbery,-0.10674012224271302,-0.09906778426204568,0.04761720287768833
3,TX0680200,"Odessa, TX",robbery,-0.12944676536406494,-0.10425718624364644,0.04762804761755257
4,TX0680200,"Odessa, TX",robbery,-0.07056587126363142,-0.04947492291772124,0.04761612809409851
5,TX0680200,"Odessa, TX",robbery,-0.006666007958024384,0.0089514260954152,0.04762804761755258
6,TX0680200,"Odessa, TX",robbery,0.022721889338011475,0.04015612692359623,0.04761720287768833
7,TX0680200,"Odessa, TX",robbery,0.04369013349377921,0.03902405651897086,0.047529594732495725
8,TX0680200,"Odessa, TX",robbery,0.06242505534559063,0.013856077412813866,0.04761720287768833
9,TX0680200,"Odessa, TX",robbery,0.05616031175072153,-6.60572650720366e-4,0.04762804761755258
10,TX0680200,"Odessa, TX",robbery,0.041594484547410396,0.02976887087258623,0.04761612809409851
11,TX0680200,"Odessa, TX",robbery,0.05098107485514673,0.07626028075381658,0.04762804761755257
12,TX0680200,"Odessa, TX",robbery,0.05056456427533197,0.06476163197077064,0.04761720287768833
1,TX0710000,"El Paso, TX",robbery,-0.014718746777558186,-0.01340618947924687,0.052653054959417675
2,TX0710000,"El Paso, TX",robbery,-0.10674012224271302,-0.09146779048594653,0.052693697616373256
3,TX0710000,"El Paso, TX",robbery,-0.12944676536406494,-0.11982347975211123,0.05268913475757634
4,TX0710000,"El Paso, TX",robbery,-0.07056587126363142,-0.07177195330373987,0.05270403731638875
5,TX0710000,"El Paso, TX",robbery,-0.006666007958024384,-9.379345934578975e-4,0.052689134757576354
6,TX0710000,"El Paso, TX",robbery,0.022721889338011475,0.039044076011109374,0.052693697616373256
7,TX0710000,"El Paso, TX",robbery,0.04369013349377921,0.04946184032106138,0.05265305495941767
8,TX0710000,"El Paso, TX",robbery,0.06242505534559063,0.04898122490207717,0.052693697616373256
9,TX0710000,"El Paso, TX",robbery,0.05616031175072153,0.04128126332642738,0.052689134757576354
10,TX0710000,"El Paso, TX",robbery,0.041594484547410396,0.035716302461925364,0.05270403731638875
11,TX0710000,"El Paso, TX",robbery,0.05098107485514673,0.04342450017732722,0.05268913475757634
12,TX0710000,"El Paso, TX",robbery,0.05056456427533197,0.039498140414574515,0.052693697616373256
1,TX0710200,"El Paso, TX",robbery,-0.014718746777558186,-0.017227613688151636,0.03885445520823625
2,TX0710200,"El Paso, TX",robbery,-0.10674012224271302,-0.08442891907414182,0.038976416144851304
3,TX0710200,"El Paso, TX",robbery,-0.12944676536406494,-0.10525058233512574,0.0390128059570113
4,TX0710200,"El Paso, TX",robbery,-0.07056587126363142,-0.056387544257423095,0.039037627627041216
5,TX0710200,"El Paso, TX",robbery,-0.006666007958024384,0.019653886625761507,0.03901280595701131
6,TX0710200,"El Paso, TX",robbery,0.022721889338011475,0.06517060351725301,0.038976416144851304
7,TX0710200,"El Paso, TX",robbery,0.04369013349377921,0.06155355852462453,0.038854455208236244
8,TX0710200,"El Paso, TX",robbery,0.06242505534559063,0.030875380876460037,0.038976416144851304
9,TX0710200,"El Paso, TX",robbery,0.05616031175072153,0.007371099300971051,0.03901280595701131
10,TX0710200,"El Paso, TX",robbery,0.041594484547410396,0.012061599420950185,0.039037627627041216
11,TX0710200,"El Paso, TX",robbery,0.05098107485514673,0.03389965157192026,0.0390128059570113
12,TX0710200,"El Paso, TX",robbery,0.05056456427533197,0.032708879516901726,0.0389764161448513
1,TX0790000,"Fort Bend, TX",robbery,-0.014718746777558186,0.033593348460932974,0.0449177421085352
2,TX0790000,"Fort Bend, TX",robbery,-0.10674012224271302,-0.061887302827735344,0.04499308774390161
3,TX0790000,"Fort Bend, TX",robbery,-0.12944676536406494,-0.1187516639189029,0.04500187954702467
4,TX0790000,"Fort Bend, TX",robbery,-0.07056587126363142,-0.07381211436536855,0.0450135101008647
5,TX0790000,"Fort Bend, TX",robbery,-0.006666007958024384,-0.013734426889408964,0.04500187954702468
6,TX0790000,"Fort Bend, TX",robbery,0.022721889338011475,-0.006891127419817451,0.04499308774390161
7,TX0790000,"Fort Bend, TX",robbery,0.04369013349377921,0.002114505318493461,0.0449177421085352
8,TX0790000,"Fort Bend, TX",robbery,0.06242505534559063,0.05007419579455252,0.04499308774390161
9,TX0790000,"Fort Bend, TX",robbery,0.05616031175072153,0.07123070310629366,0.04500187954702468
10,TX0790000,"Fort Bend, TX",robbery,0.041594484547410396,0.038104260585942136,0.0450135101008647
11,TX0790000,"Fort Bend, TX",robbery,0.05098107485514673,0.025547533922591768,0.04500187954702468
12,TX0790000,"Fort Bend, TX",robbery,0.05056456427533197,0.05441208823242669,0.04499308774390161
1,TX0790100,"Missouri City, TX",robbery,-0.014718746777558186,0.022344582894947323,0.051708556653622645
2,TX0790100,"Missouri City, TX",robbery,-0.10674012224271302,-0.08313708278904416,0.051741947776319394
3,TX0790100,"Missouri City, TX",robbery,-0.12944676536406494,-0.14030850472912806,0.051765219296609696
4,TX0790100,"Missouri City, TX",robbery,-0.07056587126363142,-0.08270426671829834,0.0518065617230726
5,TX0790100,"Missouri City, TX",robbery,-0.006666007958024384,0.010986887543690847,0.0517652192966097
6,TX0790100,"Missouri City, TX",robbery,0.022721889338011475,0.05150606211259874,0.051741947776319394
7,TX0790100,"Missouri City, TX",robbery,0.04369013349377921,0.051289807205965786,0.05170855665362264
8,TX0790100,"Missouri City, TX",robbery,0.06242505534559063,0.04759843760407714,0.051741947776319394
9,TX0790100,"Missouri City, TX",robbery,0.05616031175072153,0.031135469443247944,0.05176521929660971
10,TX0790100,"Missouri City, TX",robbery,0.041594484547410396,0.00906987661738523,0.0518065617230726
11,TX0790100,"Missouri City, TX",robbery,0.05098107485514673,0.024551757641276158,0.051765219296609696
12,TX0790100,"Missouri City, TX",robbery,0.05056456427533197,0.0576669731732814,0.051741947776319394
1,TX0790500,"Sugar Land, TX",robbery,-0.014718746777558186,-0.024698537966385357,0.05178454299048451
2,TX0790500,"Sugar Land, TX",robbery,-0.10674012224271302,-0.08605403385533435,0.051834907040431547
3,TX0790500,"Sugar Land, TX",robbery,-0.12944676536406494,-0.10175560886626536,0.051821975628279046
4,TX0790500,"Sugar Land, TX",robbery,-0.07056587126363142,-0.06570667974243995,0.05183178267374459
5,TX0790500,"Sugar Land, TX",robbery,-0.006666007958024384,-0.016754306616489054,0.05182197562827905
6,TX0790500,"Sugar Land, TX",robbery,0.022721889338011475,0.017581728109680436,0.051834907040431547
7,TX0790500,"Sugar Land, TX",robbery,0.04369013349377921,0.03939568611695054,0.0517845429904845
8,TX0790500,"Sugar Land, TX",robbery,0.06242505534559063,0.05186603894247794,0.051834907040431547
9,TX0790500,"Sugar Land, TX",robbery,0.05616031175072153,0.052870465802843776,0.05182197562827906
10,TX0790500,"Sugar Land, TX",robbery,0.041594484547410396,0.05100953159187477,0.05183178267374459
11,TX0790500,"Sugar Land, TX",robbery,0.05098107485514673,0.050942301529345424,0.051821975628279046
12,TX0790500,"Sugar Land, TX",robbery,0.05056456427533197,0.0313034149537412,0.05183490704043154
1,TX0840400,"Galveston, TX",robbery,-0.014718746777558186,0.0031007062467479523,0.04922395861791692
2,TX0840400,"Galveston, TX",robbery,-0.10674012224271302,-0.10270609193822443,0.04929596329340707
3,TX0840400,"Galveston, TX",robbery,-0.12944676536406494,-0.1348882314239769,0.049310395965283534
4,TX0840400,"Galveston, TX",robbery,-0.07056587126363142,-0.07988944735378344,0.0493569317635982
5,TX0840400,"Galveston, TX",robbery,-0.006666007958024384,-0.021213163415805168,0.04931039596528355
6,TX0840400,"Galveston, TX",robbery,0.022721889338011475,0.018802225581257926,0.04929596329340707
7,TX0840400,"Galveston, TX",robbery,0.04369013349377921,0.0698253411104987,0.04922395861791691
8,TX0840400,"Galveston, TX",robbery,0.06242505534559063,0.09810792655285755,0.04929596329340707
9,TX0840400,"Galveston, TX",robbery,0.05616031175072153,0.05736401868136338,0.04931039596528355
10,TX0840400,"Galveston, TX",robbery,0.041594484547410396,0.00696339999653677,0.0493569317635982
11,TX0840400,"Galveston, TX",robbery,0.05098107485514673,0.025811328801172023,0.04931039596528354
12,TX0840400,"Galveston, TX",robbery,0.05056456427533197,0.05872198716135565,0.04929596329340707
1,TX0840800,"League City, TX",robbery,-0.014718746777558186,-0.014548386769295332,0.05323085777144304
2,TX0840800,"League City, TX",robbery,-0.10674012224271302,-0.0779714770653456,0.05328968825776413
3,TX0840800,"League City, TX",robbery,-0.12944676536406494,-0.11652323248563491,0.05326350010724506
4,TX0840800,"League City, TX",robbery,-0.07056587126363142,-0.0835737579970598,0.053280572125323805
5,TX0840800,"League City, TX",robbery,-0.006666007958024384,-0.014775048070097755,0.053263500107245065
6,TX0840800,"League City, TX",robbery,0.022721889338011475,0.025662210089324417,0.05328968825776413
7,TX0840800,"League City, TX",robbery,0.04369013349377921,0.03629144016541416,0.053230857771443034
8,TX0840800,"League City, TX",robbery,0.06242505534559063,0.05208216708499198,0.05328968825776413
9,TX0840800,"League City, TX",robbery,0.05616031175072153,0.06889086910916248,0.05326350010724507
10,TX0840800,"League City, TX",robbery,0.041594484547410396,0.061830704600940964,0.053280572125323805
11,TX0840800,"League City, TX",robbery,0.05098107485514673,0.04066435805045134,0.05326350010724506
12,TX0840800,"League City, TX",robbery,0.05056456427533197,0.02197015328714805,0.05328968825776413
1,TX0840900,"Texas City, TX",robbery,-0.014718746777558186,-0.03623156417968258,0.05142690976261985
2,TX0840900,"Texas City, TX",robbery,-0.10674012224271302,-0.13017170845014858,0.05149251855385064
3,TX0840900,"Texas City, TX",robbery,-0.12944676536406494,-0.13130873499517476,0.05147272623439044
4,TX0840900,"Texas City, TX",robbery,-0.07056587126363142,-0.060559964897369895,0.05148186540425536
5,TX0840900,"Texas City, TX",robbery,-0.006666007958024384,-0.005689946485097648,0.051472726234390455
6,TX0840900,"Texas City, TX",robbery,0.022721889338011475,0.021844262097557854,0.05149251855385064
7,TX0840900,"Texas City, TX",robbery,0.04369013349377921,0.057654396216402615,0.05142690976261984
8,TX0840900,"Texas City, TX",robbery,0.06242505534559063,0.08105853962883042,0.05149251855385065
9,TX0840900,"Texas City, TX",robbery,0.05616031175072153,0.06077273413713657,0.051472726234390455
10,TX0840900,"Texas City, TX",robbery,0.041594484547410396,0.03913713286064985,0.05148186540425536
11,TX0840900,"Texas City, TX",robbery,0.05098107485514673,0.05480311530641575,0.05147272623439044
12,TX0840900,"Texas City, TX",robbery,0.05056456427533197,0.04869173876048039,0.05149251855385064
1,TX0920500,"Longview, TX",robbery,-0.014718746777558186,0.003067599785106338,0.04950658381161157
2,TX0920500,"Longview, TX",robbery,-0.10674012224271302,-0.08054207595910454,0.0495918914999647
3,TX0920500,"Longview, TX",robbery,-0.12944676536406494,-0.12216304050082019,0.04962896475997349
4,TX0920500,"Longview, TX",robbery,-0.07056587126363142,-0.05132116415220071,0.04964789421572451
5,TX0920500,"Longview, TX",robbery,-0.006666007958024384,0.039800424472039846,0.04962896475997349
6,TX0920500,"Longview, TX",robbery,0.022721889338011475,0.05217052107611947,0.0495918914999647
7,TX0920500,"Longview, TX",robbery,0.04369013349377921,0.028739898542535145,0.04950658381161156
8,TX0920500,"Longview, TX",robbery,0.06242505534559063,0.03875966904944733,0.0495918914999647
9,TX0920500,"Longview, TX",robbery,0.05616031175072153,0.04857313526352153,0.0496289647599735
10,TX0920500,"Longview, TX",robbery,0.041594484547410396,0.019513665824559254,0.04964789421572451
11,TX0920500,"Longview, TX",robbery,0.05098107485514673,0.0019819824376173275,0.04962896475997349
12,TX0920500,"Longview, TX",robbery,0.05056456427533197,0.02141938416117918,0.0495918914999647
1,TX1010100,"Baytown, TX",robbery,-0.014718746777558186,9.397754722464619e-4,0.048200981807408616
2,TX1010100,"Baytown, TX",robbery,-0.10674012224271302,-0.09875477099436392,0.04831767730363027
3,TX1010100,"Baytown, TX",robbery,-0.12944676536406494,-0.09762769660835996,0.04828862036131691
4,TX1010100,"Baytown, TX",robbery,-0.07056587126363142,-0.025054169589831546,0.04828358566726139
5,TX1010100,"Baytown, TX",robbery,-0.006666007958024384,0.016805590572552587,0.04828862036131692
6,TX1010100,"Baytown, TX",robbery,0.022721889338011475,0.012043070884466663,0.04831767730363027
7,TX1010100,"Baytown, TX",robbery,0.04369013349377921,0.007715237831264391,0.048200981807408616
8,TX1010100,"Baytown, TX",robbery,0.06242505534559063,0.006506000108805297,0.04831767730363027
9,TX1010100,"Baytown, TX",robbery,0.05616031175072153,-0.003276087580709525,0.048288620361316925
10,TX1010100,"Baytown, TX",robbery,0.041594484547410396,0.01639915628632068,0.04828358566726139
11,TX1010100,"Baytown, TX",robbery,0.05098107485514673,0.07544318031300601,0.04828862036131691
12,TX1010100,"Baytown, TX",robbery,0.05056456427533197,0.08886071330460285,0.04831767730363027
1,TX1011500,"Pasadena, TX",robbery,-0.014718746777558186,-0.031469424842834035,0.04403022808535162
2,TX1011500,"Pasadena, TX",robbery,-0.10674012224271302,-0.10920784444539183,0.044173094663255495
3,TX1011500,"Pasadena, TX",robbery,-0.12944676536406494,-0.08180615262785026,0.0441372361558397
4,TX1011500,"Pasadena, TX",robbery,-0.07056587126363142,-0.029872682256991485,0.044170958479597504
5,TX1011500,"Pasadena, TX",robbery,-0.006666007958024384,-0.026428251889213092,0.044137236155839706
6,TX1011500,"Pasadena, TX",robbery,0.022721889338011475,-0.014135694926502318,0.044173094663255495
7,TX1011500,"Pasadena, TX",robbery,0.04369013349377921,0.04343193842622907,0.04403022808535161
8,TX1011500,"Pasadena, TX",robbery,0.06242505534559063,0.06821076450386257,0.044173094663255495
9,TX1011500,"Pasadena, TX",robbery,0.05616031175072153,0.028846559102925964,0.044137236155839706
10,TX1011500,"Pasadena, TX",robbery,0.041594484547410396,0.017910168673596433,0.044170958479597504
11,TX1011500,"Pasadena, TX",robbery,0.05098107485514673,0.06742533183074231,0.0441372361558397
12,TX1011500,"Pasadena, TX",robbery,0.05056456427533197,0.06709528845142669,0.04417309466325549
1,TX1050000,"Hays, TX",robbery,-0.014718746777558186,0.015200900065713646,0.053720921721001846
2,TX1050000,"Hays, TX",robbery,-0.10674012224271302,-0.08665504475972907,0.053729560421117636
3,TX1050000,"Hays, TX",robbery,-0.12944676536406494,-0.12038714110144783,0.053706521287837636
4,TX1050000,"Hays, TX",robbery,-0.07056587126363142,-0.07844408578762238,0.053703377318758815
5,TX1050000,"Hays, TX",robbery,-0.006666007958024384,-0.03239903614744947,0.05370652128783764
6,TX1050000,"Hays, TX",robbery,0.022721889338011475,-0.006456390775509628,0.053729560421117636
7,TX1050000,"Hays, TX",robbery,0.04369013349377921,0.02477942487219392,0.05372092172100184
8,TX1050000,"Hays, TX",robbery,0.06242505534559063,0.0501716493671463,0.053729560421117636
9,TX1050000,"Hays, TX",robbery,0.05616031175072153,0.04392342077095748,0.05370652128783764
10,TX1050000,"Hays, TX",robbery,0.041594484547410396,0.03846376084971482,0.053703377318758815
11,TX1050000,"Hays, TX",robbery,0.05098107485514673,0.06888243154003221,0.053706521287837636
12,TX1050000,"Hays, TX",robbery,0.05056456427533197,0.082920111106,0.053729560421117636
1,TX1050100,"San Marcos, TX",robbery,-0.014718746777558186,0.03953111562789846,0.051021791933369275
2,TX1050100,"San Marcos, TX",robbery,-0.10674012224271302,-0.091487181742299,0.051091624538527246
3,TX1050100,"San Marcos, TX",robbery,-0.12944676536406494,-0.14792104088854197,0.05109689134512816
4,TX1050100,"San Marcos, TX",robbery,-0.07056587126363142,-0.09833585366445367,0.05114873041264354
5,TX1050100,"San Marcos, TX",robbery,-0.006666007958024384,-0.046740853578870326,0.05109689134512817
6,TX1050100,"San Marcos, TX",robbery,0.022721889338011475,-0.017872361529471203,0.051091624538527246
7,TX1050100,"San Marcos, TX",robbery,0.04369013349377921,0.04552593394461277,0.05102179193336926
8,TX1050100,"San Marcos, TX",robbery,0.06242505534559063,0.1062449521463634,0.051091624538527246
9,TX1050100,"San Marcos, TX",robbery,0.05616031175072153,0.07762176172009516,0.051096891345128174
10,TX1050100,"San Marcos, TX",robbery,0.041594484547410396,0.01327880409194243,0.05114873041264354
11,TX1050100,"San Marcos, TX",robbery,0.05098107485514673,0.03198308317480588,0.05109689134512816
12,TX1050100,"San Marcos, TX",robbery,0.05056456427533197,0.08817164069791805,0.051091624538527246
1,TX1050700,"Kyle, TX",robbery,-0.014718746777558186,-0.016715102083557882,0.05373623978813139
2,TX1050700,"Kyle, TX",robbery,-0.10674012224271302,-0.09689179408852756,0.05375407433528484
3,TX1050700,"Kyle, TX",robbery,-0.12944676536406494,-0.11859686856085133,0.05375777490840048
4,TX1050700,"Kyle, TX",robbery,-0.07056587126363142,-0.07165880821249794,0.053766963555524815
5,TX1050700,"Kyle, TX",robbery,-0.006666007958024384,-0.00883184192380972,0.05375777490840049
6,TX1050700,"Kyle, TX",robbery,0.022721889338011475,0.03609142463297102,0.05375407433528484
7,TX1050700,"Kyle, TX",robbery,0.04369013349377921,0.06205352627566284,0.053736239788131385
8,TX1050700,"Kyle, TX",robbery,0.06242505534559063,0.06246109460571744,0.05375407433528484
9,TX1050700,"Kyle, TX",robbery,0.05616031175072153,0.03882774488593627,0.053757774908400495
10,TX1050700,"Kyle, TX",robbery,0.041594484547410396,0.02632038402039298,0.053766963555524815
11,TX1050700,"Kyle, TX",robbery,0.05098107485514673,0.0432625414066198,0.05375777490840048
12,TX1050700,"Kyle, TX",robbery,0.05056456427533197,0.0436776990419441,0.05375407433528484
1,TX1080000,"Hidalgo, TX",robbery,-0.014718746777558186,0.0106791279300112,0.047245526834613936
2,TX1080000,"Hidalgo, TX",robbery,-0.10674012224271302,-0.12910032081242465,0.047295307620805735
3,TX1080000,"Hidalgo, TX",robbery,-0.12944676536406494,-0.14924434575486967,0.04732365904759837
4,TX1080000,"Hidalgo, TX",robbery,-0.07056587126363142,-0.039121295865456616,0.04729706917305236
5,TX1080000,"Hidalgo, TX",robbery,-0.006666007958024384,0.03300761245579111,0.04732365904759837
6,TX1080000,"Hidalgo, TX",robbery,0.022721889338011475,0.012236715480483365,0.047295307620805735
7,TX1080000,"Hidalgo, TX",robbery,0.04369013349377921,0.006318956499797454,0.04724552683461393
8,TX1080000,"Hidalgo, TX",robbery,0.06242505534559063,0.04619704452940094,0.047295307620805735
9,TX1080000,"Hidalgo, TX",robbery,0.05616031175072153,0.04934298504203732,0.047323659047598374
10,TX1080000,"Hidalgo, TX",robbery,0.041594484547410396,0.022123211435647983,0.04729706917305236
11,TX1080000,"Hidalgo, TX",robbery,0.05098107485514673,0.04989566382723256,0.04732365904759837
12,TX1080000,"Hidalgo, TX",robbery,0.05056456427533197,0.08766464523234899,0.047295307620805735
1,TX1080400,"Edinburg, TX",robbery,-0.014718746777558186,-0.026633337146018503,0.0509174848100313
2,TX1080400,"Edinburg, TX",robbery,-0.10674012224271302,-0.1339407332490338,0.051000339351932
3,TX1080400,"Edinburg, TX",robbery,-0.12944676536406494,-0.11984775049282939,0.05097856372901838
4,TX1080400,"Edinburg, TX",robbery,-0.07056587126363142,-0.02691316015675565,0.051012259407303175
5,TX1080400,"Edinburg, TX",robbery,-0.006666007958024384,0.02171330376335604,0.050978563729018385
6,TX1080400,"Edinburg, TX",robbery,0.022721889338011475,0.024298252317781738,0.051000339351932
7,TX1080400,"Edinburg, TX",robbery,0.04369013349377921,0.04440545458947575,0.05091748481003129
8,TX1080400,"Edinburg, TX",robbery,0.06242505534559063,0.05884612271589153,0.051000339351932
9,TX1080400,"Edinburg, TX",robbery,0.05616031175072153,0.02698102251622988,0.050978563729018385
10,TX1080400,"Edinburg, TX",robbery,0.041594484547410396,0.009141042713298395,0.051012259407303175
11,TX1080400,"Edinburg, TX",robbery,0.05098107485514673,0.05338130676978618,0.05097856372901838
12,TX1080400,"Edinburg, TX",robbery,0.05056456427533197,0.06856847565881782,0.051000339351932
1,TX1080800,"McAllen, TX",robbery,-0.014718746777558186,-0.014101357884093179,0.051496351733867185
2,TX1080800,"McAllen, TX",robbery,-0.10674012224271302,-0.11378618849426735,0.05156755711757014
3,TX1080800,"McAllen, TX",robbery,-0.12944676536406494,-0.13300634553664686,0.051563393847342744
4,TX1080800,"McAllen, TX",robbery,-0.07056587126363142,-0.054680123382893436,0.051567158606434245
5,TX1080800,"McAllen, TX",robbery,-0.006666007958024384,0.02574909973134193,0.05156339384734275
6,TX1080800,"McAllen, TX",robbery,0.022721889338011475,0.04638849664063715,0.05156755711757014
7,TX1080800,"McAllen, TX",robbery,0.04369013349377921,0.038736425565311504,0.05149635173386718
8,TX1080800,"McAllen, TX",robbery,0.06242505534559063,0.03616807395924938,0.05156755711757014
9,TX1080800,"McAllen, TX",robbery,0.05616031175072153,0.03075316332041058,0.05156339384734276
10,TX1080800,"McAllen, TX",robbery,0.041594484547410396,0.030045055701675108,0.051567158606434245
11,TX1080800,"McAllen, TX",robbery,0.05098107485514673,0.051869014803676,0.051563393847342744
12,TX1080800,"McAllen, TX",robbery,0.05056456427533197,0.05586468557559916,0.05156755711757014
1,TX1081100,"Pharr, TX",robbery,-0.014718746777558186,-0.007981154052102797,0.05224436707654498
2,TX1081100,"Pharr, TX",robbery,-0.10674012224271302,-0.09294280731784292,0.05229473382324269
3,TX1081100,"Pharr, TX",robbery,-0.12944676536406494,-0.12036213070049616,0.05228251960055685
4,TX1081100,"Pharr, TX",robbery,-0.07056587126363142,-0.058939029492589425,0.05229326724246701
5,TX1081100,"Pharr, TX",robbery,-0.006666007958024384,0.0020798599509891367,0.052282519600556854
6,TX1081100,"Pharr, TX",robbery,0.022721889338011475,0.01207852060867018,0.05229473382324269
7,TX1081100,"Pharr, TX",robbery,0.04369013349377921,0.024724682821001837,0.05224436707654497
8,TX1081100,"Pharr, TX",robbery,0.06242505534559063,0.06476731562954284,0.05229473382324269
9,TX1081100,"Pharr, TX",robbery,0.05616031175072153,0.07544311024329706,0.052282519600556854
10,TX1081100,"Pharr, TX",robbery,0.041594484547410396,0.042195500723690396,0.05229326724246701
11,TX1081100,"Pharr, TX",robbery,0.05098107485514673,0.026095631737310904,0.05228251960055685
12,TX1081100,"Pharr, TX",robbery,0.05056456427533197,0.03284049984852894,0.052294733823242685
1,TX1230100,"Beaumont, TX",robbery,-0.014718746777558186,-0.012438217347687797,0.03999886404277787
2,TX1230100,"Beaumont, TX",robbery,-0.10674012224271302,-0.07852053603388798,0.040077228372225514
3,TX1230100,"Beaumont, TX",robbery,-0.12944676536406494,-0.08976454598595915,0.040138145558868854
4,TX1230100,"Beaumont, TX",robbery,-0.07056587126363142,-0.03830676654283136,0.040164336784387016
5,TX1230100,"Beaumont, TX",robbery,-0.006666007958024384,0.015087755771002891,0.04013814555886886
6,TX1230100,"Beaumont, TX",robbery,0.022721889338011475,0.03783516100706084,0.040077228372225514
7,TX1230100,"Beaumont, TX",robbery,0.04369013349377921,0.04534600615534765,0.03999886404277786
8,TX1230100,"Beaumont, TX",robbery,0.06242505534559063,0.04183952045217339,0.040077228372225514
9,TX1230100,"Beaumont, TX",robbery,0.05616031175072153,0.020175741596584716,0.04013814555886886
10,TX1230100,"Beaumont, TX",robbery,0.041594484547410396,0.005398977735171514,0.040164336784387016
11,TX1230100,"Beaumont, TX",robbery,0.05098107485514673,0.021593259810711654,0.040138145558868854
12,TX1230100,"Beaumont, TX",robbery,0.05056456427533197,0.03175364338231362,0.040077228372225514
1,TX1230700,"Port Arthur, TX",robbery,-0.014718746777558186,-0.0017203671061238497,0.048096977230886795
2,TX1230700,"Port Arthur, TX",robbery,-0.10674012224271302,-0.07819265068565537,0.04815453330884058
3,TX1230700,"Port Arthur, TX",robbery,-0.12944676536406494,-0.10571071213384581,0.048208528075324567
4,TX1230700,"Port Arthur, TX",robbery,-0.07056587126363142,-0.0916911941856268,0.04822937960244322
5,TX1230700,"Port Arthur, TX",robbery,-0.006666007958024384,-0.03092952488452185,0.048208528075324573
6,TX1230700,"Port Arthur, TX",robbery,0.022721889338011475,0.05467073611603699,0.04815453330884058
7,TX1230700,"Port Arthur, TX",robbery,0.04369013349377921,0.08303584309620832,0.04809697723088679
8,TX1230700,"Port Arthur, TX",robbery,0.06242505534559063,0.022424378047672534,0.04815453330884058
9,TX1230700,"Port Arthur, TX",robbery,0.05616031175072153,-0.031373036494221525,0.048208528075324573
10,TX1230700,"Port Arthur, TX",robbery,0.041594484547410396,0.010375718195542286,0.04822937960244322
11,TX1230700,"Port Arthur, TX",robbery,0.05098107485514673,0.08669779752250467,0.048208528075324567
12,TX1230700,"Port Arthur, TX",robbery,0.05056456427533197,0.0824130125120304,0.04815453330884058
1,TX1260200,"Burleson, TX",robbery,-0.014718746777558186,-0.026626151128908277,0.05391691691535679
2,TX1260200,"Burleson, TX",robbery,-0.10674012224271302,-0.0995711501756322,0.053933693369469425
3,TX1260200,"Burleson, TX",robbery,-0.12944676536406494,-0.11290879827920632,0.05393233535309363
4,TX1260200,"Burleson, TX",robbery,-0.07056587126363142,-0.07123329077667373,0.05393201908762782
5,TX1260200,"Burleson, TX",robbery,-0.006666007958024384,-0.023182878767697215,0.05393233535309363
6,TX1260200,"Burleson, TX",robbery,0.022721889338011475,0.013336517712928956,0.053933693369469425
7,TX1260200,"Burleson, TX",robbery,0.04369013349377921,0.045795544957576914,0.053916916915356786
8,TX1260200,"Burleson, TX",robbery,0.06242505534559063,0.06351119865350849,0.05393369336946943
9,TX1260200,"Burleson, TX",robbery,0.05616031175072153,0.05767945292841398,0.053932335353093636
10,TX1260200,"Burleson, TX",robbery,0.041594484547410396,0.05206389694800509,0.05393201908762782
11,TX1260200,"Burleson, TX",robbery,0.05098107485514673,0.059242830289820886,0.05393233535309363
12,TX1260200,"Burleson, TX",robbery,0.05056456427533197,0.04189282763786344,0.053933693369469425
1,TX1290000,"Kaufman, TX",robbery,-0.014718746777558186,-0.004747487055977963,0.05403073180108421
2,TX1290000,"Kaufman, TX",robbery,-0.10674012224271302,-0.10426862849057965,0.0540512820066477
3,TX1290000,"Kaufman, TX",robbery,-0.12944676536406494,-0.13315974557353302,0.05404770201756789
4,TX1290000,"Kaufman, TX",robbery,-0.07056587126363142,-0.06753126467981059,0.05404904992054511
5,TX1290000,"Kaufman, TX",robbery,-0.006666007958024384,0.005790867955694772,0.054047702017567895
6,TX1290000,"Kaufman, TX",robbery,0.022721889338011475,0.029650735304145935,0.0540512820066477
7,TX1290000,"Kaufman, TX",robbery,0.04369013349377921,0.03460591949827818,0.054030731801084204
8,TX1290000,"Kaufman, TX",robbery,0.06242505534559063,0.04590904894568893,0.0540512820066477
9,TX1290000,"Kaufman, TX",robbery,0.05616031175072153,0.044941733586342084,0.054047702017567895
10,TX1290000,"Kaufman, TX",robbery,0.041594484547410396,0.03767283223751037,0.05404904992054511
11,TX1290000,"Kaufman, TX",robbery,0.05098107485514673,0.05256871158919591,0.05404770201756789
12,TX1290000,"Kaufman, TX",robbery,0.05056456427533197,0.05856727668304503,0.0540512820066477
1,TX1520200,"Lubbock, TX",robbery,-0.014718746777558186,-0.043930685338758435,0.03761406178062861
2,TX1520200,"Lubbock, TX",robbery,-0.10674012224271302,-0.07983701465004903,0.03772106882537989
3,TX1520200,"Lubbock, TX",robbery,-0.12944676536406494,-0.08606020900378132,0.03771706272035177
4,TX1520200,"Lubbock, TX",robbery,-0.07056587126363142,-0.06143421212425272,0.03774499017456152
5,TX1520200,"Lubbock, TX",robbery,-0.006666007958024384,-0.010044731796210588,0.037717062720351774
6,TX1520200,"Lubbock, TX",robbery,0.022721889338011475,0.045546790839136805,0.03772106882537989
7,TX1520200,"Lubbock, TX",robbery,0.04369013349377921,0.06933873671555423,0.0376140617806286
8,TX1520200,"Lubbock, TX",robbery,0.06242505534559063,0.054447752272377664,0.03772106882537989
9,TX1520200,"Lubbock, TX",robbery,0.05616031175072153,0.0352628952493142,0.037717062720351774
10,TX1520200,"Lubbock, TX",robbery,0.041594484547410396,0.036026160747456945,0.03774499017456152
11,TX1520200,"Lubbock, TX",robbery,0.05098107485514673,0.035433994173881905,0.03771706272035177
12,TX1520200,"Lubbock, TX",robbery,0.05056456427533197,0.005250522915330385,0.03772106882537989
1,TX1551200,"Waco, TX",robbery,-0.014718746777558186,-0.014825618200808542,0.04569163237491112
2,TX1551200,"Waco, TX",robbery,-0.10674012224271302,-0.15132384095789628,0.04583484933216774
3,TX1551200,"Waco, TX",robbery,-0.12944676536406494,-0.1773338064578424,0.045844188299888795
4,TX1551200,"Waco, TX",robbery,-0.07056587126363142,-0.09494307068281935,0.04586445112798074
5,TX1551200,"Waco, TX",robbery,-0.006666007958024384,-0.013612470624620315,0.0458441882998888
6,TX1551200,"Waco, TX",robbery,0.022721889338011475,0.024002811802234528,0.04583484933216774
7,TX1551200,"Waco, TX",robbery,0.04369013349377921,0.05176699648178941,0.045691632374911105
8,TX1551200,"Waco, TX",robbery,0.06242505534559063,0.06958192295798661,0.04583484933216775
9,TX1551200,"Waco, TX",robbery,0.05616031175072153,0.058650510176951894,0.0458441882998888
10,TX1551200,"Waco, TX",robbery,0.041594484547410396,0.058001692401838466,0.04586445112798074
11,TX1551200,"Waco, TX",robbery,0.05098107485514673,0.09535438862452993,0.045844188299888795
12,TX1551200,"Waco, TX",robbery,0.05056456427533197,0.09468048447865607,0.04583484933216775
1,TX1650100,"Midland, TX",robbery,-0.014718746777558186,-0.024227757855731273,0.05025629611203711
2,TX1650100,"Midland, TX",robbery,-0.10674012224271302,-0.10704076693519413,0.0502572692154423
3,TX1650100,"Midland, TX",robbery,-0.12944676536406494,-0.11992750320769002,0.05027917522953272
4,TX1650100,"Midland, TX",robbery,-0.07056587126363142,-0.0842225901087901,0.050276505266064773
5,TX1650100,"Midland, TX",robbery,-0.006666007958024384,-0.04791161977980237,0.05027917522953273
6,TX1650100,"Midland, TX",robbery,0.022721889338011475,-0.006337493147101467,0.0502572692154423
7,TX1650100,"Midland, TX",robbery,0.04369013349377921,0.04849505766723174,0.0502562961120371
8,TX1650100,"Midland, TX",robbery,0.06242505534559063,0.07862465249162774,0.0502572692154423
9,TX1650100,"Midland, TX",robbery,0.05616031175072153,0.06724408895262317,0.05027917522953273
10,TX1650100,"Midland, TX",robbery,0.041594484547410396,0.05995529029728962,0.050276505266064773
11,TX1650100,"Midland, TX",robbery,0.05098107485514673,0.0763277342233687,0.05027917522953272
12,TX1650100,"Midland, TX",robbery,0.05056456427533197,0.05902090740216839,0.050257269215442296
1,TX1700100,"Conroe, TX",robbery,-0.014718746777558186,-0.014123319018281533,0.050543449572450334
2,TX1700100,"Conroe, TX",robbery,-0.10674012224271302,-0.1361914094375563,0.05062825395324694
3,TX1700100,"Conroe, TX",robbery,-0.12944676536406494,-0.1380574857007046,0.05059579118755384
4,TX1700100,"Conroe, TX",robbery,-0.07056587126363142,-0.044127929729951845,0.05062153110911329
5,TX1700100,"Conroe, TX",robbery,-0.006666007958024384,0.011140066271295374,0.05059579118755385
6,TX1700100,"Conroe, TX",robbery,0.022721889338011475,0.008908765166887964,0.05062825395324694
7,TX1700100,"Conroe, TX",robbery,0.04369013349377921,0.025840852944478517,0.050543449572450334
8,TX1700100,"Conroe, TX",robbery,0.06242505534559063,0.057139197511523146,0.05062825395324694
9,TX1700100,"Conroe, TX",robbery,0.05616031175072153,0.04728773984847445,0.050595791187553855
10,TX1700100,"Conroe, TX",robbery,0.041594484547410396,0.032410395803754856,0.05062153110911329
11,TX1700100,"Conroe, TX",robbery,0.05098107485514673,0.06791214565473774,0.05059579118755384
12,TX1700100,"Conroe, TX",robbery,0.05056456427533197,0.08186098068534223,0.05062825395324694
1,TX1840000,"Parker, TX",robbery,-0.014718746777558186,0.005180261582727941,0.05423290452665443
2,TX1840000,"Parker, TX",robbery,-0.10674012224271302,-0.11213535147096948,0.05424217471049606
3,TX1840000,"Parker, TX",robbery,-0.12944676536406494,-0.14371539916137419,0.05424414178990373
4,TX1840000,"Parker, TX",robbery,-0.07056587126363142,-0.06619101890519238,0.05424453303144712
5,TX1840000,"Parker, TX",robbery,-0.006666007958024384,0.005496092445165414,0.054244141789903735
6,TX1840000,"Parker, TX",robbery,0.022721889338011475,0.019806465788693325,0.05424217471049606
7,TX1840000,"Parker, TX",robbery,0.04369013349377921,0.03495886038764554,0.05423290452665442
8,TX1840000,"Parker, TX",robbery,0.06242505534559063,0.06453223152603402,0.05424217471049606
9,TX1840000,"Parker, TX",robbery,0.05616031175072153,0.055973157246065254,0.054244141789903735
10,TX1840000,"Parker, TX",robbery,0.041594484547410396,0.026051896934818908,0.05424453303144712
11,TX1840000,"Parker, TX",robbery,0.05098107485514673,0.042107027499770015,0.05424414178990373
12,TX1840000,"Parker, TX",robbery,0.05056456427533197,0.06793577612661562,0.05424217471049606
1,TX1990100,"Rockwall, TX",robbery,-0.014718746777558186,-0.01481662682674631,0.054018483440588745
2,TX1990100,"Rockwall, TX",robbery,-0.10674012224271302,-0.11299815988079373,0.054019042269730415
3,TX1990100,"Rockwall, TX",robbery,-0.12944676536406494,-0.13582330679132246,0.05402264679430122
4,TX1990100,"Rockwall, TX",robbery,-0.07056587126363142,-0.05841958749275058,0.054021231065922506
5,TX1990100,"Rockwall, TX",robbery,-0.006666007958024384,0.013708458060433084,0.054022646794301236
6,TX1990100,"Rockwall, TX",robbery,0.022721889338011475,0.02053341391612041,0.054019042269730415
7,TX1990100,"Rockwall, TX",robbery,0.04369013349377921,0.020841349120645936,0.05401848344058874
8,TX1990100,"Rockwall, TX",robbery,0.06242505534559063,0.053045315668819655,0.054019042269730415
9,TX1990100,"Rockwall, TX",robbery,0.05616031175072153,0.06984574028544877,0.054022646794301236
10,TX1990100,"Rockwall, TX",robbery,0.041594484547410396,0.052394865198850955,0.054021231065922506
11,TX1990100,"Rockwall, TX",robbery,0.05098107485514673,0.04624438615154095,0.05402264679430122
12,TX1990100,"Rockwall, TX",robbery,0.05056456427533197,0.0454441525897533,0.054019042269730415
1,TX2120000,"Smith, TX",robbery,-0.014718746777558186,-0.013114331170792633,0.05343869407469426
2,TX2120000,"Smith, TX",robbery,-0.10674012224271302,-0.10843862395147302,0.053462048282379326
3,TX2120000,"Smith, TX",robbery,-0.12944676536406494,-0.13376368606656233,0.05345884157408899
4,TX2120000,"Smith, TX",robbery,-0.07056587126363142,-0.07695279128583386,0.05347142470633087
5,TX2120000,"Smith, TX",robbery,-0.006666007958024384,-0.014045805815644633,0.053458841574089
6,TX2120000,"Smith, TX",robbery,0.022721889338011475,0.024963022604981663,0.053462048282379326
7,TX2120000,"Smith, TX",robbery,0.04369013349377921,0.06401890137307277,0.05343869407469425
8,TX2120000,"Smith, TX",robbery,0.06242505534559063,0.08716284523427822,0.053462048282379326
9,TX2120000,"Smith, TX",robbery,0.05616031175072153,0.06158333714708743,0.053458841574089005
10,TX2120000,"Smith, TX",robbery,0.041594484547410396,0.026048221083553716,0.05347142470633087
11,TX2120000,"Smith, TX",robbery,0.05098107485514673,0.03532158453283939,0.05345884157408899
12,TX2120000,"Smith, TX",robbery,0.05056456427533197,0.0472173263144933,0.053462048282379326
1,TX2120400,"Tyler, TX",robbery,-0.014718746777558186,-0.041911798823316734,0.04959927451623826
2,TX2120400,"Tyler, TX",robbery,-0.10674012224271302,-0.11345217162536526,0.04963679602650994
3,TX2120400,"Tyler, TX",robbery,-0.12944676536406494,-0.11637666556626967,0.04966663682651853
4,TX2120400,"Tyler, TX",robbery,-0.07056587126363142,-0.07314524187908154,0.04964023936367645
5,TX2120400,"Tyler, TX",robbery,-0.006666007958024384,-0.02469349550158833,0.049666636826518534
6,TX2120400,"Tyler, TX",robbery,0.022721889338011475,0.02758649890996905,0.04963679602650994
7,TX2120400,"Tyler, TX",robbery,0.04369013349377921,0.07520055365267139,0.04959927451623825
8,TX2120400,"Tyler, TX",robbery,0.06242505534559063,0.0816154596244588,0.04963679602650994
9,TX2120400,"Tyler, TX",robbery,0.05616031175072153,0.05125119873600857,0.04966663682651854
10,TX2120400,"Tyler, TX",robbery,0.041594484547410396,0.03985648704972688,0.04964023936367645
11,TX2120400,"Tyler, TX",robbery,0.05098107485514673,0.05653020750249474,0.04966663682651853
12,TX2120400,"Tyler, TX",robbery,0.05056456427533197,0.037538967920292134,0.04963679602650994
1,TX2200100,"Arlington, TX",robbery,-0.014718746777558186,-0.0017905057750736229,0.0386648062009522
2,TX2200100,"Arlington, TX",robbery,-0.10674012224271302,-0.053167118526997695,0.038798756801884444
3,TX2200100,"Arlington, TX",robbery,-0.12944676536406494,-0.11525834688247481,0.03884788839263106
4,TX2200100,"Arlington, TX",robbery,-0.07056587126363142,-0.10756856857526452,0.03884446496887879
5,TX2200100,"Arlington, TX",robbery,-0.006666007958024384,-0.02982686415929134,0.038847888392631064
6,TX2200100,"Arlington, TX",robbery,0.022721889338011475,0.03643939698964169,0.038798756801884444
7,TX2200100,"Arlington, TX",robbery,0.04369013349377921,0.0548745214264841,0.038664806200952195
8,TX2200100,"Arlington, TX",robbery,0.06242505534559063,0.06180527664203386,0.038798756801884444
9,TX2200100,"Arlington, TX",robbery,0.05616031175072153,0.07081248934610053,0.038847888392631064
10,TX2200100,"Arlington, TX",robbery,0.041594484547410396,0.054484552923854054,0.03884446496887879
11,TX2200100,"Arlington, TX",robbery,0.05098107485514673,0.021188706044255143,0.03884788839263106
12,TX2200100,"Arlington, TX",robbery,0.05056456427533197,0.008006460546732623,0.038798756801884444
1,TX2200900,"Euless, TX",robbery,-0.014718746777558186,0.008907111234960635,0.051914253382604775
2,TX2200900,"Euless, TX",robbery,-0.10674012224271302,-0.10148261375571166,0.05195913568430568
3,TX2200900,"Euless, TX",robbery,-0.12944676536406494,-0.12662541799434923,0.051935900333379595
4,TX2200900,"Euless, TX",robbery,-0.07056587126363142,-0.06568741379990381,0.05194320670219925
5,TX2200900,"Euless, TX",robbery,-0.006666007958024384,-0.014145669557189508,0.0519359003333796
6,TX2200900,"Euless, TX",robbery,0.022721889338011475,-1.864972351227672e-4,0.05195913568430568
7,TX2200900,"Euless, TX",robbery,0.04369013349377921,0.02054094667005182,0.05191425338260477
8,TX2200900,"Euless, TX",robbery,0.06242505534559063,0.04607976624002141,0.05195913568430568
9,TX2200900,"Euless, TX",robbery,0.05616031175072153,0.041774512573646505,0.0519359003333796
10,TX2200900,"Euless, TX",robbery,0.041594484547410396,0.03623935589489134,0.05194320670219925
11,TX2200900,"Euless, TX",robbery,0.05098107485514673,0.06954851707287973,0.051935900333379595
12,TX2200900,"Euless, TX",robbery,0.05056456427533197,0.08503740265582552,0.05195913568430567
1,TX2201200,"Fort Worth, TX",robbery,-0.014718746777558186,0.016969284712767544,0.032637450245843774
2,TX2201200,"Fort Worth, TX",robbery,-0.10674012224271302,-0.12280465129899878,0.03277177345103309
3,TX2201200,"Fort Worth, TX",robbery,-0.12944676536406494,-0.19140249823968897,0.03280146173577234
4,TX2201200,"Fort Worth, TX",robbery,-0.07056587126363142,-0.11980479995822968,0.032832410321845674
5,TX2201200,"Fort Worth, TX",robbery,-0.006666007958024384,-0.0035575455259761087,0.03280146173577234
6,TX2201200,"Fort Worth, TX",robbery,0.022721889338011475,0.054024311054517424,0.03277177345103309
7,TX2201200,"Fort Worth, TX",robbery,0.04369013349377921,0.06305456276939553,0.03263745024584377
8,TX2201200,"Fort Worth, TX",robbery,0.06242505534559063,0.06398939593226073,0.03277177345103309
9,TX2201200,"Fort Worth, TX",robbery,0.05616031175072153,0.052563395390787845,0.03280146173577234
10,TX2201200,"Fort Worth, TX",robbery,0.041594484547410396,0.03978095247606661,0.032832410321845674
11,TX2201200,"Fort Worth, TX",robbery,0.05098107485514673,0.06237280089271413,0.03280146173577234
12,TX2201200,"Fort Worth, TX",robbery,0.05056456427533197,0.08481479179438373,0.03277177345103309
1,TX2201300,"Grapevine, TX",robbery,-0.014718746777558186,-0.02823370417093558,0.05359448640069949
2,TX2201300,"Grapevine, TX",robbery,-0.10674012224271302,-0.12515880614107494,0.05361726624958018
3,TX2201300,"Grapevine, TX",robbery,-0.12944676536406494,-0.14243436399045767,0.05362143617895625
4,TX2201300,"Grapevine, TX",robbery,-0.07056587126363142,-0.08389898287512856,0.05361959494065267
5,TX2201300,"Grapevine, TX",robbery,-0.006666007958024384,-0.015543678826545587,0.05362143617895626
6,TX2201300,"Grapevine, TX",robbery,0.022721889338011475,0.03332149564680549,0.05361726624958018
7,TX2201300,"Grapevine, TX",robbery,0.04369013349377921,0.06645706312405898,0.053594486400699484
8,TX2201300,"Grapevine, TX",robbery,0.06242505534559063,0.07198795865440759,0.05361726624958019
9,TX2201300,"Grapevine, TX",robbery,0.05616031175072153,0.0510401575506669,0.05362143617895626
10,TX2201300,"Grapevine, TX",robbery,0.041594484547410396,0.045675623922005144,0.05361959494065267
11,TX2201300,"Grapevine, TX",robbery,0.05098107485514673,0.06871452631321291,0.05362143617895625
12,TX2201300,"Grapevine, TX",robbery,0.05056456427533197,0.05807271079298535,0.05361726624958018
1,TX2202000,"Mansfield, TX",robbery,-0.014718746777558186,0.006150812336038255,0.05334567807289557
2,TX2202000,"Mansfield, TX",robbery,-0.10674012224271302,-0.10756686924501782,0.05337702408305852
3,TX2202000,"Mansfield, TX",robbery,-0.12944676536406494,-0.1390666099262198,0.05337148398269319
4,TX2202000,"Mansfield, TX",robbery,-0.07056587126363142,-0.07737651453439204,0.053394397801865515
5,TX2202000,"Mansfield, TX",robbery,-0.006666007958024384,-0.02306161712481465,0.053371483982693195
6,TX2202000,"Mansfield, TX",robbery,0.022721889338011475,0.0013591068366418828,0.05337702408305852
7,TX2202000,"Mansfield, TX",robbery,0.04369013349377921,0.04809005431153111,0.053345678072895565
8,TX2202000,"Mansfield, TX",robbery,0.06242505534559063,0.09272151311411589,0.05337702408305852
9,TX2202000,"Mansfield, TX",robbery,0.05616031175072153,0.06998038714774853,0.053371483982693195
10,TX2202000,"Mansfield, TX",robbery,0.041594484547410396,0.023135647886822677,0.053394397801865515
11,TX2202000,"Mansfield, TX",robbery,0.05098107485514673,0.03790697325571654,0.05337148398269319
12,TX2202000,"Mansfield, TX",robbery,0.05056456427533197,0.06772711594182944,0.05337702408305852
1,TX2202100,"North Richland Hills, TX",robbery,-0.014718746777558186,0.007823590769216758,0.05243410468669098
2,TX2202100,"North Richland Hills, TX",robbery,-0.10674012224271302,-0.10331133095812385,0.05247766534619217
3,TX2202100,"North Richland Hills, TX",robbery,-0.12944676536406494,-0.13819046202852636,0.0524770809527473
4,TX2202100,"North Richland Hills, TX",robbery,-0.07056587126363142,-0.06569343412577253,0.05246472280862653
5,TX2202100,"North Richland Hills, TX",robbery,-0.006666007958024384,0.014132392362987172,0.05247708095274731
6,TX2202100,"North Richland Hills, TX",robbery,0.022721889338011475,0.031563310911056734,0.05247766534619217
7,TX2202100,"North Richland Hills, TX",robbery,0.04369013349377921,0.024250662355396968,0.05243410468669097
8,TX2202100,"North Richland Hills, TX",robbery,0.06242505534559063,0.030748314303894495,0.05247766534619218
9,TX2202100,"North Richland Hills, TX",robbery,0.05616031175072153,0.03355319224968329,0.05247708095274731
10,TX2202100,"North Richland Hills, TX",robbery,0.041594484547410396,0.03361918100115879,0.05246472280862653
11,TX2202100,"North Richland Hills, TX",robbery,0.05098107485514673,0.058430624291242156,0.0524770809527473
12,TX2202100,"North Richland Hills, TX",robbery,0.05056456427533197,0.07307395886778635,0.05247766534619217
1,TX2210100,"Abilene, TX",robbery,-0.014718746777558186,-0.076239251565567,0.047784223853239674
2,TX2210100,"Abilene, TX",robbery,-0.10674012224271302,-0.1271428599556412,0.04783947030113155
3,TX2210100,"Abilene, TX",robbery,-0.12944676536406494,-0.10487844796618849,0.047820488198607035
4,TX2210100,"Abilene, TX",robbery,-0.07056587126363142,-0.056879538340699996,0.04781200844644912
5,TX2210100,"Abilene, TX",robbery,-0.006666007958024384,-0.02272249508321722,0.04782048819860705
6,TX2210100,"Abilene, TX",robbery,0.022721889338011475,0.018696805644208336,0.04783947030113155
7,TX2210100,"Abilene, TX",robbery,0.04369013349377921,0.07297768959414042,0.04778422385323967
8,TX2210100,"Abilene, TX",robbery,0.06242505534559063,0.09651297629068077,0.04783947030113155
9,TX2210100,"Abilene, TX",robbery,0.05616031175072153,0.07751012627265466,0.04782048819860705
10,TX2210100,"Abilene, TX",robbery,0.041594484547410396,0.060141100312126564,0.04781200844644912
11,TX2210100,"Abilene, TX",robbery,0.05098107485514673,0.05335237874817759,0.047820488198607035
12,TX2210100,"Abilene, TX",robbery,0.05056456427533197,0.008671516049325593,0.04783947030113155
1,TX2260100,"San Angelo, TX",robbery,-0.014718746777558186,-0.005007180857499769,0.05138815655948075
2,TX2260100,"San Angelo, TX",robbery,-0.10674012224271302,-0.11055037492102347,0.051437011773361595
3,TX2260100,"San Angelo, TX",robbery,-0.12944676536406494,-0.14761945740439894,0.05143542761268856
4,TX2260100,"San Angelo, TX",robbery,-0.07056587126363142,-0.07296848601958575,0.05146362740442995
5,TX2260100,"San Angelo, TX",robbery,-0.006666007958024384,0.015209547363314145,0.051435427612688565
6,TX2260100,"San Angelo, TX",robbery,0.022721889338011475,0.049241052166754326,0.051437011773361595
7,TX2260100,"San Angelo, TX",robbery,0.04369013349377921,0.06537019554146027,0.051388156559480744
8,TX2260100,"San Angelo, TX",robbery,0.06242505534559063,0.08122714746466506,0.051437011773361595
9,TX2260100,"San Angelo, TX",robbery,0.05616031175072153,0.05793321526408006,0.051435427612688565
10,TX2260100,"San Angelo, TX",robbery,0.041594484547410396,0.012605471335625252,0.05146362740442995
11,TX2260100,"San Angelo, TX",robbery,0.05098107485514673,0.014113680093044223,0.05143542761268856
12,TX2260100,"San Angelo, TX",robbery,0.05056456427533197,0.04044518997356459,0.051437011773361595
1,TX2270000,"Travis, TX",robbery,-0.014718746777558186,-0.0237290383877974,0.04843859911445915
2,TX2270000,"Travis, TX",robbery,-0.10674012224271302,-0.07616302586037164,0.04851482669332901
3,TX2270000,"Travis, TX",robbery,-0.12944676536406494,-0.09012309991282563,0.048482482233714826
4,TX2270000,"Travis, TX",robbery,-0.07056587126363142,-0.05517946916452929,0.04849825906584052
5,TX2270000,"Travis, TX",robbery,-0.006666007958024384,-0.015103060086380264,0.048482482233714826
6,TX2270000,"Travis, TX",robbery,0.022721889338011475,0.0029179945909189506,0.04851482669332901
7,TX2270000,"Travis, TX",robbery,0.04369013349377921,0.020049200374947257,0.04843859911445914
8,TX2270000,"Travis, TX",robbery,0.06242505534559063,0.0494968699876909,0.04851482669332901
9,TX2270000,"Travis, TX",robbery,0.05616031175072153,0.06713678205299503,0.04848248223371483
10,TX2270000,"Travis, TX",robbery,0.041594484547410396,0.05885930717737943,0.04849825906584052
11,TX2270000,"Travis, TX",robbery,0.05098107485514673,0.04176921595906097,0.048482482233714826
12,TX2270000,"Travis, TX",robbery,0.05056456427533197,0.020068323268911677,0.04851482669332901
1,TX2270100,"Austin, TX",robbery,-0.014718746777558186,-0.02002879780084152,0.03204379559142953
2,TX2270100,"Austin, TX",robbery,-0.10674012224271302,-0.07153736626464596,0.03210064804969881
3,TX2270100,"Austin, TX",robbery,-0.12944676536406494,-0.0785594827195254,0.03209676128296471
4,TX2270100,"Austin, TX",robbery,-0.07056587126363142,-0.03655941013649723,0.032140565553222505
5,TX2270100,"Austin, TX",robbery,-0.006666007958024384,0.0017630191993101107,0.032096761282964716
6,TX2270100,"Austin, TX",robbery,0.022721889338011475,0.010445732997178237,0.03210064804969881
7,TX2270100,"Austin, TX",robbery,0.04369013349377921,0.016763787040705136,0.03204379559142952
8,TX2270100,"Austin, TX",robbery,0.06242505534559063,0.035912949031221136,0.03210064804969881
9,TX2270100,"Austin, TX",robbery,0.05616031175072153,0.04620007624623698,0.032096761282964716
10,TX2270100,"Austin, TX",robbery,0.041594484547410396,0.039824420896633614,0.032140565553222505
11,TX2270100,"Austin, TX",robbery,0.05098107485514673,0.03386139803411467,0.03209676128296471
12,TX2270100,"Austin, TX",robbery,0.05056456427533197,0.021913673476110212,0.03210064804969881
1,TX2270900,"Pflugerville, TX",robbery,-0.014718746777558186,-0.006195045368513615,0.05305306254394135
2,TX2270900,"Pflugerville, TX",robbery,-0.10674012224271302,-0.10658005172685665,0.0530811396464973
3,TX2270900,"Pflugerville, TX",robbery,-0.12944676536406494,-0.12413512708099306,0.05307128390280779
4,TX2270900,"Pflugerville, TX",robbery,-0.07056587126363142,-0.06104125533272186,0.053079296917330786
5,TX2270900,"Pflugerville, TX",robbery,-0.006666007958024384,-0.009692967696029202,0.0530712839028078
6,TX2270900,"Pflugerville, TX",robbery,0.022721889338011475,0.006224737971940239,0.0530811396464973
7,TX2270900,"Pflugerville, TX",robbery,0.04369013349377921,0.03176495149201695,0.05305306254394134
8,TX2270900,"Pflugerville, TX",robbery,0.06242505534559063,0.060651223715564424,0.0530811396464973
9,TX2270900,"Pflugerville, TX",robbery,0.05616031175072153,0.0526363929461975,0.053071283902807805
10,TX2270900,"Pflugerville, TX",robbery,0.041594484547410396,0.03547134920921852,0.053079296917330786
11,TX2270900,"Pflugerville, TX",robbery,0.05098107485514673,0.05562179570732139,0.0530712839028078
12,TX2270900,"Pflugerville, TX",robbery,0.05056456427533197,0.065273996162855355,0.0530811396464973
1,TX2350100,"Victoria, TX",robbery,-0.014718746777558186,-0.007246002415362038,0.05095356533354478
2,TX2350100,"Victoria, TX",robbery,-0.10674012224271302,-0.10505378052400585,0.05100751353559583
3,TX2350100,"Victoria, TX",robbery,-0.12944676536406494,-0.10067877302455419,0.050958005187189015
4,TX2350100,"Victoria, TX",robbery,-0.07056587126363142,-0.02727203531912804,0.05098997527378398
5,TX2350100,"Victoria, TX",robbery,-0.006666007958024384,-0.009555536345145416,0.050958005187189015
6,TX2350100,"Victoria, TX",robbery,0.022721889338011475,-0.0345508420013216,0.05100751353559583
7,TX2350100,"Victoria, TX",robbery,0.04369013349377921,-0.0015437388559640475,0.050953565333544774
8,TX2350100,"Victoria, TX",robbery,0.06242505534559063,0.06611325936256568,0.05100751353559583
9,TX2350100,"Victoria, TX",robbery,0.05616031175072153,0.07052799313444012,0.05095800518718902
10,TX2350100,"Victoria, TX",robbery,0.041594484547410396,0.036061776590454134,0.05098997527378398
11,TX2350100,"Victoria, TX",robbery,0.05098107485514673,0.04849605750658554,0.050958005187189015
12,TX2350100,"Victoria, TX",robbery,0.05056456427533197,0.06470162189143569,0.05100751353559583
1,TX2400100,"Laredo, TX",robbery,-0.014718746777558186,-0.018365440485418112,0.044862315941098116
2,TX2400100,"Laredo, TX",robbery,-0.10674012224271302,-0.061668600265183816,0.04503746228166538
3,TX2400100,"Laredo, TX",robbery,-0.12944676536406494,-0.055842928664109906,0.04506231963626355
4,TX2400100,"Laredo, TX",robbery,-0.07056587126363142,0.020418611812665688,0.0451205686752122
5,TX2400100,"Laredo, TX",robbery,-0.006666007958024384,0.06165368734360445,0.04506231963626355
6,TX2400100,"Laredo, TX",robbery,0.022721889338011475,0.023546361168250214,0.04503746228166538
7,TX2400100,"Laredo, TX",robbery,0.04369013349377921,-0.0017138891431256263,0.04486231594109811
8,TX2400100,"Laredo, TX",robbery,0.06242505534559063,0.03325797638813141,0.04503746228166538
9,TX2400100,"Laredo, TX",robbery,0.05616031175072153,0.04751163441560128,0.04506231963626355
10,TX2400100,"Laredo, TX",robbery,0.041594484547410396,-3.3928218412192294e-4,0.0451205686752122
11,TX2400100,"Laredo, TX",robbery,0.05098107485514673,-0.033243063466552064,0.04506231963626355
12,TX2400100,"Laredo, TX",robbery,0.05056456427533197,-0.015215066919741588,0.04503746228166538
1,TX2430500,"Wichita Falls, TX",robbery,-0.014718746777558186,-0.022069046685619913,0.04775393610828915
2,TX2430500,"Wichita Falls, TX",robbery,-0.10674012224271302,-0.10368890114168597,0.04783251746417651
3,TX2430500,"Wichita Falls, TX",robbery,-0.12944676536406494,-0.12852790446669154,0.0478570224088672
4,TX2430500,"Wichita Falls, TX",robbery,-0.07056587126363142,-0.08733574191047819,0.0478937210358732
5,TX2430500,"Wichita Falls, TX",robbery,-0.006666007958024384,-0.015542169582703281,0.04785702240886721
6,TX2430500,"Wichita Falls, TX",robbery,0.022721889338011475,0.05336693931901265,0.04783251746417651
7,TX2430500,"Wichita Falls, TX",robbery,0.04369013349377921,0.08912243206918369,0.04775393610828914
8,TX2430500,"Wichita Falls, TX",robbery,0.06242505534559063,0.07184925427094017,0.04783251746417651
9,TX2430500,"Wichita Falls, TX",robbery,0.05616031175072153,0.029634872212381966,0.04785702240886722
10,TX2430500,"Wichita Falls, TX",robbery,0.041594484547410396,0.02028235652691439,0.0478937210358732
11,TX2430500,"Wichita Falls, TX",robbery,0.05098107485514673,0.04738181645344904,0.0478570224088672
12,TX2430500,"Wichita Falls, TX",robbery,0.05056456427533197,0.045526092935297,0.0478325174641765
1,TX2460000,"Williamson, TX",robbery,-0.014718746777558186,-0.03620088551277102,0.053663963339467984
2,TX2460000,"Williamson, TX",robbery,-0.10674012224271302,-0.12307812734177356,0.053677626191076445
3,TX2460000,"Williamson, TX",robbery,-0.12944676536406494,-0.12985143971788138,0.05366821363653358
4,TX2460000,"Williamson, TX",robbery,-0.07056587126363142,-0.053928938190762776,0.05367307665115893
5,TX2460000,"Williamson, TX",robbery,-0.006666007958024384,0.0149100425765192,0.05366821363653359
6,TX2460000,"Williamson, TX",robbery,0.022721889338011475,0.035264599480149185,0.053677626191076445
7,TX2460000,"Williamson, TX",robbery,0.04369013349377921,0.04552519869801487,0.05366396333946798
8,TX2460000,"Williamson, TX",robbery,0.06242505534559063,0.062485139256629,0.053677626191076445
9,TX2460000,"Williamson, TX",robbery,0.05616031175072153,0.05993413844749297,0.05366821363653359
10,TX2460000,"Williamson, TX",robbery,0.041594484547410396,0.044604625005518934,0.05367307665115893
11,TX2460000,"Williamson, TX",robbery,0.05098107485514673,0.045682945508625325,0.05366821363653358
12,TX2460000,"Williamson, TX",robbery,0.05056456427533197,0.03465270179023927,0.053677626191076445
1,TX2460200,"Georgetown, TX",robbery,-0.014718746777558186,-0.020572630172767767,0.05388333438618119
2,TX2460200,"Georgetown, TX",robbery,-0.10674012224271302,-0.12544531300207687,0.05390370334996359
3,TX2460200,"Georgetown, TX",robbery,-0.12944676536406494,-0.13505844269494305,0.053894740330695724
4,TX2460200,"Georgetown, TX",robbery,-0.07056587126363142,-0.056557500822296755,0.05390482198113985
5,TX2460200,"Georgetown, TX",robbery,-0.006666007958024384,0.0012816537646694872,0.05389474033069574
6,TX2460200,"Georgetown, TX",robbery,0.022721889338011475,0.012423095178216298,0.05390370334996359
7,TX2460200,"Georgetown, TX",robbery,0.04369013349377921,0.03579281919406958,0.05388333438618118
8,TX2460200,"Georgetown, TX",robbery,0.06242505534559063,0.07009592242790881,0.05390370334996359
9,TX2460200,"Georgetown, TX",robbery,0.05616031175072153,0.06448886309947319,0.05389474033069574
10,TX2460200,"Georgetown, TX",robbery,0.041594484547410396,0.04133731180099493,0.05390482198113985
11,TX2460200,"Georgetown, TX",robbery,0.05098107485514673,0.054067736809498515,0.053894740330695724
12,TX2460200,"Georgetown, TX",robbery,0.05056456427533197,0.058146484417253605,0.05390370334996359
1,TX2460900,"Cedar Park, TX",robbery,-0.014718746777558186,-0.009164590799824728,0.053818574310184504
2,TX2460900,"Cedar Park, TX",robbery,-0.10674012224271302,-0.10635413352769409,0.053838456020366805
3,TX2460900,"Cedar Park, TX",robbery,-0.12944676536406494,-0.13683320867392404,0.05383521241116382
4,TX2460900,"Cedar Park, TX",robbery,-0.07056587126363142,-0.07391240595166933,0.05384170034758733
5,TX2460900,"Cedar Park, TX",robbery,-0.006666007958024384,-1.5559469262412074e-4,0.053835212411163826
6,TX2460900,"Cedar Park, TX",robbery,0.022721889338011475,0.029455450811855258,0.053838456020366805
7,TX2460900,"Cedar Park, TX",robbery,0.04369013349377921,0.04344656344436887,0.05381857431018449
8,TX2460900,"Cedar Park, TX",robbery,0.06242505534559063,0.06073945927227603,0.053838456020366805
9,TX2460900,"Cedar Park, TX",robbery,0.05616031175072153,0.05693656177396184,0.053835212411163826
10,TX2460900,"Cedar Park, TX",robbery,0.041594484547410396,0.039630433307125186,0.05384170034758733
11,TX2460900,"Cedar Park, TX",robbery,0.05098107485514673,0.04577026894804214,0.05383521241116382
12,TX2460900,"Cedar Park, TX",robbery,0.05056456427533197,0.05044119608810697,0.053838456020366805
1,TX2461700,"Leander, TX",robbery,-0.014718746777558186,-0.006508810515759782,0.05450219324002175
2,TX2461700,"Leander, TX",robbery,-0.10674012224271302,-0.10455362217313126,0.054513346295758956
3,TX2461700,"Leander, TX",robbery,-0.12944676536406494,-0.13817105470797972,0.054512967787006615
4,TX2461700,"Leander, TX",robbery,-0.07056587126363142,-0.08365464015337648,0.05451615157423296
5,TX2461700,"Leander, TX",robbery,-0.006666007958024384,-0.01431271922777044,0.05451296778700662
6,TX2461700,"Leander, TX",robbery,0.022721889338011475,0.019751048981978134,0.054513346295758956
7,TX2461700,"Leander, TX",robbery,0.04369013349377921,0.03928738316293557,0.05450219324002174
8,TX2461700,"Leander, TX",robbery,0.06242505534559063,0.058587295432811215,0.054513346295758956
9,TX2461700,"Leander, TX",robbery,0.05616031175072153,0.0594261553204839,0.05451296778700663
10,TX2461700,"Leander, TX",robbery,0.041594484547410396,0.05087606750620069,0.05451615157423296
11,TX2461700,"Leander, TX",robbery,0.05098107485514673,0.060279045968090444,0.054512967787006615
12,TX2461700,"Leander, TX",robbery,0.05056456427533197,0.05899385040551773,0.054513346295758956
1,TXDPD0000,"Dallas, TX",robbery,-0.014718746777558186,-0.02339275728196672,0.028389219501212443
2,TXDPD0000,"Dallas, TX",robbery,-0.10674012224271302,-0.12057630857480289,0.028447022802264094
3,TXDPD0000,"Dallas, TX",robbery,-0.12944676536406494,-0.12663017443478525,0.02845960769427203
4,TXDPD0000,"Dallas, TX",robbery,-0.07056587126363142,-0.047611736137648894,0.02848100964906312
5,TXDPD0000,"Dallas, TX",robbery,-0.006666007958024384,0.01569035482610287,0.028459607694272034
6,TXDPD0000,"Dallas, TX",robbery,0.022721889338011475,0.035264082118943496,0.028447022802264094
7,TXDPD0000,"Dallas, TX",robbery,0.04369013349377921,0.055132918739308104,0.02838921950121244
8,TXDPD0000,"Dallas, TX",robbery,0.06242505534559063,0.06940559273120538,0.028447022802264094
9,TXDPD0000,"Dallas, TX",robbery,0.05616031175072153,0.043719297133846355,0.028459607694272034
10,TXDPD0000,"Dallas, TX",robbery,0.041594484547410396,0.015871574680307508,0.02848100964906312
11,TXDPD0000,"Dallas, TX",robbery,0.05098107485514673,0.035480361017494605,0.02845960769427203
12,TXDPD0000,"Dallas, TX",robbery,0.05056456427533197,0.04764679518199544,0.028447022802264094
1,TXHPD0000,"Houston, TX",robbery,-0.014718746777558186,0.021671284354164547,0.026930155345837793
2,TXHPD0000,"Houston, TX",robbery,-0.10674012224271302,-0.08954881998604206,0.026975962368834115
3,TXHPD0000,"Houston, TX",robbery,-0.12944676536406494,-0.10004500357906917,0.0269961612442325
4,TXHPD0000,"Houston, TX",robbery,-0.07056587126363142,-0.03206191187414306,0.027007014870308158
5,TXHPD0000,"Houston, TX",robbery,-0.006666007958024384,0.009632417790163928,0.026996161244232503
6,TXHPD0000,"Houston, TX",robbery,0.022721889338011475,0.01237785824179507,0.026975962368834115
7,TXHPD0000,"Houston, TX",robbery,0.04369013349377921,0.02014113243246858,0.02693015534583779
8,TXHPD0000,"Houston, TX",robbery,0.06242505534559063,0.017025835784190216,0.026975962368834115
9,TXHPD0000,"Houston, TX",robbery,0.05616031175072153,-0.014290397409415775,0.026996161244232507
10,TXHPD0000,"Houston, TX",robbery,0.041594484547410396,-0.009750504912490077,0.027007014870308158
11,TXHPD0000,"Houston, TX",robbery,0.05098107485514673,0.06289056641168789,0.0269961612442325
12,TXHPD0000,"Houston, TX",robbery,0.05056456427533197,0.10195754274668992,0.026975962368834115
1,TXSPD0000,"San Antonio, TX",robbery,-0.014718746777558186,-0.02542611956225895,0.029487375468781208
2,TXSPD0000,"San Antonio, TX",robbery,-0.10674012224271302,-0.09622473305610965,0.029560806506422142
3,TXSPD0000,"San Antonio, TX",robbery,-0.12944676536406494,-0.09377966293244874,0.029588942581721824
4,TXSPD0000,"San Antonio, TX",robbery,-0.07056587126363142,-0.018065829476096237,0.029592522497473645
5,TXSPD0000,"San Antonio, TX",robbery,-0.006666007958024384,0.039150856150510956,0.029588942581721827
6,TXSPD0000,"San Antonio, TX",robbery,0.022721889338011475,0.043727413049561355,0.029560806506422142
7,TXSPD0000,"San Antonio, TX",robbery,0.04369013349377921,0.04179353527301904,0.029487375468781205
8,TXSPD0000,"San Antonio, TX",robbery,0.06242505534559063,0.04668833005550703,0.029560806506422142
9,TXSPD0000,"San Antonio, TX",robbery,0.05616031175072153,0.027875844221086046,0.02958894258172183
10,TXSPD0000,"San Antonio, TX",robbery,0.041594484547410396,0.0016984137653361523,0.029592522497473645
11,TXSPD0000,"San Antonio, TX",robbery,0.05098107485514673,0.010385546850091645,0.029588942581721824
12,TXSPD0000,"San Antonio, TX",robbery,0.05056456427533197,0.022176405661801353,0.029560806506422142
1,UT0030100,"Logan, UT",robbery,-0.014718746777558186,-0.007539386904316592,0.05471881876714656
2,UT0030100,"Logan, UT",robbery,-0.10674012224271302,-0.10599678516605424,0.054725307750222656
3,UT0030100,"Logan, UT",robbery,-0.12944676536406494,-0.13199335239247956,0.05472373634489494
4,UT0030100,"Logan, UT",robbery,-0.07056587126363142,-0.07258257198438764,0.05472626356559634
5,UT0030100,"Logan, UT",robbery,-0.006666007958024384,-0.010556516459593084,0.05472373634489495
6,UT0030100,"Logan, UT",robbery,0.022721889338011475,0.017138732761644616,0.054725307750222656
7,UT0030100,"Logan, UT",robbery,0.04369013349377921,0.04272934628339456,0.05471881876714655
8,UT0030100,"Logan, UT",robbery,0.06242505534559063,0.06680417072050486,0.054725307750222656
9,UT0030100,"Logan, UT",robbery,0.05616031175072153,0.057610778567852204,0.054723736344894955
10,UT0030100,"Logan, UT",robbery,0.041594484547410396,0.037392612605309676,0.05472626356559634
11,UT0030100,"Logan, UT",robbery,0.05098107485514673,0.04974913090514243,0.05472373634489494
12,UT0030100,"Logan, UT",robbery,0.05056456427533197,0.05724384106298277,0.05472530775022265
1,UT0060300,"Layton, UT",robbery,-0.014718746777558186,-0.02703718159497257,0.05358725345880235
2,UT0060300,"Layton, UT",robbery,-0.10674012224271302,-0.10797954708314003,0.05360594698011693
3,UT0060300,"Layton, UT",robbery,-0.12944676536406494,-0.12163019757439013,0.05361062324914496
4,UT0060300,"Layton, UT",robbery,-0.07056587126363142,-0.0705066206629789,0.05360948259397289
5,UT0060300,"Layton, UT",robbery,-0.006666007958024384,-0.007526439689475386,0.05361062324914496
6,UT0060300,"Layton, UT",robbery,0.022721889338011475,0.03832803828025508,0.05360594698011693
7,UT0060300,"Layton, UT",robbery,0.04369013349377921,0.06266615054652722,0.053587253458802345
8,UT0060300,"Layton, UT",robbery,0.06242505534559063,0.05803223027022867,0.05360594698011693
9,UT0060300,"Layton, UT",robbery,0.05616031175072153,0.036053911809924115,0.053610623249144965
10,UT0060300,"Layton, UT",robbery,0.041594484547410396,0.03487765171142424,0.05360948259397289
11,UT0060300,"Layton, UT",robbery,0.05098107485514673,0.057473756502386716,0.05361062324914496
12,UT0060300,"Layton, UT",robbery,0.05056456427533197,0.047248247484211,0.05360594698011693
1,UT0180500,"Sandy, UT",robbery,-0.014718746777558186,-0.021832741884276422,0.05156903937111035
2,UT0180500,"Sandy, UT",robbery,-0.10674012224271302,-0.10391662381350429,0.051598819481135365
3,UT0180500,"Sandy, UT",robbery,-0.12944676536406494,-0.11807170288117795,0.05158535590797702
4,UT0180500,"Sandy, UT",robbery,-0.07056587126363142,-0.05024991004489764,0.05160112539400101
5,UT0180500,"Sandy, UT",robbery,-0.006666007958024384,0.012384091764557568,0.051585355907977026
6,UT0180500,"Sandy, UT",robbery,0.022721889338011475,0.01813411082654279,0.051598819481135365
7,UT0180500,"Sandy, UT",robbery,0.04369013349377921,0.013019088900537367,0.05156903937111034
8,UT0180500,"Sandy, UT",robbery,0.06242505534559063,0.036549074390142905,0.051598819481135365
9,UT0180500,"Sandy, UT",robbery,0.05616031175072153,0.05951780644155563,0.05158535590797703
10,UT0180500,"Sandy, UT",robbery,0.041594484547410396,0.059063563028636704,0.05160112539400101
11,UT0180500,"Sandy, UT",robbery,0.05098107485514673,0.054983457658803775,0.05158535590797702
12,UT0180500,"Sandy, UT",robbery,0.05056456427533197,0.04041978561307955,0.051598819481135365
1,UT0180600,"West Jordan, UT",robbery,-0.014718746777558186,-0.022088430410682165,0.051019567965418844
2,UT0180600,"West Jordan, UT",robbery,-0.10674012224271302,-0.10281568936504237,0.05105944482761384
3,UT0180600,"West Jordan, UT",robbery,-0.12944676536406494,-0.11500862266215274,0.0510790750398579
4,UT0180600,"West Jordan, UT",robbery,-0.07056587126363142,-0.07770139143817431,0.05107606382594256
5,UT0180600,"West Jordan, UT",robbery,-0.006666007958024384,-0.03430338765630895,0.05107907503985791
6,UT0180600,"West Jordan, UT",robbery,0.022721889338011475,0.014831500379275086,0.05105944482761384
7,UT0180600,"West Jordan, UT",robbery,0.04369013349377921,0.0636948763902538,0.05101956796541884
8,UT0180600,"West Jordan, UT",robbery,0.06242505534559063,0.07269025028301382,0.05105944482761384
9,UT0180600,"West Jordan, UT",robbery,0.05616031175072153,0.04327673760055254,0.05107907503985791
10,UT0180600,"West Jordan, UT",robbery,0.041594484547410396,0.03609494545860266,0.05107606382594256
11,UT0180600,"West Jordan, UT",robbery,0.05098107485514673,0.06442882673833747,0.0510790750398579
12,UT0180600,"West Jordan, UT",robbery,0.05056456427533197,0.056900384682325174,0.05105944482761384
1,UT0181200,"Draper, UT",robbery,-0.014718746777558186,-0.021354053429415747,0.05421976862245143
2,UT0181200,"Draper, UT",robbery,-0.10674012224271302,-0.10876606791577871,0.05422851571724035
3,UT0181200,"Draper, UT",robbery,-0.12944676536406494,-0.1345440486400104,0.05423248546430649
4,UT0181200,"Draper, UT",robbery,-0.07056587126363142,-0.08775295178214855,0.0542317316528839
5,UT0181200,"Draper, UT",robbery,-0.006666007958024384,-0.014942512181078855,0.0542324854643065
6,UT0181200,"Draper, UT",robbery,0.022721889338011475,0.042443377829978826,0.05422851571724035
7,UT0181200,"Draper, UT",robbery,0.04369013349377921,0.06804404970855185,0.054219768622451425
8,UT0181200,"Draper, UT",robbery,0.06242505534559063,0.059844493199876087,0.05422851571724035
9,UT0181200,"Draper, UT",robbery,0.05616031175072153,0.038932477644971694,0.05423248546430651
10,UT0181200,"Draper, UT",robbery,0.041594484547410396,0.041062955503012435,0.0542317316528839
11,UT0181200,"Draper, UT",robbery,0.05098107485514673,0.06386408689698143,0.0542324854643065
12,UT0181200,"Draper, UT",robbery,0.05056456427533197,0.05316819316505997,0.05422851571724035
1,UT0181800,"South Jordan, UT",robbery,-0.014718746777558186,0.0029947303078965526,0.05384680227148608
2,UT0181800,"South Jordan, UT",robbery,-0.10674012224271302,-0.10243432332596644,0.05386252452161343
3,UT0181800,"South Jordan, UT",robbery,-0.12944676536406494,-0.14192723984644084,0.05386390373472712
4,UT0181800,"South Jordan, UT",robbery,-0.07056587126363142,-0.08776897766319804,0.0538749503847393
5,UT0181800,"South Jordan, UT",robbery,-0.006666007958024384,-0.01897344595183444,0.053863903734727124
6,UT0181800,"South Jordan, UT",robbery,0.022721889338011475,0.01677732988371755,0.05386252452161343
7,UT0181800,"South Jordan, UT",robbery,0.04369013349377921,0.044797619145930175,0.053846802271486076
8,UT0181800,"South Jordan, UT",robbery,0.06242505534559063,0.06933451218766615,0.053862524521613435
9,UT0181800,"South Jordan, UT",robbery,0.05616031175072153,0.061035079254313854,0.05386390373472713
10,UT0181800,"South Jordan, UT",robbery,0.041594484547410396,0.039976628209371305,0.0538749503847393
11,UT0181800,"South Jordan, UT",robbery,0.05098107485514673,0.05207325709013469,0.05386390373472712
12,UT0181800,"South Jordan, UT",robbery,0.05056456427533197,0.0641148307084095,0.05386252452161343
1,UT0182500,"West Valley, UT",robbery,-0.014718746777558186,0.006444191900274629,0.046064618124593934
2,UT0182500,"West Valley, UT",robbery,-0.10674012224271302,-0.12638388094735417,0.04617805038451177
3,UT0182500,"West Valley, UT",robbery,-0.12944676536406494,-0.15104587406110287,0.04614380811154918
4,UT0182500,"West Valley, UT",robbery,-0.07056587126363142,-0.04910979981082234,0.04615519785677227
5,UT0182500,"West Valley, UT",robbery,-0.006666007958024384,0.023269765614379996,0.04614380811154919
6,UT0182500,"West Valley, UT",robbery,0.022721889338011475,0.002914165818215046,0.04617805038451177
7,UT0182500,"West Valley, UT",robbery,0.04369013349377921,-0.007467626131221131,0.04606461812459393
8,UT0182500,"West Valley, UT",robbery,0.06242505534559063,0.039065395754630444,0.046178050384511775
9,UT0182500,"West Valley, UT",robbery,0.05616031175072153,0.06475082309932566,0.04614380811154919
10,UT0182500,"West Valley, UT",robbery,0.041594484547410396,0.05013323404176886,0.04615519785677227
11,UT0182500,"West Valley, UT",robbery,0.05098107485514673,0.06404871957834368,0.04614380811154918
12,UT0182500,"West Valley, UT",robbery,0.05056456427533197,0.08338088514356218,0.04617805038451177
1,UT0250300,"Orem, UT",robbery,-0.014718746777558186,-0.043095006003495674,0.053454193847238644
2,UT0250300,"Orem, UT",robbery,-0.10674012224271302,-0.12778416513273178,0.05347038905357449
3,UT0250300,"Orem, UT",robbery,-0.12944676536406494,-0.1348039227235518,0.05347076033789504
4,UT0250300,"Orem, UT",robbery,-0.07056587126363142,-0.07469165632955665,0.053476120481333184
5,UT0250300,"Orem, UT",robbery,-0.006666007958024384,-0.009416868856579386,0.053470760337895044
6,UT0250300,"Orem, UT",robbery,0.022721889338011475,0.02766119474392666,0.05347038905357449
7,UT0250300,"Orem, UT",robbery,0.04369013349377921,0.04389127717390364,0.05345419384723864
8,UT0250300,"Orem, UT",robbery,0.06242505534559063,0.05050200383843422,0.0534703890535745
9,UT0250300,"Orem, UT",robbery,0.05616031175072153,0.05672549025884624,0.053470760337895044
10,UT0250300,"Orem, UT",robbery,0.041594484547410396,0.07389538515914867,0.053476120481333184
11,UT0250300,"Orem, UT",robbery,0.05098107485514673,0.0866990301508769,0.05347076033789504
12,UT0250300,"Orem, UT",robbery,0.05056456427533197,0.05041723772077895,0.05347038905357449
1,UT0252200,"Saratoga Springs, UT",robbery,-0.014718746777558186,-0.012021912850592514,0.05489169182095171
2,UT0252200,"Saratoga Springs, UT",robbery,-0.10674012224271302,-0.10355123122111219,0.05489574275341038
3,UT0252200,"Saratoga Springs, UT",robbery,-0.12944676536406494,-0.12443418215616289,0.054894730028838955
4,UT0252200,"Saratoga Springs, UT",robbery,-0.07056587126363142,-0.06990349456217206,0.05489677651726677
5,UT0252200,"Saratoga Springs, UT",robbery,-0.006666007958024384,-0.013642931493584965,0.05489473002883896
6,UT0252200,"Saratoga Springs, UT",robbery,0.022721889338011475,0.018688393938615138,0.05489574275341038
7,UT0252200,"Saratoga Springs, UT",robbery,0.04369013349377921,0.0516004493324915,0.0548916918209517
8,UT0252200,"Saratoga Springs, UT",robbery,0.06242505534559063,0.07237186689805761,0.05489574275341038
9,UT0252200,"Saratoga Springs, UT",robbery,0.05616031175072153,0.05367628135120933,0.05489473002883896
10,UT0252200,"Saratoga Springs, UT",robbery,0.041594484547410396,0.030324958080273072,0.05489677651726677
11,UT0252200,"Saratoga Springs, UT",robbery,0.05098107485514673,0.04482229581663951,0.054894730028838955
12,UT0252200,"Saratoga Springs, UT",robbery,0.05056456427533197,0.05206950686633847,0.05489574275341038
1,UT0270100,"St. George, UT",robbery,-0.014718746777558186,-0.006437778789513286,0.05329460488003269
2,UT0270100,"St. George, UT",robbery,-0.10674012224271302,-0.11493584104105875,0.05331495586112082
3,UT0270100,"St. George, UT",robbery,-0.12944676536406494,-0.1440429641344108,0.053314393263124246
4,UT0270100,"St. George, UT",robbery,-0.07056587126363142,-0.08822243621027709,0.053340663228815505
5,UT0270100,"St. George, UT",robbery,-0.006666007958024384,-0.02317747290508331,0.05331439326312426
6,UT0270100,"St. George, UT",robbery,0.022721889338011475,0.024878106570416825,0.05331495586112082
7,UT0270100,"St. George, UT",robbery,0.04369013349377921,0.06963472054796863,0.05329460488003268
8,UT0270100,"St. George, UT",robbery,0.06242505534559063,0.0847532581526705,0.053314955861120825
9,UT0270100,"St. George, UT",robbery,0.05616031175072153,0.05066343948756723,0.05331439326312426
10,UT0270100,"St. George, UT",robbery,0.041594484547410396,0.025025494451821725,0.053340663228815505
11,UT0270100,"St. George, UT",robbery,0.05098107485514673,0.05336005579347153,0.053314393263124246
12,UT0270100,"St. George, UT",robbery,0.05056456427533197,0.06850141807642682,0.05331495586112082
1,UT0290100,"Ogden, UT",robbery,-0.014718746777558186,0.015063718090933584,0.04881754720719233
2,UT0290100,"Ogden, UT",robbery,-0.10674012224271302,-0.10718342576063683,0.048915950413686266
3,UT0290100,"Ogden, UT",robbery,-0.12944676536406494,-0.14770574580682816,0.04889561697580167
4,UT0290100,"Ogden, UT",robbery,-0.07056587126363142,-0.07922045330416272,0.04893280739092395
5,UT0290100,"Ogden, UT",robbery,-0.006666007958024384,-0.013807115408814869,0.04889561697580168
6,UT0290100,"Ogden, UT",robbery,0.022721889338011475,-0.0025398327276653894,0.048915950413686266
7,UT0290100,"Ogden, UT",robbery,0.04369013349377921,0.016585223444034593,0.048817547207192315
8,UT0290100,"Ogden, UT",robbery,0.06242505534559063,0.060405842688789686,0.048915950413686266
9,UT0290100,"Ogden, UT",robbery,0.05616031175072153,0.06927922120001286,0.048895616975801685
10,UT0290100,"Ogden, UT",robbery,0.041594484547410396,0.04757151176919455,0.04893280739092395
11,UT0290100,"Ogden, UT",robbery,0.05098107485514673,0.06058469848066197,0.04889561697580167
12,UT0290100,"Ogden, UT",robbery,0.05056456427533197,0.08096635733448071,0.048915950413686266
1,VA0020300,"Albemarle, VA",robbery,-0.014718746777558186,-0.016005543485622067,0.05350824798984346
2,VA0020300,"Albemarle, VA",robbery,-0.10674012224271302,-0.11309393727447586,0.05352987499193594
3,VA0020300,"Albemarle, VA",robbery,-0.12944676536406494,-0.14039817358434836,0.05352352660854487
4,VA0020300,"Albemarle, VA",robbery,-0.07056587126363142,-0.07897991353201017,0.05353401661719298
5,VA0020300,"Albemarle, VA",robbery,-0.006666007958024384,-0.005510805357162734,0.053523526608544876
6,VA0020300,"Albemarle, VA",robbery,0.022721889338011475,0.035422818881563546,0.05352987499193594
7,VA0020300,"Albemarle, VA",robbery,0.04369013349377921,0.06269853029351884,0.05350824798984345
8,VA0020300,"Albemarle, VA",robbery,0.06242505534559063,0.07681734853716891,0.05352987499193594
9,VA0020300,"Albemarle, VA",robbery,0.05616031175072153,0.05742859803914465,0.05352352660854488
10,VA0020300,"Albemarle, VA",robbery,0.041594484547410396,0.03228692672411341,0.05353401661719298
11,VA0020300,"Albemarle, VA",robbery,0.05098107485514673,0.04178739409446964,0.05352352660854487
12,VA0020300,"Albemarle, VA",robbery,0.05056456427533197,0.04754675666364021,0.05352987499193594
1,VA0070100,"Arlington, VA",robbery,-0.014718746777558186,-0.009459515692621627,0.043318136051259434
2,VA0070100,"Arlington, VA",robbery,-0.10674012224271302,-0.1272508076236046,0.043387690514885925
3,VA0070100,"Arlington, VA",robbery,-0.12944676536406494,-0.13998417905625213,0.043385564914150715
4,VA0070100,"Arlington, VA",robbery,-0.07056587126363142,-0.05540533515312605,0.04342613941939563
5,VA0070100,"Arlington, VA",robbery,-0.006666007958024384,-0.002582754673375743,0.04338556491415072
6,VA0070100,"Arlington, VA",robbery,0.022721889338011475,0.006949660478905065,0.043387690514885925
7,VA0070100,"Arlington, VA",robbery,0.04369013349377921,0.052684262074942353,0.04331813605125943
8,VA0070100,"Arlington, VA",robbery,0.06242505534559063,0.10392527942526669,0.043387690514885925
9,VA0070100,"Arlington, VA",robbery,0.05616031175072153,0.0734339044755935,0.04338556491415072
10,VA0070100,"Arlington, VA",robbery,0.041594484547410396,0.012180588770805318,0.04342613941939563
11,VA0070100,"Arlington, VA",robbery,0.05098107485514673,0.025908282871713616,0.043385564914150715
12,VA0070100,"Arlington, VA",robbery,0.05056456427533197,0.0596006141017536,0.043387690514885925
1,VA0210100,"Chesterfield, VA",robbery,-0.014718746777558186,0.020894916215791603,0.045310129627378605
2,VA0210100,"Chesterfield, VA",robbery,-0.10674012224271302,-0.08709381297894322,0.04547201265431221
3,VA0210100,"Chesterfield, VA",robbery,-0.12944676536406494,-0.10131337598253057,0.045408455975523905
4,VA0210100,"Chesterfield, VA",robbery,-0.07056587126363142,-0.04084835671825401,0.04545653434307092
5,VA0210100,"Chesterfield, VA",robbery,-0.006666007958024384,-0.027367121410934735,0.04540845597552391
6,VA0210100,"Chesterfield, VA",robbery,0.022721889338011475,-0.0440578633274356,0.04547201265431221
7,VA0210100,"Chesterfield, VA",robbery,0.04369013349377921,0.006515120306531618,0.04531012962737859
8,VA0210100,"Chesterfield, VA",robbery,0.06242505534559063,0.08034397683487621,0.04547201265431221
9,VA0210100,"Chesterfield, VA",robbery,0.05616031175072153,0.06715350331614037,0.04540845597552391
10,VA0210100,"Chesterfield, VA",robbery,0.041594484547410396,0.013438320195930794,0.04545653434307092
11,VA0210100,"Chesterfield, VA",robbery,0.05098107485514673,0.034116957555001715,0.045408455975523905
12,VA0210100,"Chesterfield, VA",robbery,0.05056456427533197,0.07821773599382581,0.04547201265431221
1,VA0420000,"Hanover, VA",robbery,-0.014718746777558186,-0.013976652063002108,0.05430061614797685
2,VA0420000,"Hanover, VA",robbery,-0.10674012224271302,-0.11104771431646254,0.054306034218326846
3,VA0420000,"Hanover, VA",robbery,-0.12944676536406494,-0.13611929928540875,0.05430801635640942
4,VA0420000,"Hanover, VA",robbery,-0.07056587126363142,-0.06222097087609848,0.05430684796366635
5,VA0420000,"Hanover, VA",robbery,-0.006666007958024384,0.013301060545035439,0.05430801635640944
6,VA0420000,"Hanover, VA",robbery,0.022721889338011475,0.027477998359773454,0.054306034218326846
7,VA0420000,"Hanover, VA",robbery,0.04369013349377921,0.026860380451269775,0.05430061614797684
8,VA0420000,"Hanover, VA",robbery,0.06242505534559063,0.0496306544419432,0.054306034218326846
9,VA0420000,"Hanover, VA",robbery,0.05616031175072153,0.06181851102262176,0.05430801635640944
10,VA0420000,"Hanover, VA",robbery,0.041594484547410396,0.049337242487830814,0.05430684796366635
11,VA0420000,"Hanover, VA",robbery,0.05098107485514673,0.04811599932948386,0.05430801635640943
12,VA0420000,"Hanover, VA",robbery,0.05056456427533197,0.04682278990301356,0.05430603421832684
1,VA0430100,"Henrico, VA",robbery,-0.014718746777558186,0.09132146112667956,0.045538200901161195
2,VA0430100,"Henrico, VA",robbery,-0.10674012224271302,-0.06179223470180959,0.045596814257356136
3,VA0430100,"Henrico, VA",robbery,-0.12944676536406494,-0.15310420428663393,0.04555792888500027
4,VA0430100,"Henrico, VA",robbery,-0.07056587126363142,-0.114469982931333,0.04552927134755703
5,VA0430100,"Henrico, VA",robbery,-0.006666007958024384,-0.052117086179954676,0.045557928885000286
6,VA0430100,"Henrico, VA",robbery,0.022721889338011475,-0.043300241874551164,0.045596814257356136
7,VA0430100,"Henrico, VA",robbery,0.04369013349377921,-0.03279749196367958,0.04553820090116119
8,VA0430100,"Henrico, VA",robbery,0.06242505534559063,0.01570302026356028,0.045596814257356136
9,VA0430100,"Henrico, VA",robbery,0.05616031175072153,0.04849102068538463,0.045557928885000286
10,VA0430100,"Henrico, VA",robbery,0.041594484547410396,0.05594601376833304,0.04552927134755703
11,VA0430100,"Henrico, VA",robbery,0.05098107485514673,0.09820630061820397,0.04555792888500027
12,VA0430100,"Henrico, VA",robbery,0.05056456427533197,0.14791342547580044,0.04559681425735613
1,VA0530000,"Loudoun, VA",robbery,-0.014718746777558186,-0.012032090111509497,0.05100872973230303
2,VA0530000,"Loudoun, VA",robbery,-0.10674012224271302,-0.09549132764285384,0.05105047109543821
3,VA0530000,"Loudoun, VA",robbery,-0.12944676536406494,-0.12439651028832391,0.051052622905217365
4,VA0530000,"Loudoun, VA",robbery,-0.07056587126363142,-0.06736136820317445,0.05105429908620107
5,VA0530000,"Loudoun, VA",robbery,-0.006666007958024384,-6.254900327842462e-4,0.05105262290521737
6,VA0530000,"Loudoun, VA",robbery,0.022721889338011475,0.021350767215163092,0.05105047109543821
7,VA0530000,"Loudoun, VA",robbery,0.04369013349377921,0.0330174089079496,0.051008729732303026
8,VA0530000,"Loudoun, VA",robbery,0.06242505534559063,0.0601457403853436,0.05105047109543821
9,VA0530000,"Loudoun, VA",robbery,0.05616031175072153,0.06806560423437359,0.05105262290521737
10,VA0530000,"Loudoun, VA",robbery,0.041594484547410396,0.04637604940673434,0.05105429908620107
11,VA0530000,"Loudoun, VA",robbery,0.05098107485514673,0.03597107729029444,0.051052622905217365
12,VA0530000,"Loudoun, VA",robbery,0.05056456427533197,0.034980138838787256,0.05105047109543821
1,VA0890000,"Stafford, VA",robbery,-0.014718746777558186,-0.02201352979084613,0.05137479798116919
2,VA0890000,"Stafford, VA",robbery,-0.10674012224271302,-0.10524849469444876,0.05142471841124782
3,VA0890000,"Stafford, VA",robbery,-0.12944676536406494,-0.12347888607469548,0.05142411065342308
4,VA0890000,"Stafford, VA",robbery,-0.07056587126363142,-0.05705577214712615,0.05143751519055201
5,VA0890000,"Stafford, VA",robbery,-0.006666007958024384,0.014461214567503895,0.051424110653423095
6,VA0890000,"Stafford, VA",robbery,0.022721889338011475,0.04150561802878469,0.05142471841124782
7,VA0890000,"Stafford, VA",robbery,0.04369013349377921,0.05198337587249605,0.051374797981169174
8,VA0890000,"Stafford, VA",robbery,0.06242505534559063,0.0625207935376509,0.05142471841124782
9,VA0890000,"Stafford, VA",robbery,0.05616031175072153,0.05078133883624771,0.051424110653423095
10,VA0890000,"Stafford, VA",robbery,0.041594484547410396,0.027085926065476232,0.05143751519055201
11,VA0890000,"Stafford, VA",robbery,0.05098107485514673,0.02826648658929393,0.05142411065342308
12,VA0890000,"Stafford, VA",robbery,0.05056456427533197,0.03119192920966311,0.05142471841124782
1,VA0990000,"Alexandria, VA",robbery,-0.014718746777558186,-0.005097446606977679,0.046540976718246106
2,VA0990000,"Alexandria, VA",robbery,-0.10674012224271302,-0.08361657804167144,0.04662812064983945
3,VA0990000,"Alexandria, VA",robbery,-0.12944676536406494,-0.10509784159224057,0.04663786888240579
4,VA0990000,"Alexandria, VA",robbery,-0.07056587126363142,-0.062421905917342216,0.046611790292024155
5,VA0990000,"Alexandria, VA",robbery,-0.006666007958024384,-0.014700933335594557,0.0466378688824058
6,VA0990000,"Alexandria, VA",robbery,0.022721889338011475,0.010924463222472851,0.04662812064983945
7,VA0990000,"Alexandria, VA",robbery,0.04369013349377921,0.032313148311394396,0.046540976718246106
8,VA0990000,"Alexandria, VA",robbery,0.06242505534559063,0.048126219694016606,0.04662812064983945
9,VA0990000,"Alexandria, VA",robbery,0.05616031175072153,0.04239178154016904,0.04663786888240581
10,VA0990000,"Alexandria, VA",robbery,0.041594484547410396,0.0352062042129255,0.046611790292024155
11,VA0990000,"Alexandria, VA",robbery,0.05098107485514673,0.05019129168324936,0.04663786888240579
12,VA0990000,"Alexandria, VA",robbery,0.05056456427533197,0.05178159682959872,0.04662812064983945
1,VA1030000,"Chesapeake, VA",robbery,-0.014718746777558186,0.007472769022290998,0.04518634552140556
2,VA1030000,"Chesapeake, VA",robbery,-0.10674012224271302,-0.1225734513216684,0.04534042860913687
3,VA1030000,"Chesapeake, VA",robbery,-0.12944676536406494,-0.1302392733660251,0.045317074504127086
4,VA1030000,"Chesapeake, VA",robbery,-0.07056587126363142,-0.05726312686724629,0.045360235181908466
5,VA1030000,"Chesapeake, VA",robbery,-0.006666007958024384,-0.020133253975109126,0.045317074504127086
6,VA1030000,"Chesapeake, VA",robbery,0.022721889338011475,-0.005605006740586513,0.04534042860913687
7,VA1030000,"Chesapeake, VA",robbery,0.04369013349377921,0.041016066553420535,0.045186345521405546
8,VA1030000,"Chesapeake, VA",robbery,0.06242505534559063,0.06629617394132827,0.04534042860913687
9,VA1030000,"Chesapeake, VA",robbery,0.05616031175072153,0.025473160409973418,0.04531707450412709
10,VA1030000,"Chesapeake, VA",robbery,0.041594484547410396,0.008774291291534739,0.045360235181908466
11,VA1030000,"Chesapeake, VA",robbery,0.05098107485514673,0.07641053135544922,0.045317074504127086
12,VA1030000,"Chesapeake, VA",robbery,0.05056456427533197,0.11037111969663824,0.04534042860913687
1,VA1120000,"Harrisonburg, VA",robbery,-0.014718746777558186,-0.024816923232395885,0.053617751517479786
2,VA1120000,"Harrisonburg, VA",robbery,-0.10674012224271302,-0.10851936009904517,0.0536291583918545
3,VA1120000,"Harrisonburg, VA",robbery,-0.12944676536406494,-0.1214996426395756,0.05362647894201837
4,VA1120000,"Harrisonburg, VA",robbery,-0.07056587126363142,-0.07220041589807738,0.053631585425343804
5,VA1120000,"Harrisonburg, VA",robbery,-0.006666007958024384,-0.02137264476193529,0.05362647894201838
6,VA1120000,"Harrisonburg, VA",robbery,0.022721889338011475,0.007582451780173818,0.0536291583918545
7,VA1120000,"Harrisonburg, VA",robbery,0.04369013349377921,0.030620675201547713,0.05361775151747978
8,VA1120000,"Harrisonburg, VA",robbery,0.06242505534559063,0.04922659024308172,0.0536291583918545
9,VA1120000,"Harrisonburg, VA",robbery,0.05616031175072153,0.05640312081446032,0.053626478942018385
10,VA1120000,"Harrisonburg, VA",robbery,0.041594484547410396,0.06639666392892554,0.053631585425343804
11,VA1120000,"Harrisonburg, VA",robbery,0.05098107485514673,0.0806654146178987,0.05362647894201837
12,VA1120000,"Harrisonburg, VA",robbery,0.05056456427533197,0.05751407004494152,0.0536291583918545
1,VA1140000,"Lynchburg, VA",robbery,-0.014718746777558186,-0.010839528648353709,0.05039660568899807
2,VA1140000,"Lynchburg, VA",robbery,-0.10674012224271302,-0.11818195378809376,0.05041626941126788
3,VA1140000,"Lynchburg, VA",robbery,-0.12944676536406494,-0.14888830663424804,0.05043160867944553
4,VA1140000,"Lynchburg, VA",robbery,-0.07056587126363142,-0.06631793578456807,0.05041260133297528
5,VA1140000,"Lynchburg, VA",robbery,-0.006666007958024384,0.014483095847877926,0.05043160867944554
6,VA1140000,"Lynchburg, VA",robbery,0.022721889338011475,0.018460052041690055,0.05041626941126788
7,VA1140000,"Lynchburg, VA",robbery,0.04369013349377921,0.012038572659834695,0.050396605688998064
8,VA1140000,"Lynchburg, VA",robbery,0.06242505534559063,0.04990457239631997,0.05041626941126789
9,VA1140000,"Lynchburg, VA",robbery,0.05616031175072153,0.07941188123099326,0.050431608679445544
10,VA1140000,"Lynchburg, VA",robbery,0.041594484547410396,0.0651188917730871,0.05041260133297528
11,VA1140000,"Lynchburg, VA",robbery,0.05098107485514673,0.05379428554389583,0.05043160867944553
12,VA1140000,"Lynchburg, VA",robbery,0.05056456427533197,0.051016373361564726,0.05041626941126788
1,VA1170000,"Norfolk, VA",robbery,-0.014718746777558186,0.018274619145195705,0.03987419780043699
2,VA1170000,"Norfolk, VA",robbery,-0.10674012224271302,-0.13825371754406554,0.039951817150553584
3,VA1170000,"Norfolk, VA",robbery,-0.12944676536406494,-0.1495220898383103,0.03993054061249345
4,VA1170000,"Norfolk, VA",robbery,-0.07056587126363142,-0.0471046442264408,0.03997684141793222
5,VA1170000,"Norfolk, VA",robbery,-0.006666007958024384,-0.002493118477260671,0.03993054061249345
6,VA1170000,"Norfolk, VA",robbery,0.022721889338011475,-0.027268135804119666,0.039951817150553584
7,VA1170000,"Norfolk, VA",robbery,0.04369013349377921,-0.008529605581138093,0.03987419780043698
8,VA1170000,"Norfolk, VA",robbery,0.06242505534559063,0.0447615765421577,0.03995181715055359
9,VA1170000,"Norfolk, VA",robbery,0.05616031175072153,0.04628493527234486,0.03993054061249346
10,VA1170000,"Norfolk, VA",robbery,0.041594484547410396,0.037359630662383195,0.03997684141793222
11,VA1170000,"Norfolk, VA",robbery,0.05098107485514673,0.09598525947916847,0.03993054061249345
12,VA1170000,"Norfolk, VA",robbery,0.05056456427533197,0.13050529037008513,0.039951817150553584
1,VA1200000,"Portsmouth, VA",robbery,-0.014718746777558186,0.015461768801093036,0.042187089956604716
2,VA1200000,"Portsmouth, VA",robbery,-0.10674012224271302,-0.10436510519135864,0.042306009517885074
3,VA1200000,"Portsmouth, VA",robbery,-0.12944676536406494,-0.16958581289197722,0.0423446007963401
4,VA1200000,"Portsmouth, VA",robbery,-0.07056587126363142,-0.14078723180425626,0.042365085429810385
5,VA1200000,"Portsmouth, VA",robbery,-0.006666007958024384,-0.05482071254179963,0.04234460079634011
6,VA1200000,"Portsmouth, VA",robbery,0.022721889338011475,0.012424696680395586,0.042306009517885074
7,VA1200000,"Portsmouth, VA",robbery,0.04369013349377921,0.025979703088537254,0.042187089956604716
8,VA1200000,"Portsmouth, VA",robbery,0.06242505534559063,0.019898010982849178,0.042306009517885074
9,VA1200000,"Portsmouth, VA",robbery,0.05616031175072153,0.04367724679383745,0.04234460079634011
10,VA1200000,"Portsmouth, VA",robbery,0.041594484547410396,0.09934575991462594,0.042365085429810385
11,VA1200000,"Portsmouth, VA",robbery,0.05098107485514673,0.13928780675030905,0.0423446007963401
12,VA1200000,"Portsmouth, VA",robbery,0.05056456427533197,0.11348386941774424,0.042306009517885074
1,VA1220000,"Richmond, VA",robbery,-0.014718746777558186,-0.026654976302240983,0.037854083819530246
2,VA1220000,"Richmond, VA",robbery,-0.10674012224271302,-0.14392763412272322,0.03805619384977849
3,VA1220000,"Richmond, VA",robbery,-0.12944676536406494,-0.10832622480663302,0.03797507152935124
4,VA1220000,"Richmond, VA",robbery,-0.07056587126363142,-0.03045450386616836,0.038030042019813436
5,VA1220000,"Richmond, VA",robbery,-0.006666007958024384,-0.03755247392970351,0.03797507152935124
6,VA1220000,"Richmond, VA",robbery,0.022721889338011475,-0.04795382227000253,0.03805619384977849
7,VA1220000,"Richmond, VA",robbery,0.04369013349377921,0.02632399880603101,0.037854083819530246
8,VA1220000,"Richmond, VA",robbery,0.06242505534559063,0.085735035916413,0.03805619384977849
9,VA1220000,"Richmond, VA",robbery,0.05616031175072153,0.05046460409653278,0.03797507152935124
10,VA1220000,"Richmond, VA",robbery,0.041594484547410396,0.030785481362378297,0.038030042019813436
11,VA1220000,"Richmond, VA",robbery,0.05098107485514673,0.09574507213601366,0.03797507152935124
12,VA1220000,"Richmond, VA",robbery,0.05056456427533197,0.10581544298010287,0.03805619384977849
1,VA1230000,"Roanoke, VA",robbery,-0.014718746777558186,0.010708107143480918,0.046760541659998454
2,VA1230000,"Roanoke, VA",robbery,-0.10674012224271302,-0.12180508086712888,0.04678392448432073
3,VA1230000,"Roanoke, VA",robbery,-0.12944676536406494,-0.163435024588676,0.04681966701413998
4,VA1230000,"Roanoke, VA",robbery,-0.07056587126363142,-0.07147786617810668,0.04679498333414822
5,VA1230000,"Roanoke, VA",robbery,-0.006666007958024384,0.0049360711108640916,0.04681966701413999
6,VA1230000,"Roanoke, VA",robbery,0.022721889338011475,-0.008297175202305102,0.04678392448432073
7,VA1230000,"Roanoke, VA",robbery,0.04369013349377921,-0.006691304131402177,0.04676054165999845
8,VA1230000,"Roanoke, VA",robbery,0.06242505534559063,0.06148205021603662,0.04678392448432073
9,VA1230000,"Roanoke, VA",robbery,0.05616031175072153,0.09909519092550502,0.04681966701413999
10,VA1230000,"Roanoke, VA",robbery,0.041594484547410396,0.06746106316602796,0.04679498333414822
11,VA1230000,"Roanoke, VA",robbery,0.05098107485514673,0.055386959540228126,0.04681966701413998
12,VA1230000,"Roanoke, VA",robbery,0.05056456427533197,0.07263700886547608,0.04678392448432073
1,VA1270000,"Suffolk, VA",robbery,-0.014718746777558186,-0.020275973517255415,0.04916203693464946
2,VA1270000,"Suffolk, VA",robbery,-0.10674012224271302,-0.10684243176469684,0.04919975199591572
3,VA1270000,"Suffolk, VA",robbery,-0.12944676536406494,-0.10086261456449212,0.04919655938379569
4,VA1270000,"Suffolk, VA",robbery,-0.07056587126363142,-0.0399492875889811,0.049197070929698494
5,VA1270000,"Suffolk, VA",robbery,-0.006666007958024384,-0.004168924718380944,0.0491965593837957
6,VA1270000,"Suffolk, VA",robbery,0.022721889338011475,0.006349711397919042,0.04919975199591572
7,VA1270000,"Suffolk, VA",robbery,0.04369013349377921,0.024452369129574228,0.049162036934649454
8,VA1270000,"Suffolk, VA",robbery,0.06242505534559063,0.03430123237948757,0.04919975199591572
9,VA1270000,"Suffolk, VA",robbery,0.05616031175072153,0.024145019566964042,0.049196559383795704
10,VA1270000,"Suffolk, VA",robbery,0.041594484547410396,0.03577289197666228,0.049197070929698494
11,VA1270000,"Suffolk, VA",robbery,0.05098107485514673,0.07671012410359017,0.04919655938379569
12,VA1270000,"Suffolk, VA",robbery,0.05056456427533197,0.07036788359960909,0.04919975199591572
1,VA1280000,"Virginia Beach, VA",robbery,-0.014718746777558186,0.014730835099326984,0.043151873823605066
2,VA1280000,"Virginia Beach, VA",robbery,-0.10674012224271302,-0.12888877530366954,0.043316008572992816
3,VA1280000,"Virginia Beach, VA",robbery,-0.12944676536406494,-0.1910150160712319,0.04334487644742757
4,VA1280000,"Virginia Beach, VA",robbery,-0.07056587126363142,-0.09855004917721494,0.04332687448285885
5,VA1280000,"Virginia Beach, VA",robbery,-0.006666007958024384,0.0064257460872784,0.04334487644742758
6,VA1280000,"Virginia Beach, VA",robbery,0.022721889338011475,0.019606204236592786,0.043316008572992816
7,VA1280000,"Virginia Beach, VA",robbery,0.04369013349377921,0.02170194957865399,0.04315187382360505
8,VA1280000,"Virginia Beach, VA",robbery,0.06242505534559063,0.07499409003848555,0.043316008572992816
9,VA1280000,"Virginia Beach, VA",robbery,0.05616031175072153,0.10068754612806693,0.04334487644742758
10,VA1280000,"Virginia Beach, VA",robbery,0.041594484547410396,0.06211726449923398,0.04332687448285885
11,VA1280000,"Virginia Beach, VA",robbery,0.05098107485514673,0.04746893917790556,0.04334487644742757
12,VA1280000,"Virginia Beach, VA",robbery,0.05056456427533197,0.07072126570657217,0.04331600857299281
1,VT0040100,"Burlington, VT",robbery,-0.014718746777558186,-0.03601543758545714,0.0530948326824632
2,VT0040100,"Burlington, VT",robbery,-0.10674012224271302,-0.14317906053486051,0.05312413159799863
3,VT0040100,"Burlington, VT",robbery,-0.12944676536406494,-0.1416115568024081,0.053107000629659076
4,VT0040100,"Burlington, VT",robbery,-0.07056587126363142,-0.05449257585662283,0.05311592232326428
5,VT0040100,"Burlington, VT",robbery,-0.006666007958024384,0.0066781948210031875,0.05310700062965908
6,VT0040100,"Burlington, VT",robbery,0.022721889338011475,0.02231106606489514,0.05312413159799863
7,VT0040100,"Burlington, VT",robbery,0.04369013349377921,0.046556488465458984,0.05309483268246319
8,VT0040100,"Burlington, VT",robbery,0.06242505534559063,0.07225865882776282,0.053124131597998635
9,VT0040100,"Burlington, VT",robbery,0.05616031175072153,0.06015010421530857,0.05310700062965908
10,VT0040100,"Burlington, VT",robbery,0.041594484547410396,0.04395152497662098,0.05311592232326428
11,VT0040100,"Burlington, VT",robbery,0.05098107485514673,0.06424220688609447,0.053107000629659076
12,VT0040100,"Burlington, VT",robbery,0.05056456427533197,0.05915038652220446,0.05312413159799863
1,WA0030200,"Richland, WA",robbery,-0.014718746777558186,-6.271970593704545e-4,0.05277330151682253
2,WA0030200,"Richland, WA",robbery,-0.10674012224271302,-0.13119233627068416,0.05281946501822633
3,WA0030200,"Richland, WA",robbery,-0.12944676536406494,-0.1708839022431272,0.05282432402421775
4,WA0030200,"Richland, WA",robbery,-0.07056587126363142,-0.08239297085316456,0.05280926798977686
5,WA0030200,"Richland, WA",robbery,-0.006666007958024384,0.015338360174901469,0.052824324024217766
6,WA0030200,"Richland, WA",robbery,0.022721889338011475,0.04185793420380934,0.05281946501822633
7,WA0030200,"Richland, WA",robbery,0.04369013349377921,0.04240691459179404,0.052773301516822524
8,WA0030200,"Richland, WA",robbery,0.06242505534559063,0.055810889920502135,0.05281946501822633
9,WA0030200,"Richland, WA",robbery,0.05616031175072153,0.05372273836052157,0.052824324024217766
10,WA0030200,"Richland, WA",robbery,0.041594484547410396,0.04061325332074098,0.05280926798977686
11,WA0030200,"Richland, WA",robbery,0.05098107485514673,0.06004308617528053,0.05282432402421775
12,WA0030200,"Richland, WA",robbery,0.05056456427533197,0.0753032296787963,0.05281946501822633
1,WA0171200,"Redmond, WA",robbery,-0.014718746777558186,-0.003930776718777731,0.05190851994468429
2,WA0171200,"Redmond, WA",robbery,-0.10674012224271302,-0.10864981045369732,0.05196302838242283
3,WA0171200,"Redmond, WA",robbery,-0.12944676536406494,-0.12729301129336046,0.05195064348058921
4,WA0171200,"Redmond, WA",robbery,-0.07056587126363142,-0.06134429814731762,0.05196513126197154
5,WA0171200,"Redmond, WA",robbery,-0.006666007958024384,-0.013102748578637382,0.05195064348058922
6,WA0171200,"Redmond, WA",robbery,0.022721889338011475,4.39481666289745e-4,0.05196302838242283
7,WA0171200,"Redmond, WA",robbery,0.04369013349377921,0.03746305086313039,0.05190851994468428
8,WA0171200,"Redmond, WA",robbery,0.06242505534559063,0.07983973085901296,0.05196302838242284
9,WA0171200,"Redmond, WA",robbery,0.05616031175072153,0.06495065755432344,0.051950643480589226
10,WA0171200,"Redmond, WA",robbery,0.041594484547410396,0.027812024002964963,0.05196513126197154
11,WA0171200,"Redmond, WA",robbery,0.05098107485514673,0.0419128281733217,0.05195064348058921
12,WA0171200,"Redmond, WA",robbery,0.05056456427533197,0.0619028720727473,0.05196302838242283
1,WA0270300,"Tacoma, WA",robbery,-0.014718746777558186,0.008968824155919335,0.03588427271870491
2,WA0270300,"Tacoma, WA",robbery,-0.10674012224271302,-0.05876928005472387,0.03595596337565151
3,WA0270300,"Tacoma, WA",robbery,-0.12944676536406494,-0.09374558189377509,0.035935500372323445
4,WA0270300,"Tacoma, WA",robbery,-0.07056587126363142,-0.08566112058203426,0.035994720968369295
5,WA0270300,"Tacoma, WA",robbery,-0.006666007958024384,-0.059470766776751435,0.035935500372323445
6,WA0270300,"Tacoma, WA",robbery,0.022721889338011475,-0.02675032329194441,0.03595596337565151
7,WA0270300,"Tacoma, WA",robbery,0.04369013349377921,0.014353753590161859,0.0358842727187049
8,WA0270300,"Tacoma, WA",robbery,0.06242505534559063,0.04884912238898387,0.03595596337565151
9,WA0270300,"Tacoma, WA",robbery,0.05616031175072153,0.06050284648195389,0.03593550037232345
10,WA0270300,"Tacoma, WA",robbery,0.041594484547410396,0.06233854283595307,0.035994720968369295
11,WA0270300,"Tacoma, WA",robbery,0.05098107485514673,0.06939092444249141,0.035935500372323445
12,WA0270300,"Tacoma, WA",robbery,0.05056456427533197,0.05999305870376565,0.03595596337565151
1,WA0310300,"Everett, WA",robbery,-0.014718746777558186,0.042736020161441936,0.046726126045457915
2,WA0310300,"Everett, WA",robbery,-0.10674012224271302,-0.04587891782863104,0.046823466037672054
3,WA0310300,"Everett, WA",robbery,-0.12944676536406494,-0.12286997652045609,0.046864046582286704
4,WA0310300,"Everett, WA",robbery,-0.07056587126363142,-0.07380888033848308,0.046859866556750944
5,WA0310300,"Everett, WA",robbery,-0.006666007958024384,0.01345770312365544,0.046864046582286704
6,WA0310300,"Everett, WA",robbery,0.022721889338011475,0.02217233611689896,0.046823466037672054
7,WA0310300,"Everett, WA",robbery,0.04369013349377921,0.0069416085445854255,0.046726126045457915
8,WA0310300,"Everett, WA",robbery,0.06242505534559063,0.047037734637835074,0.04682346603767206
9,WA0310300,"Everett, WA",robbery,0.05616031175072153,0.07435116462363281,0.04686404658228671
10,WA0310300,"Everett, WA",robbery,0.041594484547410396,0.024131251632455764,0.046859866556750944
11,WA0310300,"Everett, WA",robbery,0.05098107485514673,-0.014616519932859501,0.046864046582286704
12,WA0310300,"Everett, WA",robbery,0.05056456427533197,0.02634647577992429,0.046823466037672054
1,WA0340000,"Thurston, WA",robbery,-0.014718746777558186,-0.0037136947513395887,0.052578639936163275
2,WA0340000,"Thurston, WA",robbery,-0.10674012224271302,-0.11692897678200471,0.05262199336122182
3,WA0340000,"Thurston, WA",robbery,-0.12944676536406494,-0.13116259420405843,0.0526068889971591
4,WA0340000,"Thurston, WA",robbery,-0.07056587126363142,-0.058016406786478084,0.0526221581961888
5,WA0340000,"Thurston, WA",robbery,-0.006666007958024384,-0.004798734527145865,0.05260688899715912
6,WA0340000,"Thurston, WA",robbery,0.022721889338011475,0.008728114123278612,0.05262199336122182
7,WA0340000,"Thurston, WA",robbery,0.04369013349377921,0.03447181393906669,0.05257863993616327
8,WA0340000,"Thurston, WA",robbery,0.06242505534559063,0.05977878449475853,0.05262199336122182
9,WA0340000,"Thurston, WA",robbery,0.05616031175072153,0.04325428272908513,0.05260688899715912
10,WA0340000,"Thurston, WA",robbery,0.041594484547410396,0.027258287598750968,0.0526221581961888
11,WA0340000,"Thurston, WA",robbery,0.05098107485514673,0.061948926814392014,0.0526068889971591
12,WA0340000,"Thurston, WA",robbery,0.05056456427533197,0.07918019735169472,0.05262199336122182
1,WA0370100,"Bellingham, WA",robbery,-0.014718746777558186,0.022290479133931958,0.04741396264887774
2,WA0370100,"Bellingham, WA",robbery,-0.10674012224271302,-0.06105537689581919,0.04755566840592219
3,WA0370100,"Bellingham, WA",robbery,-0.12944676536406494,-0.1447020347304312,0.04753938546301166
4,WA0370100,"Bellingham, WA",robbery,-0.07056587126363142,-0.12126602159325028,0.04758436606113327
5,WA0370100,"Bellingham, WA",robbery,-0.006666007958024384,-0.02749432385206957,0.04753938546301167
6,WA0370100,"Bellingham, WA",robbery,0.022721889338011475,0.0267618877095468,0.04755566840592219
7,WA0370100,"Bellingham, WA",robbery,0.04369013349377921,0.036250019282091886,0.04741396264887773
8,WA0370100,"Bellingham, WA",robbery,0.06242505534559063,0.06172554420347419,0.04755566840592219
9,WA0370100,"Bellingham, WA",robbery,0.05616031175072153,0.08683170362206237,0.04753938546301167
10,WA0370100,"Bellingham, WA",robbery,0.041594484547410396,0.06272552317722646,0.04758436606113327
11,WA0370100,"Bellingham, WA",robbery,0.05098107485514673,0.026824156544414536,0.04753938546301166
12,WA0370100,"Bellingham, WA",robbery,0.05056456427533197,0.031108443398822024,0.04755566840592219
1,WA0390500,"Yakima, WA",robbery,-0.014718746777558186,-0.07405939077110285,0.046874054683117485
2,WA0390500,"Yakima, WA",robbery,-0.10674012224271302,-0.13190654317313652,0.046949876307799635
3,WA0390500,"Yakima, WA",robbery,-0.12944676536406494,-0.10418172034117004,0.04689684217743384
4,WA0390500,"Yakima, WA",robbery,-0.07056587126363142,-0.04598771064954516,0.04693310281291611
5,WA0390500,"Yakima, WA",robbery,-0.006666007958024384,-0.014985831583108596,0.046896842177433846
6,WA0390500,"Yakima, WA",robbery,0.022721889338011475,0.006929380149298424,0.046949876307799635
7,WA0390500,"Yakima, WA",robbery,0.04369013349377921,0.045240817886780055,0.04687405468311748
8,WA0390500,"Yakima, WA",robbery,0.06242505534559063,0.0738189008523207,0.046949876307799635
9,WA0390500,"Yakima, WA",robbery,0.05616031175072153,0.07491265090467701,0.04689684217743385
10,WA0390500,"Yakima, WA",robbery,0.041594484547410396,0.07480628353386795,0.04693310281291611
11,WA0390500,"Yakima, WA",robbery,0.05098107485514673,0.07307347390392437,0.04689684217743384
12,WA0390500,"Yakima, WA",robbery,0.05056456427533197,0.022339689287194677,0.046949876307799635
1,WASPD0000,"Seattle, WA",robbery,-0.014718746777558186,-0.05666196629219778,0.02981543306994346
2,WASPD0000,"Seattle, WA",robbery,-0.10674012224271302,-0.11507658478273465,0.029891611648905133
3,WASPD0000,"Seattle, WA",robbery,-0.12944676536406494,-0.12825878518822448,0.029884455135408054
4,WASPD0000,"Seattle, WA",robbery,-0.07056587126363142,-0.08726082504483865,0.029911863184621655
5,WASPD0000,"Seattle, WA",robbery,-0.006666007958024384,-0.026368770990808588,0.029884455135408057
6,WASPD0000,"Seattle, WA",robbery,0.022721889338011475,0.022799226617521734,0.029891611648905133
7,WASPD0000,"Seattle, WA",robbery,0.04369013349377921,0.0594589724202447,0.029815433069943456
8,WASPD0000,"Seattle, WA",robbery,0.06242505534559063,0.08806591548447903,0.029891611648905133
9,WASPD0000,"Seattle, WA",robbery,0.05616031175072153,0.09845110976192195,0.029884455135408057
10,WASPD0000,"Seattle, WA",robbery,0.041594484547410396,0.08446381891679172,0.029911863184621655
11,WASPD0000,"Seattle, WA",robbery,0.05098107485514673,0.05337944028906415,0.029884455135408054
12,WASPD0000,"Seattle, WA",robbery,0.05056456427533197,0.007008448808780872,0.029891611648905133
1,WI0050200,"Green Bay, WI",robbery,-0.014718746777558186,-0.04737009414606834,0.05058163779564507
2,WI0050200,"Green Bay, WI",robbery,-0.10674012224271302,-0.13283128265026845,0.05065089961158626
3,WI0050200,"Green Bay, WI",robbery,-0.12944676536406494,-0.1412846620678868,0.0506230531359222
4,WI0050200,"Green Bay, WI",robbery,-0.07056587126363142,-0.06666151309030385,0.050628953588243326
5,WI0050200,"Green Bay, WI",robbery,-0.006666007958024384,0.019373912188169504,0.0506230531359222
6,WI0050200,"Green Bay, WI",robbery,0.022721889338011475,0.055890497637764214,0.05065089961158626
7,WI0050200,"Green Bay, WI",robbery,0.04369013349377921,0.04980654139306058,0.050581637795645056
8,WI0050200,"Green Bay, WI",robbery,0.06242505534559063,0.03973842643516744,0.05065089961158626
9,WI0050200,"Green Bay, WI",robbery,0.05616031175072153,0.04575535860579357,0.050623053135922205
10,WI0050200,"Green Bay, WI",robbery,0.041594484547410396,0.06422506584331161,0.050628953588243326
11,WI0050200,"Green Bay, WI",robbery,0.05098107485514673,0.07371894402693145,0.0506230531359222
12,WI0050200,"Green Bay, WI",robbery,0.05056456427533197,0.03963880582432909,0.05065089961158626
1,WI0130100,"Madison, WI",robbery,-0.014718746777558186,0.01078546515106611,0.04365496569832412
2,WI0130100,"Madison, WI",robbery,-0.10674012224271302,-0.15151580117457242,0.043801283956603966
3,WI0130100,"Madison, WI",robbery,-0.12944676536406494,-0.1815905085359219,0.04382181496320734
4,WI0130100,"Madison, WI",robbery,-0.07056587126363142,-0.07519466324689117,0.04385746910366806
5,WI0130100,"Madison, WI",robbery,-0.006666007958024384,-0.017165712024521832,0.04382181496320734
6,WI0130100,"Madison, WI",robbery,0.022721889338011475,-0.03038842917646714,0.043801283956603966
7,WI0130100,"Madison, WI",robbery,0.04369013349377921,0.021896188533489135,0.04365496569832411
8,WI0130100,"Madison, WI",robbery,0.06242505534559063,0.12105216821715627,0.043801283956603966
9,WI0130100,"Madison, WI",robbery,0.05616031175072153,0.11844522189395053,0.04382181496320735
10,WI0130100,"Madison, WI",robbery,0.041594484547410396,0.04251300956233594,0.04385746910366806
11,WI0130100,"Madison, WI",robbery,0.05098107485514673,0.047629344981937924,0.04382181496320734
12,WI0130100,"Madison, WI",robbery,0.05056456427533197,0.09353371581843853,0.04380128395660396
1,WI0180100,"Eau Claire, WI",robbery,-0.014718746777558186,-0.008399051095753124,0.05284993692636645
2,WI0180100,"Eau Claire, WI",robbery,-0.10674012224271302,-0.10062863022728036,0.05289287577009795
3,WI0180100,"Eau Claire, WI",robbery,-0.12944676536406494,-0.13355271952755757,0.052891769118712496
4,WI0180100,"Eau Claire, WI",robbery,-0.07056587126363142,-0.08977440677616183,0.05291216125383796
5,WI0180100,"Eau Claire, WI",robbery,-0.006666007958024384,-0.026790349322334855,0.0528917691187125
6,WI0180100,"Eau Claire, WI",robbery,0.022721889338011475,0.02154475679713927,0.05289287577009795
7,WI0180100,"Eau Claire, WI",robbery,0.04369013349377921,0.06055295820080704,0.05284993692636644
8,WI0180100,"Eau Claire, WI",robbery,0.06242505534559063,0.07767055262329751,0.05289287577009795
9,WI0180100,"Eau Claire, WI",robbery,0.05616031175072153,0.0584407348185208,0.05289176911871251
10,WI0180100,"Eau Claire, WI",robbery,0.041594484547410396,0.03762049967110791,0.05291216125383796
11,WI0180100,"Eau Claire, WI",robbery,0.05098107485514673,0.04974842692631767,0.052891769118712496
12,WI0180100,"Eau Claire, WI",robbery,0.05056456427533197,0.05356722791189754,0.05289287577009795
1,WI0300100,"Kenosha, WI",robbery,-0.014718746777558186,-0.03485622956730289,0.049542955404482426
2,WI0300100,"Kenosha, WI",robbery,-0.10674012224271302,-0.12115029518165601,0.04962434528203555
3,WI0300100,"Kenosha, WI",robbery,-0.12944676536406494,-0.12750695393917774,0.04961882448424589
4,WI0300100,"Kenosha, WI",robbery,-0.07056587126363142,-0.07106361906894489,0.04964022149139084
5,WI0300100,"Kenosha, WI",robbery,-0.006666007958024384,-0.018600924327081107,0.049618824484245906
6,WI0300100,"Kenosha, WI",robbery,0.022721889338011475,0.023478863489768263,0.04962434528203555
7,WI0300100,"Kenosha, WI",robbery,0.04369013349377921,0.07110398334694198,0.04954295540448242
8,WI0300100,"Kenosha, WI",robbery,0.06242505534559063,0.09059065423360618,0.04962434528203555
9,WI0300100,"Kenosha, WI",robbery,0.05616031175072153,0.06069955921148884,0.049618824484245906
10,WI0300100,"Kenosha, WI",robbery,0.041594484547410396,0.03481586528930578,0.04964022149139084
11,WI0300100,"Kenosha, WI",robbery,0.05098107485514673,0.049160565275130894,0.04961882448424589
12,WI0300100,"Kenosha, WI",robbery,0.05056456427533197,0.04332853123792072,0.04962434528203555
1,WI0320100,"La Crosse, WI",robbery,-0.014718746777558186,-0.0533762167472034,0.05277977000005188
2,WI0320100,"La Crosse, WI",robbery,-0.10674012224271302,-0.14909537954321478,0.05280004997268586
3,WI0320100,"La Crosse, WI",robbery,-0.12944676536406494,-0.14780089527349122,0.05277905215914546
4,WI0320100,"La Crosse, WI",robbery,-0.07056587126363142,-0.06525041890267767,0.0527962901018614
5,WI0320100,"La Crosse, WI",robbery,-0.006666007958024384,-0.008445379153584044,0.05277905215914547
6,WI0320100,"La Crosse, WI",robbery,0.022721889338011475,0.0064590791988693545,0.05280004997268586
7,WI0320100,"La Crosse, WI",robbery,0.04369013349377921,0.04651698697053122,0.05277977000005187
8,WI0320100,"La Crosse, WI",robbery,0.06242505534559063,0.10443979272029402,0.05280004997268586
9,WI0320100,"La Crosse, WI",robbery,0.05616031175072153,0.11000453822724263,0.05277905215914547
10,WI0320100,"La Crosse, WI",robbery,0.041594484547410396,0.07210964867934984,0.0527962901018614
11,WI0320100,"La Crosse, WI",robbery,0.05098107485514673,0.053100965976504745,0.05277905215914546
12,WI0320100,"La Crosse, WI",robbery,0.05056456427533197,0.031337277847379275,0.05280004997268586
1,WI0411600,"West Allis, WI",robbery,-0.014718746777558186,-0.028714822377566465,0.04908821040246294
2,WI0411600,"West Allis, WI",robbery,-0.10674012224271302,-0.12248252150442689,0.04916899081815569
3,WI0411600,"West Allis, WI",robbery,-0.12944676536406494,-0.13010006943740393,0.04915598976795701
4,WI0411600,"West Allis, WI",robbery,-0.07056587126363142,-0.0602447528049148,0.04916573878823412
5,WI0411600,"West Allis, WI",robbery,-0.006666007958024384,-0.0027053118510889772,0.049155989767957015
6,WI0411600,"West Allis, WI",robbery,0.022721889338011475,0.01858250666608858,0.04916899081815569
7,WI0411600,"West Allis, WI",robbery,0.04369013349377921,0.04411306360286172,0.04908821040246293
8,WI0411600,"West Allis, WI",robbery,0.06242505534559063,0.06992741940511557,0.04916899081815569
9,WI0411600,"West Allis, WI",robbery,0.05616031175072153,0.062146726112797375,0.049155989767957015
10,WI0411600,"West Allis, WI",robbery,0.041594484547410396,0.04484651157961954,0.04916573878823412
11,WI0411600,"West Allis, WI",robbery,0.05098107485514673,0.05526041395040024,0.04915598976795701
12,WI0411600,"West Allis, WI",robbery,0.05056456427533197,0.049370836658518026,0.04916899081815569
1,WI0450100,"Appleton, WI",robbery,-0.014718746777558186,-0.03988856565514656,0.05316348115231887
2,WI0450100,"Appleton, WI",robbery,-0.10674012224271302,-0.1300024022939535,0.05319851959881276
3,WI0450100,"Appleton, WI",robbery,-0.12944676536406494,-0.11883287337186925,0.05319131611851823
4,WI0450100,"Appleton, WI",robbery,-0.07056587126363142,-0.036294487926078756,0.053204060657125
5,WI0450100,"Appleton, WI",robbery,-0.006666007958024384,0.018671311363491677,0.05319131611851824
6,WI0450100,"Appleton, WI",robbery,0.022721889338011475,0.03724212077090688,0.05319851959881276
7,WI0450100,"Appleton, WI",robbery,0.04369013349377921,0.06211559390140913,0.05316348115231886
8,WI0450100,"Appleton, WI",robbery,0.06242505534559063,0.0725856089229205,0.05319851959881276
9,WI0450100,"Appleton, WI",robbery,0.05616031175072153,0.03918905175457369,0.05319131611851824
10,WI0450100,"Appleton, WI",robbery,0.041594484547410396,0.014067459679816182,0.053204060657125
11,WI0450100,"Appleton, WI",robbery,0.05098107485514673,0.03874548200754128,0.05319131611851823
12,WI0450100,"Appleton, WI",robbery,0.05056456427533197,0.04240170084638874,0.05319851959881276
1,WI0520200,"Racine, WI",robbery,-0.014718746777558186,-0.016063792899128043,0.04879064590029207
2,WI0520200,"Racine, WI",robbery,-0.10674012224271302,-0.08711150111434143,0.048981362017458806
3,WI0520200,"Racine, WI",robbery,-0.12944676536406494,-0.11126975252565444,0.048986098971770003
4,WI0520200,"Racine, WI",robbery,-0.07056587126363142,-0.08669304359618979,0.048933481597353466
5,WI0520200,"Racine, WI",robbery,-0.006666007958024384,-0.06435171967447219,0.04898609897177002
6,WI0520200,"Racine, WI",robbery,0.022721889338011475,-0.025099574680582458,0.048981362017458806
7,WI0520200,"Racine, WI",robbery,0.04369013349377921,0.06684756247132952,0.048790645900292064
8,WI0520200,"Racine, WI",robbery,0.06242505534559063,0.14313183508910898,0.048981362017458806
9,WI0520200,"Racine, WI",robbery,0.05616031175072153,0.11650631692822055,0.04898609897177002
10,WI0520200,"Racine, WI",robbery,0.041594484547410396,0.035909274023988316,0.048933481597353466
11,WI0520200,"Racine, WI",robbery,0.05098107485514673,0.008331385699704564,0.048986098971770003
12,WI0520200,"Racine, WI",robbery,0.05056456427533197,0.019863010278016395,0.048981362017458806
1,WI0540200,"Janesville, WI",robbery,-0.014718746777558186,-0.02085892462781913,0.05258523012317732
2,WI0540200,"Janesville, WI",robbery,-0.10674012224271302,-0.13179213064169126,0.052619582417314445
3,WI0540200,"Janesville, WI",robbery,-0.12944676536406494,-0.16701187481509,0.05261668040197883
4,WI0540200,"Janesville, WI",robbery,-0.07056587126363142,-0.08057770218179357,0.05260814446072044
5,WI0540200,"Janesville, WI",robbery,-0.006666007958024384,0.019912409453636325,0.05261668040197884
6,WI0540200,"Janesville, WI",robbery,0.022721889338011475,0.04461293343617682,0.052619582417314445
7,WI0540200,"Janesville, WI",robbery,0.04369013349377921,0.03847831972027672,0.05258523012317731
8,WI0540200,"Janesville, WI",robbery,0.06242505534559063,0.05962246928883015,0.052619582417314445
9,WI0540200,"Janesville, WI",robbery,0.05616031175072153,0.07722281836977132,0.052616680401978845
10,WI0540200,"Janesville, WI",robbery,0.041594484547410396,0.06295830708933597,0.05260814446072044
11,WI0540200,"Janesville, WI",robbery,0.05098107485514673,0.05225725189922474,0.05261668040197883
12,WI0540200,"Janesville, WI",robbery,0.05056456427533197,0.045176123009141894,0.052619582417314445
1,WI0680500,"Waukesha, WI",robbery,-0.014718746777558186,-0.013767495717744832,0.05385982912532476
2,WI0680500,"Waukesha, WI",robbery,-0.10674012224271302,-0.11024621590157398,0.053884428524412616
3,WI0680500,"Waukesha, WI",robbery,-0.12944676536406494,-0.12614760339976858,0.053879771446363495
4,WI0680500,"Waukesha, WI",robbery,-0.07056587126363142,-0.06686177985696988,0.05389094146671903
5,WI0680500,"Waukesha, WI",robbery,-0.006666007958024384,-0.011771638438473722,0.0538797714463635
6,WI0680500,"Waukesha, WI",robbery,0.022721889338011475,0.021015881259993582,0.053884428524412616
7,WI0680500,"Waukesha, WI",robbery,0.04369013349377921,0.057286988313061574,0.053859829125324755
8,WI0680500,"Waukesha, WI",robbery,0.06242505534559063,0.07473920971930724,0.053884428524412616
9,WI0680500,"Waukesha, WI",robbery,0.05616031175072153,0.04712110462218513,0.05387977144636351
10,WI0680500,"Waukesha, WI",robbery,0.041594484547410396,0.02334228726165313,0.05389094146671903
11,WI0680500,"Waukesha, WI",robbery,0.05098107485514673,0.04727864462074041,0.053879771446363495
12,WI0680500,"Waukesha, WI",robbery,0.05056456427533197,0.05801061751758994,0.053884428524412616
1,WI0710300,"Oshkosh, WI",robbery,-0.014718746777558186,-0.024473558714658967,0.053236632553885783
2,WI0710300,"Oshkosh, WI",robbery,-0.10674012224271302,-0.1084735127387444,0.053274061656282186
3,WI0710300,"Oshkosh, WI",robbery,-0.12944676536406494,-0.1405507403701,0.05326909959848463
4,WI0710300,"Oshkosh, WI",robbery,-0.07056587126363142,-0.08974401621148839,0.05327488125245061
5,WI0710300,"Oshkosh, WI",robbery,-0.006666007958024384,-0.018283577715043093,0.05326909959848464
6,WI0710300,"Oshkosh, WI",robbery,0.022721889338011475,0.021890064647889788,0.053274061656282186
7,WI0710300,"Oshkosh, WI",robbery,0.04369013349377921,0.04916481867025236,0.053236632553885777
8,WI0710300,"Oshkosh, WI",robbery,0.06242505534559063,0.07998755132825226,0.053274061656282186
9,WI0710300,"Oshkosh, WI",robbery,0.05616031175072153,0.0873735190040145,0.053269099598484644
10,WI0710300,"Oshkosh, WI",robbery,0.041594484547410396,0.065052756255895,0.05327488125245061
11,WI0710300,"Oshkosh, WI",robbery,0.05098107485514673,0.046769539125535185,0.05326909959848464
12,WI0710300,"Oshkosh, WI",robbery,0.05056456427533197,0.03128715671819577,0.053274061656282186
1,WIMPD0000,"Milwaukee, WI",robbery,-0.014718746777558186,-0.07057458269009183,0.02961341270854955
2,WIMPD0000,"Milwaukee, WI",robbery,-0.10674012224271302,-0.1929145173374323,0.029695102882104807
3,WIMPD0000,"Milwaukee, WI",robbery,-0.12944676536406494,-0.21738503482300717,0.029701952185127185
4,WIMPD0000,"Milwaukee, WI",robbery,-0.07056587126363142,-0.12109758823863434,0.029707047203721953
5,WIMPD0000,"Milwaukee, WI",robbery,-0.006666007958024384,-0.016797551516803247,0.029701952185127188
6,WIMPD0000,"Milwaukee, WI",robbery,0.022721889338011475,0.034995819261533535,0.029695102882104807
7,WIMPD0000,"Milwaukee, WI",robbery,0.04369013349377921,0.08560704540546632,0.029613412708549548
8,WIMPD0000,"Milwaukee, WI",robbery,0.06242505534559063,0.14854477197731158,0.02969510288210481
9,WIMPD0000,"Milwaukee, WI",robbery,0.05616031175072153,0.15798282674751202,0.02970195218512719
10,WIMPD0000,"Milwaukee, WI",robbery,0.041594484547410396,0.10606512552325986,0.029707047203721953
11,WIMPD0000,"Milwaukee, WI",robbery,0.05098107485514673,0.06116729687692386,0.029701952185127185
12,WIMPD0000,"Milwaukee, WI",robbery,0.05056456427533197,0.024406388813961698,0.029695102882104807
1,WY0110100,"Cheyenne, WY",robbery,-0.014718746777558186,-0.03158316267503762,0.05221491101135567
2,WY0110100,"Cheyenne, WY",robbery,-0.10674012224271302,-0.09025488627647832,0.05227148069034388
3,WY0110100,"Cheyenne, WY",robbery,-0.12944676536406494,-0.12247047839939827,0.05225103085334317
4,WY0110100,"Cheyenne, WY",robbery,-0.07056587126363142,-0.08567486382086406,0.052255694282599706
5,WY0110100,"Cheyenne, WY",robbery,-0.006666007958024384,-0.015458856686340833,0.05225103085334318
6,WY0110100,"Cheyenne, WY",robbery,0.022721889338011475,0.026802642804598188,0.05227148069034388
7,WY0110100,"Cheyenne, WY",robbery,0.04369013349377921,0.04278086935524991,0.05221491101135566
8,WY0110100,"Cheyenne, WY",robbery,0.06242505534559063,0.06665640274794117,0.05227148069034388
9,WY0110100,"Cheyenne, WY",robbery,0.05616031175072153,0.08767428819064886,0.052251030853343185
10,WY0110100,"Cheyenne, WY",robbery,0.041594484547410396,0.07447715714065178,0.052255694282599706
11,WY0110100,"Cheyenne, WY",robbery,0.05098107485514673,0.03905734021487793,0.05225103085334317
12,WY0110100,"Cheyenne, WY",robbery,0.05056456427533197,0.007993547404151265,0.05227148069034388
