date,crime_type,trend_rate,global_rate,city_fitted_rate,seasonal_rate_delta,time_effect_logit,time_effect_rate_delta,global_time_rate,count,population,observed_rate,observed_minus_global_rate,global_residual_rate,remainder_rate
2017-01-01,murder,3.36328385951508,3.171209515728732,7.859673589535313,-0.19207434378634833,0.019286276163976764,0.06175424829574617,3.232963764024478,812,119439049,8.158135954347728,4.986926438618996,0.06175424829574617,0.06175424829574617
2017-02-01,murder,3.2984324791734836,2.8806090777421547,7.135838684545616,-0.4178234014313286,-0.053331071077872126,-0.14960097153919402,2.731008106202961,644,119439049,6.470245756896473,3.589636679154318,-0.14960097153919402,-0.14960097153919402
2017-03-01,murder,3.2412042207172873,2.8359813564192327,7.056977720014805,-0.4052228642980546,-0.007258841024905106,-0.02051135512040355,2.815470001298829,693,119439049,6.962547064486422,4.12656570806719,-0.02051135512040355,-0.02051135512040355
2017-04-01,murder,3.179591994610986,3.0416567368716803,7.654001347010825,-0.13793525773930573,-0.023091136877387633,-0.06943043919308323,2.972226297678597,735,119290746,7.393700094724867,4.352043357853187,-0.06943043919308323,-0.06943043919308323
2017-05-01,murder,3.121949022997801,3.27972090728133,8.349293583958202,0.15777188428352903,-0.004655659320372601,-0.015233732620851356,3.2644871746604784,817,119439049,8.208370781652825,4.928649874371494,-0.015233732620851356,-0.015233732620851356
2017-06-01,murder,3.064661610778041,3.3781217572576634,8.658628652538686,0.3134601464796223,-0.03934236014817854,-0.13032251618198945,3.2477992410756737,818,119439049,8.218417747113843,4.84029598985618,-0.13032251618198945,-0.13032251618198945
2017-07-01,murder,3.011627520597713,3.365793537067428,8.618615131133856,0.35416601646971474,0.012023355273526503,0.040712275219212175,3.40650581228664,882,119439049,8.861423536619084,5.495629999551656,0.040712275219212175,0.040712275219212175
2017-08-01,murder,2.959505672903341,3.2471427000209245,8.297132883173072,0.2876370271175836,-0.04656442221128432,-0.14773465101886618,3.0994080490020584,760,119439049,7.63569375037472,4.3885510503537954,-0.14773465101886618,-0.14773465101886618
2017-09-01,murder,2.910291058066684,3.024480198288267,7.7397508240106285,0.11418914022158366,-0.030256153791341146,-0.09013841713103223,2.934341781157235,738,119439049,7.414660510232294,4.390180311944027,-0.09013841713103223,-0.09013841713103223
2017-10-01,murder,2.86559511210924,2.84268274664203,7.287672154817833,-0.022912365467210254,0.08207948141724529,0.2431683890078107,3.08585113564984,858,119439049,8.62029636555462,5.777613618912589,0.2431683890078107,0.2431683890078107
2017-11-01,murder,2.8225970252673256,2.8040055612043253,7.168666940004904,-0.01859146406300027,0.018115025795507677,0.051257374860105294,2.8552629360644306,739,119439049,7.424707475693314,4.620701914488988,0.051257374860105294,0.051257374860105294
2017-12-01,murder,2.7842162781728743,2.7777867098314304,7.060770962243374,-0.006429568341443721,0.04044762226644279,0.11465778275407564,2.892444492585506,751,119439049,7.545271061225545,4.767484351394115,0.11465778275407564,0.11465778275407564
2018-01-01,murder,2.748041587413515,2.591103142187956,6.556604084476216,-0.15693844522555886,0.07381840064020487,0.19850725604934538,2.7896103982373015,742,119439049,7.454848372076372,4.863745229888416,0.19850725604934538,0.19850725604934538
2018-02-01,murder,2.7155574000515563,2.3715685756191833,5.998215931274347,-0.3439888244323735,-0.04257525159727145,-0.09885070927047422,2.272717866348709,559,119439049,5.616253692709828,3.2446851170906443,-0.09885070927047422,-0.09885070927047422
2018-03-01,murder,2.689514009150743,2.3532645985763994,5.981491991775964,-0.3362494105743435,0.033877248043608796,0.08108772630005771,2.4343523248764574,636,119439049,6.389870033208318,4.036605434631919,0.08108772630005771,0.08108772630005771
2018-04-01,murder,2.6644725881822064,2.548883901100547,6.550697578892661,-0.11558868708165942,0.009895018653354624,0.02534639435660911,2.574230295457156,661,119439049,6.641044169733803,4.092160268633256,0.02534639435660911,0.02534639435660911
2018-05-01,murder,2.644179786877823,2.7778070174240885,7.231419061235278,0.13362723054626502,0.022534115323521856,0.0633058675378135,2.841112884961902,755,119381301,7.58912821698936,4.811321199565272,0.0633058675378135,0.0633058675378135
2018-06-01,murder,2.6274486252654574,2.896189800086834,7.588805262382229,0.26874117482137627,-0.007702105023274545,-0.022221020416724278,2.8739687796701094,752,119439049,7.555318026686565,4.659128226599731,-0.022221020416724278,-0.022221020416724278
2018-07-01,murder,2.6155296389407807,2.9231148394910798,7.652761361455459,0.30758520055029925,0.011560808896512743,0.03398958374237697,2.957104423233457,780,119439049,7.836633059595108,4.913518220104029,0.03398958374237697,0.03398958374237697
2018-08-01,murder,2.607823418506949,2.861280211448339,7.476227835017507,0.25345679294139023,0.02173464007559324,0.06286949198544939,2.924149703433789,782,119439049,7.856726990517147,4.995446779068807,0.06286949198544939,0.06286949198544939
2018-09-01,murder,2.6050220224528164,2.707233553089729,7.0829528936982,0.10221153063691227,0.028089806813858205,0.07712361371238706,2.784357166802116,745,119439049,7.484989268459431,4.777755715369702,0.07712361371238706,0.07712361371238706
2018-10-01,murder,2.6072134496905464,2.5863670154132006,6.777062525111582,-0.020846434277345397,0.011995434967197257,0.03121135228311685,2.6175783676963174,701,119439049,7.042922788174577,4.4565557727613765,0.03121135228311685,0.03121135228311685
2018-11-01,murder,2.6148133516356356,2.5975904833390584,6.799311653990301,-0.017222868296576863,-0.006144222275950861,-0.015911207919832193,2.5816792754192264,666,119151046,6.7074526563535155,4.1098621730144576,-0.015911207919832193,-0.015911207919832193
2018-12-01,murder,2.627518159905326,2.621450452482281,6.809840246524608,-0.006067707423044692,0.01540961230362898,0.04070828947604407,2.662158741958325,709,119439049,7.123298511862733,4.5018480593804515,0.04070828947604407,0.04070828947604407
2019-01-01,murder,2.645956483700279,2.494848024535443,6.447644868539834,-0.15110845916483576,0.05073694701999152,0.12984685823442926,2.6246948827698726,693,119439049,6.962547064486422,4.467699039950979,0.12984685823442926,0.12984685823442926
2019-02-01,murder,2.6694766713191247,2.3313250370378142,6.022299971610429,-0.3381516342813099,-0.01579647271290498,-0.03653730190645223,2.294787735131362,575,119290746,5.78418714893442,3.4528621118966054,-0.03653730190645223,-0.03653730190645223
2019-03-01,murder,2.6948363898886796,2.357921563977831,6.113742770279553,-0.3369148259108484,0.02098753747507287,0.05000982374440315,2.407931387722234,635,119439049,6.3798230677472985,4.021901503769468,0.05000982374440315,0.05000982374440315
2019-04-01,murder,2.7271987718613833,2.6088889378306974,6.837846313737284,-0.11830983403068572,-0.023912238972458977,-0.061644279640298734,2.5472446581903987,665,119439049,6.68123203157788,4.0723430937471825,-0.061644279640298734,-0.061644279640298734
2019-05-01,murder,2.7625394815954722,2.902148166217336,7.699068258440688,0.13960868462186335,-0.0014405867660931848,-0.0041777761979178,2.897970390019418,768,119439049,7.716069474062876,4.81392130784554,-0.0041777761979178,-0.0041777761979178
2019-06-01,murder,2.80292817598716,3.089617735696452,8.244716403671537,0.28668955970929194,-0.04401378831312495,-0.13303625521266657,2.956581480483785,768,119439049,7.716069474062876,4.626451738366424,-0.13303625521266657,-0.13303625521266657
2019-07-01,murder,2.8454774577246345,3.180104354712437,8.474159657054367,0.33462689698780296,-0.0037620850273561994,-0.011941315186574309,3.168163039525863,832,119439049,8.359075263568116,5.178970908855678,-0.011941315186574309,-0.011941315186574309
2019-08-01,murder,2.8927168757058155,3.1738626565197654,8.4390914667948,0.2811457808139501,-0.022015143638244417,-0.06910934419322727,3.1047533123265385,811,119439049,8.148088988886709,4.974226332366944,-0.06910934419322727,-0.06910934419322727
2019-09-01,murder,2.942951812103181,3.0584224371806266,8.141331645260165,0.11547062507744556,-0.046208681981297954,-0.13810981560880795,2.920312621571819,744,119439049,7.474942302998411,4.416519865817785,-0.13810981560880795,-0.13810981560880795
2019-10-01,murder,2.994083275459221,2.970143563016942,7.922055878710319,-0.02393971244227888,-0.06783464544327106,-0.19479650244750948,2.7753470605694326,700,119268881,7.04291004457399,4.072766481557048,-0.19479650244750948,-0.19479650244750948
2019-11-01,murder,3.0491479694178176,3.0290642969144757,8.034397931553555,-0.020083672503342306,-0.0720557888797506,-0.2105831328972617,2.818481164017214,704,119163598,7.089413329060441,4.0603490321459645,-0.2105831328972617,-0.2105831328972617
2019-12-01,murder,3.104209407193736,3.097040883190683,8.177221993779474,-0.007168524003052825,-0.060918121184182814,-0.18303381563530602,2.914007067555377,719,119439049,7.223768166472927,4.126727283282244,-0.18303381563530602,-0.18303381563530602
2020-01-01,murder,3.1625052627023167,2.981897189088351,7.831768652983939,-0.18060807361396528,0.007830580092843651,0.023441587119204643,3.0053387762075556,787,119439049,7.906961817822243,4.9250646287338915,0.023441587119204643,0.023441587119204643
2020-02-01,murder,3.221747618415464,2.8136381203113836,7.3805946776542655,-0.40810949810408026,-0.07202878256412903,-0.19553584988652348,2.61810227042486,638,119439049,6.409963964130357,3.5963258438189736,-0.19553584988652348,-0.19553584988652348
2020-03-01,murder,3.27756630431271,2.8677973789060878,7.557773176170005,-0.4097689254066219,-0.012724703178456547,-0.036260592408956994,2.8315367864971313,721,119439049,7.243862097394965,4.376064718488877,-0.036260592408956994,-0.036260592408956994
2020-04-01,murder,3.33713412296982,3.1923644800934845,8.503644560395673,-0.14476964287633537,-0.035901085276348624,-0.11257616086873833,3.0797883192247464,802,119439049,8.057666299737534,4.865301819644049,-0.11257616086873833,-0.11257616086873833
2020-05-01,murder,3.3941342365558596,3.5656613250723272,9.610947736234301,0.17152708851646714,-0.015250836221870921,-0.0539665939179058,3.511694731154421,947,119439049,9.514476291585343,5.948814966513016,-0.0539665939179058,-0.0539665939179058
2020-06-01,murder,3.451751994002078,3.8048044475336833,10.312331707286452,0.3530524535316056,0.036827269662056,0.1427321854806182,3.9475366330143022,1103,119439049,11.081802903504364,7.276998455970681,0.1427321854806182,0.1427321854806182
2020-07-01,murder,3.5056481682217866,3.9179105968062027,10.600498236401005,0.41226242858441625,0.08448234484785899,0.34537682405471093,4.263287420860913,1240,119439049,12.458237171664017,8.540326574857815,0.34537682405471093,0.34537682405471093
2020-08-01,murder,3.558733856522363,3.904610222069022,10.539115110207744,0.34587636554665907,0.025095478532243573,0.099227609637350625,4.003837831706373,1100,119439049,11.051662007121307,7.147051785052284,0.099227609637350625,0.099227609637350625
2020-09-01,murder,3.6084477634247105,3.750029924894194,10.131434075465426,0.14158216146948305,0.02081421377129324,0.07887165373233006,3.8289015786265237,1067,119439049,10.720112146907665,6.97008222201347,0.07887165373233006,0.07887165373233006
2020-10-01,murder,3.6526380819370337,3.6234327961491632,9.797005391800331,-0.029205285787870322,0.08767613941517231,0.3320304573091542,3.9554632534583174,1144,119439049,11.493728487406159,7.870295691256995,0.3320304573091542,0.3320304573091542
2020-11-01,murder,3.693633518747139,3.6693048580513152,9.880699737585317,-0.024328660695824306,0.028404553028188884,0.10571897880249667,3.775023836853812,1027,119439049,10.318233528466891,6.648928670415575,0.10571897880249667,0.10571897880249667
2020-12-01,murder,3.7286923127612828,3.7200816802426715,9.945263056314706,-0.008610632518610826,0.037762766002098866,0.14316628638760495,3.863247966630277,1049,119439049,10.539266768609318,6.8191850883666465,0.14316628638760495,0.14316628638760495
2021-01-01,murder,3.7601987050851444,3.5454569515768024,9.421147557386302,-0.2147417535083419,0.021794735773457544,0.07812027721601263,3.623577228792815,980,119439049,9.846026151798982,6.30056920022218,0.07812027721601263,0.07812027721601263
2021-02-01,murder,3.786979587793772,3.307270471439946,8.771764908846057,-0.47970911635382646,-0.0345238553670141,-0.11223095371527662,3.195039517724669,819,119439049,8.228464712574864,4.921194241134918,-0.11223095371527662,-0.11223095371527662
2021-03-01,murder,3.807187707795916,3.3312044725108083,8.86739357861035,-0.47598323528510733,-0.0015110739725732846,-0.0050298812049020866,3.3261745913059064,878,119439049,8.821235674775005,5.490031202264197,-0.0050298812049020866,-0.0050298812049020866
2021-04-01,murder,3.825262583024975,3.6593172951958928,9.829610463796786,-0.16594528782908213,0.008257436421983025,0.030341586462252716,3.6896588816581453,1003,119439049,10.077106357402426,6.417789062206534,0.030341586462252716,0.030341586462252716
2021-05-01,murder,3.8385796389738926,4.032567291623562,10.944671372097103,0.1939876526496697,0.012126374309683715,0.049197947563480955,4.081765239187043,1098,119439049,11.031568076199267,6.999000784575705,0.049197947563480955,0.049197947563480955
2021-06-01,murder,3.848178606921977,4.24177826484364,11.563414003613174,0.393599657921664,-0.005961432905448273,-0.025211763886338612,4.216566500957302,1139,119439049,11.443493660101062,7.2017153952574215,-0.025211763886338612,-0.025211763886338612
2021-07-01,murder,3.8536007223514885,4.306782046181756,11.706601225493694,0.4531813238302677,0.003805948613140023,0.01642256399657916,4.323204610178335,1189,119439049,11.945841933152028,7.639059886970272,0.01642256399657916,0.01642256399657916
2021-08-01,murder,3.855389012760338,4.230097443221498,11.453178034912373,0.3747084304611609,-0.012815219675077195,-0.05386356544485626,4.176233877776642,1125,119439049,11.30283614364679,7.072738700425291,-0.05386356544485626,-0.05386356544485626
2021-09-01,murder,3.8534969873108036,4.004693943083575,10.839742381132277,0.15119695577277178,0.0083010796654446,0.033381531279328,4.038075474362904,1122,119439049,11.272695247263732,7.2680013041801566,0.033381531279328,0.033381531279328
2021-10-01,murder,3.8483589684940522,3.817588768221484,10.333350200393605,-0.03077020027256869,0.013837810004487078,0.05319409370939729,3.870782861930881,1067,119439049,10.720112146907665,6.9025233786861815,0.05319409370939729,0.05319409370939729
2021-11-01,murder,3.8398444615056735,3.81455276398149,10.272440733873156,-0.025291697524183553,-0.032249401118625405,-0.1210542092385563,3.6934985547429338,968,119439049,9.72546256626675,5.910909802285259,-0.1210542092385563,-0.1210542092385563
2021-12-01,murder,3.828712013885224,3.819870407588878,10.199404787235327,-0.008841606296346007,-0.02435293285448729,-0.09190118495448464,3.7279692226343935,988,119439049,9.926401875487137,6.106531467898259,-0.09190118495448464,-0.09190118495448464
2022-01-01,murder,3.814442914819294,3.5966033298618836,9.536716930927229,-0.2178395849574106,0.0089362833835571,0.032284204937989947,3.6288875347998735,972,119439049,9.765650428110828,6.169047098248944,0.032284204937989947,0.032284204937989947
2022-02-01,murder,3.797593424777082,3.316539822621219,8.773165757045636,-0.48105360215586335,-0.02226739479837268,-0.07303434198377737,3.2435054806374417,839,119439049,8.42940402179525,5.112864199174031,-0.07303434198377737,-0.07303434198377737
2022-03-01,murder,3.780352039129393,3.307723850709402,8.772772061651342,-0.47262818841999116,0.034367361631688326,0.11565338519995726,3.423377235909359,913,119439049,9.172879465910684,5.8651556152012825,0.11565338519995726,0.11565338519995726
2022-04-01,murder,3.7592410480839926,3.5961598590057737,9.615988834224002,-0.16308118907821853,0.019812109193059632,0.07195775777168967,3.6681176167774634,982,119290746,9.878385704788869,6.2822258457830955,0.07195775777168967,0.07195775777168967
2022-05-01,murder,3.7370016237107313,3.9258559150316414,10.581735581977286,0.18885429132090975,0.009322833325977439,0.036771118672043246,3.962627033703684,1065,119439049,10.700018215985628,6.774162300953986,0.036771118672043246,0.036771118672043246
2022-06-01,murder,3.712378010119941,4.0920877498143025,11.071149739411801,0.379709739694361,-0.009011492470084547,-0.036710038778559516,4.055377711035742,1116,119439049,11.212413454497614,7.120325704683312,-0.036710038778559516,-0.036710038778559516
2022-07-01,murder,3.6871734255020447,4.120783058037924,11.107268185899192,0.43360963253587953,0.002845181816724339,0.01174103141552034,4.132524089453445,1115,119439049,11.202366489036597,7.081583430998673,0.01174103141552034,0.01174103141552034
2022-08-01,murder,3.6599282182377633,4.015639716820332,10.765990238763427,0.35571149858256945,0.0029184872286370455,0.01173667222901716,4.0273763890493495,1077,119439049,10.82058180151786,6.804942084697529,0.01173667222901716,0.01173667222901716
2022-09-01,murder,3.631682769554096,3.7741765839720833,10.103582749306684,0.1424938144179881,-0.02884277421852202,-0.10730250083730627,3.6668740831347777,965,119439049,9.69532166988369,5.921145085911606,-0.10730250083730627,-0.10730250083730627
2022-10-01,murder,3.603574376168467,3.5747613863727006,9.563373064540716,-0.028812989795766665,0.04608159475105895,0.16858468565418214,3.743346072026883,1018,119439049,10.22781083931772,6.653049452945019,0.16858468565418214,0.16858468565418214
2022-11-01,murder,3.5737960885973057,3.5502567524341813,9.439252595845037,-0.023539336163124397,-0.08961487628320731,-0.3043157196339873,3.245941032800194,806,119439049,8.097854161581612,4.54759740914743,-0.3043157196339873,-0.3043157196339873
2022-12-01,murder,3.544304752223326,3.5361199228316678,9.30762853372211,-0.00818482939165866,-0.02585336246734224,-0.09024868482452059,3.4458712380071472,907,119439049,9.112597673144567,5.576477750312899,-0.09024868482452059,-0.09024868482452059
2023-01-01,murder,3.51317138715675,3.3125371149659575,8.648932746842311,-0.20063427219079236,0.05413947042409378,0.18428193584817826,3.496819050814136,926,119439049,9.303490016903936,5.990952901937979,0.18428193584817826,0.18428193584817826
2023-02-01,murder,3.48140574276062,3.040404568813181,7.915123534024328,-0.44100117394743915,-0.03636150825940761,-0.1085676227697064,2.931836946043475,738,119439049,7.414660510232294,4.374255941419113,-0.1085676227697064,-0.1085676227697064
2023-03-01,murder,3.45220205802095,3.0205998214435534,7.877027242990222,-0.43160223657739677,0.043984395585070515,0.1358240813397492,3.1564239027833025,851,119439049,8.549967607327483,5.529367785883929,0.1358240813397492,0.1358240813397492
2023-04-01,murder,3.41933679253086,3.2710010902039395,8.576474403560143,-0.14833570232692037,-0.01569345307159288,-0.050932465908517695,3.220068624295422,842,119439049,8.45954491817831,5.18854382797437,-0.050932465908517695,-0.050932465908517695
2023-05-01,murder,3.387032495301567,3.5582006889412123,9.398128759035746,0.1711681936396457,-0.0035682134485119812,-0.012673757255319077,3.5455269316858935,941,119439049,9.454194498819225,5.8959938098780125,-0.012673757255319077,-0.012673757255319077
2023-06-01,murder,3.3531711578450047,3.696140587180321,9.791424759875362,0.3429694293353164,-0.009047851724255809,-0.03329119589364129,3.66284939128668,962,119439049,9.665180773500634,5.969040186320313,-0.03329119589364129,-0.03329119589364129
2023-07-01,murder,3.319971050709837,3.7103980129157756,9.787304296812248,0.39042696220593864,0.03745439610564346,0.1416055930942708,3.8520036060100464,1031,119439049,10.35842139031097,6.6480233773951936,0.1416055930942708,0.1416055930942708
2023-08-01,murder,3.2852535272401773,3.604550187188284,9.449198262857472,0.319296659948107,-0.02754118590585322,-0.09791870869760248,3.506631478490682,915,119439049,9.192973396832723,5.588423209644439,-0.09791870869760248,-0.09791870869760248
2023-09-01,murder,3.2501532572028133,3.3776773052748137,8.834459518902069,0.12752404807200038,-0.017813788431463706,-0.059636311191282244,3.3180409940835314,859,119439049,8.630343331015638,5.252666025740824,-0.059636311191282244,-0.059636311191282244
2023-10-01,murder,3.2158533644345906,3.1901404554724166,8.334637596780599,-0.02571290896217429,0.015748853238642925,0.050638621632073146,3.2407790771044898,851,119439049,8.549967607327483,5.359827151855066,0.050638621632073146,0.050638621632073146
2023-11-01,murder,3.1801002203015103,3.159154013338422,8.19823747236266,-0.020946206963088517,-0.03489764626038053,-0.10834526613982647,3.050808747198595,773,119439049,7.766304301367972,4.60715028802955,-0.10834526613982647,-0.10834526613982647
2023-12-01,murder,3.145231507907481,3.137968252168883,8.056304818175628,-0.007263255738597788,-0.009719462188239809,-0.030351545504830248,3.1076167066640528,792,119439049,7.957196645127341,4.819228392958458,-0.030351545504830248,-0.030351545504830248
2024-01-01,murder,3.108954417935301,2.9314045815364156,7.464447045331964,-0.17754983639888544,-0.01118753296423792,-0.03261234020148164,2.8987922413349336,726,119439049,7.294096924700062,4.362692343163646,-0.03261234020148164,-0.03261234020148164
2024-02-01,murder,3.0724588128318557,2.6832601825240836,6.816432992288966,-0.38919863030777224,-1.984257302842183e-4,-5.323738508784849e-4,2.682727808673205,680,119439049,6.831936513493171,4.148676330969088,-5.323738508784849e-4,-5.323738508784849e-4
2024-03-01,murder,3.038147616513694,2.658311303289773,6.766853268899081,-0.3798363132239207,0.035192460752299815,0.09521795139380505,2.753529254683578,722,119439049,7.253909062855984,4.5955977595662105,0.09521795139380505,0.09521795139380505
2024-04-01,murder,3.0013171412016493,2.8711156836040295,7.346414669996232,-0.13020145759761975,0.026083425882276693,0.07587356888942397,2.9469892524934536,759,119439049,7.625646784913702,4.754531101309672,0.07587356888942397,0.07587356888942397
2024-05-01,murder,2.965551648312791,3.1154198018633648,8.08741451378814,0.14986815355057365,0.022751698004597858,0.07169338274561729,3.187113184608982,825,118029617,8.387725260516603,5.272305458653239,0.07169338274561729,0.07169338274561729
2024-06-01,murder,2.928494996758488,3.2280277680890683,8.342714129990146,0.29953277133058037,-0.01468941783038956,-0.047071152633271975,3.1809566154557962,824,119439049,8.278699539879959,5.05067177179089,-0.047071152633271975,-0.047071152633271975
2024-07-01,murder,2.892564224603031,3.2327284897396353,8.321897247843193,0.3401642651366044,0.027460610761030214,0.09000255984974241,3.3227310495893776,886,119439049,8.90161139846316,5.668882908723525,0.09000255984974241,0.09000255984974241
2024-08-01,murder,2.8553906313832393,3.1329086500766037,8.016012514116818,0.2775180186933638,-0.010989878716647191,-0.03424169650752122,3.098666953569082,779,119439049,7.826586094134088,4.693677444057484,-0.03424169650752122,-0.03424169650752122
2024-09-01,murder,2.8181992164369554,2.928775019593041,7.47559371747336,0.11057580315608548,-0.038016825984229424,-0.1092525922059321,2.819522427387109,695,119439049,6.982640995408462,4.053865975815421,-0.1092525922059321,-0.1092525922059321
2024-10-01,murder,2.782222810401107,2.759977061178789,7.034740815867941,-0.022245749222318086,0.028754286543970473,0.08051298277831083,2.8404900439570997,747,119439049,7.505083199381469,4.745106138202679,0.08051298277831083,0.08051298277831083
2024-11-01,murder,2.74509672645984,2.727015728727282,6.902215876378915,-0.018080997732557585,-0.0022665341730963517,-0.006173861048870059,2.720841867678412,687,119439049,6.902265271720307,4.175249542993025,-0.006173861048870059,-0.006173861048870059
2024-12-01,murder,2.7092472197397486,2.7029907764542576,6.8293804301098415,-0.006256443285491012,-0.025090339375467875,-0.06697507968947003,2.6360156967647876,643,117531230,6.5650636005425955,3.862072824088338,-0.06697507968947003,-0.06697507968947003
2025-01-01,murder,2.6723154045434026,2.519701611645778,6.258899945475885,-0.1526137928976251,0.049398537686316836,0.1275948545225693,2.6472964661683474,681,119439049,6.841983478954191,4.322281867308413,0.1275948545225693,0.1275948545225693
2025-02-01,murder,2.6355283453318767,2.301677052019351,5.705313121409215,-0.33385129331252655,-0.024861154114923564,-0.05651679354723203,2.2451602584721186,534,119439049,5.365079556184343,3.063402504164992,-0.05651679354723203,-0.05651679354723203
2025-03-01,murder,2.602450059635275,2.277085569554128,5.6573547430695035,-0.3253644900811469,-0.006742599221897558,-0.015301801521766193,2.261783768032362,561,119439049,5.636347623631866,3.359262054077738,-0.015301801521766193,-0.015301801521766193
2025-04-01,murder,2.566018037271396,2.4547004427309775,6.131701203990188,-0.11131759454041873,0.0037797980512979325,0.009295809973474047,2.4639962527044514,613,119439049,6.158789827604872,3.7040893848738947,0.009295809973474047,0.009295809973474047
2025-05-01,murder,2.5309759424808673,2.658882275086959,6.689963478943741,0.12790633260609163,-0.02287540227255763,-0.0601324705178955,2.5987498045690636,647,119439049,6.5003866532795325,3.8415043781925733,-0.0601324705178955,-0.0601324705178955
2025-06-01,murder,2.49501226266485,2.7502075885730126,6.9422760081129,0.2551953259081629,0.004907927223444208,0.013530964941779727,2.7637385535147923,697,119439049,7.0027349263305005,4.252527337757488,0.013530964941779727,0.013530964941779727
2025-07-01,murder,2.460469603558011,2.7498198500560833,6.927760907491313,0.2893502464980726,0.002527149188082527,0.006957977257136103,2.7567778273132197,692,119159812,6.968792465030074,4.218972614973991,0.006957977257136103,0.006957977257136103
2025-08-01,murder,2.425067250716155,2.6607618404568214,6.6554426750911535,0.23569458974066632,-0.027940126266623143,-0.07331290630934606,2.587448934147475,631,119439049,6.339635205903222,3.6788733654464005,-0.07331290630934606,-0.07331290630934606
2025-09-01,murder,2.3899826550514334,2.4837568453485597,6.199752746212872,0.09377419029712589,0.008698771136097854,0.021699831345858355,2.505456676694418,625,119439049,6.279353413137105,3.7955965677885457,0.021699831345858355,0.021699831345858355
2025-10-01,murder,2.3563514445210316,2.337510817676606,5.8264844739265165,-0.018840626844425612,0.01695429477927234,0.03996863151058471,2.3774794491871907,591,119439049,5.937756587462447,3.600245769785841,0.03996863151058471,0.03996863151058471
2025-11-01,murder,2.321950076789846,2.306656193563219,5.7120649339324325,-0.015293883226626998,0.010329794350961732,0.02395072791736492,2.330606921480584,580,119439049,5.827239967391234,3.5205837738280152,0.02395072791736492,0.02395072791736492
2025-12-01,murder,2.2890146519288677,2.283728646558559,5.601525041642745,-0.005286005370308541,0.00792452925868541,0.018169336398739314,2.301897982957298,565,119439049,5.676535485475943,3.392806838917384,0.018169336398739314,0.018169336398739314
2026-01-01,murder,2.2553657684848867,2.1265635932326514,5.181314096607024,-0.1288021752522351,-0.010522982349866561,-0.022260423480846003,2.1043031697518058,502,119439049,5.0435766614317235,2.917013068199072,-0.022260423480846003,-0.022260423480846003
2026-02-01,murder,2.22212303193981,1.9406391038210493,4.722441053636072,-0.2814839281187611,-0.014142289722699578,-0.027251880491455542,1.9133872233295937,456,119439049,4.581416250224832,2.6407771464037824,-0.027251880491455542,-0.027251880491455542
2026-03-01,murder,2.1924585430417602,1.9183520845943798,4.68341482026373,-0.2741064584473804,0.056293952818097105,0.11108892107629592,2.0294410056706758,526,119439049,5.284703832496188,3.366351747901808,0.11108892107629592,0.11108892107629592
2026-04-01,murder,2.1600280883249448,2.066322897924653,5.080859883904996,-0.09370519040029222,-0.021207168754878897,-0.043359394486895374,2.022963503437757,484,119439049,4.862731283133375,2.796408385208722,-0.043359394486895374,-0.043359394486895374
2026-05-01,murder,2.129067801689923,2.236663194292975,5.549588151025264,0.10759539260305198,0.006543667782262792,0.014683944455830605,2.2513471387488058,567,119439049,5.6966294163979825,3.4599662221050074,0.014683944455830605,0.014683944455830605
2026-06-01,murder,2.0975249362034067,2.3120644649847906,5.763080603039195,0.21453952878138413,-0.025658145766454882,-0.05856858191702296,2.253495883067768,552,119439049,5.5459249344826915,3.233860469497901,-0.05856858191702296,-0.05856858191702296
2017-01-01,rape,34.19672451914177,32.72894020633774,43.48594929136829,-1.4677843128040267,0.0882583410514605,3.0198179827708778,35.748758189108614,4559,113293377,48.288789202567415,15.559848996229675,3.0198179827708778,3.0198179827708778
2017-02-01,rape,34.24161794472781,33.00393441298081,44.037818504534954,-1.2376835317469956,-0.11547784580780047,-3.599310654035715,29.404623758945096,3690,113293377,39.08436765902036,6.080433246039547,-3.599310654035715,-3.599310654035715
2017-03-01,rape,34.281907292610335,32.98907270605803,44.21044353016654,-1.2928345865523039,-0.0013732277444824385,-0.045269176676087354,32.943803529381945,4209,113100987,44.657435217607784,11.668362511549752,-0.045269176676087354,-0.045269176676087354
2017-04-01,rape,34.32588088390649,34.35968503598456,46.06000522519578,0.03380415207807194,0.0027119874407688124,0.0933068252051403,34.4529918611897,4378,113232691,46.396495160571604,12.036810124587042,0.0933068252051403,0.0933068252051403
2017-05-01,rape,34.36746002963061,36.12056481328109,48.53739564907452,1.7531047836504878,0.05848205728726438,2.1753263469395843,38.29589116022068,4866,113146933,51.60723181069344,15.48666699741235,2.1753263469395843,2.1753263469395843
2017-06-01,rape,34.40904846952605,36.31983039554855,49.112177044036954,1.9107819260225027,-0.01649443550279058,-0.5941437611647538,35.72568663438379,4533,113293377,48.01339799412988,11.693567598581332,-0.5941437611647538,-0.5941437611647538
2017-07-01,rape,34.44760909932355,35.95384035349688,48.88603737008794,1.5062312541733311,0.0072418622089932,0.2613099431367799,36.21515029663366,4654,113293377,49.295026310319976,13.341185956823097,0.2613099431367799,0.2613099431367799
2017-08-01,rape,34.48534139937128,36.62386399988054,49.90975360377844,2.1385226005092624,-0.03969251576899341,-1.4251790790006742,35.19868492087986,4541,113293377,48.0981337505722,11.474269750691661,-1.4251790790006742,-1.4251790790006742
2017-09-01,rape,34.52054679370959,36.7603756112813,50.243058482776554,2.239828817571709,-0.06411581769307413,-2.2828872380196854,34.477488373261615,4489,113293377,47.547351333697115,10.786975722415818,-2.2828872380196854,-2.2828872380196854
2017-10-01,rape,34.55184917716503,34.554940595519945,47.479979650301516,0.003091418354915802,0.02154056780069453,0.7523854535775829,35.307326049097526,4636,113293377,49.10437085832476,14.549430262804812,0.7523854535775829,0.7523854535775829
2017-11-01,rape,34.58096121925396,32.14317813990759,44.32846966260514,-2.4377830793463673,-0.003166978468540116,-0.10163301524352081,32.04154512466407,4217,113195645,44.704900086924724,12.561721947017134,-0.10163301524352081,-0.10163301524352081
2017-12-01,rape,34.605646209713576,31.99398372522833,44.06813360769309,-2.6116624844852474,-0.05722226443021502,-1.7793280200092034,30.214655705219123,3973,113293377,42.08189504316744,10.087911317939113,-1.7793280200092034,-1.7793280200092034
2018-01-01,rape,34.627175261109024,33.14091574619296,45.69408656016117,-1.4862595149160647,0.13748439455796024,4.884279335142176,38.025195081335134,4954,113227245,52.50326456322415,19.36234881703119,4.884279335142176,4.884279335142176
2018-02-01,rape,34.64428001340525,33.39204242805815,46.23618967616099,-1.252237585347104,-0.062499001061084435,-2.0230373561937123,31.369005071864436,4095,113293377,43.37411532891282,9.982072900854675,-2.0230373561937123,-2.0230373561937123
2018-03-01,rape,34.65560760314431,33.348680473390566,46.396542572656486,-1.3069271297537448,0.025197052782418187,0.8509400845285467,34.19962055791911,4495,112951202,47.75513588602625,14.406455412635687,0.8509400845285467,0.8509400845285467
2018-04-01,rape,34.66323330783277,34.697369675213146,48.16769344332831,0.034136367380381526,-0.035271256676323165,-1.2024549650852927,33.49491471012786,4413,113293377,46.742361647495066,12.04499197228192,-1.2024549650852927,-1.2024549650852927
2018-05-01,rape,34.665348092192914,36.4336478635142,50.641294257146974,1.7682997713212933,0.05992080184764975,2.2497946505172997,38.683442514031505,5076,113227245,53.79623958880215,17.36259172528795,2.2497946505172997,2.2497946505172997
2018-06-01,rape,34.66172492720896,36.58653789765865,51.129160326395116,1.9248129704496941,0.008692147172004474,0.3193918810615124,36.905929778720164,4875,113232691,51.66352533298003,15.076987435321378,0.3193918810615124,0.3193918810615124
2018-07-01,rape,34.65224808835676,36.167426969343154,50.835553290412236,1.5151788809863949,0.013632722344233468,0.4964215252581007,36.663848494601254,4894,112809867,52.059275985140545,15.89184901579739,0.4964215252581007,0.4964215252581007
2018-08-01,rape,34.635924235657946,36.78378456965691,51.57912125604855,2.1478603339989637,-0.011463829780548341,-0.4192624978593295,36.36452207179758,4813,113293377,50.9791494696111,14.195364899954193,-0.4192624978593295,-0.4192624978593295
2018-09-01,rape,34.61259902523746,36.85840037009914,51.6872536720638,2.245801344861686,-0.014853885059062705,-0.5434278748505319,36.31497249524861,4823,113293377,51.08506916516399,14.226668795064853,-0.5434278748505319,-0.5434278748505319
2018-10-01,rape,34.58301896574024,34.58611317283387,48.61656848306703,0.00309420709363004,0.042069050098882475,1.4859993259686957,36.07211249880256,4797,113293377,50.80967795672646,16.22356478389259,1.4859993259686957,1.4859993259686957
2018-11-01,rape,34.54486529955378,32.10962673211691,45.12624401716896,-2.4352385674368633,-0.02197469468183962,-0.6978847880543702,31.41174194406254,4155,113293377,44.00963350223024,11.900006770113329,-0.6978847880543702,-0.6978847880543702
2018-12-01,rape,34.50048111142559,31.896755148035155,44.63162463739086,-2.6037259633904393,-0.009634837500431771,-0.30583625500030776,31.590918893034846,4123,113293377,43.67069047646095,11.773935328425793,-0.30583625500030776,-0.30583625500030776
2019-01-01,rape,34.44767893098291,32.96912350387606,46.01464119269855,-1.478555427106847,0.0711721246487419,2.4319296588520123,35.401053162728076,4713,113228283,49.94865108040187,16.97952757652581,2.4319296588520123,2.4319296588520123
2019-02-01,rape,34.388840397665184,33.14583557027723,46.24375414121246,-1.243004827387958,-0.09895831088318388,-3.122906966821001,30.022928603456222,3894,113293377,41.24512944829952,8.099293878022294,-3.122906966821001,-3.122906966821001
2019-03-01,rape,34.33135915582395,33.036659698731526,46.13133479614773,-1.2946994570924202,0.017926168688856825,0.5975439711071193,33.63420366983865,4414,112961266,46.8904093195981,13.853749620866573,0.5975439711071193,0.5975439711071193
2019-04-01,rape,34.26385632399756,34.297599395990474,47.57347412804314,0.033743071992913126,0.013184863675882074,0.45519029295567837,34.75278968894615,4527,113293377,47.94984617679813,13.652246780807658,0.45519029295567837,0.45519029295567837
2019-05-01,rape,34.19558921554743,35.93992702829933,49.79445783371607,1.7443378127519071,0.038289142605709287,1.402749840658958,37.34267686895829,4885,113017013,51.86829703241227,15.928370004112942,1.402749840658958,1.402749840658958
2019-06-01,rape,34.12298610982961,36.01788307523172,49.8540353626391,1.8948969654021135,-0.022208504147480906,-0.7910631457826603,35.226819929449064,4620,113293377,48.934899345440115,12.917016270208393,-0.7910631457826603,-0.7910631457826603
2019-07-01,rape,34.05166139302482,35.54058023678727,49.189883518162006,1.4889188437624472,0.029098554116052458,1.049341076626357,36.589921313413626,4847,113293377,51.33927643449097,15.798696197703698,1.049341076626357,1.049341076626357
2019-08-01,rape,33.977824001067916,36.08487511994014,49.80729022292465,2.1070511188722305,0.03573839677212443,1.3128960574561461,37.397771177396294,4915,113092961,52.15178688265135,16.066911762711207,1.3128960574561461,1.3128960574561461
2019-09-01,rape,33.904820582914994,36.104699864815906,49.60314134358965,2.1998792819009108,0.02310706903022256,0.8439612887338663,36.94866115354977,4854,113293377,51.41342022137799,15.308720356562084,0.8439612887338663,0.8439612887338663
2019-10-01,rape,33.83588325712337,33.838910618479225,46.45657290520681,0.0030273613558511763,0.04016863862631135,1.3868913638622355,35.22580198234146,4621,113293377,48.9454913149954,15.106580696516176,1.3868913638622355,1.3868913638622355
2019-11-01,rape,33.767356107415594,31.386926578297913,42.97349799788061,-2.380429529117684,0.03803486457828011,1.216757997801614,32.603684576099525,4252,113293377,45.03705454909337,13.650127970795456,1.216757997801614,1.216757997801614
2019-12-01,rape,33.7045531674289,31.160893741378427,42.42770364170594,-2.543659426050473,-0.003970370329657797,-0.12347181138337601,31.037421929995052,4005,113195645,42.45746380083792,11.296570059459494,-0.12347181138337601,-0.12347181138337601
2020-01-01,rape,33.644214202770854,32.20014398027216,43.61219146128728,-1.444070222498693,0.16247749789861454,5.680629520632039,37.880773500904205,4903,113293377,51.932426729587206,19.732282749315047,5.680629520632039,5.680629520632039
2020-02-01,rape,33.58944397218906,32.375333018377034,43.79230453427103,-1.2141109538120305,0.016304860923440134,0.5321876591541662,32.907520677531195,4228,113188915,44.82417734987565,12.448844331498613,0.5321876591541662,0.5321876591541662
2020-03-01,rape,33.54408407530716,32.279073428260034,43.57047195973036,-1.2650106470471283,-0.045504105365806784,-1.4358757306345293,30.843197697625506,3945,113293377,41.78531989561932,9.506246467359283,-1.4358757306345293,-1.4358757306345293
2020-04-01,rape,33.50276889781053,33.5357624712693,45.0351986504115,0.03299357345876641,-0.33550834083840864,-9.558355026558122,23.97740744471118,2956,113293377,31.30986200543744,-2.2259004658318595,-9.558355026558122,-9.558355026558122
2020-05-01,rape,33.470710455082205,35.178072845197846,47.079220658543306,1.7073623901156396,-0.15447561562676643,-5.035108575685212,30.142964269512635,3773,113293377,39.96350113210943,4.785428286911582,-5.035108575685212,-5.035108575685212
2020-06-01,rape,33.44668884896196,35.30403119004231,47.273177620475344,1.8573423410803434,-0.06376506063794855,-2.180832216725524,33.12319897331678,4157,113293377,44.030817441340815,8.726786251298506,-2.180832216725524,-2.180832216725524
2020-07-01,rape,33.433135974995466,34.89501040060588,46.73071801973116,1.4618744256104068,-0.006679655686816737,-0.23230320536763344,34.66270719523824,4410,113293377,46.710585738829195,11.815575338223319,-0.23230320536763344,-0.23230320536763344
2020-08-01,rape,33.43007667525973,35.50316159698527,47.397333184612464,2.0730849217255396,0.005673789273703211,0.2020039859372758,35.70516558292255,4482,113293377,47.47320754681009,11.970045949824815,0.2020039859372758,0.2020039859372758
2020-09-01,rape,33.43909569675933,35.60875779692838,47.41693412061905,2.169662100169046,-0.04157474454104151,-1.4500316655482273,34.158726131380156,4309,113293377,45.640796813744906,10.032039016816526,-1.4500316655482273,-1.4500316655482273
2020-10-01,rape,33.46024433946817,33.463238092627016,44.57532255522744,0.002993753158847805,-0.010404442994100883,-0.3463518213078233,33.116886271319196,4153,113168233,44.0370929888072,10.573854896180187,-0.3463518213078233,-0.3463518213078233
2020-11-01,rape,33.495517386130395,31.13425062853124,41.40370055383901,-2.3612667575991493,-0.01403044584392068,-0.4337661596783986,30.70048446885285,3837,113193758,40.67715465370449,9.54290402517325,-0.4337661596783986,-0.4337661596783986
2020-12-01,rape,33.54178811286152,31.010412135989114,41.04382580048948,-2.531375976872406,-0.08724301438810987,-2.5907234646197135,28.4196886713694,3541,113293377,37.50616419528213,6.495752059293018,-2.5907234646197135,-2.5907234646197135
2021-01-01,rape,33.60089810622311,32.15868703871743,42.43260133211632,-1.4422110675056758,0.049968446414055345,1.647697991283738,33.806385030001174,4257,113293377,45.09001439686982,12.931327358152387,1.647697991283738,1.647697991283738
2021-02-01,rape,33.67022998395588,32.45319904941378,42.815867636126455,-1.2170309345420955,-0.09281640283946783,-2.8765544344996825,29.576644614914102,3670,113293377,38.872528267914554,6.419329218500771,-2.8765544344996825,-2.8765544344996825
2021-03-01,rape,33.740578005315754,32.46815740224269,42.80916507575096,-1.2724206030730694,0.12162685115818601,4.1990633576792575,36.667220759921946,4618,113293377,48.91371540632953,16.44555800408684,4.1990633576792575,4.1990633576792575
2021-04-01,rape,33.825838955635064,33.859150679959164,44.49308396228962,0.0333117243240993,0.06044622188052584,2.10971625159495,35.96886693155412,4494,113293377,47.60031118147356,13.741160501514393,2.10971625159495,2.10971625159495
2021-05-01,rape,33.914557222237796,35.64455984784677,46.758895469792904,1.730002625608975,0.0699068417255632,2.580878801430871,38.22543864927764,4736,113293377,50.16356781385376,14.519007966006988,2.580878801430871,2.580878801430871
2021-06-01,rape,34.011385805888835,35.90008563631894,47.19216030318584,1.8886998304301064,0.07043299293934703,2.619641019478255,38.51972665579719,4821,113293377,51.06388522605342,15.16379958973448,2.619641019478255,2.619641019478255
2021-07-01,rape,34.108858691398815,35.60027842954671,46.87945802214138,1.4914197381478973,0.058693461338716606,2.151973468896622,37.75225189844333,4697,113293377,49.75048100119745,14.150202571650738,2.151973468896622,2.151973468896622
2021-08-01,rape,34.2121869516373,36.333771071945634,47.79662498479751,2.121584120308339,0.03897929248850322,1.4441838851948021,37.77795495714044,4696,113293377,49.73988903164215,13.406117959696516,1.4441838851948021,1.4441838851948021
2021-09-01,rape,34.31684077322054,36.54345274568549,48.05064963810854,2.22661197246495,-0.012389373393134027,-0.44994384679561017,36.09350889888989,4478,113293377,47.43083966858892,10.887386922903431,-0.44994384679561017,-0.44994384679561017
2021-10-01,rape,34.41810558947206,34.42118504188213,45.33217166194551,0.0030794524100670527,0.08797187050253329,3.165183723755817,37.58636876563795,4679,113293377,49.55982554920222,15.13864050732009,3.165183723755817,3.165183723755817
2021-11-01,rape,34.52139872543833,32.08781438874453,42.2744664304872,-2.433584336693795,0.07413133438529798,2.4690296281346242,34.55684401687916,4328,113180138,45.887910120766946,13.800095732022413,2.4690296281346242,2.4690296281346242
2021-12-01,rape,34.618764579890424,32.00611208813238,42.035727618450466,-2.6126524917580474,-0.007604698781178248,-0.2424672850924868,31.76364480303989,3923,113293377,41.55229656540293,9.54618447727055,-0.2424672850924868,-0.2424672850924868
2022-01-01,rape,34.71533015746618,33.22528698348096,43.592819660861444,-1.4900431739852105,0.047756059523827034,1.6251594519870607,34.85044643546802,4351,113293377,46.08565953506709,12.860372551586124,1.6251594519870607,1.6251594519870607
2022-02-01,rape,34.80638334935961,33.54828660877175,44.091101230394216,-1.2580967405878687,-0.03462987479681009,-1.1418563103690986,32.40643029840265,4054,113232691,42.96285778459509,9.41457117582334,-1.1418563103690986,-1.1418563103690986
2022-03-01,rape,34.882699703272,33.5672087495138,44.124214374340895,-1.3154909537582027,0.09436732062720045,3.3218210975027183,36.889029847016516,4567,113293377,48.37352495900974,14.80631620949594,3.3218210975027183,3.3218210975027183
2022-04-01,rape,34.959309496784414,34.99373743162264,45.90824414144227,0.03442793483822985,-0.026731806885863994,-0.92302721438594,34.0707102172367,4265,113293377,45.17475015331213,10.181012721689491,-0.92302721438594,-0.92302721438594
2022-05-01,rape,35.024245144908875,36.81085190412012,48.28224659147661,1.7866067592112471,0.04041791614471338,1.5182458915237387,38.32909779564386,4769,113293377,50.513102809178335,13.702250905058214,1.5182458915237387,1.5182458915237387
2022-06-01,rape,35.08042773097993,37.028491123039046,48.72581297857738,1.9480633920591173,-0.02135330497928092,-0.7822749792634103,36.246216143775634,4517,113293377,47.843926481245234,10.815435358206187,-0.7822749792634103,-0.7822749792634103
2022-07-01,rape,35.12288558867746,36.658642592452324,48.357917696160065,1.535757003774858,0.003665666607928916,0.1346208286563883,36.79326342110871,4562,113293377,48.32056511123328,11.661922518780955,0.1346208286563883,0.1346208286563883
2022-08-01,rape,35.15304735667837,37.3329747917555,49.23300882063615,2.1799274350771296,-0.015573656931879948,-0.5768893349103313,36.75608545684517,4592,113293377,48.63832419789199,11.305349406136493,-0.5768893349103313,-0.5768893349103313
2022-09-01,rape,35.1678587214353,37.449686371454774,49.39507168570813,2.2818276500194754,-0.0209445098011909,-0.7761845753222565,36.67350179613252,4580,113293377,48.511220563228505,11.061534191773731,-0.7761845753222565,-0.7761845753222565
2022-10-01,rape,35.166578515800495,35.169724933523256,46.46553610418771,0.0031464177227565992,0.006501232924971382,0.22938466242467692,35.39910959594793,4479,113293377,47.44143163814421,12.271706704620954,0.22938466242467692,0.22938466242467692
2022-11-01,rape,35.1495449515073,32.67168068258003,43.15089327372079,-2.477864268927266,-0.07865111967869164,-2.4711466273883382,30.200534055191696,3763,113293377,39.85758143655653,7.185900753976497,-2.4711466273883382,-2.4711466273883382
2022-12-01,rape,35.11863321033267,32.46825702444867,42.76061226469517,-2.650376185883998,-0.062360003894297515,-1.9628320153106726,30.505425009137994,3763,113293377,39.85758143655653,7.389324412107861,-1.9628320153106726,-1.9628320153106726
2023-01-01,rape,35.07261004813319,33.56723222032695,44.16098383959634,-1.5053778278062473,0.0811562616316675,2.8376996495971083,36.404931869924056,4520,113293377,47.87570238991111,14.308470169584162,2.8376996495971083,2.8376996495971083
2023-02-01,rape,35.01312977219778,33.747560273440875,44.44607135582266,-1.265569498756902,-0.07143841783955639,-2.326711456233487,31.42084881720739,3889,113293377,41.19216960052307,7.444609327082198,-2.326711456233487,-2.326711456233487
2023-03-01,rape,34.94856628120592,33.630591446906024,44.28682964126673,-1.317974834299897,0.02521365983794139,0.8587059907410498,34.489297437647075,4354,113293377,46.11743544373296,12.486843996826934,0.8587059907410498,0.8587059907410498
2023-04-01,rape,34.86589663093783,34.90023257544304,45.852608633324444,0.03433594450521121,0.003064747317789415,0.10712133991545793,35.0073539153585,4295,113293377,45.49250923997084,10.592276664527802,0.10712133991545793,0.10712133991545793
2023-05-01,rape,34.77550669171487,36.549425546758165,48.00291727059152,1.7739188550432985,-0.015062975778674052,-0.5464010499774173,36.003024496780746,4517,113293377,47.843926481245234,11.294500934487068,-0.5464010499774173,-0.5464010499774173
2023-06-01,rape,34.67223520314242,36.59763180578236,48.205724696976894,1.925396602639939,-0.04060994640504801,-1.456411790478662,35.1412200153037,4379,113293377,46.382234682615206,9.784602876832842,-1.456411790478662,-1.456411790478662
2023-07-01,rape,34.563572248980364,36.07487387157239,47.609762859464134,1.5113016225920268,-0.014413474628617421,-0.5162196750453226,35.558654196527065,4444,113293377,47.07071270370906,10.99583883213667,-0.5162196750453226,-0.5162196750453226
2023-08-01,rape,34.44313545427157,36.579040837945335,48.24587631080225,2.1359053836737596,-0.015212466146640851,-0.5522296769674542,36.02681116097788,4496,113293377,47.62149512058414,11.042454282638808,-0.5522296769674542,-0.5522296769674542
2023-09-01,rape,34.3152845518275,36.541795553585736,48.20788673994899,2.2265110017582357,-0.0763283673999577,-2.685310619493339,33.8564849340924,4204,113293377,44.528640010439446,7.98684445685371,-2.685310619493339,-2.685310619493339
2023-10-01,rape,34.18532205042707,34.188380675851036,45.19338725030381,0.0030586254239677794,-0.031517612297541964,-1.0607031612871503,33.127677514563885,4128,113293377,43.7236503242374,9.535269648386361,-1.0607031612871503,-1.0607031612871503
2023-11-01,rape,34.04542658362852,31.64539499522116,41.838049142554745,-2.400031588407355,-0.06758089598436351,-2.0679088849788703,29.57748611024229,3694,113293377,39.126735537241515,7.481340542020355,-2.0679088849788703,-2.0679088849788703
2023-12-01,rape,33.90542143374565,31.34660301391695,41.34615146459814,-2.5588184198287034,-0.08576968586178103,-2.5764537528022315,28.770149261114717,3581,113293377,37.929842977493735,6.5832399635767835,-2.5764537528022315,-2.5764537528022315
2024-01-01,rape,33.7567957584787,32.307893463100164,42.58988954127422,-1.4489022953785373,0.00854658015297693,0.2772977891295751,32.585191252229734,4052,113293377,42.918660638035355,10.61076717493519,0.2772977891295751,0.2772977891295751
2024-02-01,rape,33.60497602515813,32.39030367096559,42.766156723190235,-1.214672354192539,-0.028725098896689928,-0.9171545328039871,31.473149138161602,3906,113293377,41.37223308296301,8.98192941199742,-0.9171545328039871,-0.9171545328039871
2024-03-01,rape,33.46078657377163,32.198917148246785,42.53091146633255,-1.2618694255248444,0.033625523467914364,1.101083915188977,33.300001063435765,4151,113293377,43.96726562400907,11.768348475762288,1.101083915188977,1.101083915188977
2024-04-01,rape,33.3051037313303,33.33790264926603,43.95593103068899,0.032798917935730636,0.006893869400670268,0.23061471836294348,33.56851736762897,4179,113293377,44.26384077155719,10.925938122291164,0.23061471836294348,0.23061471836294348
2024-05-01,rape,33.15364988982478,34.844839286965296,45.94179658856627,1.6911893971405245,0.03462788955986963,1.2277006420596726,36.07253992902497,4540,113293377,48.0875417810169,13.242702494051606,1.2277006420596726,1.2277006420596726
2024-06-01,rape,32.9970869378239,34.829462968131175,46.064586740552336,1.8323760303072705,0.006083977838915676,0.2125413858998447,35.042004354031015,4419,113293377,46.805913464826816,11.97645049669564,0.2125413858998447,0.2125413858998447
2024-07-01,rape,32.846228811675736,34.28244126944925,45.43250661248434,1.4362124577735114,0.03223062181367939,1.1229106466453231,35.405351916094574,4409,113293377,46.69999376927391,12.417552499824659,1.1229106466453231,1.1229106466453231
2024-08-01,rape,32.691749495806654,34.71905017742776,45.976006174768216,2.027300681621106,0.016894821204205438,0.5915377770463878,35.31058795447415,4435,113293377,46.97538497771146,12.256334800283696,0.5915377770463878,0.5915377770463878
2024-09-01,rape,32.539293813198576,34.65057485880987,45.88620366223354,2.111281045611297,-0.0066024450442622,-0.22801838588907164,34.4225564729208,4324,113293377,45.799676357074254,11.149101498264386,-0.22801838588907164,-0.22801838588907164
2024-10-01,rape,32.39372929039974,32.39662762295844,42.98510396618382,0.002898332558703325,0.06770981591483548,2.2694721038466317,34.66609972680507,4364,113293377,46.22335513928586,13.826727516327416,2.2694721038466317,2.2694721038466317
2024-11-01,rape,32.245265966640794,29.972133491116477,39.7654054967322,-2.2731324755243243,0.04110033943307685,1.2574975770093597,31.229631068125833,3958,113293377,41.92301549983809,11.95088200872161,1.2574975770093597,1.2574975770093597
2024-12-01,rape,32.10340155226313,29.680576947546722,39.25653762962222,-2.4228246047164075,-0.023557903223384087,-0.691023774103713,28.98955317344301,3640,113293377,38.55476918125585,8.874192233709127,-0.691023774103713,-0.691023774103713
2025-01-01,rape,31.95859569875137,30.586873411844266,40.41529995035267,-1.3717222869071048,-0.002061588527855937,-0.06299099029962482,30.523882421544645,3825,113180138,40.554818902942145,9.967945491097879,-0.06299099029962482,-0.06299099029962482
2025-02-01,rape,31.81552388739308,30.66553071917179,40.535104246657426,-1.1499931682212872,-0.08799941223647029,-2.5831604643724213,28.082370254799372,3499,113293377,37.061301473959944,6.395770754788153,-2.5831604643724213,-2.5831604643724213
2025-03-01,rape,31.687719852514512,30.492714420916634,40.303598571648656,-1.1950054315978778,0.09404431417523906,3.006754718241866,33.4994691391585,4190,113293377,44.38035243666539,13.887638015748756,3.006754718241866,3.006754718241866
2025-04-01,rape,31.54772261878044,31.578790910609275,41.62604898690419,0.03106829182883549,0.050040898280310026,1.620392164792781,33.199183075402054,4154,113293377,43.999041532674944,12.42025062206567,1.620392164792781,1.620392164792781
2025-05-01,rape,31.41366992462031,33.0161042461067,43.488346392418684,1.6024343214863928,0.0588529388783458,2.001353186401939,35.01745743250864,4325,113293377,45.81026832662954,12.79416408052284,2.001353186401939,2.001353186401939
2025-06-01,rape,31.276548826458306,33.01338351202843,43.623480576157085,1.7368346855701253,-0.018861333229732376,-0.6168242668075764,32.39655924522086,4065,113293377,43.056356242254125,10.042972730225692,-0.6168242668075764,-0.6168242668075764
2025-07-01,rape,31.145134192236846,32.506967727726575,43.057020322558365,1.361833535489731,0.03095252220095737,1.0218777910118202,33.5288455187384,4212,113293377,44.61337576688176,12.106408039155184,1.0218777910118202,1.0218777910118202
2025-08-01,rape,31.01059140169374,32.93364194489356,43.58704361837719,1.923050543199814,0.003988186541167546,0.131604144915872,33.06524608980943,4154,113293377,43.999041532674944,11.065399587781386,0.131604144915872,0.131604144915872
2025-09-01,rape,30.877247835138718,32.88069156755994,43.520360220137775,2.003443732421226,-0.008221423218362627,-0.2692105712566841,32.61148099630326,4043,113293377,42.82333291203774,9.9426413444778,-0.2692105712566841,-0.2692105712566841
2025-10-01,rape,30.74927850465282,30.752029708640244,40.8150130312298,0.0027512039874223867,0.026901885507467672,0.8384937669448237,31.590523475585066,3985,113293377,42.20899867783093,11.456968969190683,0.8384937669448237,0.8384937669448237
2025-11-01,rape,30.618081977166533,28.459655240132296,37.80816675247897,-2.158426737034238,0.018978780989054936,0.5452744638337442,29.004929703966038,3641,113293377,38.56536115081114,10.105705910678846,0.5452744638337442,0.5452744638337442
2025-12-01,rape,30.49205646753252,28.190836260244975,37.35576915995056,-2.3012202072875443,-0.02767033339631556,-0.769338993470663,27.421497266774313,3463,113293377,36.679990569969505,8.48915430972453,-0.769338993470663,-0.769338993470663
2026-01-01,rape,30.3627323386925,29.05950581254166,38.481578531824766,-1.303226526150839,-0.010586492337256663,-0.306008229371282,28.75349758317038,3611,113293377,38.24760206415243,9.188096251610773,-0.306008229371282,-0.306008229371282
2026-02-01,rape,30.23425728282157,29.14141865455329,38.70326847217293,-1.0928386282682776,-0.06045126247152834,-1.7094068427425018,27.43201181181079,3412,113293377,36.13980012264972,6.998381468096426,-1.7094068427425018,-1.7094068427425018
2026-03-01,rape,30.118888848251117,28.98304565043445,38.56878127242048,-1.1358431978166639,0.06946839260365907,2.0849335600047567,31.067979210439205,3969,113293377,42.03952716494628,13.05648151451183,2.0849335600047567,2.0849335600047567
2026-04-01,rape,29.99184393372484,30.02138002989359,39.913540328428596,0.029536096168741623,0.031014495283771887,0.9456627465043749,30.96704277639796,3875,113293377,41.04388202674901,11.022501996855421,0.9456627465043749,0.9456627465043749
2026-05-01,rape,29.869522339845776,31.393190622251243,41.79592371846132,1.523668282405465,-0.027351709263396428,-0.8469993220665493,30.54619130018469,3825,113293377,40.51428354898451,9.121092926733265,-0.8469993220665493,-0.8469993220665493
2026-06-01,rape,29.7437065208568,31.395422351286015,42.07503599171715,1.6517158304292192,-0.09202218849749497,-2.7600654692122557,28.63535688207376,3609,113293377,38.22641812504186,6.830995773755845,-2.7600654692122557,-2.7600654692122557
2017-01-01,robbery,58.91933273483793,58.05850663538644,162.20669014954103,-0.8608260994514828,0.09761535346925704,5.952921347828638,64.01142798321507,17541,117059345,179.8164853903804,121.75797875499396,5.952921347828638,5.952921347828638
2017-02-01,robbery,58.42496434072649,52.51023363639385,146.76550323098647,-5.9147307043326425,-0.036397463492685855,-1.8767961680543432,50.6334374683395,13976,117059345,143.27091954939607,90.76068591300222,-1.8767961680543432,-1.8767961680543432
2017-03-01,robbery,57.98210040615761,50.942291388099896,142.43719135815823,-7.039809018057714,-0.005069083510449951,-0.2575664578296604,50.68472493027024,13829,117059345,141.76399158905252,90.82170020095262,-0.2575664578296604,-0.2575664578296604
2017-04-01,robbery,57.4959125077503,53.57868128303959,150.23701953581258,-3.91723122471071,-9.41425025905222e-4,-0.05041432705146407,53.52826695598813,14695,117059345,150.64153998128043,97.06285869824083,-0.05041432705146407,-0.05041432705146407
2017-05-01,robbery,57.02960323764711,56.650725599210524,160.15164239558624,-0.37887763843657446,0.017811444866077532,1.0180220929049266,57.66874769211545,15910,117059345,163.09676087799738,106.44603527878687,1.0180220929049266,1.0180220929049266
2017-06-01,robbery,56.55215380996141,57.8517726259576,165.03684322283274,1.2996188159961932,-0.03334816105129861,-1.8973479070074635,55.95442471895014,15594,117059345,159.85737832378953,102.00560569783192,-1.8973479070074635,-1.8973479070074635
2017-07-01,robbery,56.09442991594176,58.59940629383009,167.75250776671677,2.504976377888332,0.014715802297366071,0.868670458334107,59.4680767521642,16711,117059345,171.30798058027744,112.70857428644734,0.868670458334107,0.868670458334107
2017-08-01,robbery,55.62597880101937,59.208931838690624,169.46385095960943,3.582953037671249,0.0030131390274610076,0.17866495009860475,59.38759678878923,16683,117059345,171.02094668306918,111.81201484437855,0.17866495009860475,0.17866495009860475
2017-09-01,robbery,55.16219226630516,58.34860506965821,167.15588367820655,3.186412803353057,-0.013166826594728535,-0.7631936524193585,57.58541141723885,15888,117059345,162.87123424447657,104.52262917481835,-0.7631936524193585,-0.7631936524193585
2017-10-01,robbery,54.7178622173409,57.041709896427285,163.5107414809736,2.323847679086384,0.06179948276566762,3.6361694230894774,60.67787931951676,16993,117059345,174.19882197358956,117.15711207716228,3.6361694230894774,3.6361694230894774
2017-11-01,robbery,54.26341988300564,57.101423293782176,163.15158554123062,2.8380034107765377,0.0019359636632725603,0.11064808090655617,57.21207137468873,16042,117059345,164.4499206791222,107.34849738534001,0.11064808090655617,0.11064808090655617
2017-12-01,robbery,53.82823239580699,56.61988978084299,161.0877432611934,2.7916573850359954,0.007250628180910135,0.4120020893843792,57.03189187022737,15910,117059345,163.09676087799738,106.4768710971544,0.4120020893843792,0.4120020893843792
2018-01-01,robbery,53.38333496404231,52.60338762260759,149.47202469451295,-0.7799473414347178,0.056993994042974824,3.085016693500219,55.688404316107814,15375,117059345,157.61236319919607,105.00897557658848,3.085016693500219,3.085016693500219
2018-02-01,robbery,52.94335824816627,47.58354338385258,135.37109970685756,-5.35981486431368,-0.082716230422918,-3.777407696106143,43.80613568774643,12131,117059345,124.35743596549256,76.77389258163998,-3.777407696106143,-3.777407696106143
2018-03-01,robbery,52.55022572697697,46.169894181389104,131.3659097369502,-6.380331545587863,-0.03934860338581822,-1.7813764769466818,44.38851770444242,12441,117059345,127.5353112560129,81.36541707462379,-1.7813764769466818,-1.7813764769466818
2018-04-01,robbery,52.11973262438256,48.56876895466976,138.4194793510049,-3.5509636697127966,-0.05907871364900753,-2.7861592391241268,45.78260971554563,12524,117059345,128.3861617370232,79.81739278235344,-2.7861592391241268,-2.7861592391241268
2018-05-01,robbery,51.70792505280979,51.36440060712046,147.3946443198325,-0.34352444568933777,-0.04109652378712102,-2.06802619764536,49.29637440947509,13977,117059345,143.28117076001067,91.91677015289021,-2.06802619764536,-2.06802619764536
2018-06-01,robbery,51.287384587914836,52.46601961256787,151.7549089287518,1.178635024653033,-0.057178407158409175,-2.915649153313103,49.550370459254765,14080,117059345,144.33704545331258,91.87102584074472,-2.915649153313103,-2.915649153313103
2018-07-01,robbery,50.885274622038835,53.15763908256109,154.10455767924273,2.2723644605222573,-0.010413557219689073,-0.5506636884776238,52.60697539408347,14959,117059345,153.34785958353004,100.19022050096895,-0.5506636884776238,-0.5506636884776238
2018-08-01,robbery,50.47481882647604,53.72599275093915,155.50202846067214,3.2511739244631106,-0.005111434342577156,-0.2739040344684735,53.452088716470676,15055,117059345,154.3319758025299,100.60598305159075,-0.2739040344684735,-0.2739040344684735
2018-09-01,robbery,50.06953315433032,52.96178437148947,153.2215343575278,2.8922512171591506,-0.06094034481015121,-3.131004224173024,49.83078014731645,13996,117059345,143.47594376168772,90.51415939019824,-3.131004224173024,-3.131004224173024
2018-10-01,robbery,49.68226988271621,51.79226702006566,149.7235682450736,2.1099971373494535,0.0014005500546492443,0.07258534511567552,51.864852365181335,14549,117059345,149.14486323155148,97.35259621148583,0.07258534511567552,0.07258534511567552
2018-11-01,robbery,49.287236405149955,51.86499423423056,149.20076491816735,2.577757829080608,-0.02675697268664733,-1.3692911029005914,50.49570313132997,14170,117059345,145.25965440862495,93.3946601743944,-1.3692911029005914,-1.3692911029005914
2018-12-01,robbery,48.91001581965585,51.44661398475136,147.1308390918157,2.536598165095514,0.03248004295824372,1.6983461019415795,53.14496008669294,14731,117059345,151.01058356340536,99.563969578654,1.6983461019415795,1.6983461019415795
2019-01-01,robbery,48.525876752732565,47.81689557797698,136.48780049540932,-0.7089811747555864,0.002592977519157489,0.124144063662045,47.94103964163902,13323,116912901,136.74795393196172,88.93105835398474,0.124144063662045,0.124144063662045
2019-02-01,robbery,48.14797800653367,43.27361446694405,123.34016672829851,-4.874363539589621,-0.0867317251130768,-3.5949210303945636,39.678693436549494,10933,117059345,112.07648564922346,68.8028711822794,-3.5949210303945636,-3.5949210303945636
2019-03-01,robbery,47.81241428659007,42.007299100846424,119.50790324521017,-5.805115185743644,-0.006045540973220229,-0.2531819294518601,41.75411717139456,11633,117059345,119.25233307943077,77.24503397858435,-0.2531819294518601,-0.2531819294518601
2019-04-01,robbery,47.447708326358494,44.215042092271496,125.7027291085356,-3.232666234086995,0.006062550697872285,0.26886016318126865,44.48390225545276,12321,117059345,126.3051659822631,82.09012388999162,0.26886016318126865,0.26886016318126865
2019-05-01,robbery,47.10199330187062,46.7890674240799,133.87073288724915,-0.31292587779072145,0.03453231209582842,1.6438897682461995,48.4329571923261,13710,116846487,140.80012521043957,94.01105778635967,1.6438897682461995,1.6438897682461995
2019-06-01,robbery,46.75264771638332,47.82707413854211,137.47018319788293,1.0744264221587865,-0.004823684766869659,-0.2301380753463308,47.59693606319578,13585,117059345,139.26269619909456,91.43562206055245,-0.2301380753463308,-0.2301380753463308
2019-07-01,robbery,46.42260569390113,48.49569049035577,139.46639560859833,2.0730847964546397,0.08182427811981718,4.134807974007977,52.63049846436375,14908,117059345,152.82504784218636,104.3293573518306,4.134807974007977,4.134807974007977
2019-08-01,robbery,46.090265876292484,49.05903440038381,140.62608054715682,2.968768524091317,0.06343438393780033,3.2127151298274352,52.27174953021124,14921,117059345,152.9583135801759,103.8992791797921,3.2127151298274352,3.2127151298274352
2019-09-01,robbery,45.76716904242859,48.4109055434954,138.63860228567103,2.643736501066812,0.02949367438275429,1.4490195773000165,49.859925120795424,14165,116959726,145.3320778128362,96.92117226934079,1.4490195773000165,1.4490195773000165
2019-10-01,robbery,45.463663134390394,47.394503872273944,135.40182861427982,1.9308407378835468,0.07586403136550948,3.7352803252501805,51.129784197524124,14471,117059345,148.34526880361412,100.95076493134017,3.7352803252501805,3.7352803252501805
2019-11-01,robbery,45.159885316750284,47.52178827127204,135.0433704512122,2.3619029545217542,0.002611187967142218,0.12424553841284766,47.64603380968489,13366,117059345,137.01768107450113,89.49589280322908,0.12424553841284766,0.12424553841284766
2019-12-01,robbery,44.87578132110585,47.2031620262474,133.35338493841866,2.3273807051415534,0.07046310837909325,3.445920629314465,50.64908265556187,14053,117059345,144.0602627667189,96.8571007404715,3.445920629314465,3.445920629314465
2020-01-01,robbery,44.59276634931045,43.94124728154208,123.82542644811754,-0.6515190677683781,0.13603770629747994,6.403073739910399,50.34432102145247,14192,117059345,145.48518104214577,101.5439337606037,6.403073739910399,6.403073739910399
2020-02-01,robbery,44.320838604506314,39.83391084649422,112.24457660025418,-4.486927758012095,0.08074050498594114,3.3494948682276795,43.1834057147219,12158,117059345,124.63421865208625,84.80030780559203,3.3494948682276795,3.3494948682276795
2020-03-01,robbery,44.07680517218078,38.725232056542346,108.9954698654951,-5.351573115638426,0.09784369382318858,3.980440381078139,42.70567243762049,11725,117059345,120.19544445597231,81.47021239942995,3.980440381078139,3.980440381078139
2020-04-01,robbery,43.82733719037013,40.84132255659985,115.02459116409263,-2.9860146337702793,-0.12026140659602579,-4.6276469555240585,36.213675601075785,9721,117059345,99.65201838435027,58.81069582775042,-4.6276469555240585,-4.6276469555240585
2020-05-01,robbery,43.59744737350047,43.3078033879201,122.78395547539176,-0.2896439855803643,-0.08952073121786319,-3.7083547544234032,39.5994486334967,10750,117059345,110.200514106755,66.89271071883489,-3.7083547544234032,-3.7083547544234032
2020-06-01,robbery,43.3721452073775,44.36888689734578,126.81738374371221,0.9967416899682847,-0.04155461443761533,-1.8058853013902103,42.563001595955576,11777,117059345,120.72850740793058,76.35962051058479,-1.8058853013902103,-1.8058853013902103
2020-07-01,robbery,43.166286851113135,45.0939603485323,129.17557909234282,1.9276734974191678,-0.027998925450515237,-1.2450252789900806,43.84893506954222,12313,117059345,126.22315629734643,81.12919594881413,-1.2450252789900806,-1.2450252789900806
2020-08-01,robbery,42.96648387214098,45.734050861367194,130.80285292349694,2.767566989226217,-0.015346333467398502,-0.6964658864382876,45.03758497492891,12750,117059345,130.7029353359187,84.96888447455152,-0.6964658864382876,-0.6964658864382876
2020-09-01,robbery,42.78015282153469,45.25135109969855,129.46700328653426,2.471198278163869,-0.044319994145063525,-1.9616754510615766,43.28967564863697,12197,117059345,125.03401586605496,79.7826647663564,-1.9616754510615766,-1.9616754510615766
2020-10-01,robbery,42.61298897993886,44.422766133392045,127.16270462235926,1.809777153453178,0.05529359624879806,2.525373501030656,46.9481396344227,13222,117059345,135.54150674600135,91.1187406126093,2.525373501030656,2.525373501030656
2020-11-01,robbery,42.45396399826289,44.67435008288305,127.43296535484049,2.220386084620155,0.020496355504636212,0.9250745094159095,45.59942459229896,12557,117059345,128.72445168730442,84.05010160442137,0.9250745094159095,0.9250745094159095
2020-12-01,robbery,42.31260643102004,44.50705880947653,126.42699991524664,2.1944523784564853,0.042744236964309575,1.9435893355823202,46.45064814505885,12732,117059345,130.51841354485623,86.0113547353797,1.9435893355823202,1.9435893355823202
2021-01-01,robbery,42.17853369332899,41.56228635812468,118.04299523838348,-0.6162473352043041,0.02206127353687843,0.9270731086528634,42.48935946677755,11921,117059345,122.20468173643035,80.64239537830566,0.9270731086528634,0.9270731086528634
2021-02-01,robbery,42.055701375200165,37.79808306357532,107.62653108235128,-4.257618311624849,-0.05396972227711376,-1.9858220436667737,35.81226101990854,9812,117059345,100.58487855027721,62.78679548670189,-1.9858220436667737,-1.9858220436667737
2021-03-01,robbery,41.95363175546859,36.85983523476583,105.03226671357167,-5.0937965207027505,-0.03885559175720793,-1.4047014163434772,35.455133818422354,9847,117059345,100.94367092178759,64.08383568702175,-1.4047014163434772,-1.4047014163434772
2021-04-01,robbery,41.84959835170448,38.99832530990011,111.42831976663453,-2.851273041804366,-0.12765908504746437,-4.673683572139766,34.324641737760345,9428,117059345,96.64841367427778,57.650088364377666,-4.673683572139766,-4.673683572139766
2021-05-01,robbery,41.75706598198601,41.47964833090177,119.65841901156443,-0.2774176510842466,-0.027892645653778345,-1.140952182074735,40.33869614882703,11354,117059345,116.39224531796245,74.91259698706068,-1.140952182074735,-1.140952182074735
2021-06-01,robbery,41.668989606520476,42.62659221588895,124.40215763517119,0.9576026093684685,-0.09037459087507417,-3.683291224118178,38.94330099177077,11079,117059345,113.57316239895242,70.94657018306347,-3.683291224118178,-3.683291224118178
2021-07-01,robbery,41.59022353764706,43.44751744725021,127.42518833874396,1.8572939096031473,-0.022638026408881545,-0.9724821636150247,42.47503528363518,12154,117059345,124.59321380962794,81.14569636237772,-0.9724821636150247,-0.9724821636150247
2021-08-01,robbery,41.5146614240977,44.18871673736406,129.72025599430947,2.674055313266354,-0.06083730307673637,-2.6080902451532713,41.58062649221079,12000,117059345,123.01452737498232,78.82581063761826,-2.6080902451532713,-2.6080902451532713
2021-09-01,robbery,41.44416379340542,43.838191398854896,129.14118251672141,2.394027605449482,-0.03739495971664454,-1.6089980087350662,42.22919339011984,12221,117059345,125.2800449208049,81.44185352195001,-1.6089980087350662,-1.6089980087350662
2021-10-01,robbery,41.379950169203006,43.137361945311774,127.49743677558439,1.7574117761087737,0.053842307414083246,2.3861895320612483,45.523551477373026,13364,117059345,136.997178653272,93.85981670796022,2.3861895320612483,2.3861895320612483
2021-11-01,robbery,41.31690700059404,43.47782598673575,128.225518137738,2.1609189861417213,-0.0013041344511564472,-0.05666192363296336,43.4211640631028,12706,117059345,130.25188206887714,86.77405608214139,-0.05666192363296336,-0.05666192363296336
2021-12-01,robbery,41.25831013139354,43.3980856760909,127.56897644558936,2.139775544697357,0.015632251118116107,0.6837149307362931,44.081800606827194,13182,117059345,135.13145832141808,91.73337264532718,0.6837149307362931,0.6837149307362931
2022-01-01,robbery,41.19943152476945,40.59748882834685,119.5682453110364,-0.6019426964226083,0.05705208042773025,2.3834316466656893,42.98092047501253,12400,117059345,127.11501162081507,86.51752279246821,2.3834316466656893,2.3834316466656893
2022-02-01,robbery,41.14142172515829,36.976360039666645,109.42824934361332,-4.165061685491644,0.03488380019308075,1.3125958614861029,38.28895590115275,11135,117059345,114.14723019336903,77.17087015370238,1.3125958614861029,1.3125958614861029
2022-03-01,robbery,41.08907843314089,36.10024842028684,106.98177733548168,-4.988830012854053,0.0876579226727843,3.307202707697053,39.40745112798389,11442,117059345,117.29435185204565,81.1941034317588,3.307202707697053,3.307202707697053
2022-04-01,robbery,41.03042098846264,38.23495789467587,113.71470234513343,-2.795463093786761,0.03597848243653853,1.4006356115563852,39.63559350623226,11482,116946106,117.81837353353177,79.5834156388559,1.4006356115563852,1.4006356115563852
2022-05-01,robbery,40.97219743701567,40.69999396939683,122.30201782854395,-0.2722034676188467,0.04453931754304279,1.8536596168379298,42.55365358623476,12633,117059345,129.50354369401265,88.80354972461582,1.8536596168379298,1.8536596168379298
2022-06-01,robbery,40.90972770549202,41.84988218791841,127.47207563422484,0.9401544824263911,0.004870623728853255,0.20432507715192394,42.05420726507033,12711,117059345,130.30313812195,88.4532559340316,0.20432507715192394,0.20432507715192394
2022-07-01,robbery,40.8462826815189,42.670355618258526,130.72440619442148,1.824072936739622,0.04785257684888593,2.0914519068029036,44.76180752506143,13577,117059345,139.18068651417792,96.5103308959194,2.0914519068029036,2.0914519068029036
2022-08-01,robbery,40.776845009903056,43.40337758128889,133.11191226617143,2.626532571385837,-0.021165266747300085,-0.9089584276024257,42.494419153686465,12857,117059345,131.79981487167896,88.39643729039007,-0.9089584276024257,-0.9089584276024257
2022-09-01,robbery,40.70267184924624,43.053868611229376,132.55223033837822,2.3511967619831466,-0.032106180660262953,-1.3602934940804852,41.69357511714889,12420,117059345,127.32003583310669,84.26616722187731,-1.3602934940804852,-1.3602934940804852
2022-10-01,robbery,40.625608436380084,42.350984353320925,130.79813363456972,1.7253759169408387,-0.00925667057689786,-0.39020660927652306,41.9607777440444,12633,117059345,129.50354369401265,87.15255934069172,-0.39020660927652306,-0.39020660927652306
2022-11-01,robbery,40.53961846468991,42.65988586379006,131.23357196707246,2.1202673991001495,-0.10324016250247461,-4.184359429432345,38.47552643435771,11646,117059345,119.38559881742034,76.72571295363028,-4.184359429432345,-4.184359429432345
2022-12-01,robbery,40.44937313980772,42.547196355099345,130.14795872525676,2.0978232152916414,-0.10096526981024759,-4.085913411042331,38.46128294405702,11300,117059345,115.83867994477501,73.29148358967566,-4.085913411042331,-4.085913411042331
2023-01-01,robbery,40.347952624686556,39.758450015516736,121.63086909317323,-0.5895026091698174,0.009348034914465723,0.3733934778079581,40.131843493324695,11902,117059345,122.0099087347533,82.25145871923655,0.3733934778079581,0.3733934778079581
2023-02-01,robbery,40.237327236408724,36.16379121218765,110.95259508958794,-4.073536024221073,-0.043939792045881165,-1.5545795731189085,34.60921163906874,10073,117059345,103.26044452068308,67.09665330849543,-1.5545795731189085,-1.5545795731189085
2023-03-01,robbery,40.12874900348153,35.25651395209874,108.02540408702025,-4.87223505138279,0.057506641521853245,2.0868493933017676,37.34336334540051,11028,117059345,113.05035065760876,77.79383670551002,2.0868493933017676,2.0868493933017676
2023-04-01,robbery,39.99814127739542,37.273006738127805,114.1918115060171,-2.7251345392676156,-0.002082775963720518,-0.077548130528025,37.195458607599775,11161,117059345,114.41376166934813,77.14075493122033,-0.077548130528025,-0.077548130528025
2023-05-01,robbery,39.860562213430754,39.595743777534516,122.39389379120458,-0.2648184358962374,0.05022279444038154,2.0393214803507536,41.63506525788527,12478,117059345,127.91460604875245,88.31886227121794,2.0393214803507536,2.0393214803507536
2023-06-01,robbery,39.70602609987226,40.618519015803066,127.03404424351722,0.912492915930801,0.008017282727919997,0.326947904991169,40.94546692079423,12298,117059345,126.0693881381277,85.45086912232463,0.326947904991169,0.326947904991169
2023-07-01,robbery,39.54374815591012,41.30965579514208,129.61942848307052,1.7659076392319528,0.0632415310899463,2.6967651058329376,44.006420900975016,13464,117059345,138.02229971473017,96.71264391958809,2.6967651058329376,2.6967651058329376
2023-08-01,robbery,39.362149182570334,41.89756104734152,131.2069741920255,2.535411864771183,4.011099789680626e-4,0.016808313602000264,41.91436936094352,13099,117059345,134.28060784040778,92.38304679306626,0.016808313602000264,0.016808313602000264
2023-09-01,robbery,39.16566877054436,41.42808335354927,129.90475951187742,2.2624145830049134,-0.0016664780412599363,-0.06897911964995178,41.359104233899316,12744,117059345,130.64142807223124,89.21334471868197,-0.06897911964995178,-0.06897911964995178
2023-10-01,robbery,38.960683842775254,40.615352546273456,127.48949141232669,1.6546687034982062,0.01780624101638499,0.7296588003057926,41.34501134657925,13200,117059345,135.31598011248056,94.7006275662071,0.7296588003057926,0.7296588003057926
2023-11-01,robbery,38.73286986650943,40.7586455023192,127.14568633387924,2.0257756358097634,-0.0366863697500026,-1.4681427079965337,39.29050279432266,12070,117059345,123.73211211800304,82.97346661568385,-1.4681427079965337,-1.4681427079965337
2023-12-01,robbery,38.496331989655346,40.49286817653172,125.31970797512258,1.9965361868763785,0.021403103341122064,0.8759841137776674,41.36885229030939,12597,117059345,129.1345001118877,88.64163193535597,0.8759841137776674,0.8759841137776674
2024-01-01,robbery,38.23472502557558,37.676096698457194,116.38415652831304,-0.5586283271183823,-0.008236397595978042,-0.30903125016337274,37.36706544829382,11443,117059345,117.30460306266022,79.62850636420302,-0.30903125016337274,-0.30903125016337274
2024-02-01,robbery,37.95511374355541,34.11261728456803,105.50166564910991,-3.8424964589873807,-0.005192975355605992,-0.17668182197355464,33.93593546259447,10300,117059345,105.58746933019316,71.47485204562513,-0.17668182197355464,-0.17668182197355464
2024-03-01,robbery,37.67680512848597,33.10226481297311,102.08453103610289,-4.57454031551285,0.027004864958619736,0.9060760241399969,34.00834083711311,10550,117059345,108.15027198383862,75.0480071708655,0.9060760241399969,0.9060760241399969
2024-04-01,robbery,37.36099531029613,34.815528346066515,107.18426512908776,-2.5454669642296195,-0.0018802178290363689,-0.06539738155389176,34.75013096451262,10654,117059345,109.21639788775514,74.40086954168862,-0.06539738155389176,-0.06539738155389176
2024-05-01,robbery,37.03700754136533,36.790947155153226,114.12392224137729,-0.24606038621209791,0.027293973866197273,1.0179685196121764,37.8089156747654,11646,117059345,119.38559881742034,82.59465166226713,1.0179685196121764,1.0179685196121764
2024-06-01,robbery,36.68292761420909,37.52594821180683,117.60268373545561,0.8430205975977348,0.011666722571019682,0.44035472890268607,37.96630294070951,11568,117059345,118.58600438948295,81.06005617767613,0.44035472890268607,0.44035472890268607
2024-07-01,robbery,36.32135654717126,37.94336619268727,119.1025744120539,1.6220096455160093,0.04262263369301796,1.6521522625889913,39.59551845527626,12146,117059345,124.51120412471127,86.56783793202399,1.6521522625889913,1.6521522625889913
2024-08-01,robbery,35.92799996379608,38.242216965792146,119.60526839203672,2.314217001996064,0.015387683978161468,0.5929907818687848,38.83520774766093,11828,117059345,121.25131914927425,83.0091021834821,0.5929907818687848,0.5929907818687848
2024-09-01,robbery,35.514794737535766,37.56632227765683,117.4849490637596,2.05152754012106,0.009072982381219546,0.3423786619602691,37.90870093961709,11683,117059345,119.76489361015987,82.19857133250304,0.3423786619602691,0.3423786619602691
2024-10-01,robbery,35.09750093259847,36.58810442165094,114.4084016350678,1.4906034890524669,0.04628679049159044,1.7332967635084964,38.32140118515944,11758,117059345,120.5337344062535,83.94562998460256,1.7332967635084964,1.7332967635084964
2024-11-01,robbery,34.65013767623758,36.4623880010878,113.15696832932178,1.812250324850225,0.0038367772166246253,0.14016250657140547,36.60255050765921,10979,117059345,112.54804133749425,76.08565333640645,0.14016250657140547,0.14016250657140547
2024-12-01,robbery,34.20329548431199,35.977188491692424,110.65965412404212,1.7738930073804335,-0.028719548387377863,-1.0185227417606364,34.95866574993179,10343,117059345,106.02827138662019,70.05108289492776,-1.0185227417606364,-1.0185227417606364
2025-01-01,robbery,33.72895076450672,33.23615221436798,102.026716214574,-0.49279855013873936,-0.03889809306071097,-1.2679678627542905,31.968184351613694,9533,117059345,97.72479078880887,64.4886385744409,-1.2679678627542905,-1.2679678627542905
2025-02-01,robbery,33.243539684512406,29.878021268096518,91.87656457228626,-3.36551841641589,-0.08837558174808091,-2.527115125306057,27.35090614279046,8141,117059345,83.45510561331092,53.5770843452144,-2.527115125306057,-2.527115125306057
2025-03-01,robbery,32.797019370676196,28.814945442972824,88.37908543695389,-3.9820739277033654,0.014394734238089952,0.4177730294135682,29.232718472386395,8675,117059345,88.92925208149762,60.114306638524795,0.4177730294135682,0.4177730294135682
2025-04-01,robbery,32.29523541697384,30.09489847275994,92.09825512026607,-2.200336944213898,0.01940257388505967,0.5896049905675823,30.684503463327523,9099,117059345,93.27576538208035,63.180866909320414,0.5896049905675823,0.5896049905675823
2025-05-01,robbery,31.803670044514888,31.59237713084945,97.32209802652152,-0.21129291366544112,0.047854978847358266,1.5485686252078117,33.14094575605726,9982,117059345,102.32758435475611,70.73520722390666,1.5485686252078117,1.5485686252078117
2025-06-01,robbery,31.291049050321607,32.01016068726277,99.54316157722344,0.7191116369411618,-0.029134949412986097,-0.9191357462250582,31.09102494103771,9633,117059345,98.74991185026707,66.7397511630043,-0.9191357462250582,-0.9191357462250582
2025-07-01,robbery,30.79181605284677,32.16689858873689,100.17214268939486,1.3750825358901242,-0.0015923412790155114,-0.05117855194233746,32.115720036794556,9855,117059345,101.02568060670424,68.85878201796734,-0.05117855194233746,-0.05117855194233746
2025-08-01,robbery,30.27405532305792,32.224096655483606,100.09272881858162,1.9500413324256844,-0.015932869371129154,-0.5093403518551892,31.714756303628416,9660,116982353,99.09186901036261,66.86777235487901,-0.5093403518551892,-0.5093403518551892
2025-09-01,robbery,29.75569684370541,31.474556319102533,97.8308657403454,1.718859475397121,-0.029632270676093024,-0.9189562029468561,30.555600116155677,9232,117059345,94.63917639381974,63.164620074717206,-0.9189562029468561,-0.9189562029468561
2025-10-01,robbery,29.254681155741494,30.497144293884375,94.83526668755736,1.242463138142879,-0.00115719834299552,-0.035269937885752015,30.46187435599862,9260,117059345,94.92621029102803,64.42906599714365,-0.035269937885752015,-0.035269937885752015
2025-11-01,robbery,28.73876862939757,30.24185393485865,93.34652470708527,1.503085305461082,-0.07814542403992647,-2.2732294669816335,27.968624467877017,8412,117059345,86.23318368986261,55.99132975500396,-2.2732294669816335,-2.2732294669816335
2025-12-01,robbery,28.24229039988941,29.707034148230274,90.97698866273933,1.4647437483408587,-0.08573496889978645,-2.440750086366818,27.266284061863452,8118,117059345,83.21932776917554,53.51229362094526,-2.440750086366818,-2.440750086366818
2026-01-01,robbery,27.733173570052323,27.327974632441684,83.79013930152387,-0.405198937610637,-0.07624227219870369,-2.0060580480834904,25.321916584358195,7565,117059345,77.55040829931177,50.22243366687009,-2.0060580480834904,-2.0060580480834904
2026-02-01,robbery,27.22900578179462,24.472375949077033,75.4749907341519,-2.7566298327175858,-0.05951715556008767,-1.4140021496836845,23.058373799393348,6900,117059345,70.73335324061483,46.2609772915378,-1.4140021496836845,-1.4140021496836845
2026-03-01,robbery,26.778646587189574,23.527283435160584,72.58408822450549,-3.2513631520289894,0.08191834690473745,2.008415162112716,25.5356985972733,7816,117059345,80.12346216357182,56.59617872841123,2.008415162112716,2.008415162112716
2026-04-01,robbery,26.286377006004557,24.49542686722491,75.52051320873024,-1.790950138779647,0.06469474622507973,1.6370750454016916,26.1325019126266,7948,117059345,81.47662196469662,56.98119509747171,1.6370750454016916,1.6370750454016916
2026-05-01,robbery,25.817054358139398,25.645533660564837,79.66605374131689,-0.17152069757455632,0.10595939663253265,2.8665058769560057,28.512039537520845,8730,117059345,89.49306866529965,63.84753500473481,2.8665058769560057,2.8665058769560057
2026-06-01,robbery,25.340102442715665,25.922456040533152,81.40542730019504,0.582353597817489,0.02382841196912145,0.6250952332121084,26.54755127374526,8215,117059345,84.21369519878999,58.29123915825684,0.6250952332121084,0.6250952332121084
2017-01-01,assault,157.17379343604588,138.68013468988121,273.1291026079964,-18.49365874616468,0.03916248810604493,5.5381423239244345,144.21827701380565,28331,116047961,292.95818476293607,154.27805007305486,5.5381423239244345,5.5381423239244345
2017-02-01,assault,156.19350889639483,135.37473186322643,266.99991037955357,-20.818777033168406,-0.05042986527108383,-6.6569323486381125,128.7177995145883,24445,116047961,252.77479886096404,117.40006699773761,-6.6569323486381125,-6.6569323486381125
2017-03-01,assault,155.31817282733746,143.44328031384455,284.11228673928105,-11.874892513492929,0.0013707564912841344,0.19673708001862542,143.64001739386316,27885,116047961,288.34629847567936,144.9030181618348,0.19673708001862542,0.19673708001862542
2017-04-01,assault,154.36539299747136,158.0546070308281,314.9101216418156,3.6892140333567425,-0.02517330124041464,-3.928589962565838,154.12601706826226,30085,116047961,311.09551334555545,153.04090631472735,-3.928589962565838,-3.928589962565838
2017-05-01,assault,153.46470240171533,166.93819999009537,334.6328725161732,13.473497588380038,-0.009374996012602674,-1.5575170036697814,165.3806829864256,32813,116047961,339.30453978420184,172.36633979410647,-1.5575170036697814,-1.5575170036697814
2017-06-01,assault,152.5612758102355,167.57646691622594,337.5515417028816,15.015191105990455,-0.02959456204525289,-4.8860233128554835,162.69044360337045,31996,116047961,330.8563086257069,163.27984170948096,-4.8860233128554835,-4.8860233128554835
2017-07-01,assault,151.71828423399322,167.34554210878923,337.3797652660769,15.627257874795987,0.018613939121403973,3.143684586110135,170.48922669489937,33572,116047961,347.1530189143091,179.80747680551985,3.143684586110135,3.143684586110135
2017-08-01,assault,150.88452522282995,166.32614119874566,334.09837318438326,15.441615975915706,-0.032407005500122106,-5.303017336250136,161.02312386249554,31916,116047961,330.0290644486205,163.70292324987483,-5.303017336250136,-5.303017336250136
2017-09-01,assault,150.09369226202543,159.54550337595148,319.21064519467046,9.451811113926038,-0.01019048647185652,-1.6173773936988685,157.92812598225262,30663,116047961,317.07235252500476,157.52684914905328,-1.6173773936988685,-1.6173773936988685
2017-10-01,assault,149.37390603515178,149.90174469206295,299.68137945347087,0.5278386569111627,0.03451704361387396,5.263819142590088,155.16556383465303,30601,116047961,316.43123828776277,166.52949359569982,5.263819142590088,5.263819142590088
2017-11-01,assault,148.68193429532474,143.06046833378988,286.3369961728036,-5.621465961534842,-0.004557756779005639,-0.650473962039743,142.40999437175014,27888,116047961,288.3773201323201,145.31685179853022,-0.650473962039743,-0.650473962039743
2017-12-01,assault,148.06692319680104,137.3120358404157,274.9143025632254,-10.754887356385343,0.005133885843478439,0.7066756813491883,138.01871152176489,26414,116047961,273.1353461695031,135.82331032908743,0.7066756813491883,0.7066756813491883
2018-01-01,assault,147.4925447778558,130.13789455025486,260.57801065118554,-17.35465022760096,0.04314606354274617,5.737180477113902,135.87507502736875,26533,116047961,274.3658718829192,144.22797733266432,5.737180477113902,5.737180477113902
2018-02-01,assault,146.9850391663842,127.39351366724702,255.6678533211575,-19.591525499137187,-0.020329905157187418,-2.563482665469036,124.830031001778,24093,116047961,249.1349244817839,121.74141081453689,-2.563482665469036,-2.563482665469036
2018-03-01,assault,146.5881171099236,135.38060803454403,272.9162443802961,-11.207509075379564,0.04714915401963832,6.535179733612719,141.91578776815675,27921,116047961,288.71855835536826,153.33795032082423,6.535179733612719,6.535179733612719
2018-04-01,assault,146.2211731533209,149.71577089043762,303.62645677498284,3.494597737116706,-0.007401164395510362,-1.103843901936795,148.61192698850084,29336,116047961,303.350439737584,153.63466884714637,-1.103843901936795,-1.103843901936795
2018-05-01,assault,145.94306529197328,158.75628498696935,324.0343700247967,12.813219694996082,0.04122808248505545,6.681092858392822,165.43737784536216,33336,116047961,344.71264859190416,185.9563636049348,6.681092858392822,6.681092858392822
2018-06-01,assault,145.7400916128026,160.08402640780514,328.4999101701301,14.343934795002543,0.006691400444863634,1.0746338594252958,161.15866026723043,32253,116047961,333.513830544597,173.42980413679186,1.0746338594252958,1.0746338594252958
2018-07-01,assault,145.63008398295673,160.63033016547567,329.9336593946681,15.000246182518941,0.0408645769023326,6.699121334419883,167.32945149989555,33588,116047961,347.3184677497263,186.68813758425065,6.699121334419883,6.699121334419883
2018-08-01,assault,145.61079704062723,160.51276860252187,328.37104376985883,14.901971561894666,0.010311481842339456,1.6634624563136524,162.17623105883553,32656,116047961,337.6810730866697,177.16830448414782,1.6634624563136524,1.6634624563136524
2018-09-01,assault,145.6927935567665,154.8675037898255,315.43698239663735,9.174710233058985,0.005746525673743171,0.8923962041932211,155.75989999401872,30895,116047961,319.4713606385553,164.60385684872983,0.8923962041932211,0.8923962041932211
2018-10-01,assault,145.87387326811842,146.38934545994172,297.80806682368365,0.5154721918233036,0.02060586031856523,3.047392001221023,149.43673746116275,30007,116047961,310.2889502728962,163.8996048129545,3.047392001221023,3.047392001221023
2018-11-01,assault,146.17182394995336,140.64525079376037,286.2569447180723,-5.526573156192999,-0.0454598595702469,-6.249862060447506,134.39538873331287,26486,116047961,273.87986592888086,133.2346151351205,-6.249862060447506,-6.249862060447506
2018-12-01,assault,146.57122710205238,135.9249677928178,276.47855678609085,-10.646259309234587,0.0471923210768626,6.567604419164847,142.49257221198263,28127,116047961,290.8487121113657,154.92374431854793,6.567604419164847,6.567604419164847
2019-01-01,assault,147.09462117498472,129.78678740146077,263.74400814232786,-17.307833773523935,0.0367587777293341,4.859027196071105,134.64581459753188,26430,116047961,273.3007950049204,143.51400760345965,4.859027196071105,4.859027196071105
2019-02-01,assault,147.72434862364034,128.03429163734526,260.49472130509776,-19.69005698629507,-0.07865071434721774,-9.683208573854445,118.3510830634908,23090,116047961,238.7633506115631,110.72905897421785,-9.683208573854445,-9.683208573854445
2019-03-01,assault,148.37944523229282,137.0349944069856,279.7848798531275,-11.344450825307236,0.024306298528930393,3.3712288336184115,140.40622324060402,28312,116047961,292.7617142708781,155.7267198638925,3.3712288336184115,3.3712288336184115
2019-04-01,assault,149.1947209229585,152.76037560825293,313.54781641167637,3.5656546852944557,-0.02366052485940024,-3.571522642749293,149.18885296550366,29827,115987275,308.5890240976866,155.82864848943368,-3.571522642749293,-3.571522642749293
2019-05-01,assault,150.06825046983454,163.2435957137694,336.7995418045884,13.175345243934855,0.007016726029886053,1.1493061370506448,164.39290185082004,33204,116047961,343.3476956997116,180.1040999859422,1.1493061370506448,1.1493061370506448
2019-06-01,assault,151.05239497180906,165.91910147018638,343.77321081454744,14.866706498377303,-0.037991871861823935,-6.1845136674172565,159.7345878027691,32551,116047961,336.5953151042438,170.67621363405743,-6.1845136674172565,-6.1845136674172565
2019-07-01,assault,152.07799012586358,167.74229317881463,347.4798054288238,15.66430305295106,0.009239090256386917,1.5567479323025142,169.29904111111716,34670,116047961,358.5069452448199,190.76465206600528,1.5567479323025142,1.5567479323025142
2019-08-01,assault,153.20739963634497,168.8867065604264,348.0517384067816,15.679306924081438,-0.02193251778526102,-3.6632813526036885,165.22342520782271,32904,116047961,340.24553003563756,171.35882347521115,-3.6632813526036885,-3.6632813526036885
2019-09-01,assault,154.40135102011882,164.12439010496513,336.40329957198355,9.72303908484632,-0.02847106012373353,-4.606290083448831,159.51810002151632,31461,116047961,325.3241131914416,161.19972308647647,-4.606290083448831,-4.606290083448831
2019-10-01,assault,155.61216948973495,156.16204926566846,319.4538654213616,0.5498797759335419,-0.034041198551365684,-5.225823406802181,150.93622585886632,29454,116047961,304.5706248987865,148.40857563311803,-5.225823406802181,-5.225823406802181
2019-11-01,assault,156.91412852710567,150.98145342851862,308.8767707932261,-5.932675098587089,-0.05692592184874738,-8.353709790583043,142.6277436379356,27841,116047961,287.89131417828185,136.90986074976323,-8.353709790583043,-8.353709790583043
2019-12-01,assault,158.21686976922396,146.72482801805384,300.04342062087375,-11.49204175117012,-0.020538070841847694,-2.982353222473293,143.74247479558053,28412,115948342,294.0481891496129,147.32336113155904,-2.982353222473293,-2.982353222473293
2020-01-01,assault,159.60037819745853,140.82123188666742,287.2443071933434,-18.77914631079111,0.007007465027375664,0.9901484047781551,141.81138029144557,27859,116047961,288.0774441181263,147.2562122314589,0.9901484047781551,0.9901484047781551
2020-02-01,assault,161.01462048410139,139.55332012230792,284.7392777664723,-21.46130036179346,-0.04904764524847331,-6.6788734417700075,132.87444668053791,25712,116047961,265.87627851556994,126.32295839326201,-6.6788734417700075,-6.6788734417700075
2020-03-01,assault,162.35874999593526,149.9456355393078,306.97517090031545,-12.413114456627461,0.015757300587607978,2.3811495033361516,152.32678504264396,29832,116047961,308.4793536355197,158.5337180962119,2.3811495033361516,2.3811495033361516
2020-04-01,assault,163.81074838022525,167.7256675788384,345.34356249612654,3.914919198613135,-0.11494758364697803,-18.21058007714807,149.51508750169032,29255,115948342,302.77276409868807,135.04709651984967,-18.21058007714807,-18.21058007714807
2020-05-01,assault,165.22335955162626,179.7290587112675,371.61381933576763,14.505699159641235,0.013512068056350258,2.4446213483471153,182.1736800596146,37241,116047961,385.0925049859343,205.36344627466679,2.4446213483471153,2.4446213483471153
2020-06-01,assault,166.6825842479468,183.08739266652594,379.6884207513029,16.404808418579144,0.06453265170488943,12.202693709901114,195.29008637642707,39955,116047961,413.15676369359045,230.0693710270645,12.202693709901114,12.202693709901114
2020-07-01,assault,168.08618493024264,185.39910569457803,383.97739821711923,17.312920764335384,0.08239252984389434,15.91976868619274,201.31887438077075,40759,116047961,421.47056767330884,236.0714619787308,15.91976868619274,15.91976868619274
2020-08-01,assault,169.51899927313048,186.86738188040923,384.63429056915857,17.348382607278754,0.06435619143713761,12.419423001153422,199.28680488156263,40943,116047961,423.37322928060746,236.50584740019823,12.419423001153422,12.419423001153422
2020-09-01,assault,170.92479361582696,181.6881976278726,371.4492778579767,10.763404012045655,-0.004105552420745102,-0.7442890390037715,180.94390858886882,36566,116047961,378.1126322417677,196.4244346138951,-0.7442890390037715,-0.7442890390037715
2020-10-01,assault,172.2505391948764,172.85920476463446,352.18944641401583,0.6086655697580632,0.0828040817901824,14.920419537341678,187.77962430197613,37714,116047961,389.98358618295754,217.12438141832308,14.920419537341678,14.920419537341678
2020-11-01,assault,173.5766244895004,167.01405445550955,339.8028043809325,-6.562570033990839,0.0030398664155915347,0.508401884458142,167.5224563399677,33548,116047961,346.9048456611831,179.89079120567357,0.508401884458142,0.508401884458142
2020-12-01,assault,174.81539807193982,162.1178893751723,328.9338443146283,-12.697508696767542,-0.013486867691504173,-2.1714948465733404,159.94639452859894,31803,116047961,328.860582048486,166.74269267331368,-2.1714948465733404,-2.1714948465733404
2021-01-01,assault,176.04872423922646,155.33445777893638,313.84112520263375,-20.714266460290094,0.04566723582121082,7.257180667200503,162.59163844613687,32078,116047961,331.70423390722044,176.36977612828406,7.257180667200503,7.257180667200503
2021-02-01,assault,177.2338613395672,153.61100922295776,309.66401398736224,-23.62285211660943,-0.07132565744835324,-10.573535820692065,143.0374734022657,27458,116047961,283.93088268048075,130.319873457523,-10.573535820692065,-10.573535820692065
2021-03-01,assault,178.2623549324568,164.63349952771898,332.2823533285228,-13.628855404737822,4.7400560389474936e-4,0.07804498542725692,164.71154451314624,32235,116047961,333.3277006047526,168.6942010770336,0.07804498542725692,0.07804498542725692
2021-04-01,assault,179.35405220043882,183.6403845428712,371.62271363778854,4.286332342432397,-0.024950809745374,-4.524611290414185,179.11577325245702,34886,116047961,360.7405045229532,177.10011998008198,-4.524611290414185,-4.524611290414185
2021-05-01,assault,180.36302267377988,196.19768335702165,397.991156803013,15.834660683241772,0.02276409683069878,4.516730625062711,200.71441398208438,39705,116047961,410.5716256401954,214.37394228317376,4.516730625062711,4.516730625062711
2021-06-01,assault,181.35605333999953,199.20477676087438,404.3203433588303,17.848723420874837,-0.022537400689084476,-4.438623797365249,194.76615296350911,39344,116047961,406.83868629109304,207.63390953021866,-4.438623797365249,-4.438623797365249
2021-07-01,assault,182.26866814639027,201.0421436011277,406.6585511174694,18.773475454737376,0.0024961145183318933,0.5023666516863019,201.54451025281395,40909,116047961,423.02165050534586,221.97950690421817,0.5023666516863019,0.5023666516863019
2021-08-01,assault,183.1613301347776,201.9056185083487,405.1223287824484,18.7442883735711,-0.010691146026506837,-2.146747076646092,199.7588714317026,39372,116047961,407.12822175307326,205.22260324472455,-2.146747076646092,-2.146747076646092
2021-09-01,assault,184.0024600083088,195.5892510668945,389.1858631273656,11.586791058585712,-0.031045111151843024,-5.977858832209278,189.6113922346852,37015,116047961,382.75554018566515,187.16628911877066,-5.977858832209278,-5.977858832209278
2021-10-01,assault,184.76712233948473,185.4200097497425,367.1992772962871,0.6528874102577756,0.07442678042095707,14.3243637015064,199.7443734512489,38072,116047961,393.68550387541916,208.26549412567667,14.3243637015064,14.3243637015064
2021-11-01,assault,185.50606678731964,178.49253652600527,352.5258337379636,-7.013530261314367,-0.04015372076059309,-7.024148760658951,171.4683877653463,33080,116047961,342.06546722522774,163.57293069922247,-7.024148760658951,-7.024148760658951
2021-12-01,assault,186.17144866805612,172.6492254208632,339.7374875741438,-13.522223247192935,6.135118117790117e-4,0.10593958450101768,172.7551650053642,33251,116047961,343.83370165374987,171.18447623288668,0.10593958450101768,0.10593958450101768
2022-01-01,assault,186.80749729503097,164.82750467223818,322.8682383773555,-21.979992622792782,0.016379263949095998,2.721604346242457,167.54910901848064,31936,116047961,330.2358754928921,165.40837082065391,2.721604346242457,2.721604346242457
2022-02-01,assault,187.39110698955946,162.41461607014026,317.3659446602339,-24.976490919419202,-0.0104341655865948,-1.685624676910568,160.7289913932297,29930,116047961,309.4927277524506,147.07811168231035,-1.685624676910568,-1.685624676910568
2022-03-01,assault,187.8731375901946,173.50960645845169,339.26983201925907,-14.363531131742933,0.0591624355655562,10.57336533066824,184.0829717891199,35103,116047961,362.9844043533001,189.4747978948484,10.57336533066824,10.57336533066824
2022-04-01,assault,188.35689459711057,192.85834876850546,377.928083887785,4.501454171394867,-0.019946917146840104,-3.8082160995858727,189.05013266891956,35989,116047961,372.146133614532,179.28778484602654,-3.8082160995858727,-3.8082160995858727
2022-05-01,assault,188.7751558189955,205.3482188330661,403.49363604776244,16.573063014070588,0.018712906402186768,3.87816470857591,209.226383541642,39824,116047961,411.8021513536114,206.4539325205453,3.87816470857591,3.87816470857591
2022-06-01,assault,189.15591096306116,207.7721488430882,408.85003644554365,18.616237880027004,-0.029735753999642154,-6.086284527460992,201.68586431562719,38939,116047961,402.6507626445931,194.8786138015049,-6.086284527460992,-6.086284527460992
2022-07-01,assault,189.47473984304483,208.99030359645016,410.2173358263648,19.515563753405345,0.006556811281838656,1.3745712370057486,210.36487483345593,40364,116047961,417.38604954894464,208.39574595249448,1.3745712370057486,1.3745712370057486
2022-08-01,assault,189.75309352729687,209.17184944910272,407.6755167378117,19.418755921805865,-0.0341338784807543,-7.018183386248655,202.15366606285409,38470,116047961,397.8010436564241,188.62919420732138,-7.018183386248655,-7.018183386248655
2022-09-01,assault,189.97975054547888,201.94287331012825,390.76676658013594,11.96312276464938,-0.01767354952973056,-3.5371085734036267,198.40576473672462,37078,116047961,383.4069949751207,181.46412166499246,-3.5371085734036267,-3.5371085734036267
2022-10-01,assault,190.15029595707344,190.82220215846772,367.8600619230993,0.6719062013942457,0.01730890897714733,3.331135729280738,194.15333788774845,36416,116047961,376.5615494097307,185.73934725126296,3.331135729280738,3.331135729280738
2022-11-01,assault,190.27721726657217,183.08332901111686,352.2601303013843,-7.193888255455311,-0.07043956457214993,-12.450813550656784,170.63251546046007,31986,116047961,330.75290310357116,147.6695740924543,-12.450813550656784,-12.450813550656784
2022-12-01,assault,190.35359288909717,176.52765192482545,338.7179477561833,-13.825940964271727,-0.01689065399472112,-2.956199855860841,173.5714520689646,32087,116047961,331.7972988771427,155.26964695231723,-2.956199855860841,-2.956199855860841
2023-01-01,assault,190.38587698364591,167.98490689375606,321.2870002870509,-22.40097008988983,0.07776030100209656,13.581799883644095,181.56670677740016,33310,116047961,344.44379423435106,176.458887340595,13.581799883644095,13.581799883644095
2023-02-01,assault,190.37218034824465,164.99841063814213,315.19201934797735,-25.373769710102533,-0.016401594069963207,-2.683801426837137,162.314609211305,29743,116047961,307.5590444885111,142.560633850369,-2.683801426837137,-2.683801426837137
2023-03-01,assault,190.32150985649417,175.77081988041925,336.24535738452647,-14.550689976074919,0.027051008079952907,4.818947149801275,180.58976703022051,33949,116047961,351.0514070988287,175.28058721840944,4.818947149801275,4.818947149801275
2023-04-01,assault,190.22438775220638,194.770465032403,373.7309163223391,4.546077280196629,-0.0068997034566633106,-1.339017107861531,193.4314479245415,35958,116047961,371.82557649591104,177.05511146350804,-1.339017107861531,-1.339017107861531
2023-05-01,assault,190.0907429279239,206.77928485822522,398.2911392395713,16.68854193030132,0.018954890540161015,3.9561662996097176,210.73545115783494,39350,116047961,406.90072960437453,200.1214447461493,3.9561662996097176,3.9561662996097176
2023-06-01,assault,189.91317212755186,208.60392474455537,402.8890211984445,18.69075261700353,-0.02917033368476674,-5.996138834973473,202.6077859095819,37983,116047961,392.7651947284106,184.16126998385525,-5.996138834973473,-5.996138834973473
2023-07-01,assault,189.7045923509655,209.24382637820955,403.57309731231777,19.539234027244053,0.019754794542485597,4.173925432279638,213.4177518104892,40084,116047961,414.4906949291423,205.24686855093276,4.173925432279638,4.173925432279638
2023-08-01,assault,189.45264112247628,208.84065500861374,400.43336004056846,19.388013886137454,-0.03372930352802576,-6.92541335164629,201.91524165696745,37221,116047961,384.8856939416626,176.0450389330489,-6.92541335164629,-6.92541335164629
2023-09-01,assault,189.16525643030818,201.07709867650107,383.24518944157035,11.91184224619285,-0.018464551674888263,-3.6781257544594643,197.3989729220416,36152,116047961,373.8316436253456,172.7545449488445,-3.6781257544594643,-3.6781257544594643
2023-10-01,assault,188.85492221438224,189.52225186667013,360.23459880208185,0.667329652287896,0.04294261056382295,8.314483646571098,197.83673551324122,35930,116047961,371.53604103393076,182.01378916726063,8.314483646571098,8.314483646571098
2023-11-01,assault,188.50252602783317,181.37572410389313,344.41836857963494,-7.126801923940009,-0.04462431816444726,-7.91469086389965,173.4610332399935,31801,116047961,328.8399009440588,147.46417684016566,-7.91469086389965,-7.91469086389965
2023-12-01,assault,188.13231785286231,174.4676911629677,330.71311366550697,-13.664626689894613,0.028702923049983033,5.0795334428581365,179.54722460582582,33248,116047961,343.80267999710907,169.33498883414137,5.0795334428581365,5.0795334428581365
2024-01-01,assault,187.72120309425858,165.63371760028429,313.28270152497953,-22.087485493974295,-0.007063924980458889,-1.1657415927522878,164.467976007532,30356,116047961,313.89780299543565,148.26408539515137,-1.1657415927522878,-1.1657415927522878
2024-02-01,assault,187.282666913345,162.32062751299938,306.96520113348987,-24.962039400345592,-0.002974804388476939,-0.4820895756898016,161.83853793730958,29607,116047961,306.1527293874642,143.83210187446483,-0.4820895756898016,-0.4820895756898016
2024-03-01,assault,186.84904227511961,172.56379540214186,327.0885803769775,-14.28524687297775,0.0492503100864957,8.710267720694821,181.27406312283668,33612,116047961,347.5666410028523,175.00284560071043,8.710267720694821,8.710267720694821
2024-04-01,assault,186.36205921291278,190.81584731945802,363.0944213742761,4.4537881065452245,-0.036847449282866575,-6.902057150253403,183.91379016920462,34429,116047961,356.01487216134717,165.19902484188916,-6.902057150253403,-6.902057150253403
2024-05-01,assault,185.86920447954023,202.18718944244247,386.44104112890255,16.317984962902248,0.03902995920948517,8.045970823944936,210.23316026638742,39099,116047961,404.3052509987659,202.11806155632345,8.045970823944936,8.045970823944936
2024-06-01,assault,185.33919272046052,203.57986275097673,390.3287891266044,18.240670030516213,-0.01716165649152247,-3.4633813556029462,200.11648139537377,38285,116047961,395.8880414969118,192.30817874593507,-3.4633813556029462,-3.4633813556029462
2024-07-01,assault,184.8077145889862,203.84266464728222,390.3908550995268,19.03495005829602,0.004663660587229217,0.9527105926511654,204.79537523993338,38423,116047961,397.3150377023858,193.47237305510356,0.9527105926511654,0.9527105926511654
2024-08-01,assault,184.2408914445721,203.0956408153788,386.7013311298244,18.854749370806733,-0.0038211794448979814,-0.7744534376031773,202.32118737777563,37265,116047961,385.3406782390602,182.2450374236814,-0.7744534376031773,-0.7744534376031773
2024-09-01,assault,183.6576220790582,195.22270193381217,369.4806438238518,11.565079854753975,0.0023899142010919494,0.4670473018417967,195.68974923565398,36435,116047961,376.7580199017887,181.53531796797654,0.4670473018417967,0.4670473018417967
2024-10-01,assault,183.07854373406434,183.72546534866333,346.71004486861824,0.6469216145989937,0.050126214267240676,9.442665004982299,193.16813035364564,35989,116047961,372.146133614532,188.42066826586867,9.442665004982299,9.442665004982299
2024-11-01,assault,182.46601964726221,175.5674093076403,330.80593689807716,-6.898610339621894,-0.002951543027162112,-0.5173552972615532,175.05005401037877,31622,116047961,326.98894209782793,151.42153279018763,-0.5173552972615532,-0.5173552972615532
2024-12-01,assault,181.86048747515886,168.65133900949712,316.9536825873833,-13.209148465661745,0.013570099396700529,2.3038860180910405,170.95522502758817,30942,116047961,319.95736659259353,151.3060275830964,2.3038860180910405,2.3038860180910405
2025-01-01,assault,181.22253145765538,159.89958499060623,299.67506110068416,-21.322946467049132,-0.02916962563373268,-4.59624610946337,155.30333888114288,28688,116047961,296.6497619031842,136.75017691257796,-4.59624610946337,-4.59624610946337
2025-02-01,assault,180.57309516857916,156.5052268631387,293.1459008497314,-24.067868305440495,-0.07663148826107248,-11.543820974433435,144.96140588870523,26396,116047961,272.9492162296587,116.44398936652001,-11.543820974433435,-11.543820974433435
2025-03-01,assault,179.9774393229931,166.21747716290204,311.8205533149779,-13.759962160091048,0.06746250589607465,11.59862339549998,177.816100558402,32314,116047961,334.1446042296254,167.92712706672333,11.59862339549998,11.59862339549998
2025-04-01,assault,179.30879921122434,183.59405023060825,345.36861059243904,4.285251019383945,-0.012903996959126102,-2.353521676342501,181.24052855426575,32911,116047961,340.31791390113267,156.72386367052442,-2.353521676342501,-2.353521676342501
2025-05-01,assault,178.6534163179618,194.3380093688444,367.0022310787102,15.684593050882599,-4.895019641240075e-4,-0.09509016356104615,194.24291920528339,35328,116047961,365.31102860135564,170.97301923251123,-0.09509016356104615,-0.09509016356104615
2025-06-01,assault,177.96850363300112,195.48388506995678,370.33755788606044,17.515381436955654,-0.02707077503523557,-5.2200865527590325,190.26379851719773,35455,116047961,366.62427873248026,171.14039366252348,-5.2200865527590325,-5.2200865527590325
2025-07-01,assault,177.2991050133403,195.5608042755923,369.98365539724955,18.261699262252,-0.0011545986119193311,-0.22562719904123568,195.33517707655108,35934,116047961,371.5774032427851,176.01659896719283,-0.22562719904123568,-0.22562719904123568
2025-08-01,assault,176.60147674428387,194.6745544813819,366.00481796784976,18.073077737098046,-0.011883137714140603,-2.299285263483643,192.37526921789828,34507,116047961,356.8214352340064,162.1468807526245,-2.299285263483643,-2.299285263483643
2025-09-01,assault,175.89872053662694,186.97529176685822,349.467704821967,11.076571230231302,-0.027516891421488582,-5.074067461196803,181.90122430566143,32673,116047961,337.85686247430056,150.88157070744234,-5.074067461196803,-5.074067461196803
2025-10-01,assault,175.21458292814415,175.83372072623408,327.8456981378111,0.6191377980899302,-3.0846236322536224e-4,-0.054221776958456036,175.77949894927562,31844,116047961,329.28454468924275,153.45082396300867,-0.054221776958456036,-0.054221776958456036
2025-11-01,assault,174.5043017816914,167.9066631130009,312.5687836352819,-6.597638668690508,0.0016382119597969545,0.27525355287559605,168.18191666587649,29945,116047961,309.6478360356543,141.7411729226534,0.27525355287559605,0.27525355287559605
2025-12-01,assault,173.814500733859,161.1896812591297,299.2550291362591,-12.624819474729286,-0.0079788378627885,-1.2808184325188687,159.90886282661086,29013,116047961,300.0104413725977,138.820760113468,-1.2808184325188687,-1.2808184325188687
2026-01-01,assault,173.100015384805,152.73265609985484,283.06208899952134,-20.367359284950172,0.010755895756298234,1.6514305652633112,154.38408666511813,27996,116047961,289.4940997713868,136.76144367153196,1.6514305652633112,1.6514305652633112
2026-02-01,assault,172.38463437513587,149.40803747141697,277.19246025641263,-22.97659690371893,-0.0191882840813764,-2.8392068367009777,146.568830634716,26061,116047961,269.4851312381094,120.0770937666924,-2.8392068367009777,-2.8392068367009777
2026-03-01,assault,171.73839537736256,158.60825630360895,294.92058709945576,-13.13013907375361,0.07853441898306499,12.956534744781314,171.56479104839028,31881,116047961,329.6671451211452,171.05888881753626,12.956534744781314,12.956534744781314
2026-04-01,assault,171.02356122455154,175.11083454893745,326.69230564725325,4.087273324385904,0.0168331292079427,2.972171152464413,178.08300570140187,32322,116047961,334.22732864733393,159.1164940983965,2.972171152464413,2.972171152464413
2026-05-01,assault,170.3331545052399,185.2873961847012,347.6876717973152,14.954241679461294,0.031083096959862767,5.848817539401516,191.1362137241027,34811,116047961,359.96496310693476,174.67756692223355,5.848817539401516,5.848817539401516
2026-06-01,assault,169.62190824014752,186.31595839025707,351.78465801280674,16.69405015010955,-0.06443991945734405,-11.625830997376523,174.69012739288056,32119,116047961,332.12819654797727,145.8122381577202,-11.625830997376523,-11.625830997376523
2017-01-01,burglary,340.9686867455659,326.83177705344775,471.27373098275285,-14.136909692118152,0.056504302211673414,18.993637330413318,345.8254143838611,49357,116962443,506.388191635156,179.55641458170822,18.993637330413318,18.993637330413318
2017-02-01,burglary,337.3985848563991,299.9798885115207,432.2799905799317,-37.41869634487838,-0.0431392016344185,-12.662701329798569,287.3171871817221,40556,116962443,416.092540064335,116.11265155281433,-12.662701329798569,-12.662701329798569
2017-03-01,burglary,334.2070697760649,299.7176047064788,430.1464234106376,-34.48946506958606,0.010886361723502061,3.279830721087209,302.997435427566,42168,116962443,432.6311823018266,132.91357759534776,3.279830721087209,3.279830721087209
2017-04-01,burglary,330.7109064406292,316.7618081241737,454.57514217632183,-13.94909831645547,-0.026647962741549767,-8.327439834176099,308.4343682899976,43082,116962443,442.0085514116698,125.24674328749614,-8.327439834176099,-8.327439834176099
2017-05-01,burglary,327.3654588608703,328.5197987076775,472.31839039866145,1.1543398468071833,0.027200464951958738,9.055982612147075,337.57578131982456,47277,116962443,485.04800810290874,156.52820939523122,9.055982612147075,9.055982612147075
2017-06-01,burglary,323.94831597508096,332.67217795994486,477.3890376658306,8.723861984863868,-0.0026237631207346097,-0.8714678848666894,331.80071007507814,45938,116962443,471.3102649540246,138.63808699407974,-0.8714678848666894,-0.8714678848666894
2017-07-01,burglary,320.68049379490526,339.51698516731255,485.85840995105025,18.83649137240724,0.028605754079513566,9.849516591184534,349.36650175849707,48459,116962443,497.174977783253,157.65799261594043,9.849516591184534,9.849516591184534
2017-08-01,burglary,317.3446799407983,341.4896385187144,489.98658488125733,24.144958577916125,0.02170616240124823,7.491283264981401,348.9809217836958,49115,116962443,503.90534335880795,162.41570484009355,7.491283264981401,7.491283264981401
2017-09-01,burglary,314.05098699603116,330.14152054426137,476.1098362946454,16.090533548230212,-0.021527256710696746,-7.029196505557159,323.11232403870423,45463,116962443,466.43690573392007,136.2953851896587,-7.029196505557159,-7.029196505557159
2017-10-01,burglary,310.9041024555237,319.8479173285641,462.04173801637353,8.943814873040436,0.042254648030368554,13.800824591666247,333.64874192023035,47636,116962443,488.73124170294557,168.88332437438146,13.800824591666247,13.800824591666247
2017-11-01,burglary,307.69467058914904,320.4762490425806,463.6671784771147,12.781578453431585,-0.014672333839783091,-4.666578514686743,315.8096705278939,44738,116962443,458.9986206084974,138.52237156591679,-4.666578514686743,-4.666578514686743
2017-12-01,burglary,304.6301381773688,314.6555386785827,458.238529594406,10.025400501213884,-0.038600697668847425,-11.911484275324959,302.74405440325773,43071,116962443,441.8956946718358,127.24015599325315,-11.911484275324959,-11.911484275324959
2018-01-01,burglary,301.506575591806,289.0054111407415,423.74067864383665,-12.501164451064469,0.002459460607869007,0.7115004107634509,289.71691155150495,42188,116962443,432.83637637425204,143.83096523351054,0.7115004107634509,0.7115004107634509
2018-02-01,burglary,298.4271885206473,265.32960194824244,388.87263255330095,-33.09758657240481,-0.06768435725970798,-17.360798120573612,247.96880382766884,35217,116962443,361.3159824303601,95.98638048211768,-17.360798120573612,-17.360798120573612
2018-03-01,burglary,295.68404444628266,265.16919565448984,387.035442872461,-30.514848791792826,-0.0010897398731216275,-0.288744304548119,264.8804513499417,37466,116962443,384.39005587460235,119.22086022011251,-0.288744304548119,-0.288744304548119
2018-04-01,burglary,292.68959741298136,280.34383007213194,409.2316758780158,-12.345767340849422,-0.03388813675588202,-9.339049298760836,271.0047807733711,38966,116962443,399.77961130651147,119.43578123437953,-9.339049298760836,-9.339049298760836
2018-05-01,burglary,289.8346173432559,290.85664988312476,425.4673172907265,1.0220325398688268,0.018111247168781583,5.314456994089275,296.171106877214,42817,116962443,439.28972995203253,148.43308006890777,5.314456994089275,5.314456994089275
2018-06-01,burglary,286.9290070680965,294.6561914822884,430.115146991847,7.727184414191897,-0.021312262500536486,-6.211851200377727,288.4443402819107,41285,116962443,423.57186400424285,128.91567252195443,-6.211851200377727,-6.211851200377727
2018-07-01,burglary,284.1604268692526,300.8522994491166,437.67095094928686,16.69187257986398,0.02589253816966601,7.889524577889772,308.7418240270063,43695,116962443,448.29774973150995,147.44545028239338,7.889524577889772,7.889524577889772
2018-08-01,burglary,281.3444921918906,302.7510916908827,441.3585945955424,21.40659949899207,0.0068500562798428175,2.0804526752243304,304.83154436610704,43799,116962443,449.3647589081223,146.61366721723965,2.0804526752243304,2.0804526752243304
2018-09-01,burglary,278.57439367056577,292.8477128324636,428.8788338121367,14.27331916189782,-0.010617710547913288,-3.092176483996637,289.755536348467,40861,116962443,419.22174966882324,126.37403683635961,-3.092176483996637,-3.092176483996637
2018-10-01,burglary,275.9374351684409,283.8755978301492,416.1705170271789,7.93816266170831,0.030574642924434074,8.811292753686176,292.68689058383535,41965,116962443,430.5484624667082,146.67286463655898,8.811292753686176,8.811292753686176
2018-11-01,burglary,273.2579441694186,284.6093668808117,417.52863341663044,11.351422711393118,-0.053664708774763266,-14.867546351823531,269.74182052898817,39105,116962443,401.20571010986833,116.59634322905663,-14.867546351823531,-14.867546351823531
2018-12-01,burglary,270.7093124160714,279.6186362088471,412.5314605854801,8.909323792775675,-0.01469515140240015,-4.078057465524507,275.54057874332256,40455,116962443,415.05630999858647,135.4376737897394,-4.078057465524507,-4.078057465524507
2019-01-01,burglary,268.12392747683793,257.00658880757703,381.3841880562875,-11.117338669260937,0.013036306823018245,3.3716187467867007,260.3782075543637,38171,116962443,391.6231469275997,134.61655812002266,3.3716187467867007,3.3716187467867007
2019-02-01,burglary,265.59022872457547,236.13376549815786,349.9713529704441,-29.456463226417632,-0.06560168939527404,-14.990831472240636,221.1429340259172,32237,116962443,330.7420656389675,94.60830014080966,-14.990831472240636,-14.990831472240636
2019-03-01,burglary,263.3483252266859,236.16989366361517,348.36066143527097,-27.178431563070717,-0.008824146510606883,-2.074425221180835,234.09546844243434,34067,116962443,349.5173232658966,113.34742960228144,-2.074425221180835,-2.074425221180835
2019-04-01,burglary,260.9201174428309,249.91412065634515,368.36687421984146,-11.00599678648573,-0.0031224429343017167,-0.7789638033525552,249.1351568529926,35957,116962443,368.90816311010195,118.9940424537568,-0.7789638033525552,-0.7789638033525552
2019-05-01,burglary,258.6263619554125,259.538369845201,382.956648178772,0.9120078897884801,0.03445372766656646,9.095855837604638,268.6342256828056,39162,116962443,401.7905132162809,142.2521433710799,9.095855837604638,9.095855837604638
2019-06-01,burglary,256.31639534947294,263.219343137336,387.2396521831186,6.902947787863062,-4.5870275950117713e-4,-0.12068528561113775,263.09865785172485,37464,116962443,384.3695364673598,121.1501933300238,-0.12068528561113775,-0.12068528561113775
2019-07-01,burglary,254.14132389003962,269.07023930114036,394.3906207013991,14.928915411100775,0.056352917019380853,15.594568950099395,284.6648082512398,41078,116962443,421.4481053546394,152.37786605349902,15.594568950099395,15.594568950099395
2019-08-01,burglary,251.95823400956724,271.1294327338129,398.21357995455264,19.171198724245706,0.009485893162484854,2.583552474259875,273.7129852080728,40172,116962443,412.15281387376626,141.02338113995336,2.583552474259875,2.583552474259875
2019-09-01,burglary,249.84273827464426,262.6442555833509,387.49382605009293,12.80151730870667,-0.0037388391649843425,-0.9799374481575854,261.66431813519335,37794,116962443,387.75523866237984,125.11098307902893,-0.9799374481575854,-0.9799374481575854
2019-10-01,burglary,247.86173638041635,254.99238956286763,376.68482208103586,7.130653182451264,0.04679140880078185,12.212283240156955,267.20467280302455,38704,116962443,397.091568957738,142.09917939487036,12.212283240156955,12.212283240156955
2019-11-01,burglary,245.88506154315263,256.0996286202766,378.81068138673373,10.214567077123965,-0.03719316320218136,-9.348273116839275,246.7513555034373,35894,116962443,368.26180178196176,112.16217316168519,-9.348273116839275,-9.348273116839275
2019-12-01,burglary,244.0420134298657,252.07387320064996,375.20834234001455,8.031859770784276,0.028489952434167125,7.28327798621667,259.35715118686664,38079,116962443,390.6792541944426,138.60538099379264,7.28327798621667,7.28327798621667
2020-01-01,burglary,242.21153271405862,232.16840298718864,347.89730362344386,-10.043129726869978,0.061686928934469275,14.769673250926994,246.93807623811566,36802,116962443,377.5776126700773,145.40920968288867,14.769673250926994,14.769673250926994
2020-02-01,burglary,240.45807376065756,213.7885070340692,320.4476552472745,-26.669566726588368,0.007824489435017002,1.6790458272524562,215.46755286132165,31438,116962443,322.54456244557065,108.75605541150145,1.6790458272524562,1.6790458272524562
2020-03-01,burglary,238.8890641729436,214.23445973686495,320.13671420223443,-24.654604436078646,0.03634362305710512,7.9278049477956465,222.16226468466058,32926,116962443,337.81100143402443,123.57654169715948,7.9278049477956465,7.9278049477956465
2020-04-01,burglary,237.28977664614408,227.28035378557772,339.70779460187526,-10.009422860566403,-0.007181764905407293,-1.6261209288042462,225.65423285677343,33689,116962443,345.6391552970555,118.35880151147776,-1.6261209288042462,-1.6261209288042462
2020-05-01,burglary,235.82038549723055,236.65198732320283,354.14936270635644,0.8316018259723018,0.0019290846237917313,0.4568720362108439,237.10885935941369,36649,116962443,376.00787801602263,139.3558906928198,0.4568720362108439,0.4568720362108439
2020-06-01,burglary,234.38465624188473,240.69707108085353,359.34287215407943,6.312414838968825,0.010211927459999975,2.470073586717677,243.16714466757122,37590,116962443,385.6622591236403,144.96518804278676,2.470073586717677,2.470073586717677
2020-07-01,burglary,233.0768749804749,246.7686649615801,367.4550211819999,13.691789981105181,-0.009418126704788457,-2.3127172764229855,244.4559476851571,35774,116962443,367.030637347409,120.26197238582893,-2.3127172764229855,-2.3127172764229855
2020-08-01,burglary,231.81160512039443,249.45018983006983,372.50369930924467,17.63858470967539,0.0170345979119369,4.284776298649575,253.7349661287194,36991,116962443,379.5166966544979,130.06650682442805,4.284776298649575,4.284776298649575
2020-09-01,burglary,230.63565425531885,242.45323210176667,363.7911790127854,11.817577846447852,-0.015457524413658436,-3.718170272545287,238.73506182922142,35022,116962443,359.315340224212,116.8621081224453,-3.718170272545287,-3.718170272545287
2020-10-01,burglary,229.58443114868993,236.1893740324942,354.95199115024843,6.6049428838042425,0.044037256681266186,10.631362724801624,246.8207367572958,37490,116962443,384.6362887615129,148.44691472901872,10.631362724801624,10.631362724801624
2020-11-01,burglary,228.58809869887435,238.08425724489072,358.4007354862292,9.496158546016392,0.007896555476686027,1.887110612047271,239.971367856938,35910,116962443,368.4259570399021,130.34169979501135,1.887110612047271,1.887110612047271
2020-12-01,burglary,227.7052753948644,235.1995692606599,356.3101619858149,7.49429386579549,0.030904565287872936,7.380732804957161,242.58030206561705,36530,116962443,374.78697328509116,139.58740402443127,7.380732804957161,7.380732804957161
2021-01-01,burglary,226.86985184625036,217.4627387527679,331.58413527432776,-9.407113093482444,0.02624012602665297,5.780699559326504,223.2434383120944,33647,116962443,345.208247744962,127.74550899219412,5.780699559326504,5.780699559326504
2021-02-01,burglary,226.10531811057334,201.02737037603978,306.53561796665167,-25.07794773453357,-0.06703496671827039,-13.032069925434731,187.99530045060504,28869,116962443,296.1873838425211,95.16001346648133,-13.032069925434731,-13.032069925434731
2021-03-01,burglary,225.46977863570524,202.1998814446564,307.1564693084571,-23.269897191048845,7.574076940771388e-5,0.015312773754593348,202.215194218411,29645,116962443,304.14891385262877,101.94903240797237,0.015312773754593348,0.015312773754593348
2021-04-01,burglary,224.82061176978877,215.33707225996463,326.6438688598022,-9.483539509824169,-0.09503135491753241,-19.51832127204716,195.81875098791744,28477,116962443,292.1655800229822,76.8285077630176,-19.51832127204716,-19.51832127204716
2021-05-01,burglary,224.24062155957458,225.03139592854382,341.1259922062663,0.7907743689692325,-0.03866911400572259,-8.534127802774021,216.49726812576978,31460,116962443,322.7702759252387,97.73887999669489,-8.534127802774021,-8.534127802774021
2021-06-01,burglary,223.6845543310824,229.7088506933951,346.8908692940252,6.024296362312689,-0.07186693704212588,-15.926386000962058,213.78246469243305,31346,116962443,321.6006697124136,91.8918190190185,-15.926386000962058,-15.926386000962058
2021-07-01,burglary,223.18206376422557,236.29271074298532,355.52797644531125,13.110646978759737,-0.02800058136687857,-6.523311949111236,229.76939879387407,33605,116962443,344.77734019286856,108.48462944988324,-6.523311949111236,-6.523311949111236
2021-08-01,burglary,222.69322761382213,239.6381319996787,361.1597971418571,16.944904385856578,-0.04836578873837545,-11.312312401079504,228.32581959859922,33420,116962443,342.8792950229331,103.24116302325439,-11.312312401079504,-11.312312401079504
2021-09-01,burglary,222.2288349227798,233.61573826050102,353.41826237593614,11.386903337721229,-0.04602328828406904,-10.50614733298877,223.10959092751224,33065,116962443,339.23710023738136,105.62136197688034,-10.50614733298877,-10.50614733298877
2021-10-01,burglary,221.79660411694775,228.17754065265018,345.584897352429,6.3809365357024435,0.045905704656923514,10.716661563995103,238.89420221664528,36022,116962443,369.57504384548463,141.39750319283445,10.716661563995103,10.716661563995103
2021-11-01,burglary,221.36147932868076,230.55748254666477,349.7971609451465,9.196003217984016,-0.008706878012589007,-1.9983412460527106,228.55914130061208,34311,116962443,352.02069094948706,121.46320840282229,-1.9983412460527106,-1.9983412460527106
2021-12-01,burglary,220.94560750394325,228.21746778178303,348.58363420908836,7.2718602778397985,0.032797878607198114,7.607653329731105,235.82512111151416,35593,116962443,365.1736309919587,136.95616321017567,7.607653329731105,7.607653329731105
2022-01-01,burglary,220.51512115378674,211.37145927720974,325.08115721100756,-9.143661876577003,0.016956581724460643,3.6140496792290615,214.9855089564388,33458,116962443,343.2691637605415,131.89770448333178,3.6140496792290615,3.6140496792290615
2022-02-01,burglary,220.07767520672203,195.66816049494173,300.9269638457557,-24.409514711780307,-0.0012211115356809113,-0.2387479372932045,195.42941255764853,29863,116962443,306.3855292420662,110.71736874712445,-0.2387479372932045,-0.2387479372932045
2022-03-01,burglary,219.67141216007224,196.99984454496456,301.6341401592575,-22.67156761510767,0.053458985216080765,10.816121596210579,207.81596614117512,31986,116962443,328.1668800300281,131.16703548506354,10.816121596210579,10.816121596210579
2022-04-01,burglary,219.20360080239132,209.95696049447218,320.8120229508368,-9.246640307919115,0.0030843190626270675,0.6484601182612224,210.60542061273344,32100,116962443,329.3364862428532,119.37952574838101,0.6484601182612224,0.6484601182612224
2022-05-01,burglary,218.72728586032684,219.49862125832277,335.1709301232546,0.7713353979959398,0.042908325033808085,9.62146422358969,229.12008548191247,34504,116962443,354.0008137483927,134.50219249006994,9.62146422358969,9.62146422358969
2022-06-01,burglary,218.20482909341928,224.08157247257432,341.0052433704781,5.876743379155014,0.010492559031716985,2.3631213633283568,226.44469383590268,33830,116962443,347.08577350765495,123.00420103508063,2.3631213633283568,2.3631213633283568
2022-07-01,burglary,217.66437016447694,230.45094702458326,349.5149692677487,12.786576860106347,0.03340630170283313,7.826992765470322,238.27793979005358,35833,116962443,367.6359598610641,137.18501283648087,7.826992765470322,7.826992765470322
2022-08-01,burglary,217.0641392353127,233.5808052086297,354.9508083806516,16.516665973317,0.012697632583978399,2.984244875197468,236.56505008382717,35486,116962443,364.0758427044825,130.4950374958528,2.984244875197468,2.984244875197468
2022-09-01,burglary,216.41572303914873,227.5048216775465,347.2441318354571,11.089098638397752,-0.033608870494617554,-7.51773937762044,219.98708229992604,33584,116962443,344.56188641682184,117.05706473927535,-7.51773937762044,-7.51773937762044
2022-10-01,burglary,215.73741818899575,221.94406833834273,339.4526802138698,6.206650149346985,0.02438046467143376,5.476563327154557,227.4206316654973,34236,116962443,351.2512131778916,129.30714483954887,5.476563327154557,5.476563327154557
2022-11-01,burglary,214.98093776010717,223.91192409030583,343.4216870398808,8.930986330198717,-0.050300183147909384,-10.982291237299181,212.9296328530067,32245,116962443,330.82414326793776,106.91221917763193,-10.982291237299181,-10.982291237299181
2022-12-01,burglary,214.192706407935,221.2423531804078,341.9682025547206,7.0496467724728165,-0.03847730747482794,-8.34963395760775,212.89271922280005,32692,116962443,335.4102307866466,114.16787760623879,-8.34963395760775,-8.34963395760775
2023-01-01,burglary,213.3177793610855,204.47250447826292,318.4767438411802,-8.84527488282256,0.05607014490614304,11.790186791386633,216.26269126964954,33063,116962443,339.2165808301388,134.7440763518759,11.790186791386633,11.790186791386633
2023-02-01,burglary,212.37910595710903,188.82332965512197,294.1804188977109,-23.555776301987027,-0.022267839010622813,-4.157578514714941,184.66575114040705,28029,116962443,287.56923280065206,98.7459031455301,-4.157578514714941,-4.157578514714941
2023-03-01,burglary,211.47460656339177,189.64887070991446,294.1385374110194,-21.82573585347731,0.05542037229833264,10.80530687993976,200.45417758985423,30932,116962443,317.3531524132067,127.70428170329225,10.80530687993976,10.80530687993976
2023-04-01,burglary,210.40849154883927,201.53279200495248,311.9952577776326,-8.875699543886833,-0.006460589225232704,-1.2976071591105596,200.23518484584187,30315,116962443,311.02291527888144,109.49012327392896,-1.2976071591105596,-1.2976071591105596
2023-05-01,burglary,209.31019100460557,210.04832310607912,325.18086319017016,0.7381321014735508,0.009479901922962329,2.000352226821402,212.04867533290053,32053,116962443,328.8542801726534,118.80595706657425,2.000352226821402,2.000352226821402
2023-06-01,burglary,208.10465050736022,213.70942197301775,329.9782044971326,5.604771465657528,-0.00957528640589723,-2.036203787341242,211.67321818567652,31563,116962443,323.82702539822975,110.117603425212,-2.036203787341242,-2.036203787341242
2023-07-01,burglary,206.86802165436816,219.02048858100883,337.21833703820454,12.152466926640653,0.0055361526592481,1.2156702875656586,220.23615886857448,33078,116962443,339.37047638445785,120.34998780344901,1.2156702875656586,1.2156702875656586
2023-08-01,burglary,205.51630903272329,221.15444897440983,341.3500953131421,15.638139941686518,-0.017110271690508095,-3.751144097395966,217.40330487701388,32711,116962443,335.6051651554508,114.45071618104095,-3.751144097395966,-3.751144097395966
2023-09-01,burglary,204.0880995988161,214.54564621661697,332.8937914529702,10.457546617800883,-0.026995888326686698,-5.713376553130828,208.83226966348613,31325,116962443,321.3852159363669,106.8395697197499,-5.713376553130828,-5.713376553130828
2023-10-01,burglary,202.63192574394327,208.46160339426234,324.4552983772597,5.829677650319053,0.007393386658395242,1.546678059242436,210.00828145350476,31819,116962443,326.45350952527554,117.9919061310132,1.546678059242436,1.546678059242436
2023-11-01,burglary,201.04963703589507,209.40197419749222,327.13634230214177,8.352337161597145,-0.04834105110564417,-9.880292593521224,199.521681603971,30302,116962443,310.8895391318049,101.48756493431267,-9.880292593521224,-9.880292593521224
2023-12-01,burglary,199.44245701369945,206.00671754023102,324.54111601102204,6.564260526531549,0.008786622471786987,1.817764075555731,207.82448161578674,31873,116962443,327.00753352082427,121.00081598059325,1.817764075555731,1.817764075555731
2024-01-01,burglary,197.70252333365383,189.5046366633167,301.01712824631517,-8.19788667033713,0.004758847387356743,0.903829436816727,190.40846610013344,30104,116962443,308.8581178147929,119.35348115147619,0.903829436816727,0.903829436816727
2024-02-01,burglary,195.88157400123492,174.15533625711754,276.9131935372993,-21.726237744117363,0.009593862850343925,1.6786169229365844,175.83395318005412,27868,116962443,285.9174205176272,111.76208426050965,1.6786169229365844,1.6786169229365844
2024-03-01,burglary,194.1044554615401,174.0711869486707,275.78237494660993,-20.033268512869434,0.02715266864182962,4.790536369518345,178.861723318189,28196,116962443,289.2826033054046,115.21141635673393,4.790536369518345,4.790536369518345
2024-04-01,burglary,192.1259148607227,184.02131427596257,291.2984272139152,-8.104600584760158,-0.009473892832243808,-1.7349022634607676,182.28641201250178,28265,116962443,289.99052285527245,105.96920857930988,-1.7349022634607676,-1.7349022634607676
2024-05-01,burglary,190.13367033558615,190.80418721786594,302.318160252065,0.6705168822798052,0.01584741313511044,3.047346823105933,193.85153404097187,30280,116962443,310.6638256521369,119.85963843427095,3.047346823105933,3.047346823105933
2024-06-01,burglary,187.9951786486183,193.0584395916069,305.30250119306476,5.063260942988622,-0.01571162525352279,-3.0090807884740745,190.04935880313283,29345,116962443,301.071002766247,108.01256317464006,-3.0090807884740745,-3.0090807884740745
2024-07-01,burglary,185.84887210923702,196.76677109144055,310.4175970636287,10.91789898220351,0.018835095356721687,3.740618511108057,200.5073896025486,31794,116962443,326.1970169347437,129.43024584330317,3.740618511108057,3.740618511108057
2024-08-01,burglary,183.5523656598597,197.51950111440934,312.4827571260165,13.967135454549654,-0.00173807421351459,-0.3429490202854868,197.17655209412388,30759,116962443,315.57822368672646,118.05872257231712,-0.3429490202854868,-0.3429490202854868
2024-09-01,burglary,181.17812650383027,190.46194432708802,302.980714098757,9.283817823257749,-0.008529188062599653,-1.6173230648712338,188.8446212622168,29948,116962443,307.2576040498743,116.7956597227863,-1.6173230648712338,-1.6173230648712338
2024-10-01,burglary,178.81343639080532,183.9579662055049,293.5273147692023,5.14452981469956,0.03288954342141738,6.149914586719681,190.10788079222456,30285,116962443,310.7151241702433,126.75715796473841,6.149914586719681,6.149914586719681
2024-11-01,burglary,176.30895479685765,183.63363085287526,293.9615790555759,7.324676056017605,-0.0013752765105431981,-0.25233487050944653,183.3812959823658,28350,116962443,290.8625976630806,107.22896681020532,-0.25233487050944653,-0.25233487050944653
2024-12-01,burglary,173.83400979516927,179.55554423047133,289.6403960332427,5.721534435302017,0.03805565305694807,6.963705180209592,186.51924941068089,29572,116962443,303.39995548827585,123.84441125780452,6.963705180209592,6.963705180209592
2025-01-01,burglary,171.23146692363852,164.13107274179217,266.76601395114153,-7.100394181846331,-0.012331453302133297,-2.0112747629668326,162.11979797882535,26342,116962443,270.2611127915651,106.13004004977293,-2.0112747629668326,-2.0112747629668326
2025-02-01,burglary,168.59081705582383,149.89116005386376,243.7580828061288,-18.69965700196009,-0.05398770080468742,-7.876783606928806,142.01437644693493,23399,116962443,240.06680503415953,90.17564498029577,-7.876783606928806,-7.876783606928806
2025-03-01,burglary,166.17923556327122,149.02773470493236,241.4505682779161,-17.151500858338867,0.04899969469343705,7.483201193088027,156.5109358980204,25428,116962443,260.8837436817218,111.85600897678944,7.483201193088027,7.483201193088027
2025-04-01,burglary,163.48663763978163,156.58999283664204,253.51124852263442,-6.89664480313959,-0.026819697528772526,-4.143352631923354,152.44664020471868,24402,116962443,250.35728776629605,93.76729492965401,-4.143352631923354,-4.143352631923354
2025-05-01,burglary,160.8645943677421,161.4319061261069,261.58518107871066,0.5673117583648097,0.007974705368774166,1.2923434966241165,162.724249622731,26243,116962443,269.2454021330591,107.81349600695219,1.2923434966241165,1.2923434966241165
2025-06-01,burglary,158.14477976049432,162.4041908289927,262.6277018256045,4.259411068498393,-0.04622568160373009,-7.335425619275134,155.06876520971758,24794,116962443,254.37909158583494,91.97490075684223,-7.335425619275134,-7.335425619275134
2025-07-01,burglary,155.5085705394041,164.64433930036824,265.68602072035003,9.135768760964135,0.02090800248847548,3.4781357025457162,168.12247500291397,26406,116962443,270.91773382332656,106.27339452295831,3.4781357025457162,3.4781357025457162
2025-08-01,burglary,152.78607587680554,164.41241855205845,266.2537941302103,11.626342675252928,-0.023081997337231194,-3.751002073651606,160.66141647840686,25509,116962443,261.7147796750449,97.30236112298644,-3.751002073651606,-3.751002073651606
2025-09-01,burglary,150.07082600950363,157.7608723133184,257.05729138698166,7.690046303814751,-0.012045929233183879,-1.8887308595345875,155.8721414537838,24773,116962443,254.1636378097882,96.40276549646981,-1.8887308595345875,-1.8887308595345875
2025-10-01,burglary,147.45511996053472,151.69757328511864,248.00507461638085,4.2424533245839084,0.03643522144617108,5.628321988756537,157.32589527387518,25335,116962443,259.9295912449435,108.23201795982484,5.628321988756537,5.628321988756537
2025-11-01,burglary,144.76948824652752,150.7840360479888,247.39392203821424,6.01454780146127,-0.04995309544872017,-7.346218317083982,143.43781773090478,23088,116962443,236.87603720794374,86.09200115995495,-7.346218317083982,-7.346218317083982
2025-12-01,burglary,142.19160281095552,146.87179349690132,242.96355344989158,4.680190685945792,-0.012787429164435603,-1.8659300575074405,145.00586343939386,24156,116962443,247.83340067546294,100.96160717856162,-1.8659300575074405,-1.8659300575074405
2026-01-01,burglary,139.55390323605022,133.76692484528868,223.15692297129002,-5.786978390761558,-0.016519142664402856,-2.1913234053323793,131.5756014399563,22014,116962443,225.85711551869687,92.09019067340819,-2.1913234053323793,-2.1913234053323793
2026-02-01,burglary,136.94681162276552,121.75666961234836,203.51156032730256,-15.190142010417148,-0.022857613544117077,-2.7512278634528853,119.00544174889548,19770,116962443,202.83434059256098,81.07767098021262,-2.7512278634528853,-2.7512278634528853
2026-03-01,burglary,134.62150132806863,120.72677344971495,201.4109286930451,-13.894727878353672,0.06857904697154295,8.568900418785239,129.2956738685002,21492,116962443,220.50155022839255,99.77477677867759,8.568900418785239,8.568900418785239
2026-04-01,burglary,132.0829415768169,126.51091451700607,211.38751325202793,-5.572027059810825,0.006778700444737636,0.8604014738856783,127.37131599089173,21277,116962443,218.2957139498189,91.78479943281282,0.8604014738856783,0.8604014738856783
2026-05-01,burglary,129.6651466491596,130.12244107231348,218.0585898219217,0.4572944231538765,0.03725716254350503,4.938880334155504,135.06132140646898,22380,116962443,229.6121670440827,99.48972597176922,4.938880334155504,4.938880334155504
2026-06-01,burglary,127.20984010515639,130.63615204558218,218.95472057988422,3.426311940425784,-0.024026903305675737,-3.101045167167233,127.53510687841494,20955,116962443,214.99208938376913,84.35593733818695,-3.101045167167233,-3.101045167167233
2017-01-01,theft,1533.6304811652606,1469.470617348314,1794.138794161118,-64.15986381694654,0.029193588672553176,43.476564735336034,1512.9471820836502,184192,117059345,1888.190985521062,418.72036817274807,43.476564735336034,43.476564735336034
2017-02-01,theft,1530.247523560263,1386.5256666654789,1698.9982073352521,-143.72185689478425,-0.03502465884325716,-47.668742816460444,1338.8569238490184,161430,117059345,1654.8529295119497,268.32726284647083,-47.668742816460444,-47.668742816460444
2017-03-01,theft,1527.1823835349408,1401.0599549110123,1715.531855628062,-126.1224286239284,0.022870853880708197,32.373959607334776,1433.4339145183471,172644,117059345,1769.8100053438707,368.7500504328584,32.373959607334776,32.373959607334776
2017-04-01,theft,1523.7607005852622,1473.6572345474444,1802.4134587971334,-50.103466037817576,-0.013463194677232278,-19.68329769206755,1453.9739368553767,175092,117059345,1794.904968928367,321.24773438092257,-19.68329769206755,-19.68329769206755
2017-05-01,theft,1520.4040373099208,1523.1548593484958,1864.0942888542738,2.7508220385747717,0.03220290112600965,49.78298769206428,1572.93784704056,188505,117059345,1932.4044569017533,409.24959755325744,49.78298769206428,49.78298769206428
2017-06-01,theft,1516.8704039275763,1552.4748278804655,1902.9009916957937,35.604423952889306,0.018424880252469605,28.83126015331529,1581.3060880337807,188264,117059345,1929.9339151436395,377.45908726317407,28.83126015331529,28.83126015331529
2017-07-01,theft,1513.370512823985,1596.2217821556774,1960.1647685024611,82.85126933169238,0.024700211221238732,39.86355258152955,1636.085334737207,195353,117059345,2002.6047471904103,406.38296503473293,39.86355258152955,39.86355258152955
2017-08-01,theft,1509.6531880115367,1614.3646323568573,1989.8261085881795,104.71144434532047,0.024654962020038997,40.24125289855459,1654.6058852554117,197177,117059345,2021.3029553514075,406.93832299455016,40.24125289855459,40.24125289855459
2017-09-01,theft,1505.8154992917487,1573.6519863172655,1949.8410859915718,67.83648702551673,-0.0178241054618871,-27.764630303261235,1545.8873560140041,184631,117059345,1892.6912669808632,319.03928066359776,-27.764630303261235,-27.764630303261235
2017-10-01,theft,1501.9701246169295,1536.7111210254811,1911.6624294444775,34.74099640855153,0.03464084520444541,54.09392304359141,1590.8050440690724,191878,117059345,1966.981790304738,430.27066927925694,54.09392304359141,54.09392304359141
2017-11-01,theft,1497.8434891792538,1543.076509558442,1924.6108720229004,45.233020379188346,-0.0314899570884707,-47.774704561774975,1495.301804996667,180433,117059345,1849.6566848208488,306.5801752624068,-47.774704561774975,-47.774704561774975
2017-12-01,theft,1493.6855782379591,1522.2228194398,1906.537273870361,28.537241201840974,-0.011631881659357267,-17.58166217809016,1504.6411572617098,182544,117059345,1871.2969904282313,349.0741709884312,-17.58166217809016,-17.58166217809016
2018-01-01,theft,1489.2024820539762,1426.8990631871686,1797.9914537926013,-62.3034188668074,9.067394996390997e-4,1.292871943462358,1428.191935130631,174476,117059345,1788.5902231897844,361.6911600026158,1.292871943462358,1.292871943462358
2018-02-01,theft,1484.5130363659273,1345.081771796184,1700.4210216687457,-139.43126456974338,-0.08321354923695479,-107.28777347666276,1237.7939983195213,151922,117059345,1557.3844189885053,212.30264719232127,-107.28777347666276,-107.28777347666276
2018-03-01,theft,1480.0862562569646,1357.848856845423,1713.8455171311791,-122.23739941154139,-0.005063090720001192,-6.849816692209871,1350.999040153213,165973,117059345,1701.4241793339952,343.5753224885723,-6.849816692209871,-6.849816692209871
2018-04-01,theft,1474.958584366918,1426.4578928879164,1796.7106095695485,-48.50069147900168,-0.05248554477707449,-72.85531836039748,1353.602574527519,167698,117059345,1719.1075176441486,292.64962475623224,-72.85531836039748,-72.85531836039748
2018-05-01,theft,1469.755123221367,1472.4144202613522,1854.2916473206635,2.659297039985138,0.008736423801345818,12.903999552818773,1485.318419814171,182378,117059345,1869.5952894662107,397.1808692048585,12.903999552818773,12.903999552818773
2018-06-01,theft,1464.1138796135454,1498.4815353466947,1888.1054132416634,34.367655733149455,-0.01365588968904381,-20.29897597916356,1478.1825593675312,181398,117059345,1859.54910306392,361.0675677172253,-20.29897597916356,-20.29897597916356
2018-07-01,theft,1458.3847428191552,1538.2296143501478,1939.0059834877331,79.84487153099235,0.009251835367607231,14.27898667735756,1552.5086010275054,190521,117059345,1953.0708975007506,414.84128315060275,14.27898667735756,14.27898667735756
2018-08-01,theft,1452.1715151546487,1552.9011243701239,1961.436679634201,100.72960921547521,0.005033250392996994,7.8256521909339165,1560.7267765610577,192076,117059345,1969.0115300064256,416.1104056363017,7.8256521909339165,7.8256521909339165
2018-09-01,theft,1445.64635112953,1510.775654936103,1914.9172442410168,65.12930380657275,-0.040999790805200734,-60.61552868008033,1450.1601262560225,179672,117059345,1841.855513543152,331.0798586070491,-60.61552868008033,-60.61552868008033
2018-10-01,theft,1439.0218122565861,1472.3085849416266,1870.1125478085478,33.28677268504051,0.021386996345276285,31.787498442945907,1504.0960833845727,187395,117059345,1921.0256131195674,448.71702817794085,31.787498442945907,31.787498442945907
2018-11-01,theft,1431.8435098871548,1475.0858656192452,1874.5056528825144,43.24235573209042,-0.07502455383205908,-106.49656648955433,1368.589299129691,171640,117059345,1759.5177898868305,284.4319242675854,-106.49656648955433,-106.49656648955433
2018-12-01,theft,1424.5746576080764,1451.7931165960938,1848.6320465977772,27.218458988017332,0.0016727527784952017,2.427577804106542,1454.2206944002003,180304,117059345,1848.3342786515677,396.54116205547393,2.427577804106542,2.427577804106542
2019-01-01,theft,1416.7813543212123,1357.5043695737602,1734.902601140605,-59.276984747452104,-0.011178588115279345,-15.07359833553476,1342.4307712382254,168986,117059345,1732.3110769157302,374.80670734196997,-15.07359833553476,-15.07359833553476
2019-02-01,theft,1408.7650236887227,1276.440731303355,1632.2328406311974,-132.32429238536773,-0.0624786498790051,-77.23277409187975,1199.2079572114753,149737,117059345,1534.985523795644,258.54479249228893,-77.23277409187975,-77.23277409187975
2019-03-01,theft,1401.3853924406314,1285.640769649175,1637.3585370509118,-115.74462279145652,0.021674829798762653,28.13939328590717,1313.7801629350822,163243,117059345,1673.4383743561866,387.7976047070117,28.13939328590717,28.13939328590717
2019-04-01,theft,1393.1181984465452,1347.3056185513342,1707.9644172070487,-45.81257989521113,0.009670510590726055,13.07749384804359,1360.3831123993778,168293,117059345,1725.206987959825,377.90136940849084,13.07749384804359,13.07749384804359
2019-05-01,theft,1385.0760310187877,1387.5822915776425,1754.1986244768232,2.50626055885465,0.050792757956713175,72.21178759929748,1459.79407917694,182086,117059345,1866.6019359667525,479.01964438911,72.21178759929748,72.21178759929748
2019-06-01,theft,1376.7804873625275,1409.1005460827082,1777.246329100972,32.32005872018037,0.02596377691083419,37.0199927206669,1446.120538803375,179571,117059345,1840.8201412710794,431.71959518837116,37.0199927206669,37.0199927206669
2019-07-01,theft,1368.820754765533,1443.7680087365363,1817.2738025083893,74.94725397100346,0.058104009359598495,86.26361243954523,1530.0316211760817,192386,117059345,1972.1894052969458,528.4213965604094,86.26361243954523,86.26361243954523
2019-08-01,theft,1360.721267172551,1455.1151481465731,1831.7176517596995,94.39388097402203,0.03641091878233,53.890603777917,1509.00575192449,189816,117059345,1945.8437940174704,490.72864587089725,53.890603777917,53.890603777917
2019-09-01,theft,1352.8040800209587,1413.755584723695,1782.8000029458076,60.95150470273635,0.008508733857740671,12.066238421495987,1425.821823145191,180786,117059345,1853.2753621677962,439.51977744410124,12.066238421495987,12.066238421495987
2019-10-01,theft,1345.366734162521,1376.4896098180461,1736.6133634287864,31.122875655525092,0.07023210566306476,100.02622776003898,1476.515837578085,186686,117059345,1913.757504793829,537.2678949757828,100.02622776003898,100.02622776003898
2019-11-01,theft,1337.9648268667358,1378.3752621836436,1737.686026948866,40.41043531690771,-0.013999982931739645,-19.141072286567393,1359.2341898970762,172971,117059345,1773.162151214839,394.7868890311954,-19.141072286567393,-19.141072286567393
2019-12-01,theft,1331.12412640615,1356.5591052586328,1712.5825515656759,25.434978852482796,0.07251096005028063,101.89547945322124,1458.454584711854,185229,117059345,1898.8214909283834,542.2623856697505,101.89547945322124,101.89547945322124
2020-01-01,theft,1324.4380475099638,1269.0205413322622,1607.0354770577367,-55.41750617770163,0.11341082161768708,152.2187138894574,1421.2392552217195,180407,117059345,1849.3901533448695,580.3696120126074,152.2187138894574,152.2187138894574
2020-02-01,theft,1318.1903579795662,1194.3652016289848,1512.6215608665727,-123.82515635058142,0.06179715467182327,76.0560525616379,1270.4212541906227,162134,117059345,1662.0697817846153,467.70458015563054,76.0560525616379,76.0560525616379
2020-03-01,theft,1312.7863569736767,1204.3520414741902,1519.123663638239,-108.43431549948647,0.016576502727709642,20.109788496188145,1224.4618299703784,152226,117059345,1560.5007870153381,356.14874554114795,20.109788496188145,20.109788496188145
2020-04-01,theft,1307.5269748062115,1264.5260859585308,1588.0913167426208,-43.00088884768077,-0.13163366774442534,-155.81991126447176,1108.706174694059,136655,117059345,1400.879186535684,136.35310057715333,-155.81991126447176,-155.81991126447176
2020-05-01,theft,1302.99102985417,1305.3489214062627,1634.6926950656245,2.3578915520926227,-0.08213855141883737,-102.83102145813945,1202.5178999481232,144839,117059345,1484.7750942054222,179.42617279915953,-102.83102145813945,-102.83102145813945
2020-06-01,theft,1298.9234084758687,1329.417791677104,1660.4828851625325,30.494383201235593,-0.06154145851209006,-79.26501833866051,1250.1527733384437,148929,117059345,1526.7025456190618,197.28475394195766,-79.26501833866051,-79.26501833866051
2020-07-01,theft,1295.6319594497036,1366.5764648186134,1703.8978662836478,70.9445053689097,-0.0282968936159356,-38.085664102408685,1328.4908007162046,157624,117059345,1615.836821912851,249.26035709423763,-38.085664102408685,-38.085664102408685
2020-08-01,theft,1292.9451188072492,1382.6427595766165,1725.505015485296,89.69764076936747,-0.014944577488167682,-20.486097328739714,1362.156662247877,162841,117059345,1669.3173876891246,286.6746281125081,-20.486097328739714,-20.486097328739714
2020-09-01,theft,1291.0336591672994,1349.2051883778306,1687.966414801625,58.171529210530956,-0.005993271971571244,-8.052960441162858,1341.152227936668,160225,117059345,1642.5002207213786,293.295032343548,-8.052960441162858,-8.052960441162858
2020-10-01,theft,1289.9700456699347,1319.8128199004211,1652.9143083621684,29.84277423048647,0.06069311354186773,82.48784381506297,1402.3006637154842,167718,117059345,1719.3125418564402,399.49972195601913,82.48784381506297,82.48784381506297
2020-11-01,theft,1289.7127052588976,1328.6674013603417,1664.2238537600012,38.95469610144418,-0.007993618425556705,-10.566903920840222,1318.1004974395014,160681,117059345,1647.1747727616278,318.50737140128604,-10.566903920840222,-10.566903920840222
2020-12-01,theft,1290.2277863442494,1314.8821794667724,1650.91732520098,24.654393122523157,0.055443084241468044,74.87311408272508,1389.7552935494975,168414,117059345,1726.4473844441895,411.5652049774171,74.87311408272508,74.87311408272508
2021-01-01,theft,1291.4779776058601,1237.4381721434695,1559.7754417108824,-54.0398054623907,0.031225468353539027,39.20742844396733,1276.6456005874368,157325,117059345,1612.7717099390911,375.3335377956216,39.20742844396733,39.20742844396733
2021-02-01,theft,1293.386069183609,1171.8886435566076,1478.4285024896556,-121.49742562700136,-0.072408878642466007,-81.78147684544581,1090.1071667111619,133976,117059345,1373.4161932992195,201.52754974261188,-81.78147684544581,-81.78147684544581
2021-03-01,theft,1295.6151276586909,1188.597725283666,1494.8668869577532,-107.01740237502511,0.009544021209879093,11.386910064623436,1199.9846353482894,148105,117059345,1518.2555480726464,329.6578227889804,11.386910064623436,11.386910064623436
2021-04-01,theft,1298.5768097284458,1255.8699582796223,1574.1927718061884,-42.70685144882351,-0.09459180339020896,-113.2416008925369,1142.6283573870853,140394,117059345,1439.2084630236054,183.3385047439831,-113.2416008925369,-113.2416008925369
2021-05-01,theft,1301.871717520713,1304.227585769907,1631.4436405306844,2.3558682491939615,-0.0333009690952027,-42.67193088882595,1261.555654881081,156779,117059345,1607.1745489435293,302.9469631736224,-42.67193088882595,-42.67193088882595
2021-06-01,theft,1305.6495064833193,1336.3016199678711,1668.7032027369003,30.652113484551812,-0.03492967181730467,-45.82145805791275,1290.4801619099583,158016,117059345,1619.8552964737673,283.5536765058962,-45.82145805791275,-45.82145805791275
2021-07-01,theft,1309.5989853584863,1381.3073974129773,1723.839541586966,71.70841205449089,-0.026190283522472085,-35.66715961339593,1345.6402377995814,166909,117059345,1711.0193124692437,329.71191505626643,-35.66715961339593,-35.66715961339593
2021-08-01,theft,1313.9123183545,1405.0628466717499,1757.2583849135403,91.15052831724975,-0.046941693305026747,-64.35993963463237,1340.7029070371175,166285,117059345,1704.6225570457445,299.5597103739947,-64.35993963463237,-64.35993963463237
2021-09-01,theft,1318.3885399826843,1377.791211566473,1729.5450680176696,59.402671583788646,-0.01901910322538401,-25.92749230423807,1351.863719262235,168220,117059345,1724.4586495849605,346.6674380184875,-25.92749230423807,-25.92749230423807
2021-10-01,theft,1322.8049558140956,1353.4064906625158,1702.9450712743562,30.60153484842039,0.035007444102384065,48.162061082232704,1401.5685517447484,176185,117059345,1806.1095421301052,452.7030514675894,48.162061082232704,48.162061082232704
2021-11-01,theft,1327.3821542505027,1367.4733266683268,1723.2682665882637,40.09117241782376,-0.010479038420301269,-14.238910530670925,1353.2344161376554,168456,117059345,1726.877935290002,359.40460862167515,-14.238910530670925,-14.238910530670925
2021-12-01,theft,1331.7531884877194,1357.200173782067,1716.3702494993229,25.446985294347737,0.03781173809437619,52.23922686428354,1409.4394006463508,174909,117059345,1793.0289973858987,435.8288236038318,52.23922686428354,52.23922686428354
2022-01-01,theft,1336.1336225993305,1280.2272695704678,1627.0012378198364,-55.906353028862924,0.01718486227087625,22.166570724897316,1302.3938402953652,164473,117059345,1686.0473634121222,405.8200938416544,22.166570724897316,22.166570724897316
2022-02-01,theft,1340.2974787933692,1214.3977780747573,1546.2489352741477,-125.89970071861192,-0.0018633599483634104,-2.2584696051926136,1212.1393084695646,152713,117059345,1565.4931265846399,351.09534850988257,-2.2584696051926136,-2.2584696051926136
2022-03-01,theft,1343.8059000181927,1232.812048795175,1566.2197047592206,-110.9938512230178,0.10593938446941174,137.6149364253696,1370.4269852205446,172169,117059345,1764.9406803019444,532.1286315067694,137.6149364253696,137.6149364253696
2022-04-01,theft,1347.3365976961747,1303.0279053755123,1651.4826928014102,-44.30869232066219,0.044256300504393054,58.895379275986876,1361.9232846514992,168523,117059345,1727.564766401179,424.53686102566667,58.895379275986876,58.895379275986876
2022-05-01,theft,1350.32579428287,1352.769246121075,1712.8983433548447,2.443451838204675,0.04814784943300858,66.64747930023437,1419.4167254213091,176131,117059345,1805.5559767569175,452.78673063584256,66.64747930023437,66.64747930023437
2022-06-01,theft,1352.8936625273923,1384.6536234366874,1752.5357123058347,31.759960909295142,0.025297670399796964,35.4333590827878,1420.0869825194752,175808,117059345,1802.2448357284075,417.59121229172,35.4333590827878,35.4333590827878
2022-07-01,theft,1354.7987857201044,1428.9792079461304,1809.3432092644762,74.18042222602627,0.023949048618072365,34.59354078900823,1463.5727487351387,182629,117059345,1872.1683433304706,443.18913538434026,34.59354078900823,34.59354078900823
2022-08-01,theft,1356.0893302415184,1450.1622802948775,1841.204083259362,94.0729500533594,0.014392595320648561,20.99674737651427,1471.1590276713919,182918,117059345,1875.1309431980844,424.9686629032069,20.99674737651427,20.99674737651427
2022-09-01,theft,1356.6112091748337,1417.7340437766434,1807.4900554648748,61.12283460180954,-0.033594352521136454,-46.78321860080055,1370.950825175843,172267,117059345,1765.945298942173,348.21125516552956,-46.78321860080055,-46.78321860080055
2022-10-01,theft,1356.3268058895835,1387.7029314830108,1774.0042385688632,31.376125593427297,0.0021502050036577044,2.9835943119413053,1390.6865257949523,175974,117059345,1803.9465366904283,416.24360520741743,2.9835943119413053,2.9835943119413053
2022-11-01,theft,1355.2325568945448,1396.1639204914145,1787.6022742362336,40.93136359686975,-0.07344590918540748,-98.76049417926104,1297.4034263121537,163085,117059345,1671.8186830790826,275.6547625876681,-98.76049417926104,-98.76049417926104
2022-12-01,theft,1353.4330964457056,1379.2938622230502,1771.6228426446046,25.860765777344607,-0.03229863094357444,-43.78875845036387,1335.5051037726864,167455,117059345,1716.6164734648055,337.32261124175534,-43.78875845036387,-43.78875845036387
2023-01-01,theft,1350.8451556327366,1294.3239089736462,1669.7971163687307,-56.52124665909029,0.024867985328938167,32.55474530625369,1326.8786542798998,167002,117059345,1711.9726750563998,417.6487660827536,32.55474530625369,32.55474530625369
2023-02-01,theft,1347.5550392480243,1220.9743002011478,1577.2566367671986,-126.58073904687657,-0.03852180087598763,-46.094556714684764,1174.8797434864632,147682,117059345,1513.9192859826783,292.9449857815305,-46.094556714684764,-46.094556714684764
2023-03-01,theft,1344.0126029043981,1233.0016962798059,1588.513132762368,-111.01090662459217,0.037058713803833146,46.5010490402192,1279.502745320025,161875,117059345,1659.4147182354386,426.41302195563276,46.5010490402192,46.5010490402192
2023-04-01,theft,1339.495638341789,1295.444526182535,1664.4825820624328,-44.05111215925392,-0.015251958357104727,-19.58730681199247,1275.8572193705425,159524,117059345,1635.3141220805567,339.86959589802177,-19.58730681199247,-19.58730681199247
2023-05-01,theft,1334.5659600938213,1336.980925885555,1716.1163420943428,2.4149657917335414,0.022792487564992962,30.78792145576022,1367.7688473413154,170578,117059345,1748.6310042141445,411.6500783285894,30.78792145576022,30.78792145576022
2023-06-01,theft,1328.934582727349,1360.132728615065,1744.7798930671627,31.19814588771596,-0.003159322750355245,-4.285469943025172,1355.8472586720397,168539,117059345,1727.728785771012,367.59605715594716,-4.285469943025172,-4.285469943025172
2023-07-01,theft,1323.0028974867312,1395.4443998412062,1789.9298712905393,72.44150235447512,-0.012465356525145188,-17.266891888407642,1378.1775079527988,172832,117059345,1771.7372329394123,376.2928330982061,-17.266891888407642,-17.266891888407642
2023-08-01,theft,1316.41521521749,1407.7391740138705,1809.5568056654465,91.3239587963805,-0.005482632867093551,-7.688017717497661,1400.0511562963727,174723,117059345,1791.1222722115863,383.38309819771575,-7.688017717497661,-7.688017717497661
2023-09-01,theft,1309.4019993070876,1368.4002262975519,1765.2722877977837,58.99822699046431,-0.05296861051536941,-70.51971145441375,1297.8805148431381,162647,117059345,1667.3286528298959,298.928426532344,-70.51971145441375,-70.51971145441375
2023-10-01,theft,1302.247916195579,1332.374416747377,1722.4426798318948,30.126500551798298,0.011051033354092413,14.789151487160957,1347.1635682345382,170260,117059345,1745.3711192387073,412.9967024913303,14.789151487160957,14.789151487160957
2023-11-01,theft,1294.514978587464,1333.6145619750826,1725.6778140020056,39.09958338761859,-0.046304162848583796,-60.2800026082444,1273.334559366838,160628,117059345,1646.6314585990551,313.01689662397257,-60.2800026082444,-60.2800026082444
2023-12-01,theft,1286.738914788622,1311.3267135355532,1701.439342349311,24.587798746931057,2.7952383399817895e-4,0.36619758435555566,1311.6929111199086,164879,117059345,1690.2093549216424,378.8826413860893,0.36619758435555566,0.36619758435555566
2024-01-01,theft,1278.4392318076846,1224.9444540311058,1595.7934824608903,-53.49477777657858,-0.021978211706709844,-26.601802800411534,1198.3426512306944,154432,117059345,1583.1149576311059,358.1705036000001,-26.601802800411534,-26.601802800411534
2024-02-01,theft,1269.9086738483284,1150.614538606467,1500.598802337632,-119.29413524186141,0.006863886907292923,7.9172036098456005,1158.5317422163125,147761,117059345,1514.7291316212304,364.1145930147634,7.9172036098456005,7.9172036098456005
2024-03-01,theft,1261.752741963867,1157.5296610588935,1505.7033559808337,-104.22308090497368,0.04163873455432729,49.16610711794183,1206.6957681768351,153554,117059345,1574.1143947115029,416.58473365260943,49.16610711794183,49.16610711794183
2024-04-01,theft,1252.881314578242,1211.675751367016,1572.5469124239642,-41.20556321122598,-0.009100563129544702,-10.965924486200286,1200.7098268808156,153262,117059345,1571.121041212045,359.44528984502904,-10.965924486200286,-10.965924486200286
2024-05-01,theft,1244.1786508726836,1246.4302262544586,1616.7360565210101,2.2515753817749404,0.027707113003039664,34.98047135081922,1281.4106976052776,164024,117059345,1681.444569846175,435.0143435917164,34.98047135081922,34.98047135081922
2024-06-01,theft,1235.0987400706374,1264.0963133681996,1638.947173422096,28.997573297562337,-0.020519453302734848,-25.647756744961136,1238.4485566232386,159575,117059345,1635.8369338219004,371.7406204537008,-25.647756744961136,-25.647756744961136
2024-07-01,theft,1226.2592546813578,1293.4092397462769,1676.7501583104388,67.14998506491908,0.006672002977505414,8.649088015949113,1302.0583277622259,167140,117059345,1713.387342121212,419.97810237493513,8.649088015949113,8.649088015949113
2024-08-01,theft,1217.1033026108694,1301.5451553093508,1690.7837204994528,84.4418526984813,0.0026229569960119093,3.4146607685729515,1304.9598160779237,167085,117059345,1712.8235255374102,411.27837022805943,3.4146607685729515,3.4146607685729515
2024-09-01,theft,1207.9525012612341,1262.3844933307057,1645.5303597406094,54.43199206947155,-0.006247201511258411,-7.853568613370391,1254.5309247173354,161560,117059345,1656.1855868918453,393.8010935611396,-7.853568613370391,-7.853568613370391
2024-10-01,theft,1199.1096191026352,1226.8525368139567,1602.120646156919,27.742917711321475,0.06632995389800532,84.04470361138266,1310.8972404253393,167896,117059345,1721.137257345836,494.2847205318792,84.04470361138266,84.04470361138266
2024-11-01,theft,1189.988447657961,1225.934136265761,1601.8557664650746,35.94568860780011,-0.01743382015072365,-21.166217500064555,1204.7679187656963,154009,117059345,1578.7786955411377,352.8445592753767,-21.166217500064555,-21.166217500064555
2024-12-01,theft,1181.1805430181685,1203.7532930161321,1576.6732157706244,22.57274999796369,0.030418143234178147,37.14007882084213,1240.8933718369742,159163,117059345,1631.6134350486927,427.8601420325606,37.14007882084213,37.14007882084213
2025-01-01,theft,1172.101858189492,1123.0524733738573,1476.6195656267766,-49.04938481563484,-0.022180442758701322,-24.613026529077697,1098.4394468447795,142498,117059345,1460.777010156686,337.72453678282864,-24.613026529077697,-24.613026529077697
2025-02-01,theft,1163.0494755860807,1053.7847776024785,1386.9109934156247,-109.2646979836021,-0.06078975259124902,-62.099740684737164,991.6850369177414,127768,117059345,1309.7766778038954,255.9919002014169,-62.099740684737164,-62.099740684737164
2025-03-01,theft,1154.8982829375004,1059.493774394144,1390.7406101124504,-95.4045085433564,0.05783063363188126,63.01851985411034,1122.5122942482544,144094,117059345,1477.1379422975585,417.6441679034144,63.01851985411034,63.01851985411034
2025-04-01,theft,1145.9043360563123,1108.2138476272858,1451.3128470164781,-37.690488429026594,-0.0029173598631690055,-3.2253744452362487,1104.9884731820493,142050,117059345,1456.184467801353,347.97062017406734,-3.2253744452362487,-3.2253744452362487
2025-05-01,theft,1137.2337557002938,1139.2919781073674,1491.1044849900943,2.0582224070734947,0.0344594232464497,39.90435769064488,1179.1963357980123,150520,117059345,1543.0122217068615,403.7202435994941,39.90435769064488,39.90435769064488
2025-06-01,theft,1128.3112365580612,1154.8040745348385,1510.8902055766291,26.492837976777388,-0.0099330235085148,-11.403039263582164,1143.4010352712564,147173,117059345,1508.7014197798562,353.89734524501773,-11.403039263582164,-11.403039263582164
2025-07-01,theft,1119.7149635199055,1181.0363287846258,1545.3792250865383,61.32136526472028,0.01213782100499363,14.408191906412938,1195.4445206910386,152860,117059345,1567.000054544983,385.9637257603572,14.408191906412938,14.408191906412938
2025-08-01,theft,1110.8744230479117,1187.9534871883009,1558.0913576857706,77.0790641403893,-0.0033389638567138786,-3.956011953061382,1183.9974752352396,151150,117059345,1549.470484394048,361.5169972057472,-3.956011953061382,-3.956011953061382
2025-09-01,theft,1102.0793824169286,1151.7451704839245,1516.2732191521147,49.66578806699591,-0.010035441464627473,-11.489540688275476,1140.2556297956492,146788,117059345,1504.7547036932422,353.0095332093176,-11.489540688275476,-11.489540688275476
2025-10-01,theft,1093.6137090900456,1118.9181236270078,1476.3035003795467,25.304414536962305,0.03249794979783728,36.92425214422536,1155.8423757712333,148799,117059345,1525.3698882391661,406.4517646121583,36.92425214422536,36.92425214422536
2025-11-01,theft,1084.9153586860455,1117.690089463601,1476.2064528346693,32.77473077755539,-0.06490856460035732,-70.18198612641145,1047.5081033371894,135984,117059345,1394.0006242132995,276.3105347496985,-70.18198612641145,-70.18198612641145
2025-12-01,theft,1076.5476757041204,1097.122687020759,1453.240271762519,20.575011316638616,-0.002658238210492608,-2.909884837103355,1094.2128021836556,142393,117059345,1459.7006330421548,362.57794602139575,-2.909884837103355,-2.909884837103355
2026-01-01,theft,1067.954996190935,1023.2601640535082,1361.558816071355,-44.69483213742666,-0.02866037749460218,-28.886790427289174,994.3733736262191,130757,117059345,1340.4175463308804,317.1573822773722,-28.886790427289174,-28.886790427289174
2026-02-01,theft,1059.4192680245553,959.8824942537975,1279.6856489260824,-99.53677377075782,-0.053084378146471545,-49.588286208970516,910.294208044827,118414,117059345,1213.8868537150963,254.0043594612988,-49.588286208970516,-49.588286208970516
2026-03-01,theft,1051.7602676836539,964.8689870068446,1283.964580071456,-86.89128067680923,0.05700321241273044,56.55027810226748,1021.4192651091121,133413,117059345,1367.6447617232097,402.77577471636516,56.55027810226748,56.55027810226748
2026-04-01,theft,1043.3386382183069,1009.0188479408366,1340.4787193730558,-34.31979027747022,0.009706430257738131,9.833301493373126,1018.8521494342098,133896,117059345,1372.596096450053,363.57724850921636,9.833301493373126,9.833301493373126
2026-05-01,theft,1035.2484565664429,1037.122260565714,1377.9229549305662,1.8738039992710014,0.02783844550474043,29.25148352659673,1066.3737440923107,139443,117059345,1429.4595617291382,392.3373011634242,29.25148352659673,29.25148352659673
2026-06-01,theft,1026.9522023414581,1051.0672086039706,1397.592809073065,24.115006262512544,-0.013069751480555687,-13.63600733059779,1037.4312012733728,136130,117059345,1395.4973009630285,344.4300923590579,-13.63600733059779,-13.63600733059779
2017-01-01,motor,170.4264249732682,165.2625437642407,317.26409980883193,-5.163881209027536,0.04993366257495349,8.46044202123255,173.72298578547324,33326,117007859,341.78217037541043,176.51962661116974,8.46044202123255,8.46044202123255
2017-02-01,motor,169.2565410310137,152.99727264387462,294.5708520303146,-16.259268387139088,-0.05496856389108509,-8.18208655786285,144.81518608601178,27821,117059345,285.19893050828193,132.2016578644073,-8.18208655786285,-8.18208655786285
2017-03-01,motor,168.211490205473,150.6275875691934,289.3363837937919,-17.583902636279607,-2.811410107739459e-4,-0.0423363265996215,150.58525124259378,28453,117059345,291.6776956166977,141.0501080475043,-0.0423363265996215,-0.0423363265996215
2017-04-01,motor,167.0723640870073,157.62777640989623,301.20903994369746,-9.444587677111066,-0.025344523488863385,-3.9442949744905325,153.6834814354057,28659,117059345,293.7894450033015,136.1616685934053,-3.9442949744905325,-3.9442949744905325
2017-05-01,motor,165.9927346890999,166.26607426885195,316.41738859394746,0.27333957975205064,-0.016549549424011212,-2.7286126856224158,163.53746158322954,30437,117059345,312.0160974760281,145.75002320717616,-2.7286126856224158,-2.7286126856224158
2017-06-01,motor,164.90566970640708,172.8198824492229,327.7802696254303,7.914212742815812,-0.03243022779155826,-5.513914748953844,167.30596770026906,30851,117059345,316.26009867046497,143.44021622124208,-5.513914748953844,-5.513914748953844
2017-07-01,motor,163.88600702393688,177.47152449366578,335.72719669352267,13.585517469728902,-0.004136989252572652,-0.732573286292928,176.73895120737288,32546,117059345,333.6359006621812,156.16437616851542,-0.732573286292928,-0.732573286292928
2017-08-01,motor,162.8705655760687,176.33930475060689,334.29630451855803,13.468739174538177,0.00867325563218934,1.5358599860708562,177.87516473667773,32581,117059345,333.99469303369165,157.65538828308476,1.5358599860708562,1.5358599860708562
2017-09-01,motor,161.89872551020278,168.50582747290522,321.80845681415025,6.607101962702429,-0.02438776460566192,-4.059218476864981,164.44660899604023,30502,117059345,312.6824261659759,144.1765986930707,-4.059218476864981,-4.059218476864981
2017-10-01,motor,161.00419439109731,162.5116793952773,312.4408862373271,1.5074850041799766,0.037817526066357604,6.262596895012962,168.77427629029026,32125,117059345,329.32014099344224,166.80846159816494,6.262596895012962,6.262596895012962
2017-11-01,motor,160.13184792541992,163.34962864746933,314.88593696447947,3.2177807220493992,-0.0240571180962624,-3.8823132178604114,159.4673154296089,30397,117059345,311.60604905144476,148.25642040397543,-3.8823132178604114,-3.8823132178604114
2017-12-01,motor,159.34222117040576,163.13687051254513,315.3174060250931,3.794649342139344,0.009124984767664332,1.4952288244842318,164.6320993370294,31371,117059345,321.59072819004757,158.45385767750244,1.4952288244842318,1.4952288244842318
2018-01-01,motor,158.58706703255623,153.7818696490389,298.9099288849553,-4.8051973835173,0.097052330282334,15.670932879944935,169.45280252898388,32599,117059345,334.17921482475407,180.39734517571517,15.670932879944935,15.670932879944935
2018-02-01,motor,157.89813638412014,142.7298591003801,278.4261575331922,-15.168277283740046,-0.026405502950322658,-3.7190986943165525,139.01076040606355,26645,117059345,273.1435068255337,130.41364772515357,-3.7190986943165525,-3.7190986943165525
2018-03-01,motor,157.33651288001312,140.88928698228628,274.1505810774581,-16.44722589772681,0.0586136382909978,8.503790203855896,149.39307718614216,28583,117059345,293.01035299659327,152.121066014307,8.503790203855896,8.503790203855896
2018-04-01,motor,156.78596809971597,147.92279789382323,286.35774073892196,-8.86317020589273,0.005334040404680411,0.7910362322154563,148.71383412603868,28369,117059345,290.81659392507277,142.89379603124954,0.7910362322154563,0.7910362322154563
2018-05-01,motor,156.3285751089521,156.58600283221284,301.9183369207427,0.2574277232607509,0.02744238834913243,4.3560139263576145,160.94201675857045,30349,117059345,311.11399094194485,154.527988109732,4.3560139263576145,4.3560139263576145
2018-06-01,motor,155.938269710437,163.42217435609447,313.8299648859444,7.483904645657496,-0.030993691365727924,-4.986710234733318,158.43546412136118,29471,117059345,302.11342802234196,138.6912536662475,-4.986710234733318,-4.986710234733318
2018-07-01,motor,155.64454202751654,168.5469698271985,322.36288137520137,12.90242779968195,0.018994084337713768,3.2315299057245106,171.778499732923,31533,117059345,323.25142430960983,154.70445448241134,3.2315299057245106,3.2315299057245106
2018-08-01,motor,155.43241068859555,168.28613071335377,321.9725140597735,12.853720024758216,0.01280009029719478,2.1676149313096595,170.45374564466343,31538,117059345,323.30268036268274,155.01654964932897,2.1676149313096595,2.1676149313096595
2018-09-01,motor,155.31796998853056,161.6565468934986,310.95787608167467,6.338576904968028,-0.015561610166395965,-2.495832551819492,159.1607143416791,30195,117059345,309.5353045072993,147.87875761380073,-2.495832551819492,-2.495832551819492
2018-10-01,motor,155.30496108336249,156.7590910411246,302.8415415165388,1.454129957762114,0.04828205773401836,7.753279906405066,164.51237094752966,31179,117059345,319.6224957520478,162.86340471092322,7.753279906405066,7.753279906405066
2018-11-01,motor,155.39758814986146,158.52024852340872,306.19331622337535,3.122660373547283,-0.021982366031449367,-3.446183405987071,155.07406511742167,29689,117059345,304.3481919363208,145.82794341291208,-3.446183405987071,-3.446183405987071
2018-12-01,motor,155.5934980400691,159.29888540859164,307.65765389615905,3.705387368522497,-0.006546515649684473,-1.0393094721349723,158.25957593645663,30182,117059345,309.4020387693097,150.10315336071804,-1.0393094721349723,-1.0393094721349723
2019-01-01,motor,155.90357170502892,151.17967414145375,292.7398847604347,-4.723897563575178,0.044813581102999114,6.928086729863592,158.10776087131734,29890,117059345,306.40868526985184,155.2290111283981,6.928086729863592,6.928086729863592
2019-02-01,motor,156.31941180659956,141.30277476741333,273.6853453114264,-15.016637039186255,-0.0318958625276814,-4.435349169446359,136.86742559796696,25870,117059345,265.1988185992327,123.89604383181938,-4.435349169446359,-4.435349169446359
2019-03-01,motor,156.78300561886076,140.3936340206485,270.38747429577637,-16.389371598212264,0.003334097425603348,0.468812205803884,140.8624462264524,26919,117059345,275.95233853392904,135.55870451328053,0.468812205803884,0.468812205803884
2019-04-01,motor,157.39060530535335,148.49325895922172,283.56634683400404,-8.897346346131641,-0.04736497629748315,-6.868600009076294,141.62465895014543,26687,117059345,273.5740576713461,125.08079871212439,-6.868600009076294,-6.868600009076294
2019-05-01,motor,158.07004601564788,158.3303410568808,300.2281055052331,0.260295041232901,-0.019013359289740867,-2.981567317325237,155.34877373955555,29073,117059345,298.03344619773844,139.70310514085764,-2.981567317325237,-2.981567317325237
2019-06-01,motor,158.86357428881644,166.48785283229518,313.4835165444431,7.624278543478743,-0.05149499859398531,-8.355190490775545,158.13266234151962,29220,117059345,299.54037415808193,133.05252132578676,-8.355190490775545,-8.355190490775545
2019-07-01,motor,159.71715005658262,172.95713518916781,323.5201584444521,13.239985132585199,0.00742471832703855,1.2887499276490106,174.24588511681682,31560,117059345,323.52820699620355,150.57107180703574,1.2887499276490106,1.2887499276490106
2019-08-01,motor,160.68476383663295,173.97277222841026,324.86460198694624,13.288008391777305,-0.03788403837557221,-6.466607195450052,167.5061650329602,30965,117059345,317.4287366805273,143.45596445211706,-6.466607195450052,-6.466607195450052
2019-09-01,motor,161.73644248328816,168.3369225898268,315.5503471842633,6.600480106538638,-0.03351052206318116,-5.5468351695205325,162.79008742030626,29904,117059345,306.552202218456,138.2152796286292,-5.5468351695205325,-5.5468351695205325
2019-10-01,motor,162.83147154006608,164.35606302760178,309.0589354394092,1.5245914875356998,0.006884562173584813,1.1352669110729885,165.49132993867477,30632,117059345,314.01508354587156,149.65902051826978,1.1352669110729885,1.1352669110729885
2019-11-01,motor,164.0399961259586,167.33629845532016,314.39373976033454,3.296302329361552,-0.05750975335539286,-9.350745681130801,157.98555277418936,29590,117059345,303.3333220854772,135.99702363015706,-9.350745681130801,-9.350745681130801
2019-12-01,motor,165.28129631085017,169.2173615877318,317.9225776989291,3.9360652768816324,-0.012023996354489296,-2.022203601950137,167.19515798578166,31802,117059345,326.00899996493234,156.79163837720054,-2.022203601950137,-2.022203601950137
2020-01-01,motor,166.63521833635195,161.58619434005152,304.67692202703637,-5.049023996300426,0.020177116699987202,3.2930054904660486,164.87919983051756,31027,117059345,318.06431173863143,156.4781173985799,3.2930054904660486,3.2930054904660486
2020-02-01,motor,168.0585476095896,151.91434733274372,286.9900337627747,-16.1442002768459,-0.07508006218830492,-10.986793995066574,140.92755333767713,27125,117059345,278.0640879205329,126.14974058778921,-10.986793995066574,-10.986793995066574
2020-03-01,motor,169.4501332527446,151.7367660698593,285.5597889357687,-17.713367182885296,0.014306493887683725,2.186143403260746,153.92290947312006,28239,117059345,289.48393654517713,137.74717047531783,2.186143403260746,2.186143403260746
2020-04-01,motor,170.99889918287894,161.33237463001615,301.7018783945118,-9.666524552862803,0.012371995310260066,2.0081283547853084,163.34050298480145,29898,117059345,306.49069495476846,145.1583203247523,2.0081283547853084,2.0081283547853084
2020-05-01,motor,172.55489961900005,172.83904353317524,321.67472007281106,0.284143914175178,-0.01108918674758897,-1.9057850829370448,170.93325845023818,31140,117059345,319.22269853807916,146.38365500490391,-1.9057850829370448,-1.9057850829370448
2020-06-01,motor,174.2185623838269,182.57965483923903,338.42427304687766,8.361092455412122,0.023719219282090368,4.381732356298915,186.96138719553795,34004,117059345,348.58216573824154,166.00251089900252,4.381732356298915,4.381732356298915
2020-07-01,motor,175.8792730999581,190.45882822380702,352.0167310981079,14.579555123848909,0.052620113753702326,10.288608634127295,200.7474368579343,36291,117059345,372.02668441379024,181.56785618998322,10.288608634127295,10.288608634127295
2020-08-01,motor,177.6441826474132,192.33444455314165,356.41312893337806,14.690261905728448,0.04470408347074174,8.791743274526917,201.12618782766856,36548,117059345,374.6612455417378,182.32680098859615,8.791743274526917,8.791743274526917
2020-09-01,motor,179.45496205580494,186.77842412285975,348.84110385061786,7.323462067054798,0.048657363597755895,9.31135663961029,196.08978076247004,35237,117001597,361.40019524690763,174.62177112404788,9.31135663961029,9.31135663961029
2020-10-01,motor,181.24725765612416,182.94424990582715,344.22829226100134,1.6969922497030188,0.07812678698337594,14.86355160674281,197.80780151257,36668,117059345,375.8913908154876,192.94714090966048,14.86355160674281,14.86355160674281
2020-11-01,motor,183.13611021061152,186.8160797306588,352.7844262447904,3.679969520047261,0.038171156898067014,7.267657583227979,194.0837373138868,36119,117059345,370.2634761880822,183.44739645742342,7.267657583227979,7.267657583227979
2020-12-01,motor,184.99369427644245,189.39912323259227,359.2927102923029,4.405428956149823,0.06950959844080638,13.631087416613342,203.03021064920563,37946,117059345,388.9924379809232,199.59331474833095,13.631087416613342,13.631087416613342
2021-01-01,motor,186.93695642625994,181.27288551892224,346.79070089573577,-5.6640709073377105,0.09491489714309707,18.045486867533015,199.31837238645525,38136,117059345,390.94016799769383,209.6672824787716,18.045486867533015,18.045486867533015
2021-02-01,motor,188.89705646286473,170.751332382615,328.9632117840739,-18.145724080249728,-0.025436575783287278,-4.287959995259792,166.4633723873552,32822,117059345,336.4652347918058,165.7139024091908,-4.287959995259792,-4.287959995259792
2021-03-01,motor,190.67553858500344,170.74370224203952,329.2883315369084,-19.931836342963923,0.019240291683546937,3.3164848798812185,174.06018712192073,33407,117059345,342.4621930013362,171.71849075929666,3.3164848798812185,3.3164848798812185
2021-04-01,motor,192.64612546592969,181.75607405639062,350.113974410152,-10.890051409539081,-0.0621077555066587,-10.943499338627575,170.81257471776303,32259,117059345,330.69380321579627,148.93772915940565,-10.943499338627575,-10.943499338627575
2021-05-01,motor,194.54710868913392,194.86746100695237,375.33594789187464,0.32035231781846024,-0.016516025319669718,-3.19149389489716,191.67596711205522,36653,117059345,375.7376226562689,180.87016164931654,-3.19149389489716,-3.19149389489716
2021-06-01,motor,196.49680662133954,205.92689245807435,397.09623051630695,9.43008583673483,-0.056940059387267025,-11.39606357795157,194.53082888012278,36720,117059345,376.42445376744587,170.49756130937152,-11.39606357795157,-11.39606357795157
2021-07-01,motor,198.36108470746814,214.80394142718424,415.4063152135982,16.44285671971613,-0.047817012548407395,-10.027868030119308,204.77607339706495,38647,117059345,396.17853662174514,181.3745951945609,-10.027868030119308,-10.027868030119308
2021-08-01,motor,200.25520894200912,216.81494875390456,422.87829012529625,16.559739811895454,-0.039128076819801794,-8.318277623041036,208.49667113086352,39782,117059345,407.8136606692955,190.9987119153909,-8.318277623041036,-8.318277623041036
2021-09-01,motor,202.10704665469493,210.3547662399691,415.72915117860083,8.247719585274186,-0.03688015840469237,-7.615316226886688,202.73945001308243,39578,117059345,405.7224137039209,195.36764746395178,-7.615316226886688,-7.615316226886688
2021-10-01,motor,203.84961593108366,205.7581945495831,411.39726465955965,1.9085786184993907,0.049860393082188204,10.51735640652811,216.27555095611118,41913,117059345,429.6589904889695,223.9007959393864,10.51735640652811,10.51735640652811
2021-11-01,motor,205.58925786222636,209.72032605548313,422.7472803733479,4.131068193256762,-0.026590548331604676,-5.502152615424445,204.21817344005868,40601,117059345,416.2094021626381,206.489076107155,-5.502152615424445,-5.502152615424445
2021-12-01,motor,207.20411244038965,212.13836547100533,431.3438403536072,4.93425303061567,-0.007548449099109047,-1.5950072095495191,210.5433582614558,41647,117059345,426.9321684654907,214.79380299448536,-1.5950072095495191,-1.5950072095495191
2022-01-01,motor,208.79158588675912,202.46544534547618,416.63570727198146,-6.32614054128294,0.04069427322392607,8.407647613932825,210.873092959409,42728,117059345,438.0137271398537,235.54828179437752,8.407647613932825,8.407647613932825
2022-02-01,motor,210.28593409430297,190.08588905274289,395.1219148811608,-20.200045041560088,-0.01134869136479655,-2.1446954661052304,187.94119358663767,37953,117059345,389.06419645522533,198.97830740248244,-2.1446954661052304,-2.1446954661052304
2022-03-01,motor,211.5466214577485,189.43341811472158,395.23892518378534,-22.11320334302694,0.03856536927056388,7.447047212399038,196.8804653271206,40554,117059345,415.72759526375273,226.29417714903116,7.447047212399038,7.447047212399038
2022-04-01,motor,212.83375161702153,200.80270921994043,419.64034729198477,-12.031042397081105,-0.05504520225874121,-10.752814830260583,190.04989438967985,38422,117059345,393.8720142334642,193.06930501352377,-10.752814830260583,-10.752814830260583
2022-05-01,motor,213.9607030581924,214.31301719288896,448.8437520790346,0.3523141346965667,-0.04979381153269721,-10.408362200798086,203.90465499209088,40764,117059345,417.8803494928149,203.56733229992594,-10.408362200798086,-10.408362200798086
2022-06-01,motor,214.99197642414896,225.3094979876404,473.3605001414622,10.31752156349146,-0.07025794752315409,-15.283820934698134,210.02567705294226,41758,117059345,428.0700528437093,202.76055485606886,-15.283820934698134,-15.283820934698134
2022-07-01,motor,215.85093418725467,233.74330436886646,493.24520769308145,17.892370181611835,-0.013871033189347515,-3.2192594393455685,230.5240449295209,47019,117059345,482.0016718870245,248.25836751815802,-3.2192594393455685,-3.2192594393455685
2022-08-01,motor,216.58442003139322,234.49421030518403,499.3017670474262,17.90979027379081,-0.03363376924254292,-7.754299781759808,226.73991052342421,46589,117059345,477.5936513227542,243.0994410175702,-7.754299781759808,-7.754299781759808
2022-09-01,motor,217.15088969095456,226.01241284107806,487.19734894718965,8.861523150123517,-0.06770918284077973,-14.793928296808401,211.21848454426967,44440,117059345,455.56379971201784,229.55138687093978,-14.793928296808401,-14.793928296808401
2022-10-01,motor,217.53164830747778,219.56830396692712,477.99473500428905,2.036655659449333,-0.0297033142359163,-6.424855782313668,213.14344818461345,47406,117059345,485.96889039486757,266.4005864279404,-6.424855782313668,-6.424855782313668
2022-11-01,motor,217.74895968292785,222.12431718455036,486.38405371436954,4.375357501622517,-0.07834998186943946,-16.736254181400156,205.38806300315022,45095,117059345,462.27834266456904,240.15402548001867,-16.736254181400156,-16.736254181400156
2022-12-01,motor,217.78749308638996,222.97372650707777,491.0887576173074,5.1862334206878264,-0.04318709114115042,-9.422933891319897,213.55079261575787,47239,117059345,484.2569382222325,261.2832117151547,-9.422933891319897,-9.422933891319897
2023-01-01,motor,217.64887544977796,211.05441661529034,468.67834002694804,-6.594458834487624,0.0069429290565457755,1.4701740764874238,212.52459069177775,49041,117059345,502.72961974970895,291.6752031344186,1.4701740764874238,1.4701740764874238
2023-02-01,motor,217.32838493917944,196.45195356784734,438.80064104212465,-20.876431371332124,-0.03510424840448807,-6.7755864028868595,189.67636716496048,43687,117059345,447.84463811923774,251.3926845513904,-6.7755864028868595,-6.7755864028868595
2023-03-01,motor,216.88252508709266,194.21164409693634,433.7463216738717,-22.670880990156373,0.04514720104712478,8.967533953333135,203.17917805026946,46673,117059345,478.4547530143792,284.2431089174429,8.967533953333135,8.967533953333135
2023-04-01,motor,216.21610325230853,203.99389617035018,454.5756032314,-12.222207081958333,0.0037221809422300443,0.7605872774797467,204.75448344782993,46715,117059345,478.8853038601916,274.8914076898414,0.7605872774797467,0.7605872774797467
2023-05-01,motor,215.39904836955293,215.75373050103292,480.21902517914435,0.3546821314799912,0.07592384573009546,17.01544145279334,232.76917195382626,53405,117059345,547.4659028717442,331.7121723707113,17.01544145279334,17.01544145279334
2023-06-01,motor,214.37813502053717,224.66620368966943,499.78521069326473,10.288068669132247,0.047526366153905784,10.93322218303622,235.59942587270567,54458,117059345,558.2604276488989,333.5942239592295,10.93322218303622,10.93322218303622
2023-07-01,motor,213.22084501687627,230.89524313857345,513.6926588659743,17.674398121697198,0.10223131000381303,24.84818644872121,255.74342958729468,60489,117059345,620.0854788654422,389.1902357268687,24.84818644872121,24.84818644872121
2023-08-01,motor,211.85215449608762,229.37069926721205,512.4362068976601,17.518544771124418,0.07990665683419824,19.076470258948188,248.44716952616022,57416,117059345,588.5835086468321,359.21280937962007,19.076470258948188,19.076470258948188
2023-09-01,motor,210.31041567377736,218.89284275501964,492.93970529236515,8.582427081242313,0.021048686900224857,4.65537144734837,223.54821420236803,52135,117059345,534.4468653912252,315.55402263620556,4.65537144734837,4.65537144734837
2023-10-01,motor,208.65654296113868,210.61011939653628,477.33534529324817,1.9535764353975722,0.11487479473599696,25.63315047711452,236.24326987365077,54829,117059345,562.0636267869088,351.4535073903725,25.63315047711452,25.63315047711452
2023-11-01,motor,206.78369382592692,210.93875854973803,479.3500172394276,4.155064723811088,0.04489320711574472,9.683716570456554,220.62247512019457,50308,117059345,515.7179035983843,304.7791450486462,9.683716570456554,9.683716570456554
2023-12-01,motor,204.81635633912248,209.69375850187768,477.9542999528763,4.877402162755198,0.04742459804660118,10.182358838910861,219.87611734078854,50003,117059345,512.5912843609368,302.8975258590591,10.182358838910861,10.182358838910861
2024-01-01,motor,202.62759144305036,196.48818212916856,450.4437998574291,-6.139409313881815,0.03517965453800393,7.034219263093154,203.5224013922617,46149,117059345,473.08311865233827,276.59493652316974,7.034219263093154,7.034219263093154
2024-02-01,motor,200.2850970774149,181.04558643914967,416.5868801945955,-19.23951063826521,0.019207810746927075,3.510561705057178,184.55614814420684,41476,117059345,425.17921145039725,244.13362501124757,3.510561705057178,3.510561705057178
2024-03-01,motor,197.95907349240105,177.26598178304263,407.1847873543322,-20.693091709358427,0.032674606806416796,5.886863965152197,183.1528457481948,41607,117059345,426.52212004090745,249.25613825786482,5.886863965152197,5.886863965152197
2024-04-01,motor,195.33385232192788,184.29189031601925,421.82350320173214,-11.041962005908626,-0.013345042985871249,-2.4426754451206723,181.84921487089858,40269,117059345,412.8060002385969,228.51410992257763,-2.4426754451206723,-2.4426754451206723
2024-05-01,motor,192.66210238848998,192.9793512471287,440.8414475703319,0.3172488586387457,0.019719970693575315,3.842687284758939,196.82203853188767,43905,117059345,450.0794020332165,257.1000507860878,3.842687284758939,3.842687284758939
2024-06-01,motor,189.77164163515053,198.8790333178018,453.4814973718963,9.10739168265126,-0.0075818476681020425,-1.501921653708461,197.37711166409332,43838,117059345,449.39257092203957,250.51353760423777,-1.501921653708461,-1.501921653708461
2024-07-01,motor,186.85490505374344,202.34413442033957,460.38205149715327,15.489229366596156,0.01056090004349518,2.1478939057637327,204.49202832610334,45245,117059345,463.81602425675624,261.47188983641666,2.1478939057637327,2.1478939057637327
2024-08-01,motor,183.72392542979912,198.9168674986631,453.1914514938916,15.192942068863971,-0.01627811150400275,-3.2112553763952167,195.7056121222679,42723,117059345,437.96247108678085,239.04560358811776,-3.2112553763952167,-3.2112553763952167
2024-09-01,motor,180.48223162976575,187.84760946120332,430.2880138764879,7.365377831437597,-0.033034575949519966,-6.103163557578343,181.744445903625,39828,117059345,408.28521635756636,220.43760689636304,-6.103163557578343,-6.103163557578343
2024-10-01,motor,177.25274964498323,178.91234746225234,411.5288810618374,1.6595978172690633,0.010868241248762933,1.9547727096231173,180.86712017187543,40123,117059345,411.309323488868,232.39697602661568,1.9547727096231173,1.9547727096231173
2024-11-01,motor,173.83466513200946,177.32775738662477,407.91073684124154,3.4930922546152825,-0.043379854985203234,-7.526925134812405,169.80083225181235,37358,117059345,382.96472613954916,205.6369687529244,-7.526925134812405,-7.526925134812405
2024-12-01,motor,170.4619048483227,174.52132496231758,401.51827753162445,4.05942011399489,-0.030044581748907697,-5.164705993228856,169.35661896908871,37118,117059345,380.5044355920495,205.98311062973193,-5.164705993228856,-5.164705993228856
2025-01-01,motor,166.92308993089895,161.8653446419416,373.4662087963845,-5.057745288957361,-0.06564233153941632,-10.282694426907534,151.58265021503408,33939,117059345,347.9158370482937,186.05049240635213,-10.282694426907534,-10.282694426907534
2025-02-01,motor,163.34286892266348,147.6516149170019,341.0292308857791,-15.69125400566159,-0.102247325015265,-14.349221829667155,133.30239308733474,29857,117059345,306.07039531957065,158.41878040256876,-14.349221829667155,-14.349221829667155
2025-03-01,motor,160.08403471218435,143.349629999473,329.74761296969217,-16.734404712711378,0.023455580063546904,3.401675715933891,146.7513057154069,33055,117059345,338.8537668650034,195.50413686553043,3.401675715933891,3.401675715933891
2025-04-01,motor,156.45929501984529,147.61458949502548,337.5169576270674,-8.844705524819823,-0.04517219050052593,-6.5189443598497565,141.09564513517572,32144,117059345,329.5149139951193,181.9003245000938,-6.5189443598497565,-6.5189443598497565
2025-05-01,motor,152.94503477002246,153.1968914972364,348.83094326065554,0.2518567272139492,0.003324884567736147,0.5101443521750336,153.70703584941143,34219,117059345,350.78617602037673,197.58928452314032,0.5101443521750336,0.5101443521750336
2025-06-01,motor,149.31731758084837,156.48350604231416,354.99955766592683,7.166188461465789,-0.02645974108316469,-4.085695622302831,152.3978104200113,33846,117059345,346.9624744611376,190.47896841882346,-4.085695622302831,-4.085695622302831
2025-07-01,motor,145.81944463114849,157.90751090765505,356.95635489658724,12.088066276506547,0.0076973316382372824,1.2199946291889854,159.127505536844,35084,117059345,359.65347320199,201.74596229433493,1.2199946291889854,1.2199946291889854
2025-08-01,motor,142.22721240210095,153.9890485858703,348.12723288319376,11.761836183769365,-0.03131712439243748,-4.747172547014055,149.24187603885625,32942,117059345,337.69538006555564,183.70633147968533,-4.747172547014055,-4.747172547014055
2025-09-01,motor,138.6660233858735,144.3251106737066,327.68766698353517,5.659087287833089,-0.05036012831916698,-7.087439840876774,137.23767083282982,30287,117059345,310.4784158838408,166.1533052101342,-7.087439840876774,-7.087439840876774
2025-10-01,motor,135.25666077599817,136.52309861658338,311.02650942095175,1.266437840585202,0.0019529834653762156,0.2668574602376905,136.78995607682108,30687,117059345,314.57890012967357,178.0558015130902,0.2668574602376905,0.2668574602376905
2025-11-01,motor,131.77881246306433,134.4269149449473,306.1058808141099,2.6481024818829737,-0.06916548334671978,-8.982510125600486,125.44440481934681,27747,117059345,284.4403409228029,150.01342597785558,-8.982510125600486,-8.982510125600486
2025-12-01,motor,128.4629257912142,131.52228192225678,299.426681904045,3.059356131042607,-0.049325094775758846,-6.329292541303028,125.19298938095376,27979,117059345,286.81862178538586,155.29633986312908,-6.329292541303028,-6.329292541303028
2026-01-01,motor,125.09366570504416,121.30321773494794,276.98290186530716,-3.790447970096223,-0.03547627230845494,-4.227534179279641,117.07568355566829,26579,117059345,272.4669269249713,151.16370919002335,-4.227534179279641,-4.227534179279641
2026-02-01,motor,121.7877076632231,110.08801305291774,251.88032227610847,-11.699694610305356,-0.04794228646632326,-5.1529016449684955,104.93511140794925,23846,117059345,244.45036831531903,134.36235526240128,-5.1529016449684955,-5.1529016449684955
2026-03-01,motor,118.85999170446101,106.43456524320554,242.86492703349577,-12.425426461255482,0.07487813448340365,8.27479460250236,114.7093598457079,26929,117059345,276.05485064007496,169.6202853968694,8.27479460250236,8.27479460250236
2026-04-01,motor,115.68696001929085,109.14692096961663,247.9422073188508,-6.540039049674217,0.05605810293550773,6.2927116415072355,115.43963261112387,26246,117059345,269.05327379031553,159.90635282069888,6.2927116415072355,6.2927116415072355
2026-05-01,motor,112.68798545514959,112.87355657267966,255.80065546132155,0.1855711175300658,0.0953658471101368,11.29309891026356,124.16665548294321,28747,117059345,294.6915515373848,181.81799496470512,11.29309891026356,11.29309891026356
2026-06-01,motor,109.66617927783687,114.9295722907969,260.2822705307414,5.2633930129600195,0.0715032515083193,8.517892401404984,123.44746469220188,27789,117059345,284.87089176861537,169.94131947781847,8.517892401404984,8.517892401404984
2017-01-01,violent,268.7083406693074,245.99415796455418,479.4899547909202,-22.714182704753238,0.06854004596689903,17.447858009580585,263.44201597413473,49664,113293377,526.039575993926,280.0454180293718,17.447858009580585,17.447858009580585
2017-02-01,violent,267.26870475694915,237.24349345377618,461.2325140711888,-30.025211303173002,-0.057009223742560004,-13.144308412454595,224.0991850413216,41481,113293377,439.36548912298724,202.12199566921106,-13.144308412454595,-13.144308412454595
2017-03-01,violent,265.9801261610172,244.67874479904768,476.92542216511936,-21.301381361969533,-0.004855001447657886,-1.1847961974489483,243.49394860159873,45273,113293377,479.5302376766473,234.8514928775996,-1.1847961974489483,-1.1847961974489483
2017-04-01,violent,264.57198119179753,265.0713715082418,519.5739794432416,0.4993903164442659,-0.024419007061322332,-6.393011223034602,258.6783602852072,48383,113293377,512.4712629935993,247.39989148535756,-6.393011223034602,-6.393011223034602
2017-05-01,violent,263.23309622745455,279.892169565351,552.5993734492305,16.659073337896476,0.003614273841189846,1.0132000301935495,280.9053695955446,52816,113293377,559.4254640322002,279.5332944668492,1.0132000301935495,1.0132000301935495
2017-06-01,violent,261.87979094329546,281.74129878839074,560.412654151857,19.86150784509523,-0.03218782734546241,-8.922214864191998,272.8190839241987,51435,113293377,544.7979540763447,263.05665528795396,-8.922214864191998,-8.922214864191998
2017-07-01,violent,260.6046091455431,281.5774793041883,561.6471729981705,20.972870158645165,0.013476725340067329,3.81951934142077,285.396998645609,54231,113293377,574.4131009529357,292.8356216487474,3.81951934142077,3.81951934142077
2017-08-01,violent,259.32790246488787,281.77822235756884,559.6944906147019,22.450319892680962,-0.02791619344614819,-7.755621722488987,274.0226006350798,52231,113293377,553.2291618423556,271.4509394847867,-7.755621722488987,-7.755621722488987
2017-09-01,violent,258.09820234114875,273.57904387508734,540.7018981885791,15.480841533938582,-0.022099693461450732,-5.978361449497204,267.60068242559015,50116,113293377,530.8271462329171,257.2481023578298,-5.978361449497204,-5.978361449497204
2017-10-01,violent,256.95794004094563,259.28846796085173,512.4751645229273,2.330527919906116,0.04365090247843554,11.566222537672834,270.8546904985246,51390,113293377,544.3213154463565,285.03284748550476,11.566222537672834,11.566222537672834
2017-11-01,violent,255.83620191630243,249.4631384410631,493.89336016562214,-6.373063475239367,5.095668920728433e-4,0.12712410296325136,249.59026254402633,47398,113293377,502.0381729816386,252.57503454057547,0.12712410296325136,0.12712410296325136
2017-12-01,violent,254.8101815327801,242.89723778603033,479.6049829526887,-11.912943746749727,0.0020735511671732057,0.5040801287119331,243.4013179147423,45582,113293377,482.80315626923186,239.90591848320153,0.5040801287119331,0.5040801287119331
2018-01-01,violent,253.81646383383597,232.36086245078027,456.3291360849863,-21.45560138305571,0.07460254995180078,17.99394882678136,250.35481127756162,46243,113293377,489.8044481452786,257.4435856944983,17.99394882678136,17.99394882678136
2018-02-01,violent,252.89536749480322,224.48456794341402,439.9702056382665,-28.410799551389214,-0.04181136598131398,-9.190842720026932,215.2937252233871,39432,113293377,417.66254350419797,193.17797556078395,-9.190842720026932,-9.190842720026932
2018-03-01,violent,252.13003548415864,231.93764309809322,455.7293954068659,-20.19239238606541,0.021814976664936904,5.1142960640317625,237.051939162125,44174,113293377,467.88966313538344,235.95202003729023,5.1142960640317625,5.1142960640317625
2018-04-01,violent,251.36111566223778,251.83557516992147,497.388297794361,0.47445950768367595,-0.024097475531571166,-5.994838029791153,245.84073714013033,45610,113293377,483.09973141677995,231.26415624685848,-5.994838029791153,-5.994838029791153
2018-05-01,violent,250.70005859491218,266.566137412499,530.2103286383925,15.866078817586834,0.023502647759091787,6.337770707734024,272.90390812023304,51578,113293377,546.3126057227511,279.74646831025206,6.337770707734024,6.337770707734024
2018-06-01,violent,250.1077343366139,269.0766251727971,539.2759143576905,18.968890836183196,-0.010825154801820296,-2.8964444991577363,266.18018067363937,50546,113293377,535.3816931416918,266.3050679688947,-2.8964444991577363,-2.8964444991577363
2018-07-01,violent,249.62712592474034,269.7167516445517,542.0264892557011,20.089625719811348,0.022500503732549467,6.136141970390023,275.8528936149417,52734,113293377,558.5569225286665,288.8401708841148,6.136141970390023,6.136141970390023
2018-08-01,violent,249.231235122302,270.80767201050315,541.721110215181,21.576436888201155,0.007042316809612919,1.9134095058742857,272.7210815163774,51868,113293377,549.3842768937852,278.5766048832821,1.9134095058742857,1.9134095058742857
2018-09-01,violent,248.94294199365575,263.87476784056923,524.9671448184921,14.931825846913503,-0.009505862855190084,-2.4959292193839397,261.3788386211853,49138,113293377,520.4682000078433,256.59343216727405,-2.4959292193839397,-2.4959292193839397
2018-10-01,violent,248.77145495145035,251.0277495547591,499.1754196694476,2.256294603308743,0.02557001655788886,6.500156594925184,257.52790614968427,48711,113293377,515.9454290077344,264.91767945297534,6.500156594925184,6.500156594925184
2018-11-01,violent,248.7106967499364,242.51509884440023,482.74706112141956,-6.195597905536177,-0.03292107966886211,-7.852334776335538,234.6627640680647,44185,113293377,468.00617480049164,225.4910759560914,-7.852334776335538,-7.852334776335538
2018-12-01,violent,248.7680053197121,237.13749093886244,470.43305552438045,-11.63051438084965,0.04430366986142215,10.740045986067331,247.87753692492979,46402,113293377,491.48857130456975,254.3510803657073,10.740045986067331,10.740045986067331
2019-01-01,violent,248.94297934889465,227.89926487175558,449.30981782979853,-21.04371447713907,0.038385924100427606,8.916435458784495,236.81570033054007,43900,113293377,464.987463477234,237.0881986054784,8.916435458784495,8.916435458784495
2019-02-01,violent,249.22938892231767,221.23035720120404,434.88794016009825,-27.99903172111362,-0.07831579146053684,-16.661916086586242,204.5684411146178,37427,113293377,396.42564454584135,175.1952873446373,-16.661916086586242,-16.661916086586242
2019-03-01,violent,249.5787363659905,229.5906313201178,452.0788829355652,-19.988105045872732,0.016407495096751292,3.7973417571210963,233.38797307723888,43779,113293377,463.7058351610439,234.1152038409261,3.7973417571210963,3.7973417571210963
2019-04-01,violent,250.06029527417422,250.53229991640282,495.42760139488655,0.47200464222858785,-0.015340127850842928,-3.813085965314548,246.71921395108828,45983,113293377,487.05053606090314,236.51823614450032,-3.813085965314548,-3.813085965314548
2019-05-01,violent,250.6156907416345,266.4764313486777,530.2172644732248,15.86074060704318,0.01080929917353731,2.895397297813672,269.37182864649134,51057,113293377,540.794189584445,274.3177582357673,2.895397297813672,2.895397297813672
2019-06-01,violent,251.27616148792694,270.33364923652135,541.4340933621556,19.057487748594394,-0.036633645938913904,-9.721993161410992,260.6116560751104,50119,113293377,530.858922141583,260.5252729050616,-9.721993161410992,-9.721993161410992
2019-07-01,violent,251.99358220631922,272.2736136430924,546.28982256173,20.280031436773175,0.021088242647696098,5.801397134936779,278.07501077802914,53751,113293377,569.3289555663964,297.055341923304,5.801397134936779,5.801397134936779
2019-08-01,violent,252.81002711326695,274.69621610646317,548.1529659425158,21.88618899319622,-0.002598221641732775,-0.7126325074074848,273.9835835990557,52134,113293377,552.2017407954924,277.5055246890292,-0.7126325074074848,-0.7126325074074848
2019-09-01,violent,253.69695330419893,268.9138651932352,533.2263444578381,15.21691188903631,-0.012718484302057992,-3.3977669882901242,265.5160982049451,49816,113293377,527.64955536633,258.7356901730948,-3.3977669882901242,-3.3977669882901242
2019-10-01,violent,254.61676878437675,256.9260675625208,508.89920259075797,2.3092987781440684,-0.003943424229794117,-1.0109577813683301,255.91510978115247,47849,113293377,506.81515125107444,249.88908368855363,-1.0109577813683301,-1.0109577813683301
2019-11-01,violent,255.62495462916058,249.25715238222293,494.1540209688825,-6.3678022469376465,-0.03770157506523622,-9.220599749683236,240.0365526325397,44841,113293377,474.9545068287619,225.69735444653898,-9.220599749683236,-9.220599749683236
2019-12-01,violent,256.6508195430806,244.65183941619986,483.3838522444977,-11.998980126880742,1.1279507734711235e-4,0.02759145249687676,244.67943086869676,45878,113293377,485.9383792575978,241.2865398413979,0.02759145249687676,0.02759145249687676
2020-01-01,violent,257.75678248361686,235.9681637810927,463.1445610060669,-21.788618702524168,0.05932013348096663,14.418158087154028,250.38632186824674,46472,113293377,492.23000917344007,256.26184539234737,14.418158087154028,14.418158087154028
2020-02-01,violent,258.90324399502,229.81763620018057,449.5238353980343,-29.085607794839408,-0.013289927420817048,-3.0334804745037127,226.78415572567687,41630,113293377,440.94369258672555,211.12605638654497,-3.0334804745037127,-3.0334804745037127
2020-03-01,violent,260.00680542553226,239.18371023386715,468.68285586518755,-20.82309519166513,0.022110391709840038,5.346253955726724,244.52996418959387,44958,113293377,476.1937672667309,237.01005703286376,5.346253955726724,5.346253955726724
2020-04-01,violent,261.2135966799306,261.70664929255116,515.2388154871061,0.4930526126205423,-0.1487823528437557,-36.17240332459448,225.53424596795668,41435,113293377,438.878258523444,177.17160923089284,-36.17240332459448,-36.17240332459448
2020-05-01,violent,262.4021179396761,279.0086138887212,552.6401943578829,16.60649594904511,-0.02515911604458309,-6.930470699673466,272.0781431890477,51343,113293377,543.8234928772579,264.8148789885367,-6.930470699673466,-6.930470699673466
2020-06-01,violent,263.6451225520468,283.64048516357514,565.1507552245297,19.995362611528343,0.03196793599316497,9.211642156210537,292.85212731978567,55481,113293377,587.6530628970482,304.0125777334731,9.211642156210537,9.211642156210537
2020-07-01,violent,264.8560960949148,286.1710347055828,570.9130224485998,21.31493861066804,0.054165929376337886,15.924199126143325,302.09523383172615,57073,113293377,604.5154784290701,318.34444372348725,15.924199126143325,15.924199126143325
2020-08-01,violent,266.1090425724836,289.1462722135981,573.506791199428,23.037229641114482,0.04581116359960453,13.550805155310066,302.69707736890814,57704,113293377,611.199011218458,322.05273900486,13.550805155310066,13.550805155310066
2020-09-01,violent,267.3566558155773,283.39269220917964,558.2425233606986,16.03603639360236,-0.021251726354759835,-5.957662024965328,277.4350301842143,52620,113293377,557.3494379993633,273.9567457901837,-5.957662024965328,-5.957662024965328
2020-10-01,violent,268.5521910100693,270.98785139786395,532.8922004972629,2.4356603877946577,0.0646795172984475,18.102253060270584,289.09010445813453,54476,113293377,577.0081334939817,306.0202820961178,18.102253060270584,18.102253060270584
2020-11-01,violent,269.7690472832529,263.0489827245463,517.4854035455245,-6.720064558706623,0.0052123666147502554,1.3743843941338125,264.4233671186801,49382,113293377,523.0526405793341,260.00365785478783,1.3743843941338125,1.3743843941338125
2020-12-01,violent,270.92557936996013,258.2593670513931,506.0596397913762,-12.666212318567034,-0.011411631532689948,-2.929785047556656,255.32958200383644,47733,113293377,505.5864827826608,247.32711573126772,-2.929785047556656,-2.929785047556656
2021-01-01,violent,272.0963280836955,249.0958149026365,484.42200222556755,-23.00051318105896,0.03674180068125233,9.320434150619565,258.4162490532561,47914,113293377,507.5036292721684,258.4078143695319,9.320434150619565,9.320434150619565
2021-02-01,violent,273.23970754511834,242.54384392475208,469.5394256182805,-30.69586362036622,-0.07289786323766585,-17.048651189612105,225.49519273514,40653,113293377,430.59533833120713,188.05149440645505,-17.048651189612105,-17.048651189612105
2021-03-01,violent,274.246671737961,252.2833920079716,488.8033923532773,-21.963279729989424,0.012699985095130518,3.2237405139009643,255.50713252187253,46359,113293377,491.0331166136923,238.7497246057207,3.2237405139009643,3.2237405139009643
2021-04-01,violent,275.3304919724269,275.8501847440189,536.4278165277323,0.5196927715920533,-0.026975246581180626,-7.340017266519426,268.5101674774995,48561,113293377,514.356633574441,238.50644883042213,-7.340017266519426,-7.340017266519426
2021-05-01,violent,276.3457976289506,293.8345233042094,574.3059562993568,17.48872567525878,0.024235026807932582,7.2062704748698545,301.04079377907925,55457,113293377,587.3988556277213,293.5643323235119,7.2062704748698545,7.2062704748698545
2021-06-01,violent,277.357581369599,298.3926650636825,586.1249272342296,21.035083694083475,-0.022245312323605496,-6.562955625506001,291.8297094381765,54927,113293377,581.7851117634176,283.3924466997351,-6.562955625506001,-6.562955625506001
2021-07-01,violent,278.2979701844859,300.6944051829231,590.9143777656919,22.396434998437233,0.007669221369714548,2.3143730287516213,303.0087782116748,57376,113293377,607.724845204323,307.03044002139984,2.3143730287516213,2.3143730287516213
2021-08-01,violent,279.226929137807,303.3994954036996,592.4259240550796,24.17256626589256,-0.016912890281414635,-5.086947997913742,298.31254740578584,55514,113293377,588.0025978923728,284.60310248867324,-5.086947997913742,-5.086947997913742
2021-09-01,violent,280.1096270294822,296.9103965784031,575.6222381265181,16.80076954892083,-0.03274348529706246,-9.562149865193794,287.3482467132093,53363,113293377,565.2192713789439,268.30887480054076,-9.562149865193794,-9.562149865193794
2021-10-01,violent,280.91714671717307,283.4649257843403,548.454023601184,2.547779067167287,0.07179178470818001,21.093395314097787,304.5583210984381,55643,113293377,589.3689619650053,305.90403618066495,21.093395314097787,21.093395314097787
2021-11-01,violent,281.7005738313686,274.68335779513956,531.3841538628495,-7.017216036229067,-0.023228968853313617,-6.305663585568844,268.3776942095707,49559,113293377,524.9274191906205,250.24406139548097,-6.305663585568844,-6.305663585568844
2021-12-01,violent,282.40673459885306,269.20388000707527,518.5844188401976,-13.202854591777829,-0.0014675375434137269,-0.39468862173294533,268.80919138534233,49884,113293377,528.3698092960898,259.1659292890145,-0.39468862173294533,-0.39468862173294533
2022-01-01,violent,283.07996482283147,259.1511968823308,495.6460513737716,-23.928767940500645,0.0216936062042932,5.682092992297344,264.8332898746281,48044,113293377,508.88058531435604,249.72938843202525,5.682092992297344,5.682092992297344
2022-02-01,violent,283.6930247515852,251.82307757378618,479.65655208088987,-31.869947177799023,-0.010870731955191226,-2.722110441561007,249.10096713222518,44432,113293377,470.62239128064834,218.79931370686216,-2.722110441561007,-2.722110441561007
2022-03-01,violent,284.1927184556149,261.4330746247607,498.2948690374075,-22.759643830854174,0.07244577748892814,19.638044624320006,281.07111924908077,50522,113293377,535.1274858723648,273.6944112476041,19.638044624320006,19.638044624320006
2022-04-01,violent,284.6835742598496,285.22091699690276,545.5395979941064,0.5373427370531899,-0.011137082615957422,-3.1581632600172367,282.06275373688555,51264,113293377,542.9867272823901,257.76581028548736,-3.1581632600172367,-3.1581632600172367
2022-05-01,violent,285.093687959978,303.1358897491669,583.0782430631774,18.042201789188898,0.027760522536342848,8.530888186528054,311.666777935695,56676,113293377,600.3104665156199,297.17457676645296,8.530888186528054,8.530888186528054
2022-06-01,violent,285.44776453635404,307.09625897021493,594.2759271207428,21.64849443386092,-0.025257174615086597,-7.657339918451002,299.43891905176395,55718,113293377,590.1633596816521,283.06710071143715,-7.657339918451002,-7.657339918451002
2022-07-01,violent,285.7204735726972,308.7140916481456,598.2422850803194,22.99361807544843,0.019233095488139833,5.993421723507931,314.70751337165353,58035,113293377,614.7049531412591,305.9908614931135,5.993421723507931,5.993421723507931
2022-08-01,violent,285.92744187000767,310.6799186950943,598.7867673883145,24.752476825086596,-0.02840123569957518,-8.697380299957933,301.9825383951364,55519,113293377,588.0555577401493,277.37563904505504,-8.697380299957933,-8.697380299957933
2022-09-01,violent,286.05580827806983,303.2131352699436,580.8802181601874,17.15732699187379,-0.020926115558027723,-6.277591164224991,296.93554410571863,53520,113293377,566.8822105991244,263.66907532918077,-6.277591164224991,-6.277591164224991
2022-10-01,violent,286.10343272335143,288.698237511098,552.4297656932474,2.5948047877465474,0.01274685461666745,3.702646178813389,292.4008836899114,53018,113293377,561.5650418823689,272.86680437127086,3.702646178813389,3.702646178813389
2022-11-01,violent,286.07434211759124,278.9481999958585,533.9317789243815,-7.126142121732771,-0.08280606299707204,-22.16336608688793,256.78483390897054,46858,113293377,496.31850942178204,217.37030942592355,-22.16336608688793,-22.16336608688793
2022-12-01,violent,285.9719293477137,272.60243548506327,519.8599843485088,-13.369493862650417,-0.04214737932824279,-11.24826831510247,261.3541671699608,46663,113293377,494.2530753585005,221.65063987343723,-11.24826831510247,-11.24826831510247
2023-01-01,violent,285.7910103340191,261.6331275152037,495.82294163285087,-24.157882818815455,0.06931582271948833,18.774237182408516,280.4073646976122,49367,113293377,522.8937610360048,261.2606335208011,18.774237182408516,18.774237182408516
2023-02-01,violent,285.535494979829,253.4586092510542,478.7136629478106,-32.07688572877481,-0.02789377368866307,-6.970792060587703,246.4878171904665,43267,113293377,458.28274674873535,204.82413749768114,-6.970792060587703,-6.970792060587703
2023-03-01,violent,285.2420851591527,262.3984209181976,496.0473921209804,-22.843664240955086,0.03652107415978821,9.758000539660092,272.1564214578577,48899,113293377,517.936719284129,255.53829836593144,9.758000539660092,9.758000539660092
2023-04-01,violent,284.8496072461726,285.38726329739137,541.5547163561728,0.5376560512187849,-0.003959470503024861,-1.1274811899055392,284.2597821074858,50931,113293377,539.4596014204785,254.07233812308715,-1.1274811899055392,-1.1274811899055392
2023-05-01,violent,284.4038432847618,302.40239914239606,577.4091519744782,17.998555857634265,0.022744772696770884,6.955096892970018,309.35749603536607,55681,113293377,589.7714568081063,287.3690576657103,6.955096892970018,6.955096892970018
2023-06-01,violent,283.8769532216456,305.40634690385536,587.0577450388326,21.529393682209783,-0.02146363532531924,-6.483667114886389,298.922679788969,54018,113293377,572.1570114376589,266.7506645338035,-6.483667114886389,-6.483667114886389
2023-07-01,violent,283.30476091743526,306.10402189600546,589.5066725916507,22.799260978570178,0.026683799689474052,8.27580240527787,314.3798243012833,57328,113293377,607.216430665669,301.11240876966355,8.27580240527787,8.27580240527787
2023-08-01,violent,282.6510642952691,307.11998072225583,588.5081092361431,24.46891642698672,-0.02457540652794312,-7.45374898548604,299.66623173676976,54182,113293377,573.8940944447265,266.7741137224707,-7.45374898548604,-7.45374898548604
2023-09-01,violent,281.9359170392078,298.84619883466064,569.4382540321286,16.910281795452775,-0.023163702197239424,-6.841160685549727,292.0050381491109,52487,113293377,555.9407060485098,257.09450721384917,-6.841160685549727,-6.841160685549727
2023-10-01,violent,281.1872609108369,283.73748920026395,540.200760151904,2.5502282894269914,0.032281732593454515,9.306711137832828,293.04420033809674,52595,113293377,557.0846387604811,273.34714956021713,9.306711137832828,9.306711137832828
2023-11-01,violent,280.3572010716086,273.3734410866887,520.7912014423287,-6.983759984919949,-0.0492179006992797,-13.126275373414709,260.24716571327394,47003,113293377,497.854345007299,224.48090392061033,-13.126275373414709,-13.126275373414709
2023-12-01,violent,279.5012348179658,266.43418566993006,505.83600460833316,-13.06704914803571,0.013310092617227093,3.5691660415109556,270.00335171144104,48923,113293377,518.1909265534559,251.75674088352588,3.5691660415109556,3.5691660415109556
2024-01-01,violent,278.56434261773677,255.01719938046176,481.209020092986,-23.547143237275026,-0.009460396921971181,-2.400682440882769,252.616516939579,45375,113293377,480.61061857128675,225.593419190825,-2.400682440882769,-2.400682440882769
2024-02-01,violent,277.57628594432776,246.39334933636738,463.39830799611286,-31.182936607960382,-0.008271203834427051,-2.0291512798934797,244.3641980564739,43432,113293377,460.0304217253582,213.63707238899084,-2.0291512798934797,-2.0291512798934797
2024-03-01,violent,276.6075308793181,254.45521982279223,479.00751395865757,-22.15231105652589,0.045379296316664625,11.810383452808948,266.26560327560117,47882,113293377,507.164686246399,252.70946642360678,11.810383452808948,11.810383452808948
2024-04-01,violent,275.526464025019,276.04652661335274,521.6134369108179,0.5200625883337688,-0.022158959270234025,-6.048268297255465,269.9982583160973,48869,113293377,517.6189601974703,241.57243358411756,-6.048268297255465,-6.048268297255465
2024-05-01,violent,274.4374571134479,291.805441577934,554.7134772476558,17.36798446448614,0.038552174768022744,11.466500380006684,303.2719419579407,54866,113293377,581.1390016205448,289.3335600426108,11.466500380006684,11.466500380006684
2024-06-01,violent,273.26997098039493,293.99512207479904,562.4234102261538,20.725151094404108,-0.009208342329316622,-2.694127290082287,291.30099478471675,53883,113293377,570.7270955476947,276.7319734728957,-2.694127290082287,-2.694127290082287
2024-07-01,violent,272.10129515844676,293.999165903598,563.1996379041013,21.897870745151273,0.017430442835010326,5.168168964704676,299.1673348683027,54601,113293377,578.332129688393,284.332963784795,5.168168964704676,5.168168964704676
2024-08-01,violent,270.8555655381255,294.3036039023668,560.5956349206801,23.4480383642413,0.001719671181616719,0.5064163988603666,294.81002030122715,53002,113293377,561.3955703694842,267.0919664671174,0.5064163988603666,0.5064163988603666
2024-09-01,violent,269.5732588474527,285.7422152944074,540.8648454743012,16.16895644695474,0.0010988892618903504,0.3140967480442657,286.0563120424517,51837,113293377,549.0559258375713,263.3137105431639,0.3140967480442657,0.3140967480442657
2024-10-01,violent,268.2997998321674,270.73317165002345,511.6687061559396,2.4333718178560537,0.051254893317327174,14.23478969727408,284.96796134729755,51575,113293377,546.2808298140852,275.5476581640618,14.23478969727408,14.23478969727408
2024-11-01,violent,266.95272785099047,260.3028038154239,491.759898747274,-6.649924035566617,4.517725394076939e-4,0.11759869993499408,260.4204025153589,46136,113293377,488.6711074028625,228.36830358743862,0.11759869993499408,0.11759869993499408
2024-12-01,violent,265.621257649542,253.2029786775772,476.1516786320281,-12.418278971964753,-0.0049537420596347794,-1.25093792173851,251.95204075583868,44519,113293377,471.54389263195856,218.34091395438136,-1.25093792173851,-1.25093792173851
2025-01-01,violent,264.2190054338679,241.8842341812178,451.6641861014231,-22.334771252650096,-0.032825740161650546,-7.809601010665785,234.074633170552,41670,113293377,441.3673713689371,199.48313718771928,-7.809601010665785,-7.809601010665785
2025-02-01,violent,262.79230860153166,233.2698819681785,433.81073995728735,-29.52242663335315,-0.08614859311270749,-19.251153483096385,214.01872848508214,37622,113293377,398.49107860912295,165.22119664094444,-19.251153483096385,-19.251153483096385
2025-03-01,violent,261.48464831739904,240.543221248823,447.2893627065436,-20.941427068576058,0.06552263524360015,16.285356278868992,256.82857752769195,44682,113293377,473.2703836694708,232.7271624206478,16.285356278868992,16.285356278868992
2025-04-01,violent,260.0179706044261,260.5087669081733,485.51369304758003,0.490796303747145,0.0012588822318131423,0.328085040270272,260.83685194844355,45657,113293377,483.5975539858787,223.08878707770538,0.328085040270272,0.328085040270272
2025-05-01,violent,258.5817860414214,274.946562192357,514.982007975004,16.36477615093565,0.019735709173528734,5.478884337734708,280.42544653009173,49276,113293377,521.9298918064734,246.98332961411637,5.478884337734708,5.478884337734708
2025-06-01,violent,257.08255698908994,276.58031651235666,521.0788617662325,19.497759523266712,-0.024829814638851876,-6.78135566692605,269.7989608454306,48737,113293377,516.220820216172,239.64050370381534,-6.78135566692605,-6.78135566692605
2025-07-01,violent,255.61908366874331,276.19082236618124,520.7769156939175,20.57173869743792,0.007215738067399449,1.9996644723586465,278.19048683853987,49783,113293377,527.3000203710054,251.10919800482418,1.9996644723586465,1.9996644723586465
2025-08-01,violent,254.09592913812594,276.0934152127907,517.3057950420748,21.997486074664785,-0.007075986476340704,-1.9462928613204058,274.14712235147033,47971,113216385,508.4529063527333,232.35949113994258,-1.9462928613204058,-1.9462928613204058
2025-09-01,violent,252.56381745072363,267.71277826415013,498.4357914730841,15.148960813426516,-0.023480670515009218,-6.211495269312604,261.50128299483754,45595,113293377,482.94085187345064,215.2280736093005,-6.211495269312604,-6.211495269312604
2025-10-01,violent,251.07457816583283,253.35175710705346,471.0020066434935,2.2771789412206385,0.0052928713347308925,1.3442279134352146,254.69598502048868,44767,113293377,474.1707010816705,220.818943974617,1.3442279134352146,1.3442279134352146
2025-11-01,violent,249.53092918068978,243.31490272190447,451.91068100342414,-6.216026458785359,-0.009467905681769213,-2.2923508455313875,241.0225518763731,41708,113293377,441.76986621203815,198.45496349013368,-2.2923508455313875,-2.2923508455313875
2025-12-01,violent,248.0343341818601,236.43811396634487,436.9114376956831,-11.596220215515215,-0.032059203726234796,-7.4583776534564326,228.97973631288843,40105,113293377,424.7909390149082,188.35282504856332,-7.4583776534564326,-7.4583776534564326
2026-01-01,violent,246.48693365270725,225.6507952383724,414.3740966418289,-20.836138414334833,-0.017427903074276985,-3.897829309788272,221.75296592858413,38653,113293377,409.411399220627,183.7606039822546,-3.897829309788272,-3.897829309788272
2026-02-01,violent,244.9404989741866,217.42320419439696,398.2092687160503,-27.517294779789633,-0.03372774654033467,-7.209644145907178,210.21356004848977,35925,113293377,380.5165062737957,163.09330207939874,-7.209644145907178,-7.209644145907178
2026-03-01,violent,243.54611012912656,224.04105204255114,410.44291579432985,-19.505058086575417,0.0812941326516713,18.97017016788035,243.0112222104315,43083,113293377,456.33382435056194,232.2927723080108,18.97017016788035,18.97017016788035
2026-04-01,violent,242.00665639544792,242.4634623565,445.15803923200673,0.456805961052088,0.031122333368702793,7.663083816326401,250.1265461728264,43552,113293377,461.301458071993,218.837995715493,7.663083816326401,7.663083816326401
2026-05-01,violent,240.52282777256448,255.74495649741684,472.3581774504788,15.222128724852348,0.03974437222658427,10.366815374570736,266.11177187198757,46717,113293377,494.82504171448613,239.0800852170693,10.366815374570736,10.366815374570736
2026-06-01,violent,238.99740002687042,257.1238317032315,478.6975028725164,18.126431676361012,-0.052040630982649175,-13.036021384346663,244.08781031888478,43343,113293377,459.0877364349374,201.96390473170595,-13.036021384346663,-13.036021384346663
2017-01-01,property,2107.6741624052256,2021.812218295089,2588.575497061774,-85.86194411013678,0.03653025249493854,75.09145567207564,2096.9036739671647,266584,116962443,2735.0728301733575,713.2606118782685,75.09145567207564,75.09145567207564
2017-02-01,property,2099.565814340997,1894.5572781221847,2432.806953494116,-205.00853621881208,-0.03769716454568966,-69.98346912585346,1824.5738089963313,229570,116962443,2355.3201603355706,460.76288221338586,-69.98346912585346,-69.98346912585346
2017-03-01,property,2092.257530977208,1906.2330027408364,2440.959798050998,-186.0245282363714,0.018003262345442136,34.573189641902424,1940.8061923827388,242972,116962443,2492.8207082678664,586.58770552703,34.573189641902424,34.573189641902424
2017-04-01,property,2084.1707297296266,2007.3470632795013,2563.8231016017876,-76.8236664501252,-0.01723027961063083,-34.23449893142135,1973.11256434808,246555,116962443,2529.5812263428866,522.2341630633853,-34.23449893142135,-34.23449893142135
2017-05-01,property,2076.337104033432,2081.792211147968,2660.3542414835665,5.455107114536381,0.027133013361960574,57.156521068648,2138.948732216616,265896,116962443,2728.0141540819213,646.2219429339534,57.156521068648,57.156521068648
2017-06-01,property,2068.221574649411,2124.2302364638313,2716.8332758323936,56.00866181441985,0.008650468357106573,18.422342093242417,2142.6525785570734,264724,116962443,2715.98978143779,591.7595449739588,18.422342093242417,18.422342093242417
2017-07-01,property,2060.3356295540448,2180.9072212024726,2789.0557424645663,120.5715916484277,0.021467555156527252,47.2370313084545,2228.144252510927,276027,116962443,2831.9552114690355,651.0479902665629,47.2370313084545,47.2370313084545
2017-08-01,property,2052.1411081304677,2199.5110002859287,2819.251042888927,147.36989215546112,0.024047063445407968,53.432349504281895,2252.9433497902105,278525,116962443,2857.5839511149743,658.0729508290456,53.432349504281895,53.432349504281895
2017-09-01,property,2043.887702717406,2136.7665585335494,2752.304276363594,92.87885581614327,-0.018236753560004645,-38.54699516342595,2098.2195633701235,260320,116962443,2670.806046689705,534.0394881561556,-38.54699516342595,-38.54699516342595
2017-10-01,property,2035.8328451531036,2081.6850429562587,2690.759715353215,45.85219780315498,0.03867980890772027,81.9486637688869,2163.6337067251457,271348,116962443,2783.9500582251003,702.2650152688416,81.9486637688869,81.9486637688869
2017-11-01,property,2027.4277469332337,2090.7622824353625,2707.6296905260688,63.33453550212845,-0.027374775641307143,-56.36214719743279,2034.4001352379296,255272,116962443,2619.0150628095207,528.2527803741582,-56.36214719743279,-56.36214719743279
2017-12-01,property,2019.2035877075978,2064.0105358699097,2685.0903684681602,44.806948162311784,-0.014335335034146567,-29.32740225977436,2034.6831336101352,256679,116962443,2633.4504658046517,569.4399299347419,-29.32740225977436,-29.32740225977436
2018-01-01,property,2010.6007330990174,1928.6869768732495,2526.5221084929094,-81.91375622576781,0.011020454540350041,21.33782764811385,1950.0248045213634,248995,116962443,2554.614903178792,625.9279263055423,21.33782764811385,21.33782764811385
2018-02-01,property,2001.880298861129,1806.3957153003437,2372.9373333120902,-195.4845835607852,-0.07492946048085387,-130.2234854107993,1676.1722298895445,213556,116962443,2191.0212665445097,384.625551244166,-130.2234854107993,-130.2234854107993
2018-03-01,property,1993.893404115204,1816.6012576670394,2378.547220122931,-177.2921464481647,0.0023389153409825066,4.247394627659735,1820.8486522946991,231778,116962443,2377.97358593134,561.3723282643007,4.247394627659735,4.247394627659735
2018-04-01,property,1984.9184894631828,1911.7474759945776,2495.4687405943687,-73.1710134686054,-0.04660964715369575,-86.92877690530572,1824.8186990892718,234752,116962443,2408.485944501005,496.7384685064276,-86.92877690530572,-86.92877690530572
2018-05-01,property,1976.090988806909,1981.2831574816023,2586.6068870281356,5.192168674693354,0.010182500365055275,20.243657391949206,2001.5268148735515,255296,116962443,2619.2612956964313,637.978138214829,20.243657391949206,20.243657391949206
2018-06-01,property,1966.8122447971937,2020.0793130372826,2637.614692768888,53.26706824008864,-0.018281972061886507,-36.53500472431447,1983.544308312968,251907,116962443,2584.4911601239382,564.4118470866556,-36.53500472431447,-36.53500472431447
2018-07-01,property,1957.6714173143368,2072.2454546553627,2702.7007694003337,114.57403734102586,0.012257780157167374,25.512770208862765,2097.7582248642257,265488,116962443,2723.8281950044425,651.5827403490798,25.512770208862765,25.512770208862765
2018-08-01,property,1948.0495002428245,2087.957316693743,2726.294051435991,139.9078164509183,0.005734285410443461,11.986324749526343,2099.9436414432694,267157,116962443,2740.9516403483467,652.9943236546037,11.986324749526343,11.986324749526343
2018-09-01,property,1938.2388114559449,2026.3248646406014,2655.8600120028977,88.08605318465658,-0.03397049341685301,-67.56872671286928,1958.7561379277322,250490,116962443,2569.9531600925948,543.6282954519934,-67.56872671286928,-67.56872671286928
2018-10-01,property,1928.5561139070821,1971.996140769026,2590.531664235883,43.44002686194381,0.02492585004504664,49.687548756567004,2021.683689525593,260280,116962443,2670.3956585448545,698.3995177758286,49.687548756567004,49.687548756567004
2018-11-01,property,1918.3471619787501,1978.2797712312324,2600.0175947998305,59.9326092524821,-0.06978516503586339,-133.14258791347996,1845.1371833177525,240178,116962443,2464.1550963500313,485.87532511879886,-133.14258791347996,-133.14258791347996
2018-12-01,property,1908.2741586136347,1950.6235457387093,2571.730891181315,42.3493871250743,-0.0011050584777920736,-2.1508644215887176,1948.4726813171203,250755,116962443,2572.671981552232,622.0484358135227,-2.1508644215887176,-2.1508644215887176
2019-01-01,property,1897.7189825402288,1820.3971462724755,2413.149291834109,-77.32183626775328,-6.646213257515829e-4,-1.2076392493324921,1819.189507023143,236827,116962443,2429.7748295151464,609.3776832426709,-1.2076392493324921,-1.2076392493324921
2019-02-01,property,1887.081103111839,1702.7907830125935,2259.755431956908,-184.29032009924552,-0.05939951964928636,-98.06825996911675,1604.7225230434767,207725,116962443,2131.1969347288687,428.4061517162752,-98.06825996911675,-98.06825996911675
2019-03-01,property,1877.456049506795,1710.5024467236908,2258.9714602380272,-166.9536027831038,0.016751032768500276,28.8521283821337,1739.3545751058246,224151,116962443,2299.7228264118935,589.2203796882027,28.8521283821337,28.8521283821337
2019-04-01,property,1866.8402906344256,1798.0155183388524,2363.1592710628274,-68.82477229557313,0.004061443854248785,7.30638006482447,1805.3218984036769,230839,116962443,2368.3397242309657,570.3242058921132,7.30638006482447,7.30638006482447
2019-05-01,property,1856.664641258692,1861.5435054179331,2442.661893061644,4.878864159241474,0.040876565573192594,77.54462707137795,1939.0881324893114,250171,116962443,2566.6803146374086,705.1368092194755,77.54462707137795,77.54462707137795
2019-06-01,property,1846.3103819205828,1896.319070548254,2484.074439790837,50.00868862767146,0.014704122344425325,28.04467314402098,1924.3637436922752,246120,116962443,2525.1182552676332,628.7991847193791,28.04467314402098,28.04467314402098
2019-07-01,property,1836.5013820756212,1943.9953686177569,2540.023529983702,107.49398654213566,0.0524870083980851,104.58087403577973,2048.5762426535366,264790,116962443,2716.6669218767943,772.6715532590374,104.58087403577973,104.58087403577973
2019-08-01,property,1826.640808894985,1957.8433709225758,2558.312164961313,131.20256202759103,0.024113721417698367,47.70484564692182,2005.5482165694978,260713,116962443,2674.838110212865,716.9947392902893,47.70484564692182,47.70484564692182
2019-09-01,property,1817.1169811433092,1899.7072066773696,2489.450092809003,82.59022553406045,1.6532150834371005e-4,0.3135911107764351,1900.020797788146,248205,116962443,2546.509737317987,646.8025306406173,0.3135911107764351,0.3135911107764351
2019-10-01,property,1808.2740765747367,1849.0089755135577,2426.5918418175324,40.73489893882112,0.060575743559976476,115.27802979116822,1964.287005304726,255743,116962443,2623.8473832151403,774.8384077015826,115.27802979116822,115.27802979116822
2019-11-01,property,1799.5764425890306,1855.8041890051002,2435.668218454535,56.2277464160695,-0.023763560264472582,-43.51483087948445,1812.2893581256158,238206,116962443,2443.9229608088813,588.1187718037811,-43.51483087948445,-43.51483087948445
2019-12-01,property,1791.6359867654646,1831.4008372420976,2411.199653648525,39.764850476632986,0.05790134646009506,108.9941109860746,1940.3949482281723,254825,116962443,2614.4289752908116,783.028138048714,108.9941109860746,108.9941109860746
2020-01-01,property,1783.9756920178834,1711.281663271076,2265.554604986618,-72.6940287468075,0.0965425677865605,173.17707369771682,1884.458736968793,247999,116962443,2544.3962383720045,833.1145751009285,173.17707369771682,173.17707369771682
2020-02-01,property,1776.921830606675,1603.3751501693573,2125.4311702610585,-173.5466804373177,0.03909465625586647,63.83600462334001,1667.2111547926975,220467,116962443,2261.9260782711253,658.550928101768,63.83600462334001,63.83600462334001
2020-03-01,property,1770.9188944715238,1613.426397156743,2129.204491527897,-157.4924973147809,0.018107673031045206,29.441151058769936,1642.867548215513,213141,116962443,2186.7634895416813,573.3370923849384,29.441151058769936,29.441151058769936
2020-04-01,property,1765.188784327468,1700.1062788695092,2233.7507562079536,-65.08250545795872,-0.09771736614269416,-158.067688195069,1542.0385906744402,200010,116962443,2052.0433212907496,351.93704242124045,-158.067688195069,-158.067688195069
2020-05-01,property,1760.367838418616,1764.9940307082907,2315.58065199006,4.626192289674657,-0.06230636890524844,-106.46714720419443,1658.5268835040963,212217,116962443,2177.2835233956253,412.2894926873346,-106.46714720419443,-106.46714720419443
2020-06-01,property,1756.1862231573725,1803.7575068941605,2363.1175839162506,47.57128373678804,-0.03854596834825713,-68.1059788747062,1735.6515280194544,220344,116962443,2260.6641347257087,456.9066278315481,-68.1059788747062,-68.1059788747062
2020-07-01,property,1752.9635427150188,1855.5754700439898,2426.7777787547807,102.6119273289712,-0.013766496997918962,-25.331053167554177,1830.2444168764357,229459,116962443,2354.1813332336087,498.60586318961896,-25.331053167554177,-25.331053167554177
2020-08-01,property,1750.537741482309,1876.282590385589,2456.892386088777,125.74484890327999,-6.882048638849162e-4,-1.2888056749974472,1874.9937847105914,236078,116962443,2422.090311502813,545.8077211172242,-1.2888056749974472,-1.2888056749974472
2020-09-01,property,1749.0857603852705,1828.5886013374975,2403.794633012234,79.502840952227,0.0018321281020867602,3.348160281185092,1831.9367616186826,230225,116962443,2362.040266207504,533.4516648700064,3.348160281185092,3.348160281185092
2020-10-01,property,1748.6611627905022,1788.0551686247873,2356.3051132847622,39.39400583428538,0.06392756860150416,117.85131341669943,1905.906482041487,241644,116962443,2479.1958218588165,691.1406532340293,117.85131341669943,117.85131341669943
2020-11-01,property,1749.2666272717136,1803.9248106390207,2380.323982911853,54.65818336730715,-1.6144703325788495e-4,-0.29077709627857096,1803.6340335427421,232458,116962443,2384.950184393806,581.0253737547853,-0.29077709627857096,-0.29077709627857096
2020-12-01,property,1750.798435306997,1789.6582617360518,2371.8474827521304,38.859826429054905,0.055954938385229386,102.83245191183843,1892.4907136478903,242674,116962443,2489.7633165887273,700.1050548526755,102.83245191183843,102.83245191183843
2021-01-01,property,1753.2681642898501,1681.8236596859736,2243.733647410794,-71.4445046038765,0.039800451499455484,68.1876725200703,1750.011332206044,228884,116962443,2348.282003651377,666.4583439654036,68.1876725200703,68.1876725200703
2021-02-01,property,1756.548199189475,1584.9887187385307,2119.52744199411,-171.55948045094425,-0.06791956744260869,-103.94884686136842,1481.0398718771623,195430,116962443,2005.0538787053208,420.06515996679013,-103.94884686136842,-103.94884686136842
2021-03-01,property,1760.1310984352433,1603.5967043777232,2137.1282427853207,-156.53439405751982,0.010024881957485215,16.134908994640956,1619.731613372364,210919,116962443,2163.9664280952134,560.3697237174902,16.134908994640956,16.134908994640956
2021-04-01,property,1764.7003706782991,1699.6358474870237,2257.748062562154,-65.06452319127547,-0.09180566374932568,-148.8952763220886,1550.740571164935,200922,116962443,2061.4001709933505,361.7643235063267,-148.8952763220886,-148.8952763220886
2021-05-01,property,1769.6414862904046,1774.2920133530365,2355.7335055360118,4.650527062631786,-0.03295314866558285,-57.433354558576816,1716.8586587944596,224660,116962443,2304.9450155551212,530.6530022020847,-57.433354558576816,-57.433354558576816
2021-06-01,property,1775.1940561188894,1823.2794374538812,2420.0742586210145,48.08538133499159,-0.04488186896486291,-79.90670782751387,1743.3727296263673,225820,116962443,2316.8462717557977,493.5668343019165,-79.90670782751387,-79.90670782751387
2021-07-01,property,1780.9131536836205,1885.158572706517,2501.017660151178,104.24541902289653,-0.03191516830704917,-59.125088037789965,1826.033484668727,238914,116962443,2451.186830972742,566.0282582662251,-59.125088037789965,-59.125088037789965
2021-08-01,property,1787.0885014769901,1915.4546721967592,2547.7462708867884,128.36617071976912,-0.04787562860078227,-89.4067712284721,1826.0479009682872,239196,116962443,2454.080067393941,538.6253951971819,-89.4067712284721,-89.4067712284721
2021-09-01,property,1793.4395970426972,1874.9553400577713,2506.9333876979695,81.5157430150741,-0.027108564685340567,-50.06834635232788,1824.8869937054435,240533,116962443,2467.797291135583,592.8419510778115,-50.06834635232788,-50.06834635232788
2021-10-01,property,1799.662230116676,1840.2034283710263,2469.8276677155764,40.541198254350356,0.03702846909208954,69.30672987132385,1909.5101582423501,253739,116962443,2603.2869371581096,763.0835087870832,69.30672987132385,69.30672987132385
2021-11-01,property,1806.0759580993854,1862.5064661396666,2506.242847073407,56.43050804028122,-0.014743288729228714,-27.21635159233099,1835.2901145473356,243027,116962443,2493.384991967037,630.8785258273704,-27.21635159233099,-27.21635159233099
2021-12-01,property,1812.174504442613,1852.3944967446046,2505.998380776498,40.21999230199164,0.02972733526179272,55.80453752447034,1908.199034269075,251829,116962443,2583.6909032414787,731.2964064968742,55.80453752447034,55.80453752447034
2022-01-01,property,1818.2665160151914,1744.1772274480843,2377.181897038048,-74.08928856710695,0.01699040663543509,29.843277284814352,1774.0205047328986,240267,116962443,2465.0682099723244,720.8909825242401,29.843277284814352,29.843277284814352
2022-02-01,property,1824.0444934292861,1645.901804244846,2250.257456093335,-178.14268918444003,-0.0050380161907906205,-8.259939398775826,1637.6418648460701,220174,116962443,2258.9199851100925,613.0181808652464,-8.259939398775826,-8.259939398775826
2022-03-01,property,1828.9077488423993,1666.265320960946,2271.9718585259952,-162.64242788145373,0.08875026794088456,154.40764639312832,1820.6729673540742,244311,116962443,2506.558451416751,840.2931304558049,154.40764639312832,154.40764639312832
2022-04-01,property,1833.8027503558453,1766.1941770776352,2402.4812573043996,-67.60857327821005,0.024624443138018735,43.96502818858391,1810.1592052662193,238702,116962443,2449.0117738050326,682.8175967273974,43.96502818858391,43.96502818858391
2022-05-01,property,1837.9550164272084,1842.7847918486987,2507.797888277827,4.829775421489983,0.03373195622609507,63.120614762089254,1905.9054066107878,251064,116962443,2575.8422299712056,733.0574381225069,63.120614762089254,63.120614762089254
2022-06-01,property,1841.539272195374,1891.4189357733214,2575.503919756489,49.87966357794769,0.008942727119865553,16.963280002206798,1908.3822157755283,251089,116962443,2576.0987225617373,684.6797867884159,16.963280002206798,16.963280002206798
2022-07-01,property,1844.2265371732012,1952.171955301506,2658.2394654601453,107.94541812830472,0.01970356761452319,38.781748891338495,1990.9537041928445,265183,116962443,2720.698985399955,768.5270300984489,38.781748891338495,38.781748891338495
2022-08-01,property,1846.0942481584516,1978.6917894632313,2701.679330155869,132.59754130477958,0.00839953442810671,16.66233396461266,1995.354123427844,264668,116962443,2715.4152380349988,736.7234485717674,16.66233396461266,16.66233396461266
2022-09-01,property,1846.9354153139725,1930.8787416969044,2650.303705046063,83.94332638293193,-0.03927295885037455,-74.24651282513821,1856.6322288717663,250012,116962443,2565.0490217616266,634.1702800647222,-74.24651282513821,-74.24651282513821
2022-10-01,property,1846.695681783736,1888.2947382636999,2601.4174634636624,41.59905647996357,0.0014615361382555115,2.7574764622969803,1891.052214725997,257346,116962443,2640.2936881200408,751.9989498563409,2.7574764622969803,2.7574764622969803
2022-11-01,property,1845.3677920747368,1903.0240163406966,2627.138261983862,57.65622426595947,-0.07254558408163612,-132.97081521781257,1770.0532011228838,240134,116962443,2463.703669390695,560.6796530499983,-132.97081521781257,-132.97081521781257
2022-12-01,property,1843.0685549225661,1883.9731417434737,2612.4834667985974,40.90458682090735,-0.03235420763462921,-59.88776835460135,1824.0853733888723,247180,116962443,2535.9935411061824,652.0203993627088,-59.88776835460135,-59.88776835460135
2023-01-01,property,1839.678861677029,1764.718364787489,2462.7103391056667,-74.96049688953997,0.028343306715149817,50.656785302535205,1815.3751500900244,248843,116962443,2553.055428228359,788.3370634408698,50.656785302535205,50.656785302535205
2023-02-01,property,1835.2949704830628,1656.0550382439192,2315.665040940978,-179.23993223914374,-0.036321411338168706,-58.99237467582386,1597.0626635680953,219152,116962443,2248.4345680091515,592.3795297652323,-58.99237467582386,-58.99237467582386
2023-03-01,property,1830.5123488830834,1667.7274245878502,2323.483013933441,-162.78492429523297,0.04164170079217649,70.81049560264613,1738.5379201904964,239237,116962443,2454.500715242413,786.773290654563,70.81049560264613,70.81049560264613
2023-04-01,property,1824.3421405488305,1757.0818491926555,2440.3034146249806,-67.2602913561751,-0.011541422275732655,-20.13346240651555,1736.94838678614,236312,116962443,2424.491082150191,667.4092329575353,-20.13346240651555,-20.13346240651555
2023-05-01,property,1817.5318206183774,1822.3080096214812,2530.831066886331,4.7761890031037915,0.030101706453167412,55.60138745370141,1877.9093970751826,255759,116962443,2624.0115384730807,801.7035288515995,55.60138745370141,55.60138745370141
2023-06-01,property,1809.6671261912318,1858.684844680437,2580.986310553448,49.01771848920518,0.005088716488968484,9.467664262223074,1868.15250894266,254340,116962443,2609.453019034495,750.7681743540579,9.467664262223074,9.467664262223074
2023-07-01,property,1801.2941236792722,1906.730640556962,2644.7277350237064,105.43651687769002,0.008880284560442056,16.98045063459148,1923.7110911915534,266155,116962443,2730.6714173198316,823.9407767628695,16.98045063459148,16.98045063459148
2023-08-01,property,1791.8954895379231,1920.6063916894864,2667.7712629069347,128.71090215156346,0.006402824318740113,12.316886539966674,1932.9232782294534,264584,116962443,2714.5534229308123,793.9470312413259,12.316886539966674,12.316886539966674
2023-09-01,property,1781.7799742221607,1862.766585822297,2598.0681237709778,80.98661160013633,-0.038024317885214,-69.39682971608183,1793.3697561062152,245903,116962443,2522.891899581817,660.1253137595202,-69.39682971608183,-69.39682971608183
2023-10-01,property,1771.3482687357648,1811.2525992971273,2532.77374834169,39.904330561362464,0.02706912456819143,49.62156780586131,1860.8741671029886,256712,116962443,2633.7890360241536,822.5364367270263,49.62156780586131,49.62156780586131
2023-11-01,property,1759.9463886268552,1814.9377700244438,2540.214181814004,54.99138139758849,-0.03151690779782327,-56.22669275893348,1758.7110772655103,241056,116962443,2473.163116129508,658.2253461050643,-56.22669275893348,-56.22669275893348
2023-12-01,property,1748.349560816237,1787.1551143472611,2509.885179438396,38.80555353102423,0.011484174226719861,20.61120668920913,1807.7663210364703,246567,116962443,2529.704342786342,742.5492284390807,20.61120668920913,20.61120668920913
2024-01-01,property,1735.8258658293457,1665.0911355380006,2351.1720362425003,-70.734730291345,-0.01029251156562104,-17.026658851987136,1648.0644766860134,230508,116962443,2364.943762332324,699.8526267943232,-17.026658851987136,-17.026658851987136
2024-02-01,property,1722.7945753998843,1554.5274848727913,2197.622001944098,-168.26709052709302,0.012008147873595,18.754902656883345,1573.2823875296747,216932,116962443,2225.6580259699263,671.1305410971349,18.754902656883345,18.754902656883345
2024-03-01,property,1710.181340547335,1558.083370660279,2193.486774510836,-152.09796988705597,0.03952107125440804,62.72527423265388,1620.8086448929328,223180,116962443,2289.760654195638,731.677283535359,62.72527423265388,62.72527423265388
2024-04-01,property,1696.2853157131842,1633.7398171283917,2292.2284137560473,-62.54549858479234,-0.009102714582230385,-14.78401430272504,1618.9558028256668,221622,116962443,2273.776035953695,640.0362188253034,-14.78401430272504,-14.78401430272504
2024-05-01,property,1682.4686074142126,1686.8903711333867,2366.597928696703,4.421763719174125,0.02616994833274524,44.66401148844577,1731.5543826218325,238012,116962443,2441.932578306354,755.0422071729674,44.66401148844577,44.66401148844577
2024-06-01,property,1667.8488480822152,1713.0306844106806,2402.2064351212666,45.18183632846529,-0.017449724258704932,-29.59105004685745,1683.439634363823,232558,116962443,2385.9761547559333,672.9454703452527,-29.59105004685745,-29.59105004685745
2024-07-01,property,1653.4056277759132,1750.1983194427355,2450.109152198355,96.79269166682222,0.007967246292359263,13.979375559553755,1764.1776950022893,243906,116962443,2502.4032714501354,752.2049520073999,13.979375559553755,13.979375559553755
2024-08-01,property,1638.2132649578855,1755.9014313268242,2459.824100851688,117.68816636893841,-0.0018356274975769448,-3.2155211114624773,1752.6859102153617,240314,116962443,2465.550416042524,709.6489847156997,-3.2155211114624773,-3.2155211114624773
2024-09-01,property,1622.784070929306,1696.5541306585417,2384.7166932594237,73.7700597292357,-0.012969847522776098,-21.831458114130417,1674.7226725444111,231094,116962443,2370.9559486543894,674.4018179958478,-21.831458114130417,-21.831458114130417
2024-10-01,property,1607.65366105377,1643.875394414128,2314.8090160470892,36.2217333603582,0.053475619893573634,90.16967948505105,1734.045073899179,238040,116962443,2442.2198500077498,798.3444555936217,90.16967948505105,90.16967948505105
2024-11-01,property,1591.8385315742523,1641.5844018385649,2311.526844304889,49.745870264312614,-0.020720994766887706,-33.62015788524308,1607.9642439533218,219461,116962443,2251.6048164281246,610.0204145895598,-33.62015788524308,-33.62015788524308
2024-12-01,property,1576.3825415924423,1611.376328026284,2274.721520027099,34.993786433841834,0.023450366845733265,38.18135601406473,1649.5576840403487,225613,116962443,2314.722513106194,703.3461850799101,38.18135601406473,38.18135601406473
2025-01-01,property,1560.2792369356082,1496.6890791290073,2122.6216367120737,-63.590157806601034,-0.030620421455878795,-45.080103801083645,1451.6089753279234,202528,116962443,2077.8772550091144,581.1881758801071,-45.080103801083645,-45.080103801083645
2025-02-01,property,1544.0653180039644,1393.2345981782887,1976.9328174485229,-150.83071982567577,-0.06801279236694546,-91.50786069359934,1301.7267374846892,180864,116962443,1855.6110357578627,462.37643757957403,-91.50786069359934,-91.50786069359934
2025-03-01,property,1529.3447474125408,1393.311095827289,1967.7816289644866,-136.0336515852517,0.05211449805974537,74.44590184875972,1467.7569976760485,202388,116962443,2076.4408965021357,683.1298006748468,74.44590184875972,74.44590184875972
2025-04-01,property,1512.9838795753387,1457.188859854458,2049.936774407444,-55.79501972088081,-0.012754752054990397,-18.44591218706417,1438.7429476673938,198374,116962443,2035.2584461663475,578.0695863118895,-18.44591218706417,-18.44591218706417
2025-05-01,property,1497.10755468381,1501.0427737541668,2110.519339064677,3.935219070356957,0.023919960983003023,36.2911980757984,1537.3339718299653,210769,116962443,2162.4274725520227,661.3846987978559,36.2911980757984,36.2911980757984
2025-06-01,property,1480.677914159701,1520.7957459570703,2136.7264330384182,40.11783179736937,-0.02029340698242366,-30.513144280711753,1490.2826016763584,205603,116962443,2109.425843644528,588.6300976874577,-30.513144280711753,-30.513144280711753
2025-07-01,property,1464.7739371847135,1550.5381525037565,2174.4280418015915,85.76421531904296,0.009679714255202995,15.061964973315645,1565.600117477072,214109,116962443,2196.6948826470734,646.156730143317,15.061964973315645,15.061964973315645
2025-08-01,property,1448.3544953805222,1552.4210013869051,2178.2729840224415,104.0665060063826,-0.01163931463475911,-17.94139558265349,1534.4796058042516,209396,116962443,2148.340899480015,595.9198980931101,-17.94139558265349,-17.94139558265349
2025-09-01,property,1431.9686789015652,1497.0753076373842,2107.4041639931347,65.10662873581916,-0.017196587223793587,-25.493188885154694,1471.5821187522297,201627,116962443,2068.6332620463477,571.5579544089635,-25.493188885154694,-25.493188885154694
2025-10-01,property,1416.1605830164422,1448.0730363152782,2041.8064636724191,31.91245329883614,0.030102170659682525,44.197822546934546,1492.2708588622127,204653,116962443,2099.679125204319,651.6060888890408,44.197822546934546,44.197822546934546
2025-11-01,property,1399.89331943517,1443.6480172483164,2035.2183618274667,43.754697813146166,-0.06609010833296837,-92.2223451588133,1351.4256720895028,186646,116962443,1914.9326420960615,471.28462484774514,-92.2223451588133,-92.2223451588133
2025-12-01,property,1384.2319726182104,1414.9652849883312,1999.5922583806314,30.733312370120807,-0.008609261025053052,-12.115337558801613,1402.8499474295297,194356,116962443,1994.0349570160738,579.0696720277426,-12.115337558801613,-12.115337558801613
2026-01-01,property,1368.1480356311545,1312.3797304081147,1863.5061131233813,-55.768305223039604,-0.028587094090597856,-36.946632818912576,1275.4330975892021,179160,116962443,1838.1285007872143,525.7487703790996,-36.946632818912576,-36.946632818912576
2026-02-01,property,1352.1803173625556,1220.0746399291502,1734.2302563735218,-132.1056774334052,-0.046777418250752455,-55.70357279965853,1164.3710671294918,161847,116962443,1660.5022519921204,440.4276120629702,-55.70357279965853,-55.70357279965853
2026-03-01,property,1337.8699105571739,1218.850428826096,1725.3081236406713,-119.0194817310781,0.0647410670494814,81.43172074979148,1300.2821495758874,181673,116962443,1863.9111359874726,645.0607071613765,81.43172074979148,81.43172074979148
2026-04-01,property,1322.163134336304,1273.3976243585334,1796.2428305951012,-48.7655099777707,0.017248976159644342,22.131415300455718,1295.5290396589892,181241,116962443,1859.4789440230827,586.0813196645493,22.131415300455718,22.131415300455718
2026-05-01,property,1307.1120916917218,1310.548444668811,1848.5878440645706,3.436352977089115,0.04091717856154317,54.67385982295455,1365.2223044917655,190383,116962443,1953.2731545287575,642.7247098599464,54.67385982295455,54.67385982295455
2026-06-01,property,1291.7256794876046,1326.7296626609339,1871.8473237489363,35.00398317332924,-0.00224046901068178,-2.9658938878900956,1323.7637687730437,184679,116962443,1894.7518050730182,568.0221424120843,-2.9658938878900956,-2.9658938878900956
